date,open,high,low,close,volume
2005-09-15,25.207929685529542,25.260969778823593,24.53165142385308,24.538280487060547,1529800.0
2005-09-16,24.531657089969535,24.531657089969535,24.266448974609375,24.266448974609375,62400.0
2005-09-19,24.266450836598263,24.332754135131836,24.166999682616243,24.332754135131836,1162300.0
2005-09-20,24.266450836598263,24.531658972308108,24.266450836598263,24.332754135131836,654900.0
2005-09-21,24.266457394178065,24.266457394178065,23.868647612324487,24.13385581970215,424300.0
2005-09-22,24.133845302513542,24.66425895690918,24.133845302513542,24.66425895690918,864800.0
2005-09-23,24.664257622915272,25.26097200338197,24.664257622915272,24.982505798339844,1249900.0
2005-09-26,25.02890968322754,25.294117684932875,25.02890968322754,25.02890968322754,821400.0
2005-09-27,25.02890012088238,25.12835371582816,24.62445921094419,24.697391510009766,1514000.0
2005-09-28,24.69077587580565,24.796858587797036,24.399046520920823,24.53165054321289,875700.0
2005-09-29,24.4719853904741,24.4719853904741,24.034393770578262,24.266448974609375,2659200.0
2005-09-30,24.26644417521691,24.26644417521691,23.603426547159494,23.73603057861328,4014800.0
2005-10-03,23.40452540150313,23.802337557682048,22.655314657196296,23.006715774536133,10007600.0
2005-10-04,22.542594300099857,22.741499038082075,22.045331190538832,22.476293563842773,8040300.0
2005-10-05,22.542600133814815,22.60890088722962,22.09174792880159,22.310544967651367,6304400.0
2005-10-06,22.144789251396652,22.310543654388507,22.0188142864275,22.124897003173828,7552200.0
2005-10-07,22.06522788289902,22.277393341064453,21.965776747065593,22.277393341064453,7055200.0
2005-10-10,22.277389185547925,22.277389185547925,21.87957965799615,21.89946937561035,3400800.0
2005-10-11,21.906104672876992,22.138159848330716,21.866322701708473,21.87958335876465,3675400.0
2005-10-12,21.813281931831067,22.078487477163005,21.693938551207623,21.727088928222656,4134500.0
2005-10-13,21.56795806622268,21.680672354324997,21.53480769767882,21.581218719482422,3184100.0
2005-10-14,21.56132686892093,21.713820572489613,21.468504834506145,21.475133895874023,2487500.0
2005-10-17,21.441992760225087,21.727090576767175,21.216566638522313,21.534814834594727,1910400.0
2005-10-18,21.415462604047708,21.581216962483385,21.316011506512773,21.50165557861328,1737900.0
2005-10-19,21.4022025786697,21.985658645629883,21.355791559285347,21.985658645629883,1784400.0
2005-10-20,21.985657196808262,22.582373877014223,21.945875241724295,22.26412582397461,2789600.0
2005-10-21,22.396732145911837,22.874105593737436,22.297281030422337,22.5425968170166,2881800.0
2005-10-24,23.371370361369237,24.1868817045159,23.15920493205684,24.060909271240234,4013400.0
2005-10-25,23.43103910957699,24.8432671264123,23.391257148112928,24.650991439819336,2900400.0
2005-10-26,24.432196894191,25.009024011779804,24.332745774380466,24.53165054321289,2208000.0
2005-10-27,24.498502464291978,24.531652840666776,23.736031161613646,24.054279327392578,2033000.0
2005-10-28,24.200131082668708,24.664243691466044,24.00785546157677,24.59794044494629,1430200.0
2005-10-31,24.670887251449777,24.929463741825607,24.505132831546117,24.677518844604492,1211600.0
2005-11-01,24.46534570389748,24.5051251334825,24.173616397815657,24.239919662475586,1574900.0
2005-11-02,24.086965990963115,24.53917868208946,24.06036464752186,24.472675323486328,1201600.0
2005-11-03,24.419470420007563,25.01798530986774,24.419470420007563,24.884981155395508,1887900.0
2005-11-04,24.82514779155971,24.88499703557918,24.618991093728162,24.71874237060547,1731900.0
2005-11-07,24.672184381195862,24.718735471448202,24.485980020186492,24.61898422241211,1658700.0
2005-11-08,24.37292649179667,24.738686121191378,24.37292649179667,24.57908058166504,2119200.0
2005-11-09,24.579078758107084,25.3904019948884,24.53917927881869,25.19089698791504,2152200.0
2005-11-10,25.104446492007366,26.135224582323623,25.104446492007366,25.882516860961914,2513200.0
2005-11-11,25.60320471826387,25.909112529431855,25.58325498092268,25.87586212158203,1229800.0
2005-11-14,25.802714618429423,26.201727199182184,25.609858664574457,26.16182518005371,1160000.0
2005-11-15,25.93572132804004,26.20172974101404,25.583262337167085,26.075374603271484,1793000.0
2005-11-16,26.168482605337786,26.600745738323464,25.9955788742504,26.487693786621094,2568800.0
2005-11-17,26.667235532732594,27.385456587606317,26.454429857994548,26.60073471069336,2628100.0
2005-11-18,26.90000030669592,27.179306874318826,26.361334378908946,26.54753875732422,1556000.0
2005-11-21,26.71379535822487,27.93078058721014,26.71379535822487,27.651473999023438,2906900.0
2005-11-22,27.531765178667346,28.190132031519926,27.458612742385036,28.030529022216797,2368700.0
2005-11-23,28.063778189591446,29.101205314453654,28.063778189591446,28.90835189819336,2149100.0
2005-11-25,29.32730661587733,29.427060377657654,28.562537077321167,28.89504623413086,468300.0
2005-11-28,28.861805686255845,29.393820011541674,28.6622980945348,29.19431495666504,2377400.0
2005-11-29,29.094556205015373,29.25416174383709,27.751218676956814,28.296533584594727,2962200.0
2005-11-30,28.52928297620839,28.762038341110145,27.465252290038272,27.96401596069336,2761100.0
2005-12-01,27.897536026726694,29.181022369182294,27.857633989954433,28.80196189880371,1833000.0
2005-12-02,28.762036095790112,29.08789611805739,28.329773266896524,28.748735427856445,1057900.0
2005-12-05,28.74209578881025,29.061304313379495,28.535939173490096,28.941600799560547,1042900.0
2005-12-06,29.06129751316811,29.154399660609847,28.914992688992093,29.001445770263672,1154900.0
2005-12-07,28.98814753723357,29.779518393838107,28.742091478767193,28.835193634033203,2063900.0
2005-12-08,29.0280704498291,29.294076436863655,28.80196396558482,29.0280704498291,1227800.0
2005-12-09,29.021402421182813,29.274110122202337,28.83519808192835,29.10120391845703,515400.0
2005-12-12,29.094561770189305,29.101210839525212,28.515996337875702,28.6822509765625,1504900.0
2005-12-13,28.529295310024313,28.841852287039757,28.26993595820885,28.482744216918945,1321300.0
2005-12-14,28.482755349279486,28.61575707479551,27.611579840815835,27.618228912353516,1701600.0
2005-12-15,27.551710623795024,27.86427006213095,27.325604281841233,27.392105102539062,1220600.0
2005-12-16,27.558362839708778,28.203431528921236,27.538413098588887,28.10367774963379,1305600.0
2005-12-19,28.13693863119979,28.34974438593927,27.34556485247043,27.471920013427734,676200.0
2005-12-20,27.432011646710396,28.19678389523512,27.26575703066973,27.644817352294922,1121000.0
2005-12-21,27.644818084335075,28.329786308770604,27.24580801000925,27.63151741027832,1313300.0
2005-12-22,27.644818779979392,28.19013374580741,27.398762645848272,27.884225845336914,808300.0
2005-12-23,26.21502799345211,28.303188209712573,26.21502799345211,27.884225845336914,576000.0
2005-12-27,27.864277332183967,27.983980870146798,27.132755429428403,27.19925880432129,941900.0
2005-12-28,27.19924856684933,27.48520662914664,27.132745216987516,27.298999786376953,562800.0
2005-12-29,27.365500277250916,27.378798408990562,26.986440101592468,27.159343719482422,718300.0
2005-12-30,26.93990775578774,27.318970767469516,26.906657326509027,27.26576805114746,511700.0
2006-01-03,27.4652639136824,28.06378158650598,27.199258032195257,27.997278213500977,1351600.0
2006-01-04,28.595783213082218,29.52015812500555,28.515981737687376,28.875089645385742,3492100.0
2006-01-05,28.954890084220253,29.59330688227652,28.708831548784584,29.21424674987793,1777200.0
2006-01-06,29.220904997749898,29.393811187086563,28.848496350274583,28.99479866027832,2265200.0
2006-01-09,28.994802942902922,29.99233060199606,28.994802942902922,29.985681533813477,1310800.0
2006-01-10,29.792834028812635,29.839385129827843,29.566727593805325,29.699731826782227,1254200.0
2006-01-11,29.746278821374354,29.77952924081723,29.234214244052005,29.39381980895996,915500.0
2006-01-12,29.400472255537963,29.646530968739306,29.227568532465774,29.36722183227539,1161500.0
2006-01-13,29.32731162151634,29.427065400322824,29.06795484083226,29.18100929260254,907200.0
2006-01-17,29.028061500957925,29.19431614291795,28.5758486718791,28.948257446289062,684400.0
2006-01-18,28.795301136754855,29.1943137670941,28.110332879412297,28.143583297729492,976600.0
2006-01-19,28.23003505052838,28.535942943213534,27.950725969104926,28.32978630065918,947100.0
2006-01-20,28.263282942870752,28.29653335661122,27.850972231432237,28.063777923583984,1223300.0
2006-01-23,28.22338042913079,29.19430923648881,28.210079756499155,28.928300857543945,1574200.0
2006-01-24,27.997267388260006,29.06129811333026,27.724610006474144,28.914993286132812,2090500.0
2006-01-25,28.921646144188788,28.921646144188788,28.55588406032482,28.73543930053711,1058600.0
2006-01-26,29.22755481064242,29.46031020105055,28.60243598467175,28.795291900634766,1300600.0
2006-01-27,28.515989685841582,29.0546529659503,27.771167251744306,28.196781158447266,2305000.0
2006-01-30,28.19678464189145,28.23003505861124,27.598266993558532,27.63151741027832,1937300.0
2006-01-31,27.60484806437828,27.638186742917423,27.0114083946378,27.13142967224121,2449400.0
2006-02-01,27.16476704935,28.751710306678433,26.871380615145124,27.504825592041016,1414900.0
2006-02-02,27.53815942339351,28.464988127937637,27.53815942339351,28.344966888427734,1530900.0
2006-02-03,28.104934789001042,28.705038610289876,27.718199010847275,28.404985427856445,2156700.0
2006-02-06,28.40498267788613,28.971750310629506,28.26495872083267,28.89173698425293,1148500.0
2006-02-07,28.79170298627059,29.205107918472304,28.71835641658168,29.03841209411621,773400.0
2006-02-08,28.938412692825064,29.30514320764559,28.938412692825064,29.211793899536133,923500.0
2006-02-09,29.305134781374576,29.498502603188523,29.158441600194738,29.28512954711914,514700.0
2006-02-10,29.138444208528874,29.298470850211345,28.85839377021814,29.051761627197266,659700.0
2006-02-13,29.058414032000517,29.065080745046174,28.578329298276888,28.591665267944336,712100.0
2006-02-14,28.551668929769264,29.41182024508298,28.35830110659136,29.298465728759766,1260200.0
2006-02-15,29.071761874319364,29.078431134248333,28.51166358842328,28.85172462463379,1072400.0
2006-02-16,28.865066675077195,28.991754661035653,28.518338849552126,28.958415985107422,720500.0
2006-02-17,28.945075868532765,29.51184090903158,28.945075868532765,29.35181427001953,758500.0
2006-02-21,28.765039240866464,29.571846650201298,28.765039240866464,29.28512954711914,436000.0
2006-02-22,29.39181798521122,30.438667879727355,29.39181798521122,30.31197738647461,1485900.0
2006-02-23,29.725217420249365,31.505528609655375,29.725217420249365,30.952096939086914,1164800.0
2006-02-24,30.371993629712463,30.992102604850444,30.371993629712463,30.845409393310547,869000.0
2006-02-27,30.805407556890575,31.312162051495772,30.585367714200473,31.205476760864258,938400.0
2006-02-28,30.61870509847093,31.445517973656543,30.24530786880724,30.325321197509766,1065900.0
2006-03-01,30.398674469071967,30.79874374381865,30.358666524165933,30.598709106445312,525800.0
2006-03-02,30.518684812388727,30.538687505877068,29.671869359156535,29.718544006347656,1151800.0
2006-03-03,29.551850555846617,29.865239678836755,29.11844017484228,29.33847999572754,1331500.0
2006-03-06,29.27180545038228,29.298474865265725,28.438325825298254,28.518339157104492,916100.0
2006-03-07,28.49167342962387,29.185129239807672,28.458334746045104,29.10511589050293,1619600.0
2006-03-08,29.10511277556224,29.30514739920488,28.79839030616007,28.898408889770508,1085300.0
2006-03-09,28.96508104967775,29.245131507362455,28.705035831270532,28.89173698425293,867200.0
2006-03-10,28.838397846942534,28.918411186570307,28.578352585468632,28.871736526489258,911500.0
2006-03-13,28.90506130584007,29.265124976380815,28.89172787529588,29.205114364624023,754600.0
2006-03-14,29.171778838366624,30.091940803069875,29.171778838366624,30.02526092529297,1289200.0
2006-03-15,29.898583547217413,30.371999400770402,29.84523962612956,30.26531410217285,671400.0
2006-03-16,30.405330181549495,30.75872720801245,30.37866077151139,30.70538330078125,844200.0
2006-03-17,30.878760375763168,31.065459035988233,30.525363212879107,30.605379104614258,1275700.0
2006-03-20,30.712058192507236,30.772068827357472,30.151959781764376,30.23863983154297,981900.0
2006-03-21,30.205291471977617,30.35198465315746,29.25846014074047,29.28512954711914,1028500.0
2006-03-22,29.251811281499215,29.565200553092968,29.251811281499215,29.505189895629883,1277300.0
2006-03-23,29.50517577787567,29.691874381282336,29.198455916971092,29.37181854248047,721300.0
2006-03-24,29.505189895629886,29.62521121055605,29.258480545427844,29.505189895629883,953200.0
2006-03-27,29.618530678309366,29.75188792677834,29.471839994213653,29.64520263671875,837100.0
2006-03-28,29.65187309128558,29.65187309128558,28.738377555840195,28.75838279724121,4579900.0
2006-03-29,28.805050737637334,28.92507198374404,28.53833629216078,28.611682891845703,1331900.0
2006-03-30,28.611696581113563,29.99193902814028,28.611696581113563,29.871917724609375,2895500.0
2006-03-31,30.00524774832548,30.378647302658802,29.83855192750145,30.045255661010742,1603400.0
2006-04-03,30.338670720643805,30.472028023736062,29.745233392641214,29.77857208251953,1010700.0
2006-04-04,29.73853846214285,30.031924784449316,29.671861139933267,30.005252838134766,686400.0
2006-04-05,30.071941375732425,30.35199182932697,29.938586681578375,30.071941375732422,715700.0
2006-04-06,30.071943467813938,30.10528468724972,29.6785409881042,29.95859146118164,1162400.0
2006-04-07,29.98525783477847,30.231967042472455,29.411823559940455,29.471834182739258,949900.0
2006-04-10,29.505164814588316,30.41199062603156,29.47182615402165,30.258630752563477,1271800.0
2006-04-11,30.318657751645773,30.498689668337196,30.13862583495435,30.205303192138672,1102900.0
2006-04-12,30.251976560576814,30.605373660599394,30.15862724706905,30.371997833251953,944500.0
2006-04-13,30.378665112363354,30.60537166333539,30.271979826234038,30.325321197509766,559100.0
2006-04-17,30.40534066935652,30.66538849144146,30.091954008797043,30.225311279296875,520900.0
2006-04-18,30.245309145180638,31.265487395818106,30.145290572398235,31.205476760864258,985100.0
2006-04-19,31.32548958754451,32.292326204061624,31.28548166049938,31.772235870361328,1413300.0
2006-04-20,31.718896140814724,31.825581416727456,31.45885093975104,31.505525588989258,1062400.0
2006-04-21,31.552188050856714,31.705547916770772,31.252135033382842,31.41883087158203,712600.0
2006-04-24,31.23880829446385,31.6388799505385,31.225474861814345,31.27881622314453,757600.0
2006-04-25,31.29881070516283,31.838906154571983,31.172122779607125,31.485511779785156,724700.0
2006-04-26,31.838919321695965,32.805756123949934,31.565538126645457,32.50570297241211,1263600.0
2006-04-27,32.44570471698243,33.39253918478498,31.9989607215306,33.339195251464844,862100.0
2006-04-28,33.305835210200584,33.305835210200584,32.67239039785331,32.69906234741211,1001500.0
2006-05-01,32.70572082084988,33.04578173308305,32.41233708037006,32.499019622802734,1145500.0
2006-05-02,32.33233624057741,32.4456882259015,31.845581998957982,32.072288513183594,770700.0
2006-05-03,32.05230009695777,32.339017361588034,32.005625430025276,32.092308044433594,530400.0
2006-05-04,32.238985185290545,32.55237428290192,32.072289289723216,32.20564651489258,602200.0
2006-05-05,32.19898234477641,32.5257049015246,32.07896108698957,32.372344970703125,1004800.0
2006-05-08,32.44585546958752,32.86019936353914,32.44585546958752,32.83346939086914,647000.0
2006-05-09,32.69979523283926,33.32799393344876,32.25871900701716,33.13418960571289,756100.0
2006-05-10,33.07405703995218,33.25449519049804,32.659710596025846,32.873565673828125,577800.0
2006-05-11,32.759959504834434,32.873568910761364,32.19190482713816,32.312198638916016,690800.0
2006-05-12,32.27879572827538,32.365675189733615,31.69069272274654,31.744157791137695,992900.0
2006-05-15,31.543665508423864,32.011474609375,31.309759683271043,32.011474609375,747900.0
2006-05-16,32.004779413570745,32.004779413570745,31.14267468876507,31.643898010253906,1075600.0
2006-05-17,31.309745023696347,31.33647754251526,30.30729851216686,30.360763549804688,1038900.0
2006-05-18,30.541205112321943,30.721645795545484,30.006567467226294,30.039981842041016,1286000.0
2006-05-19,30.073409322218858,30.35409325220274,29.592233957269915,29.973163604736328,2382100.0
2006-05-22,29.979839316768203,30.207060667717304,29.284809002176388,29.37837028503418,1544800.0
2006-05-23,29.371688162408986,29.926373998328817,29.304856854292677,29.5253963470459,1134700.0
2006-05-24,29.50534360635413,29.86622241622433,29.037534720251777,29.38504981994629,1317300.0
2006-05-25,29.538774805165293,29.899656369939375,29.15116070610688,29.68579864501953,1071200.0
2006-05-26,29.685786606070756,30.060034286212396,29.53876282584141,29.72588539123535,735000.0
2006-05-30,29.405101328916178,30.060032825319603,29.258075006478435,29.75929832458496,784100.0
2006-05-31,29.926372014728038,30.587987899780273,29.806078217445815,30.587987899780273,1360900.0
2006-06-01,30.71496233389977,31.202819359361026,30.634767322011836,31.169404983520508,779300.0
2006-06-02,31.109286400669678,31.436753700391915,30.96226250329028,31.0625057220459,717300.0
2006-06-05,31.055812508608017,31.41000967424747,30.100146052868695,30.220439910888672,858600.0
2006-06-06,30.21373748779297,30.37413005263856,29.866222388421956,30.21373748779297,559800.0
2006-06-07,30.213735491847718,30.81520438359348,30.173639265300107,30.307296752929688,531800.0
2006-06-08,30.307318936589542,30.541224809856715,29.07096842558815,30.18702507019043,1132700.0
2006-06-09,30.106813283194366,30.17364458815185,29.31822173017134,29.792715072631836,843800.0
2006-06-12,29.78605266782692,29.846199612037168,29.14448696248794,29.151168823242188,622700.0
2006-06-13,29.01748645786351,29.151146514862514,27.44698779884744,27.64079475402832,1987400.0
2006-06-14,27.580648521187776,28.02172493537731,27.05937709060567,27.854650497436523,1655100.0
2006-06-15,27.968271511683007,28.355885592439588,27.53387932216973,28.03510284423828,3080100.0
2006-06-16,27.76777173553637,28.108605024670396,27.741039212985925,28.068506240844727,3351000.0
2006-06-19,28.202163696289062,29.070950204009463,27.941527998908285,28.202163696289062,2015800.0
2006-06-20,28.14869775189048,28.33582283707466,27.968257071187892,28.15538215637207,1396600.0
2006-06-21,28.135338399984676,28.50290425611511,28.075191491650056,28.28904914855957,1295600.0
2006-06-22,28.22889882679374,28.26899506126574,27.994993078507832,28.068506240844727,962200.0
2006-06-23,28.015039882539796,28.369239416345952,27.847965448461615,28.028406143188477,1018600.0
2006-06-26,28.06850797496178,28.509584426879883,28.03509359438616,28.509584426879883,871500.0
2006-06-27,28.389294778859277,28.402661042919625,27.97495079040527,27.974950790405273,732000.0
2006-06-28,28.06851358808709,28.315783113020075,27.934853489701524,28.23558807373047,448800.0
2006-06-29,28.93730897195889,29.659072187343934,28.770234436844397,29.558826446533203,1348900.0
2006-06-30,29.605593824599012,30.00657405851571,29.605593824599012,29.852863311767578,1834500.0
2006-07-03,29.95311965987654,30.32736750142255,29.89297273086655,30.220439910888672,504400.0
2006-07-05,29.93974509596245,29.979843887309183,28.87046948692435,28.950664520263672,1072500.0
2006-07-06,28.990764499604566,29.57218297650998,28.990764499604566,29.338279724121094,872500.0
2006-07-07,29.338276367945593,29.538765211251594,28.48953780024136,28.516267776489258,973200.0
2006-07-10,28.616516696196314,29.044226956587643,28.416027830307158,28.55636978149414,708800.0
2006-07-11,28.569729991657308,28.850413834552235,28.309094266296675,28.44943618774414,772300.0
2006-07-12,28.53632022439747,28.74349093734253,27.90143672321985,27.92816925048828,802700.0
2006-07-13,27.92148617675912,28.195488220954086,27.654168539377384,27.754411697387695,614600.0
2006-07-14,27.667530195384447,27.801187717136386,27.13288991096144,27.594017028808594,706000.0
2006-07-17,27.567282493661047,27.914797633442966,27.433622432305903,27.687576293945312,593900.0
2006-07-18,27.694270582469308,28.06183655354411,27.433634747965193,27.89476203918457,577900.0
2006-07-19,28.20216817094866,29.07095481651394,27.961580550777448,29.037540435791016,741200.0
2006-07-20,28.95067371782714,29.091015708095824,28.38930320739746,28.38930320739746,574800.0
2006-07-21,28.46947955207685,28.476163956374737,27.66752439235333,27.70762062072754,1110800.0
2006-07-24,27.540567926273418,28.269013058739,27.53388606605863,28.208866119384766,1034800.0
2006-07-25,28.436063124596128,28.723431304168834,28.175427461577414,28.589771270751953,994700.0
2006-07-26,28.870465546661546,30.233793674132688,28.863781141005642,29.625642776489258,2801100.0
2006-07-27,29.672433336540273,29.959801691304484,29.044231561309367,29.244720458984375,577900.0
2006-07-28,29.224659592069113,29.82612857220825,29.224659592069113,29.765981674194336,738000.0
2006-07-31,29.458586114649233,29.82614961770982,29.171217682408788,29.80609893798828,997400.0
2006-08-01,29.6056003241509,29.899653070116326,29.451892093011928,29.839506149291992,1397200.0
2006-08-02,29.705834438352095,30.741695404052734,29.672420061914043,30.741695404052734,1829800.0
2006-08-03,30.581301738121958,30.728328048433504,30.420911717194294,30.534521102905273,1110900.0
2006-08-04,30.768998767834532,30.809194329963706,30.038795999946963,30.085689544677734,1333500.0
2006-08-07,30.08568126577738,30.17277034867238,29.70383247489924,29.777523040771484,389100.0
2006-08-08,29.878012450047677,30.092383642717497,29.32198796765602,29.529661178588867,577300.0
2006-08-09,29.288499234135532,30.192877737598526,29.288499234135532,29.804330825805664,773100.0
2006-08-10,29.811032356150037,30.09909422156014,29.73734175492786,29.91152000427246,648600.0
2006-08-11,29.777533882618858,30.186179856328415,29.53636559941278,29.764135360717773,568300.0
2006-08-14,29.878005492873793,29.878005492873793,29.26838707651287,29.469362258911133,874800.0
2006-08-15,29.87801000150769,30.092381176609525,29.670339363099902,30.0789852142334,928500.0
2006-08-16,30.313459773923324,30.480937452232293,30.179477120174838,30.427343368530273,957300.0
2006-08-17,30.34694632755717,30.45413190953529,30.07228311401913,30.226362228393555,1055100.0
2006-08-18,30.259868779103737,30.346957896256168,30.065596594619308,30.19287872314453,515800.0
2006-08-21,30.514435915654687,30.594824494760644,30.326861712571837,30.58142852783203,1138100.0
2006-08-22,30.715394409191745,30.8091840227826,30.480926763978793,30.675201416015625,1021800.0
2006-08-23,30.809199614160793,30.81589759791119,30.48094218923824,30.568031311035156,520500.0
2006-08-24,30.64840110910471,30.735490177524554,30.313445905726518,30.387136459350586,532500.0
2006-08-25,30.29336015892859,30.41394427936666,30.03879339850307,30.112483978271484,549100.0
2006-08-28,30.17947513409463,30.681908135956938,30.17947513409463,30.46753692626953,784400.0
2006-08-29,30.420639402394652,30.480931456947317,30.025392057106302,30.246463775634766,808900.0
2006-08-30,30.28666172948767,30.521132004662455,30.15267908017443,30.306760787963867,835300.0
2006-08-31,30.393837769190238,30.64840446719156,30.30005071084914,30.635005950927734,622900.0
2006-09-01,30.681912741005252,30.681912741005252,30.25317025728048,30.413949966430664,492200.0
2006-09-05,30.507720175307767,30.996754459781293,30.413933128354675,30.92976188659668,722700.0
2006-09-06,30.380458228874485,30.487643870428666,29.777539953447434,29.87802505493164,1547100.0
2006-09-07,29.878010765521545,29.91820632019573,29.643543085353937,29.717233657836914,742200.0
2006-09-08,29.717224614541742,29.831108151536775,29.576544049251897,29.7976131439209,650700.0
2006-09-11,29.797623372760423,29.824420410254042,29.44926955186185,29.47606658935547,811400.0
2006-09-12,29.576553060237103,30.474233337564176,29.476065451268994,30.313453674316406,1224700.0
2006-09-13,30.246458204758756,30.68189846921092,30.078980590237403,30.501022338867188,843000.0
2006-09-14,30.279969012839604,30.815897147786682,30.279969012839604,30.7489070892334,760300.0
2006-09-15,31.150858665545517,31.526009711392824,31.110663089220203,31.351831436157227,1727900.0
2006-09-18,31.552796246418886,31.74037299977314,31.32502648238691,31.465709686279297,1196400.0
2006-09-19,31.398708027665023,31.639876244259973,31.30492095576833,31.54608917236328,789100.0
2006-09-20,31.592987033455135,31.793959722962477,31.184341116669913,31.325021743774414,1141600.0
2006-09-21,31.32502448182393,31.65328186259973,30.99676965655475,31.237937927246094,534900.0
2006-09-22,31.331726336682745,31.35852338022033,30.80249622659574,30.956575393676758,406800.0
2006-09-25,31.12404830521879,31.284827986259092,30.802491498644525,31.090553283691406,653200.0
2006-09-26,31.124036257367553,31.43219442494418,30.916365670981513,31.412097930908203,837600.0
2006-09-27,31.25803628494168,31.459009003933524,31.050363027196273,31.264734268188477,856300.0
2006-09-28,31.204432097358865,31.479095298208485,30.97666242673925,31.244625091552734,552000.0
2006-09-29,31.244627900531487,31.452301092724568,31.05705376274804,31.418806076049805,627000.0
2006-10-02,31.45229343450775,31.840840133239773,31.385300861964065,31.780548095703125,1013700.0
2006-10-03,31.78056094491194,32.0686227345528,31.55949175490057,32.00163269042969,1070700.0
2006-10-04,32.0150352357607,32.75863657435316,31.894451096772368,32.718441009521484,1606600.0
2006-10-05,32.550931736512325,32.79879775702153,32.5174367427415,32.691612243652344,678200.0
2006-10-06,32.490671253155384,32.75863657435316,32.45047568832371,32.718441009521484,679100.0
2006-10-09,32.58446451011956,32.75864276848442,32.34329618654186,32.53757095336914,606200.0
2006-10-10,32.47728097129894,32.58446661587059,32.22271410712601,32.46388244628906,547300.0
2006-10-11,32.396871799750926,32.43036681324746,31.981528010281377,32.28298568725586,1052000.0
2006-10-12,32.29639548243374,32.765333501666746,32.23610341488225,32.62465286254883,973800.0
2006-10-13,32.671553365201866,32.81893457404226,32.45048155194127,32.64475631713867,761000.0
2006-10-16,32.684942126715384,33.07348898554971,32.684942126715384,33.0198974609375,1208500.0
2006-10-17,33.093589782714844,33.20077539307924,32.91941156868112,33.093589782714844,1016500.0
2006-10-18,32.87921138344947,33.341448748067904,32.69163468963561,33.20746612548828,1111800.0
2006-10-19,33.227576438398835,33.38835616343774,32.96631162127926,33.02660369873047,972000.0
2006-10-20,33.16056450034378,33.482121182777384,33.127069491747534,33.4620246887207,1047100.0
2006-10-23,33.22756329902867,33.43523649601853,33.026590638832104,33.18737030029297,674700.0
2006-10-24,33.16059095353745,33.25437807462587,32.6715562824997,33.22758102416992,860100.0
2006-10-25,33.48883307295123,34.225733733953014,33.44863751570331,34.09175109863281,2753400.0
2006-10-26,34.19895571436827,34.35973547726592,34.09177005760571,34.13196563720703,1520200.0
2006-10-27,34.03147217746129,34.26594251865925,34.01807365320651,34.16545486450195,1062000.0
2006-10-30,34.366414072247544,35.10331728277706,34.165441398650835,34.801856994628906,2061000.0
2006-10-31,34.83534048135998,35.264082724557404,34.45349176129319,34.50038528442383,1328000.0
2006-11-01,34.66787838253521,34.66787838253521,33.7768959336936,33.87068557739258,1433700.0
2006-11-02,33.763480099005754,33.8170715940746,33.51561144835928,33.62949752807617,1633200.0
2006-11-03,33.68995220758656,33.90479426337583,33.65638361657936,33.7302360534668,1359500.0
2006-11-06,33.97192906601516,35.06628247181339,33.97192906601516,35.0125732421875,2223000.0
2006-11-07,34.88499588050559,35.294539166767485,34.824571419235504,35.12669372558594,1695500.0
2006-11-08,35.12669317317574,35.38181895687263,35.005844252536065,35.07969665527344,1672200.0
2006-11-09,34.93199152674426,34.97227535362432,34.294180915077796,34.3546028137207,1335600.0
2006-11-10,34.47546543963276,34.47546543963276,34.19348622272041,34.374759674072266,952700.0
2006-11-13,34.42847049650423,34.80444536423639,34.34119267453724,34.676883697509766,1570400.0
2006-11-14,34.84471643166157,35.72422495022312,34.68358367282863,35.50267028808594,1267800.0
2006-11-15,35.67050619405711,35.81149571961395,35.40195252156229,35.54294204711914,1205700.0
2006-11-16,35.710790688167656,36.3754596792082,35.583229090788016,35.99948501586914,1737100.0
2006-11-17,35.7846490273736,36.31504125810731,35.74436775894004,35.85850143432617,1408800.0
2006-11-20,36.44933065676618,36.44933065676618,35.757805431260394,36.3687629699707,1666100.0
2006-11-21,36.4023214318564,36.630591342640884,36.073343228239416,36.200904846191406,1209000.0
2006-11-22,36.25461640969086,36.42246185603202,36.05991507726673,36.214332580566406,588400.0
2006-11-24,36.221060207555524,36.341909175098614,35.791376127899696,35.83165740966797,444500.0
2006-11-27,35.663807838140144,35.71751962253028,34.911860784510125,34.952144622802734,1116700.0
2006-11-28,34.864861727825044,35.58995283672831,34.75744072794609,35.3616828918457,859300.0
2006-11-29,35.48254478124525,35.80481045956659,35.30127385872894,35.5899658203125,561600.0
2006-11-30,35.744383273544734,36.40233740842902,35.542966599480245,36.32176971435547,1714000.0
2006-12-01,36.38890765366149,36.40904829562073,35.71752560308146,36.03307342529297,782900.0
2006-12-04,36.28816448562681,36.758131982096145,36.09346326319972,36.65071105957031,1032200.0
2006-12-05,36.62388771853346,37.31541292256337,36.62388771853346,36.92601013183594,1435800.0
2006-12-06,36.92598620756341,36.99312333985747,36.60372336254059,36.657432556152344,1076500.0
2006-12-07,36.79171829095873,36.98641960732273,36.6910125681318,36.825286865234375,740300.0
2006-12-08,36.87229267922604,37.281836047567005,36.79172756842545,37.127418518066406,810100.0
2006-12-11,37.395967091197654,37.45639155615779,36.79172244159634,36.88571548461914,822800.0
2006-12-12,36.88570245347385,36.9259862695884,36.46273390929948,36.905845642089844,774000.0
2006-12-13,37.06028948616084,37.12742666637607,36.64403333436407,36.7715950012207,605400.0
2006-12-14,36.72459846284619,36.92601256461113,36.55675295118887,36.7715950012207,1174500.0
2006-12-15,36.88573276237999,37.08714944733887,36.75817108154297,36.75817108154297,1755600.0
2006-12-18,36.79171953135946,37.13412565942188,36.79171953135946,36.993133544921875,897000.0
2006-12-19,36.72458583117946,37.093845317592454,36.590308955815175,36.93271255493164,961700.0
2006-12-20,36.93272250235405,37.15427979054689,36.68431188075041,36.86558532714844,690700.0
2006-12-21,36.92599787001693,37.06698742903407,36.65744413378769,36.73129653930664,879000.0
2006-12-22,36.70444634946465,36.84543849147999,36.45603576962969,36.69102096557617,469200.0
2006-12-26,36.717878763159085,36.87901156173617,36.65074159107135,36.81187438964844,603700.0
2006-12-27,36.811852884234455,37.10725985441081,36.66414811858754,36.805137634277344,724200.0
2006-12-28,36.95958520538231,36.95958520538231,36.59032555149026,36.75817108154297,715200.0
2006-12-29,36.65746158731935,36.852163010731836,36.462762725026316,36.59032440185547,774500.0
2007-01-03,36.71114187011454,37.30867101560371,36.71114187011454,37.07368850708008,1858900.0
2007-01-04,37.15428161473951,37.429548144388,36.973008159441356,37.31541442871094,1586600.0
2007-01-05,37.22812346740849,37.36911303886429,36.93942907188367,37.26169204711914,1045100.0
2007-01-08,37.268408975952504,37.798801303488005,37.10727875057384,37.72494888305664,1227600.0
2007-01-09,37.83907145370894,38.07405401452397,37.65779809488685,37.95320510864258,1161200.0
2007-01-10,37.9599218219461,38.18147645051854,37.684655428193714,38.10762405395508,1047800.0
2007-01-11,38.08079635119583,38.89316813767805,37.93309145870101,38.81260299682617,1149200.0
2007-01-12,38.64473672855545,39.060992720963924,38.631308785430235,38.92671585083008,1236100.0
2007-01-16,39.074421006036125,39.27583503244036,38.604453237014035,38.98714065551758,1371900.0
2007-01-17,38.98042318085269,39.13484066751673,38.7991498109989,38.96699523925781,1117000.0
2007-01-18,39.101269707907875,39.20869067299343,38.63130202523941,38.70515441894531,1019200.0
2007-01-19,38.920013514023196,38.920013514023196,38.423189730689515,38.671600341796875,1106600.0
2007-01-22,38.584306732003355,38.85285787264213,38.13447966572859,38.20833206176758,1287600.0
2007-01-23,38.22177565246412,38.772308661469054,37.865944028895285,38.671600341796875,1237500.0
2007-01-24,38.67157493157998,39.57122628022391,38.295602915567,39.51751708984375,1140000.0
2007-01-25,39.52423780790264,39.52423780790264,38.550733883732875,38.57087707519531,1063200.0
2007-01-26,39.2422647620717,39.84650681521881,38.235192112375,39.26240539550781,2641900.0
2007-01-29,39.389954953032834,39.410098141421905,38.60443975602912,38.62458038330078,1511800.0
2007-01-30,38.537311901231966,39.450388892618044,38.48360013408795,39.43024826049805,1060300.0
2007-01-31,39.121422262288974,39.77266350224003,38.94014884824738,39.58467483520508,964400.0
2007-02-01,39.65865884117504,39.88063018171069,39.369424857637576,39.71247100830078,990600.0
2007-02-02,39.86044756775847,40.25730330203637,39.81336320656492,40.1967658996582,1147900.0
2007-02-05,40.19677367077757,40.425470283318816,40.028614472318,40.35148239135742,1191800.0
2007-02-06,40.51965159029611,41.232645125555855,40.4523863547674,41.1721076965332,1408100.0
2007-02-07,41.34025390163402,41.56895049850932,40.99721028927385,41.27971649169922,1051700.0
2007-02-08,41.353705400739294,41.535317623764,41.07119920886006,41.252811431884766,1177100.0
2007-02-09,41.11153885404931,41.52184749658397,40.0016902578814,40.42544937133789,1293700.0
2007-02-12,40.43219844607397,40.640714211829966,40.18332354860434,40.5263671875,888500.0
2007-02-13,40.59363017354287,41.38734180907031,40.54654580244427,41.1115608215332,1318400.0
2007-02-14,41.15191875099965,42.42320186532274,41.138465707378074,42.08015823364258,1502700.0
2007-02-15,41.94563345690363,42.140698754944324,41.69675854631378,41.86491775512695,911700.0
2007-02-16,41.66984814857045,42.086882224853625,41.602582932456635,41.94562911987305,864800.0
2007-02-20,41.94562868389166,42.355937517251526,41.333529336099,42.30885314941406,946600.0
2007-02-21,42.20795433368507,42.42992568372792,41.89181425304422,42.201229095458984,1184200.0
2007-02-22,42.201227711837085,42.396290404863805,42.10705641842114,42.32229995727539,768600.0
2007-02-23,42.342478941991146,42.342478941991146,41.73710491188116,42.127235412597656,682000.0
2007-02-26,42.20794271399354,42.23484879130167,41.091366164753566,41.259525299072266,1091100.0
2007-02-27,41.259543568758176,41.259543568758176,38.16541515357895,39.100379943847656,3217300.0
2007-02-28,39.09364525950138,39.71247237318925,39.006204333774804,39.315616607666016,1750200.0
2007-03-01,39.01292992000428,39.47032309675264,38.172134016555916,39.08019256591797,1501900.0
2007-03-02,39.080180072987716,39.255067001905175,38.44790267944336,38.44790267944336,1211700.0
2007-03-05,38.25285363955653,38.36047542363177,37.59366989135742,37.59366989135742,1541900.0
2007-03-06,38.05106664825066,39.00621231577266,37.74837955058855,38.945674896240234,1374200.0
2007-03-07,38.743875059411685,39.24835261261187,38.6295280456543,38.6295280456543,1072900.0
2007-03-08,39.0129155312816,39.564477235244595,38.938925108522376,39.16762161254883,716600.0
2007-03-09,39.483786919400565,39.67885223807671,38.88514048324137,39.2752685546875,832800.0
2007-03-12,39.27524864774682,39.45686082833461,38.992742521880174,39.18780517578125,883900.0
2007-03-13,38.999489506066354,38.999489506066354,36.64526021408786,36.68561935424805,2564500.0
2007-03-14,36.67887075185781,37.12281077829085,35.6564628739716,37.035369873046875,3458600.0
2007-03-15,37.5734981884202,37.89636359718493,37.1228301246256,37.33807373046875,1232500.0
2007-03-16,37.52640770438932,38.145232329027834,36.97484573341821,37.09592056274414,2279700.0
2007-03-19,37.667666521449085,38.75061234448573,37.667666521449085,38.6900749206543,2110700.0
2007-03-20,38.60262466815886,38.89185869088806,38.468096798021094,38.784236907958984,897700.0
2007-03-21,38.78422559973385,39.9546143930075,38.582435136315624,39.860443115234375,923300.0
2007-03-22,39.83354822636089,39.96134828215199,39.2281741391283,39.28871154785156,519400.0
2007-03-23,39.37615504176416,39.47032377402134,39.033108870363854,39.28871154785156,633900.0
2007-03-26,39.18108803615959,39.22144716215454,38.320113875510536,38.6967887878418,1052400.0
2007-03-27,38.407566087472226,38.790968916435915,38.36720951552204,38.6900749206543,947400.0
2007-03-28,38.232676148082525,38.811144211672556,37.69456721657056,38.09142303466797,1352200.0
2007-03-29,38.60261350660277,38.74386657474796,38.01069258868798,38.542076110839844,718100.0
2007-03-30,38.62280863674801,38.945676598974266,37.889636896664705,38.434471130371094,810800.0
2007-04-02,38.50173458548274,39.18782191738091,38.313394521871864,39.0734748840332,1261800.0
2007-04-03,39.18780092399312,39.524119170242614,38.93892614022178,39.012916564941406,1356700.0
2007-04-04,39.14744515503368,39.94115643723709,38.87838952632232,39.880619049072266,1159900.0
2007-04-05,39.88062700332205,40.358198401927616,39.63174959905845,40.04878616333008,990100.0
2007-04-09,39.47705085442462,40.35820594120018,39.46359781120221,40.30439376831055,976900.0
2007-04-10,40.27076193030544,40.391836751859444,40.048793134726836,40.25058364868164,1143600.0
2007-04-11,40.15641454419809,40.45910159530145,39.900811860387975,40.07569885253906,979000.0
2007-04-12,40.15640907600606,40.1900403957922,39.69228813887949,39.90080642700195,640100.0
2007-04-13,39.873892032228184,40.284200719434935,39.71918594073959,40.223663330078125,626900.0
2007-04-16,39.75956056295367,40.687800039829256,39.33579867217699,40.68107223510742,1247700.0
2007-04-17,40.728153788153875,40.869406886676444,39.96134832085364,40.10932922363281,1501600.0
2007-04-18,40.11605723604041,41.178824582390185,40.11605723604041,40.68107223510742,1494600.0
2007-04-19,40.095868060405266,41.69001608092468,40.08914025751124,40.19003677368164,1049700.0
2007-04-20,40.19677918879211,41.19900927819086,40.12951652653709,40.95685958862305,1288400.0
2007-04-23,40.85595342216863,41.06446915257538,40.49272899603999,40.74160385131836,664000.0
2007-04-24,40.71469444482314,40.9299379614257,40.16986041600639,40.257301330566406,1168200.0
2007-04-25,41.19900990219353,41.48824397290183,40.7012574698867,41.16537857055664,1471300.0
2007-04-26,41.15190449664181,41.36714798821869,40.741595788978124,41.225894927978516,1355800.0
2007-04-27,40.96357614523264,41.0241135510002,40.627257794503,40.70797348022461,919300.0
2007-04-30,40.71469842592613,40.71469842592613,40.001705169677734,40.001705169677734,1187600.0
2007-05-01,40.33803119827886,40.42547213803749,39.57795086791554,40.13623809814453,1059800.0
2007-05-02,40.08902896365487,40.84427991476303,40.08902896365487,40.68244171142578,734400.0
2007-05-03,40.6622179288091,41.066818660722895,40.55432491477322,40.84428787231445,677500.0
2007-05-04,40.99937574864258,41.437692477772664,40.864508864881635,41.356773376464844,722100.0
2007-05-07,41.57930025694829,41.66021935574324,41.188189135796186,41.309566497802734,478200.0
2007-05-08,41.275852130418414,41.275852130418414,40.70941327065143,40.965660095214844,601500.0
2007-05-09,42.260379853078064,42.260379853078064,40.54757874500357,41.08704376220703,588200.0
2007-05-10,40.97913559310837,41.221895404101815,40.291316986083984,40.291316986083984,802900.0
2007-05-11,40.45990169934071,41.15446252202059,40.45990169934071,41.14772033691406,661300.0
2007-05-14,41.13424684438048,41.43769672082164,40.45991492889883,40.65547180175781,866900.0
2007-05-15,40.72290180828561,41.6332513894107,40.689185728771044,41.174705505371094,1492400.0
2007-05-16,41.282602223820845,41.559078216552734,41.16796445629327,41.559078216552734,1079800.0
2007-05-17,41.14772817686677,41.55907100076338,41.14772817686677,41.38374328613281,678100.0
2007-05-18,41.471391911910295,41.680435626462845,41.32303814207488,41.430931091308594,746000.0
2007-05-21,41.60628690609116,42.112035930300436,41.5118808331517,41.92996597290039,1334600.0
2007-05-22,41.92995261481431,42.08504862414314,41.49838066322596,41.60627365112305,627800.0
2007-05-23,41.80857113452682,42.192940050457736,41.4242022185959,41.491634368896484,763000.0
2007-05-24,41.29608199867777,41.90297909634143,40.95891608696293,41.1679573059082,1144300.0
2007-05-25,41.40398228162096,41.673713515088004,41.31631840886737,41.43769836425781,662900.0
2007-05-29,41.44443494627233,41.828803895563546,41.34328671204257,41.68719482421875,1018800.0
2007-05-30,41.5860401677309,41.720907039923624,41.28259292076179,41.63998794555664,955100.0
2007-05-31,41.80857854725885,42.482910459311405,41.62650862232,42.38175964355469,2519200.0
2007-06-01,42.381761294918924,42.73241421153376,42.21317831033711,42.685211181640625,1242400.0
2007-06-04,42.78635534594128,43.77088177775932,42.5773115515225,43.69670486450195,1659600.0
2007-06-05,43.224669620646836,43.47417425185517,43.08980531146287,43.190956115722656,1001700.0
2007-06-06,42.820079899676635,43.0965559032206,42.61103606387615,42.96168899536133,1089700.0
2007-06-07,42.968437458830785,43.346061746535845,42.590810598753194,42.77288055419922,1396200.0
2007-06-08,42.67847087926101,42.96168907112989,42.21318017494454,42.79310607910156,1525900.0
2007-06-11,42.833563152481865,43.35279903090399,42.550342413173404,43.103294372558594,691800.0
2007-06-12,42.93470972018365,43.33930782069855,42.2806095434303,42.321067810058594,962900.0
2007-06-13,42.60428912515851,43.649505615234375,42.51662525896972,43.649505615234375,791600.0
2007-06-14,43.62927128046954,43.91249458463442,43.588813013336285,43.81808853149414,944100.0
2007-06-15,44.431720659510404,44.647506623742665,44.18896080665621,44.5531005859375,1557800.0
2007-06-18,44.55309654630262,44.96443930718999,44.175472429321196,44.70145034790039,764700.0
2007-06-19,44.775639248627535,45.28138817430162,44.708207087486485,45.14651870727539,1324400.0
2007-06-20,45.449971476421354,45.48368498486231,44.0608442521527,44.08781814575195,863600.0
2007-06-21,44.08781345525577,44.98467602922326,43.319075576067526,44.822837829589844,1223200.0
2007-06-22,44.573349164871885,44.72844780593626,43.366294132268855,43.42698669433594,1434700.0
2007-06-25,43.548357673597934,44.229429224929326,42.948200089600206,43.022377014160156,1023700.0
2007-06-26,43.29211029497692,43.43372453565599,42.76613218300768,42.79310607910156,1420500.0
2007-06-27,42.348043496438706,43.30559614769475,41.963674512957446,43.29210662841797,1340600.0
2007-06-28,43.10328672564129,44.06083663144951,42.840297739464994,43.48765563964844,1261600.0
2007-06-29,43.66298313648167,44.1350133287085,42.38175171433897,42.867271423339844,1056400.0
2007-07-02,43.42698713450089,44.61381304002608,43.190971934615476,43.919246673583984,1085300.0
2007-07-03,44.33058452549514,44.876796947445854,44.16200152440743,44.32384490966797,616800.0
2007-07-05,44.39126955279927,44.613800311234634,43.72367727749318,43.986671447753906,615200.0
2007-07-06,44.06084402389406,44.30360392028555,43.73716759186816,44.28337478637695,546400.0
2007-07-09,44.35081389242105,44.55311555267318,44.02713740971157,44.081085205078125,785700.0
2007-07-10,43.892263396243536,43.892263396243536,42.35478997238871,42.685211181640625,1272300.0
2007-07-11,42.691954211578,43.46068960616842,42.46942344620879,43.29210662841797,923000.0
2007-07-12,43.662997765974566,44.50591278076172,43.29211310157023,44.50591278076172,901800.0
2007-07-13,44.33732184128874,44.67448778684987,44.00015589572761,44.559852600097656,697100.0
2007-07-16,44.209209417876586,44.60706801943885,43.80461119974641,44.16200637817383,888900.0
2007-07-17,44.50591292463158,45.12629714278159,44.1822312942192,44.74192810058594,1067300.0
2007-07-18,44.30359232404325,44.74190897473095,43.35278726599845,44.141754150390625,1254800.0
2007-07-19,44.44522551284831,44.84307893163637,44.22943432941007,44.74192810058594,836300.0
2007-07-20,44.73518607706286,44.73518607706286,42.4424586325721,42.6177864074707,2537900.0
2007-07-23,42.77960187440399,44.13500745171762,42.77960187440399,43.143741607666016,1363900.0
2007-07-24,42.759382570234195,43.062832417667224,41.316312820632554,41.68719482421875,1573100.0
2007-07-25,42.26038748141661,42.46268915021058,40.33180001833524,41.37701416015625,2442900.0
2007-07-26,42.14573324077144,42.14573324077144,40.01484507101289,40.64871597290039,2806100.0
2007-07-27,40.71616091826916,40.790337838987156,38.83477429638788,38.94940948486328,3075400.0
2007-07-30,38.95614248828814,41.23538434698139,38.60548969676831,40.95216369628906,2374900.0
2007-07-31,41.39049183642482,42.11202674784412,40.48688700730551,40.64198303222656,3060000.0
2007-08-01,40.446422612005186,40.83753630579666,38.49086186016316,39.6304817199707,2887300.0
2007-08-02,39.8874024611253,41.40177277405075,39.30599245329638,39.549373626708984,1907900.0
2007-08-03,39.62372684148167,39.84682445489592,36.92625652996117,37.189918518066406,3439700.0
2007-08-06,36.65582148073234,38.95441436767578,36.196102387552955,38.95441436767578,2708000.0
2007-08-07,38.33245569553387,40.24569682641187,37.6902006396944,39.69132995605469,3006400.0
2007-08-08,39.610204937766504,42.6457039340424,39.36682385026677,40.87443161010742,3541400.0
2007-08-09,40.8744304557886,41.449080802591034,38.82597732543945,38.82597732543945,4077400.0
2007-08-10,38.90034808155438,40.63105358264437,36.574708696032765,39.65753173828125,4109700.0
2007-08-13,40.63781243747338,41.60457476649015,38.839499780923084,38.9071044921875,2095500.0
2007-08-14,39.09640658651839,39.57640679408699,37.31837463378906,37.31837463378906,1733200.0
2007-08-15,36.80456479422834,38.3054130828348,36.02710031329366,37.10203170776367,2155400.0
2007-08-16,36.89245963150531,38.001193580866804,34.688513193012916,37.480628967285156,3717600.0
2007-08-17,42.41583761712405,45.97189800449683,37.50766000360616,39.5087890625,3009500.0
2007-08-20,39.704844266848674,39.77921098125885,38.413574948233,39.346534729003906,1382300.0
2007-08-21,39.04231301168733,40.33358248172956,38.71780578444132,39.738651275634766,1519100.0
2007-08-22,40.19161225139626,41.87499370409789,40.07668115432569,41.60457229614258,1689000.0
2007-08-23,41.712749248111436,41.915565987096755,40.52964859524983,41.198944091796875,1216300.0
2007-08-24,41.097520256354926,41.91554889816046,40.65808201858305,41.86822509765625,1406900.0
2007-08-27,41.71274195330447,41.793868118920145,41.22597980170182,41.442317962646484,872900.0
2007-08-28,41.11104873252721,41.40175360182273,39.738650546634304,39.758934020996094,1394100.0
2007-08-29,40.05640786681985,41.29359436035156,39.51556236921915,41.29359436035156,1389600.0
2007-08-30,40.570196810454114,41.388228090800425,39.25188715901753,40.617523193359375,1089300.0
2007-08-31,41.23274653135819,43.017537852568246,40.489081761550935,41.24626541137695,1684400.0
2007-09-04,41.07725525441481,42.17247033296131,40.73246704158304,41.7668342590332,1437600.0
2007-09-05,41.13808323465147,41.68569054361138,40.049633212498776,40.7797737121582,1278800.0
2007-09-06,40.67160295787012,41.32737929791584,40.09695534247895,41.1718864440918,1374400.0
2007-09-07,40.563462338204104,40.59050526537889,39.62374254000192,39.81303787231445,1511700.0
2007-09-10,40.06993780712845,40.252473684755046,38.805710705368675,39.02204895019531,1889500.0
2007-09-11,39.339782866604864,40.25922142945652,39.28569961058954,39.89414978027344,1190400.0
2007-09-12,39.71838348125889,40.37416016995976,39.25190467177516,40.02936935424805,972000.0
2007-09-13,40.3876672102448,40.73245532388978,39.99555270947784,40.24569320678711,1523400.0
2007-09-14,39.840070661757345,40.022606505305724,39.53584425584338,39.8603515625,1175200.0
2007-09-17,39.556126257274414,40.15781964524911,39.23838096132698,39.900917053222656,952200.0
2007-09-18,40.00232056602583,41.79387395150999,39.9211943890885,41.42204284667969,2075300.0
2007-09-19,41.956135217614154,42.07782579086666,41.138103568760094,41.7871208190918,2173300.0
2007-09-20,41.678946534344426,41.908806190964725,41.395001039011234,41.462608337402344,1450500.0
2007-09-21,41.68569770640314,41.915557317431094,41.327388122342064,41.39499282836914,1458400.0
2007-09-24,41.16513396215307,42.06429152651631,41.151612504912165,41.60457229614258,1536400.0
2007-09-25,41.35443085257861,41.52344520638962,40.92851653782203,41.07048797607422,1215800.0
2007-09-26,41.30033643529666,41.90202695957033,41.2056888353822,41.62484359741211,1154300.0
2007-09-27,41.63161386706066,42.65921879466326,41.564006583037994,42.55781173706055,1550100.0
2007-09-28,42.61189546489778,42.71330510259599,42.185981176055414,42.66598129272461,1204900.0
2007-10-01,42.76062746622467,43.342037200927734,42.591613128413506,43.342037200927734,1354600.0
2007-10-02,43.477243763869446,43.64625809062423,43.03780806167939,43.558372497558594,1491100.0
2007-10-03,43.186539711650994,43.45696107592266,43.044565723032974,43.26766586303711,1141000.0
2007-10-04,43.335271033829216,43.99104742701097,43.335271033829216,43.96400451660156,1153100.0
2007-10-05,44.41696799634981,44.640068170619834,44.26147768670113,44.59950637817383,1191300.0
2007-10-08,44.38318084310134,44.61303794287069,44.24120937125969,44.27500915527344,583500.0
2007-10-09,44.38316547570727,45.29584185462936,44.27499382533313,45.22823715209961,982800.0
2007-10-10,45.126838699671545,45.22148633824409,44.54542882963478,44.71444320678711,929800.0
2007-10-11,45.228233316632306,45.45809031732264,43.504285179823775,43.8220329284668,1535300.0
2007-10-12,43.93697641141988,44.930781782735295,43.93697641141988,44.775291442871094,1115900.0
2007-10-15,44.92400444418552,44.92400444418552,43.4637233933273,43.8220329284668,1386900.0
2007-10-16,43.8220429349518,44.34260489285195,43.34880479140621,44.045143127441406,1735800.0
2007-10-17,43.551626728174426,44.61979890966787,41.807399566398516,42.94993591308594,1744100.0
2007-10-18,42.58487455421371,44.01135409792593,42.47670542817498,43.60572052001953,1293900.0
2007-10-19,43.15949799104589,43.46372429082085,40.98935468424108,41.17864990234375,2264700.0
2007-10-22,40.820344860106346,42.753869357447165,39.96175168784186,42.70654296875,1747700.0
2007-10-23,42.71331017013476,44.37641088880824,42.55105524635843,44.22092056274414,1739800.0
2007-10-24,43.73416808414196,44.48459243774414,41.78712146114106,44.48459243774414,2582600.0
2007-10-25,43.36909387509402,45.2958569059284,41.86148323396859,42.780921936035156,2518300.0
2007-10-26,44.024851900079014,46.81696660770627,42.44963720086773,43.13245391845703,1827600.0
2007-10-29,42.93641538226445,43.16627506054124,42.10486487586886,42.29416275024414,1974800.0
2007-10-30,42.40908803086716,42.5781024113085,41.6383828686874,41.85472106933594,1393600.0
2007-10-31,42.11837902042355,42.618662672929176,41.40175976712801,42.57809829711914,1350700.0
2007-11-01,41.61580716062589,41.812332518173164,40.28757162672115,41.0262336730957,2015300.0
2007-11-02,41.127884255749194,41.202428537722696,39.87419295835839,40.93813705444336,2332200.0
2007-11-05,39.98261544725268,40.267236214667776,38.60694323452354,39.271060943603516,2584400.0
2007-11-06,39.23717451722936,40.59251729730483,39.12874719822777,40.58573913574219,1767900.0
2007-11-07,40.192677177384205,40.21300648482101,38.13933181762695,38.13933181762695,2136900.0
2007-11-08,38.32231621027825,39.56245608262516,38.03091730863754,39.420143127441406,2794900.0
2007-11-09,38.82379465682974,39.77253305428744,37.85472435974233,39.054203033447266,2035300.0
2007-11-12,38.90511581962489,40.66028488733253,38.78313475815399,39.576011657714844,2496700.0
2007-11-13,39.82676118755798,41.83944671456775,39.69122634731846,41.80556106567383,1529500.0
2007-11-14,41.97497198856443,42.79495647233609,41.548040802716955,42.1714973449707,1948200.0
2007-11-15,41.920751274178215,42.37478985027567,39.89451274466538,40.436649322509766,1645700.0
2007-11-16,40.67384849465228,40.91781067678732,39.074543154088765,39.6437873840332,2903000.0
2007-11-19,39.31172334148248,39.33883082243604,37.38036056299559,37.71919631958008,2784000.0
2007-11-20,37.70563616060183,38.99998842701692,37.44134472907322,38.03091812133789,3291800.0
2007-11-21,37.7801743719833,38.545943652591745,37.10250308279974,37.76662063598633,2277800.0
2007-11-23,37.94281739069099,39.508236446078755,37.94281739069099,39.2913818359375,698900.0
2007-11-26,39.37271404951205,39.528580773105986,36.63492308928179,36.736572265625,2143200.0
2007-11-27,36.8517803944359,38.0105981490869,36.82467291143413,37.976715087890625,2286300.0
2007-11-28,38.335873452148114,40.17236244840467,38.335873452148114,40.04360580444336,2354600.0
2007-11-29,39.99617473359668,39.99617473359668,38.078363028185684,39.00677490234375,2694100.0
2007-11-30,39.90806821336609,40.88391668092706,39.494688246981106,39.77253341674805,4373800.0
2007-12-03,40.15881160311376,40.15881160311376,39.06776266910116,39.332054138183594,1411700.0
2007-12-04,39.020321018675006,39.29138803153892,37.969928265354596,38.02414321899414,1858000.0
2007-12-05,38.884784844468186,40.0232729795216,38.39686061941353,39.85385513305664,2392200.0
2007-12-06,39.67766511668332,41.24986276248238,39.230402037880346,41.087223052978516,1399200.0
2007-12-07,40.795825872802,41.73101329083553,39.969065794170064,40.21302795410156,4140800.0
2007-12-10,40.24690439948288,41.22952845546785,40.07748654793758,40.92457580566406,2384800.0
2007-12-11,40.90424057227569,40.90424057227569,38.13934039425672,38.3290901184082,2208300.0
2007-12-12,39.27107253853393,40.21981129514766,37.9021754986664,38.674720764160156,2505900.0
2007-12-13,38.4104071517321,38.613708012329525,37.07539394479486,38.28165054321289,1509200.0
2007-12-14,37.94959833894219,37.94959833894219,36.80433460542487,36.88565444946289,1945900.0
2007-12-17,36.65525225901251,37.59721524891276,36.594261719409026,36.973758697509766,1956700.0
2007-12-18,37.17706046870577,37.69886785588632,36.18088249453273,36.72979736328125,2122300.0
2007-12-19,37.08896306023037,37.305817746140995,36.07245575060739,36.66202926635742,2709400.0
2007-12-20,36.485843477738385,37.57011713535272,36.24865942298285,37.08219528198242,1513300.0
2007-12-21,37.908941778416754,38.247777519470176,37.18383349937135,37.997039794921875,2310600.0
2007-12-24,38.46463255231892,39.10164540602186,37.80051480375901,38.92544937133789,650000.0
2007-12-26,38.545950321237456,38.545950321237456,37.96992807471016,38.20033645629883,691800.0
2007-12-27,37.71241462008476,38.51206708262641,37.59043356070646,37.61753845214844,1129000.0
2007-12-28,37.63786593086183,38.105458213477206,36.946640870618914,37.07539749145508,932000.0
2007-12-31,36.88565690510159,37.92249338722453,36.45872317153451,37.346473693847656,1089800.0
2008-01-02,37.393901318308544,38.25454415138528,37.156717405107024,37.610755920410156,2222200.0
2008-01-03,37.814060088044926,38.166449493502604,37.06184449034787,37.217708587646484,1314200.0
2008-01-04,36.4655097195177,37.102520092752954,36.16733256110426,36.35708236694336,2615400.0
2008-01-07,36.64846725235722,36.65524282829808,35.89625165248263,36.28252410888672,2563200.0
2008-01-08,36.5332666989205,36.770450665447534,34.90685423238514,35.02883529663086,2591800.0
2008-01-09,35.04238971500959,35.12371214949136,33.5244071295763,34.79842758178711,3334400.0
2008-01-10,34.3647219379003,37.31937015972771,34.32406330143311,36.587486267089844,3328600.0
2008-01-11,36.10633546586975,37.32614619250983,35.36089787524439,36.30963897705078,1995800.0
2008-01-14,36.675580422966846,38.21389502001009,36.43839643481304,38.00381851196289,2990000.0
2008-01-15,37.59721423230999,37.949603719922656,36.16732696424504,36.201210021972656,1974700.0
2008-01-16,35.964028587861684,36.79756427571582,35.36767690606336,35.53031921386719,2482600.0
2008-01-17,35.598084175352994,35.665852878528504,33.22623385155591,33.44308853149414,3958400.0
2008-01-18,33.62605515917058,34.398600164872036,32.56211123586436,33.50407409667969,3302300.0
2008-01-22,31.823454902159312,34.534141062515886,31.17289084410056,33.0364875793457,3772100.0
2008-01-23,31.98609584613996,34.2834018555244,30.93570552078661,33.87002182006836,7805000.0
2008-01-24,33.53794588516928,34.66965544909902,33.53794588516928,34.03942108154297,4854900.0
2008-01-25,35.06950624776816,37.00086932591926,32.33849045319715,33.61928939819336,3866900.0
2008-01-28,33.443079815893284,35.06949207668239,32.826398995823695,34.87296676635742,2317000.0
2008-01-29,35.1982571772873,35.99113418550907,34.290177253616704,35.82171630859375,1868900.0
2008-01-30,35.89625325484333,37.54977046510125,35.4286583556101,36.167320251464844,2844800.0
2008-01-31,35.33145088765825,37.96822580548181,34.64507197400962,37.58766174316406,3289200.0
2008-02-01,37.45851785591901,39.109900504416515,37.41774463996389,38.81768035888672,2827300.0
2008-02-04,38.24683846584739,38.695362063910096,37.11193882847554,37.55366516113281,3546200.0
2008-02-05,36.683813631952084,36.86730097091352,35.40619952681212,35.474159240722656,3828600.0
2008-02-06,35.86151695436169,35.970249893359046,34.88971517789877,34.99165344238281,1798000.0
2008-02-07,34.80816651029075,36.09257517665836,34.65865774535135,35.57609176635742,2821900.0
2008-02-08,35.16834693421651,35.78676607129618,34.82855614258156,35.12757110595703,1341200.0
2008-02-11,35.01203311748336,35.20231507490753,34.318859796641746,34.46836853027344,1589200.0
2008-02-12,34.61108869875317,36.81293147854404,34.61108869875317,35.86151885986328,2134500.0
2008-02-13,36.07218362538632,36.53429661376245,35.35182637479284,35.813941955566406,2980400.0
2008-02-14,35.75276313411369,35.75276313411369,34.93726527172271,35.05279541015625,1985400.0
2008-02-15,35.18874374678608,35.75279786866498,34.57032443054225,35.5217399597168,1939400.0
2008-02-19,35.86150457950666,36.49351537946293,35.14794475154222,35.46734619140625,1926800.0
2008-02-20,34.998442020449396,36.269258509689614,34.49555064493764,36.058589935302734,1718400.0
2008-02-21,36.119741449331094,36.6294273441435,35.52170927354685,35.535301208496094,1541300.0
2008-02-22,35.725599653199,35.725599653199,34.35964196334634,35.64405059814453,1863500.0
2008-02-25,35.59645695964185,36.26924076317753,34.80814302685097,36.15371322631836,1631800.0
2008-02-26,35.91587990673668,37.03039570303866,35.73239518984792,36.81292724609375,1686100.0
2008-02-27,36.50033193484193,37.58766419389721,36.36441507841022,37.14593505859375,1520800.0
2008-02-28,36.80612772535261,36.996409683675694,36.37799072672841,36.7381706237793,1670200.0
2008-02-29,36.1877133337833,36.1877133337833,34.27808846685011,34.414005279541016,2152000.0
2008-03-03,34.284880550405056,34.658649784503595,33.890722112426715,34.3188591003418,1747700.0
2008-03-04,33.673262910946214,34.48876123195473,33.38783992441197,34.33925247192383,1998500.0
2008-03-05,34.182956517809856,34.93729256500474,33.86355490475487,34.19654846191406,1588800.0
2008-03-06,33.94510348090096,34.04703917159542,32.776222229003906,32.776222229003906,1831800.0
2008-03-07,32.5723430024467,33.88393556524132,32.205368353370964,33.149986267089844,1583200.0
2008-03-10,33.122808656451156,33.313090676789855,31.96072213858783,31.99470329284668,2007500.0
2008-03-11,33.41502314784768,34.916900324634184,32.715054989740295,34.74020767211914,2152600.0
2008-03-12,34.746985737916596,35.27026354674082,33.65965431705194,33.78877639770508,1773500.0
2008-03-13,33.23152658477154,34.62466773036201,32.239335917212316,34.29167175292969,2221000.0
2008-03-14,34.61108759633706,34.84214542067387,32.70146256012988,33.149986267089844,2392800.0
2008-03-17,32.300502596031016,33.78199023173763,31.60053459478884,33.29948806762695,2712400.0
2008-03-18,34.278071902984834,34.96445030882293,33.68683703473338,34.9576530456543,2717500.0
2008-03-19,35.06641431443941,35.440186319429266,33.99267658777322,34.12859344482422,2221500.0
2008-03-20,34.31207368324578,36.90807500314047,34.31207368324578,36.83332061767578,2797500.0
2008-03-24,36.94884229873809,38.090539329402716,36.61584884369277,37.05757522583008,2524200.0
2008-03-25,37.20708587687179,37.59444711148577,36.34401708973609,37.159515380859375,1774200.0
2008-03-26,37.10513149614761,37.10513149614761,35.7935396076406,35.90227508544922,1838800.0
2008-03-27,36.34401290117269,36.34401290117269,35.04601253300214,35.07319641113281,1463200.0
2008-03-28,35.20231702516023,35.53531306149815,34.25090459293272,34.366432189941406,1186000.0
2008-03-31,34.488759039582064,35.62365883160765,34.31886367485506,35.236297607421875,2244300.0
2008-04-01,35.630452902673234,37.20708153855921,35.47414949222906,37.200286865234375,1786900.0
2008-04-02,37.3565949820775,37.96142208768198,36.765357224834744,37.13233184814453,1785200.0
2008-04-03,36.92166670685747,38.172094265109536,36.690608877093965,37.8187141418457,1460300.0
2008-04-04,37.947827493432136,38.03617380599156,36.914863399529274,37.08475875854492,1050900.0
2008-04-07,37.37699063414504,37.825514418058845,36.948853470100595,37.227481842041016,1392400.0
2008-04-08,37.07115963708965,37.281830774719666,36.20129639701179,36.41876220703125,1526400.0
2008-04-09,36.41877357346813,36.70419656605142,35.57609135234069,35.9158821105957,1309300.0
2008-04-10,35.841112029095775,36.61583414773713,35.72558188220558,36.065372467041016,1529000.0
2008-04-11,35.35183209636684,35.8887021362734,34.70622911352712,34.74020767211914,1387700.0
2008-04-14,34.658645872112444,34.80815458583366,33.78878264841859,33.849945068359375,1442400.0
2008-04-15,34.182959817225665,34.59071040251414,33.84316895901786,34.53634262084961,1171600.0
2008-04-16,34.76736686632938,35.33821505944706,34.69261253507411,34.9984245300293,2276800.0
2008-04-17,34.80816612175019,35.18193543752875,34.658657358479665,34.99165344238281,1865100.0
2008-04-18,35.51492136416498,36.46633632203369,34.998440662040124,35.446964263916016,2506700.0
2008-04-21,35.18873152133554,35.33144561580839,34.66545342132939,34.93049240112305,1153500.0
2008-04-22,34.971256413471956,35.03241884000516,34.06741454625593,34.1761474609375,1684400.0
2008-04-23,31.729663945373783,33.31309031645915,31.546176602432684,31.974313735961914,6352300.0
2008-04-24,31.974287647827268,32.66746062479433,31.722843387055555,32.51795196533203,4905300.0
2008-04-25,32.742238174730055,33.11600749606029,32.36846885339981,32.55195617675781,3983900.0
2008-04-28,32.75582489257895,32.75582489257895,31.98110249021578,32.252933502197266,3972900.0
2008-04-29,32.14420875952441,32.239349767550884,31.763644727418516,32.05586242675781,2418400.0
2008-04-30,32.15811194898158,32.86031546840447,32.01494522585668,32.37627410888672,3297300.0
2008-05-01,32.137662449128804,34.441975873210765,32.137662449128804,34.17609405517578,3547600.0
2008-05-02,34.44197553605179,35.14417649482582,33.88294130856168,34.40106964111328,2292000.0
2008-05-05,34.128374153476464,34.35335009161457,33.21482990020693,33.623878479003906,2119800.0
2008-05-06,33.364820847071556,34.27154896445239,32.758064185386296,34.01930236816406,2142600.0
2008-05-07,34.10109132180313,34.45560117656716,32.92166565533811,33.05119705200195,2134200.0
2008-05-08,33.242101133525374,33.55570784850281,32.424003896311724,32.67625045776367,2067600.0
2008-05-09,32.38990683575761,33.69886679306551,32.04221585060836,33.119380950927734,2337800.0
2008-05-12,32.97620896574477,34.14200210571289,32.97620896574477,34.14200210571289,1827500.0
2008-05-13,34.29881889229185,34.414715061035984,33.869315971453005,34.16928482055664,2039200.0
2008-05-14,34.36016545281142,34.76921398888437,34.16927388206583,34.44197463989258,1251500.0
2008-05-15,34.39425492721958,34.74876489820323,34.1351894482955,34.53060531616211,2282200.0
2008-05-16,34.121559802759926,34.57833329129775,33.821590977919946,33.97157669067383,1897100.0
2008-05-19,33.767052751022106,34.5919716432519,33.68524353715407,33.92385482788086,1860000.0
2008-05-20,33.46026002660003,33.54888557142136,32.56716742370233,32.82623291015625,2920600.0
2008-05-21,32.81942651785191,33.28301647071411,31.435475611886815,31.728628158569336,7334800.0
2008-05-22,31.558179349034365,32.05585608316637,30.801437122933827,31.967227935791016,8966900.0
2008-05-23,31.674064203389772,31.83768514016287,31.258196814730272,31.48317527770996,3233600.0
2008-05-27,31.503629751554925,31.844504349863893,31.155938805573165,31.38091468811035,2747100.0
2008-05-28,31.578619740549865,31.796779255802953,31.121849068197015,31.48317527770996,2803100.0
2008-05-29,31.489994092970953,32.30127729203204,31.1832090385586,32.05584716796875,1833200.0
2008-05-30,32.14447693305003,32.58761236799049,32.01494291613904,32.21946716308594,3060600.0
2008-06-02,31.9331378195472,31.960408416137327,31.203666265098295,31.55135726928711,2512800.0
2008-06-03,31.612720434762036,32.25356656529184,30.88324875054986,31.6740779876709,2158300.0
2008-06-04,31.524087208576066,32.43763132917149,31.32637929724811,31.796785354614258,2089500.0
2008-06-05,31.899062171956228,32.71034320284279,31.80361765075406,32.614898681640625,2071200.0
2008-06-06,31.974044146762303,32.45126659020603,31.0604999539786,31.20366668701172,2798700.0
2008-06-09,31.660444259780864,31.708166514339872,30.44011469234185,30.924156188964844,2241300.0
2008-06-10,30.78778825390146,31.73541905607474,30.549177116903277,31.155933380126953,2106300.0
2008-06-11,31.067325759569204,31.442287479553926,30.065153121948246,30.065153121948242,2883500.0
2008-06-12,30.160596264098,31.599085392891254,30.160596264098,30.808256149291992,2383700.0
2008-06-13,31.333206655000435,31.81043182908121,30.828713477201763,31.721803665161133,2466400.0
2008-06-16,31.217309094229694,32.13766984550205,31.217309094229694,31.93314552307129,1861000.0
2008-06-17,31.864953045302048,32.11038052878604,31.12184644636526,31.155933380126953,1262100.0
2008-06-18,30.937773883252515,31.217290901164535,30.549177116903277,31.155933380126953,2521500.0
2008-06-19,31.29913238676059,31.455934524536133,30.344681651718368,31.455934524536133,2484600.0
2008-06-20,30.453740424036784,31.31956235966495,30.276486747761464,30.392385482788086,3215800.0
2008-06-23,30.46737651130379,30.74689363156649,29.77881083478694,30.031057357788086,2085600.0
2008-06-24,30.0856050748866,30.45374781506196,29.57429296838253,30.112873077392578,1900800.0
2008-06-25,30.22876476942815,31.080951414257918,29.98333459961042,30.26285171508789,2426000.0
2008-06-26,29.315211366202863,30.290112789457808,29.301576072092097,29.356117248535156,2162000.0
2008-06-27,29.31522188275288,29.949248982689063,28.142612175229207,28.510757446289062,4252500.0
2008-06-30,28.503947953591673,28.53121595748807,27.679029069860967,27.72675132751465,3206300.0
2008-07-01,27.392697715809028,28.510766585732956,27.331340150963534,28.238065719604492,3768000.0
2008-07-02,28.183527765529774,28.565308466899562,27.276799575027127,27.331340789794922,3377300.0
2008-07-03,27.65176320484899,27.829016946892217,27.045003909364098,27.188173294067383,1733500.0
2008-07-07,27.27679253403667,27.733565987470577,26.015557175780554,26.86092758178711,4732600.0
2008-07-08,26.929095924971346,28.490302363515855,26.847286741487324,28.463031768798828,4253400.0
2008-07-09,28.551649703705603,28.62664251205925,26.888180429435288,27.038166046142578,2714500.0
2008-07-10,27.038173816858055,27.235881713762847,25.995098348038837,26.792743682861328,3410300.0
2008-07-11,26.424603711208235,27.413140790693564,26.056461038025795,26.663217544555664,3462700.0
2008-07-14,27.297252825994345,27.61085699735955,25.29972642035414,25.361083984375,3787900.0
2008-07-15,25.10883101379989,25.93374714272767,24.188467786730985,24.9520263671875,4588800.0
2008-07-16,25.088380598640835,27.331337034778517,24.604339087085645,27.26997947692871,4776700.0
2008-07-17,28.24487427843008,28.742550965417713,26.663216078487466,27.978992462158203,3595200.0
2008-07-18,28.5584848250704,28.56530377613075,26.765482994369773,27.126811981201172,4431500.0
2008-07-21,27.501763843191263,27.501763843191263,26.349608589069717,26.506410598754883,3694600.0
2008-07-22,26.16553023790978,27.754004230994635,25.25880271945102,27.71991729736328,4359400.0
2008-07-23,28.16989585156465,28.19716646223006,26.779125915651505,27.617677688598633,4885700.0
2008-07-24,28.64030211773035,29.560665720591217,27.82220460496767,28.374420166015625,5251000.0
2008-07-25,28.360783648265215,28.892550129629754,27.679034016329336,28.081266403198242,2723400.0
2008-07-28,27.7403736326474,28.82435494985989,27.304054566717024,27.379047393798828,3118200.0
2008-07-29,27.481326180340037,29.151610551009718,27.481326180340037,29.069801330566406,2662700.0
2008-07-30,29.567474484449907,29.874262273333464,28.45622469456976,29.444759368896484,2282200.0
2008-07-31,29.028889265862595,29.64246213514245,28.89253887246681,28.974348068237305,2307000.0
2008-08-01,29.158432848935057,29.362957223845925,28.340332748623055,29.178884506225586,1777300.0
2008-08-04,28.974350913580068,29.049343767345576,28.047171268238674,28.313053131103516,1871000.0
2008-08-05,29.137982110209396,29.996985552182245,28.640302561323452,29.833364486694336,2656200.0
2008-08-06,29.82649288029396,29.86071274779162,29.278964557097225,29.545883178710938,1428100.0
2008-08-07,29.190023077017173,29.40903358445853,28.27975853417994,28.51930046081543,2097400.0
2008-08-08,28.471371077978404,29.99075763727176,28.471371077978404,29.689619064331055,2083900.0
2008-08-11,29.566428361854705,31.106346478505372,29.34741799412915,30.31243324279785,2266500.0
2008-08-12,29.84018694584318,29.93600625632257,28.539813347619624,28.840951919555664,1830100.0
2008-08-13,28.6219378329926,29.491136169081607,28.09494344288467,28.97098731994629,2635900.0
2008-08-14,27.602178726706157,30.05920119255627,27.602178726706157,29.847036361694336,2576800.0
2008-08-15,30.182397342281956,30.95577925645756,30.01814085393215,30.572509765625,2237400.0
2008-08-18,30.62727388033181,30.62727388033181,29.7101665803766,29.908645629882812,2442300.0
2008-08-19,29.491148802031756,29.963389509885413,28.923088755178345,29.183164596557617,2092000.0
2008-08-20,29.28582249480032,29.696466300229293,28.98468126739674,29.58011817932129,1704900.0
2008-08-21,29.13527168915492,29.58698122655223,28.96416955209819,29.38850212097168,1787000.0
2008-08-22,29.71698855899291,30.4082419719971,29.69645715828487,30.387710571289062,1519800.0
2008-08-25,30.223472343033595,30.59305347509988,29.43640170372325,29.49115562438965,1195600.0
2008-08-26,29.429542438373097,29.593801498413082,28.998364690226175,29.593801498413086,1532800.0
2008-08-27,29.51852573132341,30.182399895000824,29.326889664294338,30.14818000793457,1487000.0
2008-08-28,30.69571621331645,31.209022521972653,30.23716383077281,31.209022521972656,1738800.0
2008-08-29,30.812066628265015,31.195336273985045,30.70256138817513,30.764158248901367,1613600.0
2008-09-02,31.44171099138221,31.955017128701655,30.127648533033238,30.839433670043945,2542000.0
2008-09-03,30.702550562918073,31.414335677943043,30.394566367877466,31.332204818725586,2549700.0
2008-09-04,31.332221952542675,31.688114704672742,30.079755688887953,30.230323791503906,2498100.0
2008-09-05,29.80598241194627,30.428793891211633,28.90256362028246,30.367197036743164,2861800.0
2008-09-08,32.01661506027749,33.06376139143163,30.695707013046455,31.98239517211914,4694300.0
2008-09-09,31.626503889723434,31.92079963942393,29.265294958530948,29.272140502929688,4239600.0
2008-09-10,29.669089248772362,29.840191268917092,28.690385484679734,29.04627799987793,3538600.0
2008-09-11,28.48506342663397,30.059201481180832,28.10179657452738,29.92916488647461,3909100.0
2008-09-12,29.326905943714245,30.791542464786623,28.498772207286198,30.593063354492188,2758800.0
2008-09-15,28.067582319410775,30.78468401730912,28.067582319410775,28.6219539642334,5154300.0
2008-09-16,27.567969898938642,28.943632264074672,26.58926566449807,28.786218643188477,6169300.0
2008-09-17,27.944381249957694,28.560346913378762,25.69267819403767,25.891157150268555,6643900.0
2008-09-18,26.425003202314027,27.814351127608585,21.921595621164315,27.06834602355957,9904700.0
2008-09-19,32.1055931305396,34.05615573404467,27.889638122470902,29.771760940551758,8272100.0
2008-09-22,29.42955655184659,30.78468465651809,28.00598605149849,28.231842041015625,4026000.0
2008-09-23,28.60827014904259,28.991539786921912,27.0409743110351,27.54743766784668,2910300.0
2008-09-24,27.547440394302086,28.211317433052884,26.322348629675112,27.889644622802734,2316200.0
2008-09-25,28.84097401104514,28.84097401104514,27.50637690283374,28.252382278442383,2922700.0
2008-09-26,28.252378226838864,28.382417495186044,26.876718476486648,27.650100708007812,2258600.0
2008-09-29,27.437926810712423,27.74591104496792,24.57025718688965,24.57025718688965,2939600.0
2008-09-30,25.329950182897257,29.08735292070493,23.851628350653847,26.144397735595703,2567300.0
2008-10-01,25.665308763527293,26.999905341392754,25.097248676372317,26.575572967529297,2425300.0
2008-10-02,26.43868930962028,27.02043523117263,21.51094978238778,22.948205947875977,3413000.0
2008-10-03,23.180908662679332,24.275963522048123,21.921597271432045,22.551254272460938,2869400.0
2008-10-06,21.634138194175055,23.18774473184838,20.183192599674722,21.75733184814453,2829400.0
2008-10-07,21.14820809649806,21.976342500637667,19.355059769373998,19.3961238861084,2795800.0
2008-10-08,18.704872332412307,19.16342578739839,16.172561974058464,17.66457176208496,5633300.0
2008-10-09,18.034152749712558,18.417420900086643,14.098806381225586,14.098806381225586,6517900.0
2008-10-10,13.612873979927295,15.515528588911954,11.299575637056455,14.796900749206543,6966200.0
2008-10-13,15.65241548174249,17.650887397950985,15.187017715509624,17.466096878051758,4248800.0
2008-10-14,17.80830000825988,21.134522660842745,17.80830000825988,20.737565994262695,6684200.0
2008-10-15,19.847836035767926,20.060002193395512,17.500315909569206,17.65088653564453,3971600.0
2008-10-16,17.493470694650174,18.13681467505218,14.899564670877766,16.32313346862793,5242900.0
2008-10-17,15.926174085138522,18.075214735031818,15.830356079798662,16.966474533081055,3168900.0
2008-10-20,17.11705303934154,18.355831790888185,16.836445719467523,18.225793838500977,3265600.0
2008-10-21,17.869897719412744,18.547461650418928,17.206020959685738,17.623510360717773,2599100.0
2008-10-22,17.021228879379755,17.021228879379755,14.372569135707069,14.933783531188965,3730900.0
2008-10-23,15.002229144822486,15.46078273225978,13.667632512688604,14.913256645202637,3713400.0
2008-10-24,13.366496343023869,14.940635119790493,13.058512044984335,14.666872024536133,3727300.0
2008-10-27,13.989309697995482,15.043298078481165,13.76345495179101,13.790830612182617,3400100.0
2008-10-28,14.324664615153932,16.453174650827147,13.77029430846984,16.3094482421875,3994900.0
2008-10-29,16.309448819900933,16.42579827657622,14.76268599220805,14.913256645202637,3326600.0
2008-10-30,15.73454754423332,16.083595953489606,12.736839596216573,13.003758430480957,6133200.0
2008-10-31,12.914786683776644,14.810596901156268,11.662319402648988,14.783221244812012,7211700.0
2008-11-03,14.707936153097052,14.981699248176895,14.372576198448566,14.865349769592285,4546800.0
2008-11-04,15.193865737487648,16.131504436415444,15.125424642103317,16.05621910095215,3874000.0
2008-11-05,15.883865124702549,16.72493733718206,14.884229029474602,14.99453353881836,2646500.0
2008-11-06,14.829077977035363,15.408177355505938,13.37443533409932,13.546786308288574,3142500.0
2008-11-07,13.850125978863284,14.622257695387843,13.588151731699297,14.49816608428955,2211600.0
2008-11-10,14.739454459365751,14.739454459365751,13.02283894622878,13.40201187133789,2556900.0
2008-11-11,13.18829553501734,13.215872321153736,11.97494587355378,12.347223281860352,2972100.0
2008-11-12,12.409273048976416,13.326180393886762,11.850856129953966,11.988736152648926,5439600.0
2008-11-13,12.388584578286215,13.657087549093477,11.32690351583227,13.608829498291016,6380200.0
2008-11-14,13.243444309081193,13.85701448990009,12.202445889971688,12.409266471862793,5301200.0
2008-11-17,12.243813012152795,12.402375588263732,11.161449135754639,11.244176864624023,4082300.0
2008-11-18,11.285540332007713,11.41652610200299,10.47893720828938,11.030460357666016,5303800.0
2008-11-19,10.809850463710765,11.037353637108083,9.472406888166985,9.624075889587402,4366800.0
2008-11-20,9.375892646007694,10.1066603606206,8.665806205388135,8.907097816467285,4991900.0
2008-11-21,8.9553547952432,9.458619888143243,8.093600084597012,8.527924537658691,6927100.0
2008-11-24,9.927415990868468,11.058039291712378,9.079449501435734,10.899476051330566,5537000.0
2008-11-25,11.18902375374102,12.016308868943607,10.44446767603207,11.706076622009277,5340400.0
2008-11-26,10.989095341493954,12.34032670005908,10.789168282916458,12.278280258178711,3490200.0
2008-11-28,12.223130149961964,12.753971438950995,12.202448875672465,12.726394653320312,1143800.0
2008-12-01,11.968048797268507,12.078353285405553,10.237645331585416,10.644392967224121,5310200.0
2008-12-02,10.892582092819598,11.892217647650478,10.478939476871117,11.726760864257812,4677000.0
2008-12-03,11.230392740491922,12.14730008540227,10.906371991544294,11.988736152648926,3825200.0
2008-12-04,11.637133902456833,12.298962139645463,11.237279808194213,11.581981658935547,3401300.0
2008-12-05,11.37516264152845,15.008320964437004,11.223494279684092,14.691194534301758,7294900.0
2008-12-08,15.194461447717297,15.711514333942882,13.546785356123657,14.181036949157715,5288900.0
2008-12-09,13.877701629452432,14.656728868302478,13.657092564801223,14.022477149963379,3954400.0
2008-12-10,14.132776447759507,14.767027931183119,14.015577761205147,14.622252464294434,2767700.0
2008-12-11,14.443017569732149,15.077269444776187,13.781188897326423,13.946645736694336,3788000.0
2008-12-12,13.312387500540494,14.380964218890455,13.167613328371852,14.112095832824707,2543500.0
2008-12-15,14.194821737635177,14.353384266901212,12.733285371751627,12.947001457214355,2352000.0
2008-12-16,13.305495236825163,15.194463149928845,13.140038452489133,15.02900505065918,4625600.0
2008-12-17,14.62225582262924,15.394388755195907,14.125885497007959,15.125521659851074,3373600.0
2008-12-18,15.042794452298189,15.484012573413077,14.443013733274356,14.505060195922852,3407100.0
2008-12-19,14.808388063329218,15.814917938584712,14.518838517289465,15.7528715133667,3193800.0
2008-12-22,15.732195701780203,15.732195701780203,13.843229303948007,14.174142837524414,3532800.0
2008-12-23,14.456800722595398,14.5671052521816,13.739821280285087,13.781185150146484,1840200.0
2008-12-24,13.960428011456338,14.18103703384061,13.608831888931345,14.174142837524414,626300.0
2008-12-26,14.2706644612154,14.387863203135998,13.581260406372799,13.822550773620605,1105300.0
2008-12-29,13.788070678710938,13.815647451236146,13.105561337906693,13.61571979522705,1540600.0
2008-12-30,13.657086562432484,15.187563576930783,13.657086562432484,15.10483455657959,2383700.0
2008-12-31,15.235818758846266,16.207877661758516,15.097937522503326,16.104467391967773,2869300.0
2009-01-02,16.13204615043499,16.690462773487525,15.463325041716113,16.54568862915039,3214400.0
2009-01-05,16.421595319177285,16.849026176015354,15.918330952285022,16.64220428466797,3226900.0
2009-01-06,16.793876546009866,17.655631273289792,16.600843013723154,17.304035186767578,4051200.0
2009-01-07,16.780092213548016,16.94554900341435,15.718409501571958,15.856290817260742,3699300.0
2009-01-08,15.690838225971625,16.421606238821305,15.497804595341847,16.407817840576172,2986300.0
2009-01-09,16.57326757147787,16.62841982151052,15.628783810368736,15.718405723571777,3198600.0
2009-01-12,16.007960301371714,16.007960301371714,14.229298045663747,14.43612003326416,3179400.0
2009-01-13,14.194829345396212,15.201358616641471,14.05005381265332,14.891127586364746,2652100.0
2009-01-14,14.33960156956437,14.43611901628539,13.402013095934104,13.843231201171875,3789900.0
2009-01-15,13.857018260354627,14.505058276174122,13.015944684628556,13.76739501953125,4128300.0
2009-01-16,14.305128776467596,14.877333874928965,13.739817873762798,14.691194534301758,5900100.0
2009-01-20,13.884589697267606,14.67740498137666,12.11971664428711,12.11971664428711,5735400.0
2009-01-21,12.478207521754708,14.353385155773722,12.147294053680746,14.139670372009277,6885300.0
2009-01-22,13.615722956720491,14.374067283119409,12.974577310900797,13.222763061523438,4716600.0
2009-01-23,12.471315656340048,13.836334953319188,12.471315656340048,13.41579818725586,5137400.0
2009-01-26,13.539889033431434,14.546419177642091,13.284810385982578,13.732922554016113,4014200.0
2009-01-27,14.029369921502393,14.270661554537297,13.443376331255802,14.11899185180664,2946200.0
2009-01-28,14.884231109162789,15.71840924199655,14.636045270995018,15.249615669250488,6232000.0
2009-01-29,14.670517311879307,15.256509648688306,13.788079735435296,14.642940521240234,4245400.0
2009-01-30,14.89112526077411,15.056582047401934,13.719138045159976,13.891489028930664,3454900.0
2009-02-02,13.436482217645318,14.849761039937794,13.250342844012605,14.71187973022461,3895400.0
2009-02-03,14.918700668387812,14.973852930353004,13.650197328254743,14.360283851623535,3921200.0
2009-02-04,14.589657656793547,14.985851106181048,14.221266581979755,14.443692207336426,3855400.0
2009-02-05,14.304680477423805,15.590572821356865,14.089207040838911,15.201330184936523,4015000.0
2009-02-06,15.479357848301651,15.750437326922983,14.839887255185692,15.069262504577637,6629300.0
2009-02-09,15.055362706512685,15.715686167190183,14.686971541768413,15.1735258102417,4051500.0
2009-02-10,14.97890004788347,15.333389269381037,13.658254786419246,13.811172485351562,5162300.0
2009-02-11,14.130909695464712,14.492349908835813,13.644355460099492,14.464546203613281,2879200.0
2009-02-12,13.734718805590731,14.68002375206074,13.581802374854536,14.554909706115723,3308400.0
2009-02-13,14.422844434923238,14.686973050881699,14.123961181500595,14.221271514892578,2866500.0
2009-02-17,13.421927928026259,13.651303138525295,12.497476161378222,12.53918170928955,4961300.0
2009-02-18,12.740750481457939,13.1438947443036,12.156886193784496,12.935372352600098,5745400.0
2009-02-19,12.997933300336292,13.206455755650449,11.79544974238077,11.878859519958496,4688000.0
2009-02-20,11.42010627071625,12.316754200654426,11.058666199007215,11.920560836791992,6031400.0
2009-02-23,12.142989098513622,12.302857742172787,11.037817736297603,11.114275932312012,4746400.0
2009-02-24,11.1976823933598,12.365411078982453,11.072568416221207,12.337607383728027,4529500.0
2009-02-25,12.122137844726481,12.261152387273368,11.343651368600337,11.732893943786621,5049800.0
2009-02-26,12.219447318426562,12.295906173319567,11.364503366590803,11.607780456542969,3881900.0
2009-02-27,11.149025931526342,11.531317415710221,10.808437996653494,11.079517364501953,3879500.0
2009-03-02,10.592971063866123,11.058672607669305,10.328841780598875,10.419201850891113,4579900.0
2009-03-03,10.572114200773164,10.579065125264123,9.946545579873046,10.127264976501465,4221700.0
2009-03-04,10.565164272058492,11.037816575965289,9.953496779613435,10.752835273742676,4287700.0
2009-03-05,10.440051318616058,10.70417985513576,9.619860681694334,9.877038955688477,4978600.0
2009-03-06,10.043857744697373,10.231528763699234,9.383535041050644,9.870088577270508,4953300.0
2009-03-09,9.897891624998541,10.231528771405326,9.404387162619486,9.592058181762695,3871700.0
2009-03-10,9.911791304774205,10.919652123197586,9.73802217529167,10.905750274658203,5233900.0
2009-03-11,10.975258096564643,11.795447929863899,10.599916806647597,11.586925506591797,4642200.0
2009-03-12,11.350603631421272,12.421022496445353,11.135130203356141,12.33066177368164,4289600.0
2009-03-13,12.469671931311312,12.817210157624034,11.934462744608972,12.448819160461426,3380600.0
2009-03-16,12.754656680111049,13.032687072507171,11.649484710302161,11.725943565368652,4591300.0
2009-03-17,11.830205456231466,12.726853687408669,11.705091441240796,12.706002235412598,4812100.0
2009-03-18,12.302860716351729,14.110059457089335,12.233352766534004,14.019700050354004,6902500.0
2009-03-19,14.283830085920561,14.283830085920561,13.35937784116116,13.477540969848633,4788600.0
2009-03-20,13.352419997872067,13.686057752161515,12.907571426490561,13.018783569335938,4340000.0
2009-03-23,13.616549969003398,15.215225532870988,13.505337825034522,15.194374084472656,4805800.0
2009-03-24,14.381135722315419,15.166571724133636,13.998842783648875,14.318578720092773,4236800.0
2009-03-25,14.332485526470341,14.958054439245107,13.83898026338149,14.805136680603027,3550600.0
2009-03-26,15.083161037148594,15.131816181501774,14.471492956200247,14.944145202636719,4202000.0
2009-03-27,14.443696046917484,14.846840528555031,14.318582013693115,14.395039558410645,3022600.0
2009-03-30,13.352421565217526,14.144809833195286,13.039637873906953,13.129997253417969,3650000.0
2009-03-31,13.463634716904192,14.408938018884822,13.352421237976559,14.242119789123535,4187300.0
2009-04-01,13.734715157608143,14.700871304619017,13.734715157608143,14.596610069274902,2829200.0
2009-04-02,15.138770650965292,15.472407141020117,14.846838390728928,15.131819725036621,4404500.0
2009-04-03,15.236083381116327,15.910307394184548,14.958052928601274,15.875554084777832,2788500.0
2009-04-06,15.54191318517086,15.722633260086033,15.020605735676346,15.368144035339355,3071100.0
2009-04-07,14.867683293056869,14.867683293056869,14.339425086975098,14.339425086975098,2786700.0
2009-04-08,14.819031353935744,15.347289673917448,14.819031353935744,15.29863452911377,3203900.0
2009-04-09,15.979811854271436,16.862559508553602,15.639224458488112,16.80695343017578,4115500.0
2009-04-13,15.952010668671694,17.154493031945325,15.94505974263644,16.897314071655273,3054300.0
2009-04-14,16.410758016672773,16.65403375223068,15.284733405398091,15.39594554901123,4245400.0
2009-04-15,14.923292700870556,16.396855535606772,14.881588480060584,16.341249465942383,3345900.0
2009-04-16,16.4663694380458,17.26570747711033,16.06322495503694,17.112791061401367,4572200.0
2009-04-17,17.2240073916019,17.557644011228778,16.647093573005986,17.279613494873047,3980800.0
2009-04-20,17.731409989005037,17.766163300000866,16.4872218341976,16.521976470947266,6104200.0
2009-04-21,16.007618145309134,16.841709455877123,15.437654092562221,16.820858001708984,6732900.0
2009-04-22,16.93901501003472,18.384774087392067,16.556722136836097,17.620189666748047,8391100.0
2009-04-23,17.585437792188063,18.32221995707989,17.140589183765396,18.190155029296875,3807600.0
2009-04-24,18.19710660559777,18.683659457030103,17.634094899699633,18.377826690673828,3844500.0
2009-04-27,17.835668120804836,18.45428596320086,17.828717194673537,17.988584518432617,2869000.0
2009-04-28,17.46033366194279,18.23186817911068,17.182301819832986,17.279613494873047,4098800.0
2009-04-29,17.446432523112485,18.377835785573957,17.349120844065226,18.29442596435547,4339100.0
2009-04-30,18.49730130379507,18.812118408564203,18.175486751075876,18.434337615966797,2905900.0
2009-05-01,18.427335643905977,18.51128631140563,18.070541971102937,18.504291534423828,3387700.0
2009-05-04,18.140495179689776,18.819101722733173,17.67176656374849,18.791118621826172,4851200.0
2009-05-05,18.434331946590454,18.672194397594602,18.18947338416009,18.350379943847656,2903500.0
2009-05-06,18.840101363789696,19.525704427397958,18.266433439775756,19.30883026123047,3817100.0
2009-05-07,19.889485973865412,20.673031623086203,18.707170055569602,18.81910514831543,4206000.0
2009-05-08,19.161914560856854,20.323242635189263,19.084959986350956,20.302255630493164,4867300.0
2009-05-11,19.497725676172426,19.693611547144783,18.16849326065898,18.266437530517578,4334300.0
2009-05-12,18.392358189577816,18.62322454895289,17.42691607992066,17.95161247253418,4236800.0
2009-05-13,17.692758099822537,17.867656848926178,16.99316310340798,17.112092971801758,3666000.0
2009-05-14,17.0631239547396,17.825682715695777,16.88822518083904,17.53185272216797,2676500.0
2009-05-15,17.566841908678672,18.245449004458695,17.18206361642147,17.769723892211914,3024500.0
2009-05-18,18.147506244942335,19.315830693271014,17.811699416700844,19.1968994140625,4330300.0
2009-05-19,19.098956501147764,20.624074895455973,18.812122454626223,20.246294021606445,6921600.0
2009-05-20,20.582091884668195,20.875921936994235,19.294836544418104,19.63064193725586,4554800.0
2009-05-21,19.308835795272245,19.889499998729594,19.070973221868268,19.847524642944336,3012000.0
2009-05-22,19.924481599904286,20.344239210602282,19.707607345886508,20.099380493164062,2911300.0
2009-05-26,19.910486474661372,20.840949732579634,19.630648552988287,20.791976928710938,3590000.0
2009-05-27,20.847947814849817,21.04383505823095,19.93847409178082,20.043413162231445,4094200.0
2009-05-28,20.31625012015094,20.638063348820296,19.88250040501804,20.62407112121582,2790500.0
2009-05-29,20.533120869788558,21.162756328386816,20.001428319264775,21.127777099609375,2991300.0
2009-06-01,21.37263419980328,21.79938772622841,20.98785734882366,21.63848114013672,4380900.0
2009-06-02,21.52654440173741,21.77839776376117,20.90390377280049,20.966867446899414,4823600.0
2009-06-03,20.58209597711313,20.903909208977442,20.26028141087654,20.561107635498047,3839500.0
2009-06-04,20.75699163943864,21.4425946813175,20.51912914174645,21.372634887695312,3749600.0
2009-06-05,21.65946749291601,21.666463605280125,20.498139527912922,20.742998123168945,4173900.0
2009-06-08,20.526119539918355,20.65204686650475,19.777553025623334,19.96644401550293,4702900.0
2009-06-09,20.07138292259974,20.365212905238106,19.812532159696442,19.86150360107422,4113500.0
2009-06-10,18.90306646612941,19.26685636431574,17.944620260210087,18.420345306396484,7788300.0
2009-06-11,18.322396589990937,18.560259037846627,17.923627584577513,17.972599029541016,6102200.0
2009-06-12,17.482889134284935,17.496881362733106,16.96518869105375,17.01416015625,34678200.0
2009-06-15,16.958191599529084,17.34996463289355,16.846256447139236,17.335973739624023,9249200.0
2009-06-16,17.342972578797898,17.38494793394722,16.92321502418724,17.077125549316406,5218900.0
2009-06-17,17.00016365817637,17.07012344847433,16.62238292556259,16.685346603393555,5617400.0
2009-06-18,16.7413122117304,16.923207111493134,16.615384870789132,16.678348541259766,4392400.0
2009-06-19,16.82526624869388,16.84625458784012,16.398514027697274,16.790287017822266,6816300.0
2009-06-22,16.531434903569554,16.692342822595357,15.91579168062934,15.94377613067627,6262000.0
2009-06-23,16.069702317244776,16.23760501612877,15.775872260604771,16.097686767578125,4763800.0
2009-06-24,16.244602562559763,16.895226412145803,16.153655759692928,16.755308151245117,4715400.0
2009-06-25,16.587407629964687,16.90922223376721,16.461481568691458,16.811279296875,3155000.0
2009-06-26,16.755311725390815,16.860250777044353,16.552428402404523,16.713335037231445,2909300.0
2009-06-29,16.531441262633084,17.000170306246545,16.482469790585377,16.895231246948242,3662600.0
2009-06-30,16.916215694380096,17.07712230384964,16.636377822613014,16.97917938232422,5417800.0
2009-07-01,17.070130979788978,17.398941738948583,16.79029302950508,17.2170467376709,3113900.0
2009-07-02,16.979177985769002,17.133088468988547,16.328554153442383,16.328554153442383,3091600.0
2009-07-06,16.223613919223784,16.601394653320312,16.05571122247288,16.601394653320312,3191900.0
2009-07-07,16.433495199533507,16.580410922165214,15.761884279995087,15.789867401123047,2765400.0
2009-07-08,15.929781882904173,15.97875332989593,15.111255504175489,15.398089408874512,3929500.0
2009-07-09,15.635952574778855,15.97875405361947,15.552000565867807,15.761879920959473,2108300.0
2009-07-10,15.593974982264987,15.70591008837674,15.363107324741309,15.489034652709961,2001400.0
2009-07-13,15.754891540324069,16.391523361206055,15.405093777889018,16.391523361206055,2996000.0
2009-07-14,16.34954395520937,16.461479104723765,15.992750165742654,16.447486877441406,1946900.0
2009-07-15,16.664356622668706,17.252016668225398,16.63637350993223,17.07012176513672,2977800.0
2009-07-16,16.853250899295986,17.426918832325622,16.68534818726576,17.273008346557617,2331300.0
2009-07-17,17.273006184029356,17.37794519911368,16.965183916659626,17.231029510498047,1986200.0
2009-07-20,17.30099272492325,17.524863023937048,17.196053689057067,17.454904556274414,2407800.0
2009-07-21,17.468896820606098,17.59482420728054,17.231034275637118,17.559844970703125,3301700.0
2009-07-22,17.30798465771594,17.594818575837436,17.24502098453104,17.48288345336914,2641100.0
2009-07-23,17.545853422456403,18.525286762685745,17.391942907428437,18.308412551879883,4818900.0
2009-07-24,17.252017184175752,18.392358084879362,16.853248141558975,18.028568267822266,6799300.0
2009-07-27,18.056552912071226,19.09195488949615,18.035565908705095,19.04298210144043,4364700.0
2009-07-28,18.826113583661016,19.04298780104481,18.378372919546745,18.672203063964844,4063600.0
2009-07-29,18.630218864172775,18.707174760178265,18.182478380588616,18.595239639282227,2565700.0
2009-07-30,18.813505264020183,19.91894067442592,18.72197307995391,19.742916107177734,4240600.0
2009-07-31,19.693631334156343,19.890779365313943,19.524647883004583,19.57393455505371,3983200.0
2009-08-03,20.073856873856492,20.073856873856492,19.376799225626645,19.51761817932129,3531300.0
2009-08-04,19.433121718462957,19.95415452371715,19.25709706764891,19.93303108215332,2570200.0
2009-08-05,19.848540467979465,20.40477767927553,19.426081027511664,20.270999908447266,2793700.0
2009-08-06,20.53151206853181,20.707536692811377,19.573937682703345,19.714757919311523,3938300.0
2009-08-07,20.017524574325297,21.073672535604832,19.84854106167596,20.841320037841797,3962300.0
2009-08-10,20.806106665892578,20.939885734597983,20.228746207110746,20.503345489501953,1676400.0
2009-08-11,20.411813647198763,20.510386999209356,19.510567159086534,19.5880184173584,2673800.0
2009-08-12,19.64434774656638,20.594880983634056,19.433118735200807,20.221708297729492,2108200.0
2009-08-13,20.369575434537726,20.65825579167259,20.144264067306775,20.538558959960938,1825700.0
2009-08-14,20.418859170262387,20.53151483755795,20.130178854947317,20.32028579711914,2389900.0
2009-08-17,19.883739480185046,20.066805232939128,19.24301001702634,19.26413345336914,2148000.0
2009-08-18,19.38382582883613,19.785161627288254,19.3767846849909,19.742916107177734,2003900.0
2009-08-19,19.433121108005313,19.792211545541146,19.292300854593098,19.735883712768555,1397700.0
2009-08-20,19.77813091491282,20.545598540332968,19.749966324677196,20.52447509765625,2451500.0
2009-08-21,20.594879913789377,21.031421549018795,20.418855299141605,20.9962158203125,2318700.0
2009-08-24,21.10887147260727,21.43979860773993,20.742739951718942,20.883560180664062,2301900.0
2009-08-25,21.115905943767473,21.559488584658514,20.97508710229539,21.376422882080078,2695900.0
2009-08-26,21.256732840894145,21.348265049608045,20.89764246585734,20.9962158203125,2594500.0
2009-08-27,21.115916408393655,21.179285388496776,20.552638077434224,21.165203094482422,1952700.0
2009-08-28,21.376428604999813,21.39755069824701,20.876518025091194,21.26377296447754,1351900.0
2009-08-31,20.918770326129945,21.249697552379097,20.792033696737537,21.14408302307129,2616300.0
2009-09-01,21.122951676360277,21.151116256550083,19.76404157030732,19.890779495239258,3623700.0
2009-09-02,20.01752322069183,20.01752322069183,19.531694815326897,19.7218017578125,2362400.0
2009-09-03,20.003432945285514,20.369564389997258,19.735876177510598,20.35548210144043,2224900.0
2009-09-04,20.35549240154997,20.503353820294283,20.13018104247448,20.418861389160156,1770900.0
2009-09-08,20.693458184205195,20.841319593975285,20.334367723862467,20.8201961517334,1986900.0
2009-09-09,20.806111989159493,21.2074492979583,20.55263741981882,21.19336700439453,1907100.0
2009-09-10,21.144079869654245,21.848178417312855,20.693455885938977,21.827054977416992,2625500.0
2009-09-11,21.88338048433924,21.925626016684717,21.28489651377308,21.298978805541992,2617100.0
2009-09-14,21.024380444037938,22.291757134774496,21.003257006773207,22.270633697509766,2966100.0
2009-09-15,22.355130704796,22.517073061606595,22.10165477729315,22.334007263183594,2571600.0
2009-09-16,22.42553465504043,23.453519033261365,22.31287901673692,23.277494430541992,3723500.0
2009-09-17,23.235250958087548,23.699955869812392,22.946570674833065,22.974735260009766,2322200.0
2009-09-18,23.12259618605368,23.249334138264622,22.700138135965723,23.066267013549805,2769100.0
2009-09-21,22.86207839596446,23.024020723280735,22.650846704234727,22.72125816345215,2088400.0
2009-09-22,23.024028389810685,23.34791315229022,22.876168305103516,23.150766372680664,3200400.0
2009-09-23,23.059221569955355,23.326779702061888,22.545230083225785,22.59451675415039,2005600.0
2009-09-24,22.714222329684127,22.714222329684127,21.77073133007565,22.017166137695312,2259700.0
2009-09-25,21.791844535179415,22.10164684317858,21.411630780415397,21.78480339050293,2704500.0
2009-09-28,21.911552732151158,23.05219324814499,21.869305842067206,23.045150756835938,1762200.0
2009-09-29,23.214132662593325,23.509852797593513,22.72830288948856,22.770549774169922,1978000.0
2009-09-30,25.453160894111182,26.305119402515725,24.213946076502282,25.579898834228516,11595000.0
2009-10-01,25.199679440827904,26.55858940917131,25.199679440827904,26.030515670776367,8959200.0
2009-10-02,25.509488371609415,26.61492280342218,25.432037106743625,25.65030860900879,5499100.0
2009-10-05,25.924905473060996,25.924905473060996,25.101111551687733,25.488365173339844,5405800.0
2009-10-06,25.833370662386027,26.002355468913496,25.22080577482841,25.685510635375977,3094400.0
2009-10-07,25.55173522276055,25.875619888305664,25.340506209836455,25.875619888305664,2384800.0
2009-10-08,26.05165045592454,26.157266329439476,25.777052407893596,25.99532127380371,3077300.0
2009-10-09,26.009398995825872,26.09389275414968,25.70663640997246,25.819292068481445,2893100.0
2009-10-12,26.12909960050835,26.382575527466326,25.86154137917238,25.988279342651367,2079900.0
2009-10-13,25.227846145629883,25.530605976793236,25.030696773576572,25.227846145629883,3547900.0
2009-10-14,25.60805112174089,26.551542829697148,25.55876446196061,26.495216369628906,3584500.0
2009-10-15,26.22061964807396,26.467052957786777,25.65029910655363,26.234699249267578,2144700.0
2009-10-16,25.692552220555314,25.85449453290927,25.094066959154393,25.417951583862305,2846400.0
2009-10-19,25.608062843857127,25.82633435559915,25.417955918002345,25.699596405029297,1673200.0
2009-10-20,25.593979043659925,25.85449741889064,25.03070078870075,25.122234344482422,2473800.0
2009-10-21,25.03071238014917,25.77001560001646,24.946221274259035,24.988468170166016,3450200.0
2009-10-22,26.305117221427697,27.002173148354125,25.643262992154252,26.924724578857422,5944100.0
2009-10-23,27.002170468051094,27.002170468051094,25.833367322282836,26.10092544555664,4643700.0
2009-10-26,26.072764011757517,26.621962613760658,25.537650386591924,25.791126251220703,3147400.0
2009-10-27,25.889716310916732,25.939003017968354,25.298273140373187,25.389806747436523,3139400.0
2009-10-28,25.270090412672538,25.57285293075725,24.798345787609758,24.80538558959961,6646200.0
2009-10-29,25.272354366235273,25.272354366235273,24.69926811082151,25.10962677001953,7018900.0
2009-10-30,24.840766251327874,25.09547120309714,24.402109222695366,24.52945899963379,6102400.0
2009-11-02,24.741710484144694,25.350171604383632,24.15447387309455,24.904438018798828,3238600.0
2009-11-03,24.614360007042457,25.399699297419883,24.52945656558018,24.932741165161133,3439500.0
2009-11-04,25.343099708625694,26.88547730688367,25.286500107221137,26.17089080810547,5664800.0
2009-11-05,26.057689112982192,26.67322428997381,25.866660396202814,26.3406925201416,3458000.0
2009-11-06,25.951557342390977,26.828871284548075,25.64732676757715,26.76519775390625,2623900.0
2009-11-09,27.06235237159847,27.741563704942546,26.871323678043087,27.7132625579834,2274100.0
2009-11-10,27.607131448666706,27.607131448666706,27.25337528356172,27.3665771484375,2503200.0
2009-11-11,27.6778889155294,28.15899764311276,27.5434625088899,27.692039489746094,1852400.0
2009-11-12,27.39488416251519,27.826467208300567,27.118954726408717,27.18970489501953,1494900.0
2009-11-13,27.232149959460063,28.059938065451167,27.2179993894074,27.65665626525879,2531800.0
2009-11-16,28.03872135537531,28.300500226768026,27.345359423693015,27.45148468017578,3641200.0
2009-11-17,27.302915734757832,27.65667209167413,27.01283563004434,27.111886978149414,2961400.0
2009-11-18,27.06236237928804,27.30999075938903,26.970384967130418,27.210939407348633,3054700.0
2009-11-19,26.885477739878613,27.09773097171998,26.43974406374935,26.743974685668945,3037900.0
2009-11-20,26.53878608191449,26.821792091052213,26.43266085269684,26.58123779296875,2170500.0
2009-11-23,26.885484604445978,27.274616078668306,26.850109506597942,27.104814529418945,1840500.0
2009-11-24,27.069428336180643,27.104806122002095,26.708598131738484,26.984527587890625,1868200.0
2009-11-25,27.069428336180643,27.189706870292113,26.920851351936584,26.984527587890625,1127700.0
2009-11-27,26.015241884820988,26.60955265122857,25.590732652274596,26.21334457397461,1229600.0
2009-11-30,26.27701315247411,27.03405129237984,26.21333692112943,26.970375061035156,2427600.0
2009-12-01,27.232152924870018,27.656659276894818,26.913771811378638,27.536380767822266,3230900.0
2009-12-02,27.600069872610682,27.670822763601816,27.23923957486979,27.501018524169922,2282500.0
2009-12-03,27.798172187152126,27.98920092323338,26.977457635254815,27.041133880615234,2533900.0
2009-12-04,27.35951589290167,27.522246195394906,26.69445490028431,27.161413192749023,1846300.0
2009-12-07,27.019908769650883,27.430267427018517,26.78643098445119,26.8642578125,1478200.0
2009-12-08,26.6661492728176,26.878405214764104,26.39021978702284,26.475120544433594,1714700.0
2009-12-09,26.468047420326975,26.48219799682193,26.142592257782475,26.376070022583008,2150600.0
2009-12-10,26.531718920463913,26.87132459877233,26.42559096520365,26.66614532470703,3147400.0
2009-12-11,26.673210294061523,27.295821781430792,26.673210294061523,27.196767807006836,2585700.0
2009-12-14,27.373649747319202,27.670806314946333,27.17554716819793,27.621280670166016,1456100.0
2009-12-15,27.55054040443192,27.91137335142968,27.111883336481235,27.168485641479492,3189500.0
2009-12-16,27.23215554133046,27.628360788235447,26.864248741385957,26.885473251342773,3121700.0
2009-12-17,26.694437228747667,27.12602013890114,26.673212724623752,26.751039505004883,1864700.0
2009-12-18,26.984518397700406,27.15432253539591,26.715662970909698,26.878393173217773,3313300.0
2009-12-21,26.963305270440525,27.40903895840275,26.913779604994314,27.182632446289062,2673900.0
2009-12-22,27.182625535825785,27.557608948948488,27.16140102715785,27.493932723999023,1111400.0
2009-12-23,27.508089493225004,27.84061856603399,27.373660377521592,27.74864387512207,1292700.0
2009-12-24,27.83353357357645,27.996261076268667,27.727405650585997,27.960886001586914,414400.0
2009-12-28,27.9679770250064,28.05288049485173,27.73449923029886,27.932601928710938,831600.0
2009-12-29,28.08117083439397,28.08117083439397,27.670814977894086,27.692039489746094,941500.0
2009-12-30,27.50102310470771,27.65667679186687,27.486872524152577,27.635452270507812,1053200.0
2009-12-31,27.670814574413786,27.762791956008105,27.45148472567226,27.465635299682617,1196700.0
2010-01-04,27.663746828818386,28.27928485084034,27.536394320741216,28.215608596801758,2238700.0
2010-01-05,28.13777485143672,28.87358856201172,28.10947370127317,28.87358856201172,2782200.0
2010-01-06,29.2697921835838,29.39714465304244,28.908961986081707,29.27686882019043,3575200.0
2010-01-07,29.220269178257112,29.68015343741748,29.078766121673432,29.496198654174805,2992900.0
2010-01-08,29.276872197945924,29.644779074501105,29.248571046146356,29.602327346801758,1463600.0
2010-01-11,29.701376529771792,30.40888907988245,29.651850867179743,29.98438262939453,3510700.0
2010-01-12,29.75797987643665,30.01975877348447,29.234419383394723,29.50327491760254,2711400.0
2010-01-13,29.65185388511116,29.913632799590722,29.305171512735683,29.864107131958008,2946700.0
2010-01-14,29.708456499792845,29.849956866533514,29.425450368418524,29.72968101501465,1698400.0
2010-01-15,29.574032580619303,29.609407678533746,29.326404196271223,29.446680068969727,2017600.0
2010-01-19,29.354687099467576,29.85702019473038,29.21318409685889,29.75796890258789,2086500.0
2010-01-20,29.5386531355991,29.68015620537931,29.234422480202955,29.6447811126709,1721200.0
2010-01-21,29.63063252948409,29.82166128169868,28.541062327495712,28.83114242553711,2616500.0
2010-01-22,28.781617993019793,28.95141953634172,28.0670286262783,28.130704879760742,2967100.0
2010-01-25,28.4986140530769,28.979722961728097,28.350037016302963,28.6047420501709,1541200.0
2010-01-26,28.427844803430773,28.92310395972706,28.222665585988054,28.37124252319336,1996400.0
2010-01-27,28.39954912338019,28.958484602931293,28.215597075132706,28.944334030151367,1991000.0
2010-01-28,29.135361453515262,29.20611161540761,27.748637768438154,28.279272079467773,2013300.0
2010-01-29,28.371241740556457,28.406619514201562,26.892540946960715,27.05527114868164,4036600.0
2010-02-01,27.239240029953432,28.18023325375541,27.17556377647099,28.130704879760742,2153600.0
2010-02-02,28.279283940060832,28.66841539156541,27.996277775904698,28.286357879638672,2020400.0
2010-02-03,28.12363274635922,28.30051093973255,27.614222685780984,27.72742462158203,2333500.0
2010-02-04,27.847696021008993,27.98212244171411,26.616622924804688,26.616622924804688,4183000.0
2010-02-05,26.545876478264553,26.956232435407852,25.569508209418224,26.835956573486328,3264200.0
2010-02-08,26.616621989174178,26.899628095279837,26.3406925201416,26.3406925201416,2631600.0
2010-02-09,26.637853883758304,26.93500791835034,26.170895615866012,26.835956573486328,3471500.0
2010-02-10,26.686704842204826,27.54664862603292,26.686704842204826,27.390296936035156,3022800.0
2010-02-11,27.2979031562092,27.361866068449455,26.942554246229335,27.04916000366211,2574500.0
2010-02-12,26.79330096738952,27.23393273516865,26.39530932194936,27.1912899017334,2551400.0
2010-02-16,27.4400333785362,27.90909366231049,27.233930434322755,27.90198516845703,1964000.0
2010-02-17,28.037039799210074,28.40660312615489,27.866471067120916,28.299997329711914,2164500.0
2010-02-18,28.257336854130642,28.349728306047265,28.09387672295282,28.27155113220215,1631000.0
2010-02-19,28.150728349110715,28.69796574828236,28.11519401640519,28.52739715576172,2382300.0
2010-02-22,28.56295323802493,28.97515940235593,28.506098804622855,28.76905632019043,1535900.0
2010-02-23,28.64823137852754,28.77615720872357,28.136528057743423,28.264453887939453,1826000.0
2010-02-24,28.3710541094718,28.918291726043773,28.250236788056927,28.88986587524414,2459600.0
2010-02-25,28.356848608788663,28.61269758732559,28.12942548713531,28.548734664916992,4720200.0
2010-02-26,28.683748292475002,28.683748292475002,28.314185308904598,28.449216842651367,2232700.0
2010-03-01,28.55584454883861,28.78326768153329,28.2999928467827,28.634021759033203,1734100.0
2010-03-02,28.72639941406597,28.875647989844033,28.62690217094496,28.78325653076172,2380300.0
2010-03-03,28.953829782002902,29.131504233335257,28.761941049232323,28.89697265625,1492800.0
2010-03-04,28.946712568114606,29.351809978265074,28.889858170581007,29.323381423950195,2376500.0
2010-03-05,29.557909319630266,30.559992692498597,29.55080353746766,30.488924026489258,3868200.0
2010-03-08,30.567119065711665,30.65240477568922,30.16202143216007,30.588441848754883,2299500.0
2010-03-09,30.41787338256836,30.581333594682928,30.119381528558538,30.41787338256836,2724500.0
2010-03-10,30.503146376871545,30.72346365715906,30.26861752723355,30.453397750854492,3196000.0
2010-03-11,30.353900498820384,30.453397750854492,30.01987439714828,30.453397750854492,1802700.0
2010-03-12,30.581325084362497,30.97221103835629,30.560005018179897,30.794536590576172,1792300.0
2010-03-15,30.68081885286465,30.943778957669842,30.4249699544733,30.87981605529785,1927300.0
2010-03-16,30.957996039879117,31.29913064638093,30.815855942729147,31.24938201904297,1468200.0
2010-03-17,31.469699737369115,32.016937403843244,31.306239558203668,31.896120071411133,1715900.0
2010-03-18,31.775296475274715,32.05246817030969,31.654479156350476,31.853473663330078,1364700.0
2010-03-19,31.398635864257812,32.137762388014586,31.31335286877743,31.398635864257812,2563400.0
2010-03-22,31.093032058754073,31.590521113913585,30.67372020368927,31.54787826538086,1705700.0
2010-03-23,31.469705173695132,31.86769701200052,31.306244966292276,31.761091232299805,1620800.0
2010-03-24,31.583408162920048,31.917436984910513,31.448376561588322,31.753976821899414,1722400.0
2010-03-25,31.981404929937153,32.606819829896494,31.753981822878718,31.76819610595703,2345800.0
2010-03-26,31.66869168613074,31.81082906263103,31.071705487100825,31.242271423339844,2515300.0
2010-03-29,31.39862598462771,31.661583386092474,31.235165831766007,31.626049041748047,1734600.0
2010-03-30,31.62606761173747,32.301231395106576,31.512356016408862,32.17330551147461,2377000.0
2010-03-31,31.952978651408483,32.42914767978211,31.91033851021807,32.23725891113281,2482200.0
2010-04-01,32.628143155132605,32.812923431396484,32.372291456384495,32.812923431396484,2242800.0
2010-04-05,32.883979515597744,33.118508322659046,32.5641650413357,32.8626594543457,2876000.0
2010-04-06,32.70632144519209,32.75607008702636,32.372292526221145,32.685001373291016,2856400.0
2010-04-07,32.50020601702151,32.67077466064019,32.01693135638132,32.1875,3277600.0
2010-04-08,32.10932949259688,32.741850153451274,32.00272372928779,32.6992073059082,1671600.0
2010-04-09,32.91951672806204,32.91951672806204,32.58548794677786,32.80580520629883,1471400.0
2010-04-12,32.77738368463615,33.253552648121044,32.77738368463615,33.20380401611328,2185400.0
2010-04-13,33.06877601979207,33.87897128022602,32.990598808505,33.82211685180664,2746000.0
2010-04-14,34.03532506573423,34.397782545626676,33.829222005489314,34.3480339050293,2236000.0
2010-04-15,34.276953654800934,34.36223662942004,34.063744862704745,34.26984786987305,2665600.0
2010-04-16,34.06374525634421,34.29827411703116,33.054552985817956,33.48807907104492,2397500.0
2010-04-19,33.26776937400777,34.05664175854876,33.07588061741219,33.87896728515625,2155900.0
2010-04-20,34.1348131732432,34.440413432553214,33.81500134423691,34.43330764770508,1436500.0
2010-04-21,34.39066386536555,34.51858967791036,33.95713780186335,34.37644958496094,1574100.0
2010-04-22,34.0708432279429,34.618080725511255,33.71549441480213,34.525691986083984,1687300.0
2010-04-23,34.39777401669977,35.04450889520543,34.269848197997824,34.85972595214844,2765500.0
2010-04-26,34.82420685395198,35.20798447810805,34.433323441688465,34.4759635925293,2936000.0
2010-04-27,33.32463302713873,33.58759056149552,31.753990897921252,31.931665420532227,5477600.0
2010-04-28,32.29410630113716,33.33172712531668,32.29410630113716,33.026126861572266,4197500.0
2010-04-29,33.3601533534963,34.29116843625799,33.2606560964723,34.18456268310547,2174000.0
2010-04-30,34.05665099412337,34.20589965268069,32.94085521552171,32.94796371459961,2658000.0
2010-05-03,33.16827516705043,33.843438825725066,33.13274080840393,33.758155822753906,1720300.0
2010-05-04,33.11850558114719,33.45964279951862,32.40780801321617,32.635231018066406,1935200.0
2010-05-05,32.09297542319502,33.106138811939324,32.007356863591184,32.471126556396484,2192500.0
2010-05-06,32.307029703379285,32.83501682465342,28.93933755438068,31.16543960571289,4470100.0
2010-05-07,31.15830528185913,31.47224462165623,30.016715105594237,30.35205841064453,2687800.0
2010-05-10,31.700569090614866,32.592437447380384,31.522195419261763,32.5710334777832,2967100.0
2010-05-11,32.157201167378766,33.65553872763518,32.157201167378766,32.949180603027344,4691500.0
2010-05-12,33.06336156708651,33.148980213169935,32.63526561490171,33.04909133911133,2392600.0
2010-05-13,32.884964819759574,32.92063900388427,32.28562927246094,32.28562927246094,1513500.0
2010-05-14,31.928877621362584,31.928877621362584,30.566103288740408,30.958524703979492,3407500.0
2010-05-17,30.965676013600973,31.408042036147638,30.13802213830396,30.808706283569336,2938400.0
2010-05-18,31.151167485123995,31.350945059562633,29.338890934311078,29.545804977416992,4728600.0
2010-05-19,29.260414328295663,29.824075753658988,28.932207443311732,29.42452049255371,4360200.0
2010-05-20,28.639671959173725,28.832315822072548,27.212682801492793,27.476675033569336,7622200.0
2010-05-21,26.99150265650688,28.87512800913314,26.677563283225197,28.832317352294922,5193100.0
2010-05-24,28.860857597636816,28.860857597636816,27.769208990556024,27.833423614501953,3253200.0
2010-05-25,27.005770007437185,27.49094656191235,26.27087142717302,27.433868408203125,8755500.0
2010-05-26,27.883376801117215,28.41849787637315,27.58370758365529,27.62651824951172,4479000.0
2010-05-27,28.17590512711607,29.246147109752393,27.919046615800774,29.21047019958496,3462300.0
2010-05-28,29.103446329021555,29.1533907348965,28.211578050160384,28.389951705932617,2133800.0
2010-06-01,28.09742225102427,28.311470118216945,27.626515854493867,27.67646026611328,2327700.0
2010-06-02,27.90478352355686,28.78238184686382,27.44101079058401,28.753841400146484,2735400.0
2010-06-03,28.760981108620108,28.946488589620696,28.26153412194099,28.711036682128906,2268300.0
2010-06-04,27.983266226015704,28.190177644290138,27.29830916663045,27.40533447265625,3077600.0
2010-06-07,27.5337538305638,27.81201625985094,26.75604468938829,26.777448654174805,2805600.0
2010-06-08,26.891607176291597,27.276894865978814,26.206653098024695,27.198410034179688,3765300.0
2010-06-09,27.412452910137365,28.054598944052298,26.93441297959575,27.0343017578125,2507900.0
2010-06-10,27.398193974720638,27.933314929525604,27.20555010437894,27.87623405456543,2253000.0
2010-06-11,27.569432584736965,28.20444238186297,27.55516236525743,28.16163444519043,1666100.0
2010-06-14,28.382810010198238,28.86085273497781,28.140221774138187,28.16876220703125,2278600.0
2010-06-15,28.46843347105579,28.989284162968094,28.2900598345749,28.93220329284668,1855600.0
2010-06-16,28.711020835027078,29.296086126796496,28.561184916488582,29.067768096923828,2184300.0
2010-06-17,29.224740076335795,29.224740076335795,28.118823918276473,28.48984146118164,1924800.0
2010-06-18,28.60399622221588,28.60399622221588,28.218708517328203,28.368541717529297,1916200.0
2010-06-21,28.796646152503655,29.053504676641545,28.24012116471572,28.361413955688477,1576600.0
2010-06-22,28.35427024950694,28.739555178651333,27.861957343867243,27.904767990112305,1766400.0
2010-06-23,27.99753248154792,28.076014610178596,27.433871030303212,27.576570510864258,1592200.0
2010-06-24,27.405321783502185,27.512347039973378,26.863067197735965,26.94154930114746,1732900.0
2010-06-25,27.22695921678525,27.62651725171465,26.748919046603437,27.462413787841797,2959100.0
2010-06-28,27.5266142572294,27.569422177742673,27.06997557155588,27.148460388183594,1177100.0
2010-06-29,27.12706399559158,27.12706399559158,25.57877935666248,25.67867088317871,5362100.0
2010-06-30,25.757144420821124,26.306535385724764,25.70720003508124,25.77855110168457,3811500.0
2010-07-01,25.721481129556732,25.95693566630652,24.74399423857892,25.56451416015625,3313900.0
2010-07-02,25.807099216834317,26.063957716690155,25.471758594703406,25.81423568725586,3733400.0
2010-07-06,26.32082282155533,26.69897419581174,25.721487078748314,26.021156311035156,2830500.0
2010-07-07,26.15671841027464,27.22696057554245,26.128177965976853,27.212690353393555,3152000.0
2010-07-08,27.60511227435021,28.061751223406947,26.913024183136496,27.269771575927734,2770300.0
2010-07-09,27.276904556650454,27.89051049042255,27.06999042144516,27.826295852661133,1448100.0
2010-07-12,27.719266138193447,27.719266138193447,27.212685588557623,27.54802894592285,1544600.0
2010-07-13,27.869102384469343,28.35427897075008,27.8405619448608,28.24011993408203,2036200.0
2010-07-14,28.04746775654972,28.268649293703646,27.740664925885902,28.12594985961914,2066000.0
2010-07-15,28.154499654044123,28.290065386303475,27.455275188432992,27.968992233276367,2311700.0
2010-07-16,27.59083255947039,27.76920619449701,26.691830636513107,26.791719436645508,3344700.0
2010-07-19,26.870206053757496,26.977231330578395,26.37075929820306,26.898746490478516,1754600.0
2010-07-20,26.327945430107775,27.40532081669141,26.263730822843502,27.3839168548584,2031500.0
2010-07-21,27.833421990567164,27.833421990567164,26.520591872309577,26.6204833984375,2422500.0
2010-07-22,26.991507096967467,27.82629462940164,26.941559961556266,27.705001831054688,2247600.0
2010-07-23,27.576570510864254,27.897640939918844,27.291171549742167,27.576570510864258,2528400.0
2010-07-26,27.60510454113106,27.655048944389215,27.21981953339184,27.469541549682617,4472100.0
2010-07-27,27.726398077381308,27.897635241665412,27.369650809729496,27.640779495239258,3247100.0
2010-07-28,27.45528344780979,27.69073807145026,27.23409904879302,27.312583923339844,2536800.0
2010-07-29,30.437672825479225,31.265326270379028,29.338890730181042,30.665990829467773,8814300.0
2010-07-30,30.166550331290015,30.53756784392776,30.00244690254433,30.24503517150879,4416600.0
2010-08-02,30.801558246915366,31.136901554528073,30.409136790936106,31.115497589111328,3261500.0
2010-08-03,31.044144328937822,31.065551014622194,30.36632673502894,30.551834106445312,2987000.0
2010-08-04,30.666469481767372,31.010392182132904,30.430023821064978,30.974567413330078,1816800.0
2010-08-05,30.730977387334715,31.132222194618066,30.501695421246122,31.096397399902344,1719500.0
2010-08-06,30.659311561796414,30.96740955305558,30.27956128579373,30.77395248413086,2476000.0
2010-08-09,31.060555143780267,31.605101604972635,30.87426465963888,31.468963623046875,1963000.0
2010-08-10,31.1752019420685,31.863050376936904,30.738135198282258,31.683923721313477,2916200.0
2010-08-11,31.067735387010902,31.318511674529123,30.809792500845568,30.845617294311523,5374000.0
2010-08-12,30.286731927160442,30.859936615412,30.22224622890367,30.64498519897461,3405300.0
2010-08-13,30.587672396501176,30.988917163398394,30.21508855579441,30.23658561706543,2341200.0
2010-08-16,30.035957992912127,30.709476005234677,29.906989308202373,30.480194091796875,1992300.0
2010-08-17,30.86710206752458,31.963356164006555,30.723800217458624,31.89887046813965,3244600.0
2010-08-18,31.84871439574193,32.28578379702107,31.562110703122872,32.042171478271484,3054000.0
2010-08-19,31.84155167416953,32.0780001593363,31.11071462900278,31.132211685180664,2655600.0
2010-08-20,30.83843218482029,31.074877845417202,30.293885859543458,30.902917861938477,2763400.0
2010-08-23,30.91724696833477,31.254003060156574,30.838430840486726,30.960235595703125,1925600.0
2010-08-24,30.473022506315747,30.98174423090904,30.22224630868604,30.22941017150879,3842600.0
2010-08-25,30.071769922066956,30.644974408485858,29.226292279628602,30.494508743286133,3499900.0
2010-08-26,30.709470978299954,30.874267155778842,30.09327491183203,30.22941017150879,2573500.0
2010-08-27,30.487360460386963,31.325674746033545,29.978641343983096,31.31850814819336,2829100.0
2010-08-30,31.14653013014017,31.390142384555926,30.931576050813888,30.974567413330078,3183900.0
2010-08-31,30.56617707048291,31.318508592251813,30.559013205797385,31.225364685058594,3415000.0
2010-09-01,31.676768271253785,32.8231809106102,31.676768271253785,32.780189514160156,4046200.0
2010-09-02,32.70136047353992,33.11693560952325,32.69419661024106,33.08110809326172,2725600.0
2010-09-03,33.41787131388516,33.869271290244455,33.26023896871865,33.83344650268555,3110100.0
2010-09-07,33.46085990334238,33.62565609894994,32.99512950421885,33.274566650390625,2330300.0
2010-09-08,33.339052638845175,34.12004497533425,33.3032278539753,33.66864776611328,1752300.0
2010-09-09,34.23468863540892,34.31350480831185,33.60416471869771,33.84061050415039,1960900.0
2010-09-10,33.93374812494846,33.93374812494846,33.4895148622547,33.826271057128906,1779500.0
2010-09-13,34.37798170826781,34.542777876074155,34.24901031898365,34.535614013671875,2292400.0
2010-09-14,34.34932233232891,34.59293466376056,34.09138227545028,34.24184799194336,2177500.0
2010-09-15,33.88360156767882,34.105716889289965,33.78329106975687,33.969581604003906,3036300.0
2010-09-16,33.86926064724599,34.14869772895434,33.66147311814047,33.933746337890625,2030300.0
2010-09-17,34.20601217393233,34.42812737900845,33.98389423560157,34.12002944946289,2332100.0
2010-09-20,34.29199008575592,34.75771751541216,34.19167964654549,34.664573669433594,1617200.0
2010-09-21,34.535612532170326,34.78638870432323,34.2275145302366,34.34215545654297,2217600.0
2010-09-22,34.14154339622002,34.55711583716599,33.317559645029796,33.33189010620117,2956100.0
2010-09-23,32.959310449142556,33.3103999587336,32.78734762677511,32.85183334350586,2627000.0
2010-09-24,33.25307643663754,33.97674701403988,33.24591257214121,33.8477783203125,1924500.0
2010-09-27,33.840608360571956,33.97674363852713,33.503849364320395,33.72596740722656,1660500.0
2010-09-28,33.962400335577705,34.22750690612383,33.296049245708126,34.17018508911133,1939200.0
2010-09-29,33.96240669307409,34.47112561464217,33.79760780494143,34.33498764038086,2114800.0
2010-09-30,34.65741902449569,34.96551704157699,33.912254333496094,33.912254333496094,3130700.0
2010-10-01,34.26334355051138,34.44963678711497,33.76895500707377,34.22035217285156,1905200.0
2010-10-04,34.09852771265391,34.43528647705277,33.69728328556707,34.29914855957031,2416100.0
2010-10-05,34.62159232186399,35.624702470562084,34.06988201340557,35.45273971557617,2882200.0
2010-10-06,35.42407124339705,35.94712052555979,35.237780804056705,35.93995666503906,2589500.0
2010-10-07,35.95430405777181,36.28389646209311,35.617545056298844,35.82533264160156,2220600.0
2010-10-08,35.64620178625319,35.94713323308899,35.23062666452109,35.77517318725586,3071800.0
2010-10-11,35.73935349946329,35.832497398708995,35.438419276479216,35.610382080078125,1748500.0
2010-10-12,35.52438710980446,35.839648928395235,35.244947329780835,35.79665756225586,2070100.0
2010-10-13,35.99012184809282,36.39136647965798,35.79666476144116,35.91847229003906,2403700.0
2010-10-14,35.768014526926784,36.283900245398925,35.5602296532144,35.99729919433594,2236100.0
2010-10-15,36.29105879126656,36.34837789545905,35.560221763336614,35.77517318725586,2760200.0
2010-10-18,35.832498826682574,36.8642702228814,35.66053874948687,36.82844543457031,1568800.0
2010-10-19,36.34837286823754,37.04338501826541,36.083266239845,36.291053771972656,2486200.0
2010-10-20,36.31971785237036,37.021893978505055,36.25523215031433,36.72096252441406,1776100.0
2010-10-21,36.986070960656086,37.329993810279966,36.50601283719855,36.78544998168945,1806400.0
2010-10-22,36.90008659706651,37.17952370873312,36.477347631575725,36.5561637878418,1832900.0
2010-10-25,36.950240309223936,37.19385263068292,36.60631751420926,36.6779670715332,1684600.0
2010-10-26,36.556170305531005,36.706636048908315,36.20508083772794,36.233741760253906,1903500.0
2010-10-27,35.91131475989897,36.63498805190434,35.86115950994883,36.434364318847656,2068000.0
2010-10-28,37.638090512310114,38.591045594397485,37.55927434964054,38.2829475402832,3633800.0
2010-10-29,38.239951707057386,38.29010694414111,37.02189009233384,37.03622055053711,2870300.0
2010-11-01,37.05054020170507,37.251163824776775,36.59197660597767,36.81409454345703,2267100.0
2010-11-02,37.193859827303044,37.55927701356819,37.15803504170935,37.46613311767578,1568900.0
2010-11-03,37.48761681759237,37.53060818807369,36.83559606486237,37.39447021484375,1826100.0
2010-11-04,37.96246904942718,38.67426656118353,37.78991390535656,38.631126403808594,2070300.0
2010-11-05,38.695858866415676,39.58740346351987,38.55206099685484,39.55864334106445,2116500.0
2010-11-08,39.49392064644473,39.5370608150642,38.875591943141984,39.148807525634766,1954100.0
2010-11-09,39.191944368716364,39.335742185927586,38.278834126262865,38.45138931274414,1959400.0
2010-11-10,38.40825039483866,38.9331128561496,38.1062774373105,38.88997268676758,1409900.0
2010-11-11,38.40825353226733,38.86840714845115,38.235698326074505,38.61676025390625,1151300.0
2010-11-12,38.32197436339023,38.422632020009246,37.624559424223314,38.05595016479492,1239600.0
2010-11-15,38.22848637355584,38.49451318271512,37.77552714378229,37.81866455078125,1361400.0
2010-11-16,37.502323273942544,37.66768978489037,36.79052566857025,37.185970306396484,2245700.0
2010-11-17,37.279440466945736,37.372909458692384,36.876809873665195,37.0134162902832,1465400.0
2010-11-18,37.54548009728903,38.149428934391025,37.437631013168044,37.81150436401367,1232500.0
2010-11-19,37.71083561350829,37.85463343589297,37.372911142311565,37.68207550048828,1296400.0
2010-11-22,37.53110657224978,37.64614433541072,37.12847302982821,37.372928619384766,1492900.0
2010-11-23,36.869616767548116,37.04936334343159,36.61078125944151,36.876808166503906,1995800.0
2010-11-24,36.89838849778994,37.567046190063856,36.89838849778994,37.531097412109375,1330200.0
2010-11-26,37.092485967681505,37.52387644870772,36.912739476801626,37.25066375732422,564700.0
2010-11-29,36.955892433474666,37.91933406829534,36.39508132246788,37.76834487915039,2147500.0
2010-11-30,37.25067479212937,37.610167880382136,37.17877452885005,37.27224349975586,2428100.0
2010-12-01,37.89058834817924,38.19256135569554,37.76835921938756,38.09190368652344,1269800.0
2010-12-02,38.06314037716613,38.72460931481343,37.912153886068516,38.61676025390625,2153600.0
2010-12-03,38.401051372781154,38.99781121260313,38.206924777033564,38.92591094970703,2171500.0
2010-12-06,38.78930623052679,38.90434391338757,38.57361091800217,38.810874938964844,1487600.0
2010-12-07,39.24228472813777,39.54425774349357,39.069726760280275,39.31418228149414,2303000.0
2010-12-08,39.422020343814,39.817462262260236,39.127233326324614,39.79589080810547,2068100.0
2010-12-09,40.1625570546271,40.98220062836009,39.7455438720815,40.176937103271484,1762800.0
2010-12-10,40.30636976822829,40.30636976822829,39.86059632283272,40.025962829589844,2062800.0
2010-12-13,40.26323063965995,40.529254788426094,39.80307987118394,40.169761657714844,1873700.0
2010-12-14,40.20571990732507,40.24167142304959,39.422027330497016,39.630531311035156,1571300.0
2010-12-15,39.565815217916175,40.061917520336394,39.565815217916175,39.60895538330078,1517200.0
2010-12-16,39.580199222780415,40.155387771731604,39.45797285606625,40.07630157470703,2281500.0
2010-12-17,39.88217597102709,40.033162454827036,39.65928920252566,39.68804931640625,2604100.0
2010-12-20,39.88217306767886,39.88217306767886,39.32136185869511,39.47235107421875,1623600.0
2010-12-21,39.74554895654013,41.463925220016975,39.601753937128954,41.4207878112793,4444500.0
2010-12-22,41.370462900053525,41.69400720961155,41.21947646983126,41.67243576049805,1770200.0
2010-12-23,41.49991049187602,41.65808569050047,41.28421230178705,41.50709915161133,1472500.0
2010-12-27,41.241059006063544,41.60774085138327,41.21229889274405,41.51427459716797,889300.0
2010-12-28,41.50707203923664,41.7946676096872,41.37765430680535,41.52864074707031,931900.0
2010-12-29,41.60054897478563,41.82343297897342,41.507079985088886,41.67963790893555,1061000.0
2010-12-30,41.65088147735322,41.82343667372855,41.37766588325765,41.46394348144531,1682900.0
2010-12-31,41.34890254729833,41.442371537968235,41.09725842939688,41.377662658691406,1434900.0
2011-01-03,41.859371051480295,42.82281252211136,41.852179654657895,42.664634704589844,2364900.0
2011-01-04,42.71497675195787,42.822825796009916,42.08226802846378,42.377052307128906,2306300.0
2011-01-05,42.23326025257646,43.11042175211727,42.11822254397855,43.06009292602539,1867200.0
2011-01-06,43.00977066001774,43.369263897057486,42.8659728166587,43.19670867919922,1474300.0
2011-01-07,43.35485567959004,43.59931103171261,42.714958572105225,43.32609558105469,1831700.0
2011-01-10,43.03133983610398,43.304555467132275,42.5280514930463,43.14637756347656,1477800.0
2011-01-11,43.29735274945281,43.80064092908112,43.146363552849444,43.757503509521484,2233100.0
2011-01-12,44.13858718726113,44.44775164644421,43.75033376279175,43.93008041381836,1815800.0
2011-01-13,44.01634309654336,44.282367265221204,43.25421661501356,43.520240783691406,2007900.0
2011-01-14,43.505850440333354,43.81501470219416,43.117600006378765,43.77187728881836,2183700.0
2011-01-18,43.83660846739076,43.944454798445804,43.60653300321428,43.858177185058594,1673300.0
2011-01-19,43.65684656300802,43.771884254841815,42.9666176692903,43.074466705322266,1338600.0
2011-01-20,43.08883055272325,43.39080335168844,42.513642309898685,42.865943908691406,1183300.0
2011-01-21,43.117609846808215,43.71436705732115,43.117609846808215,43.398014068603516,1217900.0
2011-01-24,43.29017718293471,44.04511247118353,43.13200201551081,43.858177185058594,1192100.0
2011-01-25,43.664036490099626,43.951632099415,43.225454420115426,43.937252044677734,1522700.0
2011-01-26,44.037906969233944,44.43334885061879,43.79345153920634,43.90848922729492,1290000.0
2011-01-27,44.10261572222815,44.97977980575398,44.04509550698031,44.92945098876953,1355400.0
2011-01-28,44.807237430650844,45.109213179921916,43.340504346113136,43.36207580566406,1651200.0
2011-01-31,43.635275404603455,44.64185727197734,43.46990889289623,44.325504302978516,1740200.0
2011-02-01,44.70656861417655,45.3033258204454,44.68499990271957,45.238616943359375,1591200.0
2011-02-02,44.498060039534856,45.11638867373842,44.37583368951158,44.91507339477539,2052700.0
2011-02-03,42.27639436979243,42.61431881228469,41.19072625130329,41.830623626708984,8080000.0
2011-02-04,41.67244769161597,41.909714500794514,41.53584127411984,41.75872802734375,3521700.0
2011-02-07,41.79468763363302,42.35549624771043,41.7587388557822,42.20450973510742,3048600.0
2011-02-08,42.060700498688895,43.34049529431347,42.060700498688895,43.239837646484375,3761200.0
2011-02-09,43.138867732814596,44.63884975106332,43.088387833253165,44.141258239746094,3758500.0
2011-02-10,43.64368519087529,44.65328629650316,43.16051672705867,44.63165283203125,2074200.0
2011-02-11,45.057118626745925,46.16047184188514,44.94173558964723,46.05950927734375,3233500.0
2011-02-14,46.03787297933463,46.730173910195234,45.893643504115815,46.362388610839844,3896700.0
2011-02-15,46.016231113452484,46.48497338358616,45.612389206813745,45.72056198120117,2348400.0
2011-02-16,46.016254634634166,46.52105658822482,45.98740817992628,46.41288375854492,1760700.0
2011-02-17,46.34796263727469,46.49940785022451,45.87201004566494,46.362388610839844,1578300.0
2011-02-18,46.42007503098226,46.96093342445321,46.16046256196452,46.6796875,1494900.0
2011-02-22,45.944137673515094,46.304710098046115,45.18693613218981,45.525875091552734,1853000.0
2011-02-23,45.54749736485667,45.97297283129404,44.905679047049986,45.655670166015625,2190400.0
2011-02-24,45.53308495272127,46.045097131089264,44.783093655677035,45.648468017578125,1944200.0
2011-02-25,45.98017918416486,46.15325510121169,45.41047703223005,45.807106018066406,1431100.0
2011-02-28,46.037883191614526,46.15326624719455,45.32394864393566,45.66288757324219,1485200.0
2011-03-01,45.89363827081628,46.153250746416575,44.79028800046316,45.24460983276367,1702700.0
2011-03-02,45.201346181086095,45.36720911790004,44.38645196895801,44.56673812866211,1719200.0
2011-03-03,45.021047471300335,46.2974707053545,45.021047471300335,46.15324401855469,1927800.0
2011-03-04,45.90808091999178,46.02346398564977,45.02828332500632,45.626834869384766,1991500.0
2011-03-07,45.82153559854114,46.25422132477461,45.04991097782391,45.208560943603516,1600100.0
2011-03-08,45.23739765227252,46.0450787844504,45.00663161450741,45.78546905517578,1775400.0
2011-03-09,45.67729801907362,45.929697522864856,44.76144406811241,44.862403869628906,2174700.0
2011-03-10,44.271069261538294,45.013847364664336,43.6941540964429,44.494625091552734,2297600.0
2011-03-11,44.357606190365246,44.970580793148066,44.04030353485491,44.84077453613281,1462400.0
2011-03-14,44.480194256544124,44.55952059397226,43.492227033457404,44.39365768432617,1923800.0
2011-03-15,42.66291533291904,43.47059653182374,42.36724615067144,43.23262023925781,3071400.0
2011-03-16,43.138857713066216,43.31914381275337,41.804741675760305,42.280696868896484,2638200.0
2011-03-17,43.124439997025306,43.542705122118846,42.81434764592435,43.14607620239258,1984500.0
2011-03-18,43.88164256677482,44.41529071743342,43.56433997102658,44.148468017578125,2423100.0
2011-03-21,44.84077353989129,44.84798377581038,44.047515543265256,44.11962890625,2264400.0
2011-03-22,44.02587752900832,44.07635743121818,42.893680720675654,42.908103942871094,3288000.0
2011-03-23,42.619653255108716,43.34801098682525,42.287927333212515,43.0811882019043,2782700.0
2011-03-24,43.29029861268891,43.48500793602448,42.698960408905755,43.45616149902344,1920100.0
2011-03-25,43.456166627235,44.07635134120647,43.27588050112459,43.88885498046875,1875000.0
2011-03-28,43.82395901132023,44.27828089346928,43.730209440189824,43.94655227661133,1520700.0
2011-03-29,43.83115873342247,44.1628872707093,43.73741193572736,44.13404083251953,1783900.0
2011-03-30,44.42973336351088,44.60280658197309,44.19175424943882,44.27829360961914,1555000.0
2011-03-31,44.22780585919554,44.328765677244036,43.960980338983134,44.04751968383789,1473600.0
2011-04-01,44.444153134819395,45.09318178001664,44.33598031847869,45.057125091552734,1676500.0
2011-04-04,45.01383635217274,45.39604479068802,44.97056944471851,45.15806579589844,1186600.0
2011-04-05,44.97779475052202,45.06433409632449,44.48020589142725,44.72539520263672,1073000.0
2011-04-06,44.97780201869212,45.10039806958209,44.26387018162116,44.364830017089844,1493300.0
2011-04-07,44.40088026915373,45.90807284666756,44.372033820074805,45.48259735107422,2918700.0
2011-04-08,45.79269369393507,45.99461335275425,45.21577841805956,45.38164138793945,1216000.0
2011-04-11,45.31672999334708,45.7566286707493,44.79750496415777,45.00663757324219,1168300.0
2011-04-12,44.78308121808359,45.25903657229984,44.537891929490456,44.74702453613281,1537900.0
2011-04-13,45.04989520442981,45.374408010008324,44.335960980071924,44.59557342529297,1054400.0
2011-04-14,44.37203189193427,44.51626138011275,44.12684258731545,44.29270553588867,1072800.0
2011-04-15,44.53069693546258,44.667713474152976,44.069164646242896,44.42973709106445,1311100.0
2011-04-18,43.83117762793827,44.4513625616256,43.60762451296884,44.23501968383789,2178500.0
2011-04-19,44.27827746793986,44.57394663006316,43.92491542006166,44.141258239746094,1165900.0
2011-04-20,44.81914089715707,45.08596364619652,44.54510516111875,44.927310943603516,1176600.0
2011-04-21,45.02105828208596,45.87200914309042,44.81913867132164,45.807106018066406,1381700.0
2011-04-25,45.72056035133389,45.82152013665753,44.84076322046016,45.15806579589844,1342700.0
2011-04-26,43.78790294910628,44.78308056089619,43.55713688686963,43.90328598022461,4100000.0
2011-04-27,44.08357607585076,44.155689445135245,43.14608852040888,44.018672943115234,2632200.0
2011-04-28,44.061932649917985,44.99942280281057,43.98981929244083,44.83355712890625,1945800.0
2011-04-29,44.85520176317249,44.992218268497595,44.49462940615494,44.754241943359375,1587900.0
2011-05-02,44.97779422284683,45.08596702835646,44.429725460604885,44.51626205444336,1378200.0
2011-05-03,44.19174624365201,44.53789536881719,43.88165380322199,44.50183868408203,1339200.0
2011-05-04,44.29191620880007,44.47287681185141,43.29301566804922,43.78522872924805,2309500.0
2011-05-05,43.42332262846204,43.879341518690424,43.24236196246139,43.47399139404297,1878400.0
2011-05-06,43.835901261654854,44.661081241010265,43.835901261654854,44.29916000366211,2704800.0
2011-05-09,44.52354864497276,44.88546987615402,44.299159248833895,44.8203239440918,1683100.0
2011-05-10,44.91443295097435,45.84095336019114,44.8710041620007,45.62379837036133,2270100.0
2011-05-11,45.42111032225619,46.094283971039,45.037474736198746,45.24738693237305,1738000.0
2011-05-12,45.18950076950282,45.8916290843372,44.885485394358966,45.862674713134766,1900000.0
2011-05-13,45.811997468377854,45.935049381360855,44.820331147471094,45.16777801513672,1916400.0
2011-05-16,45.008531699753355,45.47903047972801,44.79137947870363,44.85652542114258,1123100.0
2011-05-17,44.76965924044191,44.79137639391943,43.90828762639658,44.51631546020508,1814300.0
2011-05-18,44.574228893167685,45.59484685466609,44.28469074698414,45.5224609375,1696500.0
2011-05-19,45.59482521865851,46.08703541561851,45.182232589699446,45.91331481933594,2558000.0
2011-05-20,45.76856733354094,45.964005167175415,44.92167281569861,45.00129318237305,1301600.0
2011-05-23,44.45116298146236,44.58869204746269,44.10371895058807,44.161624908447266,1447700.0
2011-05-24,44.241250987476285,44.39326000469876,43.64770038305298,43.777992248535156,1656700.0
2011-05-25,43.51017155893463,44.219536852187304,43.16272750272353,43.88656997680664,1798300.0
2011-05-26,43.756269154584345,43.958944122247544,43.394347991620435,43.698360443115234,2494000.0
2011-05-27,43.91551258864571,43.93722973606629,43.597022959283635,43.698360443115234,1635900.0
2011-05-31,44.23401674612491,44.37154583058972,43.966195787434444,44.32087707519531,1827400.0
2011-06-01,44.060300497142954,44.060300497142954,42.51127769730482,42.57642364501953,2646000.0
2011-06-02,42.55470907051918,42.931107571149674,41.99010993895318,42.69947814941406,2071800.0
2011-06-03,42.13487584442058,42.880435578142524,41.79467171006698,42.14935302734375,1585200.0
2011-06-06,41.961151504765205,42.19278088881293,41.172163052465095,41.201114654541016,1545500.0
2011-06-07,41.454474274512485,41.65714935920744,40.81749188673286,40.85368347167969,2492100.0
2011-06-08,40.82471311505,40.97671935877476,40.303545695148365,40.34697723388672,1683800.0
2011-06-09,40.41935732098637,41.72227301119848,40.354211398413796,41.468929290771484,2310300.0
2011-06-10,41.15768716557663,41.19387874024012,40.31802993167902,40.56413650512695,1817900.0
2011-06-13,40.60031670172699,40.70165418688142,40.03572056372979,40.54240798950195,2091600.0
2011-06-14,41.1431998648843,41.59198135506852,41.03462240635675,41.244537353515625,1513900.0
2011-06-15,40.976729498196526,41.222836089465346,40.267364090713535,40.3614616394043,1852000.0
2011-06-16,40.36145613025814,40.831954854452526,40.10811236260884,40.52070236206055,1629400.0
2011-06-17,40.94777062849842,41.25902312914379,40.75233281916946,41.012916564941406,2216800.0
2011-06-20,40.75956034152848,41.26624773550706,40.63650571639139,40.93328094482422,1300100.0
2011-06-21,41.0780560139128,41.71503809617431,41.0780560139128,41.505123138427734,1330900.0
2011-06-22,41.28072933756197,41.454452720718436,40.556886970015796,40.61479568481445,1743300.0
2011-06-23,40.10087163429841,40.69442220463458,39.717233269637426,40.629276275634766,1932600.0
2011-06-24,40.622040580098016,40.86090993198238,39.608662730524436,40.10087585449219,3543900.0
2011-06-27,39.9633369601481,40.59308181605211,39.90543100584907,40.39764404296875,1684300.0
2011-06-28,40.527938453386014,40.766805016982076,40.40488380570827,40.62203598022461,1142100.0
2011-06-29,40.954996322398166,41.49787801641995,40.954996322398166,41.39653778076172,2283100.0
2011-06-30,41.55580195080961,41.98286917876737,41.2807410002842,41.75123977661133,2104600.0
2011-07-01,41.70781189026268,42.40994013039397,41.686097494791575,42.26517105102539,1523100.0
2011-07-05,42.09144872864408,42.134877517898175,41.548566773044584,41.59923553466797,1621600.0
2011-07-06,41.439979997450784,42.352020263671875,41.208350635831465,42.352020263671875,2746000.0
2011-07-07,42.81527897639211,43.06138550233526,42.73565587075761,42.86594772338867,2117800.0
2011-07-08,42.17106596073221,42.243451872841376,41.5702780770472,42.084205627441406,2210400.0
2011-07-11,41.25903023397505,41.38932212929737,39.6520986991601,39.78239059448242,2631700.0
2011-07-12,39.52181111658477,41.07807405762551,39.50733669218326,40.289085388183594,3134700.0
2011-07-13,40.58585871791572,41.099786356387185,40.31803770031295,40.44108963012695,1955100.0
2011-07-14,40.694435965601514,40.78853352501198,39.55800318972476,39.63038635253906,2089600.0
2011-07-15,39.811354218959956,39.86202299433934,38.76902157527401,39.12370300292969,2461900.0
2011-07-18,38.84139130590043,38.94272882158037,37.762864686363585,38.472232818603516,2600900.0
2011-07-19,38.86309060204225,38.97890525514966,38.42154913542215,38.66041564941406,2022500.0
2011-07-20,38.899313500889896,39.17437177830907,38.25509108590415,39.12370300292969,3908400.0
2011-07-21,39.311889722274984,40.26736166343177,39.311889722274984,40.03573226928711,2605400.0
2011-07-22,40.08639907836914,40.267359706326985,39.71000064086802,40.08639907836914,1318000.0
2011-07-25,39.521814423507756,39.54353158440882,39.087509862861275,39.15989303588867,2251300.0
2011-07-26,39.16712075117926,39.65209393340336,38.84862826256385,39.18883514404297,1815000.0
2011-07-27,38.906532870677694,38.906532870677694,37.15483541380233,37.328556060791016,3345100.0
2011-07-28,39.065785031592974,39.92715671007036,38.29127368980263,38.928253173828125,4178500.0
2011-07-29,38.50119622087158,39.46390843733405,37.79183063248709,39.15989303588867,3419900.0
2011-08-01,39.76066373425644,39.86924120006677,37.7483827214917,38.13925552368164,3387300.0
2011-08-02,37.820780098512074,38.34194771265319,36.923213958740234,36.923213958740234,3668800.0
2011-08-03,37.010453266499205,37.32311546143445,36.494195342509805,36.777774810791016,4364400.0
2011-08-04,36.13065187592737,36.45058698307914,34.749123243103796,34.84364700317383,4976400.0
2011-08-05,35.31625857806029,35.54166703446319,33.57116747226993,34.30556106567383,5150100.0
2011-08-08,33.22944175881337,33.86930923698511,30.059192657470703,30.059192657470703,7289600.0
2011-08-09,30.626334985937532,32.43686745161009,29.15755026941216,32.37869644165039,7836900.0
2011-08-10,31.644308590405302,31.65157858049388,29.899216951997303,29.950115203857422,5663900.0
2011-08-11,29.98647649189994,32.705907953034895,29.310253622026135,32.17510986328125,5447400.0
2011-08-12,32.6477419993096,33.28760663880481,31.96424631684143,32.146026611328125,5022500.0
2011-08-15,32.444140832663095,33.14217915641969,32.37142983635875,32.93858337402344,3650800.0
2011-08-16,32.3641643512819,33.025844551953554,32.22601231773413,32.807708740234375,4306300.0
2011-08-17,32.9531399275279,33.09129198785755,31.73157581659368,32.03696823120117,3962200.0
2011-08-18,30.808131281052432,30.844486794343574,29.542941666534357,29.790163040161133,4833700.0
2011-08-19,29.019416624392363,30.379132943585773,28.30683794444747,28.386821746826172,5856500.0
2011-08-22,29.1575537930328,29.368419568999705,28.597673010115752,28.77945327758789,4017100.0
2011-08-23,28.917614595008594,30.982639209466956,28.474070155737085,30.917198181152344,4923900.0
2011-08-24,30.83720653940386,31.746107937964158,30.40820496833352,31.38254737854004,3837700.0
2011-08-25,31.811556299788737,32.32054175533487,30.31368545032384,30.67724609375,2839300.0
2011-08-26,30.262777625790854,31.884257250592405,29.804693356825602,31.59341049194336,3216400.0
2011-08-29,32.233282210551444,33.15672363873869,32.09512741556898,33.11309814453125,2531200.0
2011-08-30,32.87313305726062,33.20033799545001,32.30597968022962,32.69135284423828,2524000.0
2011-08-31,33.04038192693322,33.62935101900412,32.80770339583662,33.229434967041016,2921600.0
2011-09-01,33.20761534437201,33.30214185274537,31.927883581475715,31.971511840820312,2692700.0
2011-09-02,31.048073948014107,31.418904517508363,30.800852643768906,30.808122634887695,2538600.0
2011-09-06,29.60837239549995,30.422747259539644,29.404776599179847,30.15371322631836,2496700.0
2011-09-07,30.851735795161034,32.02967071562944,30.742666565559293,31.876976013183594,2380100.0
2011-09-08,31.382542392404574,31.87698489656289,31.033524643659852,31.171676635742188,1869200.0
2011-09-09,30.713583709369452,31.033515861747258,29.96464740173588,30.342750549316406,2304300.0
2011-09-12,29.76107424391157,30.589992060192426,29.33207257730599,30.55363655090332,2802200.0
2011-09-13,30.66268809917024,31.346183544387596,30.248229393504747,31.20802879333496,3100200.0
2011-09-14,31.833355730774727,32.4077819727305,30.909911750018935,31.847898483276367,2548400.0
2011-09-15,32.4513986854448,32.778603565960374,31.891515395172696,32.6986198425293,2451600.0
2011-09-16,32.87316268662961,33.07675859486773,31.9351752763048,32.771366119384766,3236500.0
2011-09-19,31.920612245784554,32.16056072769551,31.12077750067304,31.847898483276367,2716000.0
2011-09-20,31.99332090569837,32.53139161410618,31.6370304297093,31.651573181152344,2561500.0
2011-09-21,31.644306936752717,31.94969643195454,30.28459141401529,30.299131393432617,2601300.0
2011-09-22,29.244797260418963,29.542916655010075,28.335896328891724,28.968490600585938,5639500.0
2011-09-23,28.735833660987435,29.382971164101853,28.62676435818828,28.917613983154297,2404000.0
2011-09-26,29.252077667874005,29.92103043412638,28.40134742430721,29.884672164916992,2235600.0
2011-09-27,30.611803588336674,31.033535245738886,29.79742856304829,30.059192657470703,3015000.0
2011-09-28,30.248236407908976,30.539085955075098,29.026672747806224,29.077573776245117,4175100.0
2011-09-29,29.942835491192607,30.539074339735393,29.00484897077317,29.891937255859375,3575400.0
2011-09-30,29.237537657179228,29.426590689312246,28.61948585510254,28.61948585510254,2695100.0
2011-10-03,28.321368907289546,28.53950469415149,27.136160674552052,27.15070343017578,4678000.0
2011-10-04,26.605350505078594,27.921440167561833,26.17634911693456,27.761472702026367,5000000.0
2011-10-05,27.83419561258956,28.60494499907472,27.456092296978746,28.394079208374023,3110800.0
2011-10-06,28.234109718747423,29.651993447608355,27.521528698926947,29.60109519958496,3039500.0
2011-10-07,29.819239898001626,30.0010202023082,28.386812986214,28.401355743408203,2419800.0
2011-10-10,29.121194059711886,29.8774005281336,29.033940320662108,29.87013053894043,1786700.0
2011-10-11,29.60835480609081,30.335475481888754,29.288419933542748,30.131879806518555,1910600.0
2011-10-12,30.41546964727859,31.76064225005309,30.371841393196778,31.20802879333496,2767900.0
2011-10-13,30.800844859504117,30.95353959813213,29.45566939523141,30.219148635864258,2424800.0
2011-10-14,31.54978563691495,31.68794042790782,30.589985959608832,31.178955078125,1817600.0
2011-10-17,30.917195025191976,31.098975332649303,29.65927563043695,29.761072158813477,2257400.0
2011-10-18,29.862853628813493,31.31709535516914,29.57200417404398,31.040788650512695,2464300.0
2011-10-19,30.90264664432566,31.208036173882853,29.59382922355065,29.739253997802734,3109200.0
2011-10-20,29.644721134521433,30.437283072153214,29.375687162663677,30.32094383239746,2784900.0
2011-10-21,30.713610308592553,31.60796933129241,30.611810978825478,31.600696563720703,3207600.0
2011-10-24,31.80427615958621,32.76407573008843,31.695206891860032,32.50231170654297,2674600.0
2011-10-25,32.05876505392671,32.05876505392671,30.466371059844032,30.575437545776367,3460500.0
2011-10-26,31.22984491091986,31.418895134769627,29.957383266605575,31.164403915405273,4087100.0
2011-10-27,35.628925766130834,36.29060570512341,34.54551435401851,35.28717803955078,6176900.0
2011-10-28,35.1126640130417,35.6507318504468,34.683662631126204,35.43986892700195,3464400.0
2011-10-31,34.35648317112153,34.64733281540262,33.927481471368196,33.94202423095703,3063900.0
2011-11-01,32.865870175509215,33.07673593390795,31.876985159049738,32.05876541137695,3450300.0
2011-11-02,32.957818448484176,33.25750131584249,32.26343050071472,33.00898361206055,2622000.0
2011-11-03,33.41100220755754,34.54394968006655,32.62159470741753,34.22233963012695,2898700.0
2011-11-04,33.6595118760204,33.96650562174433,32.81893940570073,33.81300735473633,2146500.0
2011-11-07,33.68144530817554,34.33197622344455,33.286740217464335,34.302738189697266,2021300.0
2011-11-08,34.67550083399046,35.538002999898936,34.60971667597062,35.34796142578125,3831500.0
2011-11-09,34.14194019585013,34.25888957133204,33.06746867995172,33.14786911010742,3138800.0
2011-11-10,33.86418907135125,34.04692265506035,33.01630256617955,33.330604553222656,2512100.0
2011-11-11,33.959213002322265,34.58781705924349,33.93728586164153,34.51472473144531,1933800.0
2011-11-14,34.17847333128921,34.35389872182359,33.68144076607444,34.193092346191406,2166000.0
2011-11-15,33.86418016907317,34.60973054091663,33.622970563606046,34.26619338989258,2234300.0
2011-11-16,33.82763822643757,34.02499082036823,33.10401483698487,33.14786911010742,2707000.0
2011-11-17,33.052829762007704,33.08206499705908,32.087997298028206,32.28534698486328,3038300.0
2011-11-18,32.563111961848634,32.70199121838046,32.109933623331514,32.31459426879883,1766900.0
2011-11-21,32.20495875875987,32.285359170862215,31.1304846958342,31.488643646240234,1962600.0
2011-11-22,31.371700847763073,31.65676758537666,30.889284290076375,31.232824325561523,2100700.0
2011-11-23,30.808867993744794,30.925817317576076,30.18026433254223,30.194883346557617,2038800.0
2011-11-25,30.077945722161175,30.78695005379244,30.041396778760333,30.341079711914062,770900.0
2011-11-28,32.72391967285013,32.72391967285013,31.057390833336374,31.45209312438965,2491200.0
2011-11-29,31.525180760945368,31.664057202007186,31.101237748822523,31.34244728088379,2185100.0
2011-11-30,32.40961238589973,33.608343652221464,32.35844723099271,33.55717849731445,3035200.0
2011-12-01,33.30866213168689,33.491395631548365,32.87010284733611,33.24287796020508,1205000.0
2011-12-02,33.59372983016104,34.59511153277304,33.50601852080623,33.60834884643555,1555600.0
2011-12-05,34.33198165893555,34.67551885083215,33.981133563298464,34.33198165893555,1607400.0
2011-12-06,34.27349719008554,34.61703708615689,33.9299572940142,34.31004333496094,1574900.0
2011-12-07,34.1273181090589,35.38452587374978,33.842254206202895,35.238338470458984,2105100.0
2011-12-08,34.85093557206547,34.865554587595504,33.20633396687976,33.315975189208984,2684000.0
2011-12-09,33.62297167032397,34.59511545047681,33.53526035103635,34.426998138427734,2704900.0
2011-12-12,33.8714753377991,33.8714753377991,33.01628126780269,33.38174819946289,2440500.0
2011-12-13,33.55718001801738,33.959193162629774,32.55580121308279,32.94319534301758,2860700.0
2011-12-14,32.65812390971907,33.18439716218697,32.42422530602029,32.85547637939453,2832100.0
2011-12-15,33.38907438915891,33.55718892011111,32.950514985656866,33.01629638671875,2799800.0
2011-12-16,33.732606697821105,34.12730895606589,33.38906681046955,34.02497863769531,6187400.0
2011-12-19,34.16385152293145,34.50008044587238,33.76183564953301,33.90071487426758,3029000.0
2011-12-20,34.536638259887695,35.85963006262318,34.47085407548002,35.815773010253906,3132700.0
2011-12-21,35.80846571656595,36.1958599290184,35.545328972902944,36.10083770751953,3903600.0
2011-12-22,36.159304074717014,36.83907288398798,35.95464066885265,36.58324432373047,2299200.0
2011-12-23,36.824465881933165,36.99258041381836,36.466306896061084,36.99258041381836,1131200.0
2011-12-27,36.787901154957154,37.116819149189205,36.56861877441406,36.56861877441406,1425000.0
2011-12-28,36.568630682489264,36.68558002232594,36.035049145216206,36.15930938720703,1195900.0
2011-12-29,36.356670851277066,37.16800552726776,36.342051831670084,36.9414176940918,1278400.0
2011-12-30,36.69289730539085,36.817154780697905,36.232407979826846,36.283573150634766,1763600.0
2012-01-03,37.39458061024167,38.26439100322971,37.299558416427125,37.60655212402344,2166100.0
2012-01-04,37.321504623618495,37.489619170193755,36.89756141098204,37.138771057128906,1931200.0
2012-01-05,36.80982993794926,37.51883668022372,36.29817567409011,37.45305252075195,1716700.0
2012-01-06,37.416521872414194,37.767369964866845,37.13876887523884,37.34342956542969,1740700.0
2012-01-09,37.438448818051114,37.760058846818524,37.189931090455936,37.35073471069336,1740700.0
2012-01-10,37.87700595704,38.07435850446079,37.71619955803956,37.935482025146484,2976400.0
2012-01-11,37.665033600718274,37.957408358518975,37.37996974542337,37.82583999633789,1985200.0
2012-01-12,38.06705889283709,38.293646736629896,37.5627124517901,37.94279861450195,1900700.0
2012-01-13,37.263006038621064,38.103581052117214,36.96332328210606,37.56999969482422,1951300.0
2012-01-17,38.21323638080648,38.403280820807964,37.628489619825956,37.708892822265625,1601300.0
2012-01-18,37.71620066690957,38.42520767793758,37.423828682658495,38.37404251098633,1366700.0
2012-01-19,38.395974153583104,39.33157186265612,38.2424786346975,39.214622497558594,2081200.0
2012-01-20,39.38272918223113,40.194066460682976,39.236541807937535,39.96747589111328,2474200.0
2012-01-23,40.14290371209757,40.64725007935848,39.79205564129885,40.018646240234375,1908300.0
2012-01-24,39.506981463883584,39.81397518852335,39.33155886833962,39.6385498046875,1895800.0
2012-01-25,39.448506860554,39.86513899624425,39.38272269237702,39.67509460449219,1944400.0
2012-01-26,39.91631072835436,40.296396786200816,39.57277081700824,39.96747589111328,2967300.0
2012-01-27,39.704333358470535,39.87244783837759,38.922234227111176,39.229225158691406,3209100.0
2012-01-30,38.6517999088402,39.28040374472083,38.22054863457041,38.94417190551758,1509200.0
2012-01-31,39.07576012143413,39.21463946954534,38.6079624585825,39.141544342041016,3069100.0
2012-02-01,40.062487774208414,40.4937388836337,39.4338841786097,40.040557861328125,3408800.0
2012-02-02,37.401894869751686,37.75274567560639,35.91809960600543,36.824459075927734,9200400.0
2012-02-03,37.25571854095543,39.22193061299908,37.138769175857895,39.214622497558594,3605700.0
2012-02-06,38.8345405652117,39.74820845022227,38.55678474744641,39.71166229248047,3008600.0
2012-02-07,39.40464887240576,40.15020183107081,39.236534399612424,40.14289093017578,2921000.0
2012-02-08,40.11351804202489,40.45147289753615,39.88576908584996,40.128211975097656,2754400.0
2012-02-09,40.38535114315952,40.68656976129088,39.650671313318995,39.746177673339844,2719800.0
2012-02-10,39.15842573568026,39.83433248744053,38.930676832299504,39.81229019165039,2332300.0
2012-02-13,40.2237174016312,40.517590430620686,39.716789369334286,40.43677520751953,2153100.0
2012-02-14,40.31921332969783,40.70124702102542,39.944525200523856,40.64247131347656,2688700.0
2012-02-15,40.70124727400094,40.77471410631365,40.06207406204437,40.30451965332031,2788200.0
2012-02-16,40.355959171736195,41.23022707137364,40.12820743872673,40.92900848388672,1498400.0
2012-02-17,41.17879736389457,41.61225850678106,41.046554791313554,41.53879165649414,1585600.0
2012-02-21,41.634296456147354,41.71511167001203,41.12736848178792,41.28165054321289,1703600.0
2012-02-22,41.49471164755763,41.49471164755763,40.87758054985864,41.02451705932617,1942400.0
2012-02-23,40.95838592326747,41.56082294492795,40.84818286701586,41.509395599365234,1743400.0
2012-02-24,41.678372695640306,41.84734866458978,41.252259991893865,41.443275451660156,1168800.0
2012-02-27,40.87022291413389,41.546126734436726,40.76736822865998,41.28899002075195,1226600.0
2012-02-28,41.33307253148471,41.435930028329786,41.08328135859283,41.27429962158203,2233200.0
2012-02-29,41.25226765057236,41.41389528420301,40.88492778833246,40.96574020385742,2558600.0
2012-03-01,41.17879935891134,41.634300018435724,41.06125071120889,41.26696014404297,1384900.0
2012-03-02,41.35512350498292,41.575526867893814,40.98778363260449,41.02451705932617,1090100.0
2012-03-05,40.862895860335485,40.98044453397853,40.591065078019966,40.80412292480469,1740100.0
2012-03-06,40.238413170791155,40.37065575961708,39.72413674786602,39.797603607177734,1625900.0
2012-03-07,39.98861001703444,40.260440678634716,39.863713030301206,40.0767707824707,1252900.0
2012-03-08,40.46614979598998,40.723286510066245,40.28247991376979,40.64247131347656,1404700.0
2012-03-09,40.73064262190077,41.5681798559233,40.56901498943808,41.20083999633789,1358600.0
2012-03-12,41.193494613008745,41.42859191596312,40.524936132248314,41.031864166259766,1183200.0
2012-03-13,41.28165608964647,42.35429070517341,41.1494135042059,42.31755447387695,2242900.0
2012-03-14,42.30284716182959,42.479168673245944,41.67836790223193,41.69306182861328,1725100.0
2012-03-15,41.72981501971453,42.69224663445543,41.443290325939316,42.62612533569336,1810100.0
2012-03-16,43.07427052597876,43.111003949550366,42.33959084422444,42.40571212768555,2253000.0
2012-03-19,42.12653763374519,42.956726548908286,42.01633454849508,42.677547454833984,1410800.0
2012-03-20,42.05307189255869,42.67754858530181,41.96490830099092,42.075111389160156,1933500.0
2012-03-21,42.14858273886908,42.537964970012226,41.96491277406347,42.16327667236328,1655500.0
2012-03-22,41.67837384368073,41.82531032586078,41.377155316372765,41.502052307128906,1768100.0
2012-03-23,41.347758390025184,42.08978620111371,41.03919436745111,41.9501953125,1908800.0
2012-03-26,42.31755059905892,42.79509353637695,42.24408374835493,42.79509353637695,1331800.0
2012-03-27,42.8097851054071,42.88325195205825,42.38366954760492,42.39101791381836,1295200.0
2012-03-28,42.28081553003801,42.5159128062482,41.66368447934112,42.47917938232422,1631200.0
2012-03-29,41.840007240123306,41.876740662644615,41.07593972032591,41.45797348022461,2465700.0
2012-03-30,41.45062717703788,42.25877652562816,41.45062717703788,41.972251892089844,1533600.0
2012-04-02,42.00898776350012,42.567343132845565,41.93552091052179,42.43510055541992,1604600.0
2012-04-03,42.2220546505726,42.302869887795644,41.61961735819529,41.84736633300781,1334800.0
2012-04-04,41.362453572290484,41.66367204268198,41.08327458915844,41.193477630615234,1263600.0
2012-04-05,40.833485329692046,41.10531594249128,40.407369901852434,40.796749114990234,1767500.0
2012-04-09,39.87105491590064,40.24574021004751,39.84166706467116,40.010643005371094,1579000.0
2012-04-10,40.00331086039922,40.21636864939996,39.06291892371964,39.09965515136719,1825900.0
2012-04-11,39.80493796565337,40.267786863648425,39.48167997483622,39.56249237060547,1461900.0
2012-04-12,39.73148236434916,40.32657117028099,39.69474613465587,40.209022521972656,1768000.0
2012-04-13,39.98126582206545,40.00330811765883,39.033531188964844,39.033531188964844,1649500.0
2012-04-16,39.30535606543984,39.6065745699129,39.07760439519725,39.40821075439453,1518500.0
2012-04-17,39.83434020534306,40.76738390059445,39.782912842836225,40.532283782958984,1541800.0
2012-04-18,40.15760228417141,40.29719045298256,39.599246806345455,39.64332580566406,1522100.0
2012-04-19,39.58455797038802,39.8490432106875,38.97477224385515,39.34946060180664,1921800.0
2012-04-20,39.54045016556717,39.75350789156862,39.15107093034925,39.268619537353516,1607300.0
2012-04-23,38.52659973701618,39.033530487851145,38.166608278896135,38.820472717285156,2110600.0
2012-04-24,38.51191232143575,38.85721271126693,37.806620412597574,38.53395462036133,3336900.0
2012-04-25,38.94536505752268,39.452295784216034,38.82781643152921,39.37882614135742,1919200.0
2012-04-26,39.283316057199,40.032689527295425,39.12903122322324,39.85636520385742,1760500.0
2012-04-27,39.885761709635744,40.07677719909419,39.48168843389549,39.73147964477539,1474700.0
2012-04-30,39.746165386108295,40.02534441986429,39.58453777926452,39.82698059082031,1008100.0
2012-05-01,39.643331761525,40.4073996270933,39.643331761525,39.86373519897461,1468500.0
2012-05-02,39.69363585786291,39.782368977804914,39.24257136526389,39.49398422241211,1625600.0
2012-05-03,39.51615849753463,39.59749834905374,38.85065600658402,39.042911529541016,1806200.0
2012-05-04,38.739755064728136,38.90243484146553,37.85981126127053,38.45137023925781,1898300.0
2012-05-07,38.22952879005779,38.62143601042189,38.02987714361518,38.50312423706055,1500000.0
2012-05-08,38.15560469577165,38.3996244590846,37.63799214470209,38.089054107666016,1746400.0
2012-05-09,37.43832691191499,37.815444894993846,37.209096564066535,37.416141510009766,1868500.0
2012-05-10,37.7045189711452,38.096426175908476,37.430920714258505,37.549232482910156,968400.0
2012-05-11,37.09818544419712,37.73411255779813,36.75803930182611,37.32002258300781,1008900.0
2012-05-14,36.65450733156359,37.17951574002488,36.49182755736828,36.7210578918457,1761400.0
2012-05-15,36.669305045983876,36.97987251782137,36.31436958355117,36.36613082885742,1113200.0
2012-05-16,36.57316625528764,36.70626737152407,35.36046970360063,35.382652282714844,1982100.0
2012-05-17,35.35308031584122,35.52315335611999,34.89461961167145,34.902015686035156,1933400.0
2012-05-18,35.138637530698354,35.30871056245373,34.25129764350772,34.317848205566406,1672600.0
2012-05-21,34.36222341434148,35.13124884559258,34.12559977076016,35.12385559082031,1396300.0
2012-05-22,35.34569285562514,35.781968263804956,34.754133697273666,34.98336410522461,1516300.0
2012-05-23,34.61362758982785,35.109057336150656,34.32523995304038,34.990745544433594,1881200.0
2012-05-24,35.21998025575648,35.44181454022153,34.857648761868674,35.41963195800781,1741100.0
2012-05-25,35.34567998168673,35.737590073230336,35.256946845447374,35.33089065551758,1482700.0
2012-05-29,35.58232362810612,35.88549793363224,35.493590441819165,35.789371490478516,1089400.0
2012-05-30,35.37526323301789,35.604493587277695,35.2865300852427,35.434417724609375,1913700.0
2012-05-31,35.36786997935992,35.76717055473622,34.872437360998646,35.434417724609375,2129100.0
2012-06-01,34.53228938994041,34.56926129776147,33.851994438774646,33.87417984008789,2359500.0
2012-06-04,34.09602271888573,34.30306771159439,33.46748884408571,33.615379333496094,1490800.0
2012-06-05,33.474884726215826,34.58405915920863,33.40093807155044,34.4361686706543,1673600.0
2012-06-06,34.65798466196676,35.76715850830078,34.58404086718781,35.76715850830078,1633000.0
2012-06-07,36.50661069732289,36.743234244719105,35.62666705674167,35.685821533203125,2031500.0
2012-06-08,35.49357923471496,36.018587750575485,35.027725217441976,35.8854866027832,1567200.0
2012-06-11,36.440071404189005,36.440071404189005,35.131245416688124,35.17561340332031,1465900.0
2012-06-12,35.47140370009313,35.75978863736595,35.07949343335857,35.737606048583984,1640500.0
2012-06-13,35.5157461614524,35.55272088014204,34.798482315428295,34.931583404541016,1621700.0
2012-06-14,35.0868783871666,35.53054694681845,34.98335591129956,35.434417724609375,1617600.0
2012-06-15,35.55272622098304,36.809787863570655,35.55272622098304,36.78760528564453,2639900.0
2012-06-18,36.49183929979597,36.765437702759144,36.27740104390732,36.71367645263672,1218500.0
2012-06-19,36.89112681126352,37.70452277089342,36.69147515264824,37.490081787109375,1916000.0
2012-06-20,37.57882513549591,38.370035912125026,37.48269590614789,37.81544876098633,2303700.0
2012-06-21,37.94853998434385,38.022483790191934,36.661899709624784,36.69887161254883,1849500.0
2012-06-22,36.91332116329525,37.90418369946642,36.91332116329525,37.578826904296875,2671100.0
2012-06-25,36.97986609164677,36.97986609164677,36.070343598319646,36.558380126953125,1741500.0
2012-06-26,36.58794275747208,37.15731892829917,36.403080474246714,36.81717300415039,1504000.0
2012-06-27,36.95028411193857,37.645365470218366,36.84676165653258,37.490081787109375,1506100.0
2012-06-28,37.26085933038956,37.59361216487162,36.8985306601126,37.56403350830078,1033700.0
2012-06-29,38.65102705633874,38.71757762649915,38.362642192568984,38.64363098144531,1717100.0
2012-07-02,38.71756133147638,38.895027563363385,38.25170753641694,38.443965911865234,1447900.0
2012-07-03,38.3330758688266,38.80632326634173,38.26652527725247,38.70280075073242,829300.0
2012-07-05,38.4291992710588,38.54751110240603,37.9929238640703,38.0298957824707,1330600.0
2012-07-06,37.44571135428091,37.91895844552377,37.44571135428091,37.682334899902344,1174400.0
2012-07-09,37.64537067362798,37.67494932805393,37.06120494220647,37.26085662841797,1218700.0
2012-07-10,37.61579483050317,38.02249148654016,37.031631876198674,37.142547607421875,1607400.0
2012-07-11,37.14994926220599,37.45312348633028,36.8615615478451,37.305233001708984,1147500.0
2012-07-12,36.87634528695772,36.9502919284443,36.38091548248945,36.68408966064453,1101100.0
2012-07-13,36.82458267028414,37.91157428286465,36.7580321058246,37.79326248168945,927300.0
2012-07-16,37.53445022532244,37.67494741632859,37.268250811323846,37.40135192871094,726900.0
2012-07-17,37.71192679353103,37.92636783855895,37.00205590734496,37.90418243408203,976700.0
2012-07-18,37.8820102161118,38.90245165721481,37.66756911240592,38.56230545043945,1435400.0
2012-07-19,38.62145029439313,38.93202057731417,38.13341369618254,38.38482666015625,1355200.0
2012-07-20,37.9485441700205,38.0668559648923,37.16472676601,37.194305419921875,1301000.0
2012-07-23,36.33653666488124,36.59534560176372,35.80413228800309,36.35132598876953,1705800.0
2012-07-24,36.30697673747374,36.30697673747374,35.46400458661888,35.84112548828125,1489500.0
2012-07-25,35.9372443660654,36.10732023237513,35.37526399042235,35.47878646850586,1756100.0
2012-07-26,36.47703677046144,37.68973321925987,36.462247445381536,37.534446716308594,2119100.0
2012-07-27,37.99291557152624,39.19082295505207,37.711923975616145,38.84328079223633,2294500.0
2012-07-30,38.761935254566836,39.12426669292639,38.53270775141894,38.62144088745117,1149500.0
2012-07-31,38.39959593635511,38.48093579704122,38.11121120903146,38.24431228637695,1653800.0
2012-08-01,38.676139439481986,38.78036727078066,38.16244107094512,38.20711135864258,1432000.0
2012-08-02,37.74552898989542,38.10288276433286,37.22438700384255,37.827423095703125,1146800.0
2012-08-03,38.63145111579858,39.308934542936534,38.549557046585086,39.182373046875,1010800.0
2012-08-06,39.227049114395015,39.57695918174888,39.02603712931905,39.36850357055664,1154800.0
2012-08-07,39.59928903677517,40.77558064801712,39.5248414228967,40.38844680786133,1821400.0
2012-08-08,40.135325726641526,40.619243794491716,40.10554554154418,40.5745735168457,1106800.0
2012-08-09,40.42566168752506,40.7383478447513,40.18742596773068,40.47777557373047,1070300.0
2012-08-10,40.32144762350779,40.65646760586602,40.1874396305645,40.5745735168457,777600.0
2012-08-13,40.388453110755016,40.5894651075895,40.17999748736884,40.44056701660156,806600.0
2012-08-14,40.76814304901281,40.83514705207344,40.351231776631145,40.45545959472656,946100.0
2012-08-15,40.39589921955594,40.58202113472897,40.23955749240941,40.49268341064453,819500.0
2012-08-16,40.52989782702014,41.05848610193106,40.351222420285104,40.90214157104492,1257500.0
2012-08-17,41.021264118393795,41.22227610381541,40.92448277874224,41.170162200927734,952900.0
2012-08-20,40.9989408509864,41.14783897147572,40.75326136617514,40.94682693481445,594800.0
2012-08-21,40.94681316346586,41.53495897959432,40.686243670241595,40.85002899169922,723200.0
2012-08-22,40.708584988423354,41.01382481176762,40.500129354918485,40.81281280517578,596200.0
2012-08-23,40.768139030841446,40.9170371163,40.44801198109848,40.500125885009766,568200.0
2012-08-24,40.38099348843739,41.17014823008127,40.28420934163425,41.080810546875,894000.0
2012-08-27,41.13294207267889,41.18505598023201,40.24700280428092,40.31400680541992,1184100.0
2012-08-28,40.23954842582309,40.82769422685041,40.1502107218678,40.5522346496582,969300.0
2012-08-29,40.656467601309004,40.90959349461854,40.46289923819271,40.537349700927734,706400.0
2012-08-30,40.2469924443989,40.83513536967663,40.001310223464706,40.61178970336914,897800.0
2012-08-31,40.94682196673731,41.28184198719145,40.56713450355267,40.879817962646484,849200.0
2012-09-04,40.850032960086935,41.170162848572694,40.4926792603808,40.65646743774414,924600.0
2012-09-05,40.559692390182114,40.79048461571196,40.366126824250436,40.48524475097656,965800.0
2012-09-06,40.90959449785581,41.80298019262143,40.88725793849015,41.69874954223633,992700.0
2012-09-07,41.71362628591944,42.19009774664836,41.69129257369587,42.041202545166016,774200.0
2012-09-10,42.048650559590065,42.11565454325065,41.587069138813916,41.601959228515625,1073200.0
2012-09-11,41.60198171478336,42.01144946292185,41.587091617033416,41.80299377441406,926100.0
2012-09-12,42.07100011314982,42.353906244003156,41.95188219068452,42.182674407958984,938400.0
2012-09-13,41.6987533567378,43.29940299128291,41.512631438302094,43.269622802734375,2148500.0
2012-09-14,43.31428794107151,45.01916519305126,43.31428794107151,44.073665618896484,2769500.0
2012-09-17,44.02155658357668,44.02155658357668,43.34407291961139,43.43341064453125,1099000.0
2012-09-18,43.36639802626942,43.612080270989,43.12071578154985,43.32172775268555,1043500.0
2012-09-19,43.30684295776361,43.42596370188866,42.942045618862615,43.0388298034668,1103900.0
2012-09-20,42.674047835860414,42.84527971862166,42.383697998134984,42.77083206176758,1222900.0
2012-09-21,43.02394272429243,43.37384999468891,42.76337033825797,42.88248825073242,1990100.0
2012-09-24,42.562349580048185,43.0462675975067,42.398564259057714,42.74102783203125,852400.0
2012-09-25,43.016488995217514,43.098383078717404,41.60940800415818,41.624298095703125,1357900.0
2012-09-26,41.65408175316169,42.00398899367258,41.2073874895384,41.7508659362793,1895600.0
2012-09-27,42.10821768086121,42.592132893908264,41.92953941573966,42.39112091064453,1038500.0
2012-09-28,42.391119903104446,42.42834655244954,41.84020070873023,42.20499801635742,1025100.0
2012-10-01,42.56979547729576,42.971819408895335,42.04121003389323,42.19755172729492,979300.0
2012-10-02,42.4506765609515,42.480456741827695,41.87742085905927,42.01142883300781,987100.0
2012-10-03,42.23477835103639,42.331562527689826,41.81042067493354,42.04865646362305,1085500.0
2012-10-04,42.376228547158895,43.277060610535955,42.376228547158895,43.0090446472168,1582900.0
2012-10-05,43.31428808663403,43.57485760637353,42.934597826448176,43.05371856689453,1505800.0
2012-10-08,42.81547398968398,43.10582649427281,42.70380257099077,42.94948196411133,566100.0
2012-10-09,42.76334641244476,43.11325632706398,42.5846710636983,42.65911865234375,921600.0
2012-10-10,42.71124324358121,42.84525120874449,42.21243802658001,42.271995544433594,1105900.0
2012-10-11,42.770804599159746,42.86014229802122,42.286886620337775,42.30922317504883,1441400.0
2012-10-12,42.26456170923138,42.42834989125599,41.43818001264515,41.66152572631836,1020800.0
2012-10-15,41.840206324043976,42.01143814203266,41.549856596150335,41.832759857177734,1151600.0
2012-10-16,42.2347681771213,43.31427543207558,42.2347681771213,43.09837341308594,1237900.0
2012-10-17,43.22495038211552,44.02899550036638,43.15049991931791,43.91732406616211,1078500.0
2012-10-18,43.805653950918625,44.12578387135492,43.59719831528384,43.865211486816406,1049000.0
2012-10-19,43.679094687514734,43.85032936826279,42.83782557946829,43.03139114379883,957200.0
2012-10-22,43.716302717273614,43.716302717273614,42.79313705618931,43.381282806396484,1329600.0
2012-10-23,42.45067979302431,42.74102947868774,42.234777725225236,42.52512741088867,1795400.0
2012-10-24,42.81546940129678,43.1653793903578,42.36877809440558,42.48789596557617,1683000.0
2012-10-25,43.61951917467216,45.17549803614087,43.49295483321598,43.92475891113281,2656200.0
2012-10-26,43.9024262373848,44.29700368070044,43.2770566600575,44.14810562133789,1974700.0
2012-10-31,43.8503184054928,44.20767209337523,41.788087524175594,43.45573806762695,3463400.0
2012-11-01,43.71833163328396,44.79872183440587,43.388213120678216,44.776214599609375,1544700.0
2012-11-02,45.016310496058495,45.5490028167008,44.82874253565825,45.10634231567383,3432200.0
2012-11-05,44.7687194145414,45.2413914761268,44.52113119508425,45.10634231567383,1799600.0
2012-11-06,45.21888987909225,45.79659961265806,45.09134216183368,45.353939056396484,1336000.0
2012-11-07,44.75371481780594,44.76121627663423,43.56828397874796,43.96592712402344,1702100.0
2012-11-08,44.0334624695934,44.573659223243766,43.508274361389475,43.523277282714844,1458100.0
2012-11-09,43.30568786398888,44.00344084523641,43.095609820326814,43.55327606201172,741700.0
2012-11-12,43.553276163722856,44.851245996908126,43.36570821912279,43.80836868286133,1075800.0
2012-11-13,43.32819652252063,44.70119529260738,43.26067194592522,43.92841339111328,1714000.0
2012-11-14,44.06345617629297,44.20600676758876,43.07309777072585,43.200645446777344,1636300.0
2012-11-15,43.065589008646356,43.793350481050986,42.91553412312022,43.560768127441406,1806400.0
2012-11-16,43.08059462070118,43.89088933607868,43.08059462070118,43.80085754394531,2166900.0
2012-11-19,44.47610847616926,44.91876892366947,44.393578125643174,44.82123565673828,1500700.0
2012-11-20,44.731196659338295,44.8437385559082,44.40107815122419,44.8437385559082,1441500.0
2012-11-21,44.911254630512225,45.248877394331636,44.633654963397944,45.143836975097656,1085700.0
2012-11-23,45.48896754184403,45.82659033152798,45.383929976622134,45.76656723022461,937000.0
2012-11-26,45.4664597341633,45.61651463290842,45.32390915448797,45.39143371582031,1832300.0
2012-11-27,45.301415025992505,45.75157699038961,45.113847063817055,45.12885284423828,1308000.0
2012-11-28,44.75370480173499,45.571501009864186,44.60364990021364,45.53398513793945,1348600.0
2012-11-29,45.729068407735724,46.321783837696636,45.57901346999044,46.1117057800293,1367200.0
2012-11-30,46.05168858521558,46.32178691871023,45.51899337768555,45.51899337768555,1900000.0
2012-12-03,45.70656459319189,46.134222226306704,45.62403708503809,45.84161376953125,1444700.0
2012-12-04,45.721564351215015,45.85661350976104,45.42895879505193,45.473976135253906,1124500.0
2012-12-05,45.4739795704645,46.036683486227595,45.376443423688734,45.85661697387695,1074400.0
2012-12-06,45.78907998906774,46.381795306715574,45.571503375728355,46.351783752441406,1152100.0
2012-12-07,46.441818053055265,47.042034823560776,46.38929926451474,46.77943801879883,1722200.0
2012-12-10,46.48684213177164,46.5168536920157,45.984161376953125,45.984161376953125,1738600.0
2012-12-11,46.276759563236496,46.46432749179629,46.05918007921287,46.14921188354492,1569500.0
2012-12-12,46.32927634023746,47.08704947937087,46.26175177440899,46.44181823730469,1667800.0
2012-12-13,46.35177698722484,46.434307318403526,45.85659786221164,46.05167007446289,1133600.0
2012-12-14,45.92413249015402,46.209236552554685,45.83410068278628,45.931636810302734,860800.0
2012-12-17,46.23926045528027,46.891996241586256,46.17923732630208,46.88449478149414,1090600.0
2012-12-18,46.86197557730515,47.70978350610016,46.72692642538878,47.657264709472656,1756300.0
2012-12-19,47.63476695012179,47.82983639611705,47.199607849121094,47.199607849121094,1231600.0
2012-12-20,47.19958792463045,47.65725407488003,47.13956768276085,47.649749755859375,988000.0
2012-12-21,47.0195198059082,47.319629590780934,46.696905650949695,47.0195198059082,2420600.0
2012-12-24,46.92199162770086,47.27461737165369,46.816954050265586,47.18458557128906,511300.0
2012-12-26,47.23710402205542,47.357147375702525,46.824455172772204,46.86947250366211,700400.0
2012-12-27,46.92200036011192,47.11706977421519,46.23925311766071,46.94450759887695,1011200.0
2012-12-28,46.58437490681018,47.094559945869705,46.50934887367895,46.659400939941406,895200.0
2012-12-31,46.51684146482667,46.99701485427606,46.359285108049676,46.9895133972168,1187400.0
2013-01-02,48.20495095472618,49.000237029810094,48.137429257385755,48.97772979736328,1860300.0
2013-01-03,48.92522182404637,49.52544153446935,48.812679912827136,48.89521026611328,1673200.0
2013-01-04,48.94773445558286,49.54044991081089,48.84269685330144,49.48042678833008,827000.0
2013-01-07,49.25535206598724,49.33037811220834,48.74516693791517,48.95524215698242,1137000.0
2013-01-08,47.94237536639,48.52758653023062,47.70979004796251,48.00239562988281,1452200.0
2013-01-09,48.20495253025375,48.47505077667958,48.11491787340571,48.21995544433594,957800.0
2013-01-10,48.61760999322332,48.767662048339844,48.38502186643802,48.767662048339844,939800.0
2013-01-11,48.59508759313233,49.03775080073629,48.48255143571578,48.82017135620117,1116900.0
2013-01-14,48.82769135913983,49.052769470390274,48.737656680167824,48.99275207519531,1347600.0
2013-01-15,48.715151074730485,48.8577045568523,48.31000359195263,48.677635192871094,1247800.0
2013-01-16,48.490064910557734,48.550088029011455,48.09242176801122,48.20496368408203,1197000.0
2013-01-17,48.415025922927214,49.21781631410043,48.33249558816116,49.06776428222656,1283100.0
2013-01-18,48.96273200322698,49.4579083411859,48.61010339370843,49.44290542602539,1305600.0
2013-01-22,49.28534013396233,49.915565490722656,49.2328213542323,49.915565490722656,857700.0
2013-01-23,49.78803448941621,49.87806916136766,49.48042032000489,49.840553283691406,678900.0
2013-01-24,49.91558668443487,50.500797828221366,49.81054908037679,50.17818069458008,1215300.0
2013-01-25,50.34323901092983,50.55331420898438,49.94559585402373,50.553314208984375,950700.0
2013-01-28,50.56831146870002,50.56831146870002,49.76552101448156,50.11064529418945,879500.0
2013-01-29,49.930588367310186,50.57582254465054,49.70550454763543,50.560813903808594,1370200.0
2013-01-30,50.41074174547768,50.50827497559461,49.750499190479914,50.163150787353516,1763100.0
2013-01-31,50.16317743238919,50.598336488576855,49.307867962845215,49.75802993774414,2338700.0
2013-02-01,50.3807373046875,50.5232850112505,49.88555531860744,50.3807373046875,1508100.0
2013-02-04,50.020610242353584,50.08813766835453,48.872695517404125,49.000240325927734,3297200.0
2013-02-05,49.472895864397906,49.92305754061815,49.33034247268359,49.72798538208008,1494400.0
2013-02-06,49.36789045356052,49.975608825683594,49.31537165256371,49.975608825683594,1327400.0
2013-02-07,50.217316225009284,50.3986045524712,49.454386109156175,49.95293045043945,1321000.0
2013-02-08,50.0133685514047,50.32307500879855,49.91517189477028,50.22487258911133,862400.0
2013-02-11,50.15689161829968,50.3759510182252,49.98315286558193,50.22487258911133,636000.0
2013-02-12,50.391048489825366,51.0180109105917,50.30795680692612,50.98023986816406,1445900.0
2013-02-13,50.98780249274089,51.53167330808524,50.8518347889048,51.28239822387695,1173800.0
2013-02-14,51.04824194797329,52.211520095441685,51.04824194797329,52.15108871459961,1573000.0
2013-02-15,52.24927556556649,52.37768790342967,51.901803835614785,51.94712448120117,1748200.0
2013-02-19,51.99247052569661,52.234190331868014,51.99247052569661,52.1435432434082,1477500.0
2013-02-20,52.045326365812514,52.17373870236415,51.28239618226907,51.32771682739258,1537900.0
2013-02-21,51.138874196379916,51.229521251583925,50.65543476139718,50.79895782470703,1174100.0
2013-02-22,51.10111040232762,51.31261444091797,50.97269805933389,51.31261444091797,1017600.0
2013-02-25,51.599657168527536,51.9169190039498,50.04358673095703,50.04358673095703,1627300.0
2013-02-26,50.35329002624201,50.527023013600875,49.81696881382277,50.32307434082031,1675000.0
2013-02-27,50.088912082789,51.577001685862705,50.088912082789,51.44858932495117,1230400.0
2013-02-28,51.44858484645331,52.23417543320138,51.35038818425472,51.84137725830078,1847400.0
2013-03-01,51.395695270146376,51.65251990183453,50.564784252908986,51.42591094970703,2272600.0
2013-03-04,51.365496283398265,52.045334886818644,51.20686823644242,52.022674560546875,1460700.0
2013-03-05,52.400340925907194,53.3067881899739,52.25681789992703,53.08017349243164,1784900.0
2013-03-06,53.2614631652832,53.33699947055369,52.98952785586889,53.2614631652832,2132600.0
2013-03-07,53.39744208786426,53.68448241368335,53.193487681239944,53.43520736694336,988200.0
2013-03-08,53.77515361293978,54.47009730112657,53.75249328270285,54.454986572265625,1896300.0
2013-03-11,54.42477439805625,54.742030534409565,54.31146698848599,54.545631408691406,1568300.0
2013-03-12,54.45499244149347,54.651391596472486,54.258599049569554,54.32658004760742,1140400.0
2013-03-13,54.538052387397904,55.44450550771015,54.13770470855699,55.406734466552734,1267000.0
2013-03-14,55.78442206935697,56.29052174998512,55.57291806927666,56.245201110839844,1778200.0
2013-03-15,55.79198751232077,56.381178979888375,55.58048347401987,56.14701461791992,2561900.0
2013-03-18,55.41428288957187,56.434037479580425,55.34629617661075,56.0261344909668,1941900.0
2013-03-19,56.23010338102997,56.464267730786865,55.656016904828135,55.87507629394531,2203100.0
2013-03-20,56.169680865002796,56.75887239470402,56.16212550196592,56.56247329711914,1058100.0
2013-03-21,56.275420031118486,56.65310741387767,55.59558158954153,55.625797271728516,1529200.0
2013-03-22,55.799545214340434,55.973278211778485,55.52005443026449,55.63336181640625,1139400.0
2013-03-25,55.95818140236478,56.18479044461032,55.12727005468999,55.49740219116211,1160200.0
2013-03-26,55.67868681138429,56.07148501226005,55.399196005493984,55.66358184814453,1847400.0
2013-03-27,54.95353426073206,55.28590112311865,54.87044254513542,55.18014907836914,2141200.0
2013-03-28,55.11970666054291,55.76177416460882,55.029059599018886,55.63336181640625,1577400.0
2013-04-01,55.53513250725816,55.89771481477177,54.91572562767054,55.04414367675781,1205400.0
2013-04-02,55.2481227349229,55.542718500928494,55.029063310421975,55.46718215942383,1789300.0
2013-04-03,55.625822323658156,55.63337768837061,54.047091118984326,54.24348449707031,1311100.0
2013-04-04,54.35677772029885,54.74202053726185,54.16037863044767,54.386993408203125,1092300.0
2013-04-05,53.38233651492235,54.062174997492505,53.08018543788535,53.99419403076172,1076500.0
2013-04-08,53.85068553756199,54.6513812096809,53.75248886026285,54.63627624511719,883800.0
2013-04-09,54.71180376192283,55.293439894123395,54.470084026546175,54.998844146728516,789900.0
2013-04-10,54.98372077024305,56.32828670816372,54.98372077024305,56.252750396728516,1014200.0
2013-04-11,56.35096883857214,57.03080743075473,56.267877134913526,56.8646240234375,1175700.0
2013-04-12,56.48692681183657,56.72109115644714,56.07147412827112,56.449161529541016,754100.0
2013-04-15,56.252766916478144,56.298087564038354,54.29634302637162,54.33411407470703,1386800.0
2013-04-16,55.05929083714812,55.30101063976383,54.46254381377236,55.24813461303711,1268300.0
2013-04-17,54.689149543150975,54.73447019763998,53.49565569514165,53.858238220214844,1659300.0
2013-04-18,53.9866381945754,53.994193556274354,52.38524153448864,52.5740852355957,2156900.0
2013-04-19,52.951794302455795,54.54563625294655,52.75539515929522,54.52297592163086,1977800.0
2013-04-22,54.37188117671574,54.80999418512271,53.51830395593236,54.67402648925781,1240200.0
2013-04-23,55.14235788284093,56.328296034182685,55.01394555583531,55.625797271728516,1779400.0
2013-04-24,55.73910607235286,55.882629125668345,54.81754791263664,54.87797927856445,1712700.0
2013-04-25,55.27079076156105,56.101702159984285,55.013966012052926,55.88264846801758,1117200.0
2013-04-26,55.70136011899377,56.011066686594326,55.346332888058434,55.504966735839844,952700.0
2013-04-29,55.64091049039454,56.169670544756684,55.3765247001611,56.0337028503418,1025000.0
2013-04-30,56.063927507309465,56.577582683640685,55.62580867039834,56.298091888427734,1306500.0
2013-05-01,56.162103314360586,56.162103314360586,55.074367751965184,55.11213302612305,1618700.0
2013-05-02,55.45449694926491,56.085959898826175,55.005629472332544,55.964229583740234,1624300.0
2013-05-03,56.73265096721823,57.790158685339414,56.55006125159751,57.668434143066406,1790900.0
2013-05-06,57.622791577353155,58.40641194516865,57.56193219869367,58.30751037597656,1148300.0
2013-05-07,58.62703958957951,59.03026124025035,58.208604546463114,58.84767150878906,1048000.0
2013-05-08,58.73354678962303,58.76397937688502,58.277069589538165,58.57378005981445,1604600.0
2013-05-09,58.512919497437096,58.82484335277727,58.117301675514916,58.231422424316406,1165900.0
2013-05-10,58.29229876963496,59.53239643974583,58.20100099221158,59.494354248046875,1125900.0
2013-05-13,59.41828351000692,60.29320179472693,59.07592695723244,60.14104461669922,1430700.0
2013-05-14,60.14102523429549,61.586535372968825,60.03451408311793,61.51806640625,1549300.0
2013-05-15,61.19095271631962,62.04304813902521,60.977930311749525,62.035438537597656,1171000.0
2013-05-16,61.74628742739948,62.21797785349683,61.130037909183166,61.21372604370117,1179900.0
2013-05-17,61.647380618618676,62.332099086581565,61.54847909718758,62.14950942993164,1146900.0
2013-05-20,61.997357586473974,62.40818874041436,61.951711615287785,62.16473388671875,1041500.0
2013-05-21,62.21040653993998,62.40821550728964,61.75392921903034,62.02781677246094,1466300.0
2013-05-22,62.210371636192846,63.12333157021094,61.19851598062244,61.48000717163086,1483500.0
2013-05-23,60.52141369950304,61.69303616573803,60.2094840916979,61.16048049926758,1159600.0
2013-05-24,60.62793538255517,61.092022174557805,60.36165169856297,61.01593780517578,793400.0
2013-05-28,62.126695163319454,63.09290494489991,62.03539741997729,62.780975341796875,1083700.0
2013-05-29,62.19519124026247,62.902733097558006,62.012601478373774,62.476688385009766,1110600.0
2013-05-30,62.499485308758935,64.12759070047889,62.30928602650734,63.86131286621094,1300000.0
2013-05-31,63.305913186020156,63.70913463873046,62.0201644897461,62.020164489746094,1553700.0
2013-06-03,62.3169321864006,62.575600575909604,61.084438024674235,61.64742660522461,2473700.0
2013-06-04,61.77674345460701,63.0016276714235,61.70827447817013,62.5223274230957,1936600.0
2013-06-05,62.240836678843046,62.32452486155642,60.58990762790425,60.658382415771484,1634800.0
2013-06-06,60.65837000752384,61.639793395996094,60.35404993303802,61.639793395996094,1113500.0
2013-06-07,62.18756680304673,63.283116721836166,61.738699202912024,63.19942855834961,1411100.0
2013-06-10,63.51135964099649,63.655907177536534,62.7505623591679,63.252685546875,1137900.0
2013-06-11,62.44622855838499,63.67871616918672,62.0962625822054,62.780975341796875,1268100.0
2013-06-12,63.336357248677245,63.54937950350896,61.64738679333848,61.708251953125,934200.0
2013-06-13,61.69303415149263,63.30592609566244,61.510444472438714,63.1385498046875,782600.0
2013-06-14,63.02441687568348,63.229835303714125,62.00495174356735,62.278839111328125,1501000.0
2013-06-17,62.88750694656175,63.50375089570293,62.598400260754126,62.87228775024414,1309500.0
2013-06-18,63.11575846162456,63.75483136532593,63.03207027418243,63.442901611328125,821400.0
2013-06-19,63.32877974904422,63.71678808380824,62.02020717252562,62.02781677246094,1659600.0
2013-06-20,61.33549922195945,61.82240917889939,59.89759234842985,60.148651123046875,2207400.0
2013-06-21,60.92460970906166,61.09958972422988,59.539959752238396,60.22467803955078,2451000.0
2013-06-24,59.53238431837736,59.64650506581462,58.40640184377724,58.923744201660156,1640500.0
2013-06-25,59.623679822474024,60.65836449911208,59.26610420275647,60.30078887939453,1137300.0
2013-06-26,61.00072071844464,61.540886042682885,60.80291181799531,61.11484146118164,1307900.0
2013-06-27,61.616948041773604,62.19515539298899,61.381102826749924,62.14950942993164,1078400.0
2013-06-28,61.92887420362309,61.94408758900074,61.19090021777265,61.53325653076172,1806900.0
2013-07-01,62.081048412941264,62.70490186520725,61.906068312903024,61.95932388305664,1051100.0
2013-07-02,61.90607950472874,62.6973094074994,61.76913575608722,62.248435974121094,1029000.0
2013-07-03,61.62457215152586,61.87563661631555,61.236563960889235,61.71586990356445,658300.0
2013-07-05,62.40818774971156,63.237459641099555,62.058221765856025,63.22224044799805,533800.0
2013-07-08,63.80806092310327,64.19606330174825,63.45048532345563,63.58742904663086,755100.0
2013-07-09,64.3177870113083,64.66775297795256,63.55698991745004,64.60688781738281,889300.0
2013-07-10,64.40910745102526,64.79710992644837,63.86893621612974,64.33302307128906,1106000.0
2013-07-11,65.55790962557198,65.86983934122568,65.14707833892787,65.7785415649414,1121200.0
2013-07-12,65.8317694617529,66.02196872903149,65.43615753975871,65.88502502441406,1218900.0
2013-07-15,66.12850172736344,66.18936690608571,65.66441489734625,65.67963409423828,948700.0
2013-07-16,65.67961027045993,65.96110146220582,64.85033847333145,64.9720687866211,984300.0
2013-07-17,65.10903209712762,65.46660774458857,64.86557720164268,65.268798828125,1031400.0
2013-07-18,65.60355357073594,66.23501091681332,65.24597791191243,66.06763458251953,1289500.0
2013-07-19,65.7480710634717,66.04478140978746,65.2992036488371,65.66438293457031,987100.0
2013-07-22,65.67962895617026,66.5469373696335,65.61115418435871,66.46324920654297,670800.0
2013-07-23,66.64585052410501,66.72953870176197,65.90027232879119,65.93830871582031,1104500.0
2013-07-24,66.25782144037296,66.4175939508081,65.36769016211714,65.61114501953125,1571100.0
2013-07-25,66.12088216791841,67.1479571451704,65.7480873904484,66.64582824707031,2171000.0
2013-07-26,66.02959703597872,67.09471439544866,66.02959703597872,67.08710479736328,1330100.0
2013-07-29,66.76755547991527,66.97296814407342,66.33390136276252,66.65343475341797,1112900.0
2013-07-30,67.10230853493587,67.79463675053228,66.76756172483442,67.68812561035156,1464000.0
2013-07-31,67.62725698004942,68.31197556359052,67.45227688917984,67.71094512939453,1701100.0
2013-08-01,68.8359063377679,69.7465778150053,68.5986749466365,69.62413787841797,1319200.0
2013-08-02,69.38687951470074,69.80777944031811,69.1955624282445,69.80012512207031,833800.0
2013-08-05,69.40219627551213,69.79247897382531,69.05017349584847,69.75421905517578,760300.0
2013-08-06,69.46342782364466,69.67005361394757,68.62928785729835,68.76703643798828,1140300.0
2013-08-07,68.56808528149439,68.75174816397846,67.79516213650635,68.52217102050781,965700.0
2013-08-08,69.24148148367358,69.46340416279799,68.13183889538139,68.81292724609375,789000.0
2013-08-09,68.690478168727,69.27207782155381,68.49150679353188,68.93536376953125,725300.0
2013-08-12,68.63693614841242,68.95069320887114,68.07828755398617,68.34613037109375,1236400.0
2013-08-13,68.66752503898888,69.45575042984453,68.26192794795936,69.08076477050781,606400.0
2013-08-14,68.99659797966424,69.39453495698389,68.62161228039152,68.64456939697266,735900.0
2013-08-15,68.09359941473127,68.11655653749266,66.96099937070531,67.19058227539062,854600.0
2013-08-16,67.11404087775863,67.9022722873682,66.96864384214138,67.51963806152344,1079200.0
2013-08-19,67.51964630071666,67.80279192573073,66.71611199297611,66.73141479492188,888300.0
2013-08-20,66.83852493840932,67.62675612595947,66.57068222348126,67.36656188964844,825700.0
2013-08-21,67.15230472718872,67.74155884928682,66.56305060509064,66.92272186279297,775400.0
2013-08-22,67.25177622320876,68.30019589796852,66.9839334854333,68.1318359375,643500.0
2013-08-23,68.14714457310647,68.30785021577177,67.37422195392544,68.1318359375,527300.0
2013-08-26,68.1242231667617,68.49155474440319,67.57323455810547,67.57323455810547,648000.0
2013-08-27,66.54007441488423,66.86149152882447,65.37686920166016,65.37686920166016,937700.0
2013-08-28,65.38454901230385,66.41766042236308,65.23149179395766,65.92023468017578,828100.0
2013-08-29,65.54524536000453,67.2824022109734,65.54524536000453,66.66253662109375,825700.0
2013-08-30,66.68549347797652,66.77732779551826,65.51463366236085,65.9278793334961,976000.0
2013-09-03,67.02984714077398,67.58849556494731,65.87429621934031,66.63956451416016,1001200.0
2013-09-04,66.10388259860557,67.30535375867093,65.75951415241238,66.95333099365234,1256700.0
2013-09-05,66.91507955579831,67.84105374083093,66.7773309921592,67.18292236328125,1101700.0
2013-09-06,67.228832884114,67.52728711572455,65.9278788406083,67.02986145019531,752900.0
2013-09-09,67.22881463442545,68.1165286074448,67.22116031713159,68.0323486328125,749400.0
2013-09-10,68.69815464887867,69.73127185445237,68.66754904501981,69.42516326904297,964500.0
2013-09-11,69.32563623017839,69.63939896206347,68.9123965830373,69.6087875366211,752400.0
2013-09-12,69.54757961722402,69.73124820931095,68.97362840365314,69.17259979248047,611900.0
2013-09-13,69.46344145221168,69.52466435309367,68.82061850856232,69.48640441894531,705700.0
2013-09-16,70.47355204457641,70.89445192767025,70.1674494079993,70.8332290649414,1158200.0
2013-09-17,70.83323311096687,71.74390427084228,70.77966456265267,71.42249298095703,1610200.0
2013-09-18,71.39188888890682,72.172460078683,70.97098893849082,71.90461730957031,1349000.0
2013-09-19,72.17245955063186,72.27959665749306,71.34597413177892,71.49137115478516,1097600.0
2013-09-20,71.50667981721358,71.96583968085653,70.34346860154801,70.57305145263672,2060700.0
2013-09-23,69.94553809710908,70.45061224239917,69.4328096324636,69.90727233886719,1006500.0
2013-09-24,69.95319770787239,70.32052332522593,69.56290913071575,69.63943481445312,1140500.0
2013-09-25,69.77717413719677,70.35877976591911,69.5169798407152,69.76187133789062,770100.0
2013-09-26,69.80778156411577,70.53478417935379,69.63942158874671,70.09092712402344,607500.0
2013-09-27,69.44048381933464,70.08331259684921,69.22620950634216,69.96852111816406,601300.0
2013-09-30,69.14965884813336,70.0297187491096,68.9659960516322,69.70065307617188,961900.0
2013-10-01,69.79245406559345,70.55772222788518,69.65470556283962,70.54241943359375,747300.0
2013-10-02,69.76953293996614,70.52715301513672,69.42516442473278,70.52715301513672,816800.0
2013-10-03,70.14449414618291,70.49651685836812,68.91241173426783,70.06796264648438,1028300.0
2013-10-04,69.976140499416,71.10873439928136,69.29505212811658,71.08577728271484,813900.0
2013-10-07,70.23633087550299,70.93272790274125,69.99909954639449,70.32051086425781,978100.0
2013-10-08,70.4199844003618,70.6725243334494,68.73639652351164,68.75935363769531,1242300.0
2013-10-09,69.05779618145166,69.62409881586912,68.39201662799587,69.23381042480469,765700.0
2013-10-10,70.6878303021252,71.47605566487726,70.5041617185169,71.43778991699219,994700.0
2013-10-11,71.27710359769343,72.49388348001672,71.27710359769343,72.1648178100586,1139000.0
2013-10-14,71.53727490145671,72.45559441883555,71.08576362113007,72.34845733642578,881000.0
2013-10-15,72.15714665704486,72.55508359278133,71.52962690241921,71.68267822265625,1035700.0
2013-10-16,72.36378156473977,73.90197275854466,72.24899596996949,73.82544708251953,1120800.0
2013-10-17,73.71829992260103,75.16465660495625,73.25914009048627,75.09577941894531,1640400.0
2013-10-18,75.47843031721821,76.40440450483386,75.06518462514808,76.33553314208984,1075200.0
2013-10-21,76.38142701220727,76.46560699213296,75.60851023439318,75.82278442382812,1241800.0
2013-10-22,76.18247974415482,76.67225110571684,75.8151483037157,76.34318542480469,1026400.0
2013-10-23,76.00645624950856,76.14420479322864,75.14935355096866,75.5625991821289,1025000.0
2013-10-24,75.89932487459268,76.35083045622801,75.46312209295562,76.16716766357422,897700.0
2013-10-25,76.42736935301012,76.65694640636568,75.97585788923391,76.19013214111328,1004300.0
2013-10-28,76.25901562367763,76.34319563506713,75.53966128581663,75.69271850585938,1003700.0
2013-10-29,75.81513480958286,76.32786320018783,75.71565202646872,76.06002044677734,1243200.0
2013-10-30,75.66208716716052,78.25634651975338,75.66208716716052,77.13140106201172,1493700.0
2013-10-31,77.06254155693823,77.965558690112,76.76408728600701,76.94010162353516,1253700.0
2013-11-01,77.03958132461206,77.51404991391938,76.73347274565688,77.3380355834961,1088600.0
2013-11-04,77.29209104421048,77.75125081340013,77.10077398717036,77.47575378417969,1237200.0
2013-11-05,77.3150555042957,77.8813524121615,76.96303278651243,77.49871826171875,891500.0
2013-11-06,77.91964721990458,78.6160444359025,77.88138145517698,78.21810150146484,1464700.0
2013-11-07,78.6257758383032,79.11805179160221,77.08741201714568,77.24893951416016,1497200.0
2013-11-08,77.23350471178232,79.3949024985214,77.11812633180806,79.31798553466797,1724000.0
2013-11-11,79.4641456224746,80.15641020482859,79.11032280669137,79.87181091308594,884600.0
2013-11-12,79.37185505235294,79.86413083088696,78.73343288480753,79.12571716308594,1124100.0
2013-11-13,78.57962480436746,80.15644415994197,78.52577643833898,80.11798858642578,1186700.0
2013-11-14,80.1564210742701,81.00251973704077,79.96412565689539,80.93329620361328,736000.0
2013-11-15,80.9948279946791,81.37172535026859,80.71022867892941,81.1255874633789,1083100.0
2013-11-18,81.47171010435372,81.67169895476603,80.7102219967698,80.95635986328125,826700.0
2013-11-19,80.95637677794994,81.56403104657092,80.81792383233515,80.91791534423828,1073300.0
2013-11-20,80.9563665658191,81.7563161653081,80.61792477069947,81.1255874633789,850500.0
2013-11-21,81.2717718982985,82.3101664113508,81.2717718982985,82.14094543457031,1248000.0
2013-11-22,82.14090387543358,82.83316849001524,81.9178405069356,82.7485580444336,1242800.0
2013-11-25,83.04084216859029,83.1639140374704,82.56394747926443,82.68701934814453,822400.0
2013-11-26,82.76392237232385,83.88692657868562,82.71007990586776,83.30235290527344,1398600.0
2013-11-27,83.45621930984102,83.81773566883543,83.11777746424778,83.47929382324219,646100.0
2013-11-29,83.68695294637422,83.93309080163576,83.24851970830244,83.26390075683594,330500.0
2013-12-02,83.31002705502355,84.2715037069129,83.14080622534898,83.24849700927734,941200.0
2013-12-03,82.65625710709051,83.04854138083495,81.93322449830468,82.22551727294922,1123700.0
2013-12-04,81.92553644615634,82.92546903669782,81.32557571815344,82.31012725830078,863100.0
2013-12-05,81.87171730226835,82.08708727951158,81.28713745804265,81.71018981933594,805700.0
2013-12-06,82.86394987507788,84.0100290029908,82.83318190184917,83.83311462402344,875600.0
2013-12-09,83.86388259725214,84.50999829827337,83.57159565416568,83.83311462402344,1281600.0
2013-12-10,83.47159433593743,83.47159433593743,82.61780805978293,83.21007537841797,1323500.0
2013-12-11,83.25623403802236,83.54852686953967,81.67941491358037,81.8409423828125,1161900.0
2013-12-12,81.72552824355103,82.5254776477416,81.61784331110121,81.9332046508789,1069000.0
2013-12-13,82.19476551623139,82.71011590064295,81.60249225907316,82.05631256103516,1121700.0
2013-12-16,82.6947109170211,83.98693616877934,82.59471355874408,83.84078979492188,1150800.0
2013-12-17,83.72542243759017,84.01771522388164,83.45621003052462,83.51774597167969,1193800.0
2013-12-18,83.93309968842837,86.03296220475055,82.92546778531039,86.0098876953125,1250700.0
2013-12-19,85.70990079585816,85.76374326990188,85.10994012268816,85.2560806274414,1269300.0
2013-12-20,85.57146501641742,86.66370163338175,85.37916958941423,86.00220489501953,1796200.0
2013-12-23,86.73294527975756,87.24829570033015,86.40988444937038,86.97138977050781,869300.0
2013-12-24,86.47910402079573,86.97137986923852,86.30218963695332,86.82523345947266,378700.0
2013-12-26,87.03290863135277,87.80209031458453,86.75600275591808,87.54056549072266,412400.0
2013-12-27,87.61751233515726,87.8944124179905,87.25599590614678,87.64058685302734,465000.0
2013-12-30,87.57902021549208,87.9405365178688,87.21750391311537,87.371337890625,492600.0
2013-12-31,87.48668454848982,88.73276044017098,87.48668454848982,88.49431610107422,686500.0
2014-01-02,88.1328291395885,88.30973762129652,87.2405756667292,87.59439849853516,783800.0
2014-01-03,87.5790266452604,88.33282140614486,87.23289723625699,87.60979461669922,980000.0
2014-01-06,88.10976205231887,89.00970319174286,86.74061375949395,87.37903594970703,2009300.0
2014-01-07,87.54823595938656,88.54048077438587,87.40208960006751,88.1251220703125,1571500.0
2014-01-08,88.4866635504664,89.78658250250109,88.26360015306224,89.07124328613281,1944300.0
2014-01-09,89.40966669582845,89.85579342802562,88.57126157657947,88.8481674194336,1924500.0
2014-01-10,89.0019986122907,89.10199010360394,87.97129812703403,88.50202941894531,1154200.0
2014-01-13,88.40206021102507,88.70973408974564,86.83292871110221,87.05599212646484,1202700.0
2014-01-14,87.39440654454957,87.90975675529995,87.00981578397955,87.84822082519531,1392400.0
2014-01-15,87.98668992841944,88.19437226365092,87.45595270326164,87.96361541748047,1238500.0
2014-01-16,87.909799154217,87.96364165192948,87.35598725295029,87.42521667480469,991700.0
2014-01-17,87.28675891046201,87.88671981445313,86.91754904041035,87.2021484375,1154900.0
2014-01-21,87.62515931085919,88.16358990794173,87.06366007499197,87.79438018798828,1240300.0
2014-01-22,88.07900104639874,88.41743701517538,87.4944212917615,88.27898406982422,1008500.0
2014-01-23,87.77134344183112,87.77903690366217,85.40226187957543,85.56378936767578,1613000.0
2014-01-24,84.74847191177865,85.30228388364463,82.07171600389063,82.14094543457031,1529500.0
2014-01-27,82.21781855768064,82.59471588846084,80.14103064052807,80.70252990722656,2066700.0
2014-01-28,81.28710418491292,82.08705367893971,80.97173694133005,81.94860076904297,1721600.0
2014-01-29,80.74872549536214,81.63328006289089,80.63334702660845,80.77948760986328,1055400.0
2014-01-30,81.47939242367787,82.31779739960066,81.38708853570932,81.86398315429688,805100.0
2014-01-31,80.34100454351008,82.11781778167285,80.00256867731785,81.25633239746094,1628900.0
2014-02-03,81.26403799627694,81.51017587591173,77.91040571850918,78.04885864257812,1872100.0
2014-02-04,78.31041069668872,79.74878302357632,78.17965117653324,79.64109802246094,1323000.0
2014-02-05,81.77939983948555,83.6869730779363,79.27955926159598,79.55646514892578,2292800.0
2014-02-06,79.77950534028827,81.3255617833476,79.59490342523895,81.25633239746094,1292500.0
2014-02-07,81.63327564852688,82.84858449934767,81.07177612915773,82.77166748046875,1879200.0
2014-02-10,82.57937240533117,82.74859336873268,81.04100854661546,81.45636749267578,1555300.0
2014-02-11,81.21788994808554,82.5178088519455,81.04098144978404,82.4639663696289,1380000.0
2014-02-12,82.69587356153279,83.1905488551356,82.36351304580015,82.68814849853516,961500.0
2014-02-13,82.04659027214396,83.11323245396497,81.7528728489376,82.95864868164062,955400.0
2014-02-14,82.8736247115522,83.28327700993837,82.37894957044517,82.77313995361328,866400.0
2014-02-18,83.43012227095866,84.07165012126868,83.09003095489656,83.46876525878906,987300.0
2014-02-19,83.33737706935472,84.48131695221308,82.30937795591328,82.44078063964844,1074700.0
2014-02-20,82.48716285033885,82.75768740807841,81.53645552229055,82.08523559570312,1209700.0
2014-02-21,82.55670928955078,83.24461700005116,82.26299780655926,82.55670928955078,826000.0
2014-02-24,82.31711647777315,84.42721980469723,82.2089066555712,83.69293212890625,1090400.0
2014-02-25,83.3373794093055,83.63109092268168,82.68812051752886,82.98956298828125,928700.0
2014-02-26,83.19825298513547,83.46105246717319,82.27073858298614,82.40986633300781,1073900.0
2014-02-27,82.37120496337408,84.0561937263662,82.12386743380605,83.96343994140625,1131600.0
2014-02-28,83.78568061168029,85.09192935302192,83.55379906626251,84.24170684814453,1182200.0
2014-03-03,82.87362710870975,83.65428873400361,82.58764063883163,83.28327941894531,974600.0
2014-03-04,84.56633137949065,85.50930166438414,84.36536779228756,85.23877716064453,1313900.0
2014-03-05,85.16921729426133,85.53249558818747,84.67454222504034,84.90641784667969,1082400.0
2014-03-06,85.30835080842292,86.18949120376035,85.15376115319296,85.67162322998047,1097500.0
2014-03-07,86.03490286811709,87.56530804490865,86.03490286811709,87.07063293457031,1383600.0
2014-03-10,86.85421010463227,87.13246558104963,86.16630237043164,86.60687255859375,815000.0
2014-03-11,86.69962270841101,87.03198309739034,85.51703985136596,85.73345947265625,880000.0
2014-03-12,84.92189232568113,85.73346596699668,84.63590586331688,85.71800994873047,1076000.0
2014-03-13,86.28222595235938,86.52956346604604,84.2030470050217,84.37309265136719,1178800.0
2014-03-14,84.2262574339664,84.79049352999867,83.53834959815039,83.66974639892578,1031800.0
2014-03-17,84.46582807779949,84.8600242091991,84.0793629010914,84.21849060058594,1197900.0
2014-03-18,84.26489770456568,84.93734949965652,84.20306773366667,84.4813232421875,747300.0
2014-03-19,84.50452352550502,85.08422161004422,83.63110797072324,84.03303527832031,1262900.0
2014-03-20,83.87842520920773,86.44455453754566,83.77021539813867,86.351806640625,1494800.0
2014-03-21,87.4725665687841,87.86676287993933,86.27452751287124,86.398193359375,1749200.0
2014-03-24,86.43681836948483,87.06289018121265,85.30834055836193,85.57886505126953,956200.0
2014-03-25,85.71799966768914,86.2745106104105,84.33445326758805,84.89868927001953,1271100.0
2014-03-26,85.4320008765428,85.74890518856272,84.10255957176024,84.11029052734375,1016400.0
2014-03-27,83.73155996332616,84.24942196748133,82.58762026303637,82.7190170288086,1136600.0
2014-03-28,83.3682954938125,85.19241219264444,83.21371173167115,84.10257720947266,1068900.0
2014-03-31,84.952803593981,85.44747869758865,84.84458788663646,85.07646942138672,1588400.0
2014-04-01,85.46294073814283,86.6146057420567,85.37018693830689,86.46002197265625,938300.0
2014-04-02,87.60392964052899,87.90537792497834,86.99331980736339,87.70441436767578,1627500.0
2014-04-03,87.72761181488598,88.49281135929425,86.68415681851255,87.54983520507812,1215600.0
2014-04-04,88.46962835806757,89.20391590475849,86.09673185070315,86.11991882324219,1732600.0
2014-04-07,85.92668434697642,86.11991697664777,82.98955191416708,83.15959167480469,1216300.0
2014-04-08,83.17508673367504,83.54609022817753,82.47171685081466,83.0746078491211,1521800.0
2014-04-09,83.60017360608548,84.48131398754451,82.95863981521849,84.44266510009766,1308400.0
2014-04-10,84.29579165678383,84.55859107206304,81.18861389160156,81.18861389160156,1730000.0
2014-04-11,80.23020348340921,80.36933123568998,78.60704440780255,78.6379623413086,2123500.0
2014-04-14,79.55002679948079,79.55775775769438,78.01962730481664,78.76937103271484,1289900.0
2014-04-15,78.97804786969711,79.99058505488796,78.18966126309667,79.89010620117188,2144300.0
2014-04-16,80.68621484353487,81.07268009554797,80.01376318211504,81.02630615234375,1012700.0
2014-04-17,81.2736576957492,82.37894874302577,81.23500880508506,81.9538345336914,1020100.0
2014-04-21,81.94609632932784,82.30164958041507,81.55963104483433,82.01566314697266,604200.0
2014-04-22,81.93065902779409,82.92774039718667,81.80698727794993,82.54127502441406,808800.0
2014-04-23,82.42532045881453,82.87362163159213,82.01566817565289,82.27073669433594,618900.0
2014-04-24,82.7808758888899,82.89681667202562,81.6214798515189,81.81471252441406,844800.0
2014-04-25,81.62921217320068,81.9074676985774,79.81282619704223,80.02151489257812,1342200.0
2014-04-28,80.38478446242252,80.87945958735494,78.58385470293808,80.00605010986328,1622300.0
2014-04-29,83.29873144192118,84.95280841617851,82.68812143327057,84.67455291748047,2005400.0
2014-04-30,84.43493067017185,86.52184666962295,83.83977674811983,86.28223419189453,1934500.0
2014-05-01,86.40593008104787,86.47549101865984,85.42430471679178,86.25907135009766,1224200.0
2014-05-02,86.28223654891886,87.44936334918062,86.28223654891886,86.83101654052734,918600.0
2014-05-05,85.98079393358873,86.93150111806428,85.16148942616533,86.69189453125,799900.0
2014-05-06,85.90348763415196,86.45226753255221,85.26195396110992,85.49383544921875,1151800.0
2014-05-07,85.75805150759936,86.78369796045547,84.92665632178478,86.69822692871094,1036900.0
2014-05-08,86.35632776405298,87.57622527152347,86.25531925688868,86.51172637939453,822200.0
2014-05-09,86.42626190185547,86.7215216443235,85.73472205288627,86.42626190185547,856300.0
2014-05-12,87.00900246729913,87.66945537955941,86.71373684133886,87.583984375,852900.0
2014-05-13,87.58398207832029,88.03464628543844,86.84582396085236,86.94683837890625,960900.0
2014-05-14,87.133320510615,87.133320510615,85.7114002596058,85.83572387695312,671000.0
2014-05-15,85.4627464961806,85.61815099521344,83.30267434826577,84.09522247314453,1045200.0
2014-05-16,84.28171093493978,84.88777372563291,83.22498394108857,84.59251403808594,851300.0
2014-05-19,84.13408039981215,85.39283033392195,84.10299949585034,85.22966003417969,545900.0
2014-05-20,85.17526457295868,85.26850135089909,83.71449181908278,84.2273178100586,865800.0
2014-05-21,84.9499582897133,85.7891251145953,84.67800772463423,85.57933044433594,902700.0
2014-05-22,85.579329491554,86.2941726626826,85.26076052688747,85.90567016601562,637700.0
2014-05-23,85.87460133198391,86.55059790536194,85.66481256263404,86.19317626953125,655200.0
2014-05-27,86.40294103306789,87.24987944220278,86.23200493757197,86.57388305664062,925000.0
2014-05-28,86.33303053857594,87.01679284022171,85.96783722098765,86.38742065429688,913300.0
2014-05-29,87.1643995264438,87.73938142402672,86.69819782764478,87.66168212890625,1207200.0
2014-05-30,87.28095947983564,87.8870223369566,86.9468471447463,87.49851989746094,892800.0
2014-06-02,87.79380116067043,88.56304044784707,87.09449541236357,88.5319595336914,886100.0
2014-06-03,88.16675193774657,89.20793571715359,87.93364808333264,89.13800811767578,1227800.0
2014-06-04,89.1691123114671,89.46437213315875,88.4231880818681,89.4410629272461,1136100.0
2014-06-05,89.35556391332655,90.0937162005102,88.92044306429845,89.96939849853516,802400.0
2014-06-06,90.12480407916999,91.84975604706621,89.9771771671605,91.71766662597656,1009700.0
2014-06-09,91.44571001812132,92.1916340224993,91.11936344964337,91.50786590576172,608000.0
2014-06-10,91.0261322246962,91.56226161585681,90.55215872497976,91.41463470458984,716900.0
2014-06-11,90.55994723614837,90.95621557094438,90.41231436941351,90.73865509033203,495400.0
2014-06-12,90.75421217062322,90.83968321916693,89.697484595973,89.99274444580078,563400.0
2014-06-13,90.1636607852663,90.62209088914784,89.84508589023456,90.17143249511719,642300.0
2014-06-16,89.94612356287607,90.31131695516984,89.49545912438249,89.93058013916016,479400.0
2014-06-17,89.54205115105343,91.31362153550867,89.1690920848931,90.84741973876953,925400.0
2014-06-18,90.83965638769163,91.99739216498583,90.28021184540574,91.84198760986328,1103100.0
2014-06-19,91.98185501461496,92.18387798600467,91.11937894115363,91.53119659423828,873800.0
2014-06-20,91.7487490583243,92.75108618949294,91.61665963504284,92.57237243652344,1254900.0
2014-06-23,92.49467125642876,92.90648293721125,92.16055888612038,92.75885009765625,590300.0
2014-06-24,92.16053661208046,93.030784092064,91.97405712639683,92.07506561279297,847000.0
2014-06-25,91.53117199953432,92.95308634326071,91.51562858310042,92.65005493164062,720800.0
2014-06-26,92.46357961453981,92.65005912364883,91.57002282760749,92.58013153076172,615700.0
2014-06-27,92.41696606398287,93.1861992664496,92.2771049428001,93.09295654296875,924400.0
2014-06-30,93.04634172121683,93.48923430063732,92.78216288665037,93.24059295654297,894100.0
2014-07-01,93.39600990309788,94.7946214431628,93.3571632052551,94.42942810058594,1159200.0
2014-07-02,92.18386988085358,94.747988672953,92.18386988085358,94.10307312011719,729800.0
2014-07-03,94.74801251706273,95.33853217923178,94.74801251706273,95.1209716796875,414800.0
2014-07-07,94.52265090060126,94.8723007477982,94.3517088675442,94.79460144042969,455500.0
2014-07-08,94.60811721135872,94.75574410959285,93.91658333244428,94.09529113769531,802000.0
2014-07-09,94.14965725821042,94.72464499942873,93.73007401248707,94.14189147949219,872500.0
2014-07-10,92.44804729540694,93.73787237031661,92.36257628060291,93.45037841796875,721900.0
2014-07-11,93.24837254272377,94.17300446988942,92.78217072417536,94.06422424316406,562400.0
2014-07-14,95.09763570781848,95.09763570781848,94.42163926471157,94.61589050292969,880200.0
2014-07-15,94.71690678811119,95.29188880458952,94.2973233940073,95.0277099609375,837400.0
2014-07-16,95.63379077216395,95.8047328455905,94.52267322296997,94.95779418945312,685700.0
2014-07-17,94.35948306781461,95.54829969336184,93.59801560811496,93.79226684570312,646400.0
2014-07-18,94.1807601942845,95.17532548586513,93.97097148637289,94.93445587158203,559800.0
2014-07-21,94.51488260650899,94.96554690483815,94.17299852804173,94.53042602539062,525800.0
2014-07-22,94.81790940559598,95.5638334171631,94.81790940559598,95.36181640625,506200.0
2014-07-23,95.3307506154078,95.5094584555605,94.87231455747207,95.28412628173828,361900.0
2014-07-24,95.40068743672082,95.66487225943386,95.00441316669054,95.20643615722656,494600.0
2014-07-25,94.71690648796059,95.15979908120941,94.26624218519444,95.00439453125,462200.0
2014-07-28,94.6858196564655,94.91115179375664,93.70679180121908,94.40609741210938,786200.0
2014-07-29,94.45271689504044,95.17533171324763,93.89327239990234,93.89327239990234,705500.0
2014-07-30,96.27090514003353,98.67961906546498,94.74020458871476,95.92124938964844,1218400.0
2014-07-31,94.9267046639553,95.245279577007,92.87541182504062,92.92980194091797,1189100.0
2014-08-01,92.92978065165097,93.24058378321034,91.07273949888149,91.86528778076172,1263100.0
2014-08-04,91.8419784443692,92.8598589125888,91.39908588060487,92.51797485351562,812200.0
2014-08-05,91.91191396062305,92.30041642595931,90.83964929040273,91.21260833740234,776200.0
2014-08-06,90.71530275270713,92.30039312245327,90.69976526637045,91.26697540283203,767700.0
2014-08-07,91.84484204922127,92.2430767357757,90.59546010377277,90.97027587890625,992900.0
2014-08-08,91.44658900138757,92.66472967972757,91.00930895428989,92.5788345336914,948700.0
2014-08-11,92.34457452952027,93.79697569546732,92.10250369686678,92.8208999633789,1018500.0
2014-08-12,92.67255134661981,93.32066718002405,92.32897072023789,92.93023681640625,1009800.0
2014-08-13,93.48465858196428,93.85166412157783,93.29725365274503,93.66425323486328,697100.0
2014-08-14,93.73452546248701,94.31236075134629,93.64863030309641,94.00001525878906,663300.0
2014-08-15,94.16400625201372,94.46073718532172,93.03176041200969,93.87509155273438,908700.0
2014-08-18,94.4372869027845,95.06197183496182,94.35919607345522,94.91361236572266,891500.0
2014-08-19,95.05419273521508,95.49928317599958,94.97610188516887,95.19474792480469,872500.0
2014-08-20,95.1713047780915,96.12395583340586,94.87457984180287,95.9912109375,867200.0
2014-08-21,95.87405597476133,96.60806678743282,95.70226570307285,96.42066192626953,725100.0
2014-08-22,96.1317664661851,96.85796719486191,96.08491672804296,96.1942367553711,725600.0
2014-08-25,96.9438385464662,97.70127423373131,96.56121854477827,97.68565368652344,610000.0
2014-08-26,97.60757397722969,98.66954485870143,97.1937188167652,98.4509048461914,719300.0
2014-08-27,98.7789017292911,98.91164664964217,98.00585112298677,98.38066101074219,690800.0
2014-08-28,97.57635312180994,97.97459375002938,97.34990280213592,97.77156829833984,517300.0
2014-08-29,98.2088541228085,98.54462448434886,97.6934891245691,98.2010498046875,530700.0
2014-09-02,98.73981511053846,100.09070053878523,98.73981511053846,99.75493621826172,1085500.0
2014-09-03,100.12192582016267,100.3483701034735,98.30251957879045,98.39622497558594,1026500.0
2014-09-04,98.59926534981109,99.24738107766943,97.78717556833044,98.08390045166016,695700.0
2014-09-05,97.86526436415977,98.75544500736537,97.14687401306296,98.7085952758789,713600.0
2014-09-08,98.34160139742563,99.028756689222,98.24789596593291,98.6305160522461,843600.0
2014-09-09,98.24006643638656,98.45870644285681,97.22495126956139,97.38893127441406,861900.0
2014-09-10,97.92771325640207,98.45088833538195,97.5216624805576,98.0760726928711,688000.0
2014-09-11,97.38896072016212,97.81843058915307,97.2718304077118,97.5217056274414,896000.0
2014-09-12,97.58418173929829,98.06831165529512,97.07662099341842,97.482666015625,680200.0
2014-09-15,97.34210931354137,97.34210931354137,96.4284976580486,96.63152313232422,980700.0
2014-09-16,96.93606068526371,97.77158151546071,96.44412051860405,97.42019653320312,704100.0
2014-09-17,97.81059837294738,99.6221946886573,97.69346809390495,98.81790924072266,953500.0
2014-09-18,99.45043034995237,100.1063505517054,99.3176854459064,99.61441040039062,712300.0
2014-09-19,100.05947671861945,100.23907132026369,98.2478803665266,98.89599609375,1332100.0
2014-09-22,98.56025260335542,98.72423265890863,97.3030662199522,97.42019653320312,905100.0
2014-09-23,97.30307034237661,97.82624567856816,96.63933981582812,96.72523498535156,918400.0
2014-09-24,96.74863733213898,97.81060831036298,96.33478213396968,97.77937316894531,650600.0
2014-09-25,97.11564684093462,97.35771175013372,95.8194152268487,95.99901580810547,1105000.0
2014-09-26,96.49096763220183,97.22497868158213,96.07711236648572,96.9360580444336,920800.0
2014-09-29,95.61640277822121,96.83454967988142,95.41338325919045,96.498779296875,660200.0
2014-09-30,96.4363033968739,97.30305931291097,95.95997785896182,96.34259796142578,849300.0
2014-10-01,95.83506093786418,96.00684533167441,93.17232240761113,93.43000793457031,1361600.0
2014-10-02,93.38313026850409,94.03124609328833,92.34459004278928,93.64081573486328,911000.0
2014-10-03,94.73401550089616,95.47583074856318,94.16398459498276,95.14006042480469,666200.0
2014-10-06,95.49145312904655,96.06147808839586,94.60127243177963,95.17910766601562,660900.0
2014-10-07,94.33578496021441,94.56223529179549,92.95366405900646,92.97708892822266,729400.0
2014-10-08,92.73502226689399,94.25769831238765,91.80579608874962,94.18742370605469,1026400.0
2014-10-09,93.89069924152335,93.89850951748204,91.39194710929523,91.3997573852539,1170700.0
2014-10-10,91.3607233584947,92.05568906812631,89.38514627667699,89.44761657714844,1315000.0
2014-10-13,89.53348953252323,90.09570422476133,87.19871178113496,87.28460693359375,1169400.0
2014-10-14,87.71408716699405,88.38562787090589,86.90980156887731,87.30023193359375,960000.0
2014-10-15,85.67604373446271,85.847834055251,82.3105357576379,85.38712310791016,2037200.0
2014-10-16,83.60676220977543,86.58965010588908,83.11482207052582,85.79317474365234,1612500.0
2014-10-17,86.44908696443731,88.01080835689213,86.44908696443731,87.69065856933594,1491800.0
2014-10-20,87.30021986814147,88.69795513805508,86.9488290139644,88.60425567626953,888200.0
2014-10-21,89.21332877218975,91.08739551338881,88.9322184631352,91.0249252319336,1121400.0
2014-10-22,91.02494141395246,91.11083657684998,89.50226526712382,89.60377502441406,856500.0
2014-10-23,90.97028573198476,91.6652513867282,90.52519530189632,90.97809600830078,1180600.0
2014-10-24,91.22016258004584,92.0713039887806,90.82192188577561,91.86827850341797,803300.0
2014-10-27,91.88386668481782,93.38311762843706,91.18109094327953,92.531982421875,1651700.0
2014-10-28,92.81311952394385,94.07030594759233,92.78188437557736,93.93756103515625,1156700.0
2014-10-29,95.06198595312276,98.48215984790517,94.92924105553848,96.63932800292969,1401000.0
2014-10-30,96.42068804595147,97.51388833012182,96.17081284421327,96.91262817382812,961200.0
2014-10-31,97.88088891341148,99.20054542114435,97.88088891341148,98.52119445800781,1007800.0
2014-11-03,98.81789738879698,99.47381734077591,98.41184659781625,98.73200225830078,643700.0
2014-11-04,98.75543864931025,99.95015438524746,98.50556350164686,99.93453979492188,1153200.0
2014-11-05,100.39524841308594,101.02774356340467,99.83302189642338,100.39524841308594,825500.0
2014-11-06,100.71686683507205,101.1875112096873,99.9873812203004,101.10122680664062,692000.0
2014-11-07,100.74038705725694,101.53263793729502,100.14424795310453,101.22672271728516,725500.0
2014-11-10,100.87374362221811,102.14446651774331,100.7796075777103,102.09740447998047,911100.0
2014-11-11,102.16798045374414,102.60724202472726,102.03463404605142,102.25426483154297,801100.0
2014-11-12,101.89348321842117,102.41904137979701,101.67385233112337,102.19155883789062,629700.0
2014-11-13,102.17580024817494,102.66213572337145,101.46200631875071,101.99539184570312,589900.0
2014-11-14,101.99542750980467,102.20721864613982,101.26594199540197,101.4855728149414,486900.0
2014-11-17,101.06986973542175,101.31303163981622,100.69334939734136,101.16399383544922,551800.0
2014-11-18,101.2581120697692,102.94457790114058,101.0620122267482,102.21508026123047,784300.0
2014-11-19,101.83074862435477,102.30922082813743,101.27381971415338,101.97977447509766,536200.0
2014-11-20,101.1875200515753,102.8896652704283,101.1169269799096,102.33274841308594,727700.0
2014-11-21,103.80739995182422,103.91721537449615,102.77199910505797,103.0465316772461,660500.0
2014-11-24,103.54070293872252,104.12116270342497,102.85042775572317,103.6740493774414,442600.0
2014-11-25,103.70543205065934,104.01134728512807,102.77983469445721,103.6740493774414,791700.0
2014-11-26,104.05840400567001,104.0819350248889,103.13280669679186,103.68973541259766,411600.0
2014-11-28,103.87799259352471,104.12900611231612,103.23479139734256,103.36029815673828,368400.0
2014-12-01,102.96811481100805,102.96811481100805,101.82288639594464,102.50531005859375,569500.0
2014-12-02,102.77199825699915,104.24666078228441,102.6229604769635,104.03488159179688,748900.0
2014-12-03,104.15251313490609,104.850627865834,103.66618951553491,104.67021942138672,800500.0
2014-12-04,104.08978691271645,104.87418622926893,103.8152543333133,104.7957534790039,580700.0
2014-12-05,105.18794128889867,106.27040408490343,104.96045881009123,106.01155090332031,807900.0
2014-12-08,106.05860726664875,107.58033146224726,105.39970292815393,106.57630157470703,855900.0
2014-12-09,104.81142647350053,106.3566939906513,104.04271854134396,106.25473022460938,885100.0
2014-12-10,106.09785297724571,106.57633706493979,104.70947472964488,104.81929016113281,1267100.0
2014-12-11,105.47032190816483,106.45082091011534,104.8035777992457,105.02320861816406,869300.0
2014-12-12,103.65053066376933,104.11332341232776,100.15211024602465,100.18348693847656,1478400.0
2014-12-15,100.84236933342129,101.11691386850178,97.86165566568326,99.18728637695312,1489600.0
2014-12-16,98.41073769042448,100.05797506086218,97.27336107344156,97.92440795898438,1565600.0
2014-12-17,98.44209613166635,101.57969282112184,98.30090404126122,101.39928436279297,1116300.0
2014-12-18,102.71707076114217,105.44677657041672,101.82285617005317,105.36050415039062,1229400.0
2014-12-19,105.94879921996532,106.49002458097372,104.65453343760296,105.36833953857422,1286400.0
2014-12-22,105.36836899661402,105.80763072956123,105.14873813014043,105.7370376586914,533700.0
2014-12-23,106.12920565424118,107.72153494519797,106.12920565424118,107.27442169189453,647300.0
2014-12-24,107.16462181244897,107.70585921052924,106.44297593800283,106.46650695800781,296300.0
2014-12-26,106.84305026043423,107.10189153631718,106.05079918611419,106.105712890625,341000.0
2014-12-29,105.89387738117631,106.98419163989735,105.67424659301525,106.13703918457031,399900.0
2014-12-30,105.7840867041089,105.7840867041089,105.1879475639493,105.2663803100586,533700.0
2014-12-31,105.79193113956227,105.79193113956227,103.65836405823983,103.73680877685547,545800.0
2015-01-02,104.3093817618646,104.70943293537987,102.5288045455179,103.61126708984375,622200.0
2015-01-05,102.58372847914447,102.99161942265297,99.78342351827264,100.28543853759766,1068600.0
2015-01-06,100.26975639418838,100.57567161936073,96.85762089338726,97.58711242675781,1307600.0
2015-01-07,98.63819587117327,99.65007152111187,97.90085873451473,99.32062530517578,1271000.0
2015-01-08,100.81883264554023,101.4777251299172,100.20700220019268,101.08552551269531,1681400.0
2015-01-09,101.44635960922203,101.67383013247864,99.82265335035693,100.152099609375,843700.0
2015-01-12,100.02656921923571,100.15992161260904,98.37933232885281,99.13235473632812,908800.0
2015-01-13,100.5050872865392,101.91699646747217,99.08532046787538,99.85403442382812,1177000.0
2015-01-14,97.97148998436877,98.5676352267079,96.57525995676593,98.02639770507812,1199900.0
2015-01-15,98.15186023381122,98.5597511296146,96.2693071237631,96.37127685546875,888900.0
2015-01-16,96.44972847447211,97.84595814449783,95.29666065038603,97.78321075439453,934800.0
2015-01-20,98.04990066426203,98.73233012730205,97.13215503032238,98.17540740966797,1020600.0
2015-01-21,98.17541255909725,99.4853578644023,97.13999980866252,99.10099792480469,1172700.0
2015-01-22,99.76772982350722,102.38762011247616,98.77938521865202,102.15229797363281,1183000.0
2015-01-23,102.15232539947056,102.36411657818934,101.15614682898375,101.56402587890625,1241700.0
2015-01-26,101.47772679372511,102.8112150893291,100.95218073430893,102.58373260498047,1077700.0
2015-01-27,101.22674858551612,102.06604974967269,100.38744143686685,101.19536590576172,717500.0
2015-01-28,101.96404703380486,101.96404703380486,99.0617666673402,99.14020538330078,1444200.0
2015-01-29,101.23457753375453,102.08173026249113,99.10885602729861,100.6070556640625,1637600.0
2015-01-30,99.72066831632189,100.25406001263617,97.86948572231881,98.00283813476562,1367900.0
2015-02-02,98.74019188676229,101.13260640716949,97.75969266090055,100.99925994873047,1173400.0
2015-02-03,101.8228584083244,104.05840091967944,101.50125186322748,103.9485855102539,1338000.0
2015-02-04,103.81525524843487,104.51337016756104,103.01516458718318,103.44658660888672,1274200.0
2015-02-05,103.52535639829674,104.84897457376921,103.01324945068704,104.37625122070312,915800.0
2015-02-06,105.21927639038141,107.50407798043717,105.21927639038141,106.19622039794922,1316500.0
2015-02-09,105.99926003861806,106.26714304330906,105.18776075294505,106.11744689941406,857400.0
2015-02-10,107.38589635012652,107.51195751146335,106.53500154388396,107.2834701538086,909000.0
2015-02-11,107.10225376966537,107.66951691568049,106.51135566105403,107.33861541748047,858600.0
2015-02-12,107.33863653616734,108.48103736654406,107.27560594955864,108.3864974975586,754900.0
2015-02-13,108.4495460916813,108.87499966363312,107.8271384120921,108.57560729980469,702200.0
2015-02-17,108.37858491269415,108.93008738463465,107.99253919326193,108.35494995117188,915000.0
2015-02-18,108.10286723239285,108.1580114827116,106.64531345058654,107.03924560546875,945900.0
2015-02-19,106.75559192192893,107.51194679268846,106.65316573582272,107.0313491821289,882700.0
2015-02-20,106.66893791350012,107.37013659926302,105.81016878567274,107.3071060180664,1344500.0
2015-02-23,107.44103104622214,107.44103104622214,105.5737968445466,106.17256927490234,900000.0
2015-02-24,106.07803460871042,107.74042853907227,106.07803460871042,106.73983764648438,1039900.0
2015-02-25,106.40894764221638,107.0313671551223,106.18047229082809,106.61380004882812,571800.0
2015-02-26,106.69259297099619,107.18895137773458,106.1962345642578,106.62956237792969,549900.0
2015-02-27,106.62167739439283,107.16530568607648,105.2429148663828,105.28231048583984,896200.0
2015-03-02,105.28230374702515,107.11014255865624,105.04594206726692,106.28288269042969,898300.0
2015-03-03,105.90472669176081,106.48775065078098,105.27443279425235,105.94412231445312,823300.0
2015-03-04,105.39260090954764,105.75501172137739,104.90411691442132,105.2744140625,912200.0
2015-03-05,105.58165959813651,106.06225716127953,105.2507581316555,105.89681243896484,647300.0
2015-03-06,105.66832138668293,107.99252992631826,104.56531653745185,104.77015686035156,1091600.0
2015-03-09,104.77017954824595,106.01500644585936,104.77017954824595,105.6841049194336,794400.0
2015-03-10,104.22655463446043,104.22655463446043,102.61144256591797,102.61144256591797,774800.0
2015-03-11,102.44598545182079,103.58051187301444,102.43811113734317,102.91870880126953,733600.0
2015-03-12,103.78534631880815,105.99136845382331,103.73807639093376,105.92046356201172,849500.0
2015-03-13,105.91257321885834,105.95196883121427,104.26594001031644,105.06956481933594,867200.0
2015-03-16,105.94411626673143,107.07864281311204,105.70775456592622,106.93682098388672,627200.0
2015-03-17,106.17259135632037,106.5113792650331,105.47927893009803,106.26714324951172,679700.0
2015-03-18,106.03079066595184,107.53561453066358,105.37686178199036,106.6531982421875,1103200.0
2015-03-19,106.44045881322964,106.62953852828159,104.56533815993977,105.0538101196289,1005800.0
2015-03-20,105.75501163269811,107.69316291722627,105.37684017054164,107.2834701538086,1355200.0
2015-03-23,107.55925238369198,107.92954961732933,106.35382080078125,106.35382080078125,771700.0
2015-03-24,106.0228742681338,106.55074175538766,104.85682678222656,104.85682678222656,850000.0
2015-03-25,104.77020667227197,104.9829334307093,102.82418060302734,102.82418060302734,970500.0
2015-03-26,102.24113703498548,103.52534746134478,101.77628803658594,102.61930847167969,903600.0
2015-03-27,102.23324306043274,102.82414114567646,101.23266429182038,101.67386627197266,1002300.0
2015-03-30,102.46962008433024,103.61202081629149,102.46962008433024,103.2259750366211,1012600.0
2015-03-31,102.63508346135269,103.82475420022172,102.36720046865653,103.08415985107422,973500.0
2015-04-01,103.0211397303683,103.43083256505854,102.09146555294917,102.7847900390625,817600.0
2015-04-02,102.53264875732329,103.34414793938427,102.1623516134484,102.5720443725586,1225700.0
2015-04-06,101.30358160650206,102.57204346600311,100.89388885101283,101.97325897216797,876900.0
2015-04-07,102.11508754383597,102.56416392209806,100.97268676757812,100.97268676757812,912100.0
2015-04-08,101.40602796691302,101.76843884349616,100.64967288497088,101.41390228271484,1343000.0
2015-04-09,101.39812273036769,101.98902089548854,97.60061742962807,98.70362854003906,2728600.0
2015-04-10,98.87697657868367,99.05818802518998,95.19765148248207,98.11274719238281,4061400.0
2015-04-13,97.94725556515999,100.71265998211268,97.77392451752685,99.76721954345703,2489800.0
2015-04-14,99.66483351837306,103.09992233237064,98.79030366828626,101.05935668945312,3750700.0
2015-04-15,102.38294073817549,103.56473692681588,100.97266924267971,101.57144165039062,3403300.0
2015-04-16,102.4223633141244,103.58839916111945,101.92600493722367,103.02902221679688,2331100.0
2015-04-17,102.36716849234388,102.69019563255438,101.27203796247879,101.7841567993164,1505800.0
2015-04-20,102.39872725145504,103.15507027099034,102.08358633029127,102.8556900024414,1123300.0
2015-04-21,103.04475332870828,103.20233578603876,102.26477546544909,102.68234252929688,1570400.0
2015-04-22,102.79264564897211,103.80898520220545,101.4375182300917,103.69868469238281,1615300.0
2015-04-23,100.2636217957208,100.87027471815072,98.71152801908983,100.19271087646484,4336400.0
2015-04-24,99.80662099735898,100.93326686206501,99.59390034247919,100.6496353149414,1522800.0
2015-04-27,100.94907135903479,101.40603416243951,99.625452890232,99.81454467773438,1528900.0
2015-04-28,99.2708949938714,100.27936026698143,98.99514370996275,100.16905975341797,1351500.0
2015-04-29,99.71995258825275,101.16962556622762,99.68843730493529,100.44478607177734,1466800.0
2015-04-30,100.29433242425505,100.97547582605934,99.05085082657675,99.22509765625,1419600.0
2015-05-01,99.87455056682906,100.34184939139918,98.48058209355624,99.32805633544922,1191100.0
2015-05-04,99.54191110743928,100.07256752065823,99.01125469422033,99.78743743896484,1011200.0
2015-05-05,99.56565280548101,100.19135447952647,98.53602195817855,98.70234680175781,1120300.0
2015-05-06,99.21717183144946,99.35182094902139,96.90445555588947,97.80736541748047,1628900.0
2015-05-07,97.5143167426098,99.00332456875789,97.4271933335746,98.65483093261719,1494400.0
2015-05-08,99.86664978368461,100.55571523001012,99.0904669543237,100.07257843017578,1468600.0
2015-05-11,99.93000327752297,100.59530882101309,99.2805416513,99.33598327636719,1106700.0
2015-05-12,98.62315882692569,99.2013409579566,97.74401477770527,98.78948974609375,975800.0
2015-05-13,98.72612005472138,100.5002580034876,98.65483451624706,100.19136810302734,1819600.0
2015-05-14,100.9675656351796,101.63287120050192,100.37354561453088,101.61702728271484,956700.0
2015-05-15,101.68038378017081,101.72790344485111,100.66658460641611,101.37940979003906,1115800.0
2015-05-18,101.0467882263867,102.17938083495476,100.89630118936111,102.147705078125,1094200.0
2015-05-19,102.41699130997563,102.80508882202209,101.76753556931406,102.147705078125,882000.0
2015-05-20,102.02887396022298,102.27440027628765,101.37940633739787,101.74374389648438,1248400.0
2015-05-21,101.3635724294161,101.88630687159795,101.33980655427187,101.60909271240234,755700.0
2015-05-22,101.49818743598755,102.2030905118427,101.19721955233918,101.5932388305664,730400.0
2015-05-26,101.26851998256154,101.6882931071959,100.34185032523474,100.4368896484375,1436200.0
2015-05-27,100.58737782550826,100.94378737710797,100.27056597815108,100.4923324584961,1381900.0
2015-05-28,100.32600658461779,100.69826004830024,99.75574647367303,100.59529876708984,1101500.0
2015-05-29,100.3339353217367,100.70618881057126,98.6627586225116,98.67859649658203,1674500.0
2015-06-01,98.72612220416083,99.27261647850517,98.06873864058846,98.67859649658203,1254000.0
2015-06-02,98.67860238291567,100.67451302513949,98.53604337972664,99.85872650146484,1617000.0
2015-06-03,100.40517598981815,101.6407411834184,99.85868192681711,100.87247467041016,1410900.0
2015-06-04,98.62314098531246,100.45272638102051,98.62314098531246,99.26468658447266,1124200.0
2015-06-05,100.25471307287096,100.85664884564405,99.52605016308301,100.27847290039062,1487300.0
2015-06-08,100.55572201349237,100.96757933425857,99.85874060339913,99.8983383178711,1148600.0
2015-06-09,99.74784986104011,100.34186991777773,99.36767436594685,100.0567398071289,1069600.0
2015-06-10,100.80914708255196,103.0584997796459,100.80914708255196,102.85257720947266,1692500.0
2015-06-11,102.9951548320332,103.50997947865032,102.39321884353443,102.6704330444336,1136300.0
2015-06-12,102.2744013009207,102.37735654346402,101.38732326853174,101.64077758789062,821600.0
2015-06-15,100.50026306864861,101.68830306650577,100.17553527809662,101.29228973388672,921900.0
2015-06-16,100.72201105657075,101.87837509285417,100.72201105657075,101.75164794921875,615600.0
2015-06-17,102.09222882301903,102.42489064616414,101.35564985051855,101.65662384033203,950400.0
2015-06-18,102.10015632745225,102.78921563197133,101.59325976491817,102.55160522460938,812900.0
2015-06-19,102.08431595886198,102.79713512035494,101.12596442317906,101.252685546875,1278400.0
2015-06-22,102.44070328708965,102.76543704838528,101.7516441083017,102.4486312866211,1039900.0
2015-06-23,102.35360329609784,102.95555130061491,102.01303762858879,102.77337646484375,1376300.0
2015-06-24,102.06055117021468,102.72585063335306,101.53781069830572,101.68038177490234,1387800.0
2015-06-25,102.34568085710357,102.34568085710357,101.1972386318889,101.26852416992188,1259600.0
2015-06-26,102.09222842191019,102.11598825413188,101.18140262576648,101.7120590209961,2627000.0
2015-06-29,100.40522683289926,100.55571384665153,97.94994515570444,98.04499053955078,1574700.0
2015-06-30,99.06670408187543,99.58943857748638,98.28259327443247,98.9478988647461,1545200.0
2015-07-01,100.57947651855223,101.0863731613263,99.35183866667437,99.91417694091797,1030700.0
2015-07-02,99.77952109248324,100.24681392049067,98.69444239501694,99.18550109863281,1237900.0
2015-07-06,97.77568643835387,98.8211613630229,97.28463378813103,97.95785522460938,1441500.0
2015-07-07,97.91825120284197,98.18754340229376,95.9619504803935,98.07666015625,1341900.0
2015-07-08,97.22919452366095,97.79945468598426,96.2708429896891,96.6034927368164,1647000.0
2015-07-09,98.1083406557052,98.92412711629771,96.98365825070344,97.49055480957031,935800.0
2015-07-10,96.62725022569573,98.17169975895098,96.41340569135413,97.95785522460938,1599100.0
2015-07-13,99.04292017371851,99.4706091831355,98.62314103620137,99.35972595214844,717200.0
2015-07-14,99.01916282495644,99.76366976225225,98.4885064534591,99.53398132324219,901100.0
2015-07-15,99.83492112824588,100.43685678719791,99.16169391485053,99.73987579345703,1042300.0
2015-07-16,101.22892615042353,101.65662731745807,100.77747119294516,101.29228973388672,1209800.0
2015-07-17,100.99131016572026,101.30020004623604,100.48441364165933,101.08634948730469,1038300.0
2015-07-20,101.52989729932322,102.05263778418882,100.89627356785289,101.60909271240234,860200.0
2015-07-21,101.8546349812539,102.32192781783242,100.8566736386452,101.09428405761719,1320600.0
2015-07-22,100.98338992758663,101.30020177119023,100.32600640957874,100.4368896484375,1648500.0
2015-07-23,101.91797042004934,102.34567152387665,99.76366328482763,99.961669921875,1879800.0
2015-07-24,99.93794069392676,100.31811621225054,97.75986701946486,98.24300384521484,1299100.0
2015-07-27,97.93408110795464,97.94991897968765,96.69851561888105,97.38758087158203,1138900.0
2015-07-28,98.43306269427256,99.28053089573693,97.6014384083589,99.2092514038086,2056800.0
2015-07-29,99.35970842574658,100.39726710793954,98.79737041273845,100.36558532714844,1439700.0
2015-07-30,100.25415112096054,100.92298693503876,99.87195488805652,100.78762817382812,962700.0
2015-07-31,100.85130483412655,100.85926282422946,99.94358975386132,100.06302642822266,793800.0
2015-08-03,99.98341418604683,100.19043737103661,99.16329158660554,99.99933624267578,1070700.0
2015-08-04,100.09489155779968,100.61244650743845,99.29069097681645,99.64103698730469,716600.0
2015-08-05,100.46913290571241,101.3768421299477,99.37032860132314,99.66493225097656,831000.0
2015-08-06,99.71270038802963,99.95156769511283,98.01671274120694,98.49445343017578,838000.0
2015-08-07,98.48648136937274,98.97218605496488,97.28416271530024,97.97689056396484,582700.0
2015-08-10,98.97220123070261,99.89583242907727,98.87665066198694,99.64103698730469,837300.0
2015-08-11,98.64574704818578,98.82092006355981,97.84154642069717,98.27151489257812,959100.0
2015-08-12,97.31601774799589,97.4354544278262,95.1900679312634,97.02140808105469,1674700.0
2015-08-13,96.98956816083155,97.6902601834412,96.49590540832295,96.83828735351562,1363400.0
2015-08-14,96.94975395968532,97.98485772229715,96.57552184808485,97.90523529052734,1340300.0
2015-08-17,97.61859786496423,98.91646730341115,96.862175587496,98.84480285644531,890100.0
2015-08-18,98.61387976025654,99.00403390652927,97.2443521409134,97.51507568359375,1034900.0
2015-08-19,96.89401570421839,97.23639762127507,96.0738931313343,96.32072448730469,877900.0
2015-08-20,95.69168006846064,95.69168006846064,94.43362523952955,94.65657043457031,1439000.0
2015-08-21,93.39056392699204,94.11513585983542,91.33627264850189,91.43978118896484,2395300.0
2015-08-24,91.41591927943402,91.47165559672094,76.05651501070653,86.89329528808594,2542300.0
2015-08-25,90.33301150311208,90.6753933767009,85.42023468017578,85.42023468017578,2334500.0
2015-08-26,86.99680680066207,89.52883926237193,86.18464212107061,89.21830749511719,2326800.0
2015-08-27,90.55597194747725,91.86975719845113,89.49697603656453,91.53533935546875,1440400.0
2015-08-28,90.93022617518801,91.43185917007834,90.1499176328311,90.88245391845703,1127700.0
2015-08-31,90.59580590270716,91.54332946890537,89.56865988573344,89.71198272705078,1033800.0
2015-09-01,87.58602177419439,88.03191230474428,86.1527935334228,86.8694076538086,1859000.0
2015-09-02,87.80894790969451,88.76443522031715,86.21647513345835,87.23565673828125,1321000.0
2015-09-03,87.27549845708181,88.26283018816093,86.95700258662947,87.28346252441406,1538600.0
2015-09-04,86.84553299946617,87.9682296154899,85.7785787819265,86.40760040283203,1162200.0
2015-09-08,88.37428027906023,88.52556714574844,87.05253095496948,88.43798065185547,893100.0
2015-09-09,89.36163521411342,89.98269878266115,86.45537044417303,86.70220184326172,940100.0
2015-09-10,86.46330646983846,88.07967144055146,86.21647513345835,87.23565673828125,1279800.0
2015-09-11,86.77385433222979,87.42676800335626,86.2562994048583,87.36306762695312,1112800.0
2015-09-14,87.51436808961016,87.5382542157693,86.43148582183863,86.72608947753906,640500.0
2015-09-15,86.77383762320889,87.87264156796897,86.35979133111883,87.4585952758789,1016400.0
2015-09-16,87.35512545533656,88.23098458859151,86.7897981413738,88.08766174316406,960100.0
2015-09-17,87.80893767207971,89.44918249643088,86.97289320691078,87.20379638671875,1462300.0
2015-09-18,86.04927081991801,86.94105780920125,85.15748383063476,85.52375793457031,1956800.0
2015-09-21,86.3279565425781,87.28344395060859,86.09704723750744,86.62256622314453,814600.0
2015-09-22,85.1495531254643,85.8104249578435,84.2736879112199,85.59544372558594,1155200.0
2015-09-23,85.67504702533375,86.0015069094408,84.6319791440402,85.13360595703125,931300.0
2015-09-24,84.1622024958027,85.34859935158443,83.89944904618659,85.10972595214844,1196900.0
2015-09-25,86.073140463309,86.55088101529579,85.46004120197277,86.04129028320312,850600.0
2015-09-28,85.20527833467283,86.39166914082315,82.36271398012819,82.64139556884766,2013400.0
2015-09-29,83.11117462624722,84.98233550746326,82.35475228157071,84.75938415527344,1648200.0
2015-09-30,85.71486855836173,87.02866012275672,85.27693601196242,86.89329528808594,1602500.0
2015-10-01,86.83756486042202,87.36308395174372,85.65913805077284,87.27549743652344,1269600.0
2015-10-02,84.2577603276436,86.57481184741005,83.27838659536626,86.46333312988281,1504700.0
2015-10-05,87.49046611729355,89.31384846637059,85.65116171082305,89.08293914794922,919000.0
2015-10-06,88.66094526911641,88.93962686753184,87.66564950705896,88.39818572998047,939300.0
2015-10-07,89.21828819787376,90.02248256230885,87.8407965969954,89.06700134277344,1155800.0
2015-10-08,88.72463864919291,89.43328868983095,88.29467018496261,89.21830749511719,1587000.0
2015-10-09,89.23421091777536,89.72787966060356,87.74524669934299,88.46186065673828,1178300.0
2015-10-12,88.3026412646757,88.50966448422228,87.09235821557608,87.45066833496094,993200.0
2015-10-13,86.7420087863007,87.25955766656821,85.85022169333682,85.98558044433594,1123000.0
2015-10-14,86.07318090642518,86.50314942768235,85.34064464419602,85.65117645263672,1202200.0
2015-10-15,86.55089524467274,88.14336806297254,86.07315461414315,88.07967376708984,871800.0
2015-10-16,88.25485003344703,89.03516447007682,87.60990041757708,88.83610534667969,982800.0
2015-10-19,88.27077472311329,88.74851538567657,88.0319013544306,88.58130645751953,1245400.0
2015-10-20,88.60520891382427,89.74382750815252,88.41411382853094,89.41737365722656,839600.0
2015-10-21,89.79954974175891,90.46839154757515,88.66093132603557,88.82814025878906,1203300.0
2015-10-22,87.74524656158697,92.04492422440698,86.00149302193108,90.84260559082031,1359600.0
2015-10-23,91.87771895605002,92.57044682037329,91.22480534218735,92.4271240234375,995900.0
2015-10-26,92.25992646766524,92.90487609589896,91.55127646077074,91.96531677246094,778600.0
2015-10-27,91.31238588309421,91.4955229185567,89.95082243832974,89.9747085571289,1510300.0
2015-10-28,90.36489297782552,92.64213021401935,89.99862485886612,92.34752655029297,1738100.0
2015-10-29,92.34749823912253,92.92412049971414,91.77087597853094,92.4275894165039,856200.0
2015-10-30,92.37152967335635,92.9001021529363,91.82694873332768,92.3875503540039,1056700.0
2015-11-02,92.71588854767282,94.22151460138458,92.34749237349402,93.86913299560547,647600.0
2015-11-03,93.30853804390765,94.77411250494046,93.23645720576887,94.3416519165039,1078100.0
2015-11-04,94.45379106188652,94.71006699616768,92.70790935018977,92.81201934814453,1002400.0
2015-11-05,92.84403629568757,93.88516051033591,92.77195545739393,93.74100494384766,749000.0
2015-11-06,95.20657775665016,96.33579735957136,93.88515888187708,95.52692413330078,1376400.0
2015-11-09,95.59902482668248,95.9514004150991,93.54080702508239,94.01331329345703,704100.0
2015-11-10,93.58885702228616,94.16547939904736,92.67587362911434,93.34059143066406,708200.0
2015-11-11,94.00529819206983,94.00529819206983,92.73192893525334,92.94015502929688,654000.0
2015-11-12,92.17932354135152,92.29945420485276,91.09815979003906,91.09815979003906,736000.0
2015-11-13,90.94598090497965,91.55463836584035,89.80875715423615,90.08905792236328,1057700.0
2015-11-16,89.8007797524452,90.91397900423638,89.36831293295715,90.87393951416016,935300.0
2015-11-17,90.94598638936063,91.4104883246102,90.24122925698458,90.47348022460938,892300.0
2015-11-18,91.05812362418756,92.59578527798665,90.60163194371125,92.47565460205078,1090400.0
2015-11-19,92.54773209669906,92.74794785918593,91.78691464328902,92.07522583007812,727100.0
2015-11-20,92.05921509619725,92.59579804132633,91.5146279189758,91.6908187866211,817200.0
2015-11-23,91.8189292209368,92.21135031621004,90.93798128640348,90.9940414428711,863100.0
2015-11-24,90.48150929603507,90.64968980187064,89.16808828408578,90.17717742919922,1176200.0
2015-11-25,90.48149777574669,90.77781315349608,90.21721153875451,90.5135269165039,594700.0
2015-11-27,90.41742557987803,91.13820343539719,90.16915391791635,90.90595245361328,339000.0
2015-11-30,90.98605394374516,91.46657056410659,90.33735681176223,90.45748138427734,1196400.0
2015-12-01,91.0100426461284,91.92302569457706,90.69770666166427,91.78688049316406,892300.0
2015-12-02,91.7148140737549,92.33148191129301,90.31330403765773,90.49750518798828,945600.0
2015-12-03,90.81786608289423,91.08215234124137,88.77566297399336,89.13605499267578,1010900.0
2015-12-04,89.34427984886814,92.24340628775522,89.14406408648894,92.05120086669922,1061500.0
2015-12-07,91.69080720027267,92.33150007254993,90.24925740279893,90.74578857421875,785900.0
2015-12-08,90.11309702645062,90.77781474565943,88.90379836342672,89.35227966308594,1215700.0
2015-12-09,88.55943107262436,89.57652438345589,86.70943340726348,87.15792083740234,785100.0
2015-12-10,87.1258773803711,88.25509091488068,86.82155167187258,87.1258773803711,1248900.0
2015-12-11,85.69234211234895,85.9726429439675,83.64213476096769,84.21074676513672,2033200.0
2015-12-14,84.28279620100376,85.40400530098387,82.55293579511567,84.05855560302734,1911700.0
2015-12-15,85.02765361302087,85.85254182003138,84.69129249930627,84.79540252685547,1326600.0
2015-12-16,85.67633505058309,86.46918778954482,83.78629769156896,86.14083099365234,1360000.0
2015-12-17,86.40512424017963,86.4852093326733,83.93846428672899,84.17071533203125,955200.0
2015-12-18,83.47395697069699,83.59408153807446,82.20859190678703,82.55296325683594,2497000.0
2015-12-21,83.25770524542423,84.46700991919673,82.92134429831367,84.43497467041016,1033200.0
2015-12-22,84.97956322917088,86.28496756300795,80.15036089584159,85.82847595214844,1155800.0
2015-12-23,86.06073458373119,87.10185889555464,85.532168197339,87.03778839111328,830600.0
2015-12-24,86.72546075869141,87.15792754060377,86.18087363814624,86.44515991210938,367200.0
2015-12-28,86.33303833007812,86.42913798460779,85.7003557939907,86.33303833007812,558700.0
2015-12-29,86.94166669970583,87.91070998890073,86.68539083901047,86.95768737792969,672500.0
2015-12-30,86.59731304425547,87.1579208041905,85.69234006377857,85.92459106445312,569200.0
2015-12-31,85.29190711351796,86.2689609237958,84.99558561217317,85.22783660888672,730200.0
2016-01-04,83.23367621988334,83.55402258180676,82.20056241048205,83.48995208740234,896200.0
2016-01-05,83.69019367083511,84.4670318528599,82.60101936966022,83.16162109375,805200.0
2016-01-06,81.86422322049228,81.86422322049228,80.02223573283433,80.3345718383789,1738700.0
2016-01-07,78.48456420194984,79.62178805355431,77.51552082613765,77.78781127929688,1624200.0
2016-01-08,78.40448930524995,79.57374855775315,75.8817696208993,76.033935546875,1531200.0
2016-01-11,76.9148756369871,77.02699595707679,75.36119961560247,76.61054992675781,1878500.0
2016-01-12,77.53152648106483,77.6676778020887,75.84971580641864,77.00296020507812,1031800.0
2016-01-13,77.15512918009094,77.25123492813383,73.8796028380587,74.00774383544922,2012400.0
2016-01-14,74.44022147617058,77.04302650834578,73.17486244266637,76.15406799316406,1535100.0
2016-01-15,75.08891906993158,75.22506431800255,72.88654574721896,74.3441162109375,1477800.0
2016-01-19,75.76963273534137,75.76963273534137,73.43111474124416,74.11184692382812,1090900.0
2016-01-20,72.72635741198414,74.16791306449183,71.27679752981177,73.36705017089844,1395000.0
2016-01-21,73.7514813040745,74.64043985025017,72.42205171084913,72.53417205810547,1456600.0
2016-01-22,73.79954034522808,74.96879980865062,73.74348016924552,74.68048858642578,1385700.0
2016-01-25,73.98371425651729,74.60038212579393,72.0936772788966,72.33393859863281,1507100.0
2016-01-26,72.87853815647198,74.44021867292771,72.4460713726611,73.96771240234375,1952500.0
2016-01-27,73.55127098259423,75.8577608346582,72.66231848056255,72.96664428710938,2295000.0
2016-01-28,72.71837585568763,74.42421215128049,65.1902610866467,69.61102294921875,4964300.0
2016-01-29,70.01945610741055,72.62226099766299,69.82725068788147,72.59823608398438,2187700.0
2016-02-01,71.46898776331975,72.3098960673751,70.07548833469151,70.3077392578125,1765400.0
2016-02-02,69.03440316124664,69.17055454451629,66.40757292789598,67.22445678710938,2346700.0
2016-02-03,67.98525174849269,68.4817889509217,65.02206143392692,67.92919158935547,2728700.0
2016-02-04,67.92118793304884,69.04239733622187,67.46469627512622,68.44976043701172,1954200.0
2016-02-05,68.30561698950814,68.85821450362003,66.06319778479684,66.30345916748047,1845400.0
2016-02-08,65.13417919911342,65.7588512650424,63.52444310684339,64.6856918334961,2298800.0
2016-02-09,63.47638915051372,64.46144700252518,63.10799298463071,63.4043083190918,1908900.0
2016-02-10,64.5996905322488,65.8031588599965,63.97775960424549,64.86622619628906,2082900.0
2016-02-11,62.24122798516388,63.1054649052205,61.38506977340187,61.603145599365234,2463000.0
2016-02-12,63.71935081621534,64.93089888268501,61.51433678610171,64.73705291748047,2218400.0
2016-02-16,65.92433073138592,67.25702786047489,65.11663251387824,66.97433471679688,1934500.0
2016-02-17,67.87088856353863,68.99358873072535,67.39434951458489,68.630126953125,1855200.0
2016-02-18,68.65436642530453,69.04206438239036,67.539744812339,68.07282257080078,2321000.0
2016-02-19,67.47511653944817,67.59627251657113,66.3281864354819,66.78857421875,1831000.0
2016-02-22,68.08896816213498,68.80781914567392,67.82242624808151,68.2828140258789,2010500.0
2016-02-23,68.02435870625699,68.09704860274462,67.06319565992304,67.38627624511719,1698400.0
2016-02-24,66.3524233022956,67.67704815556696,64.9308724247911,67.38627624511719,1583600.0
2016-02-25,67.63669180161108,68.49285666950023,67.01476647364436,68.14554595947266,1344000.0
2016-02-26,68.99359680877299,70.54437627940466,68.65436495499415,69.85783386230469,1533300.0
2016-02-29,69.52667585346126,69.80129033618722,67.79012315835779,67.8062744140625,1726800.0
2016-03-01,68.71896936691337,71.20668148401666,68.66243073526324,71.08552551269531,1728700.0
2016-03-02,71.10975765961462,71.20668367209983,70.16475214631707,70.98860168457031,1229700.0
2016-03-03,71.17436674071969,72.62821978576933,70.67359164437308,72.32129669189453,1898100.0
2016-03-04,72.45053961767195,73.25823796864823,71.92554061933689,73.06439208984375,1571500.0
2016-03-07,72.0789939858409,72.62015652579007,71.68322354745928,72.4990005493164,1278900.0
2016-03-08,71.4490122726762,72.43440547969465,70.87554704743204,71.73978424072266,1906500.0
2016-03-09,72.36979772535342,72.36979772535342,70.89170771859182,71.61056518554688,1354300.0
2016-03-10,72.38592284079434,72.59591995900547,70.11628645956013,71.44898986816406,1316700.0
2016-03-11,72.72517108300784,74.85749455389876,72.6605537263747,74.79287719726562,1299800.0
2016-03-14,74.25977625217838,74.66362536181651,72.87053432906349,74.17092895507812,1344300.0
2016-03-15,73.24205641661673,73.29859503130804,71.7397376122515,72.77359008789062,1571400.0
2016-03-16,72.01438301452258,74.0740099715523,72.01438301452258,73.8559341430664,1223400.0
2016-03-17,73.5328631506316,76.02057570411436,73.5328631506316,75.4228744506836,1255900.0
2016-03-18,75.85094711970277,76.9251811301987,75.30978459816114,76.21440887451172,3533100.0
2016-03-21,75.81056572949035,76.35172213152713,75.1078659641409,76.0367202758789,970700.0
2016-03-22,75.10786398022469,75.82671498179292,74.72824478927875,75.39863586425781,1166900.0
2016-03-23,75.50363232748748,75.95594135883088,74.6232380631959,74.92208862304688,1541300.0
2016-03-24,73.82364762669873,74.31634422799928,73.21787372302602,74.2921142578125,1951700.0
2016-03-28,74.3082461672892,75.56825358690175,73.86400962204159,75.43094635009766,1350600.0
2016-03-29,74.825211285308,76.12560675845921,73.62174188002137,76.06098937988281,1344500.0
2016-03-30,76.73135406545664,77.97521043925092,76.63442803138493,77.19174194335938,1992700.0
2016-03-31,76.82019151188189,77.11096341445919,75.52787536834352,75.93172454833984,1959000.0
2016-04-01,75.68132207119199,76.69094486382927,74.7040079473889,76.46479034423828,1491400.0
2016-04-04,76.22250807657824,76.22250807657824,75.02711161007427,75.26134490966797,1482100.0
2016-04-05,74.00939684414845,74.69594536450967,73.40362308777043,74.23555755615234,1652400.0
2016-04-06,74.68785898757388,76.88479923777493,74.6636290257663,75.30978393554688,2739800.0
2016-04-07,74.36480356267623,74.9382687806788,72.7817151801091,73.53287506103516,1694700.0
2016-04-08,74.18712764097128,75.01098380223966,73.54097234976811,73.7428970336914,872800.0
2016-04-11,74.54249909529648,75.57635224191255,74.31634448975556,74.75250244140625,1099000.0
2016-04-12,74.81713257242285,76.14175802197713,74.46174931475743,76.06098937988281,1190800.0
2016-04-13,77.07866430219435,78.86367715973897,76.9898169785937,78.85559844970703,1287700.0
2016-04-14,78.58096432085249,79.25942790021602,77.83788340185947,78.45980834960938,1238700.0
2016-04-15,78.38711923261886,78.71019360943592,77.45018628555292,77.87826538085938,965900.0
2016-04-18,77.5390332234926,78.33058023237184,77.16749276209987,78.00749969482422,948900.0
2016-04-19,78.31443243052944,78.40327974331859,77.53096403352477,78.2175064086914,960500.0
2016-04-20,78.51635280014499,80.03482342048106,78.11250364090408,79.7682876586914,1204000.0
2016-04-21,80.04291259406918,80.6809950885639,79.38060013281199,79.82483673095703,873100.0
2016-04-22,80.1317579558791,81.08484231949954,79.9540633209626,80.7052230834961,957800.0
2016-04-25,80.21251419018779,80.60021207585793,79.17058266983868,79.84905242919922,721100.0
2016-04-26,80.30135652134913,81.01213490735526,80.01058466566452,80.96366882324219,831000.0
2016-04-27,80.60021845613639,81.92484324680544,79.58251681765918,81.63407135009766,1104100.0
2016-04-28,81.02022022594142,81.57753406424071,78.96059311275826,79.25943756103516,1161700.0
2016-04-29,78.73443974362696,79.02520548727908,77.08673433093416,77.4582748413086,1585900.0
2016-05-02,77.6117051904036,79.10595156129126,76.8201645265226,79.00902557373047,1436300.0
2016-05-03,77.40981781720794,77.64405111119356,75.93173431167827,77.19174194335938,1404600.0
2016-05-04,76.40827156533706,77.35327726581998,75.68942044320046,76.55365753173828,984000.0
2016-05-05,76.83045764308244,77.38407354986997,75.74764905590382,75.85348510742188,1524600.0
2016-05-06,75.1696093251302,76.02445329921183,74.81952858963,75.91861724853516,1713300.0
2016-05-09,75.74764464992677,76.0407357724368,75.3487174820548,75.65808868408203,1102500.0
2016-05-10,76.26867629132413,77.74226849280544,76.16284027074987,77.52245330810547,1291800.0
2016-05-11,77.23754248462868,78.22265213981613,77.16426658027837,77.48178100585938,1221500.0
2016-05-12,78.05167037759513,78.73554557739806,76.7816066743317,77.62017059326172,1060300.0
2016-05-13,77.53061384319655,78.52386018032412,76.10586776062996,76.39081573486328,1348100.0
2016-05-16,76.35824480418658,77.48175655466093,76.09772007024762,76.9851303100586,1008400.0
2016-05-17,76.70018449110715,78.34475196670661,76.54549579084984,77.4166259765625,1032700.0
2016-05-18,77.06655749898431,79.47641309601893,76.73275684846315,79.40313720703125,1525800.0
2016-05-19,78.75997271682743,79.76951169725875,77.76672002942935,78.65413665771484,1281000.0
2016-05-20,79.18333350295497,79.98118798394196,79.06121114444437,79.51712799072266,883100.0
2016-05-23,79.28104017613212,79.7288201645617,78.90653610008297,79.41944885253906,724100.0
2016-05-24,80.15217138825277,81.35710268736186,79.84280007360424,81.22683715820312,953900.0
2016-05-25,81.55245677603973,83.08304497357294,81.42219751896849,82.52128601074219,992600.0
2016-05-26,82.43174844978651,82.44802853127877,81.51177166615491,81.55247497558594,845900.0
2016-05-27,81.77229826939302,82.66785184501326,81.24310554380803,82.65156555175781,596700.0
2016-05-31,82.88766847908272,83.29473885756583,82.22821645358842,82.77368927001953,1124000.0
2016-06-01,82.7736926688596,83.64482306612763,81.39779895684265,83.32730865478516,1103900.0
2016-06-02,82.57829186303923,83.14818787133323,82.0083958547452,83.05863189697266,698300.0
2016-06-03,81.49549416581108,81.96769732824266,80.61622059674566,81.82115173339844,1030400.0
2016-06-06,81.92697681521695,83.44127902171319,81.81299761355814,83.05863189697266,707300.0
2016-06-07,83.1644559756387,83.39241432910156,82.6189833139384,82.83879852294922,600300.0
2016-06-08,82.65969545495767,83.45755598881878,82.04094684980416,82.58642578125,691300.0
2016-06-09,82.19563521359774,82.22005843806583,81.3733514585722,81.95953369140625,799700.0
2016-06-10,80.86861749945128,81.14542242538751,80.40455743254475,81.0477294921875,1179700.0
2016-06-13,80.47782897949219,81.52807151531151,80.39641612948962,80.47782897949219,1295300.0
2016-06-14,80.11142158661218,80.73830700060016,77.88881542331191,78.31217193603516,2172700.0
2016-06-15,78.7681248579246,79.85907058249443,78.27964160496198,78.7762680053711,1049700.0
2016-06-16,77.88069563632136,78.43430530169945,77.0339886358724,78.36917877197266,1240200.0
2016-06-17,78.42619645593562,79.28918384504503,78.20637492875346,78.72742462158203,1328100.0
2016-06-20,79.26473764684691,81.10469733549317,79.26473764684691,80.02188873291016,1131100.0
2016-06-21,80.55106932051241,80.64876221281264,79.86718801741296,80.3475341796875,746100.0
2016-06-22,80.29053063303816,81.12909427365815,80.18468840291042,80.7383041381836,893300.0
2016-06-23,81.8211420043292,82.81439467223572,81.8048619230163,82.8062515258789,1043100.0
2016-06-24,77.04212399896275,78.60527869713202,74.33104047739091,74.34732055664062,3543100.0
2016-06-27,72.18173624223556,72.18173624223556,69.37294636888362,69.62532806396484,2365600.0
2016-06-28,70.88723325375668,71.17218126754373,69.13682943849204,69.77185821533203,3708800.0
2016-06-29,70.7081019172173,72.4829284741097,70.1870524887167,72.43408203125,1727500.0
2016-06-30,72.49108364984333,73.1505355834961,71.33500542669398,73.1505355834961,2104100.0
2016-07-01,72.97143186575222,74.59157640113942,72.76789668193582,73.08541107177734,1234500.0
2016-07-05,72.31198051018426,72.52365884245518,70.20335896829623,70.70812225341797,1507100.0
2016-07-06,70.1382287408086,71.18847108191791,69.14497600527572,71.09891510009766,969200.0
2016-07-07,71.23731530897575,72.33640407431976,71.03378012237867,71.70951843261719,1150700.0
2016-07-08,73.14240976173308,74.2984944701026,73.09356329919692,73.95655059814453,998700.0
2016-07-11,74.68111984246936,75.28358214624039,74.03794802420845,74.62413024902344,941000.0
2016-07-12,75.75582592092852,77.11543996096805,75.60928028592166,77.03402709960938,1072700.0
2016-07-13,76.95258496173317,77.13169692987863,75.86978242854694,76.40711212158203,1087500.0
2016-07-14,78.32848857479429,78.46689102527428,77.18869016955557,77.96212768554688,1076700.0
2016-07-15,78.69484145179128,78.95536622206588,77.90512399494,78.35289764404297,917600.0
2016-07-18,78.28776152661462,78.9879167142569,78.14935290669257,78.81694793701172,896400.0
2016-07-19,78.23892238928325,78.84952793271377,78.05981043605284,78.46688079833984,834800.0
2016-07-20,78.8250999630482,78.8250999630482,77.7178681473214,78.5645751953125,766300.0
2016-07-21,78.56458867060674,79.02864868683716,78.25521739692027,78.36105346679688,563900.0
2016-07-22,78.55643506406956,79.10191405831874,78.19007423055056,79.03678131103516,626000.0
2016-07-25,78.52388007061938,78.95537992535839,78.12495280564346,78.40176391601562,1175800.0
2016-07-26,78.13310481085156,78.8332664964961,78.07611519510851,78.64601135253906,1410600.0
2016-07-27,78.03540015831267,79.23218821587062,77.18055598248685,77.80744171142578,1362300.0
2016-07-28,77.48178308567051,78.09238872223986,76.6350758575928,77.7911605834961,925300.0
2016-07-29,77.36780012925071,78.24707369420489,77.2375408296657,78.02725219726562,888000.0
2016-08-01,78.19823178201442,78.39362384845845,76.92003088526484,77.2049789428711,933100.0
2016-08-02,77.13983416813676,77.70973019458113,75.36500712826607,75.715087890625,1094700.0
2016-08-03,75.88604359653577,77.37592236595087,75.88604359653577,77.18866729736328,906500.0
2016-08-04,77.22151553215687,77.43488173116735,76.55680522327033,77.09021759033203,759000.0
2016-08-05,78.13241670526868,79.35515733231892,77.78775257054508,79.20744323730469,1298100.0
2016-08-08,79.22383610580502,80.00343421865784,78.92840800261455,79.44540405273438,568400.0
2016-08-09,79.44540832452836,79.6916005107339,78.96944636461961,78.99406433105469,507400.0
2016-08-10,78.96945811232992,79.47824619014992,78.37860178628111,78.55093383789062,740700.0
2016-08-11,78.65762928145665,79.27310369877779,78.26372916049165,78.88740539550781,441400.0
2016-08-12,78.14882364223946,78.71505572222644,77.4759053467594,78.45245361328125,447100.0
2016-08-15,78.71502997089547,79.6997922529747,78.5262880929554,79.47821807861328,437000.0
2016-08-16,79.28952143217286,79.6095676346675,78.80534495857223,79.22386932373047,543100.0
2016-08-17,79.27306615361654,80.12652435940012,79.19921226376272,79.7818603515625,763100.0
2016-08-18,79.71621150349196,80.21679764697126,79.47822741389305,79.74082946777344,772100.0
2016-08-19,79.36335064714227,79.806492849753,78.88738240053138,79.60954284667969,531400.0
2016-08-22,79.47823009319187,79.62594414478711,78.98585200818341,79.44540405273438,458500.0
2016-08-23,79.84752384183207,80.38913789429701,79.81469779911792,80.14295196533203,622600.0
2016-08-24,80.20860217958689,80.38093421757222,79.88855607176731,80.03627014160156,636000.0
2016-08-25,79.8557443309553,80.06090245019908,79.42901819773695,79.94601440429688,681100.0
2016-08-26,80.31528160739808,81.30003781585191,80.20859540651527,80.70097351074219,851800.0
2016-08-29,80.70095849724467,81.62827678629772,80.33988462714652,81.26719665527344,581900.0
2016-08-30,81.2426056420227,82.67871230741198,81.2426056420227,82.6048583984375,775800.0
2016-08-31,82.61305404039504,83.08081421172727,81.84166391806592,82.94951629638672,1556200.0
2016-09-01,83.28597187729628,83.46651198830352,81.5216111482631,81.97296142578125,1062700.0
2016-09-02,82.35866209787831,83.25314834273989,81.95655400455976,82.97413635253906,652300.0
2016-09-06,82.76077429324859,82.89207847932971,81.83346195753137,82.6048583984375,779600.0
2016-09-07,82.19452682344036,82.79358484275336,81.972952616134,82.68690490722656,589100.0
2016-09-08,82.54739151903827,82.9905336665431,82.53098162954267,82.67869567871094,644400.0
2016-09-09,82.26019118826531,82.72795141245462,81.57086296774565,81.57907104492188,740600.0
2016-09-12,80.89794523042538,83.54858443317947,80.66816915524369,83.31060028076172,1070300.0
2016-09-13,82.03041628305736,82.43252441742077,81.06206977311088,81.43955993652344,847300.0
2016-09-14,81.39032191005079,82.06324022949552,80.8815275666937,81.4149398803711,920100.0
2016-09-15,81.09489522186638,83.26136430252298,81.09489522186638,82.81822204589844,883500.0
2016-09-16,82.01401174478465,82.06324768990133,80.7420289012196,81.49700927734375,1965900.0
2016-09-19,81.92374605162438,83.12186878064485,81.75961579091175,82.03042602539062,698600.0
2016-09-20,82.30943782400644,82.68692800237626,81.52983323441175,81.54624938964844,671600.0
2016-09-21,82.15350765167287,82.96593195074854,81.87448938818609,82.76898193359375,614200.0
2016-09-22,83.29418825253212,83.38445831702983,82.56382592045316,82.7936019897461,718000.0
2016-09-23,82.20272581145242,83.06439212414678,81.67752170534835,81.76779174804688,888100.0
2016-09-26,80.53683623491762,81.25078843749728,79.92136214125709,80.30706024169922,1003900.0
2016-09-27,79.94599675867899,80.82407306479693,79.39617462308489,80.72560119628906,929400.0
2016-09-28,81.28363778422994,81.69395396434028,80.66816351406443,81.3656997680664,885600.0
2016-09-29,81.15234514719899,81.58727935824719,79.37157417478585,79.94601440429688,773300.0
2016-09-30,80.99642753992038,82.34226437716801,80.63535348712443,81.87450408935547,958200.0
2016-10-03,81.35749869517534,83.36804564642547,81.35749869517534,82.74436950683594,938300.0
2016-10-04,83.05620712918943,83.6716814490232,82.71975109002982,82.90849304199219,920600.0
2016-10-05,83.4993481115419,85.05034287288693,83.04799777954057,84.68106079101562,920700.0
2016-10-06,84.68924774452499,84.90261388774658,83.86861547467134,84.36920166015625,577900.0
2016-10-07,84.29539036783945,84.29539036783945,82.57206298228421,83.01520538330078,903000.0
2016-10-10,83.8440060863798,84.08199022029673,83.26135786648443,83.39266204833984,567200.0
2016-10-11,83.17929236083316,83.56499055253997,81.34927953452033,81.808837890625,694900.0
2016-10-12,81.99759420363387,82.81822666666687,81.75140822128127,82.13710021972656,542800.0
2016-10-13,80.99642181396484,81.16876014128081,79.49466916089736,80.99642181396484,706100.0
2016-10-14,81.25082069718896,82.03862709855262,79.66699981689453,79.66699981689453,1236100.0
2016-10-17,79.66699328384973,80.0526915057999,79.00227679585825,79.10896301269531,921100.0
2016-10-18,80.10193704674342,80.33171313989124,79.53569863082272,79.7080307006836,766300.0
2016-10-19,80.22503039926364,80.84870655599309,79.96242826460684,80.49583435058594,700000.0
2016-10-20,80.3973749531943,81.16056350387488,80.1347727777413,80.29889678955078,728500.0
2016-10-21,79.37975611900957,80.29065210850987,79.37975611900957,80.06908416748047,700100.0
2016-10-24,80.65997269588433,81.6119031817384,80.31530853346801,80.40557861328125,902500.0
2016-10-25,80.4383634923691,80.70096553941313,79.59311334910011,79.79006958007812,937700.0
2016-10-26,79.11715269959079,79.11715269959079,73.94716738146239,73.96357727050781,2710500.0
2016-10-27,74.2179905965909,74.84987474156904,73.43838611951848,74.58727264404297,2488800.0
2016-10-28,74.64469615105904,74.69393207427927,73.0444660371399,73.22500610351562,1425000.0
2016-10-31,73.34810683700046,73.61891697690209,71.96944443314237,72.53568267822266,1661300.0
2016-11-01,73.01168167564789,73.32351980224688,71.37041651494431,71.96947479248047,1283200.0
2016-11-02,71.6329931930578,71.91200516581918,70.7795348619617,71.19805908203125,1002700.0
2016-11-03,71.69472418958297,73.42479819889314,71.6533322604853,72.47284698486328,1974900.0
2016-11-04,72.59703096307004,73.76421549075717,72.19969611806587,72.65497589111328,1260500.0
2016-11-07,74.42642173832465,75.56048725070559,74.12841755457696,75.4942626953125,1173100.0
2016-11-08,75.18800980235939,75.6101772713247,74.1781071062025,75.10523223876953,714600.0
2016-11-09,75.92474016896449,84.53373933054493,75.70951345315609,84.43440246582031,3675000.0
2016-11-10,86.50387419670577,92.61294935442541,86.04031478657126,90.96565246582031,4188700.0
2016-11-11,90.48552043564148,91.92587636031735,90.07162636164729,91.76031494140625,1839800.0
2016-11-14,93.20065793878864,95.43568956911471,92.98543758275576,94.58306884765625,2013100.0
2016-11-15,93.64767252384087,94.61618947349203,92.25698815860898,94.54996490478516,1800300.0
2016-11-16,93.72220022762767,94.57482123793217,93.53180612376667,94.36787414550781,1087800.0
2016-11-17,94.68238802338585,95.60951284578104,93.61454075841459,94.02843475341797,1370700.0
2016-11-18,93.99533331852331,94.98867642816481,93.57315965494101,93.65593719482422,1087500.0
2016-11-21,94.16090624773561,94.8314126580709,93.73873250412468,94.56652069091797,826300.0
2016-11-22,94.71553511351416,95.3943212621865,93.42418739543592,94.19403076171875,960700.0
2016-11-23,94.37613617788806,94.89764047984592,93.39106618088921,94.11124420166016,831100.0
2016-11-25,94.56651231353922,94.80657162430582,93.9456712284428,94.74862670898438,338000.0
2016-11-28,93.52351605194207,94.41752253144152,92.71228081597222,93.12617492675781,1046400.0
2016-11-29,93.43246808156357,94.23541743084944,92.67917769399233,92.76195526123047,1077400.0
2016-11-30,93.7801461078167,94.92249179594516,93.59803165416054,94.54170989990234,1426200.0
2016-12-01,95.5516119840883,96.61945974128925,94.87282577201375,95.22877502441406,1225700.0
2016-12-02,95.10455741414643,95.15422267035933,93.49864676437295,93.9291000366211,860900.0
2016-12-05,94.35955940734611,95.34462922197105,93.82977555297347,94.88934326171875,1122700.0
2016-12-06,95.79992381326977,95.79992381326977,94.40095984165714,95.36119079589844,1806200.0
2016-12-07,95.046623646921,96.9008671105465,94.97212575387252,96.65253448486328,1177100.0
2016-12-08,97.21544130244118,98.7716807339721,96.6856573974297,98.42401123046875,1092500.0
2016-12-09,98.45713995497738,98.45713995497738,96.78500409419902,98.1508560180664,1029400.0
2016-12-12,97.83629459025725,97.95218443918836,95.34465020719243,95.49365234375,943300.0
2016-12-13,95.97375793120777,96.7270418463627,94.20229183607077,95.09629821777344,975500.0
2016-12-14,94.46717891592603,95.78335894494973,93.09304765781688,93.48210906982422,1942700.0
2016-12-15,93.78012161507317,95.64264497925998,93.13444785930534,94.69896697998047,1358100.0
2016-12-16,94.93901377984857,95.0962892152981,92.29836787091554,92.48876190185547,2095900.0
2016-12-19,92.42253668661273,92.6377633471228,91.09807707486158,92.22386932373047,1511000.0
2016-12-20,93.65594956646363,94.14434785267687,93.24205549685206,93.9374008178711,844400.0
2016-12-21,93.82979871446192,93.93741523100717,92.81162268368774,93.465576171875,627300.0
2016-12-22,93.34139134074721,93.35794432452339,92.19903967900176,92.51360321044922,665700.0
2016-12-23,92.7619375779215,92.89438671267244,91.7603146795763,92.65432739257812,448400.0
2016-12-27,92.95234608518643,93.37451987345402,92.58811722350276,92.98545837402344,338100.0
2016-12-28,93.21720728283178,93.82148898677251,91.71063337387538,91.73546600341797,581000.0
2016-12-29,91.79343408970409,92.45566718382699,90.38619665909648,90.990478515625,670200.0
2016-12-30,91.56993164082844,92.38116052847036,91.24709475271261,91.83482360839844,798100.0
2017-01-03,93.63941417788604,93.70563244166972,91.52027184872078,92.58811950683594,1029800.0
2017-01-04,93.25861448690742,95.84958908049123,92.69571830148242,95.36119079589844,1523800.0
2017-01-05,94.58310242168831,95.60127859621139,93.1593053922674,94.15264892578125,1491900.0
2017-01-06,94.88933171314103,96.2800157404954,94.39266019955468,95.74195861816406,1463800.0
2017-01-09,96.1310340154426,96.76015476751107,95.31152552867697,95.36119079589844,993900.0
2017-01-10,95.49364171330747,96.15587476107028,94.71551882951452,94.97213745117188,891200.0
2017-01-11,94.74861349845648,95.27011766363766,93.72215814922566,95.24528503417969,1055300.0
2017-01-12,94.70725168435797,95.55987252609435,93.45728972489289,95.2701416015625,936300.0
2017-01-13,95.8164924554241,96.9836769500472,95.18737160054519,95.41915130615234,495100.0
2017-01-17,94.35130063900203,94.62446594180048,92.14110137274875,92.33977508544922,757900.0
2017-01-18,92.94403582372901,93.9704911775279,91.67752119156594,93.87944030761719,1078300.0
2017-01-19,93.96224053030191,94.45891218814859,92.58810908421927,93.52351379394531,893000.0
2017-01-20,94.08641802596114,94.32647106717805,93.00201109509692,93.58146667480469,1180000.0
2017-01-23,93.23378500759055,94.33474485665504,92.77850527559873,93.42417907714844,678100.0
2017-01-24,93.83806968838734,95.4688134325583,93.06822641935565,94.62446594238281,690000.0
2017-01-25,95.9323837807492,97.03334371480572,95.01353827975748,96.8098373413086,1136800.0
2017-01-26,97.24855241083834,97.3230503111793,94.79829398536513,95.09629821777344,1314800.0
2017-01-27,95.60953929962294,95.71714949451045,93.68907088406095,93.87118530273438,1009700.0
2017-01-30,93.23377253982727,93.705611509826,92.09970687125461,93.5897216796875,810400.0
2017-01-31,92.72885155001674,93.68908910228124,91.85967754031954,92.93579864501953,1159500.0
2017-02-01,94.05327612040418,95.3777356754209,93.04337373610352,93.60626983642578,1035100.0
2017-02-02,96.17243284588574,102.05800742358505,96.17243284588574,97.59622955322266,3524700.0
2017-02-03,100.10444521166188,100.87428862819507,99.5167162422369,100.37761688232422,1942400.0
2017-02-06,100.16237666549395,102.41396168035898,100.12098472743948,102.12423706054688,2088600.0
2017-02-07,102.49673339907253,102.64573552584385,101.58616765348006,101.96694946289062,1274600.0
2017-02-08,101.06464632765645,101.06464632765645,100.05475014839557,100.6424789428711,1120100.0
2017-02-09,101.07559958933389,103.29951116100254,100.65080542073463,103.05796813964844,1176400.0
2017-02-10,103.32452798936718,103.99086533217928,102.20840324920212,103.54108428955078,1120800.0
2017-02-13,104.1157952172557,105.68169448962264,104.08247740021932,105.07366180419922,1044200.0
2017-02-14,104.59889189680298,106.93108820394707,104.59056085403301,106.45631408691406,1319300.0
2017-02-15,106.65621753855513,107.6057530324904,106.1314698913064,107.3392105102539,815600.0
2017-02-16,107.10598307966424,107.67237953668524,106.53126829029452,107.58075714111328,1026600.0
2017-02-17,106.50626837972423,107.49744617041985,106.06481218519413,107.43914794921875,1046700.0
2017-02-21,107.9472460107967,109.29658245536176,107.63072997192012,108.92176818847656,1256000.0
2017-02-22,107.8806093564245,109.3798791190981,107.83063581590966,108.84679412841797,1002700.0
2017-02-23,109.2049615346133,109.42151778498364,107.62240673775828,108.68021392822266,684700.0
2017-02-24,107.2725664140366,108.36371048020426,106.64787172497188,108.1388168334961,976600.0
2017-02-27,108.0721909996305,109.4132028953641,107.98056859522208,109.20497131347656,641300.0
2017-02-28,108.43034678478035,109.57146453346434,108.26376405568305,109.52981567382812,1455700.0
2017-03-01,112.07857818547025,112.6116505913324,111.52884369239246,111.8453598022461,1611000.0
2017-03-02,112.44504227356875,112.54498935523371,109.53812512383675,109.61309814453125,1421400.0
2017-03-03,109.71306715270198,111.17901305102717,109.2382930010167,110.82918548583984,1129800.0
2017-03-06,110.31274260804265,110.82915275995884,109.513127902692,110.30440521240234,924700.0
2017-03-07,110.27111916160834,110.62928410164949,109.67973585991379,110.09619903564453,810000.0
2017-03-08,110.88746321845122,111.57045605747946,110.31274213728378,110.41268920898438,648200.0
2017-03-09,110.84582869474546,111.50383485089087,110.37939202059992,110.54597473144531,879300.0
2017-03-10,111.24562141101066,111.24562141101066,109.17996799045186,110.02955627441406,1289000.0
2017-03-13,110.36274566950284,110.704248536559,109.72138879640067,110.43770599365234,861700.0
2017-03-14,109.83800861317827,110.37941843981945,108.463685032953,110.28779602050781,830000.0
2017-03-15,110.96245829825308,112.33678180263215,110.50434622697723,111.33727264404297,839800.0
2017-03-16,111.71206369378754,112.41173139739736,111.37889828021781,112.11187744140625,1022900.0
2017-03-17,112.18684395670498,112.21183072863212,109.34656225948487,109.70472717285156,2034500.0
2017-03-20,109.14665213447482,109.53812849564073,107.98056044766962,108.68855285644531,1009300.0
2017-03-21,109.3465828723659,109.3465828723659,104.6405471790144,104.8404541015625,1507900.0
2017-03-22,104.11578144017696,104.98202550432599,101.88353883191064,104.29069519042969,1516500.0
2017-03-23,103.85758020353508,105.9315648677394,103.60769977688352,104.66551971435547,864900.0
2017-03-24,105.01535100664118,105.62338365612977,103.81593508311246,104.33235168457031,981800.0
2017-03-27,102.05844438630274,104.41562701394699,101.03394873784896,104.34899139404297,1289200.0
2017-03-28,103.88254759879749,107.81395993584837,103.88254759879749,106.91439819335938,1224200.0
2017-03-29,106.26474175054094,106.92274795316453,105.6400470086609,106.11481475830078,744300.0
2017-03-30,105.98986754533564,108.17213029928557,105.7066756646368,107.99722290039062,696500.0
2017-03-31,107.41416744358078,108.97173535749945,107.32254505397114,108.01386260986328,1152300.0
2017-04-03,108.23042745304832,108.51361929767651,106.35634358977327,107.92224884033203,982900.0
2017-04-04,107.24759522288444,108.13050785428958,107.19762167401106,107.36420440673828,743800.0
2017-04-05,108.28042380385317,109.63809780010922,106.4646441351073,106.63123321533203,1017000.0
2017-04-06,106.39799964644665,108.2720901033146,105.72333140318591,108.03887176513672,678400.0
2017-04-07,107.05602321497952,108.64691560067536,106.67288420960152,107.69738006591797,808300.0
2017-04-10,107.63073478207347,108.65523054653127,107.12264924353896,107.75566864013672,576500.0
2017-04-11,107.0310364411265,107.83897602090093,106.1647922707871,107.69738006591797,1003700.0
2017-04-12,107.44749407531518,107.49746762044335,105.77331041156327,106.2314224243164,908000.0
2017-04-13,105.54842907201454,107.25593064731063,105.10697911915793,105.14029693603516,895000.0
2017-04-17,105.3318733475859,106.48964055242251,104.98204577951819,106.4063491821289,1119300.0
2017-04-18,105.38181282265042,105.97319597637166,104.79876706440405,105.45677947998047,1222400.0
2017-04-19,106.61455896478797,107.0143600022611,105.29020929041425,105.6983413696289,1237600.0
2017-04-20,106.50627055302417,108.06384476264613,105.6650133506318,107.92224884033203,1360800.0
2017-04-21,108.09717440728033,108.6385714195536,106.6478780670635,106.9810562133789,937200.0
2017-04-24,110.1128580389976,110.67925455104933,109.21329607946639,109.82966613769531,1432600.0
2017-04-25,109.82134442312288,110.1128610201982,106.75616884364678,109.0134048461914,2065700.0
2017-04-26,108.79681561809292,109.32988787497675,107.41416779237387,107.44747924804688,1304100.0
2017-04-27,107.10596767699653,107.89724495617389,105.98151867589952,106.99769592285156,1314500.0
2017-04-28,106.9560823888107,107.7640220159426,106.42300364489681,106.48963928222656,1219100.0
2017-05-01,107.38087565209553,107.83066304921708,106.37303541726526,107.28925323486328,1089900.0
2017-05-02,107.95557139993619,108.01386962832397,106.98104921591822,107.53910827636719,827100.0
2017-05-03,106.86444913879045,107.72236222955463,106.7811514232136,107.46415710449219,629300.0
2017-05-04,108.19348171932924,108.46175002273746,106.93600282851094,107.38870239257812,829600.0
2017-05-05,107.60665421748683,108.05096237507723,106.80186854406247,107.9922866821289,755500.0
2017-05-08,107.97555150865557,108.21027993955616,107.26297483444586,107.62345886230469,629100.0
2017-05-09,107.69888646772596,108.8809198053276,107.50607660150871,108.0677490234375,683900.0
2017-05-10,107.8078672880648,108.27732405022014,107.10367574896307,108.21863555908203,505000.0
2017-05-11,107.58988289268638,108.10125811557015,106.05576361990295,106.96114349365234,786300.0
2017-05-12,106.3324344269241,106.86896475134849,105.25938656981477,105.73722839355469,799400.0
2017-05-15,106.24861492538015,107.95878752577947,106.08095357854253,107.95040893554688,877600.0
2017-05-16,107.91685705630935,109.09051193785648,107.76596569836524,108.91445922851562,963100.0
2017-05-17,108.91445077787205,108.91445077787205,102.9456209698451,103.39830780029297,1886400.0
2017-05-18,103.32286353955101,105.32644634520014,103.1216686792829,104.30369567871094,2229500.0
2017-05-19,104.7060881510736,106.2821262274172,104.47973834476392,105.48572540283203,1571300.0
2017-05-22,106.08933853575769,106.39951266690984,104.67257649064516,104.88215637207031,780200.0
2017-05-23,103.76718649021213,104.47137819473149,101.90611618039621,103.0965347290039,1881000.0
2017-05-24,103.11328664627318,103.64981055292569,101.48694495655616,102.11568450927734,1394600.0
2017-05-25,102.58515156199329,103.13843906323311,102.15760685930589,102.78634643554688,965400.0
2017-05-26,102.51807375591747,103.11327972503739,102.28334536199627,102.52645874023438,643300.0
2017-05-30,102.19114304800534,102.668984882476,101.5204849243164,101.5204849243164,893900.0
2017-05-31,101.50369531780667,101.71327512822705,99.62585561141495,101.26058197021484,2325700.0
2017-06-01,101.98995052304956,103.29772685896798,101.51210228168088,103.22227478027344,1699100.0
2017-06-02,102.36720537002739,103.33965276594748,101.26900875677282,102.83666229248047,1560000.0
2017-06-05,102.76957072269704,103.85938848563347,102.35879601334933,102.45101165771484,699200.0
2017-06-06,101.48692442279142,102.18273092202958,100.69052370882747,101.36956024169922,701400.0
2017-06-07,101.93963697678214,102.78634135511336,101.61269292496631,102.23304748535156,832700.0
2017-06-08,102.23307291205923,104.63905247246593,102.09894510158361,103.3312759399414,767300.0
2017-06-09,104.06897494488928,106.10609144334883,103.78394940482758,106.03902435302734,740500.0
2017-06-12,105.88812915579695,107.3048910926834,105.88812915579695,106.8270492553711,1076800.0
2017-06-13,107.33840650547212,107.60667484390416,106.30727726206813,106.67613983154297,851900.0
2017-06-14,105.60309420293623,107.20428090624215,104.9827396474043,107.16236877441406,973900.0
2017-06-15,106.46653508938712,108.78868278286518,106.44138653750798,108.65454864501953,1750600.0
2017-06-16,108.92280466164391,109.31681569865772,108.29406527812003,109.27490997314453,1338000.0
2017-06-19,109.81982218636327,111.51323065977819,109.38389259294487,110.75873565673828,1132200.0
2017-06-20,110.20546026744289,110.74198410514971,109.54318086030861,109.55155944824219,548600.0
2017-06-21,109.58509352974366,109.6689305715503,107.32163411006701,107.50606536865234,879000.0
2017-06-22,107.34680054942882,107.3551791383108,105.83782308765313,105.9216537475586,1190400.0
2017-06-23,106.60067869344859,106.60067869344859,105.0246344131469,105.25098419189453,2733900.0
2017-06-26,105.59470509663964,106.67613783115526,104.8486013830068,105.78752136230469,880000.0
2017-06-27,106.29889087690695,106.85217829466916,105.39350448871198,105.45218658447266,956500.0
2017-06-28,106.47492663409024,108.38628704924749,106.44977808066119,107.64857482910156,906100.0
2017-06-29,109.37552750994757,110.04618555376534,106.6509896002252,107.32164764404297,901000.0
2017-06-30,107.84978716526292,108.19350119397134,106.58392945901221,106.70967864990234,833500.0
2017-07-03,107.75755337457343,110.23060545531527,107.35516370652108,109.09886932373047,539400.0
2017-07-05,109.30847201296929,110.38151988012432,108.35278835654248,109.9288330078125,895500.0
2017-07-06,109.7779135068483,110.19707317109112,108.04259914858666,108.26893615722656,797400.0
2017-07-07,108.36950100148445,110.4066100369003,108.11800274246535,110.07966613769531,634100.0
2017-07-10,109.93721845728423,111.91565298425606,109.42584305182888,111.3707504272461,696600.0
2017-07-11,111.61381497261138,111.68088204193496,109.45094995593386,110.18867492675781,784000.0
2017-07-12,110.34796225764913,112.02460068603618,110.30604373859224,111.75633239746094,991500.0
2017-07-13,112.0917126756546,112.73720951919763,111.53841870255386,112.49410247802734,669800.0
2017-07-14,111.04376481333554,113.56710095379438,111.00184629576111,112.95513153076172,804900.0
2017-07-17,112.79585701428292,113.70124333422189,112.5946557903843,112.93836975097656,715700.0
2017-07-18,112.20063983782741,112.8545277973645,111.51322473830155,112.8126220703125,1278300.0
2017-07-19,113.09769054232031,114.53960115317986,112.91325922290287,114.04498291015625,1141900.0
2017-07-20,114.27130871839309,115.1599251840103,113.83537907407097,114.67369842529297,754000.0
2017-07-21,114.564716063983,115.17668555770709,114.07848934577171,114.29644775390625,840500.0
2017-07-24,114.21262380572038,115.43656279643608,114.12040817285245,115.31919860839844,697500.0
2017-07-25,116.89522377719841,117.28923479919861,115.81378491537319,116.39222717285156,1060900.0
2017-07-26,119.46889822470132,122.29404342253106,117.36472104527297,121.26290130615234,2653400.0
2017-07-27,121.7407632892641,121.7407632892641,119.18388616190978,119.46053314208984,1216000.0
2017-07-28,119.42698274757518,121.5227811667667,118.40423209567064,121.09523010253906,1240400.0
2017-07-31,121.33831667947835,121.86644903821418,120.36586340905873,121.45568084716797,1362400.0
2017-08-01,122.0341563215724,122.58743738174182,121.27966121667853,122.32756042480469,1189600.0
2017-08-02,122.20187425024291,123.39228676716024,121.64020154948402,121.99229431152344,1468000.0
2017-08-03,122.01753269237045,123.96515707219037,122.01753269237045,123.3075180053711,919500.0
2017-08-04,124.82517207470427,125.41535942840228,124.24341137423072,124.64810943603516,923100.0
2017-08-07,124.54688557883757,125.21295112583843,124.15904098715012,124.18433380126953,1234500.0
2017-08-08,123.93987063049254,126.46082909312665,123.68692954597813,125.45750427246094,943300.0
2017-08-09,124.43729515420274,124.89259161302503,123.45926329795557,124.7408218383789,964100.0
2017-08-10,123.85555104209304,124.30240804405933,120.98891976172983,121.2334213256836,1427200.0
2017-08-11,121.75619051858453,122.33795124556796,120.60109571822613,120.87090301513672,1009700.0
2017-08-14,122.54022795676516,123.37492935945913,122.11866393087968,122.3716049194336,723900.0
2017-08-15,123.32438318395033,123.95672942505438,121.77301729495267,122.1692886352539,730200.0
2017-08-16,122.86911345554064,123.37499570468798,120.65169423523689,120.87090301513672,810900.0
2017-08-17,120.46615113417455,120.87084903368053,116.8069652784735,116.97560119628906,1569000.0
2017-08-18,116.88290718769157,117.77662133251198,116.18310899417071,117.02623748779297,1793800.0
2017-08-21,116.98404549985077,116.98404549985077,115.48327823363854,115.89641571044922,820100.0
2017-08-22,116.46132915621618,117.39720218796933,116.33485217807109,117.01778411865234,759300.0
2017-08-23,116.06504119163824,117.9873726255783,115.28092520759832,116.78169250488281,1411000.0
2017-08-24,117.27914200901114,117.90304866590922,116.61306350244892,116.6889419555664,1066500.0
2017-08-25,117.39720283993023,117.69229006033758,116.43603698023394,116.86602783203125,1730500.0
2017-08-28,117.25387347519006,117.55738735051925,115.44956633772114,116.14093780517578,1644400.0
2017-08-29,114.75818018434038,116.41071712228658,113.6958432803777,115.8289566040039,1508400.0
2017-08-30,115.8711009400005,116.39384916591443,115.55072097617962,115.67718505859375,763900.0
2017-08-31,116.30111607895604,117.00091408961825,115.87111242589282,116.78169250488281,863900.0
2017-09-01,116.95876128485683,118.24031993025993,116.95033463312025,117.8862075805664,706700.0
2017-09-05,116.86603729968012,117.62484777376486,114.08371078617034,114.38723754882812,945200.0
2017-09-06,115.03642023460597,115.04484688564557,113.29113858570096,113.90663146972656,979600.0
2017-09-07,113.99093779831858,114.0668162538373,110.61842476958067,111.4278335571289,1046700.0
2017-09-08,111.42780715407075,112.57446182674401,110.95565750034291,111.9421157836914,841400.0
2017-09-11,113.76326790072756,115.28090104765357,113.17308080612126,115.1207046508789,1089000.0
2017-09-12,115.98072781811081,116.44445095984669,114.86780514306164,116.04817962646484,837600.0
2017-09-13,115.5676131907303,116.41916822285843,115.28937928159107,116.06505584716797,740100.0
2017-09-14,116.01446118353202,117.43091057617534,116.01446118353202,117.20326232910156,1280800.0
2017-09-15,117.16956854302308,118.34994329565352,117.10211671928421,117.91995239257812,1808200.0
2017-09-18,118.25715656976726,118.89794223473238,117.29599093743491,118.7630386352539,1504400.0
2017-09-19,118.99914899290141,119.56404351094079,118.39209547931179,119.07502746582031,1767100.0
2017-09-20,119.42067642387569,120.1963528155561,117.48991852769838,119.2942123413086,776100.0
2017-09-21,119.42069568216455,120.23853118829335,118.85580124707552,119.82539367675781,720200.0
2017-09-22,119.35323064719263,121.11536556715684,119.35323064719263,120.49988555908203,526100.0
2017-09-25,120.00242824459583,120.92986146820175,119.80007286202571,120.69378662109375,721500.0
2017-09-26,121.01416473102114,122.0174891419416,120.7443704521396,121.70553588867188,997200.0
2017-09-27,123.29906976731179,125.20453482410251,123.1051410228832,124.70709228515625,927700.0
2017-09-28,124.58908601869655,125.17084666727152,123.70379863456586,124.57221984863281,680600.0
2017-09-29,124.5722016955946,125.78630846089415,124.5722016955946,125.21297454833984,701400.0
2017-10-02,125.01901994708462,125.97175871257997,124.6058825918892,125.34783935546875,837400.0
2017-10-03,125.81160777207297,126.68002890440462,125.15396871778526,126.00552368164062,537200.0
2017-10-04,126.25847074338111,127.33767400499993,125.7188691125717,126.3596420288086,753900.0
2017-10-05,126.54512346099204,127.74236410319335,126.19943777035957,126.93296813964844,1022200.0
2017-10-06,127.05101399835263,128.13864391672078,126.06455536584636,127.303955078125,580800.0
2017-10-09,127.41353659474126,127.64961147473818,126.56198169654638,127.00041198730469,668600.0
2017-10-10,127.22803232651357,127.85195178717744,126.97510417432578,127.52313232421875,852500.0
2017-10-11,127.64116755910072,128.1301834201266,126.86549122043998,128.01214599609375,518600.0
2017-10-12,128.15546963778027,129.23467256341564,127.96155377937599,128.6444854736328,733600.0
2017-10-13,128.61924850985122,129.63100008382304,128.2145504532863,128.9227752685547,736000.0
2017-10-16,129.46232668386938,129.8333051187694,129.00703029008687,129.32742309570312,578100.0
2017-10-17,129.45391921422825,129.45391921422825,128.29883750926965,128.4506072998047,592900.0
2017-10-18,128.62766440488383,129.38648767073613,128.49276077560543,128.77943420410156,504500.0
2017-10-19,127.66647579775967,128.75411842535647,126.85707989663806,128.53489685058594,585800.0
2017-10-20,129.5888502139129,130.10315912279248,129.00708948000255,129.94296264648438,793900.0
2017-10-23,130.0862443725033,130.47408900531852,129.7574248889685,129.99349975585938,745900.0
2017-10-24,130.66797617256432,130.90405098757358,129.42015031249943,129.81642150878906,1459400.0
2017-10-25,131.65450294890226,134.53801358294962,130.04413737921803,132.4217529296875,1418700.0
2017-10-26,133.27328338255222,137.46361878344138,132.82641359181656,137.2612762451172,1514500.0
2017-10-27,136.9240154680446,137.06735858432398,135.05226982206636,135.42324829101562,736600.0
2017-10-30,135.21243133140285,135.54969024570175,133.17206314406496,133.4671630859375,894900.0
2017-10-31,133.51777579203159,133.94776652173886,131.9832763671875,131.9832763671875,624500.0
2017-11-01,132.97818883815663,133.73699911835953,132.14348723784047,132.6915283203125,567400.0
2017-11-02,132.92758372181373,135.38951631127304,132.92758372181373,135.37265014648438,1225600.0
2017-11-03,135.22014888777,136.18630924033496,134.84724262327663,135.25404357910156,755400.0
2017-11-06,134.9912754474925,136.67782354975586,134.9912754474925,136.15235900878906,596000.0
2017-11-07,136.2371468440237,137.27957986766452,134.57602259834783,134.9489288330078,675700.0
2017-11-08,134.68620673315473,135.68627465697475,134.2285572981649,135.59304809570312,511900.0
2017-11-09,134.677659680861,135.81331864888776,133.5420007128343,134.7963104248047,662900.0
2017-11-10,134.69465612425572,135.30486389686595,133.13524200845907,133.24542236328125,580100.0
2017-11-13,132.25384437820892,133.71156157990453,131.81313586951865,133.33018493652344,580500.0
2017-11-14,132.3640159301855,133.33865952915448,131.42329288212204,133.15220642089844,686300.0
2017-11-15,132.10974627642344,134.54209369026432,131.5927651156736,133.3894805908203,768600.0
2017-11-16,134.3387021805908,134.6861841171616,132.81319569880299,133.12677001953125,800800.0
2017-11-17,132.68608149483228,134.61840206557503,132.68608149483228,134.143798828125,640400.0
2017-11-20,134.21156847117987,136.18626662147864,133.7369653492474,136.15235900878906,792700.0
2017-11-21,136.63547126382417,136.83039481166574,134.72010460858854,135.39810180664062,529200.0
2017-11-22,135.55913405090706,136.35579500366723,134.72010797118696,135.2455596923828,438400.0
2017-11-24,135.94051201945783,135.94051201945783,134.80485244833213,135.22860717773438,181300.0
2017-11-27,135.57611984825655,136.6694016075215,134.7794587075348,134.96591186523438,1133700.0
2017-11-28,135.54216724324976,137.61009217373785,135.02519894259444,137.0846405029297,1335900.0
2017-11-29,138.13554824008057,140.72044131148402,138.06774594288134,138.61862182617188,950400.0
2017-11-30,139.25427046391437,140.80521425137485,138.12708138564088,138.33895874023438,1538600.0
2017-12-01,138.415196891019,139.10167721508262,133.67761104067378,137.69480895996094,1098500.0
2017-12-04,139.88993718422253,141.52563749153805,139.77975679430807,140.3052215576172,1030100.0
2017-12-05,140.25436661002678,140.94931774873368,138.90681653453825,139.2966766357422,980000.0
2017-12-06,138.93223194218237,141.0764429643321,138.93223194218237,139.64414978027344,649500.0
2017-12-07,139.13562317719746,142.62735793087018,138.99154812427062,142.04258728027344,804000.0
2017-12-08,142.54260763534776,144.02574908098015,141.864597530951,143.95794677734375,886200.0
2017-12-11,143.61046857351278,144.3732348103794,142.0934324024027,142.19512939453125,738000.0
2017-12-12,142.5765188939071,143.74608613663983,142.32226345870842,142.89010620117188,831900.0
2017-12-13,142.43245668553035,142.69518258389073,141.04254150390625,141.04254150390625,846600.0
2017-12-14,141.46629911539094,142.05955324159612,139.89841413413222,140.220458984375,649200.0
2017-12-15,141.30524165094144,143.25451589885566,140.39841329824833,142.32225036621094,1335600.0
2017-12-18,143.6443726888395,145.0003799680292,143.3138445405155,144.0935516357422,882600.0
2017-12-19,144.9241014855076,145.72923279625599,144.2291375985255,145.2037811279297,863800.0
2017-12-20,146.63606644328235,147.14456427705963,144.6105196819494,145.00885009765625,768400.0
2017-12-21,145.47500169899982,146.80559783229126,145.2122758209534,145.5173797607422,824700.0
2017-12-22,146.30557322008443,146.30557322008443,144.42410104284187,145.35635375976562,426400.0
2017-12-26,145.60210403637942,146.20382841281076,144.85629169514687,145.00885009765625,415000.0
2017-12-27,145.28856243720907,145.32247006262614,144.61056511250774,144.873291015625,539300.0
2017-12-28,145.05975483559138,145.65300900435227,144.71227277532753,145.44113159179688,443700.0
2017-12-29,145.5682170792665,146.12757641456986,143.56809427918583,143.62742614746094,619700.0
2018-01-02,144.61904462793697,144.6868469510558,143.10200806056193,144.0003662109375,812400.0
2018-01-03,144.03422111518807,144.23762802835077,142.94941010892154,143.28842163085938,798700.0
2018-01-04,143.85622082117294,145.27155967817814,143.7375700466924,143.8138427734375,870200.0
2018-01-05,144.3477979755558,144.48338964258144,143.77995533377265,144.305419921875,819200.0
2018-01-08,144.3986605681414,146.0004528707508,143.4240169661718,145.77162170410156,1006300.0
2018-01-09,146.5937182895848,149.30574608543128,146.52591597819256,147.53445434570312,1639400.0
2018-01-10,147.39883208067647,149.2294554732528,146.99203119298187,149.017578125,901900.0
2018-01-11,149.68711774358866,152.05167639558184,149.44134568851973,151.68724060058594,726800.0
2018-01-12,152.246576637973,154.56027350485277,151.49229384603225,154.2805938720703,1153200.0
2018-01-16,155.594207199983,155.85693297658005,149.91589828229337,150.2718505859375,1618500.0
2018-01-17,150.40752582250173,151.93304564909573,148.87353555563797,151.25503540039062,1202400.0
2018-01-18,151.2803800441136,153.3143967878879,150.2040398256512,150.49220275878906,752500.0
2018-01-19,150.86512656700802,152.90762709355639,150.04304150747552,151.5431365966797,1246700.0
2018-01-22,151.61941838903354,151.94994652010095,149.8481269413125,150.80581665039062,1131800.0
2018-01-23,150.2379655931822,151.50074607589798,149.39045635883778,151.11936950683594,1142100.0
2018-01-24,151.9499897164714,152.99243583015624,150.1956515780721,152.814453125,1537100.0
2018-01-25,152.05169879549976,152.8398765076313,146.1191316596501,146.72933959960938,1920100.0
2018-01-26,147.27170168901338,152.4923493971135,146.36486048752315,152.41607666015625,1487300.0
2018-01-29,152.16184034569721,153.39073938878659,150.07697434905643,150.3905487060547,887700.0
2018-01-30,149.1531715147759,149.89897093080177,145.63600003910122,145.7800750732422,1190600.0
2018-01-31,146.3394517285458,147.28865815193097,141.90698103052762,142.97483825683594,1458800.0
2018-02-01,142.89862369788375,145.06824665303915,142.56809540287136,144.99197387695312,1172500.0
2018-02-02,144.0681277716171,144.96648566781252,141.3645707125595,141.95782470703125,1095400.0
2018-02-05,140.49165800894966,142.05954287580306,135.45744934597136,135.9320526123047,1739300.0
2018-02-06,130.95711556245385,137.16087572504378,130.54183142952454,136.07606506347656,1900200.0
2018-02-07,135.03367635827075,139.27969386293472,134.75399670007602,135.69473266601562,1313200.0
2018-02-08,135.68625457244084,136.36425171918313,129.2028001679932,129.24517822265625,1608300.0
2018-02-09,131.177517772187,131.90637645055762,125.95685621232161,130.41476440429688,1484600.0
2018-02-12,131.90636171350513,133.99124051515977,131.15207886927394,132.13519287109375,1079000.0
2018-02-13,131.17747880614814,133.4657511620598,130.19436498652354,132.7368927001953,1544600.0
2018-02-14,131.7792613229723,136.31342954405278,130.9656464850458,136.06765747070312,1068600.0
2018-02-15,137.66072262755344,137.79703193040766,134.09972983488885,135.4542694091797,909800.0
2018-02-16,134.7301680560011,137.0559021892788,134.6705408470105,136.14434814453125,769800.0
2018-02-20,135.08799468882697,137.1155409512937,134.30422245385876,135.24984741210938,771900.0
2018-02-21,135.49685159009988,139.61159556196486,135.01978208597103,135.77798461914062,988000.0
2018-02-22,136.8428774387747,137.31141949105785,134.37232034892136,134.61085510253906,784200.0
2018-02-23,135.3605791426604,136.65549171997793,135.03684774853787,136.54473876953125,771000.0
2018-02-26,137.3966410188972,138.5808005464364,136.689551085306,138.2826385498047,662500.0
2018-02-27,138.2144569692211,139.58603828422068,136.0591167598173,136.1102294921875,1005400.0
2018-02-28,136.4084281450442,137.4818478104053,133.20523706240573,133.2733917236328,1211300.0
2018-03-01,133.17965226710143,133.912298469971,129.78051238416532,130.90504455566406,1309400.0
2018-03-02,128.93714574958364,129.57608103476656,125.99803303840484,128.5623016357422,1661200.0
2018-03-05,127.41215993039509,132.94959676555624,126.08317716982302,132.5747528076172,1318200.0
2018-03-06,133.1711618664929,133.33301455753323,131.21175766774698,132.5322265625,645900.0
2018-03-07,131.13505789208511,132.97519443957677,130.91356502956438,132.67703247070312,886100.0
2018-03-08,133.24781799316406,133.4948672336547,131.45879411672277,133.24781799316406,737300.0
2018-03-09,134.61084821377244,137.65218566550985,133.85264571446703,137.2517852783203,815900.0
2018-03-12,137.07289147729855,137.29439733024148,135.78650663566827,136.20394897460938,682300.0
2018-03-13,137.02179645513056,137.60110453098267,134.90053966056408,135.3776092529297,1175000.0
2018-03-14,136.29766893423994,136.29766893423994,133.39264028091827,133.7589569091797,559900.0
2018-03-15,134.0230914609078,134.25309883815268,132.08071594773617,132.37889099121094,815700.0
2018-03-16,132.51519385529585,135.12204799684707,132.20850436810318,133.83566284179688,1525900.0
2018-03-19,133.57149117800373,134.3382210082955,131.9017482571455,132.93255615234375,582000.0
2018-03-20,133.6737991810453,134.60238211507559,133.35006777318503,133.86973571777344,912900.0
2018-03-21,133.99748102365206,136.2635742619418,131.96993554654455,134.4830780029297,699000.0
2018-03-22,132.72813853053523,133.30743352606137,128.5537541837906,128.6900634765625,1123600.0
2018-03-23,128.79227652643462,128.96266962555242,123.14409886805979,123.43374633789062,1063500.0
2018-03-26,125.88727375675359,127.7444391274589,124.80533986694499,127.40367889404297,1242500.0
2018-03-27,127.79554045507514,129.0989670803387,124.50715379938255,125.49537658691406,950500.0
2018-03-28,125.9043043216884,126.32174666239669,123.52747111436398,125.19722747802734,1268100.0
2018-03-29,125.72541506544474,127.53146780116863,125.3250146194425,126.0321044921875,1074500.0
2018-04-02,125.73394009701087,126.36436091588492,119.35311479161496,121.54252624511719,1248100.0
2018-04-03,122.47107275217054,123.5785628357369,121.06542076094591,123.2718734741211,1157500.0
2018-04-04,120.67354969243948,124.4390190393901,120.67354969243948,124.1238021850586,918000.0
2018-04-05,124.92460131418211,125.18869243240962,123.68080182287657,124.35382080078125,1026100.0
2018-04-06,122.43700279095265,123.28891624594165,119.4297493347749,120.3838882446289,763100.0
2018-04-09,121.24429722074609,123.29739822716373,120.33274382438903,120.44349670410156,608000.0
2018-04-10,122.13884089031724,123.66377341669292,121.97697523676315,122.92259979248047,707900.0
2018-04-11,121.63619861588306,121.63619861588306,119.89830093659621,120.43499755859375,640600.0
2018-04-12,121.14212261897997,123.08448476820871,120.90358782866565,122.2751693725586,868200.0
2018-04-13,123.40815506521741,123.55297875916752,120.13681127452568,120.65647888183594,715900.0
2018-04-16,121.86628903565422,123.70642622537139,120.68212920507393,122.3263168334961,980000.0
2018-04-17,123.44228349889379,124.7116395254611,122.43703162487049,122.7352066040039,1578800.0
2018-04-18,123.01635141666505,124.65203740374484,122.99932249953022,123.20377349853516,893100.0
2018-04-19,123.28041530040974,125.0779534073811,123.28041530040974,124.02157592773438,1240200.0
2018-04-20,124.37940236605208,124.48162785209746,122.09627984989407,122.41148376464844,1387900.0
2018-04-23,122.76072614779453,125.63167014625121,122.41995298827183,123.94488525390625,1332300.0
2018-04-24,126.94363214176919,129.9764552688722,120.42649874883062,121.53398895263672,1852300.0
2018-04-25,120.72469501923713,121.82365796233893,119.36162791229768,120.49467468261719,1227500.0
2018-04-26,120.68205254870612,122.29216831718104,119.42973883998492,121.12503814697266,1473000.0
2018-04-27,121.02284209952514,122.14737427406112,120.53725811446257,120.75023651123047,858700.0
2018-04-30,121.05691626305625,122.24958999012166,119.42975832178446,119.4468002319336,835400.0
2018-05-01,119.31049355479036,120.05165417285572,117.691850033658,118.45858001708984,1153000.0
2018-05-02,117.19772411964347,117.99851173786857,112.95518633803991,113.29595947265625,2192900.0
2018-05-03,112.77633773014854,113.84974429307209,110.63802606227483,112.01813507080078,1589700.0
2018-05-04,112.00097424447789,116.27273913633951,112.00097424447789,115.43211364746094,1126200.0
2018-05-07,115.65513282752225,116.25557960441434,114.1797418392971,115.0289535522461,1437400.0
2018-05-08,114.7458626911793,115.94675603261398,114.1196704378723,115.20906066894531,1639800.0
2018-05-09,115.92961446954442,116.0239713243382,114.6515234504151,115.14904022216797,1410700.0
2018-05-10,115.12328609311749,117.20769655451149,114.72012625191073,116.23839569091797,1064100.0
2018-05-11,116.8731863699513,119.12916472461426,116.8731863699513,117.57657623291016,943800.0
2018-05-14,118.03975457002257,119.84968083325784,118.0311814348672,119.19776916503906,1512500.0
2018-05-15,118.60592302564444,119.50659979779584,118.13413870796906,118.51156616210938,1226600.0
2018-05-16,118.42577286489522,120.84473239525111,118.42577286489522,120.01268005371094,1006700.0
2018-05-17,119.80683809404577,121.96846011613412,119.36078619674724,121.33369445800781,1382500.0
2018-05-18,121.24790988695133,121.5481267710708,120.34723305707331,120.95625305175781,1026900.0
2018-05-21,121.93411985518547,123.25511594774427,121.88265485473028,122.22577667236328,991900.0
2018-05-22,122.44877133376771,124.55892754802939,122.32868199401338,123.72687530517578,1039400.0
2018-05-23,122.65467626643422,123.04067688107276,120.27003512232264,121.95128631591797,982900.0
2018-05-24,121.38512335510468,122.67180056590665,120.57023040601493,122.33726501464844,780300.0
2018-05-25,121.65105710178638,122.80905882832185,121.34225402362523,122.00273895263672,960500.0
2018-05-29,120.17562881405327,120.33002376088827,116.16119004253609,116.89031219482422,976300.0
2018-05-30,118.3743052963236,120.27001550976011,117.99687788088772,119.6695556640625,978000.0
2018-05-31,120.27000483667928,120.27000483667928,118.41718664646771,118.91470336914062,1894000.0
2018-06-01,120.9219274080214,121.3937116778869,119.80680452163685,120.3043212890625,979500.0
2018-06-04,120.87047067526537,121.21357939202642,119.73818835018854,120.34722137451172,813900.0
2018-06-05,119.97833759502576,120.5101729907374,118.2456219856664,119.79821014404297,1116200.0
2018-06-06,120.35578438945599,122.13140522569917,120.11560569017057,121.8054428100586,1054600.0
2018-06-07,121.81400806528241,123.2979851119223,121.0334338874837,121.86548614501953,854100.0
2018-06-08,121.7882877145688,122.53456942447549,121.23930594143768,122.34585571289062,559600.0
2018-06-11,124.86774741642108,129.51693975210583,124.63614184110558,126.48896026611328,1780700.0
2018-06-12,126.48892911934786,126.61759158019774,125.44243080858571,125.98282623291016,1167700.0
2018-06-13,126.03430225238009,126.49751332950667,125.26230124217717,125.37381744384766,756100.0
2018-06-14,126.12868246455032,127.20949978560046,125.0907700938296,126.65193176269531,874800.0
2018-06-15,126.1972932131916,126.91784237909,124.20723932078833,126.37743377685547,1427000.0
2018-06-18,125.76841120250961,127.94719206306206,124.29302020538599,127.59549713134766,1472200.0
2018-06-19,125.7512639209488,127.74131796165841,124.93635784454554,127.2094955444336,1112700.0
2018-06-20,127.37250230268496,127.8099679508313,125.81132728403614,126.05150604248047,991200.0
2018-06-21,125.87136169291969,126.73771973516286,125.228023014061,125.62259674072266,786500.0
2018-06-22,126.95216156968276,127.65555145017291,125.54539489746094,125.54539489746094,2649300.0
2018-06-25,124.98783842188355,125.06503591842147,122.7918981732133,124.1815185546875,1004000.0
2018-06-26,123.82122683870985,124.37878165891992,121.32507021721909,121.57382202148438,1161800.0
2018-06-27,121.59956855366973,122.2000283847626,118.61448111408917,118.68310546875,906800.0
2018-06-28,118.6316735944656,119.4379936258916,117.3535691735073,118.7946548461914,1028000.0
2018-06-29,119.67811260483451,122.67177252075344,119.55802328283137,119.9869155883789,1301300.0
2018-07-02,118.90612764723633,121.10205469384621,118.53728645696938,120.83614349365234,721400.0
2018-07-03,121.3336315508232,121.78825635108477,119.21490249809274,119.43793487548828,337400.0
2018-07-05,120.63883500690297,121.41083597146773,120.02980213446453,120.92190551757812,996700.0
2018-07-06,120.46729248077573,122.15712948673094,119.97834889028061,121.53093719482422,988600.0
2018-07-09,122.26003721973733,125.33090763901815,121.58239314906349,125.03067779541016,1217600.0
2018-07-10,125.23662395898512,125.55400025595684,123.55535941253532,124.23301696777344,799200.0
2018-07-11,118.54588722145768,123.56393482714557,118.54588722145768,122.56890106201172,794900.0
2018-07-12,123.63252087766864,123.71829149988075,121.03343411814684,122.03704071044922,755700.0
2018-07-13,121.93408469067742,123.24649417883592,121.59954919543614,121.81399536132812,845100.0
2018-07-16,122.09707738388656,122.48307790113832,121.32507634938304,122.01130676269531,906200.0
2018-07-17,121.97701944654564,123.35805376421361,121.25648321700405,122.62894439697266,845500.0
2018-07-18,122.50026069773546,124.88490169644095,122.44022256029069,124.55895233154297,1039800.0
2018-07-19,123.93273428157474,124.36162664711469,121.05916328571078,121.17925262451172,897900.0
2018-07-20,120.75893749321304,120.98195681891144,119.52372534433054,119.68670654296875,1587900.0
2018-07-23,119.52370470805579,122.80902134303126,119.52370470805579,122.68035888671875,1055700.0
2018-07-24,123.76976984753578,123.76976984753578,121.83118080475245,122.20003509521484,1132700.0
2018-07-25,123.9241829286097,128.02439361677318,122.25150502674528,124.59325408935547,1785400.0
2018-07-26,125.45102693567561,127.9385976188972,125.45102693567561,127.32099151611328,1400200.0
2018-07-27,127.32958592060295,129.24244248165255,127.08082098304567,127.59549713134766,828800.0
2018-07-30,127.78417271299215,128.6676898025359,125.87131672277897,126.068603515625,655700.0
2018-07-31,126.78914213828175,126.83203398688053,124.4731262902475,124.95348358154297,904700.0
2018-08-01,125.44248376102195,126.11155501738305,122.28582813853329,122.5603256225586,1325600.0
2018-08-02,121.33365362238408,121.84832972210799,119.16345919201879,120.28715515136719,1121900.0
2018-08-03,120.56341012396537,122.05697283917932,120.40801784514,121.60803985595703,798100.0
2018-08-06,121.51308204893873,122.10013715234821,120.39075609872829,121.25408172607422,629200.0
2018-08-07,121.5217614464008,123.70597514429541,120.94333461467666,121.53040313720703,866800.0
2018-08-08,121.43540487082359,122.45412294701758,121.09006666196535,122.12606811523438,1115900.0
2018-08-09,122.04832362354013,122.36776302136865,120.45980784035112,120.5720443725586,602700.0
2018-08-10,118.94038867973872,119.08715247201684,115.83241080412816,118.37921905517578,1150100.0
2018-08-13,118.48279727873927,118.98352765340813,117.55903266341002,117.64537048339844,753700.0
2018-08-14,117.87844329743139,119.97633085135327,117.87844329743139,119.70870208740234,666100.0
2018-08-15,118.50871798152885,119.19938114969595,117.8353250152246,118.50007629394531,751500.0
2018-08-16,119.44113241481816,120.4771207637101,119.24255799152304,119.7519302368164,563500.0
2018-08-17,119.5188108697111,120.66703562049781,118.96628295394127,120.40803527832031,737700.0
2018-08-20,120.29580690095064,122.2123911207319,120.2871783858365,121.88432312011719,702400.0
2018-08-21,121.28862533413962,123.28290547829327,120.96055737161946,122.4886474609375,753600.0
2018-08-22,122.47140787087368,122.92034100969472,121.65987944914968,121.69441986083984,560700.0
2018-08-23,121.75480787698969,121.97926778979463,119.75189934229857,119.9936294555664,423000.0
2018-08-24,120.51164680502616,122.23829842715696,120.42532212790348,121.94477081298828,696200.0
2018-08-27,122.94620716578706,125.01818342592321,122.87713953400869,124.4915542602539,753000.0
2018-08-28,124.75057189998685,125.51893129686769,123.89587465807442,124.3275375366211,617900.0
2018-08-29,124.50018431804028,124.83688075819434,123.16202707060138,124.15484619140625,560800.0
2018-08-30,123.65414470870529,123.9822127124124,122.51456155753718,122.61815643310547,583800.0
2018-08-31,122.15192944355722,122.99798474299759,121.70299649611263,122.55769348144531,645800.0
2018-09-04,122.31598243187884,123.60234250490849,121.70302854399397,123.55917358398438,851900.0
2018-09-05,123.43828873506007,125.51027804774662,123.43828873506007,124.24981689453125,626500.0
2018-09-06,124.2584585892722,124.73329034713082,122.84260500339653,123.6196060180664,647500.0
2018-09-07,123.55918846520639,124.48295342567918,122.24694268954417,123.00666046142578,852200.0
2018-09-10,123.83544232918106,124.31027410579547,122.84260985565913,123.60234069824219,592400.0
2018-09-11,122.79945198357213,123.68003471044912,121.77209229557756,123.22247314453125,685900.0
2018-09-12,123.03254376072526,123.08435436956296,121.67712922883639,122.08289337158203,640100.0
2018-09-13,122.77353858918765,124.29298689310725,122.68720076041704,123.77498626708984,536300.0
2018-09-14,123.9304160746877,127.35782041212516,123.9304160746877,127.31465148925781,840900.0
2018-09-17,127.2369240380829,127.2369240380829,124.18074420770134,124.38794708251953,844600.0
2018-09-18,124.64694935790828,126.3304315759128,124.08577983637164,126.05416107177734,782400.0
2018-09-19,126.26134373263945,128.8426915024505,126.14047869975903,128.1433868408203,806000.0
2018-09-20,129.4298013242962,130.37082327720745,128.4197117271383,128.99813842773438,793300.0
2018-09-21,129.0240614992502,129.62838703383395,128.71326362813446,129.49026489257812,1319300.0
2018-09-24,129.12763094056228,129.43841554539156,127.91896705968351,128.393798828125,690900.0
2018-09-25,128.53191276702722,129.18803544604611,127.44411413746383,127.80670928955078,622200.0
2018-09-26,127.97075314484279,128.7909098503406,126.36496696244235,126.60669708251953,678600.0
2018-09-27,127.15061453005025,129.46433437422726,126.26139006754157,128.6269073486328,807500.0
2018-09-28,127.54774347898349,129.07582048103075,126.51174210181316,127.47867584228516,1317000.0
2018-10-01,128.83406395313392,129.9477612535077,127.99663714297135,128.48873901367188,790400.0
2018-10-02,128.57511584457603,129.36074555000025,126.9261734401181,128.4197235107422,708600.0
2018-10-03,129.16215942193188,131.30320348462368,128.77366548883168,129.92189025878906,920300.0
2018-10-04,129.80103197687177,131.38954819766548,129.75786305464578,131.19961547851562,912400.0
2018-10-05,131.3981963085642,132.21835325994778,128.84275908067585,129.28305053710938,683000.0
2018-10-08,128.63550379211512,130.655682367929,127.56497539400674,130.37942504882812,492600.0
2018-10-09,129.7664858878273,129.81828332290826,127.43550909604959,128.65280151367188,772700.0
2018-10-10,128.63550866229187,128.79954262670373,123.83542064812536,123.92174530029297,935200.0
2018-10-11,122.9807509024293,124.10307701619338,116.66121323944535,116.87704467773438,1466100.0
2018-10-12,118.56052384651441,119.38930916861949,114.33886156212091,117.22236633300781,1213900.0
2018-10-15,116.81659118564377,118.68137774472164,116.24679309704155,117.18782806396484,685700.0
2018-10-16,117.9388929159912,118.92308342429469,116.54893838315633,118.28421783447266,1012400.0
2018-10-17,118.35331061203131,120.23536738575069,117.3432211787849,119.45836639404297,952400.0
2018-10-18,119.13031255315863,119.22527890268073,115.04677269701261,115.68563842773438,1039800.0
2018-10-19,115.91010125262079,117.98209079214664,114.99497813798462,117.29142761230469,987200.0
2018-10-22,117.48134333677048,118.00797245329065,114.74460290282224,114.96906280517578,1082700.0
2018-10-23,112.64672836801044,115.14173899714348,111.76614568006052,114.22661590576172,1502100.0
2018-10-24,112.37047227695167,113.3719332149262,105.29983293770188,105.83509063720703,2534600.0
2018-10-25,107.1732341718365,109.66824450586333,106.11134742472818,108.94305419921875,1345400.0
2018-10-26,106.62072556917785,107.4754161808948,104.28111367704601,105.32573699951172,1971500.0
2018-10-29,107.24231637837984,109.31429931524688,104.74730570512003,106.26675415039062,1208100.0
2018-10-30,107.07827342355084,109.4524188304112,106.41351560775665,109.2970199584961,914000.0
2018-10-31,110.97187538377916,112.66399948649689,109.75458961898416,109.84955596923828,1303500.0
2018-11-01,110.64380363654024,112.08555569801273,109.49557909513473,112.0769271850586,967800.0
2018-11-02,113.43314764386504,114.0938642500714,109.36458297842294,109.92965698242188,939200.0
2018-11-05,110.19912821112779,111.66832947198664,109.46886863926987,110.24259185791016,1315400.0
2018-11-06,109.85140870685714,111.36408719418286,109.46020264133469,110.88594055175781,823700.0
2018-11-07,112.00739182546229,112.728956114109,110.03396423566619,112.64202880859375,1168200.0
2018-11-08,111.92046826649378,114.19816803237676,111.92046826649378,112.84197998046875,869100.0
2018-11-09,111.91177555478463,112.71157849124813,110.24261987017337,110.98157501220703,814600.0
2018-11-12,110.55557175235855,111.01632758248269,108.46912412539878,108.72123718261719,707300.0
2018-11-13,109.01681660090237,111.55533121587622,108.7647035527569,109.95571899414062,968800.0
2018-11-14,110.76421717549819,111.43360912182668,107.28680679980292,108.55606079101562,1124000.0
2018-11-15,107.2433243588246,110.12087899603979,106.61738950094056,110.11219024658203,940400.0
2018-11-16,109.4602044705259,110.25131199900824,108.59085174805062,109.99919891357422,968400.0
2018-11-19,109.54713239616386,110.3817101679603,108.5821503966354,109.503662109375,649300.0
2018-11-20,108.47782745363605,108.47782745363605,105.56549727251134,106.24359130859375,815900.0
2018-11-21,106.53917177903395,109.26024323350764,105.97409122009671,107.48676300048828,665300.0
2018-11-23,106.23489526267285,108.82556917766765,106.21751112736338,107.46068572998047,315500.0
2018-11-26,108.05183503541265,111.47707975608178,108.05183503541265,111.25105285644531,1292000.0
2018-11-27,110.37300976569814,111.57271401448911,108.99074225943689,109.69491577148438,893100.0
2018-11-28,109.92094985538165,115.17183396098355,109.40802834913221,115.05012512207031,1349900.0
2018-11-29,113.81564479512508,115.01535567012097,110.76422183751583,110.9120101928711,1154400.0
2018-11-30,110.82507257370202,113.37227596177294,110.68597297377747,112.79850006103516,1252700.0
2018-12-03,114.9979565821254,115.85862039955481,112.92020447615008,113.85041809082031,972300.0
2018-12-04,113.22446739765121,113.22446739765121,105.23511629257965,105.56546783447266,1461300.0
2018-12-06,102.844420740543,103.78331655802062,98.4194123206068,103.73985290527344,2109600.0
2018-12-07,103.75722907282284,106.09578963493261,100.34936855183174,100.68841552734375,1127900.0
2018-12-10,100.47978542746127,100.80144167763636,95.95914746323545,97.76740264892578,1494100.0
2018-12-11,99.65389428611041,100.32329955703646,96.41121253764918,97.03714752197266,1355600.0
2018-12-12,99.07143207695265,100.71450813575677,97.71524399860884,97.9847412109375,1191600.0
2018-12-13,98.34985939553448,98.74107205364828,96.4546704208898,97.5152816772461,1238000.0
2018-12-14,96.53290891970124,98.05427589751666,95.51576801779387,95.79396057128906,1171000.0
2018-12-17,95.2984372834434,97.17623550729522,93.7770701874074,94.46385955810547,1083400.0
2018-12-18,95.02890782571787,96.48073136083215,93.551011412703,94.23780059814453,1186200.0
2018-12-19,94.20304892326578,95.48099831539534,91.04730135101646,91.69062042236328,1367400.0
2018-12-20,91.13423940338443,92.95118324849173,89.9345285079219,90.74302673339844,1514300.0
2018-12-21,90.44743791254481,91.94272532363739,87.03957759071686,87.20475006103516,2580700.0
2018-12-24,86.87440581679611,87.40471143483212,84.77926286150073,84.83142852783203,1053700.0
2018-12-26,85.36174071664645,89.3433709010347,83.18835904350756,89.28251647949219,1185800.0
2018-12-27,87.3351425037268,90.49088937118218,86.64835330240857,90.4822006225586,1081300.0
2018-12-28,90.74300584807807,91.18637745229584,89.03038710233521,89.6737060546875,967000.0
2018-12-31,90.08232237713428,91.15162240332373,89.24774464390725,90.73433685302734,826200.0
2019-01-02,89.92582296890822,94.56816204471966,89.36074252840054,93.85529327392578,1603500.0
2019-01-03,92.91641961345101,93.49889099726272,91.16902535992125,91.36897277832031,1065300.0
2019-01-04,93.75965798067651,96.67198728631622,93.57709476681484,96.26339721679688,1031100.0
2019-01-07,95.62879167850043,97.66307369963313,94.55948499864536,96.706787109375,944200.0
2019-01-08,98.0890460855003,98.09773483517434,95.22887550863801,97.31532287597656,806800.0
2019-01-09,97.79347063653387,98.87147261971229,96.62854135383205,98.32377624511719,808000.0
2019-01-10,97.44573055168284,99.14097211520408,97.18492874911851,98.6193618774414,747900.0
2019-01-11,97.58483015249104,99.10619721500203,96.15039702416814,98.6193618774414,728600.0
2019-01-14,97.21971489345147,99.96686600080004,96.94152229229421,99.14098358154297,1076000.0
2019-01-15,98.8019108080464,100.1928734513432,97.8282336414221,100.13201904296875,671600.0
2019-01-16,101.19261259417291,103.67896078995072,100.53190296587265,102.80960845947266,1044000.0
2019-01-17,101.77509140130346,103.93108840297266,100.46236734021495,103.09650421142578,872500.0
2019-01-18,104.53964872405606,106.04363161990035,103.2269244588244,105.28729248046875,928100.0
2019-01-22,104.22668624999197,104.4961834427712,102.91396192193346,103.69638061523438,1198600.0
2019-01-23,104.37448693607628,104.6526795451564,101.8620580698928,103.28779602050781,588700.0
2019-01-24,102.896578587254,105.12211921426191,102.8444195515067,104.13105773925781,882900.0
2019-01-25,105.5480953941419,106.27834834635459,105.00039904734884,105.29598236083984,793400.0
2019-01-28,104.67004896529522,105.94799828257133,104.13104799336077,105.87844848632812,1042000.0
2019-01-29,105.71326178343918,106.4869849713143,105.04386328243368,105.52200317382812,786200.0
2019-01-30,105.82629712375834,105.82629712375834,101.7924948735952,104.47879791259766,1553200.0
2019-01-31,105.66981646509038,110.55557407642529,105.66981646509038,110.06004333496094,1985000.0
2019-02-01,110.61642877670039,111.28582739549985,109.61667190766399,110.3121566772461,1689200.0
2019-02-04,110.45994343144906,110.92069926573808,110.06004201616739,110.48602294921875,896000.0
2019-02-05,110.54687358497624,110.74682095746063,108.40826047248619,109.25153350830078,938600.0
2019-02-06,108.39088970490833,110.91201374056938,108.39088970490833,110.13829040527344,872300.0
2019-02-07,109.46888815762964,110.47734045270924,106.79128030445408,108.86034393310547,852100.0
2019-02-08,107.90403804643357,109.1993714546156,106.07839243350087,109.16459655761719,1167500.0
2019-02-11,109.63405656943867,110.30345515095998,108.60822023938178,109.49495697021484,974700.0
2019-02-12,110.61642131125414,112.8854387265382,110.61642131125414,111.99869537353516,1169600.0
2019-02-13,112.74635065551273,114.05037966931182,111.95523653681002,112.84197998046875,790300.0
2019-02-14,111.96653635000472,112.38674207847262,110.14565599154953,111.3187255859375,837300.0
2019-02-15,112.4392921364731,114.40899318364083,112.1066272406488,114.40023040771484,706100.0
2019-02-19,113.41973006614721,115.98472478128173,112.22040558859716,115.520751953125,909200.0
2019-02-20,115.258133926719,116.45745852267594,114.80291046924755,116.33489990234375,941900.0
2019-02-21,116.6413163207962,116.6413163207962,114.61907881982832,115.28440856933594,736300.0
2019-02-22,115.86215691726188,118.22579466313921,115.31063654533253,118.08572387695312,1004500.0
2019-02-25,118.69856051753298,119.06623644806088,115.39822656092888,115.5032730102539,1423000.0
2019-02-26,114.49649903166662,116.41367637919696,113.89246874768642,114.68034362792969,783100.0
2019-02-27,114.47902157206079,115.92346357479904,114.09383347589343,115.44197845458984,843600.0
2019-02-28,115.47698979976703,115.86217785243582,114.62782887217111,115.23187255859375,976000.0
2019-03-01,116.53626310546547,117.63054145751614,114.58407426561624,115.71336364746094,927000.0
2019-03-04,116.25613160116316,117.27162508987536,113.2971987439427,114.32144165039062,767400.0
2019-03-05,114.38272751700255,114.42650132141038,112.6668932325988,113.91875457763672,863300.0
2019-03-06,114.27765217290101,114.47024619979068,111.74768825267206,111.93152618408203,605300.0
2019-03-07,111.3099741042688,111.3099741042688,108.31603070628567,109.34902954101562,812300.0
2019-03-08,108.10591606877766,108.93757140047704,107.37932051404108,108.85877990722656,997700.0
2019-03-11,109.21771642841964,109.76047412108183,108.56114953262983,108.86754608154297,1228300.0
2019-03-12,108.98136502827872,109.98810242265183,108.43860725382761,109.08641815185547,1099900.0
2019-03-13,109.96181893932841,110.07562145802515,108.7887493356933,109.30525207519531,1172400.0
2019-03-14,109.35779811797366,109.90056257672437,109.07766313128343,109.4891128540039,1294100.0
2019-03-15,109.7692247336474,112.99078642084527,109.39279279837241,112.97327423095703,2875000.0
2019-03-18,113.5685661767306,115.07429406457953,113.29718731750579,114.12008666992188,1241500.0
2019-03-19,114.91671879465568,115.43321487940119,112.50930684676409,112.8156967163086,763300.0
2019-03-20,112.50930381167531,115.24061774616924,111.98404496678619,113.0433120727539,1394300.0
2019-03-21,112.28169289894979,113.96250261363112,111.28371839236785,113.41099548339844,1071600.0
2019-03-22,112.26419262434048,112.43051168821972,107.7382529647019,108.66619873046875,1237300.0
2019-03-25,108.55238589895649,109.91804281010084,107.46686391007107,108.37730407714844,744400.0
2019-03-26,109.89178311982351,110.58336768222144,108.9113142143022,110.1894302368164,666700.0
2019-03-27,110.1894369696178,111.0298418023909,109.24397902814411,109.9443130493164,828800.0
2019-03-28,110.29449164448955,111.46756140303597,109.78675161184007,111.16991424560547,903400.0
2019-03-29,112.44803725308344,113.3234599072264,111.80898245576819,112.14164733886719,846700.0
2019-04-01,113.44601688526825,116.33491427326588,113.43726746769505,116.15106964111328,961900.0
2019-04-02,119.49519387922106,120.87836329410314,118.34839232430922,119.16252899169922,1578200.0
2019-04-03,120.4843921183994,121.23725593503507,118.95240288111985,119.54768371582031,833400.0
2019-04-04,119.5652083168582,121.04467449970893,119.5652083168582,120.1780014038086,440600.0
2019-04-05,120.79077884074631,121.39482243315268,120.0204162131995,120.75576782226562,662400.0
2019-04-08,120.50191840816287,121.32481780896482,119.79282822258773,121.28104400634766,500000.0
2019-04-09,120.7382701768028,120.85207937687319,118.8998909327078,119.46891021728516,584500.0
2019-04-10,119.88912524518986,121.6137088767712,119.31134310957711,121.28104400634766,544300.0
2019-04-11,121.82383611990649,123.180744087667,121.63124204149447,122.2527847290039,512800.0
2019-04-12,124.2312381455463,126.13965321334774,123.47837409175989,124.78274536132812,885400.0
2019-04-15,124.59010210891806,125.26416762956956,123.16315955455883,123.67090606689453,692800.0
2019-04-16,124.10867936328088,126.13090365396015,123.97735794413492,126.12215423583984,719000.0
2019-04-17,126.45474754923623,126.72612632279825,124.70390296327828,125.40424346923828,681900.0
2019-04-18,125.14165706435905,125.98206863155725,124.13492642502885,125.42179870605469,1019900.0
2019-04-22,125.55311717048158,125.72819903212553,124.64268347519919,125.28173828125,479300.0
2019-04-23,125.45679639774687,127.61034162624736,124.59013667138018,126.8049545288086,845000.0
2019-04-24,126.17462307977257,127.06754422724771,125.99952792970969,126.0608139038086,1126600.0
2019-04-25,125.61438596794805,128.48577085096434,125.61438596794805,126.9887924194336,1197100.0
2019-04-26,127.29520357336133,128.4945282617929,126.3935193632737,128.36322021484375,812700.0
2019-04-29,128.96728010665586,130.28916359050638,128.20565326524977,129.31744384765625,612000.0
2019-04-30,129.6588572854069,129.76390373541193,126.91003052785548,128.4857940673828,1423600.0
2019-05-01,128.59085709598406,129.77268324246927,127.93428998302386,128.3369903564453,1139700.0
2019-05-02,127.94297000174005,129.69381468658293,127.11132144801665,129.010986328125,942600.0
2019-05-03,129.49566413990132,131.51367151362828,129.49566413990132,130.2887725830078,701700.0
2019-05-06,128.20028014712014,130.33283755931134,127.19568676375089,129.78648376464844,574200.0
2019-05-07,128.42937800877544,128.43818539348837,125.88264540229356,127.13397979736328,801900.0
2019-05-08,126.54362434985357,127.67158868001421,125.60951670314341,126.04132080078125,782100.0
2019-05-09,124.03209875544135,126.00604250351137,123.5826800056253,125.86504364013672,761500.0
2019-05-10,125.07193678041791,127.79492526075641,123.8029873323592,127.38955688476562,855300.0
2019-05-13,126.88729797453206,127.16928232765851,122.70148894344872,122.82485961914062,1366300.0
2019-05-14,123.37120300858943,127.0194651882734,123.28307534216854,125.59188842773438,916800.0
2019-05-15,124.73710478618513,125.88269725099194,123.38001398365579,125.35395812988281,781200.0
2019-05-16,125.79455406907704,128.70259198377033,125.76811846092104,127.75086975097656,636500.0
2019-05-17,126.32327947137271,128.08572487203983,125.65354161342877,126.71100616455078,691000.0
2019-05-20,125.91791926606031,128.80832883459868,125.39800106633244,128.5527801513672,1024500.0
2019-05-21,129.3546986645756,131.2052720628898,129.3546986645756,130.77346801757812,1079300.0
2019-05-22,130.2976340681585,131.68114719399944,128.95817133545452,128.97579956054688,1034200.0
2019-05-23,127.68032657005539,127.92706779257206,126.4377996268469,127.2132797241211,780900.0
2019-05-24,128.14742528386617,129.26658206879682,127.75087769048882,129.00221252441406,480100.0
2019-05-28,128.69378472644226,129.4957007821512,127.11640167236327,127.11640167236328,943900.0
2019-05-29,126.0941794641035,126.98422318418633,124.50797558086124,126.92253112792969,850200.0
2019-05-30,127.35433236233347,128.2443626163128,126.18230433695838,126.32330322265625,536900.0
2019-05-31,124.19956730407021,124.7106782392535,121.3003362083714,121.81144714355469,1035400.0
2019-06-03,121.57347669807386,124.45506493966558,120.93899534574048,124.05851745605469,945100.0
2019-06-04,125.65354235278677,129.76004338763815,125.65354235278677,129.46923828125,989500.0
2019-06-05,129.4516532776751,129.9803924560547,127.29265961768421,129.9803924560547,1003800.0
2019-06-06,130.16546094216537,132.20108400981636,129.76889981769602,131.96315002441406,729500.0
2019-06-07,132.0512633963713,133.05585701360596,131.6723305387293,132.06887817382812,629900.0
2019-06-10,133.84016323637618,134.22790353588206,132.83556948147313,133.2849884033203,948700.0
2019-06-11,134.28958792078643,134.82713455064163,133.1263804187507,133.8754119873047,748100.0
2019-06-12,133.46119364889606,133.57575691855575,131.2933930376289,132.527099609375,669400.0
2019-06-13,132.26274157177184,133.9018167003796,132.02482107064725,133.54051208496094,414800.0
2019-06-14,133.97230939597424,135.62901266406894,132.65047511519063,135.2941436767578,681500.0
2019-06-17,134.8094647771135,135.15314114297996,130.0068030425821,130.2359161376953,1402300.0
2019-06-18,130.59721177817767,134.46577919924323,129.97155114168038,132.21865844726562,1027700.0
2019-06-19,132.52708968549408,133.06463610430092,130.27996896928872,130.50027465820312,800700.0
2019-06-20,131.81330138689805,132.15697772370206,128.4999086667774,131.5577392578125,1083700.0
2019-06-21,131.6987682385337,132.20107177830928,129.23134126957666,129.33709716796875,1360500.0
2019-06-24,129.275404196265,131.37271912206708,128.7114220455949,130.17425537109375,742000.0
2019-06-25,130.0684986968111,130.16543374865742,126.22636651351101,126.63172149658203,1096100.0
2019-06-26,127.21330465685163,129.39873310449113,126.27038994955466,128.76425170898438,1221700.0
2019-06-27,128.06812356840433,128.526363233873,126.75509662825493,126.92253112792969,1209000.0
2019-06-28,128.49990705244713,129.47805139026923,127.51292843509755,127.91829681396484,1383500.0
2019-07-01,130.03327455077687,130.85281900111045,127.15167133596057,128.43826293945312,1591000.0
2019-07-02,128.22674567162505,129.2842239609711,127.78613419986253,128.67617797851562,947100.0
2019-07-03,129.67194370506854,130.641294268757,129.03746214454415,130.2623748779297,633700.0
2019-07-05,130.69414303719998,132.29797488586698,130.0067903724547,132.28915405273438,724200.0
2019-07-08,131.1788291743015,132.19223003605,130.50028383971542,131.24932861328125,841200.0
2019-07-09,130.0685236414093,132.62406503088786,129.82178227055192,132.3596954345703,748300.0
2019-07-10,132.61519331430708,133.637401306423,130.41213682428105,130.70294189453125,523800.0
2019-07-11,131.4255486299459,132.72094703217365,130.050843414453,132.5535125732422,573500.0
2019-07-12,132.59761630384986,133.35546856694125,131.98957032636557,133.1880340576172,403400.0
2019-07-15,133.8930059156098,133.8930059156098,131.89262622232738,132.43898010253906,512500.0
2019-07-16,132.78264969146161,133.62862952544765,132.15698901157015,132.96771240234375,635700.0
2019-07-17,132.51826728391515,132.85312274957823,130.482645100411,130.8351287841797,653300.0
2019-07-18,130.26236279030078,132.74740413309462,129.87462260080557,132.25392150878906,698000.0
2019-07-19,132.8531384636097,133.267314236542,130.9761431282616,131.00257873535156,711300.0
2019-07-22,131.12593574569004,131.3286131944303,128.88762263800095,130.27114868164062,738400.0
2019-07-23,131.04665995322236,131.84856255202152,130.79990517698337,131.3815155029297,594800.0
2019-07-24,130.561960510584,133.8841604603822,130.561960510584,133.4788055419922,809700.0
2019-07-25,133.26732535308156,133.51406667076466,127.68037581549616,129.51332092285156,1549200.0
2019-07-26,130.13898321905276,132.47423182477013,128.85240539608725,132.12173461914062,1020300.0
2019-07-29,131.98952765761467,133.31136163478112,131.28454684718113,131.95428466796875,803000.0
2019-07-30,130.65012752952444,131.03786783178364,129.43404883636242,130.8880615234375,533500.0
2019-07-31,130.75586459562933,131.0907201704475,126.95779586241922,128.22674560546875,795800.0
2019-08-01,127.66276135868993,128.30606377794825,123.18614726800097,123.86469268798828,1042200.0
2019-08-02,123.68721159086928,123.81143954270127,119.90712087955468,120.05796813964844,1948100.0
2019-08-05,117.93719601947795,118.51396567916457,114.84922125056654,115.75431823730469,1728300.0
2019-08-06,117.6266461383006,118.59385054302633,115.55025864379785,118.25666809082031,1313300.0
2019-08-07,115.99391724053794,116.4819604464122,113.23426951986451,116.2867431640625,1395500.0
2019-08-08,116.95226568788785,119.79177164104237,116.84577490600978,119.73853302001953,1074500.0
2019-08-09,118.92217597723668,119.78290312385037,116.86352569754919,116.97001647949219,983200.0
2019-08-12,114.73389367171242,114.86699021745463,111.07802402053936,111.34423065185547,1636900.0
2019-08-13,111.07802355704568,115.09770846958348,111.05140424800832,114.21923065185547,2162700.0
2019-08-14,111.1223903091561,111.7612740169641,108.44260044647267,108.61119842529297,1534300.0
2019-08-15,109.60502959983926,110.56336538252788,107.87470674491487,108.9217758178711,1351100.0
2019-08-16,110.0132142184304,112.6929974789301,110.0132142184304,112.10734558105469,935700.0
2019-08-19,114.30798306067577,114.60967762225484,113.3585158029713,113.60697174072266,1051400.0
2019-08-20,112.6131371645465,113.5537222013086,110.74083568086338,112.11621856689453,698100.0
2019-08-21,113.61581525454139,114.18371634974702,112.88819832310455,113.53595733642578,760600.0
2019-08-22,114.45880883889467,114.9379699031605,113.22539120262832,114.0949935913086,729900.0
2019-08-23,113.06567687563019,114.61853307854744,109.87123118361211,110.46575164794922,1136200.0
2019-08-26,112.062979176782,112.39129978637095,110.7319595588662,111.93875122070312,1272000.0
2019-08-27,112.87934501270645,113.2076656477797,110.11969691576333,111.13127136230469,1356500.0
2019-08-28,110.01319035433008,112.08070195855032,109.98656428027108,111.67252349853516,839500.0
2019-08-29,113.1455408844401,114.67177099930169,113.1455408844401,113.9618911743164,805000.0
2019-08-30,115.1864273780177,115.38164465795144,113.38511537303596,114.4499282836914,668400.0
2019-09-03,112.96808442881611,114.23699700586698,111.68143466986722,112.87047576904297,1011000.0
2019-09-04,114.36119561600772,115.01782321331612,113.74892450188933,114.70726013183594,948800.0
2019-09-05,116.22460107587663,119.67637724013737,116.1003731499069,118.380859375,1046600.0
2019-09-06,118.25663947275751,120.057951291452,117.44028254101963,119.56990814208984,1060800.0
2019-09-09,121.03403214368862,123.22577862843123,120.35965381754869,122.33843231201172,1406300.0
2019-09-10,123.47423136505974,128.33689880371094,123.36775414255041,128.33689880371094,1937300.0
2019-09-11,128.36353204325047,129.32186776935188,126.10966463005886,129.1710205078125,1214300.0
2019-09-12,128.23040846704194,130.56413356020434,127.69800881289808,129.88975524902344,969700.0
2019-09-13,131.5402494620907,132.48970317224703,130.53754358870626,130.8214874267578,1099600.0
2019-09-16,129.64132850194503,131.4958794293171,128.5853840051655,130.8214874267578,1206200.0
2019-09-17,129.88978435508588,130.66177147348998,128.3635472995094,129.6324462890625,845100.0
2019-09-18,128.74508665722774,131.22965929929708,127.8311209432264,130.91908264160156,1239700.0
2019-09-19,130.74162039589768,132.67604266361658,130.28020999868536,130.69725036621094,1220700.0
2019-09-20,130.93685183931524,131.8596998130961,128.94032214622226,129.3573760986328,1557400.0
2019-09-23,127.63590787547484,131.0965670935595,127.13012744857579,130.69725036621094,1342000.0
2019-09-24,131.18529298051885,131.63784832537647,127.27209197409604,128.5764923095703,1230600.0
2019-09-25,128.17719346885045,129.45497453792086,126.95266456085166,129.08229064941406,825400.0
2019-09-26,128.8160508870938,130.3689067932437,128.3280077514809,129.65902709960938,635200.0
2019-09-27,131.06106131596704,131.69108322106905,130.26245496736658,130.91908264160156,906500.0
2019-09-30,131.8419248379092,131.8419248379092,129.78327476728364,130.52865600585938,924000.0
2019-10-01,131.18529890947093,131.18529890947093,124.14864789965446,124.88514709472656,1397300.0
2019-10-02,123.18142751814078,123.18142751814078,119.91598589055364,120.09345245361328,1054100.0
2019-10-03,119.25935875866044,120.17332452889521,116.4997107276104,119.94261932373047,1221500.0
2019-10-04,120.18219984874915,121.22926211266305,119.64978658720644,120.84770965576172,1040200.0
2019-10-07,119.94259670539488,121.14051961593168,119.51667427624331,119.55216217041016,727900.0
2019-10-08,117.18297445937382,117.46693183324928,114.4765649763919,114.65404510498047,1613300.0
2019-10-09,116.23352671683622,117.94609901881559,115.38166809140509,117.29833984375,731400.0
2019-10-10,118.30989525845654,120.46614047710419,118.08805866197848,118.91328430175781,732700.0
2019-10-11,122.16098423565214,124.04215437827527,121.68182310982952,122.69339752197266,903700.0
2019-10-14,121.7350707358416,123.33229717312558,121.40675685756193,123.18144989013672,532900.0
2019-10-15,123.79373732514438,125.85238823615616,122.89752200292988,124.42375946044922,844900.0
2019-10-16,124.0066480861776,125.34653615359274,123.90017086063821,124.02439880371094,564700.0
2019-10-17,125.0892450041903,126.16292675397109,124.61007028194331,124.66332244873047,663200.0
2019-10-18,124.11312188795755,126.57107491505293,124.11312188795755,126.003173828125,721800.0
2019-10-21,127.57379015330622,128.93142900288802,127.38744145991043,128.04408264160156,548000.0
2019-10-22,127.87548694402489,128.65635608861,126.26051003860222,126.4024887084961,931700.0
2019-10-23,125.9943329154355,128.23931845063026,125.9943329154355,127.30760192871094,789300.0
2019-10-24,133.52787212184575,135.32031550194205,130.64399654557485,132.7736358642578,1254300.0
2019-10-25,132.75588552329953,133.13743794766282,130.44877963980207,132.61390686035156,624000.0
2019-10-28,133.88282593761792,136.02132041979942,133.72309654875568,135.59539794921875,777700.0
2019-10-29,134.52171261733633,137.1038802159573,133.10195303568997,136.3851318359375,639100.0
2019-10-30,135.47115306500928,135.54214239120483,133.20841737440787,134.8766326904297,876600.0
2019-10-31,134.35310170702485,134.8766327556621,131.12316183262718,133.8916778564453,737000.0
2019-11-01,134.54365289486648,136.8121032225365,134.37397768352807,136.54417419433594,757900.0
2019-11-04,137.91954086883337,138.8483598018008,136.90142133332864,138.7322540283203,648400.0
2019-11-05,139.48243613763307,141.86699238610018,139.48243613763307,141.36685180664062,730300.0
2019-11-06,140.96495345542246,141.89377225629417,140.07186579243458,140.9917449951172,812300.0
2019-11-07,142.1795565147229,143.45667898863755,140.84886458761451,140.8756561279297,1726500.0
2019-11-08,140.92030263109194,141.83125590364546,139.82180857231194,141.59011840820312,860100.0
2019-11-11,139.92897510666384,142.34924878377788,139.92897510666384,141.44723510742188,597600.0
2019-11-12,141.3847026546972,142.81364833519683,141.17929631238502,141.91162109375,1085600.0
2019-11-13,139.95576559408502,142.11703597862044,139.16984413518654,141.45614624023438,1359200.0
2019-11-14,140.95600731318572,142.7511083530267,140.7506009957753,142.28671264648438,798800.0
2019-11-15,143.38521504672354,143.75138422856122,142.4296047859426,143.04583740234375,785000.0
2019-11-18,142.22418841143815,142.50998296071742,140.79524291990998,141.34002685546875,655700.0
2019-11-19,141.93842378414155,142.7779284153324,140.7148979772647,142.00987243652344,791500.0
2019-11-20,141.65264146393127,142.27780013207092,139.58067144674052,141.44723510742188,709000.0
2019-11-21,141.8044464629684,141.8044464629684,139.54493595025664,141.15249633789062,694200.0
2019-11-22,141.87590088095885,143.26911539781165,141.28645977692554,142.68861389160156,695200.0
2019-11-25,143.02792122214214,144.89448397828238,142.09911645492681,144.48365783691406,764400.0
2019-11-26,144.1443261630055,144.2961630397476,142.83148636480237,143.80496215820312,957200.0
2019-11-27,144.76950805404576,146.14485698708413,144.23365003328843,145.9215850830078,597500.0
2019-11-29,146.0198274407545,147.34159331689094,145.60007516464432,146.3502655029297,404700.0
2019-12-02,147.09153542355102,148.05607173523052,145.09102777927023,145.18032836914062,1254700.0
2019-12-03,142.92083203990083,143.3673759164555,141.27755384476458,142.8761749267578,889400.0
2019-12-04,143.49238618731968,145.30535296467883,143.49238618731968,144.71591186523438,687700.0
2019-12-05,145.48395141984037,145.74295443175922,144.54622042667188,145.3767852783203,755200.0
2019-12-06,147.38627789340853,148.15433394311674,146.89507688008848,147.27017211914062,795100.0
2019-12-09,147.03795234429606,147.69884212103165,146.51995986427673,147.19871520996094,762900.0
2019-12-10,146.35026455631763,147.73455309874197,146.21630686371734,147.54701232910156,938100.0
2019-12-11,147.3594623370574,147.9935605650039,146.11807104792146,146.92184448242188,663000.0
2019-12-12,146.8414831138901,151.01220118288347,146.68073386346012,150.42276000976562,773600.0
2019-12-13,150.3780786549687,151.11934292040795,148.50258944097226,149.53857421875,974600.0
2019-12-16,151.26222656455042,151.59267820849996,149.48499114876734,149.53857421875,928400.0
2019-12-17,149.35102435262357,149.77077658339778,148.2614564719885,149.4492645263672,902300.0
2019-12-18,149.59216879983498,150.27985004820854,149.01166732710809,149.37782287597656,894800.0
2019-12-19,149.66365049268035,150.06553726466157,148.38652789223391,149.39572143554688,782200.0
2019-12-20,150.67284907010392,150.69070101438814,149.69937300907972,150.11912536621094,1779800.0
2019-12-23,150.27094363657412,150.44957209295507,149.16352352066477,149.39572143554688,672600.0
2019-12-24,149.41357058370173,149.8958319315833,149.0741929068066,149.78866577148438,226200.0
2019-12-26,149.5742844029096,150.440580331724,149.4492527032577,149.75289916992188,443000.0
2019-12-27,149.91371849155072,149.91371849155072,148.77056719897766,148.8866729736328,566600.0
2019-12-30,149.65466407614417,149.87793592900414,148.18106167080896,148.31503295898438,417500.0
2019-12-31,148.16323165831238,149.63683441723506,148.04713953362324,148.77053833007812,603500.0
2020-01-02,149.62787173741245,151.14613136889807,148.86875554910324,151.13719177246094,822100.0
2020-01-03,150.02083288678386,150.22625282141718,148.0649691015701,149.25277709960938,581300.0
2020-01-06,147.73455610143802,149.86010905013566,147.55594129852872,149.74400329589844,748700.0
2020-01-07,148.69017594801988,149.42250077510823,147.8685369000354,147.93997192382812,1009200.0
2020-01-08,148.17218161838676,150.6638902723681,148.17218161838676,149.2706756591797,657700.0
2020-01-09,151.02110903364033,151.5122962805424,149.8868840378878,150.81568908691406,594400.0
2020-01-10,150.86037633093002,151.76239002406925,149.59219340126845,151.07472229003906,749000.0
2020-01-13,151.66414373452446,152.53936577239034,150.84249114517317,151.58375549316406,692600.0
2020-01-14,151.58376098478632,152.10175345012794,149.95834856986372,150.413818359375,588200.0
2020-01-15,149.55643311089182,151.36045998116506,149.1634724453089,150.2976837158203,581900.0
2020-01-16,151.235417072901,153.56637573242188,151.235417072901,153.56637573242188,748500.0
2020-01-17,154.04872916469014,155.17401495720674,153.28959903622595,153.99513244628906,777100.0
2020-01-21,152.94127499304503,153.69146542169602,151.96781263009765,152.04818725585938,540300.0
2020-01-22,153.12884273763942,153.90582477581606,152.71801634671564,152.84304809570312,526100.0
2020-01-23,151.79807073056514,153.13770186818093,150.05655297715114,153.0573272705078,751300.0
2020-01-24,153.075222679613,153.14667132920206,148.69909850491737,149.6547088623047,558900.0
2020-01-27,146.07344549614896,147.16301375536693,144.71594815840479,145.03746032714844,754500.0
2020-01-28,146.4931819143671,148.03821989956182,145.9930549569009,147.46664428710938,619700.0
2020-01-29,148.42219455068184,149.92257481487033,147.68985635451935,148.28822326660156,710900.0
2020-01-30,149.3599932543941,152.5125917747604,147.9399734412269,152.28038024902344,887000.0
2020-01-31,150.89609560236542,150.89609560236542,147.10939905390626,147.7256317138672,932900.0
2020-02-03,149.12776565396626,151.57483061701657,148.6633699074241,149.55645751953125,864900.0
2020-02-04,153.07521754414765,155.7991375983112,153.07521754414765,154.7542266845703,681200.0
2020-02-05,156.29032884311582,157.71033484602023,155.1114466786731,157.23699951171875,649800.0
2020-02-06,158.5319745825848,158.5319745825848,156.44215287427792,157.10304260253906,521900.0
2020-02-07,155.8616836645082,157.46030479959174,155.5312319182258,156.57615661621094,461200.0
2020-02-10,155.80805435819278,157.0672974014953,155.36151059927346,156.97799682617188,454500.0
2020-02-11,157.76387894285057,160.17522575118335,157.38878388159324,158.6391143798828,462500.0
2020-02-12,159.4965416164692,160.3717774430591,158.9964146455252,159.54119873046875,409300.0
2020-02-13,158.51749840050124,160.3942388607039,157.9158644889364,160.19668579101562,514100.0
2020-02-14,159.94525187806929,160.74443883321712,159.43341981556745,160.57383728027344,525100.0
2020-02-18,159.74766354958726,161.16644718969195,157.81704795997067,159.1999053955078,994900.0
2020-02-19,160.33136900458408,161.11259278381604,159.6758595542151,160.7713623046875,559100.0
2020-02-20,160.07095589049231,162.39669158455504,159.8195272265668,161.38198852539062,654900.0
2020-02-21,160.4122239491423,160.6905904849838,156.84730720558176,157.52975463867188,595300.0
2020-02-24,151.32481965392302,152.09706884668537,146.62846047264406,147.6880645751953,846800.0
2020-02-25,148.0652008082721,148.469281642472,139.2112801596858,140.28883361816406,1085800.0
2020-02-26,140.43252642183617,143.99744299896366,140.0823211669922,140.0823211669922,1031900.0
2020-02-27,136.11329277040605,138.223498523092,131.2104066152699,131.2642822265625,1487200.0
2020-02-28,125.09528806809604,128.26509800216368,122.56303822273733,126.88224029541016,2050400.0
2020-03-02,127.62754929034546,135.49370416472385,125.25692633492767,135.46676635742188,1482600.0
2020-03-03,134.2186088244371,134.99983270454223,125.21203578855244,126.2177505493164,1433500.0
2020-03-04,128.77692336866104,130.5279491071762,125.01445485507827,129.71978759765625,1243500.0
2020-03-05,124.24223747915435,125.18510194818334,119.10588487067885,120.78507232666016,1456000.0
2020-03-06,115.17282913734549,117.92958451038427,111.14097369575326,113.68221282958984,1588900.0
2020-03-09,102.51151298367223,106.31887617673085,96.64780577208765,97.9947509765625,1498400.0
2020-03-10,103.13110650771644,107.34255751104497,99.2249666565777,107.10908508300781,1738700.0
2020-03-11,103.06823281538982,104.21762481391788,97.35718532815136,99.47637939453125,1535600.0
2020-03-12,90.85595469711268,93.99882720631179,82.63060507031075,82.98979187011719,1968200.0
2020-03-13,89.06003110664645,101.95478909327888,88.17104905107544,101.77519226074219,1810500.0
2020-03-16,81.51713484811125,89.76044100415163,77.17996899799998,77.5301742553711,1888700.0
2020-03-17,80.34977101039526,87.9734786393665,73.73177804193652,87.94654083251953,1930500.0
2020-03-18,80.39467412449704,84.44449158218339,71.84606429292165,84.3277587890625,1803300.0
2020-03-19,82.45100867281344,89.04206435541575,77.74568182956429,85.69265747070312,1601800.0
2020-03-20,87.35389606780426,88.00043094230283,77.6828313143655,80.66407012939453,1608700.0
2020-03-23,78.98489052022954,80.1073452061996,73.65996521595088,74.42323303222656,1449700.0
2020-03-24,80.42161042355013,90.47880592866825,78.1138444579406,89.85022735595703,1485900.0
2020-03-25,92.39145376551346,100.04210577727982,87.56938783661202,93.02900695800781,1375800.0
2020-03-26,94.76209883976665,100.4641664034695,90.35310106911315,99.5572280883789,1298100.0
2020-03-27,94.2861728024974,97.50088395750768,92.3824876091069,92.78657531738281,1152700.0
2020-03-30,92.31962600141867,98.64128991548228,89.82328854704981,98.0127182006836,992200.0
2020-03-31,97.39312600339251,97.96782212845497,89.79635517748727,92.02330780029297,1281300.0
2020-04-01,86.10570388346356,89.32939582751509,83.65426780863993,84.68692016601562,1205900.0
2020-04-02,84.00450175888919,90.18248917227434,82.60367381358455,84.45348358154297,922500.0
2020-04-03,84.0044901285945,84.82163337021429,79.51467252366518,81.10406494140625,937900.0
2020-04-06,86.4559396346594,93.26250578593763,84.26490612347077,92.11311340332031,1064900.0
2020-04-07,98.03068027971113,100.77845343414239,91.9604515418971,92.92127227783203,1302900.0
2020-04-08,93.81924664626115,101.0029559595733,91.84372247454887,100.29356384277344,996200.0
2020-04-09,102.04457326091901,111.89523411317857,102.04457326091901,108.17766571044922,1608600.0
2020-04-13,104.95399298497779,105.81603730004456,101.56867290859311,103.19398498535156,827100.0
2020-04-14,106.291948960447,106.38174394617626,100.32947147590296,102.63723754882812,1049200.0
2020-04-15,97.64456870653032,98.48865675855686,93.12781248942852,93.52291870117188,728700.0
2020-04-16,93.02902595068572,93.69351708472047,89.8951349601607,91.31391906738281,861200.0
2020-04-17,96.11800999773801,100.23068430661046,95.92045693953368,99.62904357910156,1077200.0
2020-04-20,96.32455096846407,99.12619982639114,94.83393497643844,98.87477111816406,1097500.0
2020-04-21,95.18416628820837,96.61192549408973,91.59231095657786,92.89435577392578,1239100.0
2020-04-22,95.6869870571764,96.57597584266162,93.56779267812747,94.20535278320312,626500.0
2020-04-23,94.81596460463936,96.773525348483,93.1098394006796,93.7024917602539,505000.0
2020-04-24,94.97760641200068,97.33925505102218,93.15474141061904,96.51313018798828,730800.0
2020-04-27,97.76129363944987,101.47886216877804,97.24047313897519,100.97599792480469,771300.0
2020-04-28,105.01684513449854,106.21113842193046,100.85029438595487,101.90091705322266,1004000.0
2020-04-29,106.97438587529253,107.2437776570638,104.19968203726933,105.97764587402344,933800.0
2020-04-30,103.20294776781982,104.68458894801597,101.48783415384952,103.21192932128906,810800.0
2020-05-01,99.88946181952491,100.78742535546326,97.88700697089652,99.90742492675781,644400.0
2020-05-04,98.34494393748274,101.58659220739965,97.00698045254083,101.52373504638672,834300.0
2020-05-05,101.82007487702953,103.27477812992534,99.0453711096134,99.4314956665039,835900.0
2020-05-06,102.0894842248136,102.0894842248136,95.88455243918989,96.33353424072266,951800.0
2020-05-07,105.85193980397992,117.30098180883815,103.64295031403577,109.3091049194336,2110800.0
2020-05-08,111.76053821972634,114.26585724790047,109.99154899958447,112.79319763183594,872700.0
2020-05-11,110.7458422865159,112.43401123352783,108.99480931638128,111.23074340820312,720000.0
2020-05-12,112.13766874272827,113.42175669957207,108.77928749056643,108.78826904296875,946200.0
2020-05-13,108.27644404144793,109.41685470961555,103.31070681899581,105.39398193359375,1155100.0
2020-05-14,103.26581744327288,110.12625902795246,100.8592746409929,110.09033966064453,1356900.0
2020-05-15,109.7008606092245,113.54080333303078,108.1340974253348,110.47066497802734,2371100.0
2020-05-18,114.15669065742635,120.40564305495755,114.15669065742635,119.48188018798828,1121400.0
2020-05-19,116.89173298704041,119.84413389978741,115.66004699494745,116.41172790527344,918600.0
2020-05-20,119.86225605808285,121.35656646075861,118.11435205672858,119.21018981933594,895800.0
2020-05-21,119.0652663626975,121.7006992213603,118.82073810285776,119.6539306640625,731700.0
2020-05-22,119.53622118760687,120.55959177640469,117.1996528361694,119.96187591552734,730500.0
2020-05-26,125.54969468958664,129.35340468003747,125.01535310971677,126.82664489746094,1073500.0
2020-05-27,133.29295049134527,134.5518114978448,130.12318999443178,132.4235382080078,966300.0
2020-05-28,133.7005228565631,134.27107043727347,129.57077932446347,130.0869903564453,901800.0
2020-05-29,127.46064019123533,129.45305889591793,124.87049172942899,126.8538589477539,1674400.0
2020-06-01,127.70513837019007,131.20999781144195,126.89911397736643,130.3586883544922,701400.0
2020-06-02,132.16997370713025,133.93598056656984,130.80243946236214,132.58656311035156,855700.0
2020-06-03,136.75254963715045,140.2392923575104,135.84690361306338,137.187255859375,800900.0
2020-06-04,135.52990812249521,140.23927802158315,134.95936058260634,138.67250061035156,955200.0
2020-06-05,148.3448202684291,149.1689614600295,140.09438450524502,140.891357421875,1400300.0
2020-06-08,143.3728168845138,147.39388735899803,142.73886744463147,147.34860229492188,1129200.0
2020-06-09,142.4400334602844,146.40676824478484,141.08156415809268,144.53207397460938,1362200.0
2020-06-10,143.35468506459333,144.8308923205185,139.14343710921676,139.51475524902344,1118400.0
2020-06-11,131.30961279358448,135.04992121365422,125.6130919631127,125.96629333496094,1137700.0
2020-06-12,132.9759842274306,134.54274770703233,128.37530156763663,132.8039093017578,1217000.0
2020-06-15,128.52928675661508,138.47327659356029,128.15796855665437,136.00991821289062,1745700.0
2020-06-16,143.12828629197767,143.12828629197767,136.00990825220697,139.0257110595703,1210400.0
2020-06-17,139.45137766011734,139.47854593662822,134.99560066452173,135.566162109375,1418300.0
2020-06-18,134.66048866972307,139.20683487561593,133.95408598590245,136.32687377929688,1377200.0
2020-06-19,139.35175645751391,139.4423265921965,132.91261234295214,134.35260009765625,2098100.0
2020-06-22,134.71482397852657,137.00610693798112,133.27485035307825,134.28916931152344,1355100.0
2020-06-23,137.27782831429624,138.0113993951804,134.1805205177509,134.5880584716797,1215200.0
2020-06-24,132.78581481398533,132.83109987872388,127.50589686769919,129.47116088867188,1241000.0
2020-06-25,131.9435699353538,138.31026030557777,131.28245221474836,137.2506561279297,1434600.0
2020-06-26,134.6605261708673,135.48466747119014,130.34059023287446,133.1571502685547,2317800.0
2020-06-29,135.32161579391666,135.57519555364826,133.03033265266012,134.36163330078125,981000.0
2020-06-30,133.3291582648553,137.0151290006854,133.3291582648553,135.88307189941406,1116600.0
2020-07-01,136.24538690297828,137.40461268129854,131.8439467756162,132.0703582763672,797400.0
2020-07-02,135.92840855030477,136.85217136496962,131.4635802810377,131.72621154785156,679900.0
2020-07-06,136.00994411915698,137.64011009614185,135.122414683546,136.02806091308594,701700.0
2020-07-07,134.61523831259257,135.10428113551006,132.11566000389513,132.34207153320312,848600.0
2020-07-08,131.92540152906358,134.93215175102083,131.92540152906358,134.40687561035156,796900.0
2020-07-09,134.38880422258174,134.62426719867068,128.93681164276848,129.77000427246094,627900.0
2020-07-10,130.14131096676684,134.85973211003625,130.0145210955746,134.5608673095703,762100.0
2020-07-13,136.04616788731062,137.28689871012463,133.81827224306159,134.02658081054688,748100.0
2020-07-14,133.61901774012998,136.03710495581075,132.56847878056118,135.66578674316406,552000.0
2020-07-15,139.15258289660582,140.022009640109,136.32697016359177,139.5601348876953,638600.0
2020-07-16,138.22875515153046,140.4747533906188,136.96084244404693,138.46421813964844,531700.0
2020-07-17,139.28836075608712,139.56005732612624,137.65819515491398,138.89892578125,636000.0
2020-07-20,137.69443713493658,140.15779581442698,136.86124431967716,139.81365966796875,735200.0
2020-07-21,140.23930727679473,143.73510185443163,140.2211904850484,142.4853057861328,670700.0
2020-07-22,141.815133013203,145.0301797387676,141.815133013203,143.05587768554688,749000.0
2020-07-23,142.39471291328772,144.58637451655324,141.67925867275437,142.01434326171875,617100.0
2020-07-24,141.28077873094162,142.82943950126403,140.4747543281237,140.610595703125,624200.0
2020-07-27,139.976635401388,142.06867532856768,137.83931041303194,141.58868408203125,565900.0
2020-07-28,140.10341956310924,141.49812200367973,139.49663846148022,139.51475524902344,692500.0
2020-07-29,139.19777470040313,142.2316940504417,137.68534767706873,142.1049041748047,866600.0
2020-07-30,138.853651828954,138.853651828954,134.75106272135946,137.6944122314453,955500.0
2020-07-31,138.03859195079966,139.84988434824209,136.8159778739646,139.13442993164062,692900.0
2020-08-03,139.84985620730512,141.67926502994177,138.1381857889112,141.00003051757812,583800.0
2020-08-04,139.51475997332147,140.23927948992554,137.35931821166594,138.94419860839844,765500.0
2020-08-05,140.68305029964688,142.40378603971797,140.547208923432,141.4347381591797,634700.0
2020-08-06,140.42947511498764,141.99623892122128,139.75024057355512,141.1449432373047,508400.0
2020-08-07,140.3061502391978,145.81299414594292,140.10556849608776,145.73094177246094,620400.0
2020-08-10,145.87680731450345,147.88261063269857,145.87680731450345,146.633544921875,497400.0
2020-08-11,149.52375776046227,151.1010471634573,147.99205765135943,148.20175170898438,744900.0
2020-08-12,150.78187578103572,150.86392812255178,145.12914000379396,146.86143493652344,474700.0
2020-08-13,145.5759607196724,147.01649611850954,144.76452139059504,144.96510314941406,536100.0
2020-08-14,144.39983519833382,146.77032539861816,143.889268506331,145.5668487548828,474900.0
2020-08-17,145.5941951618473,145.71272453745516,143.8345486743169,143.89837646484375,437600.0
2020-08-18,144.09894493392136,144.37246674600954,142.53988034334688,142.68576049804688,600100.0
2020-08-19,142.82251040954384,145.93151329817482,142.74958424615323,143.00486755371094,588900.0
2020-08-20,141.5369640832735,143.49717793368697,140.65258490859333,141.44578552246094,516100.0
2020-08-21,141.53698718094864,142.95015772089496,140.33349675891995,140.8714141845703,654900.0
2020-08-24,141.66463523110272,143.82543123589804,141.61904594119983,143.79808044433594,914800.0
2020-08-25,145.40269077231613,145.76739110507566,143.01396271829594,143.1324920654297,537200.0
2020-08-26,142.93192447066204,143.06867841401274,141.34550916831103,141.9928436279297,528100.0
2020-08-27,142.02927877581183,146.32353260712392,141.77399552383295,145.0562286376953,567300.0
2020-08-28,145.89503594512612,145.89503594512612,143.10514441979595,144.86477661132812,498900.0
2020-08-31,144.86480221540762,144.86480221540762,142.9501633457145,142.95928955078125,750500.0
2020-09-01,141.85608316632084,143.53366321437676,140.4976142185776,143.28750610351562,688900.0
2020-09-02,143.16897725124446,146.50591277384152,142.5672320431898,145.63064575195312,589100.0
2020-09-03,146.46028181604055,149.07694202066597,141.2816629716136,142.5398406982422,630800.0
2020-09-04,145.36623919722763,146.1320890887784,139.95056055631127,142.7222137451172,614500.0
2020-09-08,140.7346401031639,140.86228174373744,135.73836371399184,136.312744140625,780500.0
2020-09-09,137.64384743773851,138.1635261835844,135.29158291133353,136.85064697265625,675500.0
2020-09-10,137.1697663978173,138.90206162725644,136.20333488938343,136.8233184814453,810800.0
2020-09-11,137.37944939112552,139.63142327080132,136.67742741158463,138.6741180419922,667700.0
2020-09-14,139.95058687124117,143.03223942483902,139.87764678520287,142.25726318359375,725600.0
2020-09-15,142.27544087870862,142.35749322347283,139.84112393411974,140.26963806152344,774200.0
2020-09-16,140.66171667998154,145.64888136777998,140.27879171294927,143.53366088867188,651500.0
2020-09-17,141.2269631106003,143.59746653562897,139.6861511874161,143.1416015625,683900.0
2020-09-18,142.86811457377377,145.49390190998278,141.87433202929682,143.78897094726562,1436300.0
2020-09-21,140.05998154245253,141.44581526925955,134.64430221196673,137.11509704589844,913000.0
2020-09-22,136.8598101423079,138.92031522438498,134.17020904567735,135.56515502929688,630400.0
2020-09-23,136.15775222196828,137.89004753552825,132.3740783600664,132.51995849609375,459700.0
2020-09-24,132.62029798923342,134.07905814882204,129.30160019290105,131.84532165527344,519700.0
2020-09-25,130.16769283774195,134.9907382995111,130.04916348881056,133.78726196289062,502300.0
2020-09-28,136.50421641298058,139.31234647623714,134.84486113891708,138.10885620117188,710500.0
2020-09-29,136.9874734204039,138.16359935049783,134.02435003527034,137.1060028076172,521900.0
2020-09-30,138.24564232730773,142.57636039041284,137.52536774299182,140.50672912597656,954700.0
2020-10-01,141.49139640038842,143.05957328484683,139.6496977036366,141.60079956054688,596400.0
2020-10-02,138.7197063116609,146.50588787441947,138.60119087826322,144.82830810546875,576600.0
2020-10-05,146.82498992476414,148.99491172995786,146.66999749752108,148.302001953125,668000.0
2020-10-06,149.99784046644652,150.94603365249324,145.36624987298975,145.69447326660156,656400.0
2020-10-07,148.26551325552396,151.04629225858514,147.5270142556065,150.33514404296875,692400.0
2020-10-08,151.8760014783661,154.5382516965726,150.8001527279438,154.36502075195312,464000.0
2020-10-09,154.99410753101967,156.5166950355733,154.20090684428544,155.30409240722656,532200.0
2020-10-12,154.7661636383681,157.6654582883167,154.7661636383681,156.85401916503906,563500.0
2020-10-13,155.67791526114146,156.77198860358408,151.31073418412817,152.01275634765625,748700.0
2020-10-14,152.76946214285778,154.21910936706308,151.91243379791294,152.32272338867188,481000.0
2020-10-15,150.02514202173262,156.52576606378224,149.62397868209342,155.88755798339844,479600.0
2020-10-16,156.34347808407884,156.61699990421104,153.69035399092044,154.9485321044922,648300.0
2020-10-19,156.27053431060898,157.82959891018032,153.77240272846768,154.1188507080078,557300.0
2020-10-20,154.34675204881265,155.9969948901457,152.74211239775698,153.16151428222656,710300.0
2020-10-21,153.31651796240254,155.21291800490908,151.97627376847672,152.03097534179688,480300.0
2020-10-22,152.40481800621365,155.7143890512826,151.53867713021816,155.285888671875,439400.0
2020-10-23,156.571385241941,157.18224265783334,154.82086535343703,155.34967041015625,495200.0
2020-10-26,152.95182162474927,153.38946204655906,149.0131552117326,150.99160766601562,500900.0
2020-10-27,151.11016407498187,151.11016407498187,147.71852671412293,148.0558624267578,522300.0
2020-10-28,144.9742056798693,146.92530763815753,142.72223110361492,144.2812957763672,739900.0
2020-10-29,144.94680494929327,148.3931426049459,141.6189966237318,146.8887939453125,730200.0
2020-10-30,145.80386724141863,147.23529009090248,143.89835478472807,146.633544921875,656300.0
2020-11-02,149.39604272807654,150.9186297955381,148.0557988347501,149.9339599609375,517200.0
2020-11-03,152.2589289432489,155.08529785964902,151.71188531043032,152.66920471191406,584000.0
2020-11-04,149.97047042401826,157.67458602429446,147.64555617705088,153.5353240966797,848000.0
2020-11-05,155.77821790510652,159.21544455242415,155.4773452786083,157.44668579101562,646200.0
2020-11-06,158.63907780164539,158.63907780164539,154.74074826967805,155.73138427734375,365400.0
2020-11-09,167.4722324670972,171.9667713469835,167.10532247931602,167.8024444580078,1386800.0
2020-11-10,167.61904564506767,169.26092458407146,163.86746514870856,168.01345825195312,1034400.0
2020-11-11,169.83877340139455,169.8571084062357,165.13325536505886,166.2981719970703,566400.0
2020-11-12,165.45427909893826,165.91290609367204,161.13400665022456,162.62913513183594,577400.0
2020-11-13,164.7204606052732,170.26066812281485,164.17928415164891,169.5819091796875,711200.0
2020-11-16,172.86569355375934,172.96659205276362,169.06826258534022,170.58172607421875,635100.0
2020-11-17,168.41703992152773,169.76540468079398,166.4908005522365,168.98573303222656,581500.0
2020-11-18,169.23340303952278,172.84738689395752,168.11435177506772,168.16021728515625,446300.0
2020-11-19,166.77513619725482,168.8664742878356,165.34420813869113,168.43536376953125,436900.0
2020-11-20,167.68318571112354,167.84829869359243,164.89473997201242,164.92225646972656,527900.0
2020-11-23,166.69255629105106,169.00404016226994,166.09634682246664,168.55458068847656,526500.0
2020-11-24,171.35224606127093,177.20433203546457,170.35244239371005,176.72735595703125,763000.0
2020-11-25,175.9201585947179,176.0577551081449,172.88404974733285,174.4525604248047,670000.0
2020-11-27,174.35168889284543,175.65418824362098,173.59036618853926,174.96624755859375,300300.0
2020-11-30,172.76480045780121,174.38832999775494,169.45351288206757,169.91213989257812,1096700.0
2020-12-01,173.82881058018125,175.00289464856127,172.37954749660895,174.50758361816406,773700.0
2020-12-02,174.23238763628535,177.81885399406877,173.64534565926127,177.43360900878906,823000.0
2020-12-03,177.10342781869124,180.4147157638833,176.8924632892499,178.5985565185547,722400.0
2020-12-04,179.82768596884296,181.7630928611968,179.25897885610138,180.0386505126953,514200.0
2020-12-07,178.99298150377732,179.17642954195244,176.6264640216102,178.3509063720703,810700.0
2020-12-08,176.47051565187328,177.6721162828891,175.7091930697074,176.58058166503906,649000.0
2020-12-09,177.96565548713158,180.1670598657912,175.93851764153078,177.2501983642578,690200.0
2020-12-10,175.37900867179488,177.14013514091528,174.52596894295692,176.89248657226562,838500.0
2020-12-11,174.62684716770417,176.41548993650642,173.8013100462811,175.8743133544922,539900.0
2020-12-14,178.50682631237484,178.50682631237484,175.0946398383846,175.18637084960938,941800.0
2020-12-15,177.11258021211822,177.16761321543532,173.9480565557096,174.98455810546875,678300.0
2020-12-16,176.34208217324908,176.73649467658595,173.23259166122492,174.03977966308594,790700.0
2020-12-17,174.46169442929985,175.00287088811697,172.59967007384247,174.32411193847656,686100.0
2020-12-18,172.4896185706246,174.57178908248952,170.26986555637927,171.47146606445312,2279700.0
2020-12-21,171.11376569059024,172.2328168811909,167.70157910878945,171.30638122558594,767800.0
2020-12-22,171.74667642931303,172.18695451351826,169.1783619451047,169.74705505371094,591500.0
2020-12-23,170.26985799553194,173.99390685390682,170.26985799553194,172.93905639648438,445000.0
2020-12-24,173.34265827085798,174.1681952746165,171.4806337569129,174.00308227539062,212100.0
2020-12-28,175.34226990213642,177.09422832031905,174.21403745698248,174.25990295410156,402700.0
2020-12-29,175.168009050036,175.52573757377672,173.2142534224287,173.42523193359375,408500.0
2020-12-30,173.20511699643183,176.57143832283626,173.20511699643183,175.5166015625,393700.0
2020-12-31,175.38812649977925,178.55264969383794,175.31474450734916,178.2499542236328,422300.0
2021-01-04,179.13968974868516,179.6900336918334,170.42577768509193,172.5446319580078,587800.0
2021-01-05,172.5446754520034,174.14070268143595,170.34327113212643,171.5356903076172,560900.0
2021-01-06,175.43402124825118,183.39579443743725,175.03960868741163,181.37783813476562,736400.0
2021-01-07,183.45079034929077,185.45039724592945,182.90961387684465,183.57003784179688,585900.0
2021-01-08,184.13875254650677,184.95510810006598,182.09327991162218,184.87255859375,545400.0
2021-01-11,182.73536518654143,185.24864649031863,182.63446667444342,184.90008544921875,855100.0
2021-01-12,185.36784722249897,189.09189601661546,184.67990676064443,187.62429809570312,733300.0
2021-01-13,187.63349960110233,187.90867863495134,184.82670424745402,186.2667999267578,462600.0
2021-01-14,187.09230108706853,190.12840961343858,185.77145307647223,189.82571411132812,749600.0
2021-01-15,187.69768293034755,191.27496778762853,186.5969669777829,191.045654296875,665100.0
2021-01-19,192.2564907985824,196.04474122333266,191.95379522535637,195.36598205566406,822600.0
2021-01-20,196.0539054444643,196.7418460512968,193.8983526112475,195.5218963623047,536500.0
2021-01-21,195.74196905900672,196.75095390829176,194.4027862548828,194.4027862548828,663000.0
2021-01-22,192.99027602449968,194.87064991369502,192.62337994688565,194.2652587890625,447100.0
2021-01-25,192.92607445403692,195.80625203573797,192.02716927146716,194.10015869140625,630600.0
2021-01-26,195.58607916147835,195.75119217018258,192.9352154897337,193.78826904296875,551300.0
2021-01-27,190.12845127967861,192.58669983727168,184.42312898126823,184.7900390625,890900.0
2021-01-28,187.55093431726982,192.08217150553236,182.81790012090107,189.55972290039062,771200.0
2021-01-29,188.00959604344663,188.00959604344663,181.44205255822558,181.49708557128906,1012400.0
2021-02-01,183.2856788107055,184.4230646754618,180.48805165013238,184.2212677001953,610000.0
2021-02-02,186.78044583715922,189.13778145700155,185.96409029619167,188.11962890625,518100.0
2021-02-03,187.4408583414844,188.31224683221978,184.40473587962714,185.15689086914062,844300.0
2021-02-04,185.71644825084434,192.10052927568884,185.53300022069365,191.99046325683594,478800.0
2021-02-05,193.25627779421103,195.6411301703489,192.52247167994264,193.5956573486328,462300.0
2021-02-08,193.8249311751771,195.84288707885082,193.48555169028486,195.65943908691406,392700.0
2021-02-09,195.21918945078824,197.6223906853039,193.9625558275776,196.89776611328125,565100.0
2021-02-10,197.42059218067868,199.72290888441668,196.05389255584518,197.2554931640625,746100.0
2021-02-11,198.16801106763268,199.0067720712814,196.28772542993843,197.89149475097656,445000.0
2021-02-12,197.24629643066226,201.25574780154653,197.05273079264416,201.0068817138672,412900.0
2021-02-16,202.5461048405405,204.03927299001498,201.5322165512667,202.95166015625,828600.0
2021-02-17,202.0023091203472,202.59220395692475,199.36621349284698,201.29258728027344,401600.0
2021-02-18,198.8592586835654,200.28791433978708,196.14021253642184,197.43060302734375,601500.0
2021-02-19,198.85926007075633,207.1085753465986,197.53199323414856,206.91502380371094,1233600.0
2021-02-22,205.96568756463708,210.08572562240363,204.74902145904977,208.19622802734375,872000.0
2021-02-23,210.11337475220634,210.11337475220634,205.36655174926844,208.76766967773438,717300.0
2021-02-24,208.53719734051344,214.58362167390462,207.5786237045219,213.92921447753906,641500.0
2021-02-25,215.2104448363448,215.59756201756315,205.6430740038536,206.40809631347656,569900.0
2021-02-26,206.5555441956068,208.57408048283008,203.12677643289769,203.91944885253906,886700.0
2021-03-01,207.36666780562766,212.66650940277285,207.36666780562766,211.14569091796875,651300.0
2021-03-02,210.3991055690568,211.13647764331955,208.11325073242188,208.11325073242188,753600.0
2021-03-03,208.99809316299297,210.38987253505604,205.89192975192006,206.1776580810547,894000.0
2021-03-04,204.5370114482236,206.71225124765277,196.6748131282644,200.2326202392578,946700.0
2021-03-05,203.93791165574882,205.8182112704105,197.1541134476468,204.89649963378906,958600.0
2021-03-08,207.3851086154442,211.99366658467628,205.98410305482085,206.52792358398438,854500.0
2021-03-09,206.15002545320388,209.2654011825035,203.9747854553161,206.00254821777344,856100.0
2021-03-10,208.07639920022712,210.6018941140983,206.89660944617714,207.98422241210938,1166500.0
2021-03-11,207.3298048242754,211.385330146072,204.85039842656784,208.80453491210938,993600.0
2021-03-12,211.23781906566845,211.4590348722833,206.96107858718364,207.8367156982422,698500.0
2021-03-15,208.42659678956144,210.31609384843273,204.46323508209116,210.27001953125,972800.0
2021-03-16,208.56490373101212,209.7999939233391,203.14523491831335,203.80886840820312,917800.0
2021-03-17,204.398721933413,207.8735779672445,203.06224317092403,207.8367156982422,939300.0
2021-03-18,209.23777190812487,217.92952071677047,208.00268158219282,209.13638305664062,1623900.0
2021-03-19,207.55103726754655,212.30707309315002,204.527823966978,210.54660034179688,3287000.0
2021-03-22,210.53735826339937,212.06740286776707,208.15012863699837,211.23785400390625,918000.0
2021-03-23,209.95668134341213,211.21943581210718,203.53236436415204,204.22364807128906,768100.0
2021-03-24,206.09473080492612,210.50051137190425,205.05319213867188,205.05319213867188,624700.0
2021-03-25,205.10845213735905,210.51889396158379,202.02071308953626,209.86448669433594,678900.0
2021-03-26,211.5420123799832,214.44541219555012,208.80452795648966,214.37167358398438,713900.0
2021-03-29,211.85541470604488,213.54213454019285,208.4082082943978,211.3300323486328,574100.0
2021-03-30,212.39920785203063,215.55145960625495,212.35311946255388,214.57444763183594,360100.0
2021-03-31,214.3255849249498,216.74969079440052,213.55135060078373,214.25184631347656,627500.0
2021-04-01,215.7265895363135,217.10915685135393,214.47306127477546,216.98011779785156,494700.0
2021-04-05,219.78211652205874,221.69006618343664,217.49627581356629,219.62542724609375,551600.0
2021-04-06,219.63461087634877,220.8881389860562,217.2842579768226,217.92022705078125,409800.0
2021-04-07,218.54704392844596,220.2061276659991,216.74048295550958,219.4503173828125,373600.0
2021-04-08,219.06319067422444,219.55169668903784,216.34414431187378,218.50094604492188,330500.0
2021-04-09,220.58401602104337,222.2983860111468,219.27517323687488,221.9389190673828,434500.0
2021-04-12,222.82373677728435,227.10047722256164,222.0034141723993,226.4368438720703,578500.0
2021-04-13,225.30314062872097,225.86538515467817,222.12323905845818,224.2431640625,626900.0
2021-04-14,223.9021476505688,229.16512631008976,222.87904736066056,227.59820556640625,624200.0
2021-04-15,228.6213086505846,229.75502389393466,225.60732224591519,228.14202880859375,560900.0
2021-04-16,229.48774100539126,229.70895684361216,226.98068442903022,229.294189453125,547300.0
2021-04-19,229.22964363241124,230.1237048984878,226.76867565381534,227.39544677734375,422400.0
2021-04-20,225.83775196159866,226.41842063341198,221.54257306668146,223.40443420410156,654400.0
2021-04-21,222.08640963136716,228.2158002767949,221.60711565615856,227.96693420410156,441000.0
2021-04-22,228.16045347131907,228.16045347131907,223.22007937810838,223.8837127685547,479100.0
2021-04-23,224.75934542980016,230.42786529026026,223.65328042504632,229.63519287109375,503000.0
2021-04-26,230.08686157655387,231.58924185800265,227.81944494722413,228.1236114501953,602600.0
2021-04-27,231.34042442493657,239.31323906083668,231.34042442493657,236.4467010498047,774000.0
2021-04-28,236.33602001796527,237.54345968416206,234.81518779152685,236.52957153320312,500500.0
2021-04-29,239.6449704903533,241.34091613687696,237.36834214555893,240.41920471191406,611100.0
2021-04-30,239.36851478928747,240.36395094502208,236.2070226102547,238.17027282714844,818000.0
2021-05-03,240.77873509332085,241.2487888892264,236.81535827538787,237.66334533691406,748100.0
2021-05-04,235.98579517118432,238.1518228305967,232.34503754434775,237.3683624267578,745000.0
2021-05-05,239.6081338470953,242.31796813562653,237.05500290326097,240.79714965820312,471800.0
2021-05-06,240.8432572610608,243.09223607149548,238.2440516305956,242.9632110595703,492500.0
2021-05-07,240.42682131316673,246.61035551213868,239.62145616867184,245.90682983398438,495900.0
2021-05-10,246.67518378433238,249.27634197865262,244.43502605228562,244.47206115722656,410500.0
2021-05-11,240.7600698339248,242.25042908859007,236.06688031907507,238.96424865722656,639900.0
2021-05-12,239.74180998437163,242.0190027044154,231.05894278914542,232.19752502441406,779500.0
2021-05-13,231.04968508733066,237.02956872060122,231.04968508733066,235.04861450195312,664400.0
2021-05-14,236.01131821206533,240.88038867275046,234.18772795189048,239.14010620117188,509600.0
2021-05-17,237.677543285929,239.40855991042403,235.18746248132783,238.03854370117188,512500.0
2021-05-18,238.2884529993977,239.79728700475917,233.73409697703576,233.9932861328125,746800.0
2021-05-19,229.79077058848188,233.65085386027704,228.92988098483497,233.51199340820312,609000.0
2021-05-20,233.85445824121666,236.27048273136438,232.08640669148676,233.95628356933594,477700.0
2021-05-21,234.54874992126565,237.79789502693228,234.54874992126565,235.3726043701172,715400.0
2021-05-24,236.79813120337016,237.4183490567882,234.66906498384705,235.77989196777344,441800.0
2021-05-25,237.14987054440752,239.73252466416514,234.65053832752142,234.6597900390625,844500.0
2021-05-26,236.02983072829196,238.2607365541728,233.53974981393563,236.72409057617188,655100.0
2021-05-27,239.4177730230811,241.56532811530494,237.75153287884942,240.95437622070312,1849900.0
2021-05-28,241.88937586568673,242.0652572800762,237.80712473347035,240.52862548828125,625300.0
2021-06-01,243.60183396990755,244.18501660681073,241.056215205297,242.7872314453125,599200.0
2021-06-02,242.7872617700832,243.50929077988525,239.87137647086348,243.1667938232422,463600.0
2021-06-03,242.3707683190865,246.64743340780032,241.5746971236895,244.212890625,514300.0
2021-06-04,244.05551712214856,245.83283508473178,241.9449679319307,245.68472290039062,377700.0
2021-06-07,246.98992059185812,246.98992059185812,244.71272767153005,245.17556762695312,414900.0
2021-06-08,243.9443797584374,245.3791720497908,240.96368987780002,244.296142578125,462400.0
2021-06-09,242.7688166572511,243.62969217388473,240.96372957443114,241.34326171875,649600.0
2021-06-10,243.74071996545098,244.7404698628886,237.76083700304648,238.19590759277344,496900.0
2021-06-11,238.93649435514413,239.81590157130958,238.14966078007652,239.3437957763672,560100.0
2021-06-14,239.0660359548058,239.28819003143568,234.44688940661956,235.69654846191406,903100.0
2021-06-15,235.13191694669882,237.79789337040071,233.40090026981986,235.9742889404297,711500.0
2021-06-16,235.26151859849318,236.26125449054504,230.72569316904307,234.76165771484375,958100.0
2021-06-17,235.72437319263187,235.72437319263187,225.36602731445262,226.75454711914062,839300.0
2021-06-18,222.42235239860656,222.8204020774941,218.78443738155408,219.07139587402344,1336300.0
2021-06-21,221.48739572184832,224.27368665908173,220.98752075153612,223.41281127929688,632400.0
2021-06-22,223.48687495907149,226.55088706640217,221.35782264623447,224.9124298095703,906800.0
2021-06-23,224.93091829330766,226.31943786124293,223.3942865815189,225.00497436523438,629200.0
2021-06-24,227.12476595240685,227.71720038027607,224.3940137321464,227.19882202148438,572100.0
2021-06-25,228.42075859219906,231.31814109197666,227.7913030633581,230.16104125976562,2011000.0
2021-06-28,229.36492235143714,229.87404902784758,227.1988351733474,228.24485778808594,613000.0
2021-06-29,230.26285475654427,231.68839546155274,228.92987355849564,229.74447631835938,584900.0
2021-06-30,228.8835830835193,231.2163001428117,228.69844994780627,230.38319396972656,590300.0
2021-07-01,231.7624641404089,233.45645999461732,230.54057405894534,232.33639526367188,537200.0
2021-07-02,231.91978260911063,232.94728762686128,231.48472615091094,232.27154541015625,372200.0
2021-07-06,231.43847752171345,232.0309120542465,227.71724061046515,228.8188018798828,457600.0
2021-07-07,226.83786075337937,230.614636414267,226.83786075337937,230.4294891357422,517500.0
2021-07-08,226.85634982044638,228.47628943084743,222.55193038081492,223.39430236816406,672700.0
2021-07-09,227.28215957525717,230.54980813081227,226.06026958729387,230.44798278808594,564500.0
2021-07-12,228.39298353110328,233.4286841330734,228.30967573523878,232.94732666015625,443200.0
2021-07-13,232.8732575651644,233.25277552146076,230.16100859847498,231.04966735839844,395300.0
2021-07-14,230.7349363679483,232.641848575326,226.82856657500147,228.50405883789062,422800.0
2021-07-15,226.63416641790812,232.18824471034625,226.49530598574626,230.36465454101562,452100.0
2021-07-16,231.0774323461199,231.53100636774926,228.32816245579923,228.43923950195312,486300.0
2021-07-19,223.96821156862921,224.22740076735417,218.9695465935028,220.41360473632812,478000.0
2021-07-20,220.20993576982187,228.9853750720862,220.20993576982187,227.5505828857422,486700.0
2021-07-21,229.9943830459817,233.9933119802317,229.30012327530105,232.45668029785156,475300.0
2021-07-22,231.54952538780657,231.90128820253025,228.36518488015454,228.5318145751953,457700.0
2021-07-23,229.75370426870984,232.05865186233603,229.42045900366452,230.39242553710938,445000.0
2021-07-26,230.9478488827825,233.67860135545408,230.05919009646195,232.48446655273438,368700.0
2021-07-27,223.77386033180392,233.5582893646916,223.77386033180392,231.00341796875,714200.0
2021-07-28,232.85475165847583,235.37260179194317,230.3924400518897,233.32684326171875,532300.0
2021-07-29,235.88170025063016,240.72298684425584,234.46539736099146,239.94541931152344,556700.0
2021-07-30,239.29748262903132,242.45405398515936,238.22369072273378,238.41807556152344,457100.0
2021-08-02,240.32498643829345,243.5926350197472,238.71431261754176,239.2141876220703,444100.0
2021-08-03,239.79733229569902,241.17661435792843,235.68732599579678,240.556396484375,380700.0
2021-08-04,238.20518512006933,240.7045320332271,236.31680442709285,236.56674194335938,339700.0
2021-08-05,238.51991223978885,242.2504004808427,237.45535793381126,242.2411346435547,370700.0
2021-08-06,244.86289448377465,247.69845081030294,243.99828557566173,246.91751098632812,379800.0
2021-08-09,246.30389563959045,248.26556529873963,244.0726350705436,246.9360809326172,289700.0
2021-08-10,247.41019389352311,251.3800059314742,245.8390085659241,249.5577850341797,354100.0
2021-08-11,249.57644137377508,253.75075962127846,248.90706035579518,252.24465942382812,546400.0
2021-08-12,250.8314620752829,253.97383273850184,250.65481792282884,253.62054443359375,345800.0
2021-08-13,253.62988641794698,254.3550467990533,251.4358216035288,253.03489685058594,300400.0
2021-08-16,251.79837398413537,253.25800068893074,249.57641959728218,252.18885803222656,321700.0
2021-08-17,250.05980266728906,251.81690961848102,247.01040740470395,249.83668518066406,397600.0
2021-08-18,248.63748373375952,250.32022840331058,245.1232398793572,245.45791625976562,413000.0
2021-08-19,241.78558488276144,245.82976045226843,240.48401863690142,242.05517578125,467000.0
2021-08-20,242.28760646477417,245.13249699070906,241.46019333029022,243.20802307128906,511400.0
2021-08-23,244.58399432409578,247.60550117419956,243.57993683913557,246.38760375976562,471500.0
2021-08-24,246.89893252264758,249.82746401734067,246.64789689291814,249.2882537841797,282500.0
2021-08-25,250.29232902135385,254.9408010495552,249.604364240227,253.50906372070312,309500.0
2021-08-26,254.12260221028995,254.12260221028995,251.0081210518378,251.0360107421875,355800.0
2021-08-27,251.82629404121425,257.14414664684415,251.5195074015901,256.9861145019531,578500.0
2021-08-30,258.11107453540103,258.40858356850487,253.5369653605042,253.60205078125,286600.0
2021-08-31,253.7786797844856,255.20111107197312,252.3469424740142,253.722900390625,609600.0
2021-09-01,253.29517596361273,253.96455686917653,249.69723586369904,253.13711547851562,439900.0
2021-09-02,254.35506701003985,255.33126307464693,253.14647573616728,254.6804656982422,345900.0
2021-09-03,253.7879825077546,255.66595494469354,252.35624521589844,253.2022705078125,388200.0
2021-09-07,252.84898221090597,254.8385134349625,250.84083894111578,250.8687286376953,374900.0
2021-09-08,250.69210673960373,251.94719994139174,248.53520877214825,250.1807861328125,334400.0
2021-09-09,250.09706084707244,254.02037174166867,249.62290769754003,250.5990753173828,351400.0
2021-09-10,253.08135270553524,253.08135270553524,247.90294927495805,247.9773406982422,370900.0
2021-09-13,251.02677560694858,251.50090042319073,248.2004968941271,250.63629150390625,372600.0
2021-09-14,250.96160092821444,252.25386083630642,247.1498498492795,247.8378143310547,432900.0
2021-09-15,248.26559213131893,253.87164803901052,247.29870204382397,252.19818115234375,540200.0
2021-09-16,253.13725658986323,254.4109337129025,249.8275459262478,252.17967224121094,390300.0
2021-09-17,251.46371253806257,254.46660682638898,248.87916364166145,250.5990753173828,1194200.0
2021-09-20,244.07263165248355,244.07263165248355,233.80881331819316,238.28993225097656,810000.0
2021-09-21,240.50255890424626,240.5490322584907,234.46883934153485,235.6774444580078,519200.0
2021-09-22,239.1173789866314,242.41778231556256,237.88086971199394,240.91168212890625,442900.0
2021-09-23,243.53338365117654,251.23124975303446,243.4961879425843,248.92559814453125,425500.0
2021-09-24,248.50726337743168,253.0441758880133,248.4607900134203,252.3190155029297,385400.0
2021-09-27,253.04414463441472,258.88262270839016,253.04414463441472,258.0830993652344,493900.0
2021-09-28,257.4694534294231,259.38462076098,251.75184111930858,252.08651733398438,509000.0
2021-09-29,253.00706644066673,253.9646506089634,250.60843882204395,251.67758178710938,331400.0
2021-09-30,253.37886465689925,254.04824561431295,245.42068459210037,245.5508270263672,581300.0
2021-10-01,246.85239867684615,251.41720069422416,244.40732671473754,249.65078735351562,484200.0
2021-10-04,248.06096524712902,252.69082330904297,244.92790093897972,246.26666259765625,444600.0
2021-10-05,248.1074652056635,254.75477248767442,247.33583156993333,253.7414093017578,494800.0
2021-10-06,249.96689868091434,254.58748042726373,248.2562645955963,253.98318481445312,477000.0
2021-10-07,256.34458414337774,261.14180947336666,256.34458414337774,256.9209899902344,512100.0
2021-10-08,257.15342559484753,261.86698207512427,256.1772296456927,259.4776611328125,380900.0
2021-10-11,259.2265930850816,264.1167931238204,257.6926034964619,257.7391052246094,400300.0
2021-10-12,258.4364517871054,261.0488907031148,255.27546822414317,259.84027099609375,397700.0
2021-10-13,259.71012036830774,260.0726864085952,253.78797194344872,258.7804260253906,356400.0
2021-10-14,262.3132290128621,265.83677819206054,260.4538404983325,265.7344970703125,456400.0
2021-10-15,269.08138028820383,271.7495980510336,267.26849365650446,269.4904479980469,466000.0
2021-10-18,268.9047905509538,270.16918964784526,266.72930912938205,268.69097900390625,343200.0
2021-10-19,270.40166476459035,273.0977732774347,269.14657145129314,272.5678405761719,304300.0
2021-10-20,271.57295312125416,276.47245960469655,270.9221842188943,275.8681640625,322500.0
2021-10-21,275.3754760227848,277.0489144930625,274.0459915482206,275.2917785644531,346200.0
2021-10-22,275.7658696253125,277.92276682655313,274.5572785993141,277.23480224609375,607000.0
2021-10-25,278.2575109986613,279.4475186462889,276.22147807757676,277.0489196777344,451100.0
2021-10-26,278.68514127945764,279.8379530034836,276.4073791503906,276.4073791503906,480300.0
2021-10-27,283.556738573983,285.9274474985,274.72464343807206,275.48699951171875,595900.0
2021-10-28,276.9373271667189,282.26445705030204,276.9373271667189,282.1900939941406,559500.0
2021-10-29,281.36264184936084,284.7281300212962,279.52183727944566,280.88848876953125,533300.0
2021-11-01,282.14366431303125,284.45859427018706,280.386528293488,284.27264404296875,381700.0
2021-11-02,284.48642147663566,288.19589220704114,284.26330395060074,286.2249450683594,572000.0
2021-11-03,284.3377858178825,289.30235145080235,284.3377858178825,288.4284362792969,386800.0
2021-11-04,287.9262568041041,288.18657000156946,282.3573701870257,285.12786865234375,439600.0
2021-11-05,287.68469795637736,289.5136579029153,284.4934012016562,284.8293151855469,402800.0
2021-11-08,286.61154021640306,288.43115933801823,285.2865084825655,286.40625,395200.0
2021-11-09,284.71738667482515,286.3690494414929,282.3192292915121,284.79205322265625,496700.0
2021-11-10,283.1963527840437,287.6380722746945,281.99263244969865,284.4467468261719,395700.0
2021-11-11,283.9988804898679,287.5167797435901,283.2430454472298,285.64117431640625,346000.0
2021-11-12,285.51981614514165,288.39385094567666,283.85884187899546,287.8992919921875,328100.0
2021-11-15,288.19800936190273,289.784317696596,286.31306328363297,287.1062316894531,376900.0
2021-11-16,287.4794214969892,291.277277255401,285.16527133614176,288.039306640625,456500.0
2021-11-17,287.40483689630753,287.918048428558,281.4141131558202,282.1886291503906,565300.0
2021-11-18,283.76541936674016,285.0344650947017,280.15420343337996,282.8976135253906,414800.0
2021-11-19,279.9864026882025,281.74069639121745,275.3580733385284,279.51983642578125,781000.0
2021-11-22,282.9443956014908,285.92109011081504,279.07190199927624,281.162109375,580000.0
2021-11-23,281.1994240070789,284.2600968088089,279.67841380335534,283.64422607421875,513600.0
2021-11-24,281.36736231100116,283.4575694094657,279.1744958584499,282.23516845703125,435100.0
2021-11-26,272.2414571385653,275.2461454823945,266.41871837614315,272.23211669921875,499200.0
2021-11-29,277.74691833193344,277.74691833193344,269.1247820455563,274.07037353515625,574000.0
2021-11-30,269.6938747655317,272.1480171586532,266.2226216291388,270.235107421875,2654100.0
2021-12-01,276.62714409222485,279.3425346377128,265.68148949379537,265.88677978515625,827100.0
2021-12-02,268.462195047415,277.4015906490546,267.06249648820415,276.00189208984375,549000.0
2021-12-03,277.32697098832335,277.6722254328575,267.23981164720055,270.7950439453125,656000.0
2021-12-06,274.19158373370794,276.48708115218614,271.4668534431098,274.0049743652344,591900.0
2021-12-07,278.5959826332607,282.89773742801043,278.01744515230837,281.4140319824219,468200.0
2021-12-08,280.9194693189732,284.02681584491074,278.7826168417165,280.48089599609375,548300.0
2021-12-09,278.8385940148245,280.15431394341596,276.6643798610258,277.4668884277344,445600.0
2021-12-10,279.4638042279294,279.88372518497886,273.7530386829203,277.8961486816406,637400.0
2021-12-13,277.4855414570891,277.4855414570891,271.8121097263857,273.2584533691406,589700.0
2021-12-14,272.4840366613581,276.3285380928583,271.7282015972498,272.6986389160156,840400.0
2021-12-15,273.8556729735086,278.3533489401378,270.73901456202753,278.29736328125,545600.0
2021-12-16,282.10453979904844,285.0718934264369,278.7639105018283,280.154296875,609500.0
2021-12-17,278.8852437813453,279.66907149003254,272.66126733571065,274.92877197265625,1524500.0
2021-12-20,271.02841033944964,271.02841033944964,260.054760422431,264.84173583984375,613700.0
2021-12-21,268.5647773590249,275.86187802887633,268.47145844323654,274.80743408203125,541800.0
2021-12-22,275.0873567697956,279.6223939972735,274.3315219780383,278.7172546386719,371900.0
2021-12-23,279.79044567919783,283.7935920819834,279.79044567919783,282.0672912597656,345900.0
2021-12-27,284.09215985835453,287.1621448351955,282.4964830111262,286.8355712890625,332500.0
2021-12-28,284.9693148896047,289.2710415482127,284.9599744530627,285.2305908203125,547400.0
2021-12-29,285.24919092187076,287.9086234471659,283.98011629327664,284.9879150390625,333800.0
2021-12-30,285.8184971862708,287.0408985850199,281.4514435566811,281.7780456542969,251400.0
2021-12-31,280.9474453263807,283.4949066208157,280.9474453263807,281.4886779785156,282600.0
2022-01-03,283.373653710096,285.8557894279367,282.19792619518154,283.9148864746094,390500.0
2022-01-04,287.90866772623065,298.1077976360993,285.753134242317,296.81072998046875,819500.0
2022-01-05,301.5883891684287,301.7283533265886,293.4794667080712,293.8807067871094,736100.0
2022-01-06,296.45613654190475,298.6769674461427,293.0595213761222,297.8558349609375,512800.0
2022-01-07,298.1078250635488,298.78902200402905,295.12178983154,297.9771728515625,587300.0
2022-01-10,299.53545684858426,299.53545684858426,291.25857822032424,297.34259033203125,651100.0
2022-01-11,298.4997383423979,304.63039659333816,295.51370325924256,304.2291564941406,488200.0
2022-01-12,304.9943548201888,308.3256445868122,303.00677809427157,306.25408935546875,453300.0
2022-01-13,306.8979164898584,310.14519888736874,304.4624262147859,305.4328918457031,500300.0
2022-01-14,299.13427114746435,306.73929478779337,298.5463931578405,306.608642578125,589100.0
2022-01-18,302.6521200688156,302.8574103093512,294.59918394167073,297.8558349609375,515300.0
2022-01-19,300.0113801606045,300.0113801606045,290.0175125484909,290.9786376953125,611800.0
2022-01-20,292.46236149570325,297.25864709508534,288.300570599901,288.7111511230469,403600.0
2022-01-21,287.3114531361571,287.3114531361571,278.59600015362827,279.3611755371094,879700.0
2022-01-24,271.4295779845202,281.4420711828351,264.83232457367376,280.8355407714844,839600.0
2022-01-25,275.00342083119506,281.80596348624357,269.8058953987732,278.5679931640625,620300.0
2022-01-26,284.20411146545814,287.21811056942994,274.7141434439379,278.81060791015625,929400.0
2022-01-27,279.94906894691144,296.2042199019718,278.8852843096414,283.4016418457031,1051300.0
2022-01-28,280.67693990907605,280.86354932773685,268.12629606863925,278.157470703125,922600.0
2022-01-31,276.7950971098855,284.8946803484562,275.5633553795193,283.9615478515625,1083900.0
2022-02-01,285.6784882775139,288.2352905047635,280.47162183833746,287.49810791015625,1098100.0
2022-02-02,288.2259372200388,292.78893979977136,286.6302888064578,292.2663879394531,664900.0
2022-02-03,288.5058842427055,290.65210596525594,283.47631514197,283.9055480957031,645000.0
2022-02-04,284.0548469589321,290.10155536821543,282.9070838162101,287.49810791015625,796100.0
2022-02-07,287.3581180828341,293.4514711788568,286.4063048622174,291.0533142089844,821100.0
2022-02-08,292.9569341878483,294.7952061914274,291.8278234580307,294.2353210449219,702800.0
2022-02-09,297.8465353136054,301.1031583019075,296.3441773300984,297.81854248046875,656000.0
2022-02-10,294.76572277570574,303.3810556930796,293.6607210090615,295.82391357421875,840300.0
2022-02-11,295.1684674987888,297.9403460132828,283.05082618489274,284.68023681640625,756200.0
2022-02-14,284.97045633325456,287.7423340975851,277.2822271254867,281.8240051269531,794400.0
2022-02-15,285.25137381094294,290.7295996015528,283.6125900278276,288.8847961425781,745600.0
2022-02-16,286.431383631723,293.81059943464595,286.431383631723,292.2748107910156,584700.0
2022-02-17,287.6487160838647,289.6058887795506,279.7544385107789,280.37249755859375,470400.0
2022-02-18,279.3891683657055,285.1951267791868,279.3891683657055,281.4587097167969,640300.0
2022-02-22,280.43808803777466,282.83539266857906,275.4936436644748,278.4996337890625,556100.0
2022-02-23,281.37448492336057,282.93836539773343,272.7685269478895,273.0307312011719,706300.0
2022-02-24,264.2375461894848,271.7197566056881,261.1847165476735,270.9705810546875,911300.0
2022-02-25,272.59995998511647,284.18381468542276,272.45949853090025,283.5282897949219,744900.0
2022-02-28,274.8006555079797,283.87483820351054,273.74246477836056,280.73773193359375,776300.0
2022-03-01,275.7371397925091,277.37592388023944,259.79877568926776,261.3345642089844,1009200.0
2022-03-02,263.9284890685537,274.7819174730243,263.9284890685537,271.47625732421875,651100.0
2022-03-03,271.6167260157425,273.88294270879237,267.77731214825525,271.9444885253906,513000.0
2022-03-04,264.8836677136226,266.8783065272606,259.02152266340306,263.6007385253906,660500.0
2022-03-07,260.7351774908211,261.41879473428435,247.8683927092923,248.0837860107422,808800.0
2022-03-08,250.0596886514725,253.91784953586438,241.7627737408018,244.77813720703125,1056100.0
2022-03-09,255.94997947497004,261.4656434476154,255.20080391270986,257.0736999511719,625600.0
2022-03-10,251.65167889773878,256.4650067106279,250.89315831131435,255.21954345703125,520800.0
2022-03-11,259.12442909096666,260.24817773630474,254.40475336802305,254.59202575683594,451400.0
2022-03-14,259.1338711589916,261.7184765790841,254.8168313606215,256.212158203125,492300.0
2022-03-15,258.91850806131885,262.06498831965587,256.84896590577085,261.8215026855469,578300.0
2022-03-16,266.0448681927251,277.47888965528347,266.0448681927251,275.7558288574219,838000.0
2022-03-17,272.11299761589356,280.8406982421875,271.317039823624,280.8406982421875,616600.0
2022-03-18,280.718983043701,282.3577669057642,274.7631879825015,281.7022705078125,1157300.0
2022-03-21,283.13498907111114,284.95170003177645,277.46946291381965,279.857421875,536800.0
2022-03-22,283.53764898160847,288.62255341217036,282.32962338061776,287.93896484375,603700.0
2022-03-23,285.7102352245995,289.54030337402463,283.1443487680283,283.8935241699219,494500.0
2022-03-24,285.18582689690646,291.9656999637689,282.9102369765935,291.9095153808594,663600.0
2022-03-25,292.50888827047316,296.08612654679933,291.09487120083935,294.6346435546875,706700.0
2022-03-28,294.77513216355885,294.95305958904373,288.3792042065017,291.3290100097656,672000.0
2022-03-29,297.1161703796996,298.2492642674585,290.66405960431524,292.37774658203125,551600.0
2022-03-30,292.37778944605,292.5650904732916,289.43732907147773,290.8607482910156,431400.0
2022-03-31,289.59645728453285,291.73155694208316,281.27142333984375,281.27142333984375,751000.0
2022-04-01,284.2212789054656,285.9724317065361,276.6454196866168,278.5089416503906,609400.0
2022-04-04,279.6233746129683,284.24005632978407,275.8026508225435,278.6213684082031,571000.0
2022-04-05,277.4976592996187,281.6835835462999,276.84216276137533,279.5672302246094,618100.0
2022-04-06,273.4614818695718,276.6079614026474,272.4220385077765,273.6862487792969,732400.0
2022-04-07,272.59067884158816,274.92242550700547,266.8689945664567,270.9144287109375,626800.0
2022-04-08,270.93309985331746,276.41132551231993,269.15385464716053,274.41668701171875,461300.0
2022-04-11,275.0909600725341,278.96783974091306,272.0475042224711,272.2816162109375,417700.0
2022-04-12,271.8133740720202,276.420681693439,268.6668942966488,269.64080810546875,595000.0
2022-04-13,267.580577264974,274.4634741057929,267.580577264974,274.1357116699219,395300.0
2022-04-14,274.32298988912,277.2540757451475,272.0755211381394,272.2534484863281,424800.0
2022-04-18,270.35254410129517,272.89968375797235,268.1331383761417,271.9444885253906,534300.0
2022-04-19,274.0701926919599,279.6326663826593,273.0962789692327,278.7149658203125,540500.0
2022-04-20,281.1777896677742,284.64262893845745,280.5597307693235,281.7209167480469,553900.0
2022-04-21,285.6165720570455,286.1971651064331,272.15982207066,273.1711730957031,571400.0
2022-04-22,271.44819967147856,272.6843179926159,262.05562659661933,262.2803649902344,723800.0
2022-04-25,259.03087649622574,264.2749911927152,254.74195708268007,263.10443115234375,823900.0
2022-04-26,252.84089537920818,262.0930038270647,246.81016951428433,247.73724365234375,1268700.0
2022-04-27,247.23159527212692,252.68169980274646,246.53860446014116,249.29176330566406,684400.0
2022-04-28,251.5861208165443,257.0549736573289,248.3834561113568,255.56602478027344,596900.0
2022-04-29,253.99279989246887,257.6543149811477,247.75605281834615,248.61756896972656,771200.0
2022-05-02,250.3219209705719,252.32593347513458,246.45438602864797,251.72659301757812,727200.0
2022-05-03,253.35594281930292,257.4294964964492,251.70781411167002,254.79808044433594,518800.0
2022-05-04,254.52656726846504,266.20407553589274,252.55067561048227,265.5017395019531,737100.0
2022-05-05,261.4843437282175,263.0201033432663,250.80881536410212,253.49644470214844,602200.0
2022-05-06,252.48039262758607,254.6065921407545,246.64749834090014,250.81520080566406,665800.0
2022-05-09,246.53457202967093,249.4040053206482,242.15050586530074,244.2672882080078,782300.0
2022-05-10,247.56004431165218,250.42003159318034,238.86710587790537,244.03207397460938,901000.0
2022-05-11,243.62749327229392,250.5987655804002,240.52289109296612,241.22848510742188,717400.0
2022-05-12,238.1897690021626,242.037605763061,231.4631103251818,236.11062622070312,888800.0
2022-05-13,239.9019983934555,247.1366923281375,239.85495591485758,246.12062072753906,719200.0
2022-05-16,244.89761445080129,248.171581631499,241.57661914454357,245.1328125,537400.0
2022-05-17,251.22914448393846,253.65637560508077,248.76427363769452,253.1201171875,566500.0
2022-05-18,249.30992758180963,250.89045155289264,243.74984235536164,244.5307159423828,622800.0
2022-05-19,239.93023573598109,245.55618347750593,238.20858427213818,238.88595581054688,730000.0
2022-05-20,241.99997092084064,243.86272097097688,234.05026590570148,240.85220336914062,717300.0
2022-05-23,246.76978240837616,249.43224041056234,244.1355757344423,247.4659881591797,519100.0
2022-05-24,245.30211226136566,246.17707069631095,238.1803238399482,245.19863891601562,574700.0
2022-05-25,243.8533689816299,251.00336729771303,243.8533689816299,249.54515075683594,581300.0
2022-05-26,252.57449562933272,259.037733770689,252.57449562933272,258.0875244140625,592000.0
2022-05-27,258.934257536024,263.55355086160034,258.614391620962,262.001220703125,660300.0
2022-05-31,259.2258378654073,262.6126948355895,256.81741262232083,259.91259765625,1919600.0
2022-06-01,259.6962675977429,261.02278794629365,251.41727962753023,254.42782592773438,515500.0
2022-06-02,254.9828719907428,259.4422171872618,252.29222046848568,259.29168701171875,412800.0
2022-06-03,255.95190518050737,258.32269101771726,254.99230754154806,255.28395080566406,400900.0
2022-06-06,257.7864322797981,260.88161737421603,256.064766793908,258.0404357910156,359400.0
2022-06-07,255.48149679409366,260.8534115707171,253.84452775048734,260.6558532714844,446200.0
2022-06-08,257.84290640693507,260.06316205645174,255.56617681567892,256.0459899902344,369800.0
2022-06-09,255.88606828748019,256.34707600136153,249.83678116663742,249.968505859375,469700.0
2022-06-10,243.92859080039258,244.59654519692492,236.65627140210117,236.6844940185547,471500.0
2022-06-13,228.64071556592563,230.78572052418713,224.48241597647666,226.1664276123047,580600.0
2022-06-14,227.6905101414689,230.70104201790073,226.4862973908962,228.6783447265625,631400.0
2022-06-15,231.6041883367526,235.70604239699753,227.32359583904906,231.8864288330078,534600.0
2022-06-16,223.6074390045279,224.63291320988628,219.75020036020538,221.65060424804688,635100.0
2022-06-17,223.6074524672503,225.1033227696864,219.35508264365382,221.1802215576172,1066600.0
2022-06-21,228.0762434910592,228.9135623204134,225.06571135729797,228.23619079589844,579700.0
2022-06-22,224.3788980839338,228.26437374299766,223.7767917618218,226.83436584472656,541200.0
2022-06-23,227.3989021458818,228.17034432977027,221.1520421503715,225.37619018554688,479000.0
2022-06-24,223.7015477487728,234.5959221530093,223.7015477487728,234.53005981445312,954700.0
2022-06-27,236.13883146792787,236.75034062799602,231.44427343536094,232.592041015625,637700.0
2022-06-28,235.81897412300614,237.81344897490493,229.21460892040122,229.32749938964844,628700.0
2022-06-29,229.67560703995017,229.7602748936469,225.1880241744744,225.79013061523438,1000100.0
2022-06-30,221.08613653458045,226.93786436064696,217.83098965478214,223.60745239257812,859700.0
2022-07-01,222.37505202609657,226.87203768074292,220.13597630837958,223.8803253173828,563100.0
2022-07-05,217.91572929379566,221.47192310874152,215.28150793133725,221.37783813476562,779200.0
2022-07-06,220.3335034609651,223.17469957748534,216.54211250641214,219.74081420898438,780200.0
2022-07-07,222.86425410596655,224.71761580874443,219.97602964087284,224.1625518798828,483800.0
2022-07-08,224.8304962891876,225.03747170352858,220.1265357002537,222.5255584716797,494700.0
2022-07-11,220.4464207202796,221.28372514908904,217.2665386993555,217.6992950439453,584300.0
2022-07-12,215.55429104699746,221.26490624124466,215.55429104699746,217.9344940185547,580200.0
2022-07-13,214.82043655093213,216.22222176437822,210.25760407636886,214.52879333496094,557700.0
2022-07-14,209.2886035444944,210.7185971095109,206.96484605715847,209.90951538085938,718900.0
2022-07-15,214.124268766747,217.74630941823455,209.26036140716462,216.692626953125,586000.0
2022-07-18,220.50285188463647,222.14923802150446,215.3378982073368,216.551513671875,464000.0
2022-07-19,219.98545853039295,224.83053298566065,219.98545853039295,223.98382568359375,642100.0
2022-07-20,223.26879771080726,227.91629882714983,221.78234440593053,227.69992065429688,506100.0
2022-07-21,227.07901850045988,231.01153753061325,224.6423700427987,230.81396484375,601200.0
2022-07-22,232.23454783712043,233.95618483793092,228.19854147692806,230.55052185058594,559200.0
2022-07-25,232.4791581940239,233.35408803845846,230.28711067293528,231.47250366210938,635800.0
2022-07-26,229.5815034099758,230.54111540656467,225.1786031115364,227.2765655517578,778500.0
2022-07-27,232.13106867558918,242.37629498634905,231.22790186248838,241.33200073242188,1007600.0
2022-07-28,242.27279450261224,248.3314985048103,238.00160427513788,247.04261779785156,921900.0
2022-07-29,247.2119423254992,255.6226264231408,247.2119423254992,253.93862915039062,842700.0
2022-08-01,250.94687780319992,254.20203916991372,249.51688413430546,250.7775421142578,549800.0
2022-08-02,248.48199706418214,253.81630073656808,248.2656332628145,248.4725799560547,747800.0
2022-08-03,251.12562863014935,255.88603436436853,249.73327469551072,254.0703125,590100.0
2022-08-04,253.35529761845092,256.3658437820042,253.07307147654728,254.4654541015625,498900.0
2022-08-05,252.59404154659902,258.98333317463903,252.59404154659902,254.30477905273438,604200.0
2022-08-08,256.4408406803282,258.1704709411174,254.93803960941392,255.35391235351562,477500.0
2022-08-09,254.90966656086974,257.7923930574617,254.31421113876848,256.4880676269531,409000.0
2022-08-10,262.480390006973,265.675035598288,261.69591985504445,265.4954528808594,627200.0
2022-08-11,269.3706686787673,270.7317017332959,266.7998316695467,267.7828063964844,645700.0
2022-08-12,268.926364076951,273.37805944222663,267.00769049898355,273.3119201660156,674900.0
2022-08-15,270.5237008916522,272.31949915297696,269.2193754547338,270.6371154785156,355300.0
2022-08-16,270.3724969835425,274.3232592948384,269.6541660745806,273.2079772949219,440200.0
2022-08-17,269.0776240894985,273.6143809124096,269.0776240894985,272.3478698730469,423000.0
2022-08-18,272.8015850780584,276.9224695831405,271.8469640741933,275.8260803222656,404100.0
2022-08-19,272.4612610365575,274.17199831786417,268.1702554322604,269.1248474121094,446100.0
2022-08-22,263.8130611880847,264.8054965193214,261.25168560029294,261.79986572265625,413200.0
2022-08-23,261.620342699148,265.5427807674218,261.620342699148,262.1307373046875,486500.0
2022-08-24,261.7997667249208,263.4443641581074,260.5049025971937,262.5086364746094,321000.0
2022-08-25,263.77524677799465,268.2364032445513,263.5767712492947,268.0946350097656,351500.0
2022-08-26,268.53890764492303,270.03227689263105,259.5977003545696,259.767822265625,531300.0
2022-08-29,257.7073850815817,258.94554264321226,255.27831643099339,256.270751953125,462800.0
2022-08-30,258.0192344116476,258.35950703062514,252.55621044269532,253.6998748779297,402900.0
2022-08-31,254.7773185655422,256.5447630899625,253.04768851614497,253.3123321533203,682600.0
2022-09-01,252.03637424907006,254.7300860733149,247.78315416152392,254.4181671142578,472800.0
2022-09-02,257.93417346790216,260.8736362404192,251.96075499248147,253.6998748779297,435400.0
2022-09-06,256.1383365651725,256.15722937960606,250.16491898913895,253.76597595214844,462800.0
2022-09-07,255.19315822449107,261.9983206480733,253.50131402513017,261.67694091796875,575400.0
2022-09-08,259.6638219433573,267.4519312560316,259.14396662743206,266.8564758300781,458100.0
2022-09-09,268.1985902313002,271.72401830037626,268.1985902313002,270.89227294921875,536600.0
2022-09-12,272.0170798682687,275.1739401547249,271.76189701138696,273.37811279296875,419200.0
2022-09-13,266.8376414828053,269.5786003648435,261.79992133396854,262.4898986816406,498600.0
2022-09-14,263.28383776042745,264.64487083222764,259.11567758353965,262.71673583984375,550100.0
2022-09-15,263.0286200640552,265.90188608513193,260.41050804966875,262.1401672363281,498500.0
2022-09-16,258.64307281312034,258.96442380723187,254.19137652210648,257.3293151855469,1019000.0
2022-09-19,254.53162980418142,263.26492964832084,254.46549051175626,262.8868713378906,407100.0
2022-09-20,260.0703149415415,261.4029944428974,257.3010021496193,260.0514221191406,380900.0
2022-09-21,262.8678821305594,263.7468739663551,255.02306603983612,255.0703125,397900.0
2022-09-22,255.68472956539642,255.88323397713026,249.45612724423722,249.97598266601562,453400.0
2022-09-23,246.6584420180041,247.452373071519,239.23892917642092,243.24639892578125,455600.0
2022-09-26,242.02716817365024,244.437315034888,238.8230613983117,239.27674865722656,680800.0
2022-09-27,243.0100650676928,243.64333493641192,235.6756433438017,238.6717987060547,581100.0
2022-09-28,239.75876380782253,246.71514280691673,237.14066626021543,245.202880859375,476400.0
2022-09-29,241.81922145692388,242.50916988147253,236.06318538953806,240.00450134277344,573300.0
2022-09-30,239.2578146673137,244.30498029898092,237.12175814456168,238.13307189941406,679100.0
2022-10-03,241.7436076034166,248.21794576345576,237.8022916389901,248.01947021484375,637800.0
2022-10-04,254.44654909273424,262.9246365650054,253.44468166807772,262.4615173339844,544800.0
2022-10-05,257.9247673036696,262.8301219480691,257.2631436607494,261.12884521484375,407400.0
2022-10-06,260.618443306892,263.7752746591086,258.81318400915177,259.9473876953125,437500.0
2022-10-07,257.60336514740163,257.60336514740163,252.38609195280986,256.9512023925781,679200.0
2022-10-10,259.4936819080107,260.04189089327804,254.6544670350096,257.9341735839844,486900.0
2022-10-11,256.2234171621347,258.6997317105962,250.9399763012889,251.68666076660156,452900.0
2022-10-12,251.5259755235089,253.65258553144415,248.53926645108493,248.95513916015625,649300.0
2022-10-13,241.93263851007345,260.16478540970536,239.78712098674427,259.635498046875,715100.0
2022-10-14,262.06452376952956,264.9472793064167,243.35982664167136,243.72842407226562,890700.0
2022-10-17,250.25003485714396,255.4767691725937,250.04209847676088,252.40499877929688,717300.0
2022-10-18,259.21958192262576,261.17604113396123,252.42387944862406,253.784912109375,555700.0
2022-10-19,251.2424325020403,254.99471877185806,248.30296996892176,249.80577087402344,454300.0
2022-10-20,248.8606080743499,252.60346231586968,243.24635555606338,243.70004272460938,530300.0
2022-10-21,244.14428374507563,252.85866032915143,243.00064819116835,252.3671875,549600.0
2022-10-24,254.74895113894578,258.23659353832903,253.6336693600405,256.752685546875,445000.0
2022-10-25,255.13650562007948,263.7468998107378,254.46545006243545,263.000244140625,830500.0
2022-10-26,271.5539370047549,282.1019268317196,270.93012789819295,276.4593200683594,860100.0
2022-10-27,279.14355225209283,285.02244863351285,278.81274048173753,283.57635498046875,709500.0
2022-10-28,285.71250175641455,295.1829971341754,284.0301176551197,295.0506896972656,638900.0
2022-10-31,292.7633632381647,296.05253102012813,290.9864575000005,292.16790771484375,774500.0
2022-11-01,294.53086740543426,297.8956359867942,294.31349898232725,296.8937683105469,577800.0
2022-11-02,295.2491404023054,301.62897159048663,291.47796053003816,291.83709716796875,562600.0
2022-11-03,287.8484476676914,295.683831632408,284.65383130523503,291.0336608886719,652700.0
2022-11-04,295.64592145210037,303.08617744856656,293.3303281770977,297.8666076660156,634500.0
2022-11-07,299.85005194596965,302.7065895108178,297.2117977336466,301.7480773925781,352400.0
2022-11-08,302.81090723824957,306.5405485154501,300.22959198191427,303.9212646484375,509400.0
2022-11-09,300.16322137053635,304.8703160396844,297.9899742769211,298.948486328125,426700.0
2022-11-10,312.7660763242374,316.7329418739354,308.1538602230032,314.65460205078125,899700.0
2022-11-11,317.2359699757201,322.10440984924566,313.7151409038306,314.2750549316406,1073700.0
2022-11-14,311.940438632712,312.8514825769152,304.11108504845066,304.2059631347656,955700.0
2022-11-15,308.8467133568398,312.063851536822,304.0731803568379,306.9297180175781,682600.0
2022-11-16,305.1170681951162,306.7683409482962,301.4064252360224,304.3673400878906,676500.0
2022-11-17,300.4858863239308,305.3922656091563,299.1667448111308,305.17401123046875,756100.0
2022-11-18,310.7921340809802,312.0163684716925,305.81931721308325,311.9404602050781,729500.0
2022-11-21,311.1528031127111,311.44699474583103,307.3187835254584,309.074462890625,546700.0
2022-11-22,311.26657070683336,315.2429350167863,310.9249401412009,313.57269287109375,428500.0
2022-11-23,312.69015726963727,316.837337763615,312.69015726963727,315.6416015625,397600.0
2022-11-25,314.39835332959325,316.97016904705487,313.62015614343323,315.46124267578125,164000.0
2022-11-28,311.92146923998547,314.6261610708279,308.3911410417588,309.140869140625,546700.0
2022-11-29,307.04356421016337,310.8965532938986,306.1799592139375,307.9356384277344,452900.0
2022-11-30,308.56197615187466,316.26795396703864,305.1265261510758,315.0247497558594,1304800.0
2022-12-01,314.94883694124815,315.8219413595399,311.0768779073583,314.0567626953125,448000.0
2022-12-02,309.77670305075844,314.3604211274294,309.77670305075844,313.344970703125,387600.0
2022-12-05,310.2511636416106,310.4978871853408,303.2853867557203,304.7943420410156,402900.0
2022-12-06,304.5950753247611,307.2902676275155,302.0137598999087,305.3922424316406,405000.0
2022-12-07,304.4811732520968,309.26420445916074,303.08612369010166,305.58203125,521500.0
2022-12-08,308.46707179944104,309.91905995751176,305.48715825480735,306.6164855957031,481400.0
2022-12-09,305.3258109512471,307.76475113655295,302.71602650017326,304.6709899902344,424200.0
2022-12-12,304.9462075055022,310.36509033031757,303.6650636584928,309.3496398925781,582300.0
2022-12-13,316.49571998471447,316.49571998471447,303.46576582424683,308.2298278808594,570500.0
2022-12-14,307.4136809421633,311.9404901152035,303.6935673284553,305.5156555175781,538000.0
2022-12-15,300.8844397093162,301.5961991746071,296.5190048247859,298.4739685058594,552900.0
2022-12-16,293.7953479768808,296.9081085703448,292.1535744906901,296.2627868652344,1249500.0
2022-12-19,295.3990923200317,296.0729120060044,289.62910941722646,290.9387512207031,642400.0
2022-12-20,292.29586317616014,293.73835181502216,289.7904561616707,292.3338317871094,501200.0
2022-12-21,295.82616246087076,298.7016690296837,294.0704836337533,297.0693664550781,623300.0
2022-12-22,293.8237446573605,294.46909516470873,289.0312431425299,292.2199401855469,470700.0
2022-12-23,292.05861739734655,295.07647040862963,290.73947602810296,292.5520935058594,464200.0
2022-12-27,293.06457471032417,294.9151608398264,290.9482662148921,292.67547607421875,291700.0
2022-12-28,292.6090252953132,293.9566358524791,288.860443119008,289.0217590332031,275800.0
2022-12-29,291.1285707404718,296.8226460640035,291.1001015223167,296.3861083984375,324500.0
2022-12-30,293.1784257294282,296.50946888411744,292.6754502610804,295.4940185546875,377500.0
2023-01-03,297.5154745121839,299.9829132669591,292.5236585588868,294.8202819824219,376200.0
2023-01-04,296.8226870504974,300.10629179280755,294.7253771259629,296.9270935058594,462300.0
2023-01-05,295.98754274968195,297.6577851699371,291.0241966094022,293.00762939453125,497800.0
2023-01-06,296.66132091489936,306.6544216382053,296.66132091489936,304.89874267578125,568200.0
2023-01-09,307.78380304600483,309.48251491139365,304.21550605840247,304.84185791015625,401200.0
2023-01-10,304.6330246073213,304.6330246073213,301.69107994808417,303.4657287597656,383400.0
2023-01-11,306.21789247373397,313.1646423339844,304.02564683700416,313.1646423339844,669400.0
2023-01-12,314.2370473739354,316.72345575126025,311.7601383903086,314.2845153808594,743400.0
2023-01-13,311.8835803786383,316.8563981811029,310.6213771366229,316.19207763671875,367300.0
2023-01-17,316.4292500694336,319.6274177540852,315.9073047474791,319.1339416503906,572500.0
2023-01-18,319.1529524327131,320.35821707070994,311.02940621562595,311.4659729003906,459500.0
2023-01-19,307.08145245188825,308.1728399977202,303.72196904934566,306.6923828125,574300.0
2023-01-20,308.5998848507883,316.89427398417956,307.5464948532685,316.2584228515625,621000.0
2023-01-23,317.1125162363163,322.3985227313064,315.9452494145558,321.2691955566406,585200.0
2023-01-24,317.59648522641237,326.19453503601693,317.59648522641237,323.61322021484375,561300.0
2023-01-25,319.8647071698435,326.2610722261342,319.0580695738071,325.5208435058594,681600.0
2023-01-26,331.43319641705773,334.3561718426984,325.5113662520694,329.6490478515625,762400.0
2023-01-27,329.95274379880635,331.63251489066215,326.70713643363547,326.887451171875,506700.0
2023-01-30,324.59079484068326,328.130622443928,324.3345718518847,325.9478759765625,537900.0
2023-01-31,326.67864099471615,332.4106566547016,323.1293139240192,332.268310546875,597200.0
2023-02-01,331.80321411589614,338.57914767500154,330.14244239552437,336.453369140625,651000.0
2023-02-02,336.8994496198402,337.5732404098419,329.51613326269046,329.98114013671875,580200.0
2023-02-03,326.96332177654403,336.2256943561361,326.96332177654403,336.0453796386719,561100.0
2023-02-06,333.2933029249584,335.62786627556227,331.11055613433996,333.1319580078125,389300.0
2023-02-07,330.55060302080494,336.25417847403054,328.7854533441425,335.31463623046875,504500.0
2023-02-08,332.6478664832187,337.3454901604539,331.3667227181223,334.71673583984375,435000.0
2023-02-09,337.0881875681357,339.8882104182898,331.1548002781286,331.6690979003906,388100.0
2023-02-10,329.65010181827034,333.7167885927856,328.98341851411703,333.0787048339844,340800.0
2023-02-13,333.06907498114845,339.0786398977624,332.4023918704954,338.4119567871094,366300.0
2023-02-14,333.6690598164144,340.44052288544424,332.8499912236239,335.94525146484375,335200.0
2023-02-15,333.3929571656442,336.55489245488735,332.7643775673313,333.62152099609375,422000.0
2023-02-16,329.9357566105966,335.8310404546781,327.8690909972514,332.8310241699219,310700.0
2023-02-17,330.8405041980986,335.94528924985644,329.5547747557598,334.74530029296875,511700.0
2023-02-21,330.80234775318036,332.72616048768685,322.04039815266043,324.26898193359375,417900.0
2023-02-22,324.4214102142947,326.18330447992076,321.0023122660974,323.18328857421875,451900.0
2023-02-23,326.116689042615,328.41191838598405,319.83092286734495,322.9452209472656,415900.0
2023-02-24,320.2309133156015,325.57382480045396,317.85947663329307,323.6119079589844,363900.0
2023-02-27,326.97383588901744,328.0881135072662,323.3547442633009,323.6595153808594,370600.0
2023-02-28,324.73578694105515,329.94535125643256,324.1929187229431,326.5453186035156,633400.0
2023-03-01,325.66902476370313,329.5547542580898,325.4785355749931,326.9452209472656,348200.0
2023-03-02,324.58332543998506,326.7643019199046,320.6023509006845,324.6690368652344,535300.0
2023-03-03,326.13573491427366,329.06907703876396,323.9642915309415,328.5071716308594,470700.0
2023-03-06,328.2500020609965,329.8785771572933,326.4023672944912,327.3642883300781,506500.0
2023-03-07,326.86905892520684,329.3071697426709,320.0023499701774,321.1737976074219,544900.0
2023-03-08,321.8976032524331,325.7928665931175,319.6118779190791,320.9261779785156,743400.0
2023-03-09,319.43093331487086,321.57380634122,299.31650315787186,300.5545959472656,832900.0
2023-03-10,296.3260064123582,297.6498105747367,286.53543019609424,287.4211730957031,1010500.0
2023-03-13,279.04975380161,279.42119916551957,261.99247696714735,273.16400146484375,1375800.0
2023-03-14,281.0877855178288,284.1925503825968,276.7829735049616,283.535400390625,1293800.0
2023-03-15,271.88767367938226,273.3352926405755,264.8971508675422,270.0400390625,926300.0
2023-03-16,267.1448041564418,277.37344083310563,262.12573042038485,274.3638916015625,933800.0
2023-03-17,273.7257764717912,273.7257764717912,264.7542707586057,268.0304870605469,2111100.0
2023-03-20,270.4496447767313,274.76396162510747,269.2591596743695,274.1068115234375,757700.0
2023-03-21,282.792546927487,287.8782950911104,281.57349151446016,287.59259033203125,1028100.0
2023-03-22,286.72592354299445,291.4783302726306,281.9449463364806,282.1354064941406,1096100.0
2023-03-23,282.1163192922073,289.9068446315453,281.9258301036696,283.0115661621094,1242100.0
2023-03-24,277.5544011464255,278.0210909854119,270.1829280366859,277.5639343261719,920000.0
2023-03-27,284.4021169122192,288.1830986608425,281.6592346579081,284.03070068359375,710000.0
2023-03-28,283.4973765702737,286.05927380228394,282.58306307405064,285.0973815917969,648300.0
2023-03-29,287.3544985614462,287.3544985614462,283.40209431137123,287.2783203125,511100.0
2023-03-30,290.14493365746114,290.71637214289166,285.0877568308535,286.31634521484375,446300.0
2023-03-31,289.7544849180232,292.12595054902573,287.67828627494066,291.9068908691406,511800.0
2023-04-03,292.3259789679135,294.05933212667156,289.5069185881653,291.6878662109375,399000.0
2023-04-04,293.91637948698093,294.649736680532,282.57346657883227,285.9353942871094,523900.0
2023-04-05,282.21159377919275,284.3449334068512,280.84968603705624,284.27825927734375,736300.0
2023-04-06,284.6116207326066,286.5640335322526,282.27828761807916,283.16400146484375,430800.0
2023-04-10,282.0877415036298,287.8211055292414,280.99250135937,287.6782531738281,371400.0
2023-04-11,289.99261518216235,293.48789195905454,288.7164187395131,291.3069152832031,342400.0
2023-04-12,293.43069729486086,294.7068935039181,288.4687648207336,290.440185546875,529000.0
2023-04-13,290.5354458149404,294.6402352733053,288.8116260686002,293.6783142089844,307400.0
2023-04-14,297.44030036231,298.7831709589872,293.26883618211605,294.6974182128906,381800.0
2023-04-17,292.8974234055482,296.7926869674314,289.99262247013286,296.77362060546875,586400.0
2023-04-18,297.3735943744022,300.6688774989337,295.7640564669572,300.6022033691406,508800.0
2023-04-19,297.73545951829277,302.8212067139956,297.73545951829277,300.92596435546875,342900.0
2023-04-20,298.0497752586101,301.4307403411907,298.0497752586101,300.7259826660156,537600.0
2023-04-21,299.9546161900201,301.31652407252096,295.049794673538,299.14508056640625,571200.0
2023-04-24,298.72600971688087,299.5641157683529,294.2688410590421,298.01171875,651900.0
2023-04-25,285.5259461510839,285.65929443860193,275.74493064245456,276.20208740234375,1292700.0
2023-04-26,274.8972108785146,280.6496118943843,274.85910723088375,278.58294677734375,882600.0
2023-04-27,280.6401541808371,288.5830657479391,279.9163300790126,288.0116271972656,732000.0
2023-04-28,286.3449785231855,291.3640528016292,286.3449785231855,290.5926208496094,594200.0
2023-05-01,292.0307423753473,292.84978211917377,287.90688598455387,288.1735534667969,517400.0
2023-05-02,287.4592307563737,287.4592307563737,277.1258451604655,280.1925354003906,487600.0
2023-05-03,281.27824060238254,284.7544506455288,274.60199208227124,275.07818603515625,489400.0
2023-05-04,271.92582644744095,272.9829922999214,266.52580246273396,268.59246826171875,1024500.0
2023-05-05,271.98968212018747,281.0713069744742,271.98968212018747,278.6501770019531,709000.0
2023-05-08,282.8704507552692,282.88002979024793,276.8415580023742,281.0522155761719,647300.0
2023-05-09,278.2482725354733,282.13356373520725,277.07119033485935,280.86077880859375,471200.0
2023-05-10,284.40159318821065,285.1001910072862,275.492214957143,278.3439636230469,483500.0
2023-05-11,275.2433692201614,278.20997842334657,274.2481134633236,278.07598876953125,332800.0
2023-05-12,280.47794794533934,281.00429824388965,277.7027446040345,280.7076110839844,525700.0
2023-05-15,282.43977206466155,286.27719690910857,282.09524812696077,286.0092468261719,525000.0
2023-05-16,283.7604047626279,286.34423244749905,280.94691388954516,281.75079345703125,508400.0
2023-05-17,284.7939925588284,289.49271405658334,283.2628362517273,288.1816711425781,417000.0
2023-05-18,288.4016855277722,291.4735472299111,286.5356138713424,290.6314392089844,398400.0
2023-05-19,292.38276162928264,293.70338363141235,287.9902770598372,290.794189453125,453400.0
2023-05-22,291.0142548019059,293.5597956370337,289.20556952258863,290.9281311035156,480900.0
2023-05-23,289.69359379527407,291.7606498898967,287.2628848871017,287.4734191894531,464200.0
2023-05-24,285.8944564922729,285.8944564922729,279.31050584244576,280.42059326171875,544100.0
2023-05-25,280.0568864755733,292.956835169312,280.0568864755733,292.5357666015625,920700.0
2023-05-26,293.9616883419488,296.7081843061962,292.94730368346796,295.8277893066406,638800.0
2023-05-30,297.4354662171834,298.3541480750661,292.660201317602,296.1340026855469,624600.0
2023-05-31,293.2535383049559,293.7798594935333,282.92783618078863,285.6264953613281,2094500.0
2023-06-01,287.3107653104238,292.00948581875383,286.6504544745576,290.66015625,587600.0
2023-06-02,294.32533790442733,301.51218333126803,292.009489636094,299.72265625,529500.0
2023-06-05,297.81830592953537,300.27772319935593,296.6699606844857,298.3159484863281,507900.0
2023-06-06,297.2632900020599,301.8854374976925,296.34460792426756,299.5025939941406,432600.0
2023-06-07,300.0288513965571,305.234764069699,298.63168510839176,303.49310302734375,518100.0
2023-06-08,302.1342119941668,302.8136517128201,296.4785224831122,300.9762878417969,471400.0
2023-06-09,301.4452050997702,302.28734240893914,297.61732947945563,300.82318115234375,375600.0
2023-06-12,300.7370218304295,301.818401237769,297.74170483965565,299.1867370605469,400000.0
2023-06-13,298.84220982234314,305.6749809381487,297.7608304268975,303.9428405761719,473200.0
2023-06-14,305.5984154029973,308.1343769013383,302.53613274241644,305.2060546875,470900.0
2023-06-15,303.9811331727462,313.00534193860193,303.9811331727462,311.5794677734375,545600.0
2023-06-16,315.79967510516826,315.79967510516826,310.09614975624936,311.01483154296875,937400.0
2023-06-20,308.1535399959868,309.3593008538239,303.2921220213877,308.26837158203125,502500.0
2023-06-21,307.7228812889983,312.7948041862227,307.033862593114,307.47406005859375,613100.0
2023-06-22,306.3544013816013,309.5219655123324,303.062426644419,306.8328857421875,538600.0
2023-06-23,302.98587415541164,305.83765165915264,302.00977650456485,303.37823486328125,1510800.0
2023-06-26,303.51229016217604,308.72775366579646,303.08164243238696,306.1535339355469,427900.0
2023-06-27,306.34491343863306,313.04369647867844,306.34491343863306,312.0771484375,426700.0
2023-06-28,311.4263497658926,312.479021287412,308.4501908141655,311.3880920410156,534500.0
2023-06-29,313.0340582144765,317.79019444118177,312.67998442205385,317.3212890625,443600.0
2023-06-30,320.25924374950733,320.25924374950733,316.1538386301588,317.8668212890625,499400.0
2023-07-03,316.7662613571427,322.1444215021407,316.7566823234563,320.6611022949219,244800.0
2023-07-05,317.90508954937246,319.24484020763873,315.8667410601222,317.71368408203125,551700.0
2023-07-06,314.1154495901482,315.21598714379894,311.7996013009698,314.4982604980469,569700.0
2023-07-07,313.19676613010466,319.6371770467506,313.19676613010466,318.3069763183594,465300.0
2023-07-10,318.1443107861394,323.5990157929041,316.5939966934829,319.933837890625,337300.0
2023-07-11,321.33102609741,323.25454299181155,321.0247890308077,322.7664794921875,388900.0
2023-07-12,326.43159437567675,327.7809238097698,323.14919859151877,323.5224304199219,457000.0
2023-07-13,324.2784892763078,327.6948754884536,323.60862852381604,327.18768310546875,332200.0
2023-07-14,329.19729280272264,329.19729280272264,324.0296667216939,324.7091064453125,316100.0
2023-07-17,323.62766873839234,330.22119711540944,323.62766873839234,328.2402648925781,451900.0
2023-07-18,329.16861674149135,338.39378239693724,329.0537851381534,337.29327392578125,585500.0
2023-07-19,337.77170077857335,339.6760885569185,336.1065844055247,337.30279541015625,419200.0
2023-07-20,337.60907752019216,341.6474875792862,336.63295051926536,341.5422058105469,507600.0
2023-07-21,342.393939898121,342.393939898121,337.70479773197417,338.6426086425781,414800.0
2023-07-24,338.91050298887416,342.2216069408355,338.7095477131706,339.7048034667969,305400.0
2023-07-25,339.73347961089246,341.5038484053405,337.293191816513,339.41766357421875,298000.0
2023-07-26,338.6425826570475,342.6139977826816,336.68080807823236,339.2263488769531,670000.0
2023-07-27,341.063679379546,341.063679379546,331.69494651571193,333.5036315917969,816900.0
2023-07-28,337.60903401218724,337.97268683199184,329.88628872119114,330.3551940917969,669200.0
2023-07-31,331.7906648735089,335.6185403088956,330.69973556069704,333.455810546875,450600.0
2023-08-01,331.6566929475819,334.70942583805896,331.6566929475819,333.99169921875,353600.0
2023-08-02,331.24518644556804,334.34575593724446,330.16380705500035,332.79547119140625,353400.0
2023-08-03,330.8432914668938,339.3028930943853,329.8480356270791,337.32196044921875,422700.0
2023-08-04,335.9386247209937,339.65632787215986,330.9720615523487,331.2890625,494500.0
2023-08-07,334.44960012263084,337.98477777722303,334.122983315955,335.7752990722656,336100.0
2023-08-08,330.712663362497,334.4783868034387,328.03244744859103,333.4024658203125,349500.0
2023-08-09,331.92309208393357,333.8924381076118,329.6751792434785,329.742431640625,344400.0
2023-08-10,331.4427633930987,334.6705559273698,328.3590915125771,329.300537109375,414000.0
2023-08-11,328.08051768373656,332.3265950443273,326.5530907733617,330.8760070800781,327900.0
2023-08-14,330.5589696333855,332.58592276149506,327.965208408966,330.5301513671875,410700.0
2023-08-15,327.763487018823,327.9171942137979,321.8939126096086,323.3829345703125,387600.0
2023-08-16,322.4319386251107,325.237014627327,320.62591552734375,320.62591552734375,305300.0
2023-08-17,322.2302179303741,323.69042195359197,317.40777453173894,317.50384521484375,304800.0
2023-08-18,314.1127406455384,319.9630843238744,314.1127406455384,319.2906188964844,345200.0
2023-08-21,321.0101823241651,321.8267390971957,317.8400259082797,319.94384765625,296800.0
2023-08-22,320.8083702839261,321.5768768589467,314.73706866466415,315.7169189453125,299300.0
2023-08-23,316.7640748011696,321.23111163305765,316.53352865328173,320.3088684082031,277100.0
2023-08-24,320.0686989272674,324.21870539228485,318.70459516190436,319.8765869140625,229300.0
2023-08-25,321.5768591674025,322.4894863270972,318.12813699634546,320.98126220703125,270200.0
2023-08-28,321.9900037025103,325.3330694428824,321.3655883385,323.0467224121094,249900.0
2023-08-29,322.9794505644136,327.08143621966946,320.5298099313241,327.03338623046875,349200.0
2023-08-30,327.0333885867854,328.33026923815044,326.139992991024,326.75482177734375,250700.0
2023-08-31,327.6770627150008,328.3879329058509,323.22925745786546,324.2955627441406,553900.0
2023-09-01,325.9479171237224,331.0873907717561,325.34273339375784,328.8394775390625,281200.0
2023-09-05,328.3015112267981,331.2795264092311,326.49548798132304,326.9373779296875,397100.0
2023-09-06,325.3330671295112,327.9364150963263,324.53571284294424,326.34173583984375,304300.0
2023-09-07,325.2466157805744,328.47437914125953,324.0458057237746,327.0622253417969,438700.0
2023-09-08,327.21589430919454,331.9806998491071,326.12077091002624,331.4715576171875,415000.0
2023-09-11,334.5841413417796,336.2268414154606,329.25252669505636,330.0018310546875,430600.0
2023-09-12,329.2333340876134,335.2565874148522,328.16699939986347,333.53704833984375,402000.0
2023-09-13,334.89153200166186,335.5255632882517,330.29963509271226,331.53887939453125,408900.0
2023-09-14,334.74740313113966,336.53422370522503,331.69254944263224,336.03466796875,462400.0
2023-09-15,334.1805994918058,337.12979575032773,333.0278395355309,333.4601135253906,1087200.0
2023-09-18,332.45148778749166,333.55622721518375,329.60794836521717,333.4217224121094,379300.0
2023-09-19,333.7963878985478,336.2172104943189,332.3746181931029,333.5177917480469,456100.0
2023-09-20,334.74745177411165,336.3133129756298,331.1258187416556,331.41400146484375,330800.0
2023-09-21,329.3774213399788,329.3774213399788,323.9017445607509,323.9593811035156,387100.0
2023-09-22,324.24751164510155,324.57412844043284,319.9437981390038,320.3664855957031,369300.0
2023-09-25,319.0120321747153,323.1236051797078,318.9255773572025,322.4607849121094,271700.0
2023-09-26,319.3481842383946,320.8083878542128,314.5929945763057,315.0252685546875,407600.0
2023-09-27,315.83224999900114,316.4374629633777,312.26825392913577,314.0838928222656,438000.0
2023-09-28,313.7763951203655,319.70357561989647,313.49779905013514,317.3500061035156,427500.0
2023-09-29,319.14653649624535,321.0678328379681,315.5633082649362,316.70648193359375,344700.0
2023-10-02,314.3624114477215,315.5920395950079,308.48325095236333,313.0367126464844,447200.0
2023-10-03,309.7514221259518,309.8474928136788,302.21994341134916,304.5831298828125,504700.0
2023-10-04,304.37172337542324,305.9664026497751,301.9316691299305,305.59173583984375,635600.0
2023-10-05,304.8329006356858,310.3566279084647,304.06436446860926,309.62652587890625,342600.0
2023-10-06,307.5419223349067,315.2559260455764,305.9568293850061,313.593994140625,300900.0
2023-10-09,309.7898052588562,314.0550851050864,309.78018939666936,313.41143798828125,308500.0
2023-10-10,315.2943009687023,318.2338817746535,314.0166519101189,315.9667663574219,314000.0
2023-10-11,316.02441717672406,318.089804797324,313.4114530848524,316.3798522949219,283200.0
2023-10-12,317.3116435798485,317.3116435798485,309.5303887927983,312.5660400390625,417000.0
2023-10-13,314.89081644122274,316.6295869776166,309.74172791145355,312.1241455078125,454700.0
2023-10-16,316.15888404507086,321.94200440496024,314.01665753167845,317.68634033203125,664300.0
2023-10-17,317.9360625706972,324.78548768877505,317.9360625706972,321.8747253417969,459900.0
2023-10-18,319.80933534375026,320.91407470164984,310.6927950298865,310.8272705078125,562900.0
2023-10-19,310.289318770417,312.22981726879465,303.43027765192016,304.1315612792969,513900.0
2023-10-20,304.0547308305946,304.0547308305946,296.4463851965097,299.90472412109375,1356900.0
2023-10-23,298.20438266356774,303.2958056374754,296.5712692404981,299.0977783203125,509800.0
2023-10-24,301.5474336933861,303.1997496033493,299.3571571910305,301.153564453125,476200.0
2023-10-25,299.18427277911246,300.20255750885,294.56355735926877,295.0534973144531,541300.0
2023-10-26,295.46648577493664,313.42099762259573,295.46648577493664,303.891357421875,995600.0
2023-10-27,303.42067273275273,304.1219270010123,297.3013497426879,298.3388366699219,596900.0
2023-10-30,300.9902795578569,305.4476716427684,299.13623570030364,303.4111022949219,413800.0
2023-10-31,303.4783661006179,304.52546908515177,298.8672373068116,302.19110107421875,629900.0
2023-11-01,303.3342399088446,307.3113076208105,301.36489380168393,305.0345764160156,421100.0
2023-11-02,308.63699065996536,318.47401687489634,308.63699065996536,318.3299255371094,621900.0
2023-11-03,322.4486701117555,328.2071998463425,322.4100787636045,323.8472900390625,708100.0
2023-11-06,324.3103280096558,325.4099313231485,317.500411539303,321.3683776855469,453500.0
2023-11-07,321.1561279296875,323.1624364120527,319.9407507179573,321.1561279296875,427600.0
2023-11-08,321.0789740265564,321.98567941874086,319.3909630529369,320.5677490234375,335900.0
2023-11-09,322.80556530220616,323.2010456777362,318.80257387479935,320.08544921875,263000.0
2023-11-10,321.6963201051031,325.2073676474582,319.4584927627017,324.4453430175781,378500.0
2023-11-13,322.60297494281787,324.84077249791955,322.1303119241485,323.2588806152344,511800.0
2023-11-14,328.47730577365405,333.811419400175,326.0272701169246,330.30999755859375,498900.0
2023-11-15,331.8050976752523,332.93366661822137,330.0881504221534,331.30352783203125,581700.0
2023-11-16,331.42890739817454,334.27439398377584,330.81156353355726,332.0076599121094,463800.0
2023-11-17,334.32265193507254,336.27108838065294,334.32265193507254,335.5090637207031,414900.0
2023-11-20,333.724594592589,339.0779889141919,331.79543924259525,337.1006164550781,425400.0
2023-11-21,335.933446647395,337.76616772662976,335.1328601521822,335.6344299316406,324900.0
2023-11-22,337.6215013968623,338.5571430138266,336.1167624264051,338.1037902832031,321200.0
2023-11-24,338.65362717696655,340.95898232277506,336.2711187567676,338.9719543457031,211300.0
2023-11-27,337.4767980963993,337.4767980963993,335.1136003729863,337.0909729003906,373200.0
2023-11-28,336.6762543417657,337.23569653159643,333.1941130651728,333.30023193359375,542200.0
2023-11-29,335.0653538832924,338.44137586295676,333.7052957819528,336.0106506347656,441900.0
2023-11-30,337.245318199811,341.161501449007,335.42225215109397,340.9878845214844,1166200.0
2023-12-01,340.6695208177048,345.45384706412744,339.7338793377162,343.66937255859375,676300.0
2023-12-04,341.2772443027546,345.0776829139517,340.14870484311615,341.209716796875,739100.0
2023-12-05,339.91719722891224,340.8046217214913,337.5346889807991,340.071533203125,372700.0
2023-12-06,342.7433747394939,344.4699770322455,337.505724991829,337.73724365234375,393800.0
2023-12-07,338.8368850969985,340.50561527186767,337.95911577518257,340.23553466796875,449100.0
2023-12-08,339.83997724190425,345.56957037468,339.83997724190425,344.91363525390625,418100.0
2023-12-11,346.37983226706945,353.77812619287175,346.17727920733347,352.485595703125,592800.0
2023-12-12,353.1512012426208,357.26031187875043,352.49529543717176,357.1156311035156,511500.0
2023-12-13,357.8583178459374,360.42409799684435,355.6012096161714,358.6106872558594,971500.0
2023-12-14,360.5398698532862,366.81928041914676,358.43709742518905,366.520263671875,785700.0
2023-12-15,363.49149575900674,366.17302087394904,362.4787008404634,364.4657287597656,1214300.0
2023-12-18,364.26317416428464,364.51394437516535,360.9353689829172,362.7969970703125,437600.0
2023-12-19,363.3949983820225,368.6808948494278,362.9609560728718,368.1021423339844,438000.0
2023-12-20,364.72612843759333,367.91887838542306,359.45954224689,359.5752868652344,472300.0
2023-12-21,360.96426079608375,363.7036578764811,358.97723312905913,362.71014404296875,400200.0
2023-12-22,364.57177808585107,366.1054530915657,361.9674359661107,362.72943115234375,272400.0
2023-12-26,362.81622637569984,365.7871123806937,362.7390436845421,364.8514709472656,204400.0
2023-12-27,364.938281927864,366.74203731160736,363.5203516928694,366.56842041015625,221100.0
2023-12-28,370.0024372029369,370.18570936088156,367.09904827225984,367.64886474609375,294100.0
2023-12-29,368.24683248327693,369.18247406671225,366.0765325725165,366.37554931640625,316900.0
2024-01-02,365.4688257596161,366.18260377322133,363.20206248274087,365.6038513183594,540600.0
2024-01-03,367.6005859891395,372.64530877642295,366.89643363528245,367.0604248046875,728500.0
2024-01-04,365.85466980621993,371.9604334569905,365.4302532798469,365.613525390625,411800.0
2024-01-05,364.600695078696,370.52321595610226,363.4914366728465,368.56512451171875,424300.0
2024-01-08,368.77733519383366,370.87045221542064,365.0926414962536,370.8222351074219,435900.0
2024-01-09,368.6905597617558,369.7708821195444,360.76172957000057,362.59442138671875,513600.0
2024-01-10,363.02847206482926,364.80332104957216,361.2150906005523,364.6007385253906,304500.0
2024-01-11,365.09268257401624,365.45922683308424,360.9835718920518,364.8708190917969,422400.0
2024-01-12,366.98326114552145,368.3143832179222,361.70701940781265,363.06707763671875,354100.0
2024-01-16,360.1251306169969,360.6749470325081,356.10282820428154,360.2408752441406,813800.0
2024-01-17,356.06424777054866,363.0863726723683,355.3600954099364,358.88079833984375,501100.0
2024-01-18,359.02548601503526,361.7166662542083,356.2089353916193,361.6009216308594,519300.0
2024-01-19,364.2534884015746,368.71948794629867,360.8099388831263,368.150390625,1231800.0
2024-01-22,369.1053212822666,374.92172387324484,369.1053212822666,373.3976745605469,476400.0
2024-01-23,373.7931518345752,374.22722358828884,371.2177457764982,374.063232421875,422500.0
2024-01-24,377.14026207516343,379.6578254233146,375.2111064880903,375.6644592285156,577000.0
2024-01-25,357.0094297675729,388.3871355596081,357.0094297675729,377.516357421875,1251000.0
2024-01-26,379.4937664423933,381.442232076616,375.876600362908,377.5356750488281,497200.0
2024-01-29,376.31066668071384,379.37801640743504,374.74805566659444,379.1850891113281,591600.0
2024-01-30,377.64181034924337,380.53554333892083,377.56462765170374,379.6095275878906,390200.0
2024-01-31,378.5485456164982,382.3103929129854,373.03115976945816,373.1275939941406,581300.0
2024-02-01,373.62924906369005,375.89601297724727,364.66831228366885,372.3463439941406,391600.0
2024-02-02,372.1050651355448,378.75101848224443,368.45896323016126,376.8507995605469,322800.0
2024-02-05,374.07291340961234,377.0148639182688,371.90261336456393,376.25286865234375,395200.0
2024-02-06,376.252848209317,378.55817371378083,372.42347338265296,374.30438232421875,365000.0
2024-02-07,375.3075201277805,379.2430134853081,373.0118205753184,377.4971008300781,423900.0
2024-02-08,377.4294091914005,382.34641262440573,375.6387575365852,382.1625061035156,329200.0
2024-02-09,381.978576843136,385.4243571758985,380.3427956160223,384.20477294921875,306800.0
2024-02-12,384.40805937060225,389.4218601074846,381.31074407369016,384.6210021972656,415700.0
2024-02-13,379.98471113244176,383.71119619826476,373.38354193013896,377.38104248046875,405300.0
2024-02-14,379.83944967508745,380.9525476974683,377.0034615337828,378.80377197265625,329100.0
2024-02-15,381.11713666817195,386.9149472759061,378.7554179534238,385.06622314453125,306500.0
2024-02-16,384.26287948471474,387.9022552515402,383.2175425827913,385.0372009277344,299100.0
2024-02-20,381.5527453798867,385.317925691028,377.7778469117136,384.0499572753906,359400.0
2024-02-21,383.97254087640493,384.4371219565305,380.1008743368434,382.6755065917969,466400.0
2024-02-22,385.4146646543949,390.79627790783167,384.22411675286486,390.3897399902344,341100.0
2024-02-23,392.0061578614547,395.19061121707495,391.04793003899124,394.0581359863281,319000.0
2024-02-26,392.77089789114444,397.53303117323395,390.7285784401095,394.84222412109375,517500.0
2024-02-27,395.08414289677887,397.42651378229795,391.9577915616632,395.5971374511719,362600.0
2024-02-28,394.86154276489486,400.0785972708507,394.2227143387329,397.4652404785156,354200.0
2024-02-29,398.97527010156824,399.3043582304529,392.151439736763,394.29052734375,789700.0
2024-03-01,394.5905399084591,397.7265799746162,391.0769982217997,397.4168395996094,442300.0
2024-03-04,396.3231454668355,401.3466352716614,393.9420787652184,399.14947509765625,436200.0
2024-03-05,396.4198147622261,404.03731164945265,396.4198147622261,399.35260009765625,419500.0
2024-03-06,401.2691398698206,402.34351297791005,397.9782297646476,402.1402587890625,357900.0
2024-03-07,403.6308573682636,405.7892921958159,398.77189777508096,399.53656005859375,589200.0
2024-03-08,399.7495487656088,403.3114747016967,397.44590257199076,398.79132080078125,371800.0
2024-03-11,397.16518551299094,399.8172969498119,394.4163060518115,398.4815673828125,395300.0
2024-03-12,399.99153593299155,401.19174306763057,396.93291592485843,399.7398681640625,274000.0
2024-03-13,400.4077006075095,403.88251738447354,400.03988760219016,403.37921142578125,430100.0
2024-03-14,405.37309675789555,405.37309675789555,397.1167704030767,400.6690368652344,508000.0
2024-03-15,397.22329391064335,408.3156094921362,397.22329391064335,406.03131103515625,1263500.0
2024-03-18,407.0186010368338,414.01661884277,405.04404298880996,410.74505615234375,695000.0
2024-03-19,411.38390190627973,415.44916343384267,411.38390190627973,415.2265319824219,613900.0
2024-03-20,414.5489115732342,419.88211070115494,411.7225827677618,417.29779052734375,629700.0
2024-03-21,417.1720490844622,423.20218005658563,415.92342841619876,421.75030517578125,543800.0
2024-03-22,422.4762178329918,422.4762178329918,416.0008538813827,416.3589782714844,445100.0
2024-03-25,415.28458395100665,419.2240113986339,415.28458395100665,417.6656799316406,515100.0
2024-03-26,417.8204924156058,420.2789788452805,417.03645294302555,417.3849182128906,354500.0
2024-03-27,421.54698567510536,423.9474292416461,417.0364912166398,421.99224853515625,488700.0
2024-03-28,424.1023670852293,426.50281103471906,421.3147623796211,424.3733825683594,446300.0
2024-04-01,423.7442047140625,424.18943806681807,419.77574085754037,420.879150390625,434300.0
2024-04-02,420.7243217385785,422.08905815143703,417.3366136368099,419.3014831542969,523100.0
2024-04-03,419.44669326874254,424.18947902614354,417.8206003585146,422.224609375,374400.0
2024-04-04,426.2608015346583,426.53181699850137,414.97489054306715,415.1297607421875,419500.0
2024-04-05,416.1750895829219,421.6535009242493,416.1750895829219,420.85980224609375,295600.0
2024-04-08,421.4502237963125,423.80225384878827,420.05642164555627,421.7889709472656,288900.0
2024-04-09,423.32795164332526,424.779826411783,413.4358732444955,415.8072509765625,376900.0
2024-04-10,412.26469680007125,417.16235227203674,410.27079103267675,412.3131103515625,473300.0
2024-04-11,411.49038811658386,413.92952731018465,407.44450382536377,408.9254150390625,467600.0
2024-04-12,406.3120132057617,407.99617857129397,399.3043067493481,400.4270935058594,630600.0
2024-04-15,406.85406526993313,409.96106932464716,396.06180095047256,397.9879455566406,589000.0
2024-04-16,398.22026814571467,400.6884437072875,395.65526547613496,397.6685485839844,583200.0
2024-04-17,400.78515490905556,402.91455328761083,398.01689861692967,398.5589294433594,518300.0
2024-04-18,400.398059959221,403.0598305230673,397.3684763731244,399.39141845703125,365800.0
2024-04-19,401.02719201048586,404.5116974975302,398.40411689277715,403.6308898925781,1159100.0
2024-04-22,406.50554913895104,411.57742173285095,401.19166790132806,407.8606262207031,538100.0
2024-04-23,406.6314006001003,409.9900721519744,389.779999750281,394.6098937988281,992000.0
2024-04-24,393.01284523330605,401.9273484107294,393.01284523330605,399.614013671875,675500.0
2024-04-25,396.7779937201437,399.2074735260049,388.802371414179,397.7265625,652400.0
2024-04-26,395.46166657377483,399.23653516002275,395.46166657377483,396.85546875,454200.0
2024-04-29,398.15245248140906,406.5055764829525,398.15245248140906,402.9920349121094,395500.0
2024-04-30,401.5789163890424,402.67263729125,398.00730191394234,398.578369140625,507700.0
2024-05-01,398.5783890580137,407.1444569632481,396.0811476629499,400.1754455566406,490500.0
2024-05-02,402.266087673668,404.73426283735563,398.82996650913196,403.11785888671875,295700.0
2024-05-03,405.6434501966514,408.37299303202576,402.49619641954,406.9548034667969,279700.0
2024-05-06,410.01459478345447,413.1326789499575,409.4123511372437,412.7926940917969,436000.0
2024-05-07,413.8223594911483,414.73544816835044,411.8699291442044,412.7052917480469,398200.0
2024-05-08,412.07387419267735,415.05598208068466,411.3453479450813,413.74462890625,352000.0
2024-05-09,412.89955059345857,417.9797880789331,412.89955059345857,417.717529296875,279000.0
2024-05-10,419.9516482265907,422.3023725789892,417.83407242627504,421.13671875,330000.0
2024-05-13,422.10810261130126,423.8954464532847,419.0774381168404,419.5728454589844,328900.0
2024-05-14,420.54422867870534,423.8468752409223,419.6311400302827,422.86578369140625,238700.0
2024-05-15,424.4879856357149,427.3923676303609,424.05085800350855,426.8095703125,404000.0
2024-05-16,427.4021133551815,429.4322698363611,423.4486366921311,423.4972229003906,403700.0
2024-05-17,425.86736226132945,427.0135698999674,421.36019849447797,421.6904602050781,931800.0
2024-05-20,420.83562215279585,423.47774529879564,419.4465725014449,420.69964599609375,343800.0
2024-05-21,420.981333419719,424.8279436939354,420.03910495688376,421.65155029296875,344800.0
2024-05-22,421.00076146469564,425.58562127697513,419.9613902123881,425.4496154785156,441200.0
2024-05-23,426.42102420899977,426.42102420899977,419.5923052260104,421.7196044921875,359600.0
2024-05-24,423.22519882154825,428.35402248585336,422.7297914806942,428.34429931640625,295600.0
2024-05-28,427.9460590690368,430.11222126843813,422.0692921184186,422.51611328125,544200.0
2024-05-29,419.3494732574479,419.6505951111934,414.1235061536389,415.7262878417969,385000.0
2024-05-30,416.36732287514786,419.76711192950916,414.34686020802354,418.18377685546875,344200.0
2024-05-31,417.65926028119463,424.2257199648676,413.4629417977653,424.109130859375,1094400.0
2024-06-03,422.8658187847913,422.8658187847913,414.589770174697,418.69866943359375,436800.0
2024-06-04,416.07593420974007,418.64036099819606,411.1705356789669,412.3944396972656,447000.0
2024-06-05,413.68632846197914,415.73590130688564,410.77222361752314,415.4056396484375,489800.0
2024-06-06,415.72624639590555,418.9414733347584,412.9287007423732,413.32696533203125,282900.0
2024-06-07,413.1229499605607,418.4071961888498,413.1229499605607,414.4148864746094,297000.0
2024-06-10,412.6567208271256,417.6592620374341,409.83975846398386,416.20220947265625,349300.0
2024-06-11,413.70580385839776,413.70580385839776,408.8100987247723,409.9368896484375,266200.0
2024-06-12,414.58970048414153,418.46545050327524,412.40412181582263,416.0467529296875,456700.0
2024-06-13,414.3566279477459,415.10457094838773,411.05398129701825,414.6868896484375,354900.0
2024-06-14,411.12193848390586,412.97725562358096,408.946082826147,411.72418212890625,248900.0
2024-06-17,412.0544726167362,420.4470798821992,407.9747136229824,420.1653747558594,429700.0
2024-06-18,420.3790675726807,424.8862309179932,419.02888098926434,424.55596923828125,387600.0
2024-06-20,424.6627673654706,429.97615291557054,423.27371787285125,429.5584716796875,460900.0
2024-06-21,430.4813388675655,432.24920679340005,425.7410564206893,428.25689697265625,838400.0
2024-06-24,429.3254312380901,433.54116668544333,427.460390801068,427.7420959472656,460300.0
2024-06-25,427.2175240852353,428.5774338860825,423.400053473061,425.58563232421875,373600.0
2024-06-26,423.2737599860171,425.3136394568803,419.53398589673617,421.4573059082031,352500.0
2024-06-27,420.0099691157164,420.6510461310521,417.358122886137,418.0186462402344,403500.0
2024-06-28,416.44502411947747,421.62240418181096,414.39542156532843,414.9588317871094,1293200.0
2024-07-01,417.72729810882595,420.4277012242263,412.61789055659574,413.890380859375,496900.0
2024-07-02,413.8611865472669,422.1760970451813,413.8611865472669,421.44757080078125,404800.0
2024-07-03,422.67153408502827,425.78961832994975,419.5048636341133,421.5738830566406,182900.0
2024-07-05,420.3888528765245,421.78762587016945,416.5325187950114,419.7768859863281,232200.0
2024-07-08,420.4957057916837,423.84690918373497,414.4634863271283,414.8326110839844,476700.0
2024-07-09,413.7155128762503,424.07030342921195,413.7155128762503,420.88421630859375,420800.0
2024-07-10,423.12808230111295,428.1889033807815,420.3985394600231,427.98492431640625,274900.0
2024-07-11,428.01400930322984,429.58762117140816,425.64386833215883,427.2272033691406,361400.0
2024-07-12,429.1991220972252,436.6398074013432,428.00432832510904,433.4925537109375,348000.0
2024-07-15,434.39591957203595,437.05745925224664,432.8125844856128,433.0359802246094,404100.0
2024-07-16,425.6438534310666,427.44089061216175,415.9593108476014,416.7655334472656,1066800.0
2024-07-17,415.1822853823307,417.60098315877974,407.85815950816345,409.49005126953125,1078600.0
2024-07-18,409.56779629267476,412.2098899464007,405.5269000938635,406.02227783203125,717800.0
2024-07-19,407.236420059221,407.236420059221,399.067209430894,399.1255187988281,616600.0
2024-07-22,400.9710952756155,408.13979747224016,399.22261469576733,407.984375,441400.0
2024-07-23,407.1878984402493,410.6848304069593,405.0023196665317,409.3249206542969,494400.0
2024-07-24,410.2865732508543,420.2430989556827,407.95529511214426,412.10302734375,995500.0
2024-07-25,409.91746262241116,432.7543430711152,409.91746262241116,429.0242919921875,781000.0
2024-07-26,429.4128527116389,431.9578332774363,424.46859091705306,426.9552917480469,530900.0
2024-07-29,426.21703821847774,427.95579600717565,418.0866892083234,419.6797180175781,360700.0
2024-07-30,422.3121211071346,425.11936027553725,418.16435920423277,419.5048522949219,478200.0
2024-07-31,421.535016296445,422.030423659099,417.0084360624879,417.75640869140625,352800.0
2024-08-01,419.0386110199998,420.26251499572317,402.6030453266777,406.38165283203125,600100.0
2024-08-02,397.74621361693795,399.79578667935834,388.9844814598596,391.0826110839844,679600.0
2024-08-05,383.7217545430357,385.73991316254234,376.07813125673323,381.7231140136719,723100.0
2024-08-06,382.1033257402296,390.37090235868936,381.557325068966,385.6618957519531,385800.0
2024-08-07,390.20514719868424,391.19958777609133,382.27878069706713,382.89300537109375,625500.0
2024-08-08,385.24267263208543,391.2581117632443,382.85402755533283,390.4976501464844,491300.0
2024-08-09,389.73717629091794,396.756844650714,389.0059620764884,394.8459167480469,310600.0
2024-08-12,395.82082834467735,396.70803840403096,391.09233404665537,394.40716552734375,455500.0
2024-08-13,396.87380107827073,398.46297793232156,393.77346020832016,398.03399658203125,301400.0
2024-08-14,399.9156794871646,410.386657489314,399.9156794871646,409.35321044921875,581700.0
2024-08-15,415.24193722417374,417.7670601081209,411.83936322179125,413.4480285644531,469800.0
2024-08-16,414.0817714034328,422.34937820473016,414.0817714034328,420.584716796875,570500.0
2024-08-19,420.4384800670489,424.55278054773765,420.428750774831,424.435791015625,441800.0
2024-08-20,423.9482172139573,423.9482172139573,420.0191609812143,423.15850830078125,427100.0
2024-08-21,424.1042519382016,424.1042519382016,417.8840514825987,422.7490539550781,387100.0
2024-08-22,422.3883840019075,424.9525136700098,420.36049602570836,422.8368835449219,252300.0
2024-08-23,425.97617457303573,431.6308860458206,423.39252715992814,428.6670227050781,240700.0
2024-08-26,430.3341979980469,433.69776548749553,428.59875438930584,430.3341979980469,276400.0
2024-08-27,430.3829399436621,431.99160526653867,427.0096133616106,428.3257751464844,263900.0
2024-08-28,428.8425333223296,431.8356442259818,426.44415883344806,428.4720764160156,349100.0
2024-08-29,430.05144730803437,432.9372976631963,427.2143326645398,431.8746032714844,489600.0
2024-08-30,432.63513554804865,439.06982745838656,430.99722262634424,438.1826171875,463800.0
2024-09-03,436.46665160902745,437.43187464713037,428.90104176636584,430.8899230957031,387700.0
2024-09-04,431.8746263501963,435.21870563582473,428.7645260981657,431.8161315917969,311700.0
2024-09-05,433.3272718380497,435.394165862489,424.8744524311982,428.5402526855469,537500.0
2024-09-06,427.86754104962733,431.0849014084701,416.2071201735717,419.3952331542969,561900.0
2024-09-09,423.4802653709656,427.7798085703822,419.6779573639525,425.4204406738281,477100.0
2024-09-10,426.8341481425636,427.37038981362576,418.098582983294,423.1878356933594,347800.0
2024-09-11,421.9788585391261,425.3326968068406,411.9758384933001,424.8549499511719,317500.0
2024-09-12,425.1766677139854,425.47890052095096,420.77962369502524,424.4747009277344,255900.0
2024-09-13,426.90232377587535,430.90939287140054,426.82434068968115,429.3592224121094,321400.0
2024-09-16,432.0306013217594,435.03344120219305,429.96370728347387,433.9902648925781,260200.0
2024-09-17,434.95549470215275,442.62836490149965,434.95549470215275,440.9027099609375,286700.0
2024-09-18,441.03919682813824,446.75243316172043,437.9486144912349,440.0252380371094,371500.0
2024-09-19,444.8219761017363,452.8360850037678,440.67842892709,452.1243591308594,423800.0
2024-09-20,452.44614095287176,454.15230755310705,447.122879737845,449.0727844238281,1061000.0
2024-09-23,451.4126427817234,453.46977771118566,448.4390206200911,450.4961853027344,515000.0
2024-09-24,451.36394440999993,452.9238741648219,448.9850582283632,451.7734375,262800.0
2024-09-25,453.138333405079,455.30272872318375,449.94049101873514,451.49066162109375,350200.0
2024-09-26,451.32492980859143,457.6328723517824,449.9892201708332,455.7999572753906,608500.0
2024-09-27,455.8681519426528,459.75823158387067,455.0882020576485,456.8821105957031,603800.0
2024-09-30,456.472699405975,458.52007552602447,451.490677456,458.0423583984375,446100.0
2024-10-01,457.45735532041306,464.25277396679576,454.32776680272747,461.2889404296875,565700.0
2024-10-02,463.07307437646955,470.15123727840194,462.61484562586986,468.3085632324219,485300.0
2024-10-03,468.2306228846175,469.52729641249255,462.7708838001861,467.5286560058594,441500.0
2024-10-04,472.9981131452548,477.9606168946668,471.1944453986222,474.7432861328125,451900.0
2024-10-07,473.89509215306714,477.09293464561995,467.81136930507125,468.5133361816406,354000.0
2024-10-08,469.1762727014106,472.70559501611467,468.34755735466086,471.6233825683594,302400.0
2024-10-09,471.6136912998029,481.8604198386196,471.6136912998029,480.8854675292969,331700.0
2024-10-10,481.4313825552448,482.8450751409273,477.580339232379,479.062255859375,255800.0
2024-10-11,480.8270108357591,490.3718030305348,480.8270108357591,489.91357421875,369600.0
2024-10-14,490.9274541599967,492.175391824104,486.36465511178426,491.7171630859375,252200.0
2024-10-15,496.65047583799696,504.8498286001316,496.65047583799696,498.4248962402344,489000.0
2024-10-16,497.9081614276752,505.0740371728453,497.9081614276752,504.6060791015625,468500.0
2024-10-17,507.3164673670124,510.48506272840586,505.0351120303782,508.34991455078125,384500.0
2024-10-18,510.01708411812035,511.74276887226176,506.3610126941739,510.0560607910156,480100.0
2024-10-21,509.6661533520948,510.7580953378752,506.59502932560275,509.5491638183594,360400.0
2024-10-22,506.97512390937953,508.66177210650517,504.00153171849024,506.546142578125,338600.0
2024-10-23,505.41531168698526,510.30953191937556,504.6256026799205,507.43341064453125,387800.0
2024-10-24,488.0026302146358,494.0375873027267,474.928516364434,491.5806884765625,726500.0
2024-10-25,494.25206640849245,494.3885442549776,488.0513544841976,491.84393310546875,430000.0
2024-10-28,496.95268031950496,502.24669384393917,495.6170004484375,500.54052734375,347800.0
2024-10-29,500.95000278220766,505.1812624816541,500.0433042751834,503.37762451171875,365600.0
2024-10-30,503.1630977714681,507.998822509929,500.90120156855363,501.1643981933594,380900.0
2024-10-31,503.23136428372925,505.8345298277589,497.4109274851047,497.5181579589844,396900.0
2024-11-01,498.200643421608,502.5391932156921,493.1406384203001,494.476318359375,550300.0
2024-11-04,494.0362711981928,497.63458858479277,490.0761705200405,495.3465270996094,369300.0
2024-11-05,493.0389110818647,502.9636316045904,493.0389110818647,502.5431823730469,311900.0
2024-11-06,541.4990190982323,556.8310059349168,533.0997012153853,554.8363037109375,798300.0
2024-11-07,550.3774388788539,553.8193337235233,534.9574253127163,535.4561157226562,469100.0
2024-11-08,536.453479181892,542.0074077048158,535.4560983942891,539.7388916015625,384100.0
2024-11-11,548.5196419193389,554.1420247664688,545.9089173773924,551.482421875,332600.0
2024-11-12,549.5169514176935,549.9569758672488,544.2270494598408,548.85205078125,519000.0
2024-11-13,550.1819530748214,552.7242838721048,547.2778985994626,547.4636840820312,501700.0
2024-11-14,549.0379356216789,552.3820146187469,547.600589797515,549.0770263671875,526700.0
2024-11-15,549.732094030267,554.8850888298708,546.8573432513722,549.9569702148438,730100.0
2024-11-18,549.2529457490241,555.530500816876,548.4218348419175,552.499267578125,533800.0
2024-11-19,546.5934157630539,551.7855619227055,544.4911095225237,550.0744018554688,338500.0
2024-11-20,550.8076458306812,553.6041553998914,544.9212372807999,548.9400634765625,311800.0
2024-11-21,553.9171581174807,560.7129198731434,550.6219575837342,557.5546264648438,412000.0
2024-11-22,559.6275910989773,562.6000991443996,558.3759710710978,559.3733520507812,514000.0
2024-11-25,561.2604886944048,564.193905882703,555.5305614432549,557.5546264648438,1144900.0
2024-11-26,557.6230068423787,561.788408571433,552.9881581615264,561.2702026367188,377500.0
2024-11-27,562.218605986319,563.6755266808806,558.4247157457291,559.2167358398438,245500.0
2024-11-29,562.0524621052613,564.027648611867,560.7324483527502,561.2310791015625,214000.0
2024-12-02,562.5023220956451,562.5023220956451,551.3651004937441,552.822021484375,558700.0
2024-12-03,555.4425497356011,555.9901185736879,551.6975369662512,553.1642456054688,484800.0
2024-12-04,552.4307926166173,554.3277378384146,546.4857776308029,548.9595947265625,543500.0
2024-12-05,551.5508146310148,556.4594178646078,548.5783070775718,552.66552734375,457900.0
2024-12-06,551.4726403443004,556.8994501726011,547.620083407213,549.0867919921875,331700.0
2024-12-09,550.934783322229,550.934783322229,537.9886468758335,541.5380859375,597400.0
2024-12-10,541.518534896182,542.5159157390035,533.0996427244811,534.21435546875,493500.0
2024-12-11,537.802933384476,539.6118500935206,533.109477866515,538.5753784179688,472100.0
2024-12-12,540.6385357840629,543.7577384261513,535.2117259601321,535.6713256835938,508000.0
2024-12-13,540.442887708127,540.442887708127,534.7226898484641,537.558349609375,401800.0
2024-12-16,537.8420465495607,540.3354393023716,535.2117466669729,538.02783203125,426400.0
2024-12-17,533.5396617388313,534.3511974354559,526.58741840632,529.833740234375,554600.0
2024-12-18,530.5572479763788,534.5858019192548,510.1896020915633,512.3016357421875,735900.0
2024-12-19,517.5623851744049,522.2754162880947,512.2138160995687,514.0911865234375,493400.0
2024-12-20,509.6811939064863,523.6735903390293,509.4856208408258,520.3099365234375,1498700.0
2024-12-23,518.0316483155243,522.5491057704156,516.7312097346318,522.3731079101562,427100.0
2024-12-24,524.9642281741119,527.9074323147704,521.111672068752,526.8220825195312,145100.0
2024-12-26,524.8274246745094,530.9680731499848,524.8274246745094,530.35205078125,213700.0
2024-12-27,528.4452693059847,531.7502570613036,522.3437718132476,524.054931640625,308300.0
2024-12-30,517.0538546732547,521.5713122332954,513.2306606452767,518.7650146484375,321000.0
2024-12-31,520.5055538374578,522.5198312559028,518.5695175880323,520.6130981445312,269200.0
2025-01-02,523.6149591753414,524.6318556316081,514.4822275588654,518.1979370117188,511400.0
2025-01-03,520.9162151585296,524.2505661196101,515.0885312020665,523.9474487304688,275000.0
2025-01-06,523.8398401744624,527.6337311489982,518.3837272175014,519.029052734375,359600.0
2025-01-07,521.336660997916,522.9989426643217,510.28746825614047,517.093017578125,372800.0
2025-01-08,517.7285639699132,523.1260707509437,516.0174039254008,523.0576171875,568400.0
2025-01-10,516.594265338441,516.7604755810495,502.9832280025355,504.0392150878906,437000.0
2025-01-13,500.6462753275593,507.0802531498482,496.69593218635293,506.1024475097656,432800.0
2025-01-14,507.1974808256844,515.2350128888411,507.0312109310636,514.9807739257812,329800.0
2025-01-15,526.0301634121519,529.9022959080781,523.6541024534688,525.326171875,549800.0
2025-01-16,526.0594731717517,535.2215079207657,522.9989365180763,534.3023681640625,461900.0
2025-01-17,537.3530880140344,540.0812039984149,532.0924887937156,539.9345092773438,942200.0
2025-01-21,542.3106174686857,548.0699076295441,542.3106174686857,546.3391723632812,469400.0
2025-01-22,546.3390839248026,550.5925740349535,543.8652668244973,549.0671997070312,511900.0
2025-01-23,547.8352528456044,554.3376253483221,547.8352528456044,550.905517578125,296000.0
2025-01-24,547.8645458600967,555.4034496235239,546.9356184681527,551.07177734375,367700.0
2025-01-27,546.5444109238875,551.2280779104145,540.9220291470207,548.9204711914062,380900.0
2025-01-28,550.0450087827926,562.8444505718822,547.815583384486,559.1483764648438,529300.0
2025-01-29,556.8016400264688,565.0641095315029,553.5944089151933,562.3653564453125,797900.0
2025-01-30,568.506040323297,569.1318503546665,521.0042778296828,535.68115234375,1173800.0
2025-01-31,533.0702407163773,534.9965487044631,525.7855773544243,531.3004150390625,797700.0
2025-02-03,521.6593228724796,526.5385635975111,512.3212906971834,525.198974609375,570300.0
2025-02-04,525.1207679546752,526.5483858060094,519.2148428282098,523.5172119140625,573700.0
2025-02-05,525.394513754727,527.1056735599415,520.2023683901253,526.3429565429688,372000.0
2025-02-06,530.4986807159731,531.8774201681484,526.2256745997558,529.6284790039062,387000.0
2025-02-07,530.4301599175438,535.9156945328426,525.7464927133441,526.6460571289062,529800.0
2025-02-10,528.4011452218984,529.3032481678152,512.2327123504496,518.8609008789062,613700.0
2025-02-11,517.2235798272046,520.6258862019466,511.32095050275586,518.4884033203125,480000.0
2025-02-12,515.3213582680526,517.9098924604939,511.01694918853315,516.586181640625,665100.0
2025-02-13,519.2139754025815,531.6761525935475,516.5372294140512,529.215087890625,914800.0
2025-02-14,528.656173156178,537.2943758426535,528.0090694819517,535.2843627929688,1097300.0
2025-02-18,535.8727000975808,541.6576142593862,531.9016271743848,536.392333984375,618300.0
2025-02-19,533.0292492275989,539.3044735121772,528.2738479029393,538.7259521484375,447300.0
2025-02-20,537.029689273142,538.2160560004806,525.2048613866627,530.4603271484375,356800.0
2025-02-21,531.6858764359841,532.9506997415933,516.9685636085117,520.1355590820312,690200.0
2025-02-24,523.9792068625349,526.8814484671752,517.596142495351,520.6749267578125,339900.0
2025-02-25,522.1652777264237,524.5871439139676,506.33023818775695,511.8210144042969,507100.0
2025-02-26,515.9783390420054,519.7826840405996,514.3409207077826,515.0272827148438,367600.0
2025-02-27,519.4983351067829,525.9794257857858,515.007628321231,515.8116455078125,334900.0
2025-02-28,516.9587444533478,527.4599196574345,516.9587444533478,526.8225708007812,517200.0
2025-03-03,530.4602556940308,535.7157207478805,516.9587530423089,521.5474853515625,443600.0
2025-03-04,516.3312658197223,516.3312658197223,484.1610937741553,488.4556884765625,853500.0
2025-03-05,489.47537535976585,500.241275664209,485.0729401261951,499.1627197265625,766900.0
2025-03-06,490.35784024271874,499.0646850233118,485.3573141847299,493.1424865722656,623600.0
2025-03-07,488.4164476703015,490.8775121340508,477.5034783768833,489.60284423828125,450000.0
2025-03-10,477.62112110946845,481.768646585423,466.02182010357114,471.00274658203125,568200.0
2025-03-11,471.3360996393154,475.1306294734822,466.19828972664334,468.72796630859375,688000.0
2025-03-12,475.52291320178233,478.11141770975087,465.3943311804397,471.0910339355469,564900.0
2025-03-13,473.05198983907337,474.9541621050722,461.5899432153675,463.080322265625,396900.0
2025-03-14,468.6594218342669,478.8272025036227,466.69842174613694,476.3563232421875,565000.0
2025-03-17,476.7681207684972,485.50437928165775,476.7681207684972,483.1021423339844,573600.0
2025-03-18,483.19034284584114,483.29821339544606,476.80730879003556,479.39581298828125,513100.0
2025-03-19,479.39586357433893,492.45613091253995,475.5621049376117,489.2989196777344,369100.0
2025-03-20,482.84721494821434,487.4947751610619,480.0821978929195,483.46490478515625,436200.0
2025-03-21,479.6017584859409,485.1415772025436,473.7285434555394,483.03350830078125,1409500.0
2025-03-24,490.8284508385368,499.7117777104624,486.13184784845146,498.24102783203125,448300.0
2025-03-25,499.15292625596464,502.97687026703846,497.94693040775206,500.6138916015625,433400.0
2025-03-26,502.7121194850072,507.62437365767767,494.91713340076495,495.2602844238281,348200.0
2025-03-27,492.26979030335787,492.26979030335787,484.1512521154576,489.1125793457031,337800.0
2025-03-28,486.2396960581619,488.36736402794276,468.33575878549067,472.816650390625,460900.0
2025-03-31,465.8257013375781,478.11136408382913,459.6289346892461,474.6697998046875,635600.0
2025-04-01,474.18939877946445,480.62147629840695,470.0909160164617,479.1507263183594,502500.0
2025-04-02,473.6795311125464,486.6515262810226,473.6795311125464,484.7199401855469,461000.0
2025-04-03,460.6192777631315,462.86463108761154,446.2941874692635,446.92169189453125,535200.0
2025-04-04,431.0473823008338,431.0473823008338,407.4859697500989,413.957275390625,828100.0
2025-04-07,402.96589452961234,432.58679069244903,388.4152783457191,419.60498046875,1146300.0
2025-04-08,431.7239383653355,441.71523542956095,411.4766200177116,417.71258544921875,661900.0
2025-04-09,412.8885735900301,467.090614704301,410.37849587679943,463.7765197753906,907400.0
2025-04-10,450.3828454216887,453.442000491536,430.4198807147458,447.6178283691406,891900.0
2025-04-11,442.9212690817174,463.53136799830475,437.3814202274092,459.62896728515625,612200.0
2025-04-14,464.5118802108064,472.73828966588167,461.8547335592949,465.1982421875,404200.0
2025-04-15,467.4729658908361,472.924543399812,465.73749169388185,467.1494140625,372600.0
2025-04-16,463.070522110191,466.4238451552029,449.65728977511185,454.18719482421875,617400.0
2025-04-17,455.0401709545309,462.54098880866735,454.0302573077972,455.5010070800781,492200.0
2025-04-21,451.73596177345064,452.70664719949417,437.253987527062,442.3525695800781,402200.0
2025-04-22,450.3337971058133,460.3152786771581,450.3337971058133,458.53076171875,345900.0
2025-04-23,471.5126540598587,483.2590247773608,458.8838094142931,462.64892578125,909100.0
2025-04-24,477.51330622044367,482.93546992867607,452.51055665790113,464.8354187011719,770600.0
2025-04-25,461.27622091543714,465.7080699891031,455.1578807810805,456.8541564941406,528400.0
2025-04-28,457.3149958880037,463.9823837338116,454.3636813947861,459.24658203125,457000.0
2025-04-29,455.24610878511464,462.943039275146,451.549634794678,462.4527893066406,524600.0
2025-04-30,452.99095415735115,462.3155177889014,447.9511703045839,461.8350524902344,480100.0
2025-05-01,461.550726205746,468.4632384944109,455.80498126309436,461.3546142578125,345400.0
2025-05-02,470.64000300842036,476.2778780444587,467.25726601780315,475.03265380859375,341500.0
2025-05-05,473.38977038672374,478.0035548431459,470.6844610796018,472.99627685546875,314300.0
2025-05-06,464.0933478068827,473.2717109866427,464.0933478068827,467.9299621582031,331100.0
2025-05-07,471.37308722749003,475.84913234066164,468.8054872013052,472.9864196777344,429000.0
2025-05-08,476.4098660994687,486.0014168679874,474.1669200436957,481.05316162109375,390300.0
2025-05-09,483.6797965525674,486.4834566781378,481.1220436108808,484.1814880371094,394000.0
2025-05-12,503.39405518734463,508.74568071216373,501.7217003561156,507.3388671875,595300.0
2025-05-13,507.82104930612854,515.2680358019535,505.6862709282547,511.2444763183594,393200.0
2025-05-14,511.74611784808803,517.0189968004497,510.60493566028384,513.1921997070312,567000.0
2025-05-15,509.81798089553513,512.3068942407905,507.27989211773695,511.106689453125,298200.0
2025-05-16,511.54939700836775,516.2320510955974,508.6079975824919,515.5925903320312,338200.0
2025-05-19,510.3295033040221,516.0745622913929,509.4244712800611,513.7529296875,338000.0
2025-05-20,509.45395453356883,513.8808238579487,508.0668952309633,510.4573974609375,422800.0
2025-05-21,505.5189994303813,509.9754103890019,501.75125467345697,502.8136901855469,846600.0
2025-05-22,502.4890469122738,504.987777215403,498.6130743237455,499.9509582519531,487000.0
2025-05-23,491.5202555455934,499.52795501488487,491.5202555455934,496.26190185546875,379400.0
2025-05-27,504.5450415149005,509.5425017572378,500.1673477612682,509.0801086425781,392800.0
2025-05-28,509.45398963577094,509.7491022690784,501.28888655019966,501.8102722167969,409800.0
2025-05-29,504.3483355446905,505.4108010775847,499.58699488008364,501.6332092285156,438300.0
2025-05-30,499.99033168540166,502.27263612524166,496.82265932265346,500.9642333984375,933000.0
2025-06-02,496.812810709878,502.5972584869319,492.5827028568894,501.83978271484375,495200.0
2025-06-03,500.69860407145836,506.07971095183734,495.63230399726575,504.8992004394531,404500.0
2025-06-04,505.61734810398303,506.060047078054,497.7572347243281,499.2721862792969,640900.0
2025-06-05,500.8068107894398,503.20716019077236,495.18961371691904,500.1280517578125,531300.0
2025-06-06,507.69314301765417,511.09687574302313,504.8304001288568,510.2016906738281,326100.0
2025-06-09,512.7987546432015,513.0545389373518,504.6729799727876,509.6704406738281,402200.0
2025-06-10,508.78506714799937,511.0378303857063,504.91894139537516,508.27349853515625,455700.0
2025-06-11,506.92579346243514,510.8116136054003,505.16490455638666,507.2701416015625,335800.0
2025-06-12,501.4364796587281,508.47027813720325,498.80985694304434,507.1717224121094,350300.0
2025-06-13,500.069023242102,502.5776007399659,491.95309549688557,493.527099609375,393300.0
2025-06-16,499.31152254907295,508.72600546901543,498.1507062074087,504.5745544433594,359400.0
2025-06-17,500.35430482379513,503.9253177353661,496.00615198360896,498.5048522949219,340900.0
2025-06-18,498.45564389457337,505.6861730063482,497.0587074954935,498.1998596191406,541300.0
2025-06-20,501.190479153911,502.6857664529582,495.5437709100257,502.0561828613281,976400.0
2025-06-23,503.3154406198153,511.51008554277206,498.51474131684495,510.5263366699219,504800.0
2025-06-24,515.7401443680067,519.0848541898887,511.82484344232165,512.8676147460938,537100.0
2025-06-25,514.6088442816225,515.8975528678037,509.2670952544777,515.5040893554688,357000.0
2025-06-26,515.5139198713587,518.435625028457,508.7161819417301,516.9403076171875,616500.0
2025-06-27,518.868392723901,524.888929685896,514.6677667554043,519.4881591796875,655100.0
2025-06-30,521.2294762849635,525.6563457632903,519.2422845497381,525.0562133789062,442100.0
2025-07-01,522.2624417229033,532.2081281924187,517.7175268364402,529.8471069335938,402000.0
2025-07-02,530.5946710572681,534.1362023140192,526.6990647310722,533.6246337890625,520900.0
2025-07-03,533.0441945051892,536.3889640110513,529.9158809299026,534.4706420898438,264100.0
2025-07-07,535.159347366876,539.5566756834816,524.6726115746411,527.7025146484375,455900.0
2025-07-08,529.7192376848367,531.1260514401461,526.4237029100219,527.3582763671875,385600.0
2025-07-09,531.6964766504709,533.0934430316432,526.1579666817572,530.702880859375,350600.0
2025-07-10,533.093470155025,538.8385292147719,531.9621350783779,533.6935424804688,407700.0
2025-07-11,529.7684057090622,530.7423073823721,525.9809369266505,527.5942993164062,358400.0
2025-07-14,527.1123272523731,532.0802470421564,526.6007586256196,530.220947265625,355900.0
2025-07-15,528.3517553559765,528.3517553559765,513.9103320073874,514.1759033203125,559700.0
2025-07-16,516.0156183156297,519.0062533525225,507.8899029651287,516.310791015625,429600.0
2025-07-17,514.815387331691,531.6276193314867,514.815387331691,531.0472412109375,477300.0
2025-07-18,533.1918918231271,535.8578728978187,530.6046274707824,535.700439453125,406200.0
2025-07-21,535.8676457479296,536.1431242472091,525.223536009205,525.8236083984375,329200.0
2025-07-22,526.9548931602255,529.1585410648465,522.2230634983781,527.8599853515625,305800.0
2025-07-23,530.0930042031567,530.7717932606765,524.9677115052451,528.2337646484375,462000.0
2025-07-24,510.73280871621216,510.9984400857889,492.7695774134721,508.6964416503906,864500.0
2025-07-25,508.3030325964508,518.8389441406904,507.65372474426124,512.5921630859375,465200.0
2025-07-28,512.7003651870773,521.5246234881339,508.89326198674524,510.02459716796875,456100.0
2025-07-29,514.1857921926463,516.3893797975011,508.8833719914278,512.5232543945312,420000.0
2025-07-30,515.7106424483501,517.7961852150848,507.58486730849415,511.303466796875,483600.0
2025-07-31,509.758951733092,516.851802276732,506.374853421161,509.768798828125,553300.0
2025-08-01,500.03953656947,500.7675311450063,488.5887153807007,493.3697204589844,496000.0
2025-08-04,496.6856704137809,502.6563870133564,496.6856704137809,499.6463623046875,306400.0
2025-08-05,502.6169424475426,505.39009137808773,496.48828843104974,498.4127502441406,267300.0
2025-08-06,500.0016335790191,502.478725178552,497.3863317912695,501.7681579589844,349800.0
2025-08-07,503.2682948861608,504.6696721993389,491.0307441576034,491.9189758300781,399600.0
2025-08-08,495.2645133223267,498.6199579555349,492.9452987566177,498.3436279296875,331600.0
2025-08-11,499.6759331659358,502.69583627460173,497.44553579268995,500.011474609375,356900.0
2025-08-12,503.31758008473616,510.38373764665215,498.81733118986614,510.2258605957031,371200.0
2025-08-13,512.3181344754558,514.2425963060681,491.4847464036377,502.58734130859375,625200.0
2025-08-14,501.5510511725886,509.26862513946986,497.1988306149543,506.9592590332031,467300.0
2025-08-15,508.2520790965079,508.89358639730546,496.15270928461973,496.4882507324219,424800.0
2025-08-18,494.8598718729387,499.77463093126573,494.603299072633,499.0048522949219,365800.0
2025-08-19,497.8995472233693,501.9951648365842,497.55412715817215,499.6266174316406,338700.0
2025-08-20,498.22523298375705,500.4260248213278,494.8796667733528,498.77789306640625,443000.0
2025-08-21,497.03109622255187,498.85686226654036,492.6689968678552,498.6101379394531,305000.0
2025-08-22,501.99516078390894,513.9563808000808,499.4983119362455,510.14691162109375,441900.0
2025-08-25,509.72257239447055,511.4200670580922,502.1530870353983,504.7880859375,350000.0
2025-08-26,502.3800089974027,510.2258538061097,501.945771818789,510.1173095703125,466600.0
2025-08-27,509.70286702232187,514.4695982905669,509.1403885161884,511.4694519042969,273900.0
2025-08-28,512.3575364283209,513.1865566002627,508.76527631104307,509.8607177734375,353100.0
2025-08-29,510.40354753699205,514.9926441584443,506.79152985782025,508.0646057128906,418800.0
2025-09-02,503.03141124496807,506.1302530866277,497.0014832356925,506.1006774902344,384700.0
2025-09-03,503.672920952971,507.16657614944717,495.21523348806033,500.5543518066406,418100.0
2025-09-04,503.307741061198,506.31776575920793,499.3503033944131,505.1927185058594,454100.0
2025-09-05,504.79796933484863,505.172995127969,481.2506141954,482.8691101074219,678100.0
2025-09-08,484.90207792960626,487.1818081052953,478.95108887968723,485.9876708984375,594100.0
2025-09-09,484.2606133245207,491.9978841394122,481.70455306477464,486.8758850097656,434900.0
2025-09-10,486.3626992346802,490.6261024887984,482.8493475116698,485.5534362792969,415400.0
2025-09-11,485.86928914684415,494.56385200737896,484.05340171707536,494.40594482421875,465000.0
2025-09-12,494.6921481170465,494.98820525869235,489.3826358469511,490.56689453125,302100.0
2025-09-15,492.05709531533404,492.05709531533404,480.0465726718944,481.26043701171875,632800.0
2025-09-16,481.7242612689824,482.6914313770437,477.30298104404517,479.7603454589844,576300.0
2025-09-17,480.5301600750083,486.9647195230849,476.0891222978545,479.79986572265625,771200.0
2025-09-18,482.27696369214095,488.9681261586287,481.3295507203301,484.95147705078125,561200.0
2025-09-19,484.5665452725526,484.64548380002907,479.9676005159217,483.1059265136719,1501000.0
2025-09-22,481.2604352467234,489.530638974293,478.03329209965347,487.88250732421875,551400.0
2025-09-23,487.06340371592586,494.1591974275523,483.88559333275913,487.6555480957031,390000.0
2025-09-24,488.0503089201114,490.2313434681147,483.194761068163,485.4449157714844,376700.0
2025-09-25,484.5665554274762,489.7477660506824,481.8624665684619,485.5041198730469,382300.0
2025-09-26,493.4486439637339,498.9357904751934,490.5076792033326,492.7479553222656,625200.0
2025-09-29,493.27097303181375,494.44538312661,490.16225282935255,493.0439758300781,478000.0
2025-09-30,492.67886605889515,495.1559878931587,482.1684159494766,484.81329345703125,743800.0
2025-10-01,483.28360017543434,483.3625387044248,474.8653677539742,480.2242126464844,508700.0
2025-10-02,480.81639224786716,487.97139790561687,480.81639224786716,484.2310485839844,490100.0
2025-10-03,484.2704819297092,487.3397178529398,480.10577442195466,485.5534362792969,455400.0
2025-10-06,485.4350172425371,489.6293304953645,482.3855083975483,487.3397216796875,350600.0
2025-10-07,490.5570109182057,493.9223340699874,487.6654092768579,491.267578125,529000.0
2025-10-08,491.8794912267613,491.8794912267613,483.4020469594391,483.7474670410156,540700.0
2025-10-09,487.1719868417532,489.1260241771499,481.4874488819488,484.94158935546875,324600.0
2025-10-10,486.7673635813593,489.6589654270188,472.299445624729,473.1481628417969,460600.0
2025-10-13,479.76041305296263,480.9545504122042,474.01666325395246,475.49700927734375,404100.0
2025-10-14,471.5395180090469,486.0370417590347,471.5395180090469,480.145263671875,448300.0
2025-10-15,483.79676204465693,487.2212966427697,472.250052388687,474.9640197753906,500500.0
2025-10-16,475.8719970387464,478.01354724876234,457.9104546773575,461.6014709472656,600100.0
2025-10-17,461.91725390629045,464.5424042513979,456.9334347535802,464.08843994140625,1065300.0
2025-10-20,465.84512556965666,470.4736762589963,465.84512556965666,466.4866027832031,761800.0
2025-10-21,465.4404956488352,475.40816431332536,465.4404956488352,473.0790710449219,532500.0
2025-10-22,473.11858649219727,475.52661845050574,465.94385355570716,466.55572509765625,583600.0
2025-10-23,470.35526992767814,473.39490042918715,466.25965206284087,471.88494873046875,374500.0
2025-10-24,474.1548070351668,476.5134758572969,471.51977806348856,472.90142822265625,309700.0
2025-10-27,477.12531579402884,480.2044302644601,474.3817427602253,478.2799987792969,488800.0
2025-10-28,477.0759939373566,481.27030716810015,473.89818364959064,478.1911926269531,429700.0
2025-10-29,471.6875706402419,476.987204255648,469.6348074161799,472.26983642578125,676700.0
2025-10-30,456.7064462206502,460.0915268012478,445.11040310962187,448.159912109375,1265300.0
2025-10-31,452.6404550239625,452.6404550239625,436.4060119930302,446.8374938964844,1003200.0
2025-11-03,445.3176498876606,449.6895974074771,441.97205380679026,446.45257568359375,826500.0
2025-11-04,444.8242269659753,452.0482922490867,442.5839508393062,446.07757568359375,532400.0
2025-11-05,445.70256504080464,456.44989136518734,443.4623189557183,453.0549621582031,593300.0
2025-11-06,451.88053672331824,456.74593314294185,446.62035729285924,451.5252380371094,514400.0
2025-11-07,447.735548799081,456.5288071394533,444.76500847935125,455.3840026855469,697100.0
2025-11-10,456.02774470302984,457.2557457813494,449.01618253114606,454.859130859375,467500.0
2025-11-11,455.3147321873008,461.49438988276717,453.5717394126767,460.44464111328125,501600.0
2025-11-12,463.23735882779357,470.08055144601207,461.62311404194963,465.990478515625,393900.0
2025-11-13,463.3958124632584,466.16872787823525,453.6905480658166,454.9779968261719,635600.0
2025-11-14,454.8690478391864,460.1475303706156,450.44226590561476,453.57171630859375,660700.0
2025-11-17,452.19512872365783,453.58161662458673,433.1510785005234,436.5379943847656,1065700.0
2025-11-18,431.81412000048914,441.57880153075905,426.9615030742644,438.528564453125,908600.0
2025-11-19,439.8358575814312,446.14426330577976,438.1621952191533,445.4510192871094,608200.0
2025-11-20,451.7099067026033,455.5523969735474,436.9836851403865,437.3600158691406,706600.0
2025-11-21,439.2713106440309,448.7388746273283,438.42952306805046,443.2326354980469,524500.0
2025-11-24,443.4703233464304,445.559938007578,439.46940684143283,441.73724365234375,1099600.0
2025-11-25,441.8264275625768,450.9473705151734,441.8264275625768,448.44183349609375,451200.0
2025-11-26,447.5901004048344,452.98741777157556,446.42151679076375,449.08551025390625,387100.0
2025-11-28,451.7297138094828,455.04729934047515,448.3526805983948,451.33355712890625,271300.0
2025-12-01,447.50098118988194,456.08716650372287,443.58919085015395,450.5115966796875,579800.0
2025-12-02,453.0468310720193,455.7900377115797,447.936718275113,452.3734130859375,435200.0
2025-12-03,453.3538347958057,466.2776454160971,452.8586691747599,465.5646057128906,614400.0
2025-12-04,467.7730644884373,473.6655475841004,466.1984414091576,469.52593994140625,533300.0
2025-12-05,467.1392572814271,476.01261671593153,467.1392572814271,472.4474182128906,451200.0
2025-12-08,470.03102129641405,473.0614325568483,468.1493979328619,472.1206359863281,550600.0
2025-12-09,472.86338123304324,479.87491326080374,469.31797839517645,473.5863037109375,404700.0
2025-12-10,478.09231506104237,495.3834899032936,475.0916126380528,492.4521179199219,978600.0
2025-12-11,491.81831293403746,496.6709301368292,488.14419236624667,493.7890625,1313700.0
2025-12-12,494.88835268969206,495.3538096041796,487.876820465137,488.85723876953125,526900.0
2025-12-15,492.66007613216715,494.1752816988162,479.0826434880758,486.7378845214844,495900.0
2025-12-16,488.1144508998595,489.79799582086827,480.5978406537565,481.8951721191406,603900.0
2025-12-17,483.0439642935991,488.2432031852007,481.71692408892017,482.7864685058594,712900.0
2025-12-18,484.02441916230316,488.45120124824814,482.01404784762417,482.97467041015625,800200.0
2025-12-19,484.2125815763738,488.08478053278856,481.9249187226562,484.44036865234375,1865500.0
2025-12-22,486.0743658805963,491.4617700157923,485.90599627902344,491.12506103515625,465700.0
2025-12-23,492.8680658271273,494.72989347536264,490.2931984460041,493.5613098144531,428000.0
2025-12-24,493.016596565711,500.74119850681524,493.016596565711,496.1262512207031,270200.0
2025-12-26,496.1559741218131,497.6117623206518,494.0762723773988,496.9779357910156,273300.0
2025-12-29,502.09792655439446,502.09792655439446,492.3233622872508,492.9670715332031,371700.0
2025-12-30,492.9968203355354,493.5514034438224,489.4910390833184,489.6891174316406,319500.0
2025-12-31,489.1939676171588,490.65966886365084,485.55943834314434,485.59906005859375,378200.0
2026-01-02,485.2623116832629,489.96638511284556,482.2913179382634,488.995849609375,487200.0
2026-01-05,487.86687545811486,509.02033588482357,487.7084188356569,502.9793395996094,482300.0
2026-01-06,501.7315287820683,508.42617774008505,498.43370877682764,505.3066101074219,492600.0
2026-01-07,503.6626483588888,505.346223554615,491.6400428301227,493.2245788574219,674300.0
2026-01-08,491.8083931311053,503.5834463338992,491.4518883838692,498.6020812988281,449200.0
2026-01-09,499.44387446083056,505.3858620941677,496.2450935714465,502.8506164550781,430600.0
2026-01-12,495.1656474101125,507.29720577166023,495.1656474101125,505.2274169921875,577000.0
2026-01-13,504.2469725958078,506.3464699966134,489.30284753424917,490.58038330078125,533600.0
2026-01-14,489.46131672911173,502.8506148286662,485.9357398292024,502.5534973144531,504900.0
2026-01-15,506.2078151343843,512.7340944805263,502.17715967165344,503.18731689453125,423900.0
2026-01-16,502.24650613946005,507.6636194880554,499.83009538146604,504.3955383300781,647500.0
2026-01-20,495.4528279686479,501.4938546191761,486.4507205611238,487.8173522949219,422600.0
2026-01-21,490.88741365230413,504.0786338787221,489.51086885506106,498.87939453125,554500.0
2026-01-22,502.39501838772884,506.841626139589,499.879598836265,503.1575927734375,523500.0
2026-01-23,499.58251235475893,501.64241835540656,486.2922834137571,491.79852294921875,772000.0
2026-01-26,493.9376457304423,497.7702230015634,491.9173614289358,495.6905212402344,506800.0
2026-01-27,493.6504101467854,496.79965620937475,491.3231257083899,493.5117492675781,389800.0
2026-01-28,495.4924287092618,498.7407140508051,491.73909497368317,494.8388366699219,546700.0
2026-01-29,532.5901642052668,537.7498112260391,510.91186139994676,516.3190307617188,1211600.0
2026-01-30,522.1521908991754,527.9258394462432,512.4172170536784,522.0927734375,1159300.0
2026-02-02,521.3103412160685,529.9855913108972,516.7547816618719,527.034423828125,697500.0
2026-02-03,524.3705267357691,529.8272620403234,514.8138656594415,524.9251098632812,707700.0
2026-02-04,526.4502861110321,544.8605126587147,526.4502861110321,540.2257690429688,1083400.0
2026-02-05,539.7304702793867,542.8797160452298,526.9551744195381,529.8469848632812,625600.0
2026-02-06,534.6303354032468,541.7112284726272,528.8270084130704,537.739990234375,522300.0
2026-02-09,536.3097052473263,541.6732624333888,533.97551241635,535.475341796875,679800.0
2026-02-10,528.7410780102623,533.4292269359802,493.13277063456127,502.23101806640625,1294600.0
2026-02-11,506.37289643731356,506.37289643731356,481.1143508825355,482.6836853027344,1351600.0
2026-02-12,477.6279941242777,488.87168253619683,448.91290023306124,464.14947509765625,1691800.0
2026-02-13,465.4009980093622,474.79721084719165,461.18959349999346,470.4765625,677300.0
2026-02-17,478.4325296012188,478.75037945162757,465.5698560582368,465.6195068359375,740300.0
2026-02-18,468.49005202022647,480.1906309923865,467.8940911097465,474.56878662109375,498100.0
2026-02-19,470.1189755174906,472.6021206968785,464.4077416048984,469.2449035644531,664800.0
2026-02-20,467.15907142724467,468.66884314719204,458.5673948769508,468.5099182128906,538200.0
2026-02-23,463.960758716982,467.3279180963025,445.56563032394126,450.72064208984375,844000.0
2026-02-24,447.2938796059451,463.37472969093994,446.8270471148912,463.09661865234375,763400.0
2026-02-25,467.2087292323562,475.85999841282563,463.3449408448279,475.0256652832031,631300.0
2026-02-26,476.41620950423055,484.5807917486175,471.7975657127767,483.6968078613281,557300.0
2026-02-27,472.6319072334907,476.2970318657204,461.9146443785397,466.9504699707031,750500.0
2026-03-02,457.8224258319669,474.5886265702655,457.8224258319669,472.1253356933594,487600.0
2026-03-03,460.9412743493944,466.930619227941,455.7862626023264,462.5404052734375,870000.0
2026-03-04,465.8281045370015,471.6287281776534,465.1328420572082,465.7486572265625,551800.0
2026-03-05,462.5900814849224,470.18849948774624,461.974236033388,469.7018127441406,534800.0
2026-03-06,458.80579008369034,462.23251230569997,449.5982681935573,461.7557678222656,578800.0
2026-03-09,452.8263469052778,459.6997060694982,441.999840032028,458.3687438964844,664200.0
2026-03-10,460.6830437593159,460.6830437593159,446.5489698747141,453.0846252441406,519800.0
2026-03-11,450.9391710979191,456.650405093102,438.31486931066235,447.6514892578125,634300.0
2026-03-12,438.52342798849105,445.61530499759834,436.4276680578621,437.32159423828125,632700.0
2026-03-13,443.8572325036017,445.7444167895955,438.4241096040078,439.0995178222656,532300.0
2026-03-16,443.4698772270234,446.80720981678553,435.27549809000317,436.0601501464844,597400.0
2026-03-17,441.791250367514,447.8699846985984,434.86824064337236,434.9874267578125,1096100.0
2026-03-18,432.94131854221274,437.12292639573883,428.97822866956466,429.62384033203125,701800.0
2026-03-19,427.9054868617005,435.04701447865955,427.1009502872685,431.1335754394531,843500.0
2026-03-20,427.75650709221736,437.03353346052813,427.75650709221736,435.9806823730469,1824700.0
2026-03-23,448.63481284949484,449.10164537054595,438.6128422240415,439.9239501953125,938900.0
2026-03-24,436.2985352657553,447.5521354937791,433.1002431724315,445.1484680175781,610900.0
2026-03-25,449.39963641391194,454.49502497032574,442.08924108546853,448.8434143066406,691600.0
2026-03-26,445.8536903825723,451.2570167455374,442.9831599908211,445.12860107421875,390300.0
2026-03-27,442.92355993740046,442.92355993740046,432.07719888417887,433.86505126953125,531000.0
2026-03-30,437.40104414236515,443.5791104472194,433.80545483881434,435.47412109375,534700.0
2026-03-31,440.49008920110987,444.820679732471,433.2591718379025,441.40386962890625,632200.0
2026-04-01,445.4663004912204,446.5588904266051,424.2701769920795,433.72601318359375,645100.0
2026-04-02,427.28968657779,437.12293529380827,419.52240128608554,431.014404296875,619700.0
2026-04-06,433.2393217666991,435.7920024232546,427.0215465151108,427.498291015625,483000.0
2026-04-07,423.9126052764048,429.6734897551002,419.9594273845529,429.1470642089844,805200.0
2026-04-08,440.7384040025027,451.3662469157711,440.7384040025027,450.04522705078125,862400.0
2026-04-09,447.04556268596434,451.64435223410464,443.6784337122498,449.8465576171875,878900.0
2026-04-10,446.1020090946219,446.7873595990306,438.285072806301,443.330810546875,621900.0
2026-04-13,440.18218197911597,452.0515974523985,439.020056727045,451.99200439453125,655200.0
2026-04-14,454.97180807290505,460.7724318059333,451.52520121394974,458.87530517578125,527600.0
2026-04-15,462.5503376131062,468.2218325162991,459.7592849544589,464.9937438964844,526600.0
2026-04-16,464.4971198976747,468.7085546315422,455.41875710476427,455.8855895996094,498200.0
2026-04-17,459.1832093152768,463.1860382615819,451.81325115885164,453.1243591308594,1082200.0
2026-04-20,451.94235385470927,458.5773103366114,450.859706220445,453.5116882324219,574600.0
2026-04-21,458.3786750089727,464.1693867588961,455.7068082708957,457.971435546875,566600.0
2026-04-22,460.33537742771574,465.3612608456253,456.89871298690946,465.3513488769531,536100.0
2026-04-23,461.6166960391354,463.6528629932199,451.22722493404495,456.5312194824219,769400.0
2026-04-24,456.1140052633516,464.8447517155781,448.9327692037265,460.99090576171875,1197100.0
2026-04-27,460.1466438978139,477.5584562256532,459.86853285750396,474.6382751464844,1008600.0
2026-04-28,480.6177233420428,483.7762767533343,471.300957726141,472.1452331542969,581400.0
2026-04-29,471.63865047435826,475.5222931008627,465.9274166668805,472.1750183105469,547200.0
2026-04-30,467.7649397742153,477.5485374467445,460.86178433063725,471.5889892578125,709400.0
2026-05-01,472.393525850421,473.8536163692197,463.61312848925684,464.04022216796875,536300.0
2026-05-04,459.3548897873515,472.66331763652664,459.2153112109741,467.1305847167969,415300.0
2026-05-05,466.7617555973617,476.93994859164167,465.61534329406436,473.1717224121094,406700.0
2026-05-06,475.5741993022238,478.55487724401604,471.9555000307665,473.8097229003906,514000.0
2026-05-07,470.6196828863312,476.13245861143207,455.9754321201576,457.41094970703125,604500.0
2026-05-08,459.49443108757686,466.3330815098325,457.44084936959644,464.1100158691406,604200.0
2026-05-11,464.5486533896887,466.01407632436434,459.16547765379954,462.2558288574219,549100.0
2026-05-12,462.5150042088169,470.96860449605657,458.58727276789114,468.65582275390625,845200.0
2026-05-13,466.3929056187228,470.4701638235174,464.179818504705,467.71875,521400.0
2026-05-14,470.2010119573341,474.2981968883634,465.0271736158298,470.5698547363281,427900.0
2026-05-15,470.11128349241443,474.3281204036327,467.02096256490216,468.9150390625,585900.0
2026-05-18,468.9648602543218,476.2919751042868,462.6645363001661,469.7125244140625,430000.0
2026-05-19,469.2938420233021,470.84898101691357,461.9168647603638,462.3156433105469,423900.0
2026-05-20,461.98664357400656,464.2994252534884,455.4470770767025,455.8458251953125,698400.0
2026-05-21,453.41342917118226,457.5704551892074,437.4732393890168,449.1667175292969,795800.0
2026-05-22,451.05083290214975,455.6963232721645,448.7181243375775,450.90130615234375,629500.0
2026-05-26,449.605353559444,454.7592347236892,448.6882054840146,454.08135986328125,475100.0
2026-05-27,453.01467454818476,453.01467454818476,435.9081155632403,441.7897644042969,576500.0
2026-05-28,437.83213303485576,443.4844569028585,435.87821550928254,438.4801025390625,675700.0
2026-05-29,438.3704305837896,447.93055910814195,437.1343022692532,444.32183837890625,1582300.0
2026-06-01,442.3878768069442,452.24708921478697,440.62340038646727,445.7573547363281,745300.0
2026-06-02,442.1287195151626,449.87450927778156,437.29381851862973,444.0128173828125,636700.0
2026-06-03,440.4838284249979,443.2352422401357,431.89067997051063,439.5567321777344,547500.0
2026-06-04,443.1654558019473,457.0919480492261,443.1654558019473,453.6726379394531,565600.0
2026-06-05,454.70941101323297,455.6564340326802,451.42964903380727,453.2439880371094,615400.0
2026-06-08,452.5162553655804,454.43028902845526,446.3056777914895,447.9804382324219,547600.0
2026-06-09,450.1237241247612,453.7324448916362,441.17168107385635,447.791015625,480900.0
2026-06-10,446.7044121504762,452.73555743894855,444.26203043256436,449.216552734375,489000.0
2026-06-11,449.90442171309695,450.8414965775971,445.1692152813809,448.9773254394531,364500.0
2026-06-12,451.4695384756919,462.465185014702,449.93432619091806,457.7000732421875,681900.0
2026-06-15,461.8670334625083,465.6352595571005,457.73994317916066,458.4477233886719,588100.0
2026-06-16,462.54492414142584,471.82592632925616,458.82656044979643,469.862060546875,648300.0
2026-06-17,469.4732701643977,475.2551940229839,468.356763247363,470.50006103515625,459800.0
2026-06-18,474.8863720371237,476.0028790030371,463.6714094236547,465.9742126464844,1269300.0
2026-06-22,467.9480319540239,473.19165948364713,465.6751342030047,469.9418029785156,708300.0
2026-06-23,465.0769999816459,472.0851039636081,463.3224717329222,464.6582946777344,854900.0
2026-06-24,462.16609307567035,464.04024276852857,453.3137749879132,459.514404296875,674800.0
2026-06-25,462.45520660171417,468.167371829946,450.70191729536754,451.8782653808594,675200.0
2026-06-26,451.5592550967874,453.58293157460355,442.61719037170104,451.3997497558594,2748200.0
2026-06-29,453.0844775233489,457.2813571246731,444.6508343808273,445.39849853515625,865300.0
2026-06-30,448.41904836323516,458.90627299862643,447.6813323969449,457.3312072753906,790100.0
2026-07-01,458.5673355789745,479.31252065255995,455.965478995135,478.18603515625,657400.0
2026-07-02,483.19043464306674,490.92624576593374,480.0003887378933,487.63653564453125,694500.0
2026-07-06,488.8427491943898,506.15864586655437,485.65273377333995,505.9194030761719,753200.0
2026-07-07,504.19480139488775,511.1032414833394,504.19480139488775,506.25836181640625,553900.0
2026-07-08,508.29200262939224,508.79044539804545,487.2577117077208,489.0520935058594,893100.0
2026-07-09,493.55802611630406,504.4938614672163,487.74616650892204,498.6022644042969,601300.0
2026-07-10,507.2153568000377,511.40228828837076,499.13062957435693,505.1817321777344,456200.0
2026-07-13,501.96176781455443,517.6926202018403,501.96176781455443,516.615966796875,745600.0
2026-07-14,509.62781272159333,519.7561731754106,503.8060049815311,516.9848022460938,560000.0
2026-07-15,517.2639548171128,531.379826771937,514.8115945747855,525.6378173828125,692400.0
2026-07-16,518.4303292482738,531.5792523691142,518.4303292482738,531.5493774414062,666900.0
2026-07-17,522.1686207993376,537.2515035149976,522.0589779954585,526.2259521484375,661500.0
2026-07-20,527.1131827794333,529.1667644602974,521.5405661042147,524.5810546875,459800.0
2026-07-21,526.2559192550251,527.701354662377,521.3313020818969,526.7244262695312,557000.0
2026-07-22,528.0303383648145,529.8048238747921,523.574289098297,525.1792602539062,641800.0
2026-07-23,529.7150529756199,534.9088484300303,513.4857883776143,518.4901123046875,929200.0
2026-07-24,517.7923123528232,528.5587252932273,509.1593100015717,527.2528076171875,491800.0
2026-07-27,532.7655442680285,541.5580822373302,529.256487614956,536.3344116210938,654000.0
2026-07-28,536.5536576426359,551.7362650251774,534.6196973588449,544.9175415039062,697100.0
2026-07-29,539.9530706862732,546.2134799156917,537.3212783933685,538.6072387695312,444700.0
2026-07-30,539.7237935752321,544.6085572414955,531.26024476009,542.7643432617188,418600.0
2026-07-31,543.8210039831861,547.6789460470674,541.7374864912534,544.1400146484375,480600.0
2026-08-03,546.489990234375,553.8200073242188,543.969970703125,552.0700073242188,366700.0
2026-08-04,552.0700073242188,557.1099853515625,550.6400146484375,553.5800170898438,623000.0
2026-08-05,560.0,564.2999877929688,554.8599853515625,561.030029296875,420800.0
2026-08-06,565.0,565.0499877929688,554.1300048828125,559.8200073242188,430600.0
2026-08-07,555.219970703125,558.5900268554688,549.7999877929688,551.97998046875,463300.0
2026-08-10,555.739990234375,562.4199829101562,550.25,557.530029296875,347000.0
2026-08-11,555.6699829101562,565.4400024414062,555.5999755859375,562.97998046875,385100.0
2026-08-12,560.2100219726562,565.3200073242188,557.6400146484375,565.0700073242188,373700.0
