date,open,high,low,close,volume
2004-01-02,26.39325323895317,26.769207467023328,26.068277008950368,26.221208572387695,1012200
2004-01-05,26.284913269870252,26.495193742795603,26.12561076520437,26.444215774536133,915600
2004-01-06,26.31677600900715,26.456963005469774,26.030030984771578,26.367753982543945,869000
2004-01-07,26.367744002046315,26.405975036964456,26.125603580926626,26.2530460357666,1142600
2004-01-08,26.316776712420232,26.73096425080492,26.18933420593543,26.718219757080078,1206600
2004-01-09,26.718219259485096,27.42552284807759,26.69910373463565,26.8265438079834,1202900
2004-01-12,26.890265557892278,27.400033129971604,26.788312043476413,27.374544143676758,1346700
2004-01-13,27.400031369815576,27.559333877779622,27.272588877291668,27.438264846801758,1037600
2004-01-14,27.30445117917497,27.78873220516628,27.240731142958854,27.654918670654297,981600
2004-01-15,27.62304361226516,27.858812986319343,27.47648565125882,27.597557067871094,1035700
2004-01-16,27.718633587445673,27.960774055719792,27.5657021257033,27.839702606201172,893200
2004-01-20,27.145160014334078,27.43190515879657,26.839299337162277,27.266231536865234,1330000
2004-01-21,27.342693962036993,27.775997161865238,27.177020353050615,27.775997161865234,1254700
2004-01-22,27.718635554095414,27.833333550849286,27.36817053324227,27.41277503967285,750300
2004-01-23,27.495621338480806,27.57208588252368,26.99859572529205,27.18975830078125,982900
2004-01-26,27.10054147089511,27.68040249396443,27.087796978757357,27.629426956176758,785400
2004-01-27,27.654920595031598,27.71864063568169,27.37454658233821,27.552967071533203,684600
2004-01-28,27.674031387145597,27.922542906239745,27.145145903318916,27.342681884765625,1132400
2004-01-29,27.355426791734097,27.591193822301136,26.941239299786833,27.0495662689209,851000
2004-01-30,27.113297031166145,27.686787257657233,26.985854488527643,27.66766929626465,839300
2004-02-02,27.52748553300347,27.80785719081288,27.336322928553223,27.775997161865234,1098800
2004-02-03,27.56570966122076,27.97989722564352,27.49561858747327,27.94166374206543,798700
2004-02-04,27.559336032879777,27.87157004244143,27.272591009968778,27.69314956665039,1331500
2004-02-05,28.6617057662764,29.120497748249967,28.304867287989925,28.706310272216797,2812700
2004-02-06,28.642584393671974,28.833746870194744,28.355839463506435,28.419559478759766,1441800
2004-02-09,28.35582710385936,28.515129503319248,28.17740919430804,28.40680503845215,1620300
2004-02-10,28.413194917482162,28.413194917482162,28.075474384388247,28.260263442993164,925000
2004-02-11,28.260265337468873,28.547010352131117,27.591195257099294,28.46417236328125,1822400
2004-02-12,28.35583525111843,28.731789119094095,28.298486273604773,28.725418090820312,1312200
2004-02-13,28.725425575082536,28.86561011049174,28.559749627649325,28.763656616210938,924400
2004-02-17,28.674439509842045,28.680810537975464,28.349463598265938,28.5469970703125,1176000
2004-02-18,28.610722635356,28.617093664186385,28.40044222251407,28.483280181884766,1122800
2004-02-19,28.59797840681444,28.59797840681444,28.183791036959683,28.209280014038086,894800
2004-02-20,28.419562198541865,28.61072712412209,28.158306221780293,28.343097686767578,822100
2004-02-23,28.40682924629058,28.40682924629058,27.820594652702518,28.145570755004883,829900
2004-02-24,28.13282586865671,28.16468588635038,27.71863834634839,27.928918838500977,818400
2004-02-25,27.814209714266777,27.998998715344705,27.623044822976574,27.756860733032227,724200
2004-02-26,27.782369564003513,27.973534608635607,27.584835916338314,27.884323120117188,719900
2004-02-27,27.463749161964273,28.712682569974636,27.463749161964273,28.64896011352539,1770300
2004-03-01,28.515141932402535,28.74453787653497,28.406817420319314,28.419559478759766,1126900
2004-03-02,28.54702044959151,28.67446299349324,28.266648797619187,28.355857849121094,1030200
2004-03-03,28.36223398393164,28.833770751953125,28.34311844967563,28.833770751953125,742800
2004-03-04,28.674448425878154,28.80189090503468,28.553379407599166,28.687192916870117,472700
2004-03-05,28.674461003832793,28.993066126097602,28.559762965356327,28.74455451965332,724300
2004-03-08,28.706307538924893,28.916587987561865,28.578865063759736,28.680818557739258,561500
2004-03-09,28.59161604204439,28.70631405264273,28.1264529682905,28.317615509033203,845100
2004-03-10,28.451421471398856,28.49602596752992,27.90979162718019,27.97988510131836,776800
2004-03-11,27.782351627754803,27.87156305867844,27.177004146446425,27.329933166503906,1643000
2004-03-12,27.909802681341137,28.202918752228335,27.67403561830263,28.15194320678711,1005200
2004-03-15,28.024501979102347,28.024501979102347,26.96673323209647,27.10692024230957,1352100
2004-03-16,27.27258846808454,27.527473449307976,27.12603045464823,27.22161293029785,1055500
2004-03-17,27.65491361846673,27.712262612889756,27.393657628486974,27.616680145263672,976500
2004-03-18,27.591192722777535,27.591192722777535,26.87751819798705,27.278961181640625,1542400
2004-03-19,27.145140086146714,27.393653982747942,26.985837615146412,27.055931091308594,787400
2004-03-22,27.055937719001165,27.055937719001165,26.520681188091803,26.756450653076172,807900
2004-03-23,26.76918924878084,27.043189725005185,26.495191203319578,26.890260696411133,801100
2004-03-24,26.890261834578922,26.890261834578922,26.40598088508604,26.539796829223633,999900
2004-03-25,26.673613329783784,27.043193898221084,26.495195291970152,26.9221248626709,817600
2004-03-26,26.922114596875065,27.094161538061392,26.718207651194056,26.979463577270508,798600
2004-03-29,27.107486363640096,27.587548122913912,27.03707935665838,27.549144744873047,823300
2004-03-30,27.523540353780948,27.651557308886787,27.39552339867511,27.465932846069336,716000
2004-03-31,27.47873453940776,27.49793622789938,26.985870853786974,27.305912017822266,1196100
2004-04-01,27.369920210527994,27.849981973008436,27.369920210527994,27.561946868896484,1339900
2004-04-02,27.97799781145051,28.195625899399296,27.58754720292002,28.189226150512695,2113000
2004-04-05,28.227635028484464,28.778106325383114,28.227635028484464,28.75250244140625,1074700
2004-04-06,28.515659405824373,28.822898546021175,28.49645772259946,28.707683563232422,1427800
2004-04-07,28.714090755174073,28.803701881463414,28.61807743888117,28.694889068603516,1008900
2004-04-08,28.931729834725495,29.219767451518177,28.349254850420728,28.803712844848633,950000
2004-04-12,28.803706519520883,29.418185005924418,28.79730677020688,29.277368545532227,909900
2004-04-13,29.379765028539946,29.430970319284985,28.944509069471277,29.053321838378906,832300
2004-04-14,29.05334415136029,29.05334415136029,28.02921313273567,28.042015075683594,1349700
2004-04-15,28.13162097363918,28.13162097363918,27.60035142839844,27.7027645111084,1441900
2004-04-16,27.81156827001684,27.843571887290516,27.529930577881707,27.74755859375,1957000
2004-04-19,27.68356704711914,27.958802706740304,27.36352580958019,27.68356704711914,1418200
2004-04-20,27.68356261515685,27.689962364525886,27.113889694213867,27.113889694213867,1255300
2004-04-21,26.979474786323195,27.331519626455915,26.563420239616843,27.203502655029297,2304600
2004-04-22,27.20349607796505,27.977995027348417,27.00506969814185,27.843578338623047,1617800
2004-04-23,27.81156989025779,27.837173762256153,27.389115769163325,27.587539672851562,1221400
2004-04-26,27.54273662205463,27.587542181265924,27.229097707575576,27.29950714111328,1153100
2004-04-27,27.299514415175697,27.747570126674823,27.09468824942738,27.657958984375,1416000
2004-04-28,27.664381680062856,28.547694258909008,27.651579729999856,28.419679641723633,2457700
2004-04-29,28.34924561718213,29.42458407516062,28.34924561718213,28.624481201171875,2231100
2004-04-30,28.624481844606848,28.675687159998642,27.965195401250625,28.061208724975586,997700
2004-05-03,28.15081757200504,28.15081757200504,27.747565063517666,28.035602569580078,1269600
2004-05-04,28.176429595857403,28.176429595857403,27.651562184917516,27.779579162597656,1399300
2004-05-05,27.811579829546485,28.054811817017796,27.63875729437375,27.657958984375,1064200
2004-05-06,27.65795302899326,27.753966341766667,27.075478287743856,27.453126907348633,970000
2004-05-07,27.363515520609944,27.52353607921,26.76823884728013,26.774641036987305,1055000
2004-05-10,26.467404889713972,26.53141459142436,25.5584891009105,26.102558135986328,2051200
2004-05-11,26.275375862438775,26.800243111867115,26.268976114298432,26.640222549438477,762400
2004-05-12,26.787439452232167,26.806643578858957,25.840118076545558,26.371387481689453,1429000
2004-05-13,26.37778962121738,26.78744188117617,26.307380181214448,26.499406814575195,807600
2004-05-14,26.518615953927252,26.73624408340686,26.211376672612648,26.48661231994629,946900
2004-05-17,26.28817303127795,26.29457521997682,25.756906130090922,26.057743072509766,931400
2004-05-18,26.19215572942628,26.33937674635358,25.98732967333506,26.000131607055664,535800
2004-05-19,26.24337301411901,26.781042217442934,25.72490549750377,25.852922439575195,942600
2004-05-20,25.8913373718981,25.92974075883856,25.379271865017486,25.385671615600586,2297400
2004-05-21,25.603293719644764,26.589021113863975,25.603293719644764,26.358591079711914,1726800
2004-05-24,26.601825532637235,26.74904419223741,26.230576567081556,26.39699935913086,834500
2004-05-25,26.403395018899346,26.774643926948357,26.01934661349435,26.710634231567383,747200
2004-05-26,26.60182104325896,26.8642546863827,26.531411600175975,26.685029983520508,1126800
2004-05-27,26.8194513505101,26.8194513505101,26.512209674840687,26.563417434692383,1041600
2004-05-28,26.512209474666378,26.550615294265178,26.224174373696666,26.358591079711914,1351900
2004-06-01,26.390593041184154,26.75543975830078,26.339387726674556,26.75543975830078,1061000
2004-06-02,26.877056958486467,26.889856455823708,26.672228375287453,26.75543975830078,1143900
2004-06-03,26.75544068092343,26.88985738308152,26.672229295040676,26.81945037841797,1149600
2004-06-04,27.04346675794144,27.38911165281296,26.94105372705943,27.0562686920166,1079700
2004-06-07,27.459540851452783,27.606759536795813,27.40833307826163,27.523548126220703,739800
2004-06-08,27.561944854901142,27.61955235985814,27.382720149634814,27.459531784057617,492000
2004-06-09,27.459524285190547,27.55553513941932,27.139483220988883,27.15228271484375,636600
2004-06-10,27.152284614955768,27.273901790563656,26.78743797157153,26.870649337768555,1549000
2004-06-14,26.65942891698282,26.851453119685313,26.582617282525646,26.710634231567383,1048300
2004-06-15,26.79386241190058,27.005088434775846,26.68504708239619,26.7298526763916,886200
2004-06-16,26.947471488887427,27.107492109229327,26.749047482364844,26.889863967895508,1043800
2004-06-17,26.94746566307795,27.286710965231073,26.761843639319103,27.25470733642578,911500
2004-06-18,27.267508465137034,27.72196881154171,27.139493942260742,27.139493942260742,1475800
2004-06-21,27.203498942999786,27.421127032212596,27.094686119253534,27.305912017822266,921400
2004-06-22,27.350721040129116,27.414730746053447,27.152294614344612,27.280311584472656,956600
2004-06-23,27.33792472130158,27.497945356441562,27.139500696429515,27.36992835998535,1354400
2004-06-24,27.459528724271628,27.485130157839613,27.30590791426404,27.427522659301758,1137500
2004-06-25,27.395519699221175,27.747564446932337,27.2739049512395,27.331512451171875,1225100
2004-06-28,27.756047368790323,27.80750573849847,27.17712537340414,27.228586196899414,900500
2004-06-29,27.235035778999087,27.43444292266211,26.95200842193855,27.138547897338867,940400
2004-06-30,27.20929350782485,27.305781347490928,27.00345507340573,27.196428298950195,930000
2004-07-01,27.19642528518257,27.59523935473933,26.95199370501382,27.048479080200195,911000
2004-07-02,27.112818787210635,27.16427718916356,26.919843031968355,26.952007293701172,825300
2004-07-06,26.694698788335582,26.76545621387457,26.424536749500703,26.604644775390625,1100400
2004-07-07,26.66254561722017,26.79762668033882,26.495300292968746,26.49530029296875,669100
2004-07-08,26.527458992657017,26.93913592944747,26.495294738267432,26.77189064025879,1015000
2004-07-09,26.79118637889412,27.093510211801448,26.79118637889412,26.971294403076172,774100
2004-07-12,27.01632994291339,27.21573707109402,26.96486908901314,27.13211441040039,593500
2004-07-13,27.292914696624734,27.69172633551754,27.22215727844636,27.376537322998047,1428000
2004-07-14,27.2800500541625,27.492322313099717,27.0677802490129,27.325077056884766,577500
2004-07-15,27.402265265391794,27.659564521525663,27.305779884682266,27.427995681762695,1196500
2004-07-16,27.56951199495216,27.56951199495216,27.151401294782744,27.196428298950195,957400
2004-07-19,27.164267636669482,27.222159852126254,26.694698535203568,26.971294403076172,1143700
2004-07-20,26.63037916583282,26.636810544664648,25.72340261567788,25.961402893066406,3159600
2004-07-21,26.051450148713432,26.135072774522904,25.40820446602915,25.459665298461914,1886100
2004-07-22,25.343881076085168,25.343881076085168,24.99009398483142,25.144474029541016,2242600
2004-07-23,24.89361772276609,25.18951025857841,24.60415656651993,24.8614559173584,1502700
2004-07-26,25.408207023664946,25.74912648459317,25.15090774317601,25.37604522705078,1533800
2004-07-27,25.536867833767605,25.556164429418903,25.2667032257051,25.453245162963867,1080500
2004-07-28,25.453232456494295,26.237993005072845,25.453232456494295,25.691232681274414,2080300
2004-07-29,25.723406237717562,25.92281090882818,25.646214958137456,25.736268997192383,760600
2004-07-30,25.781303420915215,26.109357833862305,25.70411212651319,26.109357833862305,936300
2004-08-02,26.051450955871605,26.115774544617967,25.433935670271087,25.68480110168457,1196800
2004-08-03,25.60118810233977,25.646215122155198,25.266699916719045,25.363187789916992,1439200
2004-08-04,25.247402899092968,25.665513737536024,24.990103544083627,25.472537994384766,879100
2004-08-05,25.4789656694983,25.511127467653736,24.88717827752907,24.900043487548828,1064200
2004-08-06,25.150911821037464,25.150911821037464,24.59772244973373,24.719938278198242,908600
2004-08-09,24.636320261514943,24.80356558852408,24.59129323973294,24.623455047607422,852000
2004-08-10,24.73279922002917,24.861448858923378,24.507661738517367,24.809988021850586,918300
2004-08-11,24.803563832236343,24.932211054625025,24.584860118871717,24.848590850830078,919300
2004-08-12,24.84858861409143,24.84858861409143,24.44334302943741,24.636316299438477,1243800
2004-08-13,24.604158453640466,24.79713175467599,24.282535467318368,24.623455047607422,934900
2004-08-16,24.591286273225105,25.18950505461687,24.591286273225105,25.150909423828125,1251900
2004-08-17,25.18308397104552,25.369623461643908,24.977245430269466,25.015838623046875,876800
2004-08-18,24.957937323459632,25.318155865997607,24.797125868471117,25.266695022583008,1695000
2004-08-19,25.285998963631762,25.363187789916992,25.099457050802958,25.363187789916992,584100
2004-08-20,25.363182877091344,25.511129121226208,25.17664100039553,25.266695022583008,676900
2004-08-23,25.17020863892424,25.298858288648685,24.990098147794832,25.086585998535156,1035200
2004-08-24,25.183073101881224,25.21523489991083,25.086585254004508,25.202369689941406,1740900
2004-08-25,25.17020400177284,25.253824172968457,25.08014999969293,25.234527587890625,577000
2004-08-26,25.23453622080081,25.33102408677418,25.067293367407114,25.0737247467041,846100
2004-08-27,25.02868602754445,25.176632220083302,24.96436244949702,25.099443435668945,659300
2004-08-30,25.0865868949219,25.183074749109903,24.925775440467273,24.957937240600586,638500
2004-08-31,25.054426088871004,25.093019269047012,24.629883930417787,24.79712677001953,1066700
2004-09-01,24.68777624682836,24.68777624682836,24.03809656850257,24.134584426879883,1825000
2004-09-02,24.121723305635314,24.758537880571062,23.877289155744073,24.707077026367188,2271400
2004-09-03,24.700637707852657,25.324584414916213,24.687772498436487,25.05442237854004,1315300
2004-09-07,25.1187487220055,25.45323684208457,24.957937267378338,25.247398376464844,1068700
2004-09-08,25.150908487516283,25.215234536436142,24.94507003854847,24.990097045898438,694000
2004-09-09,24.996521484190147,25.047979850200523,24.61057269707108,24.925764083862305,984600
2004-09-10,24.89361165320045,25.00296225568241,24.68777320423263,24.990097045898438,868100
2004-09-13,24.957942395006448,25.37605324445349,24.957942395006448,25.318161010742188,985200
2004-09-14,25.41463794870427,25.601179801046072,25.363179565795903,25.46609878540039,1145900
2004-09-15,25.33102276045222,25.922807776324074,25.086588645562955,25.601184844970703,1435100
2004-09-16,25.52398718853609,25.91636742149646,25.52398718853609,25.839176177978516,1282000
2004-09-17,25.99999211209484,26.147940794354387,25.691234445659763,25.704099655151367,1287200
2004-09-20,25.704098196997922,25.7619904095321,25.466097969374147,25.614044189453125,808700
2004-09-21,25.63334077570196,25.65907119322552,25.408205756839966,25.614044189453125,987900
2004-09-22,25.47253343142765,25.536859485551354,25.138047765136644,25.247398376464844,837600
2004-09-23,25.27955621461466,25.388909262592225,25.112313407680812,25.2602596282959,771800
2004-09-24,25.195943684959893,25.22167411289167,24.970808575028528,25.20880889892578,432600
2004-09-27,25.208809979716744,25.234540408751673,24.546267381694317,24.687782287597656,1298600
2004-09-28,24.68131290957353,25.295759088509573,24.674846145859743,25.18580436706543,1429600
2004-09-29,25.082300206492075,25.19225484609095,24.655422567757668,25.127574920654297,1727500
2004-09-30,25.127577533140734,25.948994166936437,24.901203938793824,25.910188674926758,1986700
2004-10-01,26.110717587908006,26.621678483258226,26.033104055478134,26.582870483398438,1634300
2004-10-04,26.582849513051535,27.76646666851606,26.582849513051535,27.404266357421875,3004700
2004-10-05,27.391340268080274,27.443084245776696,27.281388016408364,27.346065521240234,1289200
2004-10-06,27.346065521240234,27.546569733880883,27.158499770312346,27.346065521240234,832500
2004-10-07,27.34605316343322,27.352522391366126,26.93858062601156,26.99032211303711,931600
2004-10-08,26.86097919446145,26.983869918649344,26.42116521453281,26.544055938720703,965000
2004-10-11,26.19478416442871,26.524643323855454,26.155976188553957,26.19478416442871,1232800
2004-10-12,26.162442662333678,26.22065338637004,25.936066527842094,26.110698699951172,1106100
2004-10-13,26.3564742323407,26.427620937917947,26.000743171742094,26.071889877319336,1058600
2004-10-14,25.942541963145366,25.961944720036662,23.057881986983187,23.588245391845703,7531300
2004-10-15,22.954398209665502,22.954398209665502,21.311563898296473,22.624536514282227,10878500
2004-10-18,22.624524920227355,23.11608259591602,22.404618058427147,22.88323974609375,3575500
2004-10-19,22.637474951306512,22.643941715685454,20.567762462300696,21.4409236907959,9259000
2004-10-20,21.02050178191241,22.217052434890803,20.794128134253057,21.990678787231445,4479900
2004-10-21,21.99715805053711,22.372294556769543,21.667298766857826,21.99715805053711,2810700
2004-10-22,21.861322229386182,22.831499273299368,21.81604749805326,22.346410751342773,3940200
2004-10-25,22.76682387813237,22.92852006694398,22.359348791486465,22.50164222717285,2399200
2004-10-26,23.6076504122397,24.33204885733607,23.542972904875093,24.04746437072754,3590000
2004-10-27,23.885761960069384,24.23502633103929,23.484756090041778,23.99571418762207,2040000
2004-10-28,23.995711059282293,24.674836958948305,23.85988686626421,24.564882278442383,1891700
2004-10-29,24.571357719095595,24.791264668415877,24.286770803923215,24.61663246154785,1783600
2004-11-01,24.70717155652634,24.965883909275053,24.396715252855458,24.758913040161133,1144000
2004-11-02,24.73952334127266,25.017641055956336,24.41613087929524,24.545488357543945,1344200
2004-11-03,25.19872536237749,25.4833121421598,24.810655621039928,24.90120506286621,1135200
2004-11-04,24.90767959510263,25.41864013889445,24.810663363138215,25.23754119873047,1464600
2004-11-05,25.237541198187518,25.65148304271801,25.159927719160056,25.28281593322754,1135300
2004-11-08,25.353966956981687,25.528599164922408,25.282820227751568,25.379838943481445,787100
2004-11-09,25.548001051148127,25.774374757091064,25.47685432434082,25.47685432434082,1103900
2004-11-10,25.638547911771468,25.677355886231112,25.315155526472054,25.321624755859375,855800
2004-11-11,25.321627345205194,25.612678547906583,25.321627345205194,25.47685432434082,815600
2004-11-12,25.46391416453418,25.547996870391284,24.843001415023146,25.353961944580078,1691900
2004-11-15,25.483311380930658,25.754959698294915,25.373356728220955,25.41216468811035,1369800
2004-11-16,25.062907466698245,25.19226490191942,24.894744528012218,25.04350471496582,1756400
2004-11-17,25.205199325792343,25.295748784633606,24.894742980927557,25.030567169189453,1328800
2004-11-18,24.96589739146586,25.18580436706543,24.92709187460569,25.18580436706543,1253600
2004-11-19,25.185807960131697,25.25695470757692,25.114663679975543,25.218149185180664,1760800
2004-11-22,25.22459766017062,25.58032867217711,25.211661672988367,25.50918197631836,1255300
2004-11-23,25.509197345439297,25.651490822887673,25.26342084275962,25.619152069091797,1827000
2004-11-24,25.8067070680073,26.046016684184448,25.70968838905812,26.000741958618164,889200
2004-11-26,25.936052848356127,26.07834620257013,25.761423235640102,25.987796783447266,228400
2004-11-29,26.06542791685796,26.18184938257494,25.871392963092426,26.130107879638672,896500
2004-11-30,25.968402405016,26.194776025730807,25.968402405016,26.14303207397461,878900
2004-12-01,26.291802494283502,26.660469624310043,26.285333264752847,26.524642944335938,1200300
2004-12-02,26.531096766896184,26.66045414222004,26.22710730497813,26.647518157958984,960400
2004-12-03,26.841576434763937,26.983869918649344,26.24653544267747,26.544055938720703,965300
2004-12-06,26.38882497216424,26.421163725600636,26.16891799459251,26.350019454956055,966600
2004-12-07,26.350013118039797,26.466432108955473,25.916666030883786,25.91666603088379,1040600
2004-12-08,25.632094924119503,25.871404727003245,25.560948166353935,25.735580444335938,1159300
2004-12-09,25.677367225957276,26.162456018132957,25.625623237159726,26.155986785888672,741200
2004-12-10,26.628131938958806,26.628131938958806,25.90373357470975,26.265933990478516,649200
2004-12-13,26.3241259532927,26.699259627716497,26.3241259532927,26.647518157958984,845000
2004-12-14,26.776889588331937,27.22963693868007,26.615193401125314,27.216703414916992,1188000
2004-12-15,27.21670014052208,27.57889797722518,26.66693168978846,27.035598754882812,1105200
2004-12-16,27.197301898137923,27.22317388376308,26.408226074877433,26.970928192138672,1173000
2004-12-17,27.00325541046726,27.481877071013688,26.71220186468141,27.456005096435547,2599200
2004-12-20,27.456017272068834,27.585374735037046,27.15202760418679,27.294321060180664,1009200
2004-12-21,26.97091953553134,27.268439872863237,26.641057992904084,27.145551681518555,1180600
2004-12-22,27.268450584902208,27.5983097898226,27.119690357797833,27.488357543945312,782100
2004-12-23,27.42366858063301,27.475410066688262,27.184356497354038,27.261972427368164,402900
2004-12-27,27.1390800357453,27.300776178666503,26.873898460046025,27.09380531311035,442700
2004-12-28,27.00326409365225,27.546563398060368,27.00326409365225,27.52716064453125,409400
2004-12-29,27.397170558207822,27.605167851216002,27.234672518074973,27.501169204711914,531200
2004-12-30,27.605155528946675,27.819651556824105,27.468655351727715,27.70915412902832,486500
2004-12-31,27.819650432972132,28.001649835404304,27.67665391333799,27.787151336669922,515300
2005-01-03,27.917160272775913,27.917160272775913,27.442666352923656,27.5141658782959,892900
2005-01-04,27.52066919001446,27.709167518598935,27.442670822143555,27.442670822143555,902800
2005-01-05,27.449158917926223,27.715655510157646,27.332160172115117,27.423158645629883,1672900
2005-01-06,27.416647725966623,28.02114015288861,26.896654906980327,27.7286434173584,2674000
2005-01-07,27.787156576268814,27.839157123775358,27.481659558474306,27.624658584594727,1405700
2005-01-10,27.429668078231284,27.663665639164414,27.38416882799686,27.416667938232422,978400
2005-01-11,27.299659528860687,27.88465322485948,27.25416029467437,27.65065574645996,1280000
2005-01-12,27.650649361281282,27.793645858764645,27.280154265878757,27.79364585876465,1531900
2005-01-13,27.780658395104936,27.878155704668316,27.481660199018393,27.553159713745117,1354500
2005-01-14,27.559660379734122,27.9496545679429,27.50116100355055,27.624658584594727,1199600
2005-01-18,27.62465149909624,28.378641887890698,27.442654588549217,28.287643432617188,2344800
2005-01-19,28.398147155299466,28.736143263895546,28.151152001708954,28.502145767211914,2893700
2005-01-20,28.359153954181963,28.541150935494574,27.969157234839766,28.391653060913086,2150700
2005-01-21,28.313645122736034,28.320143950072794,27.780652018327167,27.83915138244629,1449100
2005-01-24,27.55965954252573,27.84565510655601,27.137163785198666,27.449159622192383,1182500
2005-01-25,27.468663624330496,27.787160827732027,27.468663624330496,27.689661026000977,1162900
2005-01-26,27.69616002144295,28.086154236740903,27.650660778975613,28.06015396118164,1217400
2005-01-27,27.930150335826177,28.10564843128464,27.722153144065505,27.787151336669922,610900
2005-01-28,27.79365219459809,27.852151564024602,27.254160213906697,27.384159088134766,1035200
2005-01-31,27.62465259008267,28.235644013564798,27.566153226593375,28.209646224975586,1529400
2005-02-01,28.37214591648317,28.645141309780175,28.0796490811491,28.5151424407959,1007100
2005-02-02,28.51514216397895,28.671141301150122,28.31364627455547,28.599641799926758,1494300
2005-02-03,29.093649324911937,29.230149569209875,28.859654219379966,28.937652587890625,1781000
2005-02-04,28.729647911845362,29.93863347132127,28.729647911845362,29.886632919311523,1653700
2005-02-07,29.70462541180727,29.990620907866415,29.69162527841523,29.893123626708984,1466400
2005-02-08,29.704644958610675,29.834643898553484,29.60714513377268,29.67214584350586,1384100
2005-02-09,29.750130052230745,29.964626093424165,29.57463193878756,29.76313018798828,1289900
2005-02-10,29.899628742012098,30.042627759877597,29.57463277742501,29.938629150390625,1118900
2005-02-11,29.938637954983665,31.004624635599576,29.912637675084945,30.712127685546875,2201600
2005-02-14,30.575622426171016,30.640620630431478,30.166126796666948,30.426124572753906,934000
2005-02-15,30.257132717167465,30.48463144708491,30.15963538679413,30.44563102722168,1186500
2005-02-16,30.21162836548273,30.380627676829295,29.672136285851963,29.84113311767578,1618700
2005-02-17,29.847615454148485,29.847615454148485,29.418621063232422,29.418621063232422,1382600
2005-02-18,29.301633401538982,29.39913069003924,29.087134903698644,29.191133499145508,1283300
2005-02-22,28.924641801652538,29.17813826566252,28.632144927978516,28.632144927978516,1350900
2005-02-23,28.794637624568153,29.17163407681265,28.632139666777675,28.911636352539062,524600
2005-02-24,28.911647204261687,29.197642824690828,28.79464843237636,29.035144805908203,695600
2005-02-25,28.937654633555244,29.32115015183429,28.853154948639904,29.236650466918945,858700
2005-02-28,29.022118658061157,29.14561613848164,28.755622268033385,28.898618698120117,1000300
2005-03-01,28.794645052448406,29.39263898072763,28.72964684437407,29.145641326904297,817800
2005-03-02,28.89214085610504,29.353634516491947,28.866140584655042,29.282135009765625,730800
2005-03-03,29.56161872505814,29.65911846034488,29.295122258731816,29.392621994018555,797400
2005-03-04,29.47713553346657,29.789133868304987,29.444636430115008,29.652633666992188,838600
2005-03-07,29.607136936636078,30.088132137397377,29.607136936636078,29.795635223388672,534200
2005-03-08,29.633121591446344,29.80211834182534,29.269125348178783,29.730621337890625,1261200
2005-03-09,29.730618854444554,29.86711650444744,29.405623032806435,29.522619247436523,867500
2005-03-10,29.425140634689157,29.568139680271948,29.223642204960942,29.555139541625977,932000
2005-03-11,29.37965606294247,29.776151811345382,29.093657828934255,29.65915298461914,892200
2005-03-14,29.6071273536358,29.704627119921703,29.2171332475363,29.529129028320312,1456700
2005-03-15,29.4446229410853,29.451124246490853,28.736131902692108,28.814132690429688,1923700
2005-03-16,28.82064661087443,29.10664221046871,28.66464743321758,29.002643585205078,1685400
2005-03-17,29.002632821009172,29.002632821009172,28.242143620931536,28.528139114379883,2012000
2005-03-18,28.44365050565794,28.599649685843502,27.650661904989633,27.98215675354004,1776000
2005-03-21,27.97564907221689,27.97564907221689,27.59215379177421,27.83915138244629,1134600
2005-03-22,27.839162791990322,27.91065984008517,27.208669662475586,27.208669662475586,1288400
2005-03-23,27.234672917805852,27.56616783355205,27.202171325683594,27.202171325683594,1646200
2005-03-24,27.286666555437264,27.501165126777487,27.104669570922855,27.10466957092285,729200
2005-03-28,27.111173274391604,27.598667410141015,26.974675511467385,27.462169647216797,1241500
2005-03-29,27.494817998550833,27.749580702258505,27.46215656072564,27.540544509887695,1452600
2005-03-30,27.59933529581342,27.618931659559685,27.142067703773396,27.436025619506836,1462400
2005-03-31,27.37723800638519,27.37723800638519,26.75666064804748,26.959165573120117,1710700
2005-04-01,26.959170118974953,27.12247984650067,25.058244990251914,26.083829879760742,4738300
2005-04-04,26.16874882004217,27.253125194457333,25.979308958438043,26.946102142333984,3750900
2005-04-05,27.10940609291026,27.142067529580384,26.763190378772773,26.880773544311523,1565800
2005-04-06,27.07673971539805,27.174724007528678,26.900364999273993,26.985286712646484,909300
2005-04-07,26.98528072023013,27.115926414059473,26.893825245879956,26.97221565246582,1237700
2005-04-08,26.978758271270394,27.044083637528107,26.129548445183516,26.260196685791016,1913100
2005-04-11,26.390850670585447,26.390850670585447,26.12955413249709,26.292863845825195,1221900
2005-04-12,26.292857502469886,26.737060014907723,26.292857502469886,26.678268432617188,2062700
2005-04-13,26.52148240430531,26.658664384711994,26.123009007983878,26.16873550415039,1108800
2005-04-14,26.168753798341506,26.21448032647476,25.620032968833556,25.704952239990234,2160100
2005-04-15,25.574284175453048,26.10340568088151,25.5350889746445,25.66573715209961,1784100
2005-04-18,25.835578038456553,25.933564794524568,25.450167285512666,25.66573715209961,1054500
2005-04-19,25.659227249571273,25.920523847627987,25.528581442451955,25.81600570678711,869700
2005-04-20,25.73760393567677,25.80292680424088,25.208479729439738,25.280336380004883,1056400
2005-04-21,25.37833041534442,26.129556151462427,25.31953881432728,26.038103103637695,1654300
2005-04-22,26.064226414485418,26.266728826669155,25.920513095974634,26.142614364624023,1645800
2005-04-25,26.1295712372408,26.37126907345045,25.868274528104354,25.99239158630371,1391800
2005-04-26,25.99890222250279,26.37124811739396,25.88131904602051,25.881319046020508,1142200
2005-04-27,26.29285952187107,27.475222549009814,26.07075824859385,27.102876663208008,2595200
2005-04-28,27.207410279352555,27.632014211186043,27.044100499745177,27.21394157409668,1576500
2005-04-29,27.46868987144333,28.11539735233302,27.338041618627337,28.06313705444336,1861400
2005-05-02,28.219925581103897,28.54654508437614,27.743061405355505,28.056615829467773,1697300
2005-05-03,28.089275891690995,28.3832339284742,28.0043541273072,28.082744598388672,948900
2005-05-04,28.285241548687612,28.91235024312812,28.187257216879782,28.840496063232422,1184100
2005-05-05,28.709842471768535,28.801295494593955,28.07620011089529,28.409353256225586,1224500
2005-05-06,28.422424606880654,28.618398278435603,28.298310107883434,28.337505340576172,621000
2005-05-09,28.344032199117486,28.59879494199203,28.29177438894473,28.566133499145508,657000
2005-05-10,28.304851904165467,28.35710973730502,27.82798515977636,27.86064910888672,976800
2005-05-11,27.82796504902924,27.952081985368928,27.364166212990536,27.84103012084961,1707100
2005-05-12,27.93248722497355,28.037005322945173,27.690789590646926,27.788776397705078,1172000
2005-05-13,27.827975076025492,27.827975076025492,27.011426482340372,27.311918258666992,750200
2005-05-16,27.377231284810907,27.958613275325288,27.31190841761671,27.84103012084961,588900
2005-05-17,27.84757025459026,28.500809043163,27.716921998494065,28.42241859436035,800000
2005-05-18,28.428967146830974,28.651068550005807,28.278722446434692,28.3636417388916,617500
2005-05-19,28.36362261554609,28.50080463377304,28.21337801644785,28.455078125,724200
2005-05-20,28.546539412868093,28.559604489432356,28.30484172620066,28.324438095092773,651400
2005-05-23,28.402821708709958,28.474678372844227,28.239512014553227,28.298303604125977,688500
2005-05-24,28.232982372688106,28.3309666997618,28.108865403056445,28.21991729736328,615000
2005-05-25,28.252579855818748,28.29830637530786,27.912895359679315,28.2133846282959,905900
2005-05-26,28.27217830249103,28.44202180900362,28.161128887540077,28.383230209350586,580800
2005-05-27,28.317901023092457,28.42241913156323,28.154591322862608,28.35056495666504,482700
2005-05-31,28.44855207250529,28.481213517373746,28.017414521279555,28.23298454284668,999300
2005-06-01,28.409341864954346,28.64450561853716,28.180706907658394,28.539987564086914,838900
2005-06-02,28.611867946391076,28.611867946391076,28.344040053776187,28.513883590698242,443200
2005-06-03,28.350552426366274,28.428940350096607,27.991269251128976,28.2656307220459,665800
2005-06-06,28.232991453804427,28.546545886729728,28.121939523777836,28.526947021484375,462500
2005-06-07,28.579198917449865,29.160581079579504,28.52693861474193,29.036466598510742,1580200
2005-06-08,29.03646659851074,29.461070344424964,29.003805155272474,29.036466598510742,1778300
2005-06-09,28.98421135843083,29.258573011753043,28.9384848315286,29.23244285583496,763600
2005-06-10,29.25857605271266,29.402286941380904,29.121396457748347,29.19325065612793,547400
2005-06-13,29.09525456932259,29.545988410452402,29.069124421223105,29.336952209472656,869500
2005-06-14,29.48721090510002,29.90528350671433,29.28470839039205,29.898752212524414,1112600
2005-06-15,29.90527651521687,29.92487537702318,29.39575096260909,29.702774047851562,1000800
2005-06-16,29.702783886584367,29.990208205226793,29.617862102384066,29.98367691040039,626200
2005-06-17,30.480137550220856,30.63691603705914,29.98367691040039,29.98367691040039,2000900
2005-06-20,29.885674125463876,29.99672352172672,29.41534140739022,29.657041549682617,1510200
2005-06-21,29.722378238808737,29.918349465078357,29.650521541064364,29.846492767333984,1250200
2005-06-22,29.951003922294493,30.153508887536674,29.591723009433455,29.61785316467285,789300
2005-06-23,29.65051408951482,29.696240614422432,29.06260055845608,29.06913185119629,1011600
2005-06-24,29.08872291835508,29.095256701812875,28.637989044189453,28.637989044189453,1376800
2005-06-27,28.553063185132935,28.899281393130448,28.553063185132935,28.78169822692871,1127500
2005-06-28,28.991831436745557,29.37926483154297,28.70946459791095,29.37926483154297,1451600
2005-06-29,29.379274049318056,29.69447381610071,29.103472687767564,29.62224006652832,1308500
2005-06-30,29.563142236770222,29.64194155830506,29.366142680440497,29.451507568359375,1222400
2005-07-01,29.550008288059246,29.78640875516136,29.50404180889886,29.740442276000977,827700
2005-07-05,29.549995948660964,30.029362249007804,29.52372868439928,29.957128524780273,583600
2005-07-06,29.812676411995714,29.950575851241986,29.55657423270014,29.5697078704834,815600
2005-07-07,29.201979296618173,29.766713259496356,29.10347825472619,29.76014518737793,719100
2005-07-08,29.6550724353424,29.92430572175886,29.35300631009175,29.812673568725586,823900
2005-07-11,29.609102798608944,30.00310183252202,29.464635317181262,29.8586368560791,1203400
2005-07-12,29.95056239551953,30.055628945597636,29.464628035793194,29.753562927246094,707000
2005-07-13,29.71417241665104,29.72073798239501,29.287337998727235,29.438373565673828,906200
2005-07-14,29.740438909812177,29.950572077899956,29.64850596189689,29.87177276611328,729900
2005-07-15,29.878338390079726,30.200106213397042,29.852071117771175,30.127872467041016,740000
2005-07-18,30.180408820662265,30.193542458693862,29.937442779541016,29.937442779541016,531900
2005-07-19,30.167279787175794,30.370847450258868,30.022814756748623,30.338014602661133,920000
2005-07-20,30.33800655212214,30.712306426380074,30.180405418494306,30.600671768188477,943100
2005-07-21,30.521872664700666,30.725440275170904,30.08190710963329,30.377405166625977,1411400
2005-07-22,30.311723149778484,30.633490811600627,30.16725572957462,30.541555404663086,729600
2005-07-25,30.403670195662606,30.528438482057357,30.31173725094113,30.41023826599121,866500
2005-07-26,30.3380142542343,30.3380142542343,29.66821364999312,30.06878089904785,1585400
2005-07-27,30.33143038533535,30.56783077018495,30.14099896863705,30.534997940063477,793000
2005-07-28,30.758268998777048,30.791101833495922,30.502169380991226,30.666336059570312,438600
2005-07-29,30.626938990174942,30.797673760068896,30.331438430731588,30.344572067260742,1090900
2005-08-01,30.52187085340014,30.52187085340014,30.134437362906876,30.357704162597656,782800
2005-08-02,30.489056617800998,30.80425655584904,30.39712361566029,30.784557342529297,506800
2005-08-03,30.784533083084618,31.053766307895742,30.633500055018324,30.85019874572754,783900
2005-08-04,30.68603607861576,30.77140345515162,30.344569077457106,30.489036560058594,942000
2005-08-05,30.403661466604518,30.416795098506118,29.96369607032968,30.029361724853516,547500
2005-08-08,30.075342977384484,30.180409579292952,29.747009533297348,29.779842376708984,572800
2005-08-09,29.944007615955712,30.016241370875598,29.694476014395516,29.911174774169922,754300
2005-08-10,30.173843297729945,30.278909897149187,29.733875190484454,29.799543380737305,574900
2005-08-11,29.81267923726057,29.983411534652173,29.714178197044124,29.950578689575195,395400
2005-08-12,29.799545850606453,29.838944263038293,29.31361122240101,29.47121238708496,839600
2005-08-15,29.379276318193845,29.563142236770222,29.300474491673743,29.451507568359375,852800
2005-08-16,29.52373947462358,29.556572314458204,29.11004118373406,29.17570686340332,662500
2005-08-17,29.195409471502472,29.385843471733665,28.991844337793967,29.30047607421875,482100
2005-08-18,29.15599977383065,29.497464221727125,29.06406434018298,29.280765533447266,572900
2005-08-19,29.563139953695003,29.733872221332874,29.438374162151373,29.62224006652832,583000
2005-08-22,29.753562927246097,30.075328140929734,29.5499953905392,29.753562927246094,444100
2005-08-23,29.701043936623694,29.91117714670266,29.61567653722116,29.64851188659668,386800
2005-08-24,29.655081279015544,29.838947235307167,29.26108208553756,29.346446990966797,502400
2005-08-25,29.425246102010565,29.471212586816254,29.241377657802264,29.385845184326172,469100
2005-08-26,29.280760612400165,29.641926702157132,29.05092832936865,29.582826614379883,797800
2005-08-29,28.893347625378716,29.37928230127201,28.748880085656374,29.228246688842773,830000
2005-08-30,29.090328740449856,29.096896808983992,28.847362809354788,29.018095016479492,889200
2005-08-31,28.92617240889719,29.182272063374466,28.551872528509627,29.162572860717773,1423200
2005-09-01,29.10348362515698,29.418683510395002,28.965584145050222,29.353017807006836,1563500
2005-09-02,29.385836661043346,29.392402226260312,29.057503290528892,29.307037353515625,1005900
2005-09-06,29.33987342685103,29.74044058387371,29.29390695030598,29.517173767089844,978200
2005-09-07,29.615662090780777,29.77982873763651,29.471197144937012,29.60909652709961,777200
2005-09-08,29.46463252784616,29.504033429501398,28.794832229614258,28.794832229614258,1550300
2005-09-09,28.702907148320406,29.018106932823258,28.138173261716673,29.01154136657715,2611400
2005-09-12,28.867076905770777,29.490910974366116,28.735743022121415,29.42524528503418,1633100
2005-09-13,29.431802889209443,30.68603625400674,29.431802889209443,30.403669357299805,2541800
2005-09-14,30.338008264601466,30.338008264601466,29.694475067183838,29.714174270629883,1426900
2005-09-15,29.976838034275584,30.28546970230259,29.944002692902952,30.19353675842285,1337400
2005-09-16,30.285474629946982,31.106308198120843,30.0556422328524,31.066909790039062,3099700
2005-09-19,31.066899441844082,31.066899441844082,30.200099682977026,30.305166244506836,2492200
2005-09-20,30.305171497752585,30.73857145231377,29.98996925354004,29.98996925354004,1131300
2005-09-21,29.989959914107637,29.989959914107637,28.92616081237793,28.92616081237793,1952100
2005-09-22,28.499338308005235,28.729170671382338,27.921470859390805,28.551870346069336,3738900
2005-09-23,28.62410494467358,30.5744060763465,28.62410494467358,30.127872467041016,3129400
2005-09-26,30.535009403768655,30.837075562265376,29.71417581764584,30.141010284423828,1821000
2005-09-27,30.78455248699674,30.863351832833416,29.77985018138847,29.996551513671875,1925800
2005-09-28,30.16152145641616,30.28031977099132,29.94372370714163,29.95032501220703,1256700
2005-09-29,30.029526772609426,30.834714889526364,29.923928537412166,30.834714889526367,1394000
2005-09-30,30.788528878343605,31.092123618601896,30.58393110938958,31.065723419189453,1157300
2005-10-03,30.524539997576273,30.55094020397528,29.95034935554027,30.082347869873047,3748500
2005-10-04,30.227540556226796,31.362724126568274,30.227540556226796,31.250524520874023,9987100
2005-10-05,31.01952384213683,31.97650965569251,30.894126673388477,31.540916442871094,4235500
2005-10-06,31.5475109948225,31.870907094940584,31.316515578781875,31.666309356689453,3102200
2005-10-07,31.67951642745799,31.7059166287197,31.38252045741822,31.65311622619629,1573000
2005-10-10,31.184520434577102,31.864309174906687,30.973323883840504,31.389118194580078,1955600
2005-10-11,31.474919478694968,31.811515759551774,31.35612108752925,31.362722396850586,2272500
2005-10-12,31.415513706715938,31.71911093039775,31.243917465209957,31.24391746520996,2215600
2005-10-13,31.30332237129487,31.69931531957339,31.118525997786463,31.65311622619629,1720900
2005-10-14,31.983090964199963,32.682680749272954,31.93029311272549,32.385684967041016,2658800
2005-10-17,32.53749748478093,32.80149441872833,32.24050156350543,32.69589614868164,2602700
2005-10-18,32.86750370959306,33.131500734434056,32.68270730280169,33.032501220703125,3254700
2005-10-19,33.02589328281557,33.12489025147099,32.54410098590695,32.87409591674805,2732500
2005-10-20,33.11828631341751,33.15128529784065,32.05570239842896,32.16130065917969,1702200
2005-10-21,32.933496080825094,33.64628384337776,32.7618973018128,33.09189224243164,4494000
2005-10-24,33.32947540283203,33.46807261710032,33.111677622415655,33.32947540283203,3627100
2005-10-25,33.349283434850285,33.5406810790602,32.9268903701534,33.11168670654297,2362100
2005-10-26,33.1644811630249,34.596657549050484,33.13808097179087,33.65947341918945,5329200
2005-10-27,33.49447198325562,33.659469382187915,32.99947978645874,33.243675231933594,3411400
2005-10-28,33.39548908090126,34.06867910416148,33.26349311049324,34.02248001098633,2339300
2005-10-31,34.022484966570815,34.583477993163974,33.916886664266315,34.38547897338867,1601700
2005-11-01,34.15446544474644,34.464661395499945,33.97626793161108,34.20066452026367,2821000
2005-11-02,34.23366790076901,34.86725997924805,34.21386901376255,34.86725997924805,2224100
2005-11-03,34.93986907927227,35.24346638735708,34.78147289194819,35.045467376708984,1793300
2005-11-04,34.97946032697139,35.42165229621226,34.47786917344997,35.3028564453125,1684600
2005-11-07,35.415049534943975,35.67244513207914,34.72865959747617,35.573448181152344,1423600
2005-11-08,35.573443349705364,35.66584149841897,34.9926517493703,35.38204574584961,1344900
2005-11-09,35.44144644744428,35.82423915404219,35.16424947166021,35.51404571533203,1185200
2005-11-10,35.75162355149332,37.10460379633804,35.57342863420771,36.7152099609375,4238200
2005-11-11,36.71524265296583,37.03863632764337,36.3522486738196,36.89344024658203,1264600
2005-11-14,37.52041720904903,37.52041720904903,37.03862498174422,37.33562088012695,1822400
2005-11-15,37.190437702419636,37.230038011130624,36.31265225945465,36.54364776611328,1608900
2005-11-16,36.378633167425505,36.56343200360524,35.797844018463536,36.200435638427734,1774000
2005-11-17,36.286247858823174,36.728442443158904,36.02225338425522,36.68224334716797,1706700
2005-11-18,36.735041391139866,36.8868387811355,36.37864620541345,36.787841796875,994000
2005-11-21,36.80104001514424,36.926439722096276,36.6030435255476,36.79444122314453,696500
2005-11-22,36.58983201156183,36.728431776946145,36.253238335996905,36.418235778808594,1249600
2005-11-23,36.43143838144352,37.355422614127065,36.43143838144352,37.14422607421875,691500
2005-11-25,37.144225177970306,37.144225177970306,36.583234854436405,36.992427825927734,449000
2005-11-28,37.117820277206675,37.20361712188824,36.49742837395373,36.556827545166016,1231700
2005-11-29,36.69544372817496,37.00563984004199,36.56344773965989,36.867042541503906,1264700
2005-11-30,36.873624351003826,36.89342575429085,36.4578326468905,36.62942886352539,1276100
2005-12-01,36.82743942699867,36.98583812586897,36.55684364291093,36.68224334716797,1288800
2005-12-02,36.74822721260375,36.95942371815175,36.33243299082948,36.62942886352539,843600
2005-12-05,35.96945407482727,36.29944906633944,35.87045457030882,36.14765167236328,2173300
2005-12-06,36.1674350699549,36.44463205324194,35.23684969331431,35.355648040771484,2418500
2005-12-07,35.355656471819316,35.44145585825642,34.90026437641284,35.06526184082031,1471300
2005-12-08,35.07846219096398,35.61305236816406,34.8144652389594,35.61305236816406,1677000
2005-12-09,35.61304466644275,36.33243356153471,35.52064650852174,36.25983428955078,2073700
2005-12-12,36.30603336851129,36.464432008990855,36.200435114078566,36.25983428955078,2354300
2005-12-13,36.20702889375917,36.39842647689617,36.15422851868947,36.2994270324707,1906800
2005-12-14,36.36544782853536,36.52384653559058,36.061853034146736,36.23345184326172,1870400
2005-12-15,36.365434427358394,36.62283254617603,35.5338484453403,35.54044723510742,1361900
2005-12-16,35.540451477295356,36.17404362999352,34.966261027897126,36.167442321777344,3883000
2005-12-19,36.26644675514585,36.26644675514585,35.124664491017924,35.25666046142578,1912100
2005-12-20,35.309453670820126,35.61964967694435,35.25005448917211,35.507450103759766,1197900
2005-12-21,35.47444871256448,35.82424247096241,35.441449728922215,35.573448181152344,761600
2005-12-22,35.50746598058871,35.54046498122364,35.22367004333609,35.487667083740234,925100
2005-12-23,35.481065833891684,35.573466560555325,35.21046999996124,35.52726745605469,536600
2005-12-27,35.639453303780485,36.02884743132455,35.21706018596894,35.283058166503906,534800
2005-12-28,35.561447219019456,35.7801835975341,35.422248583375996,35.72715759277344,853300
2005-12-29,35.8266024972401,36.17791040705622,35.707290758591775,35.71392059326172,650600
2005-12-30,35.70726704214773,35.70726704214773,35.30293336623216,35.422245025634766,438600
2006-01-03,35.82659650181789,36.27732909938546,35.34272232206989,36.151390075683594,1214400
2006-01-04,36.158006713539386,36.91364568990686,36.15137941047471,36.767822265625,1415300
2006-01-05,36.88051170234101,36.91365328156006,36.36349598661076,36.68165969848633,939900
2006-01-06,36.84736485172022,37.245068802533865,36.70816872178945,37.15890121459961,745900
2006-01-09,37.17879930066941,37.29148120096367,36.92029138489694,37.052860260009766,655500
2006-01-10,37.01969601150025,37.17215177851789,36.84073103525096,37.14563751220703,722200
2006-01-11,37.39088829109009,37.7687077375141,37.25831948759017,37.55659866333008,744300
2006-01-12,37.53008400362337,37.57648270508117,36.72804641723633,36.72804641723633,1203000
2006-01-13,36.728055142621706,36.75456941505068,36.18452520052871,36.39000701904297,1452800
2006-01-17,36.390009147026326,36.44303516644489,35.93264677077197,36.363494873046875,1039300
2006-01-18,36.36348661189474,36.542454127787224,36.11160612339349,36.32371520996094,685700
2006-01-19,36.45629164567301,36.622002062244256,36.11161367578,36.15801239013672,934400
2006-01-20,36.12485723730258,36.277310459833444,35.04442501927848,35.06431198120117,1650200
2006-01-23,35.07757689076262,35.336087243397294,34.95163789476631,34.99140930175781,1409900
2006-01-24,35.03116971884481,35.21676704476959,34.66660742603533,34.69974899291992,1173200
2006-01-25,34.70639034091814,34.85884362201127,34.17611750917239,34.78593063354492,2252900
2006-01-26,35.10408472549999,35.488534003639394,35.09082759226695,35.309566497802734,1489000
2006-01-27,35.35595767123912,35.74703416845038,35.309558979073294,35.5548095703125,1763900
2006-01-30,36.1115888719969,36.65511846273594,35.56805928125785,36.429752349853516,1360400
2006-01-31,36.32371469031803,36.48279776723766,36.09172117037244,36.29057312011719,1871800
2006-02-01,36.78772419226767,37.119145130936744,36.29059278426405,36.49607467651367,1594800
2006-02-02,36.496061500568,36.728055062464726,35.85973160636235,36.05858612060547,1492800
2006-02-03,35.892868582314364,35.99892312219482,35.39573745252353,35.84646987915039,1391400
2006-02-06,35.727153339267495,35.992288388584356,35.57469758844962,35.93926239013672,881900
2006-02-07,35.97240331548602,36.14474096805009,35.7006384408593,35.89949035644531,1319800
2006-02-08,35.740410132805884,36.09834512628579,35.10408294120127,35.19688034057617,1712600
2006-02-09,35.1968868277651,35.29631407601493,34.78592575684306,34.7991828918457,1734200
2006-02-10,34.7991732395273,35.110709504328014,34.68649141606958,35.07093811035156,1690100
2006-02-13,35.07757467724075,35.14386035137706,34.77929799351707,34.9317512512207,894500
2006-02-14,35.130605215929606,36.31046246876574,35.130605215929606,36.19778060913086,1634400
2006-02-15,36.197765992904465,36.56895552515164,36.0187985276257,36.476158142089844,957000
2006-02-16,36.47617674464904,36.52257545984291,35.99230262295556,36.363494873046875,878200
2006-02-17,36.33697835879648,36.42314847964691,35.952531523957944,36.138126373291016,848400
2006-02-21,36.42313437161777,36.55570315345267,36.23090976438412,36.53581619262695,966700
2006-02-22,36.78771122363716,37.50358141249913,36.675029357912706,37.38426971435547,1160500
2006-02-23,37.218547617201985,37.29808788147621,36.60210487986306,37.046207427978516,1423300
2006-02-24,37.04620938449159,37.05283921517923,36.482795145939626,36.68827438354492,750400
2006-02-27,36.66839083276998,37.178779080825805,36.588850562377004,37.14563751220703,781300
2006-02-28,36.873868085484155,37.119118697458504,36.52919025129732,36.94015121459961,1412500
2006-03-01,37.052860260009766,37.11914343329569,36.8009796501495,37.052860260009766,920800
2006-03-02,36.794322022809446,36.99317644954289,36.3899909255145,36.973289489746094,1148500
2006-03-03,36.97330628708087,37.01307769620391,36.191152940775915,36.336978912353516,1484900
2006-03-06,36.655142041313255,36.78771087449695,36.05195625244058,36.138126373291016,869900
2006-03-07,36.71480993502583,36.71480993502583,36.217678543895765,36.58224105834961,762200
2006-03-08,36.64188649642659,36.714799484271104,36.38337865118898,36.403263092041016,842000
2006-03-09,36.45628941598177,36.496060823800924,35.79344779023665,35.85310363769531,1038400
2006-03-10,35.85309842074419,36.49605551329371,35.640989333652755,36.40988540649414,849900
2006-03-13,36.34360730891822,37.07935938457416,36.323720340872306,37.05947494506836,979100
2006-03-14,36.940162750970686,37.583119924050465,36.827480890576126,37.271583557128906,1343500
2006-03-15,37.251706853522904,37.450558872803114,36.86063011990422,37.278221130371094,971500
2006-03-16,37.450568123892204,37.70244875908869,37.304742093745624,37.54999542236328,1137100
2006-03-17,37.457185570194135,37.47707254177802,37.14565167217307,37.40415954589844,1182000
2006-03-20,37.258318970168574,37.88139157940343,37.22517740188874,37.52345657348633,1060900
2006-03-21,37.530098394295116,37.64941010909005,36.681661781122784,36.73468780517578,1009200
2006-03-22,36.55570811226649,36.73467308420028,36.476165315251976,36.68827438354492,567800
2006-03-23,36.621987262593905,36.621987262593905,36.0850848196012,36.118228912353516,991300
2006-03-24,36.62862651984706,36.62862651984706,35.5548238119046,35.73379135131836,1786900
2006-03-27,36.32371539669785,36.32371539669785,35.35596736819133,35.52830505371094,1238200
2006-03-28,36.111611246617926,36.111611246617926,35.01792408794225,35.02455139160156,1022900
2006-03-29,35.09110355610373,35.25753831310244,34.95129896972711,35.01787185668945,1313400
2006-03-30,35.00458389222684,35.00458389222684,34.67171414447844,34.75160217285156,1130000
2006-03-31,34.65174081599156,34.88475116709455,34.33218615752531,34.6251106262207,1684900
2006-04-03,34.964642024380645,35.19764985473215,34.58517067803969,34.69834518432617,1386200
2006-04-04,34.5984719584552,34.944656696452725,34.45866477647595,34.791534423828125,1369000
2006-04-05,34.671696389412276,35.217602292998535,34.66503757569423,34.977935791015625,1148900
2006-04-06,34.7582654268444,35.00459091812725,34.69834875863981,34.83149719238281,548000
2006-04-07,34.997910122903065,35.05782675348332,33.93272840102482,34.07918930053711,1036000
2006-04-10,34.20568127849517,34.63175396603217,33.959355942593085,34.48529052734375,1312500
2006-04-11,34.68502087949529,34.68502087949529,33.7529872659492,34.032596588134766,1208100
2006-04-12,33.95270902084632,34.072542314675665,33.619839324563515,33.812904357910156,957200
2006-04-13,33.75297273582939,33.85949088979725,33.3202413068138,33.43341827392578,1329600
2006-04-17,33.43343902539068,33.879483278359004,33.43343902539068,33.806251525878906,1124800
2006-04-18,33.806239256804695,34.85810852050781,33.73966634576257,34.85810852050781,2094900
2006-04-19,34.61844479455975,36.202905094320144,34.61844479455975,35.86337661743164,2922800
2006-04-20,35.929946718987395,36.569055764294355,35.55047556461179,36.28944396972656,1669400
2006-04-21,36.555748620913235,36.555748620913235,35.69694422608882,35.929954528808594,1210700
2006-04-24,35.929958162473454,35.929958162473454,35.290846374019445,35.630374908447266,988400
2006-04-25,35.65033190696032,35.92994367786165,34.997907827648376,35.284175872802734,1667600
2006-04-26,35.28418534426258,36.28279436343983,35.27752906822279,36.249507904052734,1683800
2006-04-27,36.34937567056724,36.52912564025137,35.64369342617175,36.422607421875,1989800
2006-04-28,36.61566644078861,37.181543906308555,36.549093517643044,36.97516632080078,2003000
2006-05-01,36.83536336270707,36.895277472553595,35.71692093287372,36.00318908691406,1425900
2006-05-02,36.18959861535352,36.6689318546333,35.843413780273075,36.655616760253906,1438100
2006-05-03,36.78209666750437,37.14825277799513,36.336052551356,36.64229202270508,1200600
2006-05-04,36.61565900926208,37.028416636098434,36.49582574024609,36.56905746459961,989100
2006-05-05,36.0830664462314,36.35601942646884,36.04312117854045,36.17626953125,1800700
2006-05-08,36.32941008156689,36.71554027189643,36.31609498470087,36.595706939697266,984800
2006-05-09,36.38266495439656,36.389321232023136,35.81012857391392,36.01650619506836,825700
2006-05-10,35.94993390001635,36.07642349392898,35.83010058384872,35.93661880493164,986200
2006-05-11,35.936609965460704,35.94992505727024,35.54382364565862,35.71025848388672,1564900
2006-05-12,35.68361835741221,35.876683325463915,35.26420451045028,35.284175872802734,878600
2006-05-15,35.28419224938681,35.78349685668945,35.11775738028593,35.78349685668945,1054800
2006-05-16,35.73023083892219,36.023157787636556,35.603741272628184,35.90998077392578,917000
2006-05-17,35.470570592438534,35.73686718939499,34.93797993811819,35.037841796875,1341400
2006-05-18,34.51193156283264,35.21761626082356,34.51193156283264,34.88474655151367,993600
2006-05-19,34.991258662335724,35.18432113001726,34.81816502147019,34.957969665527344,1329100
2006-05-22,34.71830643941042,35.03786100720593,34.55852788571569,34.74493408203125,2017100
2006-05-23,34.77156347345114,35.22426640243098,34.66504528660847,34.957969665527344,1219200
2006-05-24,34.95796715067819,35.46393040647771,34.63841261313868,35.34409713745117,1888800
2006-05-25,35.497229795057244,35.59709173549626,34.86477676466432,35.16436004638672,1640500
2006-05-26,35.29750925447905,35.33745453947972,34.97795459325778,35.06449890136719,933500
2006-05-30,34.78487020098199,34.88473208820969,34.19236277040067,34.265594482421875,1148800
2006-05-31,34.285578278110364,34.571846416415525,34.15242989338333,34.465328216552734,1322500
2006-06-01,34.46531699787631,34.578491437319066,34.18570522700549,34.491947174072266,1486400
2006-06-02,34.51858439717599,34.61179003974693,33.879475228539846,33.91276168823242,1973700
2006-06-05,33.85284488704036,33.85284488704036,33.04730088410474,33.11387634277344,1829300
2006-06-06,33.220395284716695,33.446746770096425,32.39487735580409,32.8542366027832,3619200
2006-06-07,33.02068461150754,33.76631482514965,32.95411166438724,33.27366638183594,2759700
2006-06-08,33.30028809977514,33.6531292009666,32.99404855762426,33.4866943359375,2684900
2006-06-09,33.67310150315154,33.713044243510005,33.306942785903075,33.366859436035156,1518400
2006-06-12,33.28697784574711,33.46006901312325,32.54800653123635,32.56797790527344,974900
2006-06-13,32.567972591995336,33.03399071372658,32.2084752200033,32.2217903137207,1433300
2006-06-14,32.201803096770284,32.421498242932294,31.82899078511607,32.075313568115234,1376700
2006-06-15,32.621229892093815,33.280313001212676,32.16852690675028,32.82761001586914,2989400
2006-06-16,32.4880715926876,32.627876211486964,32.255063894688654,32.354923248291016,2870400
2006-06-19,32.28834960154998,32.54133119611219,32.135229897881466,32.45478439331055,2231500
2006-06-20,32.31497977773408,32.63453427316317,32.135229897881466,32.45478439331055,2828000
2006-06-21,32.4880914128321,32.90750806469888,32.32165651569711,32.847591400146484,2138200
2006-06-22,32.687796136696655,32.7810017648913,32.374900416335414,32.5945930480957,1480900
2006-06-23,32.46144630091407,32.58793838994328,32.30167029526872,32.32830047607422,834700
2006-06-26,32.328296403732814,33.120525135947034,32.328296403732814,33.093894958496094,1282600
2006-06-27,32.974058686911924,33.0739205734324,32.414837709502464,32.474754333496094,837700
2006-06-28,32.421243597616225,32.74913502905941,32.421243597616225,32.702293395996094,812200
2006-06-29,32.99670535055291,33.793015084065665,32.862871116912565,33.71940612792969,1446900
2006-06-30,33.71942192922934,33.993781088055776,33.59897131777608,33.85325622558594,1086100
2006-07-03,33.94024890111926,34.0540063937824,33.65250605738948,33.85325622558594,403600
2006-07-05,34.060694279628564,34.261444416982606,33.05024792242005,33.103782653808594,1646900
2006-07-06,33.05694467393834,33.27107851767799,32.836117711701135,33.184085845947266,1225700
2006-07-07,33.184079206213895,33.69264634516824,33.10377966904768,33.32460403442383,775100
2006-07-10,33.32461144103355,33.7194212028078,33.32461144103355,33.61235427856445,1137100
2006-07-11,33.65920048941904,33.72611892162168,33.130556362065505,33.645816802978516,589600
2006-07-12,33.76625858540634,34.00046920776367,33.498592584724896,34.00046920776367,1378300
2006-07-13,33.99376175753132,34.06068014399498,33.44504375190648,33.45842742919922,1320000
2006-07-14,33.61904605654989,33.62573662225218,32.849500814273426,33.257694244384766,1179300
2006-07-17,33.257704339263704,34.0339403828573,33.110486322360224,33.96702194213867,1304800
2006-07-18,33.85992850646477,33.99376273054744,33.545421015447324,33.886695861816406,1573900
2006-07-19,33.88671353003943,34.32167434692383,33.73280498553427,34.32167434692383,1413100
2006-07-20,34.44880020027071,34.890451386709735,34.25474068811589,34.79676818847656,1224400
2006-07-21,34.86369316515355,34.86369316515355,33.793024115246006,34.281517028808594,1724100
2006-07-24,34.32166527071872,34.863690316145025,34.30828158960402,34.8369255065918,1232200
2006-07-25,34.836928980488246,35.27188717304665,34.783394250691046,35.20497131347656,1528200
2006-07-26,36.10164990458271,36.13510782722089,35.37225595929659,35.59977340698242,1876700
2006-07-27,35.767063196574995,35.84736271610689,34.76331026806125,34.79676818847656,1271300
2006-07-28,34.85701405988872,34.9707715670441,34.72317974648216,34.88378143310547,1125800
2006-07-31,34.763325371287436,34.82355067527069,34.46219885137116,34.48227310180664,1065400
2006-08-01,34.48896159268575,34.529110088169595,34.05400083864993,34.261444091796875,739300
2006-08-02,34.248056800124665,34.28820784405399,33.913472425408855,34.16106414794922,1456700
2006-08-03,34.02723974666942,34.24806672324942,33.84656637832916,34.09415817260742,988700
2006-08-04,34.328370979429344,34.422054235885874,33.665895064385445,33.9201774597168,1147700
2006-08-07,33.926857365082874,33.926857365082874,33.478512958942744,33.53873825073242,1117700
2006-08-08,33.706031359096244,33.706031359096244,32.96325359108953,33.09708786010742,1533800
2006-08-09,33.29114075718506,33.29114075718506,32.5483631378931,32.78257369995117,2588500
2006-08-10,32.69558047406604,33.39151647901817,32.69558047406604,33.33129119873047,1384100
2006-08-11,33.157322300030714,33.35138191600448,32.86957943570467,32.99672317504883,1041800
2006-08-14,33.431670934870866,33.505279907555,33.137237596810586,33.32460403442383,962900
2006-08-15,33.67927461064065,33.746190484831835,33.304539078209835,33.70603942871094,815300
2006-08-16,33.92685667644987,34.1276067941153,33.83317345838442,34.08745574951172,672100
2006-08-17,34.08745261167431,34.61609649658203,34.00715308253516,34.61609649658203,907600
2006-08-18,34.64287941455523,35.05776347954496,34.515738223598895,34.85032272338867,1316800
2006-08-21,34.85701594992264,35.07784040924148,34.783406945923915,34.97746658325195,915100
2006-08-22,34.9774545750092,34.99752882277987,34.703095460545335,34.84362030029297,997100
2006-08-23,34.76332339339298,35.02429884491302,34.743246591422974,34.990840911865234,566400
2006-08-24,35.13806021125818,35.178211266959,34.93731003810797,34.970767974853516,593600
2006-08-25,34.770021373272876,34.98415525365248,34.622805925935154,34.88378143310547,717200
2006-08-28,34.8168548245265,35.365573083236335,34.79678057566628,35.14474868774414,711900
2006-08-29,35.06445525498659,35.2451286315918,34.803477210905285,35.2451286315918,895900
2006-08-30,35.24512231394849,35.46594926104733,35.1648227662201,35.22504806518555,545500
2006-08-31,35.412411130878034,36.06819879123624,35.365569519806215,36.04143142700195,1434000
2006-09-01,36.28902719869098,36.28902719869098,35.894217466711936,36.148502349853516,834900
2006-09-05,36.202023261138805,36.37600854116176,35.92097365096059,36.04811477661133,1260100
2006-09-06,35.76038855215803,36.03474772555917,35.733623733606386,35.820613861083984,926500
2006-09-07,35.82061002036589,36.32917980847292,35.42580027144468,36.21541976928711,1493600
2006-09-08,36.24887275567448,36.96488572181494,36.02804837854865,36.757442474365234,994300
2006-09-11,36.804277307099774,37.74111447780541,36.77081938371941,36.9782600402832,1873000
2006-09-12,36.978272179657075,37.44000035298215,36.63699716486081,37.42661666870117,1328600
2006-09-13,37.47343998267509,37.4935142229525,37.13885569711549,37.46005630493164,966200
2006-09-14,37.22587804307472,37.30617762096205,36.88460036986783,37.03181838989258,749500
2006-09-15,37.179021871631015,37.19240555482501,36.70391005261206,37.06526184082031,1072300
2006-09-18,37.17232081706551,37.17232081706551,36.71059533249972,36.77082061767578,766100
2006-09-19,36.804294000649534,36.93812830755095,36.603543816635955,36.69053649902344,682000
2006-09-20,36.93812680032875,36.97158473751962,36.616926008477876,36.79090881347656,2519000
2006-09-21,36.904669283946475,36.904669283946475,36.50985949416765,36.610233306884766,1036200
2006-09-22,36.717294711062465,36.737371512725005,36.355945465932884,36.416168212890625,1142500
2006-09-25,36.60353965880566,36.99834941534562,36.509856420419354,36.851131439208984,1423700
2006-09-26,36.81097866437989,37.54037283971796,36.77752073118903,37.44668960571289,1587200
2006-09-27,37.312260334815036,37.386199652677234,36.787967083257264,36.82157516479492,1116300
2006-09-28,36.841745229252524,37.24504737060736,36.78124965163605,37.08372497558594,1456200
2006-09-29,37.21814956787357,37.21814956787357,36.76779572024782,36.787960052490234,723200
2006-10-02,36.79468552355327,36.79468552355327,36.223337954090645,36.35777282714844,1541600
2006-10-03,36.39810939608564,37.560966474924356,36.39810939608564,37.26520919799805,1470400
2006-10-04,37.20468795139554,37.735704001147624,37.11730751090257,37.70881652832031,1839500
2006-10-05,37.74245454478186,38.192808502917565,37.695402715249244,38.1524772644043,1679400
2006-10-06,38.031491442167216,38.05837637233164,37.6685179615554,37.829837799072266,837700
2006-10-09,37.836539055282415,37.91047833973753,37.60127746254968,37.90375518798828,504900
2006-10-10,37.977706688224224,38.354123819195,37.9508192008409,38.3474006652832,1177400
2006-10-11,38.34741169864407,38.62972526913272,38.19281244790637,38.46840286254883,1401000
2006-10-12,38.61627764790069,38.70366071620693,38.42134717403769,38.696937561035156,1189000
2006-10-13,38.76414927309361,39.584199748804544,38.64988128962943,39.187618255615234,2402400
2006-10-16,39.20778910361533,39.26828211450762,38.79776382446289,38.79776382446289,1141200
2006-10-17,38.54904871157135,38.98596137330418,38.51544063700692,38.85824966430664,1066500
2006-10-18,39.12039730729363,39.28171709527453,38.8649713181701,38.885135650634766,746100
2006-10-19,38.71709985796033,38.72382301277781,38.260022767398205,38.30035400390625,918200
2006-10-20,38.51543558348806,38.51543558348806,37.99786309788371,38.07852554321289,1453600
2006-10-23,37.84326060269401,38.60953581715226,37.77604446828339,38.414608001708984,1190400
2006-10-24,38.44823651120435,38.844818068997675,38.28019352170095,38.7775993347168,1497100
2006-10-25,39.32205163101847,39.81945990807337,38.515444930889124,39.21450424194336,2792300
2006-10-26,39.65812525682382,39.69845647678241,39.28170822960402,39.617794036865234,1102500
2006-10-27,39.61779563858751,39.65812686017666,38.80446856752455,38.831356048583984,1651800
2006-10-30,38.5826683689593,39.01957856868807,38.42134598355651,38.76415252685547,1543900
2006-10-31,38.97251950340969,39.02629447660224,38.33395579947346,38.481834411621094,1003700
2006-11-01,38.71036674958834,38.73725423189916,38.22640232451936,38.45494079589844,1291300
2006-11-02,38.28018435525489,38.28018435525489,37.88360289242565,38.098697662353516,1202500
2006-11-03,38.24658898199755,38.454960667252514,37.91722356382115,38.031494140625,974600
2006-11-06,37.88360214645292,38.21968803836378,37.8567146597084,38.11214065551758,1523600
2006-11-07,37.977706840705096,38.79775726026555,37.977706840705096,38.59610366821289,836900
2006-11-08,38.55576871558689,38.73053222752566,38.36756146209414,38.54904556274414,501100
2006-11-09,38.43477697678488,38.475108200786856,37.87687325001588,37.964256286621094,985600
2006-11-10,38.132312449553716,38.79104061889123,38.07854002967533,38.73054504394531,949500
2006-11-13,38.62299769033282,38.87170314550774,38.4683984572992,38.79776382446289,725600
2006-11-14,38.710376001112316,38.7574278243356,38.03148357736771,38.49528121948242,1199700
2006-11-15,38.4952802524855,38.64315887269088,38.23313365421741,38.42134094238281,881900
2006-11-16,38.43477993626211,38.912021251774725,38.40117186240504,38.804473876953125,680900
2006-11-17,38.656601532711456,39.093514255975215,38.656601532711456,38.851531982421875,965800
2006-11-20,38.92547453437749,39.26828107434856,38.918753943611605,39.18090057373047,869800
2006-11-21,39.42287957104458,39.64469494562393,38.96580251321382,39.08007049560547,1306200
2006-11-22,39.08007163445284,39.227950264569856,38.85153309887754,38.94563674926758,714700
2006-11-24,38.649885132061556,39.11368283055864,38.649885132061556,38.73054504394531,320500
2006-11-27,38.73726442026749,38.91202797298986,38.17936055417404,38.27346420288086,1027200
2006-11-28,38.13902830220445,38.41461863216181,38.118861404995556,38.360843658447266,1061100
2006-11-29,38.40118173507238,38.60283279418945,38.32724241509857,38.60283279418945,1059600
2006-11-30,38.50199240443065,38.6095397689742,37.91048318150685,38.20623779296875,1461700
2006-12-01,38.10542825030635,38.13231574463513,37.58113493155824,37.897056579589844,1446600
2006-12-04,37.94409145265009,38.73053107925573,37.94409145265009,38.45494079589844,1630300
2006-12-05,38.582665892639156,39.08007163445284,38.4213435175904,38.94563674926758,1039500
2006-12-06,39.00612301922902,39.15400161408759,38.784307691072726,38.95235061645508,657800
2006-12-07,39.174172111445415,39.34893821726857,38.676766409925264,38.75070571899414,977500
2006-12-08,38.817927524428896,39.127125985422204,38.71710071299823,39.05990982055664,880600
2006-12-11,39.06661443632634,39.52369135007543,39.026285779551074,39.46319580078125,822800
2006-12-12,39.46319886509499,40.93525649084813,39.4497551237489,40.76049041748047,2543600
2006-12-13,40.70672882659542,41.33856945286877,40.525242116423556,41.022647857666016,1806400
2006-12-14,41.029359009521876,41.08313140932443,40.6193338839853,40.89492416381836,1336700
2006-12-15,40.94197407736281,41.15706879486532,40.57228019191357,40.81426239013672,1355200
2006-12-18,41.01591815542713,41.01591815542713,40.6058930010311,40.65966796875,626800
2006-12-19,40.46473177272351,40.81426132053797,40.14881029286345,40.67310333251953,1134600
2006-12-20,40.901641115608854,41.08312775655259,40.59916594483381,40.75376510620117,742200
2006-12-21,40.92854316477619,41.036090557234814,40.67984030049038,40.7672233581543,584000
2006-12-22,40.733612516991464,40.90165547715089,40.431137240010166,40.45130157470703,569300
2006-12-26,40.39751510669732,40.94197506584457,40.26308282811105,40.88820266723633,557900
2006-12-27,41.171690941909006,41.37417415291008,41.0434521757082,41.27968215942383,604100
2006-12-28,41.29991631614847,41.77912960227431,40.96244354900478,41.12443161010742,511000
2006-12-29,41.03668781641675,41.16492911526849,40.847703891430456,40.88145065307617,635200
2007-01-03,40.834225546904975,41.19194603770486,40.54399861390025,40.73298263549805,1190000
2007-01-04,40.32800299962269,40.49673941384705,39.92303663536956,40.199764251708984,1368700
2007-01-05,39.98377888305403,40.23350803667125,39.72729883152886,39.9095344543457,1241000
2007-01-08,39.740791324022815,40.017518872992056,39.4775629938707,39.92977523803711,1212100
2007-01-09,39.990525005292035,40.098516193457044,39.49781504836961,39.518062591552734,1304500
2007-01-10,39.37632096111944,39.585554995078446,39.295328221240666,39.51131057739258,1227500
2007-01-11,39.51807684088872,40.11877820257565,39.24134916051449,39.99728775024414,1467600
2007-01-12,39.84879765248421,39.977036417941015,39.54507155038786,39.68680953979492,1220000
2007-01-16,39.91629317104321,39.95003994523047,39.4505815079458,39.6530647277832,976100
2007-01-17,39.68680200390128,39.7138004466752,39.423573623638575,39.61930847167969,1545500
2007-01-18,40.47650123431351,40.48324955957017,39.963540974532926,39.99728775024414,1523400
2007-01-19,40.09177666469964,40.28076064176348,39.95678700620536,40.0242805480957,815200
2007-01-22,39.855541196848264,39.98378252163758,39.200845649424124,39.48432159423828,1837400
2007-01-23,39.35607341982794,39.88927841330203,39.35607341982794,39.51131057739258,1517600
2007-01-24,40.557474752113414,40.557474752113414,39.484311315922895,39.92977523803711,1218600
2007-01-25,39.96353157830801,40.112020446181354,39.46407323590128,39.58556365966797,1448700
2007-01-26,39.585560553215146,39.86228814680915,39.018606145033154,39.30208206176758,1525000
2007-01-29,38.910614002015365,39.6463047925949,38.741877605778896,39.349327087402344,1416000
2007-01-30,39.35607515478822,39.673297806094745,39.29532995352308,39.55180740356445,1073700
2007-01-31,40.32800346346526,40.36175023175561,38.984860457916966,38.99835968017578,2226900
2007-02-01,39.06586269503708,39.484328360156475,38.991618246850095,39.464080810546875,2066300
2007-02-02,39.53156961467498,39.96353445259647,39.41683008103925,39.6328125,1000800
2007-02-05,39.747546438682456,40.13901612714062,39.5855609346201,40.03102493286133,1169400
2007-02-06,40.02428433287535,40.46974844573097,39.9770383341417,40.395503997802734,933600
2007-02-07,40.2537595579278,40.36175076270555,39.97028361090375,40.21326446533203,1032500
2007-02-08,40.20652768402929,40.38876338883691,39.754315159840054,39.84205627441406,2863200
2007-02-09,39.855537248955585,40.21326016851354,39.30208206176758,39.30208206176758,1484300
2007-02-12,39.30208597472069,39.58556449439165,39.153597103716216,39.23459243774414,1633600
2007-02-13,39.49783420547113,39.53833188619244,38.930879548944205,39.1468620300293,1811100
2007-02-14,39.24808679448831,39.62605467424163,39.22108835315933,39.349327087402344,1140900
2007-02-15,39.383072962668216,39.720545747523,39.349326199125336,39.518062591552734,1391100
2007-02-16,39.33583179034878,39.767796595847024,39.18059459929243,39.59231185913086,1214800
2007-02-20,39.484313879808916,39.63955104421697,39.28857905631979,39.55180740356445,1003000
2007-02-21,39.322335404861796,39.626061485235006,39.30208785774143,39.32908630371094,1037400
2007-02-22,39.55181420709774,39.71380229657358,39.221092279208165,39.34258270263672,1019800
2007-02-23,39.23461153204636,39.35610201750061,38.566413862047966,38.870140075683594,959800
2007-02-26,38.903866665614316,39.092850622790706,38.50564863105456,38.61363983154297,1214900
2007-02-27,38.61364054311054,39.26158775798129,37.56747528634171,37.70921325683594,2278800
2007-02-28,37.715979423846846,38.23568810076629,37.715979423846846,37.89146423339844,2262700
2007-03-01,37.3244889386603,37.992686175676276,37.13550500584136,37.6687126159668,1645800
2007-03-02,37.49998543958342,37.823959078891534,37.27050378990097,37.40549087524414,1374100
2007-03-05,37.35150536621242,37.74297264052817,36.953287191209,36.98028564453125,1947600
2007-03-06,37.12199604656137,37.5269622462753,36.98700645508596,37.33797836303711,1975400
2007-03-07,37.162508001792865,37.364991179593915,36.9937715911731,37.00727081298828,1481300
2007-03-08,37.24350245496832,37.331246113408355,37.10176448152063,37.236751556396484,1099700
2007-03-09,37.256987308988556,37.36497847206976,36.93976214100084,37.128746032714844,1195800
2007-03-12,37.05451465841616,37.11525986571375,36.81828215238634,36.926273345947266,1204600
2007-03-13,36.784542039941215,36.80478958779796,35.92061233520508,35.92061233520508,2118500
2007-03-14,35.913856737714745,36.45381273253561,35.63038080595127,36.399818420410156,2945200
2007-03-15,36.399816599176894,37.358238120190975,36.34581971503986,36.926273345947266,2583200
2007-03-16,37.317754763369784,37.52698631839398,36.95328340500551,37.10177230834961,3222400
2007-03-19,37.17600818589908,37.62147221847743,37.17600818589908,37.52022933959961,1114500
2007-03-20,37.46623070689289,38.16817477849651,37.4594823834814,37.979190826416016,1775400
2007-03-21,37.97918522384031,38.28291122681725,37.72270520191391,38.06692886352539,2034100
2007-03-22,38.08043112586775,38.18167400003272,37.83070196423091,37.979190826416016,1133100
2007-03-23,37.985941044450925,38.57314562435458,37.938695054074316,38.384159088134766,1218300
2007-03-26,38.30318254457338,38.70140075683594,38.15469361212192,38.70140075683594,1604900
2007-03-27,38.525912034141776,38.83638652075151,38.40442156986593,38.82963562011719,1938800
2007-03-28,38.85671937011236,39.03297251206848,38.65335254827404,38.694026947021484,2659000
2007-03-29,39.114324891303404,39.24990365589065,38.70758859754167,38.89739990234375,1559900
2007-03-30,38.84318492342236,39.10756221162201,38.55847171642305,38.68049240112305,1558800
2007-04-02,38.63982796055119,38.843194958942696,38.57203982307124,38.78218460083008,1223500
2007-04-03,38.78217304828567,39.13467694727021,38.78217304828567,39.127899169921875,892100
2007-04-04,39.12789643171325,39.4193899703601,38.721159998602175,38.836402893066406,932300
2007-04-05,38.721159998602175,38.97875948097745,38.653371886059034,38.836402893066406,895800
2007-04-09,38.84997675041628,39.012669320721145,38.782186024496106,38.99911117553711,672900
2007-04-10,38.999106893909286,39.37194938065723,38.985548750213766,39.15502166748047,661500
2007-04-11,39.15501254665073,39.24991953041156,38.863521575927734,38.863521575927734,743200
2007-04-12,38.92452369308879,39.168565015520144,38.619474626000105,39.12111282348633,854900
2007-04-13,39.14822642166186,39.50073024261251,39.08043831938111,39.41938400268555,739900
2007-04-16,39.65665054321289,40.01593219071555,39.426167342600635,39.65665054321289,943300
2007-04-17,39.65664337841333,39.70409556532345,39.534622730372966,39.62274932861328,670300
2007-04-18,39.62276021907953,39.73122275982117,39.39905477420248,39.41261291503906,1486300
2007-04-19,38.8363977070473,39.595635327138794,38.8363977070473,39.405826568603516,693300
2007-04-20,39.73799320917686,39.81256167705136,39.39904750862036,39.67698287963867,1121800
2007-04-23,39.683761930437484,39.86679291300381,39.405826568603516,39.405826568603516,880200
2007-04-24,39.9955972711752,40.436227767017606,39.460062382000764,39.78544998168945,1552400
2007-04-25,40.666709279981006,41.554745425709925,40.5582467512679,41.54118728637695,1873500
2007-04-26,39.9956011195371,41.17513354460969,39.9956011195371,40.69382858276367,1400400
2007-04-27,40.66672539579917,40.96499682147452,40.34811546008908,40.93110275268555,858300
2007-04-30,40.931080206422045,40.98531016942231,40.30741882324219,40.30741882324219,970600
2007-05-01,40.47012187619378,40.659930663103616,40.17862833289608,40.57180404663086,759600
2007-05-02,40.63958668958931,41.0937726499263,40.57179600345302,41.07343673706055,1394800
2007-05-03,41.188686712792055,41.351381811837335,40.693826224374334,40.78873062133789,1312500
2007-05-04,40.92430868965111,40.97176088726338,40.53791074569367,40.6057014465332,1235800
2007-05-07,40.8158571748781,41.10735080231672,40.79552125211078,40.958213806152344,1169300
2007-05-08,40.94464947986763,41.175132703694175,40.8497424933912,41.12767791748047,1090400
2007-05-09,41.127683716022794,41.56831430738753,41.05989558779037,41.55475616455078,1055900
2007-05-10,41.56152123064242,42.178402279915666,41.56152123064242,41.90046691894531,2427500
2007-05-11,42.476681614110376,42.876637705632575,41.84624230737283,42.164852142333984,1333900
2007-05-14,42.11741256713867,42.58515691499408,42.056402209944345,42.11741256713867,1327200
2007-05-15,42.42246312042266,42.77496452291194,41.79880142211914,41.79880142211914,1364300
2007-05-16,42.02926535779176,42.11061159893428,41.84623437575829,41.975032806396484,1089700
2007-05-17,41.98182693266333,41.98860471083474,41.57509300764656,41.63610076904297,1121900
2007-05-18,41.69032082690574,42.09705462986122,41.42594359638963,41.8530158996582,1131400
2007-05-21,41.778456994290806,42.205526809353024,41.71066628764923,42.11062240600586,789900
2007-05-22,42.110632201921725,42.25299142600959,41.778466712937224,42.11741256713867,798800
2007-05-23,42.137733630062456,42.21230210544078,41.34460185220369,41.3717155456543,1455300
2007-05-24,41.615757504328045,41.615757504328045,40.99887636154596,41.03955078125,1354700
2007-05-25,41.24969829309343,41.65643475997187,41.12089983418827,41.57508850097656,908000
2007-05-29,41.737785023666696,41.8191312904671,41.263260393087144,41.35138702392578,1766700
2007-05-30,41.0531097648276,41.54118988155273,40.84974024807874,41.39205551147461,1440100
2007-05-31,40.81585608590935,42.00894685148953,40.81585608590935,41.737789154052734,1494200
2007-06-01,41.73779082767287,42.02928445902286,41.412403129272036,41.65644454956055,911000
2007-06-04,41.50050443312602,41.8394500685852,41.36492566175235,41.8055534362793,1008200
2007-06-05,41.62253232142219,42.31397926260638,41.62253232142219,42.00893020629883,1224400
2007-06-06,41.697113786130664,41.988607399238255,41.60898973450382,41.73101043701172,1075100
2007-06-07,41.54797015219532,41.79201150299043,41.148014068603516,41.148014068603516,1467300
2007-06-08,41.039549060810366,41.58186170437586,40.78872736207641,41.54118728637695,1603200
2007-06-11,41.54118079485839,42.5105656251022,41.51406710638009,42.25974655151367,1283800
2007-06-12,42.1784130770555,42.80207206192544,41.98860168457031,41.98860168457031,2020500
2007-06-13,42.19197179831775,42.320770263671875,41.493741733632035,42.320770263671875,2116200
2007-06-14,42.21907494656022,42.3207596894521,41.68354271372084,42.130950927734375,1554000
2007-06-15,42.40889901919619,42.429234939496276,42.00216251153608,42.28009796142578,1925300
2007-06-18,42.44955617585447,42.53090500081743,42.04282239484091,42.14450454711914,1870700
2007-06-19,42.14452201186637,42.510584118045394,41.98860724500154,42.39534378051758,2901800
2007-06-20,42.68682695580336,42.78173134843463,42.02927139835708,42.10383987426758,2288700
2007-06-21,42.07672166116187,42.46311957680526,41.88691288462144,42.04282760620117,2111400
2007-06-22,41.961482683757914,42.3614387512207,41.690325063598124,42.3614387512207,12827600
2007-06-25,42.32753800416114,42.768168447699196,42.04960263413035,42.293643951416016,2756800
2007-06-26,42.64614724637554,42.82917823201068,42.090276513387536,42.130950927734375,3090200
2007-06-27,41.940305372119454,42.314774471433005,41.77690303535837,42.17860412597656,2483000
2007-06-28,41.790536707353326,42.34202305659131,41.790536707353326,42.0015983581543,2571400
2007-06-29,42.1445703518264,42.98201463232163,42.096911111270614,42.56669616699219,2108300
2007-07-02,42.961584798404466,43.47222171406173,42.961584798404466,43.417755126953125,1839700
2007-07-03,43.540337772788774,43.79225142842034,43.45182658672103,43.553955078125,989800
2007-07-05,43.55393039163213,43.55393039163213,42.6960588223421,42.798187255859375,1769700
2007-07-06,42.89351083416706,42.89351083416706,42.49861694806895,42.62117004394531,1893700
2007-07-09,42.59392589471243,42.961582480249774,42.44413824308722,42.627967834472656,1427600
2007-07-10,42.573503251616955,42.573503251616955,41.559039312124646,41.579463958740234,2144200
2007-07-11,41.38882073405492,41.524991084430106,41.13690467682913,41.47732925415039,1851300
2007-07-12,41.654346267205746,42.19902500319459,41.27306985339701,41.97434616088867,2398000
2007-07-13,42.028818571731755,42.24669009637958,41.65435205107039,42.056053161621094,1051300
2007-07-16,41.906283355682575,42.185431527809484,41.62032783180187,42.04245376586914,1019200
2007-07-17,41.95393584113753,42.04244698306427,41.48415072888166,41.831382751464844,1950000
2007-07-18,41.62030690207103,41.67477348041515,40.83052203683192,41.490943908691406,1793300
2007-07-19,41.75647578010558,42.260302650369525,41.59987820442644,42.19221878051758,1589200
2007-07-20,42.15818465842756,42.16499460543422,40.878189927958054,41.22542190551758,1898200
2007-07-23,41.368412066921444,41.552241732878926,41.21181700271349,41.35479736328125,1115100
2007-07-24,40.776059238237416,41.42286651459022,39.264573143615806,39.39393615722656,2362100
2007-07-25,40.51053715769319,41.42287540933565,40.449260611044295,41.286705017089844,4038200
2007-07-26,41.225431481364424,41.29351798107717,39.49607334717663,39.95224380493164,3845800
2007-07-27,39.70032839611279,39.89096539194192,38.965009816941674,39.03309631347656,2470600
2007-07-30,40.319899721815545,40.76926019320248,38.99224295723419,40.61947250366211,2912600
2007-07-31,40.6875566685166,41.04840859594758,39.25777404938268,39.29862594604492,2516600
2007-08-01,39.42798162063301,40.13606549372744,38.18883614133469,39.99308776855469,2519100
2007-08-02,40.02033530518855,40.79650336862699,39.14884872129064,39.169273376464844,2441000
2007-08-03,39.7479934394252,39.76161074071727,37.2424671408466,37.25608444213867,2890300
2007-08-06,37.54885973525546,39.80928039550781,36.9565186618764,39.80928039550781,2565400
2007-08-07,39.28499176616414,41.04839095721115,38.91733264589185,40.62626266479492,3206200
2007-08-08,40.98032096790977,41.09606670663392,38.767560605981366,39.6390495300293,3300300
2007-08-09,38.39991963892782,39.76161888006377,37.235664813857845,38.556514739990234,3100600
2007-08-10,38.127564819886366,38.76075494342393,37.140332711353174,38.57011795043945,3873200
2007-08-13,39.28499621129593,39.67988736508939,38.48840136057057,38.685848236083984,2334600
2007-08-14,38.55649354438431,38.808407038284564,37.01777279332774,37.09266662597656,2110700
2007-08-15,37.19480326089367,38.01863040738607,36.847568614200625,36.922462463378906,1979200
2007-08-16,36.616071791099365,38.46798258005021,36.47309407210254,38.0050048828125,3534000
2007-08-17,39.46201274336326,39.897755746623886,38.17520837522385,39.14882278442383,3079700
2007-08-20,39.353079475983016,40.31307665225901,38.89691180229277,39.73435592651367,1580300
2007-08-21,39.45522454441539,40.33352092257839,39.28501218882881,40.061180114746094,1394500
2007-08-22,40.23819185589045,40.79648806391077,39.49606602856092,40.38117218017578,2642300
2007-08-23,40.51734362696069,40.63308936688316,39.468837603120356,39.673091888427734,1832100
2007-08-24,39.88415125201281,40.98712633579198,39.41436359620711,40.850955963134766,1774400
2007-08-27,40.449255190932526,40.70797864180777,40.04755401611328,40.04755401611328,1008100
2007-08-28,39.74798669010783,39.87053978369196,38.570117599313,38.62458419799805,1577200
2007-08-29,38.944587394657376,39.5233083635246,38.62458733572158,39.35309600830078,2090800
2007-08-30,38.917347604425586,39.244154971203805,38.55649829058935,38.82202911376953,1827000
2007-08-31,39.48245671288518,39.7616048549648,38.85607393234416,39.32585906982422,1657200
2007-09-04,39.19649543263709,39.89096205580812,39.19649543263709,39.78883361816406,1408000
2007-09-05,39.312241662317625,39.44160210068903,38.74032811824106,39.2509651184082,1376900
2007-09-06,39.128400518930384,39.489249728437656,38.740316720757164,38.98542022705078,1187800
2007-09-07,38.44076557926085,38.924168144090316,38.12757540463063,38.23651123046875,1528900
2007-09-10,38.52246033081328,39.51649983230641,38.23650223201284,38.97182083129883,1822400
2007-09-11,39.22372256035424,39.46882868624188,38.76074489972949,39.305423736572266,1279600
2007-09-12,39.03990366451291,39.319051807220255,38.73352092319161,39.03309631347656,1312700
2007-09-13,39.41436292434171,39.91819251541487,39.03989635384297,39.550533294677734,1277800
2007-09-14,39.319045081558485,39.73436354905964,39.11479082136079,39.45521545410156,1333500
2007-09-17,39.38713357137361,39.95904712509227,39.28500772795886,39.802452087402344,1448100
2007-09-18,40.06118061950196,40.5582003924089,39.59139544716829,40.17011642456055,2386700
2007-09-19,40.612659112049236,40.850955312478504,40.34712572084174,40.6671257019043,2121500
2007-09-20,40.64670856107122,40.75564435813093,40.2109653728324,40.22458267211914,1780900
2007-09-21,40.74882196872027,40.76243926384948,40.224570391029886,40.449249267578125,2679500
2007-09-24,40.47649245697374,40.50372705301808,39.89776897858457,40.033939361572266,1419700
2007-09-25,39.84330009614482,40.53776667199891,39.713939668212404,39.99308776855469,1829500
2007-09-26,40.335096166985906,40.4992531402711,39.924698515316805,40.170936584472656,1900800
2007-09-27,40.35560051054807,40.80019715308393,40.13672288600869,40.73179626464844,1802700
2007-09-28,40.7660032961333,41.908273566480425,40.7660032961333,41.42947769165039,2137900
2007-10-01,41.620990498617495,42.47598210795004,41.49787149813542,42.277626037597656,2070400
2007-10-02,41.641500067432425,42.482811255381804,41.60730093476324,42.346012115478516,1874400
2007-10-03,42.06557505282872,42.605930220372116,42.004015570333564,42.346012115478516,1443300
2007-10-04,42.56490191038889,42.99581841151412,42.47598205255063,42.592262268066406,1342900
2007-10-05,42.961624187436044,43.269419114249956,42.434948983371115,42.54438781738281,1564100
2007-10-08,42.41442565396584,43.13262074476871,42.40758686866003,43.0231819152832,983700
2007-10-09,43.091591222040314,43.83030546684767,42.79747380337385,43.31731033325195,1417400
2007-10-10,43.22837015535934,43.31044860762424,42.46913729653492,42.58541488647461,1167500
2007-10-11,43.023182316179295,43.09158060678476,42.154510457506646,42.31182861328125,1533400
2007-10-12,42.263940658083555,43.207849399993265,42.17502081107107,43.09157180786133,1798200
2007-10-15,43.173665350053355,43.63878109958426,42.475991725757005,42.653831481933594,1256400
2007-10-16,42.65381335997992,42.65381335997992,41.73726243227931,41.874061584472656,1253500
2007-10-17,42.373380430815835,42.54437873553323,41.38842852573833,41.89458465576172,1114200
2007-10-18,41.4431502086779,42.113463265800426,41.422631246582725,41.74410629272461,1155200
2007-10-19,42.03140101690167,42.03140101690167,40.19829823164999,40.30089569091797,1919300
2007-10-22,40.082009653339966,41.7235947528821,39.890492348443495,41.408958435058594,1552400
2007-10-23,41.47735081580043,42.749578695247344,41.15587314905946,41.34739303588867,1850800
2007-10-24,41.45000075709991,41.63467929605236,39.26806265773343,40.280372619628906,4444400
2007-10-25,40.41032304261131,40.875436058800055,39.65792889127267,40.45820236206055,2833700
2007-10-26,40.9711979096775,41.49787043136735,40.36244170773081,41.491031646728516,2407600
2007-10-29,41.68939165059492,42.18870644042426,41.54575368555374,42.03822708129883,1389500
2007-10-30,42.03822822935947,42.619624108713644,41.83986954313649,41.935630798339844,1607500
2007-10-31,42.45546634931355,43.54301586285459,40.89596237111414,41.45683670043945,1883000
2007-11-01,40.93016854764998,41.25848509371332,39.54850145219925,39.623741149902344,2260700
2007-11-02,39.71948166792704,39.83576185921839,38.6729729924388,39.63056182861328,2292100
2007-11-05,39.32277609221009,39.69897188658104,38.577223288430254,39.0765380859375,2340900
2007-11-06,39.315921660820024,40.123033698528815,38.77556650504055,40.02727508544922,1434900
2007-11-07,39.39801426664937,39.6784514240379,38.7755804485808,38.871341705322266,1962200
2007-11-08,38.90553736897039,39.555331487975955,38.07106475661206,39.15177536010742,1990000
2007-11-09,38.556700885132614,40.93699721248467,38.18734649290169,40.03412628173828,2240000
2007-11-12,39.979409231361956,41.14903715764136,39.80841090497395,39.98624801635742,1938400
2007-11-13,40.2393437116306,41.073814108020315,40.01362457697188,41.05329513549805,2021800
2007-11-14,41.73727431399123,41.73727431399123,40.553966137725716,40.588165283203125,1417200
2007-11-15,40.34877294915494,40.74548777551693,39.85629685234769,40.23933410644531,2108700
2007-11-16,40.629204505909186,40.718121759421784,39.4390549736023,39.78105163574219,2154800
2007-11-19,39.45273246723552,39.95888603157601,38.789258152900985,39.41853332519531,2686700
2007-11-20,39.404863840002996,39.603222570583846,38.050557095714026,39.22702407836914,3594000
2007-11-21,38.64562219883887,40.45820552265237,38.37202382984639,39.637413024902344,2990100
2007-11-23,39.82209311532411,40.37612605117425,39.65793356555858,40.20512771606445,922900
2007-11-26,40.28719585469835,40.44451395935909,39.38432514407265,39.50060272216797,1994300
2007-11-27,39.62373537964206,40.54028658238872,39.596375019147516,40.471885681152344,1635700
2007-11-28,40.540289315843744,41.662038079478954,40.32141163558457,41.03960418701172,3381800
2007-11-29,40.61551614782912,40.84123254259209,39.76736344844922,39.97256088256836,2483500
2007-11-30,40.69759793308831,41.58678862658767,40.458201341878656,40.923316955566406,2255400
2007-12-03,40.52659368596227,41.162707517112985,39.93152038267594,40.759151458740234,1521400
2007-12-04,40.6975985973403,40.84123655441051,40.2393243697657,40.3350830078125,1683500
2007-12-05,40.86860584713378,41.053284379131924,40.170932262661154,40.779685974121094,1406300
2007-12-06,40.76600094562424,41.76463317871094,40.61552418906587,41.76463317871094,1388200
2007-12-07,41.62099741632239,42.35971154199435,41.46367924716508,41.614158630371094,1448000
2007-12-10,41.6483569393884,42.85902554813787,41.62099657767901,42.61962890625,1209100
2007-12-11,42.64014860936733,43.08474536252665,40.84124523893522,40.86176681518555,2154000
2007-12-12,42.08611286195764,42.26395260625855,40.35561040334342,41.07380294799805,2583600
2007-12-13,40.97120615416798,41.668877133718425,40.53344818160354,41.579959869384766,1935300
2007-12-14,41.67570902995823,41.846707342863276,40.69075968694689,40.704437255859375,1538600
2007-12-17,40.73179727543414,42.25026311643151,40.601839498022365,41.73042678833008,1879600
2007-12-18,42.11344935548464,42.11344935548464,40.991701238198374,41.607295989990234,1663500
2007-12-19,42.017692999131704,42.40073004398178,40.75914569088304,41.11482238769531,1688400
2007-12-20,41.38159490514684,42.01770888680713,41.14903707734386,41.55259323120117,1964400
2007-12-21,42.380211248147695,42.68800866062346,41.72357850768377,42.346012115478516,2066800
2007-12-24,42.14084035278311,43.29678843944163,42.14084035278311,43.194190979003906,668100
2007-12-26,43.009487823119066,43.146286968032264,42.59909038837948,42.99580764770508,902500
2007-12-27,42.96147796686447,43.03017131799627,42.12340545654297,42.12340545654297,1009200
2007-12-28,42.748525488116684,43.00269403843969,42.04784228247072,42.52183532714844,914300
2007-12-31,42.29513830561544,42.92025718810944,42.034098873881184,42.439395904541016,973900
2008-01-02,42.494354639911066,42.652351439432145,41.74558560362566,41.931060791015625,2090900
2008-01-03,42.10965111093437,42.21956200548873,41.491403311747035,41.84174346923828,2351100
2008-01-04,41.4639437396855,42.24019125857766,41.4639437396855,41.72498321533203,1733600
2008-01-07,42.061568237683765,42.734772842074435,41.402102823645876,42.20582580566406,3089600
2008-01-08,42.5836526822197,42.5836526822197,41.250979865141865,41.374629974365234,2056400
2008-01-09,41.71810268324168,42.027227961972976,40.83194442437297,42.01348876953125,2124700
2008-01-10,41.76618617343253,42.885905399223205,41.381499288853796,42.35009002685547,2846200
2008-01-11,42.00661883479908,42.32948067281681,41.1341998026144,41.34028244018555,2081700
2008-01-14,41.587592103281466,41.718110525287806,40.83882300759562,41.628807067871094,4358500
2008-01-15,41.62880895494781,42.59053168638214,41.3196862245787,41.518898010253906,2716700
2008-01-16,41.4227172735792,42.487479810616875,41.244113009885346,41.608192443847656,2459700
2008-01-17,41.38836604544407,41.67001291288422,39.794656558395054,39.966392517089844,5712700
2008-01-18,40.32361519444008,40.426655226929384,38.139132963477856,38.80546951293945,6822400
2008-01-22,37.809396827189076,40.59838767487971,37.20488539842323,40.12439727783203,4445700
2008-01-23,38.87416743965164,41.457076150200685,38.626867139820426,41.20290756225586,5861900
2008-01-24,41.443314390379875,42.10277970887415,40.735760602376615,41.65626525878906,3083000
2008-01-25,41.88983229021794,42.37756175558417,39.44431143748628,39.59543991088867,4811600
2008-01-28,39.808389313746204,40.49533303746751,39.107706401092585,40.44037628173828,3023700
2008-01-29,40.570900455840125,41.099847479146646,39.938910817681766,40.44725036621094,3169600
2008-01-30,40.24805672845428,41.470816442725344,39.59545928009648,39.753456115722656,2564200
2008-01-31,38.489466115812576,40.543429542492035,38.489466115812576,40.00761413574219,3584000
2008-02-01,39.87022810242756,40.79760140105095,39.87022810242756,40.749515533447266,2354700
2008-02-04,40.76324436836762,41.18914878197662,40.53655166114315,40.9281120300293,1935400
2008-02-05,40.069438223557455,41.271590026917984,39.58170607176984,40.048828125,2446700
2008-02-06,41.216629804190944,41.42271242911535,40.19308234437446,40.529685974121094,3388800
2008-02-07,40.22743731829633,41.491414249103656,40.028222950501835,40.742645263671875,3217100
2008-02-08,40.49534355759051,40.502211843599774,39.2657133437729,39.36188507080078,2990200
2008-02-11,39.19015237594966,39.22449904983728,38.2627790785678,38.86729049682617,2735500
2008-02-12,38.89476063916924,39.47179358668088,38.1734701099004,38.77111053466797,3117000
2008-02-13,39.21076157603233,39.31380159532844,38.40016751258365,39.128326416015625,3205400
2008-02-14,39.05962262270301,39.44430945129099,38.45511138001584,38.88101577758789,2245800
2008-02-15,38.887886211955234,39.80152003927542,38.523806862024905,39.71221923828125,2389800
2008-02-19,40.09004401316142,40.35795169877818,39.231364189783164,39.47866439819336,1881300
2008-02-20,39.293187873464205,40.06256423468169,39.093973532462385,39.966392517089844,2276400
2008-02-21,40.18621011020803,40.18621011020803,39.01840518974651,39.10083770751953,1849300
2008-02-22,39.24510058059875,40.15186619973416,38.771107674812505,40.131256103515625,2123000
2008-02-25,40.06258526452507,40.18623542933097,39.16955833463676,40.076324462890625,2830500
2008-02-26,40.02134309400773,40.838807861640994,39.91830310026476,40.50907516479492,2486000
2008-02-27,40.52968642023435,41.57384136789154,40.0900427834277,41.408973693847656,2746100
2008-02-28,40.84569703725854,41.18230081146932,39.822151758638014,39.9183235168457,1752600
2008-02-29,39.53361119372528,39.54735038280273,38.56502063786466,38.63371658325195,2721900
2008-03-03,38.489468741260175,38.60625057559748,36.99880162521744,37.84374237060547,2644300
2008-03-04,37.46592706844006,37.77505239814339,36.86141560374061,37.2461051940918,4610200
2008-03-05,37.40409552994952,38.17347195703257,36.95071266500093,37.54148483276367,4135400
2008-03-06,37.35601242035752,37.60331265955363,36.79958688216629,37.36288070678711,3274700
2008-03-07,37.218616468669,38.26277139209197,36.923230415704744,37.72008514404297,3040700
2008-03-10,37.6170445451472,38.04981990981448,37.094968365606675,37.225486755371094,1885200
2008-03-11,37.988013571097596,39.835895138190686,37.026293267560376,38.65435028076172,2839000
2008-03-12,38.819194848607864,38.87415161307788,37.404092229780936,37.41783142089844,2027200
2008-03-13,36.74462591408369,38.097903451267634,36.648451578525076,37.884952545166016,2393400
2008-03-14,37.884963601814015,38.03608950368937,36.33933956290837,36.86141586303711,4042100
2008-03-17,36.490448312771576,37.29417379786987,35.528728712901476,36.930091857910156,3278800
2008-03-18,37.94678450279635,39.01154708862305,37.50026989237717,39.01154708862305,3147000
2008-03-19,39.513014108200544,39.57483916506153,37.69261169433594,37.69261169433594,2412000
2008-03-20,38.05669056017695,40.028218687441644,37.781911970381046,39.93891525268555,3174600
2008-03-24,39.945786868449076,40.618991542879364,38.85354601635191,39.03215026855469,2394600
2008-03-25,38.96346083765552,38.96346083765552,38.29025609571154,38.53068542480469,2839000
2008-03-26,38.22842620100196,38.331466205943556,37.68573993200128,37.95364761352539,3212000
2008-03-27,38.485173006888225,38.485173006888225,37.98814392089844,37.98814392089844,3531500
2008-03-28,37.98125938877656,38.25738473768435,37.48423007405029,37.601585388183594,2241500
2008-03-31,37.684434345767684,38.27810784727943,37.39449961168762,38.00888442993164,1991000
2008-04-01,37.560170469717825,39.92105739992608,37.560170469717825,39.85202407836914,2310300
2008-04-02,40.017697355323115,40.23859869518194,39.444732694634986,39.56208801269531,2020200
2008-04-03,39.6587397489032,39.762285790882046,39.08577497654857,39.58970642089844,1737900
2008-04-04,39.5896998762693,39.78299052937729,39.14099516849925,39.36189651489258,1198800
2008-04-07,39.49305370505896,40.141953678759876,39.49305370505896,39.90034103393555,1624600
2008-04-08,39.70014794844876,39.7691812605187,39.127185941701995,39.272151947021484,1514800
2008-04-09,39.417133310828135,39.73468140337609,39.210038560629116,39.458553314208984,1922900
2008-04-10,39.67254108040657,39.85202244238272,38.954610365798274,39.19622039794922,1647400
2008-04-11,38.76131829434023,39.67943895403623,38.706091645126136,38.7889289855957,1500900
2008-04-14,38.72680047572113,39.31357177586938,38.52661045490384,39.05125045776367,2135200
2008-04-15,39.41022094304726,39.67944431093337,38.73371019895212,39.11338424682617,2962300
2008-04-16,39.313582439920346,40.176479321247164,39.306677790192445,39.98318862915039,2494000
2008-04-17,39.83130192133948,40.56994109528658,39.6932379582926,40.39045715332031,2248300
2008-04-18,41.419041591802646,41.43284825500212,40.59066023329624,40.85298156738281,2143800
2008-04-21,40.52163817524373,40.85989227889354,40.252414768932,40.43880081176758,1411500
2008-04-22,40.24550000204019,40.58375665400939,40.176469322055446,40.38356399536133,1414300
2008-04-23,40.383570010820485,40.5906647149748,39.5551885608512,39.651832580566406,2511800
2008-04-24,40.02460642573052,40.97724526764986,39.56899700278686,40.74943923950195,1966000
2008-04-25,41.004864998706516,41.004864998706516,40.23170741887433,40.83918762207031,1344200
2008-04-28,40.687313047767134,40.94963443862452,40.56305568543218,40.65279769897461,2124200
2008-04-29,40.55614201578938,41.21884600225578,40.28001403808594,40.28001403808594,2230700
2008-04-30,40.55616145096934,42.53737234536301,40.55616145096934,41.6192512512207,3377400
2008-05-01,41.191246472970455,42.537366206731775,40.90131436929852,42.489044189453125,2466000
2008-05-02,42.81349039927803,42.96536108745736,41.85394952400437,42.454524993896484,1939800
2008-05-05,41.985104641970594,42.15768399437375,41.59852594458084,41.6468505859375,1499100
2008-05-06,41.39143670274055,42.502848300009866,41.17743996290638,42.39929962158203,1694700
2008-05-07,42.33716141394326,42.45451409132518,41.274072136400015,41.40523147583008,1981500
2008-05-08,42.30265001838793,42.30265001838793,41.41904457675641,41.6468505859375,1751900
2008-05-09,40.9634273942625,41.90225931396312,40.9634273942625,41.23955535888672,1226900
2008-05-12,41.501880830637724,41.916072845458984,41.14291547113338,41.916072845458984,1140300
2008-05-13,42.25433450400608,42.302656519436916,41.30860024483543,41.65375900268555,1666400
2008-05-14,41.9989002816577,42.5787668588542,41.65374166745385,42.19218826293945,1444600
2008-05-15,41.978198113320765,42.57186880974429,41.68136144843317,42.54425811767578,1440700
2008-05-16,42.82729702502393,42.82729702502393,41.88156018287178,42.30265426635742,2014600
2008-05-19,42.4752336558863,42.70303968804949,41.96440019591484,42.37858963012695,1009100
2008-05-20,42.14386198969677,42.25431262969637,41.69515741678944,41.71586608886719,1610700
2008-05-21,41.55021388148043,41.902277319325144,40.72183489835712,40.83918762207031,1729900
2008-05-22,40.763242265339954,41.225756296336584,40.687306929403796,41.16362762451172,1754100
2008-05-23,41.10838388494316,41.17741717681194,40.50090408325195,40.50090408325195,1441600
2008-05-27,40.438797358882596,41.22575882809177,40.32144202340554,41.060081481933594,1797300
2008-05-28,41.108407149752,41.2602778444619,40.26622157913459,40.65279769897461,1610900
2008-05-29,40.63206954668807,41.7918026172031,40.611360874006,41.62612533569336,1780700
2008-05-30,41.59162643146405,41.957493837898035,41.218854375841445,41.467369079589844,1878700
2008-06-02,41.384520035175434,41.557099349222575,40.83916877078213,41.13600540161133,2025300
2008-06-03,41.23957707494602,41.874668041317804,41.1360283753471,41.6192512512207,2227800
2008-06-04,41.61232164023018,42.51663815646161,41.61232164023018,42.15767288208008,3115400
2008-06-05,42.43382419387994,43.28981655286921,42.36479085308875,43.262203216552734,3720300
2008-06-06,42.4890184917326,42.96533899304299,42.123151258373134,42.26121520996094,4238200
2008-06-09,42.302663087819816,42.8894346472851,41.757314167087465,42.03343963623047,2002400
2008-06-10,41.784912153563425,42.55116490309769,41.57781745639653,41.97820281982422,1913200
2008-06-11,41.778013424137264,41.81943342016929,40.721828542166094,40.74943923950195,2248400
2008-06-12,41.14292915080504,41.86086010851963,41.06009177363882,41.591636657714844,1904400
2008-06-13,41.78491343405025,42.04723479628812,40.98414531600752,41.922977447509766,1777300
2008-06-16,41.950594404752856,42.3440751654618,41.20505024760817,41.43975830078125,2559100
2008-06-17,41.874653489688264,41.874653489688264,40.71492004394531,40.71492004394531,1649700
2008-06-18,40.487120332052285,41.09459780458548,40.21099229300837,40.418087005615234,2294600
2008-06-19,40.280033064939936,40.52164581789761,39.6932641268408,40.36287307739258,1847800
2008-06-20,40.25241177720478,40.25931379308467,39.35499697839554,39.42403030395508,2983000
2008-06-23,39.56209800996021,39.69325739072271,38.85106917384679,38.97532653808594,1936200
2008-06-24,38.92009278931768,40.1143414844883,38.92009278931768,39.66563415527344,3151600
2008-06-25,39.79680124349126,40.25931266165749,39.49996453530766,39.651832580566406,2397100
2008-06-26,39.145341220464786,39.54775827686284,38.56947173061954,38.673545837402344,2102400
2008-06-27,38.72211080145503,39.152278634217616,38.229496390874324,38.32663345336914,2182400
2008-06-30,38.312750616311256,38.69435118028882,38.02134476875722,38.22255325317383,2192300
2008-07-01,37.98666451182591,38.57641075606338,37.63281729462634,38.28500747680664,2834500
2008-07-02,38.368253687500804,38.7845473646811,37.834011855483396,37.88951873779297,2256300
2008-07-03,38.16013114821619,38.340523330907516,37.6813959102652,38.04218292236328,1148100
2008-07-07,38.12542698070805,38.54865779790998,37.21652141185284,37.4662971496582,3988700
2008-07-08,38.39601475227685,38.95801013703458,37.43854201603883,38.60416030883789,4277500
2008-07-09,37.285910092708825,38.16012264697593,36.91124643514514,37.08470153808594,5750700
2008-07-10,37.24428275855204,37.653636938612536,36.43251143852376,36.675350189208984,4785700
2008-07-11,34.919974176012765,34.947724974289905,33.88618084715633,34.20533752441406,14045000
2008-07-14,34.67714365380864,34.91998238449449,34.024953423490125,34.14984130859375,7790900
2008-07-15,34.35104229537445,34.35104229537445,31.4300594329834,31.4300594329834,27842000
2008-07-16,31.84635970577676,32.92871791361037,31.173353022495114,32.630374908447266,20704200
2008-07-17,33.52540568450801,35.058748323938396,33.25481611833972,33.9972038269043,74437100
2008-07-18,34.44817968657735,34.68407869946472,33.511520673621106,34.018009185791016,9503100
2008-07-21,33.15073090545707,34.45511372469784,32.92870863580514,33.12991714477539,7248600
2008-07-22,32.991161973666365,33.38663941969394,32.075319188474595,33.36582565307617,10793100
2008-07-23,33.65029415041355,34.68408785690876,33.44908557079738,34.44818878173828,12777400
2008-07-24,33.969437036342704,34.55918580616896,33.49763907916733,33.60865020751953,8610800
2008-07-25,34.0319048210921,34.045781552704305,32.95648326494752,33.234012603759766,6825900
2008-07-28,33.42132348223017,33.761296602956435,32.94258841513186,33.06053924560547,4199900
2008-07-29,32.907902684981266,33.60172310398283,32.783014797823796,33.56009292602539,6887700
2008-07-30,34.97549442186086,35.14894956234751,33.948640307785695,34.899173736572266,9250600
2008-07-31,34.517581803999654,35.62075688611672,34.33024988665342,35.17671203613281,5470000
2008-08-01,35.41258808758991,35.821942162833544,34.87140646390457,35.64848709106445,4533700
2008-08-04,35.058748869777936,36.571277765118246,35.058748869777936,36.25212097167969,3880300
2008-08-05,36.38393170479631,37.30671387595566,36.38393170479631,37.20957946777344,4866500
2008-08-06,37.07082492060827,37.292847241284306,36.63371731883957,36.76554489135742,2770900
2008-08-07,36.56432034090806,36.89041399297266,36.07864573437186,36.314544677734375,4236600
2008-08-08,36.07170847033016,37.62586402538802,36.07170847033016,37.542606353759766,3074500
2008-08-11,37.6744453147426,38.38214240511018,37.21652397941235,37.77157974243164,3743000
2008-08-12,37.9103336211471,38.02134474234918,37.01530496767879,37.35527801513672,3475700
2008-08-13,37.015321438137214,37.258160193436886,36.5643397155208,36.82105255126953,2184300
2008-08-14,36.77247278850442,36.911237366105766,36.14109647479678,36.335365295410156,3541800
2008-08-15,36.245182063378635,37.7230177403337,36.01622004072319,36.168861389160156,2244100
2008-08-18,36.34231243271128,36.34231243271128,35.58604810874651,35.66236877441406,1519200
2008-08-19,35.266890917341065,35.67624239757861,34.28166460894981,34.49674987792969,3631100
2008-08-20,34.49675211645005,34.663267535027465,33.93475662364283,34.61470031738281,2124500
2008-08-21,34.15676099306971,35.42645296425463,34.15676099306971,35.232181549072266,3124800
2008-08-22,35.30850869077979,36.00926855779707,35.155867403565345,35.842750549316406,2421200
2008-08-25,35.60686926454778,35.808077852762615,35.22526850371241,35.32240295410156,1506200
2008-08-26,35.11425101879489,35.62073959537176,34.45512110661149,34.86447525024414,2287400
2008-08-27,34.663253100332035,35.627662658691406,34.663253100332035,35.627662658691406,1337600
2008-08-28,35.835815781898965,36.28679734140367,35.52359615041779,36.26598358154297,1754600
2008-08-29,35.89132188792011,36.69615328714355,35.75255730597519,36.50188446044922,2410300
2008-09-02,36.7724762737057,36.77941331222186,36.00927499463531,36.30067825317383,1841200
2008-09-03,36.40475158216138,36.54351352324314,35.77337522206762,36.32149124145508,2315100
2008-09-04,35.8011349013085,36.16192186037161,35.56523583756397,35.77338409423828,2975800
2008-09-05,35.69704669542242,36.2937324386795,35.44727102180655,36.28679275512695,3118400
2008-09-08,37.3969139233898,37.3969139233898,36.39781103236512,37.27202606201172,3989000
2008-09-09,36.640644827819955,37.36915549084136,35.932947923346205,35.995391845703125,2741500
2008-09-10,36.04398245610538,36.49496428005664,35.19752043590035,35.801143646240234,2244600
2008-09-11,35.65542787603419,36.03702854468172,34.82978260047209,35.891326904296875,2415900
2008-09-12,35.44035117156095,37.18877644133318,35.44035117156095,36.161922454833984,3410800
2008-09-15,36.245164516655805,38.229487852126276,35.41951687350554,36.61288833618164,4903700
2008-09-16,37.55651361803248,40.27628937472236,36.619854125257284,39.72123336791992,9184800
2008-09-17,40.93540137157451,43.31520542576084,38.50703010376924,38.54866027832031,8971300
2008-09-18,39.29103811607758,42.316094569129596,39.2285941930847,41.0047721862793,9103000
2008-09-19,42.1148902984635,47.179777665571734,41.39331659307275,45.792137145996094,6028900
2008-09-22,44.786106947216076,45.0983239959703,39.77672303486884,41.4835205078125,2627900
2008-09-23,41.62923087060979,41.87206699200226,38.86782554046516,39.20085906982422,3349600
2008-09-24,40.290150504865856,40.290150504865856,38.25031947719734,38.895572662353516,2025700
2008-09-25,39.839157714715114,41.698596207193624,37.59118157388924,41.629215240478516,3517600
2008-09-26,40.84519504043737,41.6292126191785,39.22165564242085,39.755897521972656,2936200
2008-09-29,39.4783682559742,39.894659294272365,36.77246856689453,36.77246856689453,2978600
2008-09-30,37.61893960284151,38.8539389585024,36.68922024332305,37.556495666503906,2571400
2008-10-01,37.7438309609358,38.74986842735556,36.68228394516897,37.44548797607422,2003000
2008-10-02,37.396916176585364,37.79239354587238,36.88348797701717,37.4662971496582,2584800
2008-10-03,37.88953602982252,38.85394605302133,36.51577182626793,36.599029541015625,3159600
2008-10-06,35.5582877535263,37.105506590854525,34.60775475368275,36.35618209838867,3710700
2008-10-07,37.008367451697374,37.986653771730936,35.03791809082031,35.03791809082031,3714000
2008-10-08,33.22012591010067,35.731755350972264,31.568832397460934,31.568832397460938,6780900
2008-10-09,33.376148861829115,33.79483248345787,26.69114875793457,26.69114875793457,8530900
2008-10-10,25.81191961292643,29.31491350122953,24.353500756973606,28.43567657470703,8209500
2008-10-13,31.07337776995144,32.65740165712135,29.307925041864724,31.987506866455078,3454400
2008-10-14,31.82702195520754,34.367042541503906,31.82702195520754,34.367042541503906,5313300
2008-10-15,32.42712165949117,33.05514693401491,30.857054480294497,31.00359344482422,2928500
2008-10-16,31.045467841422155,31.324589343122224,27.982089595468548,31.1082706451416,4314500
2008-10-17,32.50388717651367,34.05301861447896,29.62194034354037,32.50388717651367,4037500
2008-10-20,32.74114652587749,34.79270352666676,32.44109156744213,34.45775604248047,2292000
2008-10-21,34.05302960811718,34.83457381682215,33.034230574743134,33.327308654785156,2748900
2008-10-22,33.45291120943745,33.45291120943745,30.989650068093784,31.610698699951172,3998900
2008-10-23,31.750270833079178,33.411054975841296,30.95476996778505,33.16682052612305,4058900
2008-10-24,30.871014212856842,34.07395170317175,29.224187593951548,33.850650787353516,3758800
2008-10-27,34.046041126606625,35.204401897556465,30.8640367941771,30.947772979736328,4659100
2008-10-28,32.42713025072358,34.52753061790351,30.236014121594675,34.45077133178711,4370100
2008-10-29,35.581215938429764,40.50075971097978,32.79696203290031,39.45404815673828,11574600
2008-10-30,40.738021580497175,41.4218729297618,37.151289784878855,38.90278625488281,9137200
2008-10-31,38.72834467678155,40.65429361919014,38.5050463258335,40.026268005371094,4620700
2008-11-03,40.87060278894958,41.03807783283565,37.82118343665651,38.53992462158203,3753200
2008-11-04,38.49805905211941,39.48894761537426,37.158269214503925,38.6166877746582,3654000
2008-11-05,38.225909937585826,39.29355766788107,36.40463117724293,36.544193267822266,3600400
2008-11-06,36.60002569687772,38.17009350660334,35.28814607052328,35.74869918823242,2530300
2008-11-07,35.58819229788356,37.674638468555536,35.260221830773304,37.26293182373047,3720600
2008-11-10,37.367593098811476,37.48622176438109,35.692856606052615,36.090606689453125,2243400
2008-11-11,35.378856912027935,36.79540593103374,34.54148699787613,35.97199249267578,2330500
2008-11-12,35.35792413806646,35.588202017077826,34.49962076179156,34.632205963134766,3975500
2008-11-13,34.74385062848529,38.04448116767881,33.70411584638171,37.786293029785156,4104000
2008-11-14,36.809357321963844,38.19799585948029,36.551169210257854,36.77446746826172,3316300
2008-11-17,36.36276549150435,36.879141781454344,35.10671196290168,35.734737396240234,2950200
2008-11-18,36.237155020119594,36.237155020119594,33.68317887791133,35.17648696899414,4193000
2008-11-19,33.44593252353361,33.459889000824326,27.975118536085496,28.226329803466797,16743400
2008-11-20,28.114679732111586,30.766349106759137,26.167795135191177,26.495765686035156,7577000
2008-11-21,27.96814228291759,32.238725942562915,27.17961860005667,31.994491577148438,6370600
2008-11-24,32.06426035830051,32.95047634647822,30.47325719012663,32.5178337097168,3792000
2008-11-25,33.1458884170375,34.06699499798838,31.64559977128502,33.84369659423828,3362200
2008-11-26,32.62250790143388,35.14857086953212,32.59459495634606,34.6391716003418,3279400
2008-11-28,34.02511718146905,36.55816098711115,33.934404057328884,36.46046829223633,1612500
2008-12-01,35.16950045234923,35.30905982831593,30.70353121137888,30.87798309326172,4537800
2008-12-02,31.394370310210952,32.65740057238289,30.808211722366313,31.70838165283203,3623600
2008-12-03,30.50118826838128,32.96445241760286,29.719644022274476,32.75510787963867,4241500
2008-12-04,32.09915184010206,34.17164140855072,31.778160960563024,33.04119110107422,4089300
2008-12-05,32.54575006184036,36.39764880949544,32.022394297136,36.16737365722656,3920400
2008-12-08,36.32090500850122,36.634919133458965,33.60643237861598,34.3321533203125,4022900
2008-12-09,34.43682347280726,34.750837602799606,33.00631761609354,33.327308654785156,2955800
2008-12-10,33.32730722889739,34.82061850964545,32.60158896854101,33.46686935424805,2769500
2008-12-11,32.88069548606407,34.36702651520798,32.86673901373351,33.03421401977539,2643900
2008-12-12,31.799097550018786,33.5645502277248,31.750251222630293,32.873722076416016,2433500
2008-12-15,32.83185536615791,33.89950307477454,32.02937801999064,33.606422424316406,2229700
2008-12-16,33.7110944317211,35.930123360168835,33.45988320783262,35.90918731689453,2471900
2008-12-17,35.65797933426802,36.2022712561436,34.8903917798809,35.588199615478516,2257900
2008-12-18,36.98383264032261,37.16526159146127,35.71382199657134,36.11854934692383,2941900
2008-12-19,36.446514581006035,36.97685019621736,35.64403691077723,36.32788848876953,2062900
2008-12-22,36.80936197356775,36.80936197356775,35.8324299749019,36.31391906738281,2105300
2008-12-23,36.66980036419428,37.26991551457541,35.93710268646696,36.04875183105469,1589900
2008-12-24,36.334852877539085,36.35578626026707,35.41374677054977,35.97199249267578,412900
2008-12-26,36.111556589772206,36.425570657720584,35.79056561450307,36.23018264770508,625600
2008-12-29,36.09062860852261,36.648874445150625,35.96502296254054,36.474422454833984,1260700
2008-12-30,36.78843423468452,36.809367620377444,35.937107724159965,36.48837661743164,1867000
2008-12-31,36.558145099895974,37.08848044435551,36.055722702392224,36.927982330322266,888400
2009-01-02,37.123400977920255,37.123400977920255,36.16042480748966,37.0047721862793,873700
2009-01-05,36.90703929439206,37.248966150323,36.299947497536515,36.746543884277344,1502600
2009-01-06,35.862790399115205,37.11128877187219,35.701467786113,36.01709747314453,3018600
2009-01-07,35.55417222882619,35.8978614089526,34.47401196766659,34.544151306152344,1898200
2009-01-08,34.663391693935004,35.11930546018346,34.36880323621961,34.719505310058594,1759800
2009-01-09,33.863783167059715,35.75056157836541,33.863783167059715,34.89484786987305,2338600
2009-01-12,34.71949052455885,35.05616405099252,32.832715134031595,33.10626220703125,2409000
2009-01-13,32.72050424156455,34.62832168527647,32.41890024694146,34.46699905395508,2463900
2009-01-14,33.933923360837156,34.1864292072989,33.37981360617319,33.4359245300293,2948200
2009-01-15,33.30266508608895,34.474011280077,32.44695126027997,34.151363372802734,3336900
2009-01-16,35.21749897978642,35.596257833370004,33.91990247385232,34.90888214111328,3275200
2009-01-20,34.22149061243564,35.16838463256333,32.29263024313305,32.45395278930664,3325800
2009-01-21,32.98002543177149,33.758584513062004,32.26459283479221,33.49205017089844,3680000
2009-01-22,32.36979388552356,32.96598618239447,31.310672405558464,31.528108596801758,4100400
2009-01-23,31.21247586640002,31.66137396761154,30.342733788569898,30.952957153320312,3808400
2009-01-26,30.426911231917174,31.85777359180651,30.426911231917174,31.493045806884766,2471800
2009-01-27,31.808669882269307,31.906868688428773,30.440934242025264,31.829713821411133,2361800
2009-01-28,33.134329055281874,34.43893836263234,32.67140248153967,34.24254608154297,3606400
2009-01-29,33.260549039049295,33.260549039049295,31.535097260379626,31.647321701049805,2434900
2009-01-30,31.626318401662147,31.668403620775408,30.125313703339923,30.623310089111328,3733700
2009-02-02,30.020090038069476,30.826705691485387,29.80966937759172,30.265583038330078,2386100
2009-02-03,30.356759221636388,31.051150243583656,29.71848179467792,29.99904441833496,3235700
2009-02-04,30.30766993923882,31.66138004040189,30.104262111974176,30.60927391052246,5026200
2009-02-05,30.88983761368377,31.289637741906784,30.18141796497679,31.142343521118164,2781700
2009-02-06,31.486027088927976,31.829716247573486,30.511075896432388,31.191438674926758,3835400
2009-02-09,31.044144294279825,31.89284528892159,30.90386561477013,31.75957679748535,1907700
2009-02-10,31.170411047650802,31.380834511372974,29.178422414276913,29.50808334350586,2621000
2009-02-11,29.98502629058623,30.749556892506487,29.655365496214515,30.728515625,2145100
2009-02-12,29.823703811827773,31.479017980245345,29.823703811827773,31.40186309814453,2312100
2009-02-13,31.009071135611443,31.254564148421913,29.676405100695753,29.690433502197266,2886300
2009-02-17,28.75756815393889,29.26959282682195,28.308669957200006,28.51909065246582,3401900
2009-02-18,28.82769780191128,29.33270944127925,27.54413011937557,28.196435928344727,3062300
2009-02-19,28.701468994564582,28.890848518361906,28.126317555911513,28.582231521606445,4782200
2009-02-20,28.056165748882304,28.336728476628917,26.835721361522356,27.621295928955078,4160200
2009-02-23,27.803662430301078,27.99304188790138,25.418889723917616,25.5030574798584,3560700
2009-02-24,26.050142935115232,27.24954307785849,25.84673514230554,27.22148895263672,4031900
2009-02-25,26.88482202026377,27.87380175246825,26.274598490870453,27.025100708007812,3016700
2009-02-26,27.1864135945408,27.96497234041271,26.71647427262878,27.011062622070312,3534000
2009-02-27,26.19744648078679,26.4920376437804,25.250551856428622,25.608266830444336,3457900
2009-03-02,24.82970034034538,26.863770144090672,24.591222895697317,25.138317108154297,4576000
2009-03-03,25.243526673786462,25.411862105661218,23.433903389450414,23.81266212463379,4214500
2009-03-04,24.023096657574808,25.08221594607022,23.27960715545124,24.528108596801758,4241400
2009-03-05,23.8196775336183,24.20544917153652,21.96797153109585,22.353744506835938,4936800
2009-03-06,22.494031220227658,22.900846917754432,21.687416702964512,22.795635223388672,3923100
2009-03-09,22.20644970736119,23.26556853070091,21.94693098619013,22.33270263671875,4272400
2009-03-10,22.33971626636681,24.128297156876144,22.33971626636681,23.959959030151367,5065400
2009-03-11,24.408863182893047,25.166380927416842,23.06918140194693,23.651348114013672,4507400
2009-03-12,23.49702976515012,24.836711056674734,23.006046518510832,24.689416885375977,4625900
2009-03-13,25.06818491460731,25.79764318013312,24.514075006854277,25.67840576171875,3909300
2009-03-16,26.246535650578142,26.919885504951797,25.43992267886343,25.580204010009766,3853700
2009-03-17,25.411867877093375,27.16537796529174,25.131307868368072,27.144336700439453,2881300
2009-03-18,26.646337970015054,28.161370436621855,26.07819979167108,27.97900390625,6889400
2009-03-19,28.547157844931387,28.58222752762764,26.32370464347119,26.372802734375,4725400
2009-03-20,26.42889854566386,27.62829854435489,26.1904211182361,27.13030242919922,3434300
2009-03-23,28.11930036835145,28.392847635481857,27.060180982038407,28.33673667907715,3266600
2009-03-24,27.57219604824634,28.45596403420676,26.828706741333008,26.828706741333008,2861500
2009-03-25,27.151363689324114,27.81769840463675,25.96599121622996,26.954971313476562,3458900
2009-03-26,27.495045232685214,28.210477839260214,26.702457735845552,28.063180923461914,4499200
2009-03-27,27.2797205247785,28.754872343884298,27.258544267421033,28.338441848754883,3417200
2009-03-30,27.187965612402767,27.4914659595344,26.362161528298554,26.468034744262695,3150200
2009-03-31,26.580978413101437,28.59960865190203,26.580978413101437,28.514911651611328,3960200
2009-04-01,28.33138825452509,28.903098860961332,27.512643696678943,28.811342239379883,2865200
2009-04-02,29.26307333517806,30.004178143535164,29.178376335143586,29.693620681762695,3692000
2009-04-03,29.750078057875644,30.96407699584961,29.552448194858467,30.96407699584961,3650100
2009-04-06,30.060635732725,30.957020353632497,29.99005536893977,30.81585693359375,2455000
2009-04-07,30.244148956028837,31.02054648834351,30.081811951059862,30.279441833496094,2076600
2009-04-08,30.63233379257024,31.683995320415786,30.3994138412887,31.00641441345215,4249400
2009-04-09,32.079270796019756,32.35453803080089,30.829978759924142,32.13573455810547,4675700
2009-04-13,31.86045825786295,33.63205372462887,31.479317875474905,33.53323745727539,3942500
2009-04-14,33.25092266594372,33.25797962649949,31.436979554142486,31.641666412353516,4202900
2009-04-15,31.232282732353838,32.46040079736277,31.14052611958812,32.2910041809082,2717200
2009-04-16,32.361579027998175,33.16620945367698,31.225220461556823,32.7568359375,2835000
2009-04-17,32.54508980975107,32.855647056180516,31.832216034072097,32.43921661376953,2655700
2009-04-20,31.684016277893342,32.008690340678214,30.71705105069971,30.79469108581543,3018500
2009-04-21,30.724087745296558,32.79212332982272,30.568810469959796,32.69330978393555,2951100
2009-04-22,32.04398008561402,32.326304276376206,30.48412795984299,30.660581588745117,3262600
2009-04-23,30.73820334965331,31.380494069468142,30.625273201965005,31.048763275146484,3939500
2009-04-24,31.338162580172305,31.599313172141013,30.37119484746522,31.055835723876953,3392200
2009-04-27,30.646464752097256,32.107503265835376,30.646464752097256,31.719303131103516,2831700
2009-04-28,31.18993368110532,32.693318929346624,31.08406314909663,31.867517471313477,2378600
2009-04-29,32.65095943769847,33.843787002897095,31.874564996211,33.31442642211914,5379200
2009-04-30,33.99200787088235,34.302565114023054,32.56626302708999,32.69330978393555,4615700
2009-05-01,32.6862716525165,33.039178915345566,32.11456091744468,32.35453796386719,2072000
2009-05-04,32.65803706102784,33.28621153182696,32.02986259022872,33.2297477722168,2959900
2009-05-05,32.92623548461194,33.03210600549026,31.74752429973275,31.881628036499023,2673200
2009-05-06,31.916922691481656,32.48863053668378,30.89349144415697,31.768699645996094,4992100
2009-05-07,32.163959584340105,32.22042602449697,30.540587124383062,30.86526107788086,4211300
2009-05-08,30.87232678609923,31.52873178066311,29.43246458922358,30.7170467376709,5991200
2009-05-11,30.03945177891227,31.01347338632452,29.679485047612967,29.912405014038086,3704000
2009-05-12,29.630076812822857,30.759381034722207,29.623019856218317,30.25119400024414,2374200
2009-05-13,29.89122725872238,30.70291458331413,29.61596017945984,29.79241371154785,2774300
2009-05-14,29.58067494664511,31.331093953894317,29.474801732741994,31.0275936126709,2833500
2009-05-15,30.794682112096744,31.105239469592764,30.117098261927335,30.434715270996094,2180800
2009-05-18,30.773500389822782,32.20630515596743,30.30766308999639,32.043968200683594,2496000
2009-05-19,31.50048973426652,31.719290421661228,30.77349924890083,30.808792114257812,3004200
2009-05-20,31.451071102756774,31.50047786467863,29.85593004152756,30.110023498535156,3423800
2009-05-21,29.67243487075994,31.020540123882444,29.45363146070991,30.907609939575195,2744500
2009-05-22,30.851161241264712,31.42287214257938,30.54766069158194,31.013498306274414,1477000
2009-05-26,30.801733381389358,31.74752458231279,30.357069650833054,31.733407974243164,2223700
2009-05-27,31.761643293965072,32.08631722366665,30.45588792442254,30.52646827697754,2338200
2009-05-28,31.133466593562705,31.133466593562705,30.4347093104607,31.020536422729492,1830200
2009-05-29,31.408727279506994,31.408727279506994,30.625273201965005,31.048763275146484,2565200
2009-06-01,31.401680314955538,31.627540682198834,30.957016538990562,31.387563705444336,1653700
2009-06-02,31.098176199209792,32.319234504070195,30.949953163413657,32.11454772949219,2849000
2009-06-03,31.761639978026544,32.20630369160984,31.542836600000697,32.14278030395508,2655400
2009-06-04,32.24865837037716,32.594508604667816,31.881634566067877,32.516868591308594,2724000
2009-06-05,32.912124668130446,32.912124668130446,32.25571709180135,32.474517822265625,2194300
2009-06-08,32.14983620882586,32.84859345014924,31.39461523169567,32.58038330078125,1037000
2009-06-09,32.82037567572559,32.87684213056346,32.23454832289215,32.361595153808594,1637600
2009-06-10,32.594490983888846,32.67213095527543,31.959257302059303,32.15688705444336,1636900
2009-06-11,32.23452679773216,32.46744672969892,32.10042309574542,32.14982986450195,1282200
2009-06-12,32.121614597016844,32.17808104568684,31.592253756843757,31.747533798217773,971700
2009-06-15,31.43696551435627,31.58518585205078,30.81584825655911,30.879371643066406,1358300
2009-06-16,31.267571341627832,31.366384907745342,30.58999029470685,30.604106903076172,1401100
2009-06-17,30.604103777672464,30.8581973174358,30.272370246040612,30.335893630981445,1583500
2009-06-18,30.152381264924,30.695858481994033,29.990044333975906,30.095914840698242,2887700
2009-06-19,30.314732018494823,30.491185635956995,30.004171928581542,30.279441833496094,2301700
2009-06-22,30.02533618387204,30.50529004679229,29.997102970178506,30.004159927368164,2053500
2009-06-23,30.025343587476527,30.39236737859028,30.011226977148908,30.350017547607422,2357700
2009-06-24,30.477067493909644,31.07700868618434,30.364137292100228,30.99936866760254,2452700
2009-06-25,30.745279430208527,31.500500701339607,30.39942915356069,31.45815086364746,1904300
2009-06-26,31.408733951760915,31.500490557645772,30.702919705653926,31.0275936126709,1947500
2009-06-29,31.14052355128518,31.28874658813374,30.702919475864945,31.020536422729492,1714000
2009-06-30,30.851140705117906,31.338154268434614,30.738210531045635,31.218164443969727,1461800
2009-07-01,31.28169742263439,32.09338514862309,31.13347702857444,31.684011459350586,1298000
2009-07-02,31.585172585540302,31.825149423497813,30.27941792435369,30.342941284179688,2328900
2009-07-06,30.222954897062692,31.119338989257812,30.14531492721219,31.119338989257812,2598800
2009-07-07,30.985242174982776,31.11934589381799,30.011217896826913,30.095914840698242,2458700
2009-07-08,30.088875985424522,30.272386589623924,29.14308435039162,29.474815368652344,2323800
2009-07-09,29.587728181355708,29.940635260002413,29.425391248274302,29.601844787597656,1652200
2009-07-10,29.21364897333214,29.64419606120636,28.232567677339393,29.503032684326172,1714000
2009-07-13,29.87713266415563,30.80880770060638,29.55245590890179,30.79469108581543,2000200
2009-07-14,30.597042629122324,30.80172938084555,30.321775538685664,30.6746826171875,1699000
2009-07-15,31.013486991519827,31.578140724207604,30.568825811860734,31.45815086364746,1748900
2009-07-16,31.338144930074694,32.31922602981585,31.288738161919884,32.029842376708984,1959100
2009-07-17,31.853400002059132,32.00867731664069,31.1828758808986,31.36638641357422,2100000
2009-07-20,31.338147910440824,31.429901807187626,30.829960883984505,31.00641441345215,2043700
2009-07-21,30.98524957556801,32.01573783160641,30.900549918999523,31.867517471313477,1981000
2009-07-22,31.754575629224675,32.763887254304244,31.41578251227921,32.73565673828125,1803700
2009-07-23,32.559198484463806,33.59674316700389,32.43215175721946,33.43440628051758,1877700
2009-07-24,33.39179753416085,34.706154438125914,33.18576238828829,34.38644790649414,2007000
2009-07-27,34.5143310211787,34.691946962514024,34.00989968803119,34.11647033691406,1486300
2009-07-28,33.747022234580974,34.94060134306245,33.498361049565524,34.677730560302734,2933100
2009-07-29,34.63509711851597,35.068480305836594,33.86069176171436,34.080936431884766,1521000
2009-07-30,34.35091389978019,34.39354269135898,33.455730958253916,33.661766052246094,1641600
2009-07-31,33.46283590448494,34.95481115430118,33.46283590448494,34.8553466796875,1488500
2009-08-03,35.096900874612174,35.60843279380306,34.89796923529029,35.55870056152344,1379000
2009-08-04,35.26031950932895,36.127083511152755,35.17506190111991,35.87131881713867,1819000
2009-08-05,35.95657240589683,35.95657240589683,34.990341229678116,35.53029251098633,1325600
2009-08-06,35.63685572176025,36.219435683985786,35.34556574064749,35.70790100097656,1891100
2009-08-07,36.22654668301802,36.63861423594974,35.82157986467245,35.906837463378906,2515000
2009-08-10,35.8855247928185,36.07735034108862,35.018760813106915,35.24610900878906,926400
2009-08-11,34.9263958599483,35.366882601098936,34.86956017247917,34.969024658203125,1038500
2009-08-12,35.0827031055571,35.99919934525997,34.961922850585836,35.665283203125,1371300
2009-08-13,35.86421228157995,36.048934387205804,35.203480731080404,35.565818786621094,1388100
2009-08-14,35.715014866580894,35.715014866580894,34.7487836834705,35.018760681152344,1063400
2009-08-17,34.34382596552672,34.6351160640159,34.0028036095056,34.038326263427734,2538000
2009-08-18,34.04541521552855,34.73456579107696,33.72570875613735,34.635101318359375,2241700
2009-08-19,34.19461187641804,35.52317797378047,34.00278639013521,35.45923614501953,1259600
2009-08-20,35.43793482754519,36.33311801610075,35.41661907077186,36.07735061645508,1886400
2009-08-21,36.22654268392904,36.41836548433294,35.807369022276156,35.89262390136719,1416300
2009-08-24,35.93524813917396,36.1768031476004,35.38108471984467,35.45923614501953,1446000
2009-08-25,35.74342768562582,36.48941398607065,35.693695446276415,36.09865951538086,1163700
2009-08-26,35.949466940999116,36.44679213951343,35.52318974810359,36.24075698852539,1027700
2009-08-27,36.23364393925044,37.29933934922839,36.056028037587446,37.19987487792969,1703400
2009-08-28,37.26382450068421,37.8606141634348,36.85175422178787,37.21409225463867,1750600
2009-08-31,36.80912398057868,37.24961070025937,36.76649518440165,37.07199478149414,985500
2009-09-01,36.88727098578865,37.135934886570745,35.949459195316315,36.01340103149414,1507600
2009-09-02,35.516086334626145,36.2549666222968,35.516086334626145,35.81447982788086,1343000
2009-09-03,36.183926872721514,37.22830967959394,35.85000797034359,37.1785774230957,1596000
2009-09-04,37.00805660602638,37.00805660602638,36.31890590572805,36.63151168823242,1507200
2009-09-08,36.773605994645614,36.8659670497611,36.119980583562175,36.56757354736328,1127100
2009-09-09,36.72386976533202,36.83044041047287,36.19102196003594,36.55335998535156,1288700
2009-09-10,36.58888636498246,36.80913112265883,36.16971260695603,36.652828216552734,1434300
2009-09-11,36.482319741476964,36.7878194316135,36.18392620796946,36.404170989990234,1188500
2009-09-14,36.13418946365623,36.52494401336748,35.87131861533474,36.496524810791016,1332000
2009-09-15,36.36863722415126,36.532043556202794,35.75764069525577,35.95656967163086,1457800
2009-09-16,36.11285493483388,36.97251497486453,35.857087684199335,36.85884094238281,2308300
2009-09-17,36.915690273392045,37.100412338454056,36.09865870932149,36.1270751953125,1513400
2009-09-18,36.2407603310527,36.27628569224078,35.48767037346529,35.54450607299805,1768200
2009-09-21,35.2034767044477,35.79316289161375,35.16085061587455,35.700801849365234,2555600
2009-09-22,35.935270897267074,35.942374344871006,34.88378177834775,35.139549255371094,3159200
2009-09-23,35.25320868202874,36.24785896436185,35.21058259377708,35.40951156616211,1867700
2009-09-24,35.6652753948732,35.864204347504284,35.267414779407304,35.43792724609375,2097200
2009-09-25,35.45213016851686,36.69544130875257,35.28872117653563,36.56045150756836,2766700
2009-09-28,36.773603234719374,37.92455648382679,36.61730304956729,37.63326644897461,1444400
2009-09-29,37.74045634813747,38.35504961990255,37.54750160045287,38.16924285888672,1330500
2009-09-30,38.126375051251905,38.3550616253869,37.6690019029819,38.204986572265625,1434600
2009-10-01,38.133512302555225,38.93391508665098,38.133512302555225,38.41222381591797,3016000
2009-10-02,38.04775899120299,38.59088881952359,37.81906973457704,38.41937255859375,1822100
2009-10-05,38.47653155549134,38.61231328163082,38.05489040719165,38.46223831176758,1701500
2009-10-06,38.61947361330156,39.13401692107007,38.469398595459005,39.06255340576172,1231400
2009-10-07,38.883904056546314,39.32698398762841,38.76241549728155,39.31269073486328,1135500
2009-10-08,39.69144459308946,39.76290811180649,39.14116677526112,39.16260528564453,1517300
2009-10-09,39.112579607776695,39.184045851428856,38.605181545559375,38.95535659790039,1386600
2009-10-12,39.019682958051575,39.25551752184618,38.68380108468215,38.74811935424805,907000
2009-10-13,38.576599650023894,38.626624663468824,38.1692515541673,38.39079284667969,1342200
2009-10-14,38.77669860012273,39.162608172421486,38.48369378993116,39.11258316040039,983300
2009-10-15,38.92677130434206,39.112578078254685,38.54800704319355,39.069698333740234,1013000
2009-10-16,38.76240572323314,39.441317338352356,38.35505493753967,39.19833755493164,1567200
2009-10-19,39.30554002803256,39.64142460609748,39.1483169955496,39.40559005737305,1004900
2009-10-20,39.25551037518524,39.49134216988648,39.126873859472376,39.155460357666016,1403000
2009-10-21,39.22691777645129,39.348409011800776,38.36219678676329,38.4908332824707,1814600
2009-10-22,38.60518555235243,39.591398007842635,38.60518555235243,39.1483154296875,3392200
2009-10-23,39.12686789860762,39.19118614666536,38.61232191414575,38.862449645996094,1698600
2009-10-26,38.98395098133964,39.191199040616986,38.140668218767466,38.18354797363281,1462900
2009-10-27,38.20497273128055,38.59802746779337,37.89767474746045,38.069190979003906,1660600
2009-10-28,39.091141849599495,39.091141849599495,36.94720356965245,37.0972785949707,3332900
2009-10-29,37.25449622737923,37.883382735835795,37.25449622737923,37.76189422607422,1749000
2009-10-30,37.59038325810724,37.59038325810724,36.389777608349185,36.7042236328125,3003600
2009-11-02,36.775676301368215,37.19017221999531,36.39691485763894,36.761383056640625,1280300
2009-11-03,36.42551420878482,36.74710278715526,36.26829118742423,36.64705276489258,1321500
2009-11-04,36.84715992017646,37.29738507393274,36.811425428408754,36.83286666870117,1245900
2009-11-05,36.79711103489985,36.83998803535488,36.246833477750286,36.454078674316406,2112400
2009-11-06,36.22541143810081,36.91861905829032,36.21826617629289,36.64705276489258,1325300
2009-11-09,36.73282732230558,37.81194222415873,36.73282732230558,37.783355712890625,1305400
2009-11-10,37.71902590735822,37.87624894516183,37.325971039008145,37.390289306640625,1150500
2009-11-11,37.47604482560921,37.647561108904114,37.16160148675386,37.347408294677734,1733100
2009-11-12,37.154455011500154,37.31167531271582,36.78283868162529,36.8614501953125,1528500
2009-11-13,36.97579561503015,37.24021394590246,36.739961060298356,36.80427932739258,1450300
2009-11-16,36.95434199173921,37.15444471462131,36.246844016945865,36.554141998291016,2770200
2009-11-17,36.304032984917065,36.8042859606825,36.15395791003526,36.73282241821289,1762700
2009-11-18,36.60416042056416,36.91145834669509,36.361180728417786,36.425498962402344,1932800
2009-11-19,36.1611016059234,36.48269298541167,35.718021664272506,35.93241500854492,2906400
2009-11-20,35.71086869107654,35.81091871505963,35.41786388105807,35.53935241699219,2997900
2009-11-23,35.90382356462988,36.061043862918524,35.17488416877224,35.560791015625,2863100
2009-11-24,35.5179076393588,35.7465941470231,35.40356438552665,35.60366439819336,2199000
2009-11-25,35.76804040602291,36.20397500764819,35.36784029396729,35.6251106262207,2911100
2009-11-27,34.831866475614994,35.28209174142071,34.26729516954918,34.431663513183594,2710200
2009-11-30,34.438789486992825,34.874723979740274,34.31015298991462,34.81040573120117,2285800
2009-12-01,35.25348937602662,35.753739407693395,35.01765488153382,35.60366439819336,3878300
2009-12-02,35.653678990766565,36.15393160252172,35.396406063226344,35.67511749267578,2866200
2009-12-03,35.675134312834324,35.746600563155724,34.560288069407434,34.61745834350586,2719800
2009-12-04,34.97478375626161,35.07483651340456,34.4459470993004,34.88188171386719,2535700
2009-12-07,35.56077622368366,35.56077622368366,35.117696560914936,35.174869537353516,2362500
2009-12-08,35.11769399956203,35.496455399290696,35.003350781182206,35.089107513427734,1651100
2009-12-09,35.139145735126554,35.65369177470186,35.08912072862989,35.51791000366211,1924700
2009-12-10,35.69658082031498,35.93241266579087,35.546505761724944,35.796630859375,1218000
2009-12-11,36.03959296553322,36.23254768572804,35.703708520065426,35.88236999511719,1377100
2009-12-14,36.10391258212333,36.36118555219208,35.76088286408427,35.94668960571289,2180900
2009-12-15,35.752571025803526,35.76695291979363,35.01191857217479,35.47932052612305,3559500
2009-12-16,35.80287992200571,35.80287992200571,35.191662221254404,35.378623962402344,1887700
2009-12-17,35.2995287582707,35.2995287582707,34.796173757549845,34.93280029296875,2112900
2009-12-18,35.07660646546138,35.20604066034278,34.78178474224565,35.1269416809082,1648600
2009-12-21,35.12694960668689,35.33548282805472,34.98313624042617,35.07661437988281,1902600
2009-12-22,34.9543658343292,35.795685388110506,34.80336018258337,35.69501495361328,1445000
2009-12-23,35.601546012091525,35.98984874068113,35.49368597174854,35.91794204711914,1409700
2009-12-24,35.87479673391972,36.11209376249745,35.83884338678919,35.98984909057617,525000
2009-12-28,36.02579440715383,36.263091382835405,35.9682696131808,36.241519927978516,1103000
2009-12-29,36.17679930000158,36.327804955433436,35.93950234741123,36.19118118286133,1379300
2009-12-30,36.025786731761144,36.435660745100954,35.89635254406822,36.32780075073242,959200
2009-12-31,36.44286082148001,36.65858359924075,36.241519927978516,36.241519927978516,970100
2010-01-04,36.24150966403492,36.478803829448566,35.335470413749306,35.428951263427734,2670300
2010-01-05,34.96156202692068,35.27795801592044,34.292819450434614,34.63078689575195,9280400
2010-01-06,34.65953226440715,34.81053786458491,34.141795643154644,34.15617752075195,5479100
2010-01-07,34.3000141959178,34.486973231072206,34.02676384324813,34.35034942626953,7213100
2010-01-08,34.34313644339165,34.42942770897552,34.026743365438826,34.15617752075195,2484200
2010-01-11,34.24248640828963,34.58764344671215,33.86137602602266,34.522926330566406,3899100
2010-01-12,34.66673241149775,34.78178472432599,34.25685837560566,34.594825744628906,3012300
2010-01-13,34.73145228202774,34.8824579403474,34.58044662370807,34.70988082885742,2293900
2010-01-14,34.580443975939005,35.09818075689412,34.551680211871826,35.040653228759766,2444700
2010-01-15,34.839316464422616,34.91841545337968,34.45820340336254,34.6667366027832,2105000
2010-01-19,34.58044698642938,35.20604382250409,34.51572988317587,35.10537338256836,2328700
2010-01-20,34.79616512366146,35.09817914638159,34.623588033304294,35.04784393310547,1519300
2010-01-21,35.14132576711354,35.14132576711354,34.32876995646882,34.810550689697266,2192800
2010-01-22,34.75303003897574,34.96156050813636,34.379109268351435,34.4366340637207,3630300
2010-01-25,34.652349582713306,34.95436361005028,34.50853625290502,34.83211898803711,1607700
2010-01-26,34.83930626662782,35.55119147273822,34.83211395533852,34.91121292114258,2622800
2010-01-27,34.8033652613542,35.21323937194118,34.67393104295158,35.20604705810547,1325400
2010-01-28,35.24919934589303,35.33548792671312,34.85370704548107,35.11257553100586,1801400
2010-01-29,35.105365816897155,35.70220150083835,34.918406860603476,35.428951263427734,2832700
2010-02-01,35.50806739592407,35.52244928306178,35.13414655953701,35.24919891357422,2365100
2010-02-02,35.34265624267502,35.7021949521913,34.91840045572331,35.63747787475586,2709900
2010-02-03,36.36377634391814,36.45725725738346,35.39302208499347,35.709415435791016,3324700
2010-02-04,35.57996477978741,35.874786531315294,34.46539487733144,34.60921096801758,5433300
2010-02-05,34.76021844015915,35.148521082326425,34.04833026285248,34.753028869628906,3492200
2010-02-08,34.817747533491314,35.09819019395532,34.62359893149476,34.738651275634766,2172300
2010-02-09,35.069408689996855,35.234796179631665,34.79615848217884,35.019073486328125,1739700
2010-02-10,35.011895661333554,35.19166510397494,34.760219538861215,35.083805084228516,1299700
2010-02-11,35.14133149192579,35.23481237444656,34.27124800795342,35.07661437988281,2167100
2010-02-12,34.88246855272567,35.119765582047506,34.530121909451175,35.09819412231445,2110700
2010-02-16,35.37862500227823,35.59434777350488,34.68111872368366,35.587158203125,2424700
2010-02-17,35.84602701314432,35.91074412447036,35.443345203172605,35.77412033081055,2926000
2010-02-18,35.4792946454416,36.40690555815627,35.26357187908241,36.183990478515625,2134500
2010-02-19,36.00422076092075,36.40690526647853,35.68782755566635,36.23432540893555,1455400
2010-02-22,36.18399075589923,36.5507219302786,36.13365553479835,36.45724105834961,1303700
2010-02-23,36.327813572394604,36.46443737737389,36.15523368020531,36.16242599487305,1522600
2010-02-24,36.00421944874826,36.2343240883769,35.84602148035469,36.19118118286133,1892800
2010-02-25,35.93950791340343,36.255901156127074,35.84602703186941,36.219947814941406,1911400
2010-02-26,36.32781141260655,36.3637647546147,35.84602785189204,35.94670104980469,1979300
2010-03-01,35.96826269864301,36.32060919453556,35.94669124793302,36.263084411621094,1886600
2010-03-02,36.313413870042694,36.34217762847289,36.14083406252448,36.20555114746094,1422400
2010-03-03,36.22714239158261,36.536346082606066,35.96108161545081,36.34938430786133,1273500
2010-03-04,36.47162729820204,36.66577863552261,36.076132309365235,36.56510543823242,1196700
2010-03-05,36.615433719940995,37.06126385132346,36.385329084482,37.02531051635742,1462700
2010-03-08,37.183512392243145,37.3992351837033,36.94621814455621,37.262611389160156,1156700
2010-03-09,37.06126100465194,37.068450573867466,36.11207877052429,36.263084411621094,3166000
2010-03-10,36.31342440433164,36.406905274816495,35.723780900775715,35.91073989868164,3305900
2010-03-11,35.74535179758479,36.19837151650221,35.5943461389669,36.12646484375,3273700
2010-03-12,36.234333463684,36.34938581326708,35.98984687793691,36.09770965576172,2362300
2010-03-15,35.932309678754386,36.59385977486953,35.88197446461795,36.53633499145508,2724900
2010-03-16,36.629823446370416,36.867120445475045,36.370957733343836,36.859928131103516,1296900
2010-03-17,36.98936319208955,37.41361922844431,36.8815031616657,37.032508850097656,2072100
2010-03-18,36.939012272327844,37.11159208799067,36.637001023746784,37.046875,1485400
2010-03-19,37.89540100097656,37.91697245741939,37.169130879340955,37.89540100097656,4248300
2010-03-22,37.686862470956875,37.787532910931304,37.37765883785614,37.70124435424805,3447700
2010-03-23,37.76596980205158,37.97450304125405,37.47114798710008,37.960121154785156,2598500
2010-03-24,37.98168421463541,38.31965161426393,37.744389998028815,38.02482986450195,2009000
2010-03-25,38.28369421644071,38.28369421644071,37.859438305147904,37.873817443847656,1706000
2010-03-26,37.974505131431556,38.341233655848505,37.75877956558857,37.93854904174805,1961500
2010-03-29,38.16999674230025,38.23509633489616,37.895131489198,38.11212921142578,1249600
2010-03-30,38.16275772344768,38.24955901021136,38.03256131185305,38.05426025390625,1080400
2010-03-31,38.03980568334479,38.047037746611174,37.76494037152456,37.830039978027344,1563200
2010-04-01,37.953009324990354,38.206172943115234,37.93130761538215,38.206172943115234,1386500
2010-04-05,37.9385304520481,38.37252587722471,37.67090003183171,38.018096923828125,1694300
2010-04-06,38.08321796205408,38.278514081881674,37.8951511484226,38.141082763671875,1585900
2010-04-07,38.02534779309759,38.8137753209137,37.84451581661937,38.7414436340332,2215700
2010-04-08,38.57506168935358,38.66186022753431,38.336362260261836,38.55335998535156,1413900
2010-04-09,38.73418376926767,38.84991604902513,38.4954871494508,38.65461730957031,1669600
2010-04-12,38.567830690588025,38.676330943523865,38.242332691056546,38.37253189086914,1244400
2010-04-13,38.28573320694274,38.70526181428803,38.25679943836002,38.62569808959961,1495200
2010-04-14,38.79930870826785,38.99460757536978,38.66910946353324,38.980140686035156,1598000
2010-04-15,38.77036669889933,38.80653529419603,38.495504137724026,38.589534759521484,1584300
2010-04-16,38.59676809807039,38.83546481404644,37.9747058090475,38.06150436401367,1736000
2010-04-19,37.77941212034437,38.00364474033441,37.6636797782507,37.91684341430664,1903700
2010-04-20,37.92407130105193,38.13383699500223,37.55517263110125,38.12660217285156,1981200
2010-04-21,38.14831479572035,38.24234543637527,37.72155122283189,37.93854904174805,2260700
2010-04-22,37.598576513514,37.89514078379506,37.42497939686365,37.75770950317383,2165500
2010-04-23,37.58411721040888,38.437644357434905,37.468384856199094,38.43041229248047,2895300
2010-04-26,38.473808762460294,38.51720942839535,38.068746917507326,38.083213806152344,1882500
2010-04-27,37.90237808227539,38.11214104865616,37.591346905411456,37.90237808227539,3024100
2010-04-28,38.661863915162414,38.95119332312014,38.30020008575823,38.8065299987793,3427500
2010-04-29,38.090444110197396,39.18266793928043,37.69984641266701,38.43764114379883,3387600
2010-04-30,38.35085148053202,38.58954828937636,38.02535332367393,38.47381591796875,2459300
2010-05-03,38.488287007657085,38.582320431957235,38.126622962647836,38.24235534667969,2449400
2010-05-04,37.92407348592655,38.05427269937766,37.533475845573214,37.6709098815918,1336900
2010-05-05,37.32372061316576,37.98194892842176,37.32372061316576,37.801116943359375,1582000
2010-05-06,37.70708337013965,37.75048127724775,35.53709971787365,36.6148567199707,2382500
2010-05-07,36.52805017647692,37.25860996592488,36.26041969035554,36.556983947753906,1854900
2010-05-10,37.526254640770134,37.56242048624332,36.94759283536769,37.28032302856445,1989300
2010-05-11,36.795693838098956,37.461157019371754,36.66549458000813,37.34542465209961,1509700
2010-05-12,37.35989253766974,38.972913656657674,37.23692534207546,38.907814025878906,4820700
2010-05-13,38.654640240497585,39.226069917969745,38.654640240497585,38.857173919677734,3071500
2010-05-14,38.517195703253805,38.73419343705076,38.22786355200727,38.358062744140625,2459900
2010-05-17,38.35806665055263,38.63293194630172,37.981935919337076,38.56060028076172,2118900
2010-05-18,38.73420601208519,38.79207356483151,38.01087815841683,38.15554428100586,2259100
2010-05-19,38.1483098107324,38.66910395622158,37.78664590670651,38.213409423828125,3380600
2010-05-20,37.649206172823945,38.01087002224449,36.137451171875,36.137451171875,4088300
2010-05-21,35.8553515659288,36.1953164460675,35.57325422252691,36.122982025146484,4977600
2010-05-24,37.01993373557701,37.01993373557701,35.515409907980704,35.551578521728516,4841400
2010-05-25,34.95119804844566,35.34179571119689,34.42316910107153,35.23329544067383,4534800
2010-05-26,35.710692671306184,35.768560219690734,34.958433857243165,35.030765533447266,3305800
2010-05-27,35.450289187685506,36.028953552246094,35.3273248037459,36.028953552246094,2911200
2010-05-28,36.01448164263133,36.01448164263133,35.53708553996626,35.55878448486328,2552300
2010-06-01,35.53708285449485,36.028945803014025,35.10308467442026,35.124786376953125,4609700
2010-06-02,35.24776811592071,35.681766510009766,34.7848387029806,35.681766510009766,3539400
2010-06-03,35.66729250954877,36.289352059611794,35.50092745739834,36.23148727416992,2327600
2010-06-04,35.551555301511605,35.76855304587899,34.90779137159272,35.03799057006836,2655800
2010-06-07,35.21160045904861,35.428598265276484,34.92226821122691,35.07416915893555,2758500
2010-06-08,35.117564773388,35.73962713412477,34.726967092096075,35.710693359375,2790300
2010-06-09,35.79749001192946,36.238717602536816,35.4575251011779,35.75408935546875,3183200
2010-06-10,36.122995172147455,36.69442488865378,36.11576310706125,36.622093200683594,1982700
2010-06-11,36.26766651087529,37.15735964508713,36.26766651087529,37.07779312133789,1960200
2010-06-14,37.179044972358405,37.49007610484211,36.81738112149607,37.171810150146484,2105900
2010-06-15,37.207968655902555,37.938531035967344,36.98373887846291,37.84449768066406,1900800
2010-06-16,37.649203412853105,37.94576763726651,37.562404867952495,37.692604064941406,1577900
2010-06-17,37.6275203996515,38.03258504617047,37.53348699328016,38.01088333129883,1575000
2010-06-18,38.01088327207517,38.54614716988136,37.92408469055533,38.394248962402344,2699200
2010-06-21,38.9801302326277,39.0235308889927,38.36530277680963,38.59676742553711,1512600
2010-06-22,38.50997977762235,39.14650636224106,38.50997977762235,38.69804382324219,4685600
2010-06-23,38.466570530235394,38.6546345339136,37.9891743186007,38.24957275390625,3553600
2010-06-24,38.02533055086445,38.444861870514295,37.93853201411046,38.18446350097656,3706400
2010-06-25,38.437621239648706,38.719718510916664,37.692594829964065,38.481021881103516,22405800
2010-06-28,38.4665894705425,38.85718731582468,38.206190907021046,38.61125564575195,3621600
2010-06-29,38.184468912074564,38.30020123057216,37.25860760481765,37.44667434692383,3985700
2010-06-30,37.53348757234103,37.851753642115085,37.19352254663774,37.23692321777344,3020200
2010-07-01,37.25138731671292,37.4611530725675,36.58592696482849,37.03438949584961,2326800
2010-07-02,37.251382461849275,37.41774752813851,36.61485321223381,36.766754150390625,2324600
2010-07-06,37.22244386265562,37.42497750085559,36.484649256078434,36.788448333740234,2991700
2010-07-07,37.31648000267441,37.533477783203125,36.766752108049914,37.533477783203125,3317100
2010-07-08,37.62752013802617,37.82281901485005,37.38158852564912,37.772186279296875,2170900
2010-07-09,40.10852272805326,40.260420887414,39.47922838264716,39.55879211425781,18243500
2010-07-12,39.49371282020422,40.000043037750984,39.457546967367534,39.79751205444336,9753700
2010-07-13,39.99279217885314,40.47742044955583,39.978325292660706,40.4195556640625,9211500
2010-07-14,40.36892278299364,40.44848651782397,39.826426969658385,39.92769241333008,73235200
2010-07-15,39.75408625183627,39.862586501054466,39.26945805968717,39.78302001953125,7620800
2010-07-16,39.45753232078287,39.76856350642389,38.734204495436614,38.84270477294922,4447300
2010-07-19,38.99460411621622,38.99460411621622,38.33637588590478,38.567840576171875,4106400
2010-07-20,38.15554788179487,38.72697760234587,38.010881745553505,38.69804382324219,3828800
2010-07-21,38.91501945294908,39.066917567693395,37.86619401248867,37.95299530029297,5506700
2010-07-22,38.321911112683,38.517209973237996,38.07597952079266,38.271278381347656,4908200
2010-07-23,38.38045803143094,38.678883634941315,38.22032627168578,38.395015716552734,3474300
2010-07-26,38.249432645807346,38.69343221951407,38.249432645807346,38.44595718383789,4283300
2010-07-27,38.57696884604518,38.97729532592128,38.5624111661196,38.9190673828125,4093100
2010-07-28,38.95546800915995,39.333959433373366,37.95829033525957,38.55514144897461,4770600
2010-07-29,38.889959824650056,39.195662834633524,38.1766500247612,38.55514144897461,3565500
2010-07-30,38.34407516382198,38.817190335054256,38.162108217439595,38.635223388671875,3509900
2010-08-02,39.115606618689064,39.115606618689064,38.54786799428822,38.76622772216797,2626700
2010-08-03,38.642485371322415,38.977303752212734,38.57697718579221,38.80989456176758,2165300
2010-08-04,39.05737442090627,39.52320923010737,38.904522894748624,39.48681640625,3722400
2010-08-05,39.38490310097788,39.530477127583694,39.05008478340003,39.11559295654297,1514700
2010-08-06,38.89723870806189,38.98458480834961,38.31494525578139,38.98458480834961,2107900
2010-08-09,38.97003169282128,39.479539564511256,38.95547400773362,39.45042419433594,1540100
2010-08-10,39.05009915807773,39.646950387933394,39.00642610104147,39.42131042480469,1773400
2010-08-11,38.99188212905877,39.08650573095308,38.154832956000064,38.162113189697266,1797000
2010-08-12,37.87094423818364,38.62064963348451,37.667142231528,38.55514144897461,2713500
2010-08-13,37.965567193423354,39.181107314370614,37.965567193423354,38.8826789855957,2389100
2010-08-16,38.598826062154444,39.02099069175936,38.387746523947115,38.955482482910156,1962100
2010-08-17,39.27573530901023,39.91625957901316,39.27573530901023,39.705177307128906,2473400
2010-08-18,39.625124719240084,39.88715758926269,39.23935564759319,39.596012115478516,2291700
2010-08-19,39.42858082109074,39.42858082109074,38.76622151254939,38.80989456176758,2295600
2010-08-20,38.511473163420135,38.970030511702426,38.511473163420135,38.94819259643555,1722900
2010-08-23,39.15926699426819,39.21021749200073,38.84628377871461,38.92634963989258,1514600
2010-08-24,38.55513601340922,38.72254517764532,38.154806733068845,38.489627838134766,2883900
2010-08-25,38.51876018456217,38.96275995847668,38.10387578717207,38.86085891723633,2734000
2010-08-26,39.05735993847593,39.08647529740367,38.66431092273176,38.8972282409668,2275700
2010-08-27,39.11560674522038,39.55232620239258,38.57698348988638,39.55232620239258,2298900
2010-08-30,39.53048155075794,39.545039232706785,38.85356461140338,38.889957427978516,2136800
2010-08-31,38.83172130325901,38.97001787425526,38.39500201186573,38.9190673828125,5040700
2010-09-01,39.290287827313726,39.836188459406706,39.13015608672298,39.75612258911133,4521300
2010-09-02,39.83617918689984,39.89440990686751,39.60326186021627,39.69060516357422,2794000
2010-09-03,40.0254306061256,40.229232595004895,39.668774348993,40.2073974609375,3222500
2010-09-07,40.018160029782024,40.06911053929157,39.41403136991405,39.45042419433594,1927300
2010-09-08,39.552322563694425,40.229239603653156,39.552322563694425,40.05455017089844,2168400
2010-09-09,40.44759892074161,40.73874704698394,40.22195898407409,40.49127197265625,1940900
2010-09-10,40.454889983090006,40.63685691656574,40.33115102449708,40.43305206298828,1876500
2010-09-13,40.76058494357573,41.27737026487053,40.65140369469621,41.25553512573242,2312800
2010-09-14,41.48846685882029,41.852400778634504,41.08814010234375,41.7504997253418,2414400
2010-09-15,41.48844849365396,42.12169245637388,41.27008879374305,42.00523376464844,1602600
2010-09-16,41.83053255722963,42.14351570292677,41.70679367850149,42.06344985961914,2370500
2010-09-17,42.201771218760484,42.47836173732028,41.88151041283525,42.1435432434082,3902600
2010-09-20,42.17991687136955,42.900504050780555,42.063458197091315,42.79860305786133,1405300
2010-09-21,42.87142045743682,43.04610719869318,42.51476396442858,42.733123779296875,1670700
2010-09-22,42.61664301553956,42.842282947768766,41.87421780715994,41.94700622558594,2140200
2010-09-23,41.75049034533876,41.990685234622376,41.379276275634766,41.379276275634766,1986000
2010-09-24,41.76503853572126,42.60936473695444,41.714088032106744,42.252708435058594,2054600
2010-09-27,42.121699120443914,42.42012473874137,41.874224014300076,41.90333938598633,1210700
2010-09-28,42.04161844578671,42.62391456827341,41.69224243825091,42.522010803222656,1519800
2010-09-29,42.3024152928656,42.50005625691884,42.09013394713797,42.26581573486328,2210300
2010-09-30,42.478107256940746,43.16619144387487,42.478107256940746,42.6391487121582,3516000
2010-10-01,42.95390106315382,43.085661718567046,42.199939484575154,42.595218658447266,1633200
2010-10-04,42.51470887254526,42.80018941642686,42.2731466939574,42.52934646606445,1235000
2010-10-05,42.719659724430294,43.60538194195843,42.27313782187069,43.554141998291016,2253600
2010-10-06,43.40774213470282,43.524862408015004,43.13690202623733,43.2613410949707,1289800
2010-10-07,43.407734976786934,43.54681719816326,42.96853472238207,43.19545364379883,1271400
2010-10-08,43.12225341796875,43.275973223801834,42.9099720904657,43.12225341796875,1465200
2010-10-11,43.0929749778569,43.44433574969768,43.027094658613805,43.31989669799805,736400
2010-10-12,43.078339921086524,43.73714319494484,42.939260470990895,43.69322204589844,1545200
2010-10-13,43.73714319494484,43.92014379408687,43.61270412786468,43.69322204589844,1855200
2010-10-14,43.64929954870164,44.0592190647801,43.539498082685036,43.729820251464844,2076800
2010-10-15,43.89085493442597,43.94941645568888,43.61269608552819,43.67857360839844,1639200
2010-10-18,43.83231002900474,44.21295166015625,43.60538825109675,44.21295166015625,1394400
2010-10-19,43.89086293530181,44.35934402133656,43.327220756051396,43.48826217651367,1886500
2010-10-20,43.62001753069708,44.53502041329069,43.539496830250094,44.337379455566406,2035500
2010-10-21,44.50574151092688,44.64482374200884,44.051900844055716,44.234901428222656,1895800
2010-10-22,44.38129615144075,44.65213619568297,44.10313452114589,44.19829559326172,1382700
2010-10-25,44.447174072265625,44.71801410193327,44.33005383302826,44.447174072265625,1685000
2010-10-26,44.38862753062018,44.93031056505476,44.22758610020519,44.84246826171875,1947800
2010-10-27,44.46181592017945,44.58625495682,43.83229356634242,44.249534606933594,2306500
2010-10-28,44.65214619065498,44.76194766708722,43.38578237967625,43.69322204589844,2046900
2010-10-29,43.795694731241284,43.795694731241284,43.37113209779595,43.49557113647461,1390700
2010-11-01,43.78106797925419,44.60822874555297,43.6785852896365,44.139747619628906,1423800
2010-11-02,44.37397901239671,44.63018149494324,44.26418034190579,44.337379455566406,1386600
2010-11-03,44.41791340884561,44.58627365439188,43.86158992651459,44.315433502197266,1635600
2010-11-04,44.77658775162645,45.684272002567305,44.65214867761549,45.57447052001953,2010900
2010-11-05,45.44272294801344,45.74284390363744,45.0254788952012,45.296321868896484,1576700
2010-11-08,45.18650285725133,45.22310241476065,44.54234003409164,44.732662200927734,1202400
2010-11-09,44.72534103586832,44.79854294394468,43.94209876983851,44.095821380615234,2102700
2010-11-10,44.044587501137165,44.725350025051284,44.0226283204844,44.71071243286133,2166900
2010-11-11,44.49111035324907,44.52771271156491,44.00798882257964,44.037269592285156,2008400
2010-11-12,43.92013988584359,44.16902079022473,43.766420066411285,43.773738861083984,1374100
2010-11-15,43.905505625102556,44.39594870756598,43.868906061902045,43.97138595581055,1168000
2010-11-16,43.80302306724625,43.920143337785646,43.012459146829706,43.10762023925781,2122700
2010-11-17,43.07101518909282,43.334536462313835,42.93193575816713,43.180816650390625,1511200
2010-11-18,43.59074376889699,44.23490668355735,43.43702393010221,44.1177864074707,1789300
2010-11-19,44.04457208722142,44.3080933323036,43.79569401394031,44.249534606933594,1828600
2010-11-22,43.92014888356356,44.08850911919975,43.73714826321538,44.02262878417969,1195000
2010-11-23,43.37114385030497,43.68590511767128,42.9831834571004,43.01978302001953,2499500
2010-11-24,43.25402390906474,43.693224252236504,43.05638291692714,43.68590545654297,1171400
2010-11-26,43.20277411408143,43.41505544158448,43.114934623943526,43.12225341796875,539100
2010-11-29,42.81482691461319,43.48094906953215,42.71966580894823,43.38578796386719,1392100
2010-11-30,43.13690141875463,43.39310114040219,42.77090022076239,42.8367805480957,2652000
2010-12-01,43.415062126028054,43.64198107651935,43.1149412621787,43.53950119018555,1527500
2010-12-02,43.59073912687903,44.044579799338905,43.53949918607069,43.80302047729492,2135100
2010-12-03,43.693218549156725,43.78106084021956,43.27597743989386,43.502899169921875,1510700
2010-12-06,43.40774230794265,43.48826301973505,43.20278252692023,43.23206329345703,1606800
2010-12-07,43.61270386202252,43.700543367212354,43.26866184417501,43.36382293701172,2168800
2010-12-08,43.327222954205496,43.59806586460884,43.21010267675485,43.4809455871582,2021400
2010-12-09,43.61270352954949,43.68590265125508,43.23206195347192,43.554141998291016,2000700
2010-12-10,43.67858109395689,44.198304910950036,43.63466273785008,44.12510299682617,2297600
2010-12-13,44.30078592237568,45.07670947757065,44.286145539179444,44.61554718017578,2689500
2010-12-14,44.733307537955724,45.255860658707455,44.61554968135718,44.65970993041992,1953800
2010-12-15,44.48307109220154,45.1528194182453,44.453633734158316,44.733306884765625,2353400
2010-12-16,44.86578420493241,45.255859375,44.703868911432714,45.255859375,2232400
2010-12-17,45.24849684418354,45.32945589277513,44.8805032106353,44.93202209472656,2623300
2010-12-20,45.26320594897542,45.33680353480837,44.37266224558424,44.86577224731445,3027500
2010-12-21,44.939387366663574,45.653293167396555,44.76274917218776,45.48401641845703,3636800
2010-12-22,45.417770571788445,45.8372830616538,45.417770571788445,45.73424530029297,1342200
2010-12-23,45.57232729936779,45.84464459212504,45.57232729936779,45.72688674926758,1027900
2010-12-27,45.47665616848948,45.778410850697426,45.47665616848948,45.67537307739258,747200
2010-12-28,45.73427007645029,45.874109520541204,45.5870719915193,45.844669342041016,885200
2010-12-29,45.844645532721636,46.01392225982928,45.631208560798235,45.837284088134766,1334900
2010-12-30,45.80048092290952,46.09487691182026,45.63120421193472,45.90351867675781,1054300
2010-12-31,45.77104437626766,46.03600022569275,45.63120781465707,45.81520462036133,1367600
2011-01-03,46.168474392224724,46.24207479305632,45.69744305717539,45.80784225463867,1818000
2011-01-04,45.71216527577683,46.12431630944149,45.5870459922941,45.778404235839844,1598700
2011-01-05,45.63857286668514,45.98448780845416,45.484016201984915,45.62385559082031,1870800
2011-01-06,45.52817051449345,45.67536852206367,45.33681226238163,45.425132751464844,1434700
2011-01-07,45.285279940458075,45.506078290065965,44.77009127822004,45.08656311035156,1424500
2011-01-10,44.85842245542826,45.07921806402407,44.33587219331887,44.49778747558594,1561700
2011-01-11,44.667059632597685,45.064493371950284,44.54194316330234,44.703861236572266,1400900
2011-01-12,44.93938766004885,45.336818686968556,44.7185892136204,44.784828186035156,1563400
2011-01-13,44.71123521428766,44.814273002607464,44.49779819129998,44.79955291748047,1152100
2011-01-14,44.69650137929766,44.82162066060243,44.460985704855105,44.74066162109375,1972800
2011-01-18,44.79954567115203,44.92466497070886,44.60082876543382,44.644989013671875,2006900
2011-01-19,44.62290322219727,44.740661057936315,44.32850722906554,44.57874298095703,1409900
2011-01-20,44.41681834621783,44.983528724407144,44.41681834621783,44.6817741394043,1448800
2011-01-21,44.15923181035223,44.534584045410156,43.82803701026092,44.534584045410156,2027900
2011-01-24,44.43154609622687,44.784819612284146,44.276989459370874,44.67442321777344,1899100
2011-01-25,44.725943681194856,45.852003228992444,44.497786632347314,45.72688674926758,2778600
2011-01-26,45.837271643766464,46.131667580808895,45.579677304530136,45.9623908996582,1299400
2011-01-27,46.109599529994284,46.580630892123466,45.7710432818416,46.50703048706055,1611600
2011-01-28,46.49967201096147,46.580631053026146,44.97617871550114,45.02033615112305,2101000
2011-01-31,45.476654345696396,45.80784918059329,45.13810087338785,45.3294563293457,1688100
2011-02-01,45.77840638012987,45.94032166198163,45.18961715619513,45.748966217041016,1954000
2011-02-02,45.65330296937562,46.1537746856804,45.57970534362411,45.99921798706055,1983400
2011-02-03,45.61649447048659,46.62479632854497,45.35890002748335,46.58063888549805,2247500
2011-02-04,46.514395647390074,46.698392463394335,46.27151850263153,46.41135787963867,1329000
2011-02-07,46.13168147693844,46.56591407071656,46.13168147693844,46.24208068847656,1677500
2011-02-08,46.33775743792076,47.316621846046225,46.242081115111475,47.30189895629883,1935500
2011-02-09,47.05902302686796,47.427019453748265,46.823507335113895,47.16206359863281,1735400
2011-02-10,46.93390953574403,47.13998788484171,46.66895366373892,46.919189453125,1110100
2011-02-11,46.830867964719346,46.88238684592091,46.551192032790524,46.6910285949707,1424100
2011-02-14,46.55120860290527,46.749925561517706,45.80050102844811,45.99921798706055,2090200
2011-02-15,45.86672842304276,46.25680079457027,45.631212711074966,45.910888671875,1580500
2011-02-16,45.96976874387491,46.440800193916566,45.748973102613995,46.27888488769531,1160000
2011-02-17,46.12430740953078,46.845577194408094,46.12430740953078,46.6174201965332,1362100
2011-02-18,46.82350831420294,48.420602115347315,46.514395015150285,48.3838005065918,3593200
2011-02-22,47.86124056145662,48.35435057439784,47.073734583354536,47.72140121459961,4117300
2011-02-23,47.57421428151319,47.83180868997951,47.2062206650936,47.316619873046875,3786900
2011-02-24,47.11789801470284,47.28717754115233,45.43248946255224,46.102237701416016,3913600
2011-02-25,46.19791665554201,46.70574681034007,45.96240097729639,46.57326889038086,1736200
2011-02-28,46.54384222837476,46.76463787650538,46.28624496591487,46.55120086669922,1974100
2011-03-01,46.551173403404775,46.61005370553942,46.05070206552958,46.05806350708008,2804200
2011-03-02,45.93297086921459,45.93297086921459,45.152823259540746,45.285301208496094,2145300
2011-03-03,45.675374493228944,46.58063856791399,45.63121424291425,46.175846099853516,3077700
2011-03-04,46.0875001526472,46.175820604511685,45.57967018847925,46.13901901245117,2488400
2011-03-07,46.072801836160515,46.11696208294833,45.54289291254974,45.7121696472168,2044200
2011-03-08,45.8667242413171,46.38927450413104,45.79312664087543,46.0654411315918,1442000
2011-03-09,45.88880296996889,45.99920217822403,45.587048315982486,45.837284088134766,856800
2011-03-10,45.447213743207826,45.60913184039101,44.909943375135626,44.93202209472656,1793100
2011-03-11,44.6302643786461,45.2779339155653,43.8280382000115,45.182254791259766,1789600
2011-03-14,44.711212961952874,45.37360242515706,44.70385432683628,44.961448669433594,1323700
2011-03-15,43.93843185022423,44.51250090833836,43.8280326586324,44.26962661743164,1842800
2011-03-16,44.151877415915386,44.88050323855576,44.056198285014105,44.37267303466797,3550600
2011-03-17,44.792185154075675,45.057141017249045,44.46834896238885,44.75538635253906,2111600
2011-03-18,45.108664585389306,45.56497594848156,44.68915202765518,44.770111083984375,2494700
2011-03-21,45.182245775888475,45.72687744299181,45.00561045133508,45.69743728637695,1939400
2011-03-22,45.645936774352926,45.99921037311013,45.43249976440514,45.44721984863281,2738600
2011-03-23,45.30738325982339,45.63857532845459,44.89522932415549,45.44721984863281,1703200
2011-03-24,45.63120753893213,45.771044099697775,45.241135211618,45.73424530029297,1569400
2011-03-25,45.85199979983366,46.21263474587091,45.432487340555205,45.90351867675781,1852600
2011-03-28,46.02864048820926,46.75726624913772,45.74160592738481,46.50703048706055,1739100
2011-03-29,46.66895962914409,47.279827694289416,46.4040037232713,47.11055374145508,2000100
2011-03-30,47.51742198960315,47.52481593595346,47.16231501660348,47.47303009033203,1754400
2011-03-31,47.19931957041036,48.26463236313385,47.15493330120386,47.86513900756836,4065300
2011-04-01,48.16104869513475,48.738092628657974,48.013090738315455,48.708499908447266,2312800
2011-04-04,48.82687802915509,49.840407680775826,48.82687802915509,49.537086486816406,3240700
2011-04-05,49.108000511513126,49.68505017559742,48.871264358645895,49.14499282836914,3052300
2011-04-06,49.30036831857813,49.403940070337725,48.90087485711806,49.182003021240234,2078200
2011-04-07,48.930457039713,49.322550821702734,48.604942664822225,48.68632125854492,1965800
2011-04-08,48.86387777958427,49.00443618751683,48.471778352179264,48.67152786254883,1629700
2011-04-11,48.61972331085558,49.30773847635765,48.61972331085558,49.285545349121094,2039600
2011-04-12,48.95264574975283,49.50749666902557,48.82688089600085,49.278160095214844,2736300
2011-04-13,49.41132859924857,49.45571487028003,49.004435634007166,49.122806549072266,2348400
2011-04-14,48.82688027128376,49.24856673876634,48.590144107859075,48.97483825683594,3527900
2011-04-15,48.738094329833984,48.91565065729576,48.5901363678503,48.738094329833984,3498400
2011-04-18,48.19064392113852,48.2720224948909,47.591406827357,47.97610092163086,2508700
2011-04-19,48.14626069982552,48.1610542395168,47.436052265710835,47.7023811340332,1885100
2011-04-20,48.109269231816306,48.227640128371625,47.4212539172348,47.58401107788086,2465600
2011-04-21,47.95391757579693,48.486575387500494,47.74677412552015,48.32381820678711,2015600
2011-04-25,48.212839491660134,48.50136148802756,48.01309566503455,48.41998291015625,1458700
2011-04-26,48.30901203305197,48.64192025619919,48.257226184023864,48.36079788208008,1700000
2011-04-27,48.57534405517809,49.1375888402923,48.412586906348075,48.967437744140625,2093800
2011-04-28,49.063614324692786,49.840407826023515,48.967442202643355,49.77382278442383,2441500
2011-04-29,49.78122923388812,50.17332301256082,49.68505709859124,49.75163650512695,2456400
2011-05-02,50.11413337308963,50.16591923304125,49.30035315489179,49.418724060058594,1776500
2011-05-03,49.248558705283656,49.97356626239007,49.233765166835724,49.943973541259766,1621500
2011-05-04,50.05496026032517,50.1363332132179,49.01183768489258,49.17459487915039,1871400
2011-05-05,49.08581012245351,50.2694909529445,49.08581012245351,49.418724060058594,2693600
2011-05-06,49.84040230396839,50.20290326378314,49.55188032555172,49.744224548339844,1599200
2011-05-09,49.78862917056456,49.93658717115509,49.329950337956426,49.83301544189453,1388000
2011-05-10,49.9217979091263,50.65419967004724,49.75164111404546,50.639400482177734,1678100
2011-05-11,50.410045957332066,50.802139633014484,49.96616643097902,50.23989486694336,1749700
2011-05-12,49.958782495296816,50.73557614301488,49.81821843761316,50.66899108886719,1378300
2011-05-13,50.60981428964115,50.846550501610764,50.04756366962461,50.15853500366211,1239900
2011-05-16,50.03276443481445,50.535829590310115,49.81822136100519,50.03276443481445,1163800
2011-05-17,49.966177762027385,50.80215115364018,49.559284811460806,50.74296569824219,1815100
2011-05-18,50.70595789021036,51.30519485473633,50.58758702874514,51.30519485473633,1764800
2011-05-19,51.66032663530011,51.66032663530011,50.93531887079558,51.19424819946289,1808000
2011-05-20,51.16465968894489,51.246032637771414,50.7281739948614,50.75776672363281,1519100
2011-05-23,50.32128888007013,50.58022388615694,50.173330857366324,50.22511672973633,1360000
2011-05-24,50.25469383882469,50.41005140763369,49.973571425394354,50.14372253417969,2101700
2011-05-25,50.02536392211914,50.2768936447503,49.74423582713635,50.02536392211914,1588000
2011-05-26,49.810802663195375,50.17330357265405,49.64064594980572,50.04753875732422,1774700
2011-05-27,50.247293708037425,50.77995144923502,50.099335732920295,50.735565185546875,2432800
2011-05-31,51.149848772024555,51.216433807548974,50.772548622011776,50.91311264038086,2101900
2011-06-01,50.83913258905586,51.23862586110247,50.19550359894167,50.27688217163086,2676100
2011-06-02,50.21029026119107,50.631976558048564,50.04013356684401,50.565391540527344,1181300
2011-06-03,50.025365004579086,50.8317456973008,49.9365868183105,50.38046646118164,1756600
2011-06-06,50.27688224518123,50.60239653641418,49.625859306949806,49.744224548339844,1421500
2011-06-07,49.958781513632495,50.24730357271877,49.766431592829626,49.796024322509766,1385000
2011-06-08,49.78861980631464,49.803413345896956,49.004426746815355,49.034019470214844,1917500
2011-06-09,49.145000137294495,49.544493512965346,48.76030594826105,49.440921783447266,1219800
2011-06-10,49.144991398609356,49.16718453038327,48.523555487765165,48.81947708129883,1919600
2011-06-13,48.97484082849457,48.99703960730487,48.47917534220861,48.6345329284668,1591200
2011-06-14,48.97484082849457,48.97484082849457,48.34601089052508,48.6345329284668,2028500
2011-06-15,48.32382136823135,48.375607234188486,47.428662459980266,47.53223419189453,2679800
2011-06-16,47.47304496615047,48.17585954179467,47.47304496615047,47.90953063964844,2385100
2011-06-17,48.13886488425237,48.39040023261586,47.51743457224024,47.57661437988281,2803100
2011-06-20,47.35468398923059,47.90213538466926,46.97738373631657,47.70978546142578,2048400
2011-06-21,47.924315069627944,48.264622903394894,47.56921369710354,47.97610092163086,2292800
2011-06-22,47.82075703581267,48.383007621309986,47.80596349282629,47.93172836303711,1797500
2011-06-23,47.44344621343902,47.850339107885674,46.977373515992326,47.7023811340332,1519700
2011-06-24,47.657988279070715,47.76895957937146,47.17711922937473,47.31028366088867,2049300
2011-06-27,47.214114893572905,48.14626603601419,47.214114893572905,47.88733673095703,1213500
2011-06-28,48.103039820715665,48.21461442372819,47.92452386084764,48.13279342651367,1737200
2011-06-29,48.385684417831314,49.1964486968092,48.31129758404879,49.15182113647461,2331500
2011-06-30,49.27084323027281,49.27828305065434,48.75016930196983,48.958438873291016,1529300
2011-07-01,48.85429449708676,49.35265454133274,48.802227114477766,49.28571319580078,1856800
2011-07-05,49.28572096490483,49.30059493017244,48.46007685701327,48.571651458740234,1647000
2011-07-06,48.57164498878051,48.64602615505059,48.28898861206729,48.564205169677734,1147100
2011-07-07,49.010510230502305,49.24853342768272,48.683226206283976,49.21134567260742,1023900
2011-07-08,48.69066223599074,48.89893180794171,48.348504271368405,48.82455062866211,1277500
2011-07-11,48.22207635920426,48.474973612089386,47.87991824798886,47.969173431396484,1085500
2011-07-12,47.79062835043944,48.81710206036513,47.6790537640538,48.21460723876953,2006500
2011-07-13,48.30387508095296,48.88405620479026,48.24436786955426,48.36337661743164,1219200
2011-07-14,48.58651501948383,48.73527733998319,48.110468783983336,48.17741012573242,1656800
2011-07-15,48.19975695249937,48.318765741496804,47.560065558776465,48.0286750793457,1373000
2011-07-18,47.909675482945175,47.909675482945175,47.232793358102214,47.37411880493164,2104600
2011-07-19,47.50798416137695,47.61212178664435,47.1211957799071,47.50798416137695,1592400
2011-07-20,47.55262341110247,47.59725383022709,47.13608134498814,47.40385818481445,1171500
2011-07-21,47.73113044568404,48.824551390406015,47.69394269292415,48.541900634765625,2191300
2011-07-22,49.27827816926075,49.27827816926075,48.56420870621352,48.928680419921875,1169200
2011-07-25,48.37827535667732,48.95845670956054,48.28901450434057,48.71299362182617,1348700
2011-07-26,48.6162776914717,49.46423556138762,48.54933066231001,49.0030632019043,2026900
2011-07-27,50.20808915011465,51.08580115780988,50.17089570299711,50.86265182495117,5591900
2011-07-28,50.4609791006207,51.42051201265079,49.83617013925549,49.932865142822266,2796100
2011-07-29,49.813818727212634,50.081595415563584,49.44190729060501,49.821258544921875,2522500
2011-08-01,50.36426219400195,50.4832766157925,48.94356300212715,49.24852752685547,1960300
2011-08-02,49.06257204951139,49.888216162250544,49.003064838251625,49.464237213134766,3928600
2011-08-03,49.3898465693118,49.83613921837315,49.12950966360259,49.75431823730469,2932600
2011-08-04,48.408014799705164,49.136958351451064,47.679065573038656,47.71625900268555,3979400
2011-08-05,48.42288625754418,48.445200044207866,46.44431677865971,46.994747161865234,4215600
2011-08-08,45.96827845879377,46.39969732619957,43.84094340908521,43.870697021484375,5876500
2011-08-09,44.74840033116563,47.106321178479746,43.9599467752494,47.04681396484375,4493400
2011-08-10,46.26580630163462,46.310433880258756,44.012019944919494,44.14590835571289,3722400
2011-08-11,44.64427011286212,47.90221661882999,44.257481697031466,47.17326736450195,5465600
2011-08-12,47.44102866622452,47.44102866622452,46.20628263527023,46.66001510620117,2438400
2011-08-15,47.098889169012814,47.760891424470294,46.89805654587505,47.74601745605469,1740000
2011-08-16,47.08400344848633,47.29971283665895,46.65258750960114,47.08400344848633,2264100
2011-08-17,47.27740021166489,47.67162273385118,47.17326258769138,47.56005096435547,1581400
2011-08-18,46.19143013169125,46.652602663960074,45.16495592429258,45.42529296875,3289600
2011-08-19,44.98642498222607,45.41784378281773,44.54013221519903,44.6145133972168,4760000
2011-08-22,45.68560489402094,45.87900045282173,44.465735692204575,44.554996490478516,2565500
2011-08-23,44.6293901950771,46.094722747802734,44.43599741938093,46.094722747802734,2577300
2011-08-24,45.983141219771184,46.95011062770463,45.767431851955166,46.555885314941406,2510400
2011-08-25,47.09887443294897,47.3740881618996,45.34345161323412,45.66329574584961,2789100
2011-08-26,45.410403077597834,46.62283561560014,44.25747775401879,46.41456604003906,2444500
2011-08-29,47.02449856640798,48.140233246693185,46.994744960609964,48.13279342651367,2694700
2011-08-30,47.94684121004334,48.16255061192116,47.44104122372441,47.723697662353516,1551800
2011-08-31,48.073278595993834,48.222046601406305,47.61211196651306,48.03609085083008,1655000
2011-09-01,47.931953896863824,48.23691836293215,47.3294562710097,47.396400451660156,1591700
2011-09-02,46.49639585217568,47.46336846658296,46.25093562483631,46.28068923950195,1984800
2011-09-06,44.95666584018624,45.871567886187684,44.78558687263734,45.7376823425293,1759900
2011-09-07,46.459200703639326,47.78320521455429,46.24349127462537,47.74601745605469,1787000
2011-09-08,47.27738509620822,47.96913779080383,47.05423595364146,47.49309158325195,1574500
2011-09-09,46.91292079018979,47.225327955017534,45.7823093834805,45.81949996948242,2988600
2011-09-12,45.261635711871655,46.02777545485739,44.785589369119364,46.00545883178711,2245400
2011-09-13,46.16165748049406,46.3327364339978,45.38808086142174,45.76742935180664,1406800
2011-09-14,46.05754089549589,46.124485111112755,45.06825730633661,45.61124801635742,2859900
2011-09-15,46.25092228674325,46.45175487162783,45.5740433543367,45.99058532714844,2013500
2011-09-16,46.28811591577086,46.779039098578664,45.90132752364044,46.7567253112793,2390300
2011-09-19,46.027777658668384,46.62283561560014,45.834382049252966,46.41456604003906,1681900
2011-09-20,46.49638570187521,47.64187691675131,46.49638570187521,47.03937911987305,1711400
2011-09-21,46.89804032208482,47.158380078666085,44.78558285527322,44.807899475097656,2791400
2011-09-22,43.8111845685333,44.73352368341982,43.714486764768374,44.27235412597656,3462900
2011-09-23,43.87068126027448,44.97897880555473,43.87068126027448,44.40623474121094,2561500
2011-09-26,44.94179351407853,45.633549272931276,44.37648916663572,45.55173110961914,1855300
2011-09-27,46.16166961914541,46.503827616126614,44.90460657323128,45.2021369934082,3159300
2011-09-28,45.32931107494914,45.6809339745234,44.91783910853692,45.00761413574219,4036400
2011-09-29,45.770705999209355,46.18217793862937,45.19464414246275,46.17469787597656,3798800
2011-09-30,45.37420468814461,46.21211168744054,45.28442679779733,45.336795806884766,2761100
2011-10-03,45.14976614964858,45.838049090309916,44.19964099811481,44.222084045410156,2687100
2011-10-04,43.563716991986624,44.708357801592484,42.56870312216043,44.5811767578125,3900000
2011-10-05,44.69339899226916,45.8305569187304,44.244518159711376,45.66596984863281,2446100
2011-10-06,45.449024287546266,46.10738132323081,44.917851190684814,46.06249237060547,2480800
2011-10-07,46.361736418424734,46.391659526536046,45.03754256548165,45.14228057861328,2054300
2011-10-10,45.965225146775914,46.915353048507974,45.838044087453525,46.89291000366211,1839000
2011-10-11,46.39914015346465,47.28941607503131,46.24951320470725,46.93031311035156,2127200
2011-10-12,47.28195380267681,47.61113093068557,46.870481679191435,46.9752197265625,2350200
2011-10-13,46.46647134698701,46.90038635171315,46.122331368428924,46.69091033935547,1467000
2011-10-14,47.29689872780904,47.38667375500312,46.42158293750252,47.244529724121094,1231300
2011-10-17,46.892905739859735,46.892905739859735,46.062478909308105,46.137290954589844,1566500
2011-10-18,46.18217893162584,48.26946463201035,46.08492099166923,47.90288162231445,2651900
2011-10-19,48.022605413975946,50.012634001346846,47.90290152804318,49.33183670043945,3837700
2011-10-20,49.18219198459574,51.007635739017594,49.08493688750368,50.850528717041016,3926700
2011-10-21,51.411628184021694,52.62359828217825,51.411628184021694,52.511383056640625,4402700
2011-10-24,52.563746688185056,53.55128052646604,52.45900868320019,52.7956657409668,2866500
2011-10-25,51.89793524961662,52.74332262122113,51.31438731117363,51.621124267578125,3006500
2011-10-26,53.95526885365761,54.793172838145445,52.63107233735508,53.11735916137695,3649000
2011-10-27,53.498926875272204,55.18222406270685,53.02012279858105,54.86052703857422,4595200
2011-10-28,53.97772285944795,54.920370741269075,53.45402705497223,54.50889587402344,2606800
2011-10-31,53.56625109161193,54.875482116864006,53.56625109161193,53.977725982666016,2879900
2011-11-01,52.33929070453143,53.21460338448527,51.80811790623999,51.935298919677734,3038900
2011-11-02,53.21461721876564,54.015118081733554,52.90788612380437,53.71586990356445,2981200
2011-11-03,53.89543451397815,54.46401648015167,53.28196645051016,54.38172149658203,2129500
2011-11-04,53.633582656401465,54.1049037418222,53.45402687432256,53.89542770385742,1838700
2011-11-07,53.70839108292596,54.074974124596324,53.371728295119915,54.03757095336914,1773300
2011-11-08,54.187190697349,54.50888762456568,53.55875696864504,54.4116325378418,1754100
2011-11-09,53.2744858728993,53.461518896905176,52.451541708832416,52.56376266479492,2893100
2011-11-10,53.05001449693822,53.20712144800683,52.30936010331186,52.68342590332031,2000500
2011-11-11,53.14731187910176,53.58122992257374,53.10990298619029,53.29693603515625,1632300
2011-11-14,52.975209172379685,53.19216807211034,52.4290761728788,52.593666076660156,1496800
2011-11-15,52.58620104803939,52.99767023966246,52.24953821002661,52.616127014160156,1717600
2011-11-16,51.87545414724472,52.23455990796316,51.351764191814105,51.434059143066406,2529000
2011-11-17,51.35178768978254,51.48645169819856,49.870489305001435,50.19218063354492,3243000
2011-11-18,50.48395865387388,51.052534963174466,50.48395865387388,50.783206939697266,2759100
2011-11-21,50.207131639782176,50.33431269132642,49.18967181184153,49.6385498046875,3181500
2011-11-22,49.6086475237661,49.66101655279883,49.167252237318294,49.22710418701172,3365800
2011-11-23,48.93531477217187,49.08493888267126,48.299398033064584,48.306880950927734,2300200
2011-11-25,48.08243639613269,48.89042024647876,47.94777242107501,48.57620620727539,1164500
2011-11-28,49.86299640276387,49.9527685852048,49.06249543183347,49.54878234863281,2992100
2011-11-29,49.58618230802409,49.73581211538359,49.29441131841499,49.391666412353516,1639300
2011-11-30,50.76822977430342,52.114869439852555,50.34179483151174,52.017608642578125,2690200
2011-12-01,51.89043555121634,51.98021344528624,51.202155486729595,51.32185363769531,1941400
2011-12-02,51.553794845761864,52.272001103531025,51.052541912407634,51.15727996826172,2223500
2011-12-05,51.76324462890625,52.31686060080347,51.32184386849335,51.76324462890625,1589100
2011-12-06,52.0999194846961,52.89293769177147,51.546303323594145,52.548797607421875,2401600
2011-12-07,52.15227142014706,52.80314819495577,51.853017533759385,52.58618927001953,2144200
2011-12-08,52.548782534276945,52.61611737265867,51.276960600065415,51.38169860839844,2034700
2011-12-09,51.75578701220377,52.040075199922256,51.449050063421645,51.89793395996094,2195700
2011-12-12,51.42659726453477,51.62859612125674,50.910390013812005,51.179718017578125,2000500
2011-12-13,51.60614883471133,51.60614883471133,49.922851803290854,50.24454879760742,1679200
2011-12-14,49.855518720481726,50.843052785594,49.70589459550497,50.31936264038086,2355400
2011-12-15,50.858010906499594,50.858010906499594,49.99765804893129,50.06498718261719,2024900
2011-12-16,50.44654513274144,50.52884011612591,49.705895990075874,49.93033218383789,2797600
2011-12-19,49.885433234137764,50.33431121380731,49.56373630227917,49.59366226196289,2227600
2011-12-20,50.33431612252126,51.22459495960628,50.32683320492227,50.9178581237793,2373500
2011-12-21,50.97023892378752,51.868000886176475,50.86550088434474,51.81563186645508,1567600
2011-12-22,51.695915769142765,52.346792609944316,51.628586634470395,52.33930969238281,1460000
2011-12-23,52.526343622044635,52.77322853587333,52.33931063419754,52.72085952758789,673600
2011-12-27,52.586198439954224,52.97522456464104,52.49642054604459,52.81063461303711,650000
2011-12-28,52.780708188554335,52.780708188554335,52.21960925972262,52.3467903137207,1136000
2011-12-29,52.39167384697096,52.87047778627124,52.39167384697096,52.7956657409668,1260400
2011-12-30,52.87050326744496,53.005167297012164,52.444068125114796,52.45903396606445,886200
2012-01-03,53.27448114543372,53.528849003563,52.4964231496771,52.616127014160156,1465200
2012-01-04,52.33931579100744,52.60116085823329,51.92784660187949,52.1148796081543,1436900
2012-01-05,51.830566621528355,52.2944103603919,51.351762759123794,52.26448440551758,2145200
2012-01-06,52.36175951951134,52.57871849454713,51.73333134999617,52.391685485839844,1472500
2012-01-09,52.36924697820119,52.70590413994307,52.040067027843826,52.6310920715332,1852800
2012-01-10,53.18090975955997,53.47464325577717,52.744073266555084,53.324012756347656,2235000
2012-01-11,52.99257908463336,53.188403184219,52.38251854867845,52.52561569213867,1851600
2012-01-12,52.73651293902895,53.07544000799377,52.284615926591464,52.78923416137695,1406900
2012-01-13,52.25450072201954,52.60848861620862,51.81767009894072,52.540706634521484,1471600
2012-01-17,53.08299365669621,53.30893937667157,52.48799349224748,52.69134521484375,1570300
2012-01-18,52.608476505638414,52.804300651294824,52.20176747058999,52.78923416137695,2124400
2012-01-19,52.93236304521508,53.52736327277717,52.57837505890224,53.42192077636719,2100600
2012-01-20,53.5348939743825,55.02615535047919,53.41438498639882,54.732421875,4149200
2012-01-23,54.58931531541935,54.74747902550878,53.64032730869891,54.07716369628906,1698100
2012-01-24,53.64784473388817,53.71562669842889,53.18088124216205,53.542396545410156,1882200
2012-01-25,53.30138817876393,54.024430328506185,52.924806359440176,53.9792366027832,1917000
2012-01-26,54.039503813626474,54.069631055817254,53.29387324450236,53.66292190551758,2134100
2012-01-27,53.263750207772155,53.263750207772155,51.73482845952284,52.314762115478516,3697400
2012-01-30,51.98337620274589,52.20932769883402,51.614327455574845,51.95325469970703,2023300
2012-01-31,52.26956988345114,52.80431550228504,51.87039398109512,52.42020034790039,2777800
2012-02-01,53.58008570616085,54.883061935170154,53.58008570616085,54.60438919067383,3806500
2012-02-02,54.73241071841091,54.73241071841091,54.31817408557036,54.58931350708008,1857100
2012-02-03,54.845372207671815,55.92992961236644,54.56669961169274,55.892269134521484,3341400
2012-02-06,55.4177937368314,55.470514972940045,54.785133157343864,54.96589660644531,1747500
2012-02-07,54.58930976076074,56.110697969326544,54.56671002203285,55.88474655151367,1821100
2012-02-08,55.877227167353404,55.91488191166922,55.08640283632817,55.432857513427734,1369300
2012-02-09,55.3725835108108,55.63619535903087,55.184292617043354,55.41024398803711,1188800
2012-02-10,54.762526122434046,55.22195639034354,54.649550430193905,55.04119873046875,1190500
2012-02-13,55.44790694244037,55.78682826789051,55.20689481749792,55.68891906738281,1128900
2012-02-14,55.538299991406554,55.538299991406554,55.01862084884925,55.432857513427734,1217300
2012-02-15,55.65879307429563,55.68892030885785,54.85290822484911,54.93575668334961,1282400
2012-02-16,55.02614931704311,55.30482201156121,54.883052092233655,55.131591796875,1716400
2012-02-17,55.39520690580677,55.575964632099584,55.17678868620173,55.41780090332031,1314000
2012-02-21,55.56088463706592,55.77177530371751,55.20690251838418,55.72658157348633,1232100
2012-02-22,55.71153329358599,55.82450902516881,54.76254519294842,54.82279968261719,1185000
2012-02-23,54.8830486471469,55.41026101321248,54.87551540015058,55.244564056396484,1377700
2012-02-24,55.432852946542276,55.6588043785583,54.99601657594256,55.07886505126953,980900
2012-02-27,54.61189315609004,55.07132340262459,54.46125699138405,54.8529052734375,1542900
2012-02-28,54.988478435200264,54.988478435200264,54.01689665942514,54.303096771240234,1653900
2012-02-29,54.31063936537287,54.529057546006925,53.85120901062253,54.00937271118164,1913100
2012-03-01,53.91144819290283,54.89055735846509,53.91144819290283,54.53657531738281,1783800
2012-03-02,54.40102403057768,54.64203621774157,54.129884601745324,54.566715240478516,1468400
2012-03-05,54.34075858344073,54.86797084080888,54.1524676706403,54.807716369628906,1171300
2012-03-06,54.31063413990157,54.84537967020356,53.75329461829122,53.941585540771484,1926400
2012-03-07,53.94159833011643,54.227798531517536,53.55748314825324,53.881343841552734,1479200
2012-03-08,54.19012833396819,54.19012833396819,53.51228557067579,53.84367370605469,1760100
2012-03-09,53.8285917389326,54.001816111507715,53.730676814608316,53.98675537109375,2472500
2012-03-12,53.9340413942327,54.49138080319816,53.888853420749,54.09220504760742,1266000
2012-03-13,54.65710617783578,55.018627392607236,54.22780296752361,54.7098274230957,2548000
2012-03-14,54.37842452970262,55.38013377141104,54.37842452970262,55.244564056396484,1834900
2012-03-15,55.093931345842584,55.59101644982656,54.83785267406982,55.25962829589844,2090500
2012-03-16,55.221957383992155,55.282211853762085,54.401011781561216,54.43113327026367,2317500
2012-03-19,54.19013069821097,55.357536834694955,54.19013069821097,55.161712646484375,2188400
2012-03-20,54.98094343640961,55.75670103399992,54.724870567613024,55.68891906738281,1949800
2012-03-21,55.85462446409467,55.937467187148364,55.297279171740485,55.47804260253906,1727000
2012-03-22,55.1014840129427,55.5157207878957,54.71736874299467,54.86046600341797,1816900
2012-03-23,54.86797880102909,55.116524221068346,54.61943338098984,54.79266357421875,1094800
2012-03-26,55.10147701513612,55.85464096069336,55.00356202465535,55.85464096069336,1559300
2012-03-27,55.80189925065648,55.93746895494826,55.28975341909131,55.312347412109375,1288900
2012-03-28,55.50944288157278,55.68378309890976,55.01673195818466,55.59281921386719,1489800
2012-03-29,55.23655228415011,55.47911684031652,54.99398772798369,55.410892486572266,1052400
2012-03-30,55.69134630447213,55.880849997745436,55.29717538387513,55.48667907714844,1387300
2012-04-02,55.53218263501608,56.51759870264216,55.39573969848992,56.244712829589844,1519800
2012-04-03,56.08550826597124,56.35081226489199,55.327493535801416,55.72924041748047,1934900
2012-04-04,55.206240986903865,55.89603171896672,55.168337918717405,55.661048889160156,1307500
2012-04-05,55.41846248024983,55.7368273082235,55.28960135224058,55.47152328491211,785400
2012-04-09,54.91817934698809,54.993985466518886,54.55433541929807,54.766578674316406,1104400
2012-04-10,54.683187880192165,54.789309490838534,54.12225854060505,54.24353790283203,1954200
2012-04-11,54.82722182266137,54.82722182266137,54.16016497635184,54.660457611083984,1177200
2012-04-12,54.645296094796734,55.357832013091375,54.357252489815714,55.350250244140625,1207300
2012-04-13,55.213795933424024,55.30475979248978,54.24353790283203,54.24353790283203,1452100
2012-04-16,54.36484978663178,55.08496189636271,54.32694671424725,54.910621643066406,1335600
2012-04-17,55.22898251151417,55.39574676445048,54.751435064357274,55.30478286743164,1279300
2012-04-18,54.97123020634561,55.09251534907615,54.66802891590708,54.842369079589844,1663500
2012-04-19,55.084959289658464,56.84355419761905,55.084959289658464,56.72985076904297,3129200
2012-04-20,56.760166263216604,57.21497993100072,56.72984496648459,57.07853698730469,2936000
2012-04-23,56.62371906676351,56.72984070575721,56.343257213649714,56.47211837768555,1657600
2012-04-24,56.52517050122288,57.23012458505533,56.32050902413365,57.03303909301758,1968600
2012-04-25,57.30593916351208,57.65462540798449,56.267462200225765,57.57124328613281,2594400
2012-04-26,57.13913523337433,58.38986040925239,57.101237975433854,58.33679962158203,1668800
2012-04-27,58.51118437529285,58.51118437529285,57.5333442531862,57.88203048706055,1390700
2012-04-30,57.836537747732535,58.10184179950855,57.42720901790901,57.58639144897461,1376300
2012-05-01,58.04120175609166,58.594555188131324,57.897177071753624,58.18522644042969,1876700
2012-05-02,57.99573572780173,58.35200374278764,57.71526806461797,58.23830032348633,1170300
2012-05-03,58.63244575664685,58.68550656324966,58.124577210135094,58.36714172363281,1450900
2012-05-04,58.26860025410907,58.48084347460529,57.707665133433025,57.94265365600586,1406800
2012-05-07,57.556049334991066,58.00327517714324,56.77529521517118,57.95021438598633,1351600
2012-05-08,57.52575903139736,57.92750606407589,57.03304811495939,57.47269821166992,1571100
2012-05-09,55.759596097397136,57.48786982300304,55.69895927680519,57.05580139160156,1889000
2012-05-10,57.4423649252534,57.95781525922546,57.237703458514886,57.57880783081055,1257000
2012-05-11,57.124017715671414,57.95783315906293,56.881453117899405,57.81380844116211,1482500
2012-05-14,57.268022812473355,57.571224118408765,57.05577380184668,57.214962005615234,1574400
2012-05-15,57.093678042182475,57.65460740964321,56.98755642626273,57.35140609741211,1746200
2012-05-16,57.457542777402196,57.798647234689234,56.9269287754941,57.048213958740234,1747800
2012-05-17,57.02546866820211,57.07852948470963,55.645881655811394,55.65345764160156,1739300
2012-05-18,56.28261149197467,56.28261149197467,54.448216653536434,54.59223556518555,2287800
2012-05-21,54.812074775690725,55.38058614990916,54.56193416626415,55.12286376953125,1842100
2012-05-22,55.27444998986837,55.69894230383976,54.758999581127945,54.978824615478516,2116300
2012-05-23,54.73625675362774,55.38056827986467,54.160163794350005,55.236549377441406,1775900
2012-05-24,55.36541287245167,55.562498379566705,54.76658036547551,55.51701354980469,1098200
2012-05-25,55.44120199893453,56.00971309882778,55.38814119427225,55.47152328491211,1377400
2012-05-29,55.65346711888361,55.84297089342342,55.2668835827237,55.661048889160156,1252700
2012-05-30,55.31233999960269,55.31233999960269,54.48610087351253,54.531585693359375,1415700
2012-05-31,54.569481444673904,55.19105332214535,54.167734543565906,54.82720947265625,1884400
2012-06-01,54.09951661039408,54.42546319519292,53.22021669486466,53.22779846191406,1795800
2012-06-04,53.303611153472694,53.40973278401777,52.90186415452418,53.0610466003418,1290100
2012-06-05,52.95491225279312,53.59164188315437,52.69718422393709,53.318756103515625,1581000
2012-06-06,53.75840587549539,54.82720947265626,53.55374443305699,54.82720947265625,2226000
2012-06-07,55.463945919682686,55.69893445886104,54.8575375015835,54.993980407714844,1855000
2012-06-08,54.76657059232274,55.221378326416016,54.35724189668057,55.221378326416016,1173000
2012-06-11,55.59281588546246,55.600397654561,54.04647041469007,54.091949462890625,1240000
2012-06-12,54.18292552676968,54.67563074825945,54.06164032670062,54.64530944824219,1179400
2012-06-13,54.379987827227886,54.5543338005024,53.834216168692635,53.993404388427734,975100
2012-06-14,54.16774474062102,55.228966770593956,54.14500521864646,55.03946304321289,1476800
2012-06-15,55.3275022363027,55.42604786796532,54.85753673093699,55.14558029174805,1727900
2012-06-18,54.895430213352334,55.2516980932701,54.52400458209919,54.7817268371582,855100
2012-06-19,55.062196878235724,55.50184686831849,54.93333574489243,55.40330123901367,1294000
2012-06-20,55.47910964678913,55.82021402169656,55.062199159062764,55.3275032043457,1154600
2012-06-21,55.630706949705264,55.812628886467145,54.09193779670739,54.12984085083008,1318200
2012-06-22,54.28144947079207,55.05462215294651,54.22080688856958,54.7893180847168,1515300
2012-06-25,54.06163268554392,54.22081515073797,53.546182224498295,53.61440658569336,1380300
2012-06-26,53.80391574937921,54.28146319291465,53.62198795672116,54.01615905761719,1599100
2012-06-27,54.205651046426006,54.53917369402304,53.8266435689604,54.43305206298828,1006300
2012-06-28,54.06918728464594,54.84235969608498,53.73565898239742,54.80446243286133,1204100
2012-06-29,55.97942991569435,56.206836823715555,55.50946412114077,56.191673278808594,2129300
2012-07-02,56.320514109936894,56.73741887000849,55.986985675323446,56.4266357421875,1076500
2012-07-03,56.267445652262694,56.835956797766435,56.07036016919362,56.79805374145508,574600
2012-07-05,56.71466187997862,56.71466187997862,55.706500900886326,55.72924041748047,1612100
2012-07-06,55.16832835717433,55.28961352779337,54.812060397474966,54.978824615478516,1364000
2012-07-09,54.978810112744426,55.11525300210126,54.57706321163643,54.82720947265625,998400
2012-07-10,54.89545358934542,55.206242564405606,54.00099551663081,54.01615905761719,2098300
2012-07-11,53.781161196547345,53.84938555287005,53.136849612053915,53.273292541503906,3424400
2012-07-12,53.030706197402175,54.50125652385711,52.93974235406094,54.21320724487305,2674300
2012-07-13,54.39515075347714,55.2365477537434,54.273865593743935,55.191062927246094,2116600
2012-07-16,54.96366243073628,55.07736582322845,54.61497626810314,54.73625564575195,965000
2012-07-17,54.88785718832999,55.06219736245839,53.978235912932476,54.57706832885742,2068100
2012-07-18,54.311771099105755,54.99398569535703,54.09194607458062,54.728675842285156,1254700
2012-07-19,54.68320291289352,55.069792191205906,54.19807376423296,54.304195404052734,1806200
2012-07-20,53.94034735983958,54.03888722274467,53.40215164872543,53.65229797363281,1809400
2012-07-23,52.84122963349861,53.09137599360837,52.67446539342543,52.9776725769043,2426900
2012-07-24,53.098956974797744,53.15959378403596,52.28788109637789,52.43190002441406,2097200
2012-07-25,53.9706567077456,55.16073982842634,53.52343070808342,54.81205368041992,3278800
2012-07-26,55.350253467846,55.74442451150913,54.66804458562121,54.759002685546875,1763500
2012-07-27,55.331407021781324,56.476194753266455,55.1406090665338,56.14038848876953,2058000
2012-07-30,55.94194213600798,56.323537905495925,55.667192716161516,56.13274002075195,1214800
2012-07-31,55.987735247716216,56.33880267876001,55.79693735110396,56.094581604003906,2415200
2012-08-01,56.2167091004595,56.674623002216954,55.70536618451735,55.79695129394531,1545000
2012-08-02,55.354291003018346,55.66720238322898,54.842953980552075,55.3771858215332,1452000
2012-08-03,56.06404826611994,56.521962012811414,56.041153452188745,56.21669006347656,1683100
2012-08-06,56.300644411479446,56.72040214024919,56.14037486668284,56.239593505859375,1208900
2012-08-07,56.31590152169895,56.45327622469915,55.74350789631296,55.87324905395508,1916000
2012-08-08,55.560340761925076,56.28537032173978,55.560340761925076,55.94193649291992,1701700
2012-08-09,55.84273678087984,56.00300634343135,55.613782758387984,55.80458068847656,1296900
2012-08-10,55.36193991067599,55.59089398203993,55.20929804040805,55.51457595825195,1131600
2012-08-13,55.32377559563415,55.499312283180345,55.026131239844645,55.29324722290039,1014900
2012-08-14,55.46876911383966,55.62903866092031,55.041383654957954,55.18638610839844,805900
2012-08-15,55.2321706324252,56.12510328482674,55.22453708711632,55.64429473876953,939600
2012-08-16,55.598499647954675,55.92667222608354,55.4305965862112,55.87324905395508,898100
2012-08-17,56.09459239393183,56.34644706335039,55.60615015046661,56.064064025878906,1495000
2012-08-20,55.87327696820821,56.56778437554274,55.87327696820821,56.544883728027344,1350600
2012-08-21,56.567769766945105,56.697510955900256,56.07932755454532,56.57539749145508,2153100
2012-08-22,56.49142541622766,56.857759853778504,56.36931781883628,56.70512390136719,1470500
2012-08-23,56.64407081922839,56.682226898430834,56.384582696283616,56.567752838134766,1486300
2012-08-24,56.34644543683871,56.979895954597296,56.34644543683871,56.66698455810547,1506100
2012-08-27,56.705137847596006,56.77382229626704,56.36169813617145,56.407493591308594,956100
2012-08-28,56.186162870753584,56.6288095355567,56.03352107022724,56.37696075439453,1189300
2012-08-29,56.3998512444475,56.43037960221206,56.025889051537106,56.201419830322266,798900
2012-08-30,55.82747083608492,56.28538466543516,55.82747083608492,56.10984802246094,974000
2012-08-31,56.39984841626395,56.7051261559125,56.07167586511226,56.27010726928711,1167200
2012-09-04,56.178524443840324,57.01803389437969,56.178524443840324,56.926448822021484,1294300
2012-09-05,57.0180533633317,57.10200491931998,56.605929131032184,56.72804260253906,2040000
2012-09-06,56.9875098671585,57.33857727050781,56.9875098671585,57.33857727050781,1609500
2012-09-07,57.53701435342243,57.56754271619574,57.20120818560585,57.29279327392578,1183000
2012-09-10,57.33095370126812,57.41490524105242,56.99514754213091,57.0943603515625,2025000
2012-09-11,56.903553887915436,57.338572790981196,56.82723590579121,57.30804443359375,1810600
2012-09-12,57.392000773174324,57.78123008414099,57.13251844765607,57.659122467041016,1601800
2012-09-13,57.57517081067449,58.80390963817225,57.27752658018142,58.7962760925293,1932100
2012-09-14,58.21625301083432,59.414463563056124,58.21625301083432,58.78864669799805,1775900
2012-09-17,58.70468816040132,58.773378422471644,58.14756163201162,58.30019760131836,1243900
2012-09-18,58.345967459316455,58.83440938283531,58.07121814950122,58.6512451171875,1046200
2012-09-19,58.6741561142524,58.7657411836936,58.147557977359256,58.15518569946289,1275000
2012-09-20,57.8193836194035,58.31545920702571,57.43015436478443,58.246768951416016,1520400
2012-09-21,58.5291620370376,58.552056851987196,57.933873557590246,57.949134826660156,1828300
2012-09-24,57.85756411926712,58.23915999040897,57.628610090196545,58.063629150390625,1354400
2012-09-25,58.29256701220763,58.5138932548087,57.43016267878079,57.659122467041016,2633300
2012-09-26,57.90494117182195,58.35816677890089,57.6053538471008,57.77435302734375,1641700
2012-09-27,58.00480740658836,58.12771217153195,57.643764769633314,58.02016830444336,939400
2012-09-28,57.78970452722094,58.312062827912236,57.4747505270734,58.07392501831055,1415100
2012-10-01,58.242930083638605,59.27996341333698,58.189158158712026,59.10328674316406,2129900
2012-10-02,59.218551339822774,59.36450632575624,58.980419192840415,59.19550704956055,1734300
2012-10-03,59.37216571014341,59.564209198973984,59.08026171697373,59.42593765258789,1719200
2012-10-04,59.75624088555865,60.18641634015198,59.55651405562559,59.81001281738281,1468300
2012-10-05,60.055840394066315,60.37078866992726,59.88684118524728,60.01742935180664,1336400
2012-10-08,59.955971651676755,60.1096040782031,59.763928188168116,59.97133255004883,656800
2012-10-09,59.963644986869056,60.10959988437685,59.42592567084193,59.48738098144531,1164900
2012-10-10,59.54116089028927,59.77929292490574,59.41825025261511,59.564205169677734,978800
2012-10-11,59.77927466475535,60.01740662663214,59.37214355804988,59.87913513183594,1073800
2012-10-12,59.84072512745727,60.032768529111046,59.11864006181521,59.15705108642578,958100
2012-10-15,59.39519142771523,59.710145464098666,59.24923654639605,59.6640510559082,752800
2012-10-16,59.97130639395537,60.63193608915187,59.88680683800939,60.45525360107422,1018100
2012-10-17,60.59355419347149,60.95459685865032,60.44760513998554,60.90850830078125,922500
2012-10-18,61.48463443910463,63.020982108665365,61.30027435975369,62.75979995727539,3023500
2012-10-19,62.71372382706162,63.044038875885164,61.56146284661237,61.85336685180664,1657800
2012-10-22,60.80096377603411,62.306583877596815,60.80096377603411,62.1375846862793,1367200
2012-10-23,61.22348267187269,61.761208139503566,60.877806618948966,61.64598083496094,2821400
2012-10-24,61.72276742364829,62.875028193949255,61.123592760804,61.254180908203125,2632300
2012-10-25,61.44624593709229,61.94556028495192,60.91620978199204,61.461612701416016,1848700
2012-10-26,61.400116683893266,61.43852770854932,60.524399240170844,60.95457458496094,1570300
2012-10-31,60.5321241123259,60.96998313434174,60.16339794924247,60.41689682006836,2377300
2012-11-01,60.72413321133109,61.11589757786598,59.82536552994467,60.17104721069336,1960700
2012-11-02,60.30934279897145,60.38615902736333,59.103309845041125,59.533485412597656,2188200
2012-11-05,59.68710984325848,59.88683669878214,58.99575801999512,59.863792419433594,1413200
2012-11-06,59.85609684736811,60.84704168242294,59.61028148321734,60.716453552246094,1601900
2012-11-07,59.93290700385302,60.293949565556346,59.42591543049301,59.82536315917969,2194700
2012-11-08,59.8637590461981,60.40147813356555,59.5641718602793,59.932891845703125,1671600
2012-11-09,59.717859795338164,60.5859003795185,59.46436676717332,60.032814025878906,1328000
2012-11-12,59.863768940217085,60.04045144709541,59.31068300997126,59.57186508178711,1143500
2012-11-13,59.333750622537686,59.85610911096891,59.034163269244964,59.049530029296875,1138900
2012-11-14,59.04952401298237,59.303016920993784,58.342799640144136,58.45802688598633,1213000
2012-11-15,58.47340710361109,59.45666888781159,58.350496450234765,58.941993713378906,1753200
2012-11-16,58.95732016441986,59.456634145769755,58.404234268813774,59.379817962646484,1158800
2012-11-19,59.802337812994026,60.578195104279374,59.556522395845434,60.071197509765625,1604200
2012-11-20,60.07118517525649,60.45527205197987,59.75623698390765,60.409183502197266,1336400
2012-11-21,60.301646721240616,60.48600680270409,59.84842696666347,60.470645904541016,1008300
2012-11-23,60.72412840816451,61.33098042456871,60.68571738199727,61.30025863647461,410700
2012-11-26,60.854732088505564,61.00068699244108,60.3477345447514,60.670372009277344,1027900
2012-11-27,59.5949178655716,60.770222704893264,59.5949178655716,60.24018096923828,1056400
2012-11-28,60.02511948669065,60.77793263049379,59.810031691519136,60.67806625366211,1400600
2012-11-29,60.854754631984655,61.33101883481344,60.670394484460715,61.162025451660156,1133200
2012-11-30,61.06983498052689,61.13129030908852,60.54747640915843,60.862430572509766,1373300
2012-12-03,60.97765198768444,61.38478914387822,60.81633614573719,60.862430572509766,1019100
2012-12-04,60.96994400024415,61.25416449658597,60.81630575561364,60.96994400024414,1485500
2012-12-05,61.11589399088997,61.80725145111042,61.09284971899927,61.69202423095703,1799200
2012-12-06,61.7150783435385,61.9071217875162,61.51535738150627,61.876399993896484,1310000
2012-12-07,62.037731258726,62.37572381916169,61.776549062200594,62.19904708862305,1377500
2012-12-10,62.03771272067631,62.368027662437946,61.74580294939363,62.08380126953125,1310200
2012-12-11,62.16830025149892,62.21438879991049,61.21576646655698,61.384765625,2273500
2012-12-12,61.653637826778265,62.55239986822089,61.54609395142795,62.12990188598633,2021700
2012-12-13,62.24583604924796,62.36176565293382,61.55026432355742,61.643009185791016,1389200
2012-12-14,61.42660016435072,61.627538487725175,61.047896462342145,61.302940368652344,1369000
2012-12-17,61.84394970441147,62.88731027763018,61.80531043278194,62.52406692504883,1822300
2012-12-18,62.64769888141185,62.98002716230151,62.19944692985824,62.864097595214844,1960800
2012-12-19,63.10370051726359,63.27372979938531,62.55497340450422,62.59361267089844,1685300
2012-12-20,62.524050743061586,63.15006220783358,62.35402148190789,63.09596252441406,1298900
2012-12-21,62.871838417625575,63.09596737944478,61.83621414207172,61.88258361816406,2635400
2012-12-24,61.68935557545413,62.08351372186418,61.61980137713479,61.86711502075195,472500
2012-12-26,61.936648563740164,62.13759267479799,61.588865895281195,61.82844924926758,787600
2012-12-27,61.91351849158248,62.04490264707294,60.901078628269815,61.534820556640625,1068300
2012-12-28,61.14065101984784,61.53480931070954,60.96289150940448,61.03245162963867,966800
2012-12-31,60.90877281713284,61.697089152983985,60.63054421582335,61.67390441894531,1133800
2013-01-02,62.7558917194297,63.2118797302246,62.26126445456811,63.21187973022461,1668900
2013-01-03,63.250549908299284,63.598338743470535,63.09598102361761,63.54423904418945,1396200
2013-01-04,63.55196295911032,63.67561687531609,63.1809894176442,63.621517181396484,1995200
2013-01-07,63.29690595492725,63.544219632723625,62.578149657515404,62.84864807128906,1249000
2013-01-08,62.60135287033205,62.779112392662434,61.66619756588944,61.82076644897461,2192300
2013-01-09,61.98304255135504,62.45448513522663,61.92894287270204,62.32310104370117,1281200
2013-01-10,62.62453446746154,63.459220545614194,62.47768990840932,63.405120849609375,2347200
2013-01-11,63.436032153599164,63.992489507013524,63.29691781524558,63.96157455444336,1177600
2013-01-14,63.86882130276037,64.27843405173908,63.675607296908254,64.17023468017578,892800
2013-01-15,63.768360788794894,64.55667144513237,63.62924644986189,64.4716567993164,1195600
2013-01-16,64.22430844975833,64.34023798577367,63.961540338116585,64.10065460205078,1113500
2013-01-17,64.25523086631406,64.51027469595553,63.92290263580538,64.32479095458984,962100
2013-01-18,64.15480402868668,64.41757234414881,63.88430549911517,64.33255767822266,1436700
2013-01-22,64.71897246201995,65.57684326171875,64.65714845119555,65.57684326171875,1990100
2013-01-23,65.31405710989094,65.538186039957,65.05128302427377,65.42225646972656,1017400
2013-01-24,65.58455969284486,66.01735715979372,65.4608999043319,65.93234252929688,1671500
2013-01-25,66.17192523800846,66.249209649842,65.54590794038464,65.95552062988281,1229200
2013-01-28,66.14873539173841,66.14873539173841,65.36815515761795,65.42998504638672,1090800
2013-01-29,65.36817177788205,66.0637434623273,65.36817177788205,65.64640045166016,1590800
2013-01-30,65.15948874967697,65.31406349055922,64.10067978264489,64.84262084960938,2793700
2013-01-31,64.91991487409129,65.97099968186195,64.91991487409129,65.94781494140625,3704300
2013-02-01,66.5351937003958,66.97572743649548,65.90918200623379,66.14876556396484,2173800
2013-02-04,65.6695940754922,65.86280813084133,65.29862049479485,65.30635070800781,1927100
2013-02-05,65.34497967701995,66.32650424042247,64.40209437725262,66.20285034179688,2620200
2013-02-06,65.80872473373294,66.21060747398893,65.66961034356231,66.16423797607422,2368300
2013-02-07,66.19511627672367,66.32650037899674,65.50727492197261,65.87824249267578,1905900
2013-02-08,65.77004541843891,66.64337648539818,65.70049120766699,66.62018585205078,1796900
2013-02-11,66.41153526979505,67.06073166479334,66.1255763454696,66.78250885009766,1333900
2013-02-12,66.72837654377811,67.20754933144184,66.54289277608554,67.09934997558594,875500
2013-02-13,67.15342334879399,67.22298341969545,66.65879623108277,66.97566986083984,839700
2013-02-14,66.56608993452662,67.00661765028497,66.55836561939707,66.80567932128906,1201400
2013-02-15,66.97571058407684,67.04526480084898,66.52745264346544,66.85205078125,1052700
2013-02-19,67.01435291465867,67.30803611516643,66.78249961839177,67.19983673095703,1224900
2013-02-20,67.27712217564863,67.55535082811095,66.42697579511172,66.44243621826172,1658400
2013-02-21,66.4192591442785,66.82887195866341,66.24922984855093,66.58155822753906,2008600
2013-02-22,66.890656275724,67.13796983828993,66.81336599658053,66.99885559082031,1222700
2013-02-25,67.1225158919609,67.16116103525655,65.23675200683705,65.24447631835938,1373100
2013-02-26,65.52273599669594,65.9632637162043,65.38362166967099,65.71595001220703,1575900
2013-02-27,65.49182385050032,66.31105532090878,65.46090889912415,66.2878646850586,1383600
2013-02-28,66.15647018953365,66.58927354450488,65.99417114257812,65.99417114257812,1285200
2013-03-01,65.800950975342,66.24147860329555,65.4686227018737,66.21056365966797,1030100
2013-03-04,65.96325732200269,66.35741552643596,65.83960343020246,66.29558563232422,977300
2013-03-05,66.5737922124401,67.30800279849598,66.5737922124401,67.04523468017578,814800
2013-03-06,67.3311827331685,67.50120601404019,66.86746465094643,66.97566986083984,1160600
2013-03-07,66.99117081236068,67.23848454263755,66.8984259523477,66.9448013305664,874300
2013-03-08,67.238438831915,67.42392252941912,66.9138408871777,67.22298431396484,1302000
2013-03-11,67.16119853480068,67.50898143296263,66.96025429102357,67.50125122070312,1099700
2013-03-12,67.51669406339512,68.41320387003859,67.42394922970534,68.042236328125,1952900
2013-03-13,67.99588485340608,68.51369704491934,67.87995525472081,68.47505187988281,937700
2013-03-14,68.56003753706207,68.83053588867188,68.46729271804364,68.83053588867188,951500
2013-03-15,68.61414749782382,68.71462254093471,68.21226501464844,68.21226501464844,2131000
2013-03-18,67.6326016340359,68.28952777717868,67.59395649179538,67.78717041015625,972600
2013-03-19,67.83354849925875,68.12723746626469,67.48576576050304,67.81036376953125,1327700
2013-03-20,68.22000127504388,68.53687508738781,68.05770221131543,68.35911560058594,935500
2013-03-21,68.05769671752832,68.44412471323797,67.70991387995893,67.77174377441406,844000
2013-03-22,68.00360019982065,68.2586441040039,67.87221609030452,68.2586441040039,1088800
2013-03-25,68.50596450568332,68.76873864687256,68.04998223514714,68.37458038330078,986500
2013-03-26,68.45229079872203,68.68543536574062,68.13365218242086,68.61549377441406,1367600
2013-03-27,68.26574730293231,68.74758874862731,68.11031763877862,68.65432739257812,954900
2013-03-28,68.7476055966436,69.20613329801336,68.37457193955053,69.14395904541016,1490200
2013-04-01,69.24500082944276,69.40043649029039,68.74761857325876,68.93413543701172,718000
2013-04-02,69.33824695296344,69.563624164601,68.8486321407201,69.12841033935547,1190700
2013-04-03,69.18280819835529,69.43149926042443,68.28130532182811,68.39788055419922,1236100
2013-04-04,68.50669243317392,69.32270731928784,68.50669243317392,69.21390533447266,1804600
2013-04-05,68.48336743992849,69.19835348945385,68.39787933300018,69.15172576904297,1802800
2013-04-08,69.10509556323902,69.99883113431652,69.04292131341768,69.97551727294922,1370700
2013-04-09,70.33303988859551,70.85373610894597,70.0532615760234,70.35635375976562,1298500
2013-04-10,70.40295403587886,70.75267975478853,70.06100751001142,70.67496490478516,1150000
2013-04-11,70.88477917826539,71.71634033219307,70.80706434625807,71.42879486083984,1531500
2013-04-12,71.26562764884665,71.49100494384766,70.86927999522959,71.49100494384766,1070900
2013-04-15,71.31224197556156,71.31224197556156,68.98076070980194,69.01961517333984,2243400
2013-04-16,69.610240979709,69.92110625495239,69.17503315192543,69.84339141845703,1335500
2013-04-17,69.50145662511275,69.60248534521766,68.8020110609849,69.09733581542969,1515900
2013-04-18,69.34600540706839,69.44703409584211,68.49889772842445,68.65432739257812,1016700
2013-04-19,68.57662491166055,69.29938424574657,68.46004967791842,69.19058227539062,1412000
2013-04-22,69.23720899089122,69.60247528431854,68.67765854973429,69.3770980834961,1213700
2013-04-23,70.30970912095056,71.30447358025445,69.73461202965247,69.94444274902344,2281400
2013-04-24,70.13096219033093,70.2630839821943,69.39266208355697,69.58695220947266,1845400
2013-04-25,69.85118127235877,69.96775652931785,69.40043270365496,69.55586242675781,1663500
2013-04-26,69.61026786990242,69.81233126625627,69.08957174205234,69.12065887451172,1306700
2013-04-29,69.23721074234169,69.43927408771857,68.87195036893719,69.10509490966797,1272000
2013-04-30,69.13619577595408,69.27608489990234,68.8486442630427,69.27608489990234,1477600
2013-05-01,68.99631715402984,69.43152519288404,68.5455625827795,68.62328338623047,1236800
2013-05-02,68.77871890376318,68.92638132758813,68.53002772794842,68.89529418945312,975200
2013-05-03,69.49365973494959,69.913326930752,69.42371816694659,69.86669921875,1782000
2013-05-06,70.05323309240343,70.67496374071604,69.72682717020761,70.472900390625,1505200
2013-05-07,70.48844614553407,71.13349070272825,70.30192930910005,71.02468872070312,1416700
2013-05-08,71.06354206369414,71.70858062764314,70.95474009246117,71.70081329345703,1223600
2013-05-09,71.65417996301268,71.84070271104426,71.03245525736237,71.32777404785156,1903900
2013-05-10,71.27339249174709,71.42105489187715,70.690522086094,71.18790435791016,1245000
2013-05-13,71.0479965209961,71.20343214581264,70.76045099129543,71.0479965209961,919700
2013-05-14,71.04022001689471,72.03498417026601,71.02467349178838,71.98058319091797,1061900
2013-05-15,71.8484787143608,72.01945495605469,71.27338166169693,72.01945495605469,1567300
2013-05-16,72.01946704565243,72.3147918506126,71.42882929426108,71.58425903320312,1523400
2013-05-17,71.82514106517873,72.12823305535197,70.91586509465901,71.22673034667969,3063800
2013-05-20,71.07908383657632,71.42103628282692,70.56616109646325,70.75267791748047,1387600
2013-05-21,70.6827593461443,71.00139806139798,69.8745174810328,69.95223236083984,1564400
2013-05-22,69.88226449770364,70.38741996345485,69.34602783247983,69.59471893310547,2512700
2013-05-23,69.21387857482839,69.7345803628586,68.88747274657867,69.25273895263672,2179200
2013-05-24,68.98851917339451,69.80453988317984,68.76314789777115,69.77345275878906,1412600
2013-05-28,70.43404500474065,70.58948064249124,69.28385093170289,69.56362915039062,1766300
2013-05-29,69.19836193953245,69.54808174384478,68.85640947006209,69.26053619384766,1432500
2013-05-30,69.52476596999897,70.23975208718363,69.25276102642471,70.02214813232422,988000
2013-05-31,70.28638326653247,70.58947532573828,69.68796648247587,69.69573974609375,2116500
2013-06-03,69.67242743661937,69.7579155505319,68.56886114881048,68.84086608886719,2267900
2013-06-04,68.82528654384208,69.41592979409043,68.61545595624946,69.00403594970703,1416800
2013-06-05,68.93410639819113,68.93410639819113,68.2268937093598,68.27352142333984,1623900
2013-06-06,68.2968537818544,69.175048828125,67.94713397374205,69.175048828125,1518800
2013-06-07,69.79679528135492,69.86674282227332,69.04294851078899,69.8511962890625,2708100
2013-06-10,69.88226805583993,70.18536016487023,69.56363534628206,70.1231918334961,1411100
2013-06-11,69.48592424238211,70.0221609639046,69.3227153170664,69.50146484375,1425200
2013-06-12,69.78900149655348,70.07654703006791,68.56108672589943,68.63880157470703,1061300
2013-06-13,68.58439841483988,69.80453988317984,68.25021923921746,69.77345275878906,1139600
2013-06-14,69.69575516465643,69.9211324253315,68.79424612195615,68.81756591796875,1193100
2013-06-17,69.26830440329617,69.66465786798102,68.98075884966839,69.56362915039062,1338500
2013-06-18,69.65687144701263,70.09985255472088,69.56361601123965,70.06877136230469,913800
2013-06-19,70.09986554693712,70.19312692925723,68.77092197750771,68.78646850585938,1438600
2013-06-20,68.16472798932918,68.45227942975022,67.10001626272822,67.20882415771484,2775700
2013-06-21,67.5740790523095,67.69065427167084,66.66480301396265,66.95235443115234,3006200
2013-06-24,66.40833174348091,67.10777705693607,65.84878142197812,66.67256927490234,2071600
2013-06-25,67.03782521944248,67.37200426637962,66.74250061608475,67.1310806274414,1634100
2013-06-26,68.02482320022955,69.05844756530695,67.84607969604988,68.85638427734375,2174200
2013-06-27,68.98853314389808,69.59472329838044,68.80201628904561,69.57140350341797,1670900
2013-06-28,69.3537909596037,69.90557412034734,68.93412364102477,69.54031372070312,1511100
2013-07-01,69.84339918015615,70.27083379301243,69.62578931281942,69.76567840576172,1064700
2013-07-02,69.72682272807315,70.16203059660815,69.01960401244125,69.15172576904297,1185000
2013-07-03,68.88751145837477,69.36157987358865,68.69322131867285,69.16728973388672,593300
2013-07-05,69.79676548120165,70.03768920898438,69.1828081253402,70.03768920898438,964800
2013-07-08,70.20868070598961,71.14905018207706,70.20868070598961,71.08687591552734,1278100
2013-07-09,71.654178289687,71.84846836740228,71.2500575369148,71.7940673828125,1363800
2013-07-10,71.69303877412136,71.7707536194603,70.72158838422811,71.30445861816406,1288000
2013-07-11,72.24482253450284,72.24482253450284,71.40548796705536,71.70858001708984,1458200
2013-07-12,71.7163682689711,72.71890600140576,71.7163682689711,72.66450500488281,1350500
2013-07-15,72.76552567702073,73.02199003049157,72.38471874351946,72.84324645996094,1126700
2013-07-16,72.92871974681537,73.29398603670204,72.33030892435562,72.44688415527344,1077800
2013-07-17,72.67225520578089,73.27843924015487,72.61785422652328,73.2318115234375,1422300
2013-07-18,73.32508403214368,74.03230285644531,73.20074144885426,74.03230285644531,1094000
2013-07-19,74.05572955028559,74.21200181343231,73.46190687268268,74.02447509765625,977900
2013-07-22,73.8369717434627,74.69644852919319,73.79790217817457,74.68082427978516,1102000
2013-07-23,74.66519156176614,74.68082177182798,72.73527194044641,72.84466552734375,2063800
2013-07-24,73.30566462037622,74.14170212866686,71.63358960379496,71.78985595703125,2175000
2013-07-25,71.5398181549322,72.24302858762509,71.12570700045157,72.21958923339844,1447300
2013-07-26,72.00862962160907,72.24302912680372,71.39917660127425,72.1414566040039,1451400
2013-07-29,72.1961405806655,72.1961405806655,71.57887850042307,71.71952056884766,1027400
2013-07-30,72.00863939260722,72.28991764477229,71.14915654006596,71.36012268066406,888700
2013-07-31,71.62575260825037,71.84452782039304,71.27415044033212,71.39916229248047,1249300
2013-08-01,72.01643876562385,72.37585610919855,71.852357323634,72.1414566040039,850500
2013-08-02,72.03986406170797,72.13362742219543,71.64919233477642,71.84452819824219,1335100
2013-08-05,71.82891866356094,72.09457263091853,70.86005425146459,71.07101440429688,1323200
2013-08-06,71.06318863143825,71.06318863143825,70.00837610326174,70.3990478515625,1986400
2013-08-07,70.31308606517145,70.45372810595404,69.71145431143164,70.14118957519531,1215700
2013-08-08,70.40687352036045,70.71159705286524,69.98494725354334,70.21935272216797,1053400
2013-08-09,70.18025333903259,70.46935249934756,69.75051214953413,70.11774444580078,1221600
2013-08-12,69.92243017023122,70.53187716408719,69.57864307387898,70.1802749633789,855600
2013-08-13,70.21931893563145,70.78188105952803,69.68019019390775,70.5943603515625,1269200
2013-08-14,70.46939738550556,70.90694799447792,70.38344909286027,70.74286651611328,1169300
2013-08-15,70.03962707519531,70.31309609316989,69.42236502823698,70.03962707519531,1385300
2013-08-16,70.10213389898674,70.71939592759938,69.88335869110931,69.96930694580078,1239600
2013-08-19,69.75052852783783,69.96930970552172,69.43799591064453,69.43799591064453,908900
2013-08-20,69.48486739195964,70.18026252696953,69.29734664889034,69.88335418701172,773100
2013-08-21,69.7114741936191,70.5787660322732,69.3208024090426,69.82086181640625,1246300
2013-08-22,69.7583454650234,70.98505449939813,69.64114274990679,70.78971862792969,767200
2013-08-23,70.78189247539142,70.9303496221112,70.19588495245767,70.6646957397461,680800
2013-08-26,70.66469076368831,70.71938455686364,70.0630530775834,70.13337707519531,885700
2013-08-27,69.36766224323607,69.74270967731144,69.0785690164552,69.10981750488281,1033900
2013-08-28,68.89108575193423,69.12549129116184,68.50822893496425,68.71138000488281,1720600
2013-08-29,68.64883381318096,69.48487103967612,68.5003766548201,68.96137237548828,763400
2013-08-30,69.00824881727185,69.07857282305102,68.2894143202906,68.53944396972656,1211000
2013-09-03,69.2973510446808,69.69583190383307,68.64101946053927,68.97699737548828,1232200
2013-09-04,69.0473148395526,69.45361076366024,68.75821565045321,68.93792724609375,1478300
2013-09-05,68.89887739992142,69.30517344023681,68.82855337762582,68.90669250488281,1093800
2013-09-06,69.10202840066835,69.46144573357232,68.06284000440647,68.90669250488281,950200
2013-09-09,69.05513756481251,70.06307141238943,68.98481950997544,69.93024444580078,1026500
2013-09-10,70.35219760033476,70.4537701499457,69.77400484815364,70.3287582397461,871600
2013-09-11,70.28183574777535,72.06330368947776,70.2427721548694,72.05548858642578,1818200
2013-09-12,71.94611745814225,71.94611745814225,71.02413180578979,71.1413345336914,1247500
2013-09-13,71.41479519358548,71.84453053045374,71.22727442770073,71.6257553100586,962700
2013-09-16,72.65714928628215,72.65714928628215,71.96956897353952,72.19615936279297,922400
2013-09-17,72.23521484608798,72.57119283909589,72.14145742741145,72.5086898803711,844500
2013-09-18,72.60245067859196,73.76665701156658,72.36023605416456,73.71977233886719,1171200
2013-09-19,73.84478054190784,74.6026847388092,73.83696543728193,74.50110626220703,1367500
2013-09-20,74.57144160142487,74.93085897345942,74.11826084318078,74.21983337402344,1828600
2013-09-23,74.1416901970628,74.39171989871122,73.55568252496387,73.70413970947266,1386800
2013-09-24,73.54004891213116,74.6183007454658,73.54004891213116,73.96197509765625,1160500
2013-09-25,74.04010253057771,74.60267073447413,73.88383027328588,74.43858337402344,1111800
2013-09-26,74.78422923069914,74.78422923069914,74.01439490840151,74.36788940429688,942100
2013-09-27,74.16365904570763,74.3129092301364,73.84158118716842,74.09295654296875,755300
2013-09-30,73.33096902697437,73.75516603884739,72.99318285047887,73.49593353271484,1232600
2013-10-01,73.62948070187554,74.22649338586653,73.50379003581796,73.85728454589844,797400
2013-10-02,73.59808809961059,73.9437255859375,73.18174808642965,73.9437255859375,963200
2013-10-03,73.61375324957784,73.84156304625212,72.404007774097,72.49827575683594,1446200
2013-10-04,72.49829061598503,72.97747580491654,72.2940462748189,72.96176147460938,921600
2013-10-07,72.56113291600514,73.00889541885678,72.19978124644598,72.63968658447266,891700
2013-10-08,72.68683190595748,72.7968082621291,71.57921117786834,71.61063385009766,1044100
2013-10-09,71.9719754177246,72.16050543119015,71.10786703671359,71.49279022216797,1000900
2013-10-10,72.16835037601948,73.20527426438692,72.16049321208774,73.18955993652344,883900
2013-10-11,73.06391286823033,73.97514657552165,72.7654004178527,73.92015838623047,698500
2013-10-14,73.58233769038425,74.28147548171026,73.44093869925875,74.23434448242188,725100
2013-10-15,73.8808724939913,74.36790895027531,73.65306260597434,73.67662811279297,822000
2013-10-16,74.06153570551805,75.4441031932347,74.00654753236655,75.21629333496094,1245200
2013-10-17,74.92562972280732,76.1903635565082,74.72924255599986,76.11966705322266,874100
2013-10-18,75.82900878234453,76.19036043527575,75.4597999649499,76.17465209960938,1431800
2013-10-21,76.26105860100068,76.73238655662936,76.23749310220826,76.57527923583984,1068400
2013-10-22,76.96806679602837,77.29013865713195,76.7402569463399,76.82666778564453,1690300
2013-10-23,74.88636916521232,77.03877121700054,74.88636916521232,75.64049530029297,1728400
2013-10-24,76.02538781015832,76.26105477277248,75.86042333363234,75.99396514892578,946500
2013-10-25,76.19822403502125,76.38675404524226,75.39696699663627,75.52265167236328,1049000
2013-10-28,75.46768850995407,75.60908756278903,75.1613248943555,75.27130126953125,1285000
2013-10-29,75.5776409090144,75.86043892496997,75.34983106320234,75.71903991699219,909000
2013-10-30,75.9232587710282,76.03323507439347,75.30267477731898,75.60118103027344,1348700
2013-10-31,75.57763286875367,75.66404369739519,74.96490589712137,74.97276306152344,1161700
2013-11-01,74.97277481991534,75.47552554180949,74.69782796206522,75.30270385742188,1321700
2013-11-04,75.47551323844112,75.86043038611952,75.38124524597971,75.78973388671875,1174800
2013-11-05,75.72691167847589,75.95472156819794,75.341994413279,75.89187622070312,845000
2013-11-06,76.20609650716597,76.83453199855268,75.9311556051054,76.81096649169922,942000
2013-11-07,76.63026940339266,76.98376388105257,76.43388225063488,76.51243591308594,2037900
2013-11-08,76.60669387235455,77.25084345971295,76.34746739925737,77.2037124633789,1485700
2013-11-11,77.27440732304227,77.73002089356895,77.19584767922721,77.3922348022461,1146300
2013-11-12,77.14877168508127,77.26660524154524,75.30273261135805,75.73478698730469,2667500
2013-11-13,75.56976784109544,76.51242969366336,75.56191667077073,76.43387603759766,1597500
2013-11-14,76.65384821779264,77.27443244749571,76.39461569274047,77.21944427490234,843400
2013-11-15,77.2194309795987,77.5493599583532,77.04660932598625,77.53364562988281,1019800
2013-11-18,77.57293142683474,78.08353926272682,77.19586542691515,77.3215560913086,884000
2013-11-19,77.1958814406085,77.59651302489463,77.06233957693378,77.41584014892578,1033300
2013-11-20,77.7378957838014,77.7850267862306,76.65384077510475,76.86593627929688,922800
2013-11-21,77.21162042847364,80.03173877213959,77.10950120480734,79.75679779052734,2750100
2013-11-22,79.70178659687089,80.73085368537473,79.45826836817447,80.5894546508789,1684000
2013-11-25,80.84081279813519,80.84866396932732,80.33020498740565,80.48731231689453,863400
2013-11-26,80.33807496971106,81.08434994267422,80.14168776523579,80.61302185058594,1340000
2013-11-27,80.64442549950599,81.35141447423786,80.51873484152495,81.02934265136719,1121700
2013-11-29,81.16290558720297,81.75206721486653,80.60516663220622,80.73870849609375,617000
2013-12-02,80.58946462238065,80.7701435195275,79.83533834284736,79.96102905273438,1417900
2013-12-03,79.66251262324197,80.07099539265734,79.00264846555602,79.65465545654297,1424200
2013-12-04,79.51321862293611,80.34589809932208,78.68839031625463,79.37967681884766,1001600
2013-12-05,79.05761874688847,79.30113692006417,78.31920106918045,78.62556457519531,1080700
2013-12-06,79.40327679629839,80.2438138006614,79.34828861819098,80.08670043945312,1031100
2013-12-09,80.13382252550899,80.36163236190198,79.52894668567843,79.8117446899414,1063000
2013-12-10,79.53681182861328,79.89816353847043,79.43469264754324,79.53681182861328,921400
2013-12-11,79.45040481856162,79.61536934667677,78.31136146065438,78.47632598876953,1321900
2013-12-12,78.42130054260063,78.7590866043766,78.13850263072965,78.21705627441406,1461300
2013-12-13,78.31136564710657,78.56274103575771,77.91073406125999,77.97357940673828,1121000
2013-12-16,78.00498941425874,78.5234484471204,77.76932240361005,77.92642974853516,1156200
2013-12-17,78.24849027329262,78.28777009745818,77.58077521529606,77.61219787597656,1233300
2013-12-18,77.76145996408444,78.60199678827108,77.15659013456197,78.58628845214844,1757200
2013-12-19,78.43703785052881,78.88480037752879,78.26421617462336,78.8376693725586,1811200
2013-12-20,78.8847788404891,79.77245248014968,78.78265969318046,79.48965454101562,1362600
2013-12-23,79.99243365861682,80.05527899936254,79.45040308289272,79.9295883178711,904100
2013-12-24,79.81175273315436,80.18096160888672,79.61536554336153,80.18096160888672,492200
2013-12-26,80.25165940854917,80.7936839451807,80.08668890472539,80.66799926757812,586200
2013-12-27,80.81726022809168,80.81726022809168,80.37735480791086,80.61302185058594,527700
2013-12-30,80.62872589050542,81.07648845310233,80.60516038614688,80.84867858886719,518900
2013-12-31,81.03722398491978,81.50855210640006,80.9586643036212,81.32787322998047,686400
2014-01-02,80.7387063545394,81.21789161178991,79.59966296857387,79.89031219482422,1112600
2014-01-03,80.05528986804688,80.24381992261821,79.52111638570948,79.68608093261719,1120800
2014-01-06,80.45588333443537,80.53443699301128,79.13616149327622,79.41110229492188,1304100
2014-01-07,79.34827814327534,79.62321899751696,78.68841409983433,78.7669677734375,2214100
2014-01-08,78.64127883949925,78.83766600951233,77.40011048663399,77.79288482666016,2781700
2014-01-09,78.02067906334257,78.13065537709998,77.10158872983003,77.69075012207031,2097000
2014-01-10,77.91859006460841,77.98142941588662,76.86595151997767,77.51010131835938,2760900
2014-01-13,77.74724873575691,78.01605465400036,76.45857874776283,76.62460327148438,2459200
2014-01-14,76.585089057516,77.51799321667245,76.4744060243765,77.24127960205078,1878300
2014-01-15,77.58914886136056,77.96073022375053,77.20966587594724,77.4705581665039,1583900
2014-01-16,77.3124241236746,77.60494696857553,76.80644290076681,76.92503356933594,1564900
2014-01-17,76.94085419907212,77.25709401800518,76.5613652099979,76.76692199707031,4253700
2014-01-21,76.9092362166115,77.13060229933693,75.90518118945741,76.1897964477539,2649000
2014-01-22,76.37953096527406,76.67995547413227,75.87354967047452,75.9051742553711,1615500
2014-01-23,76.08701637546496,76.08701637546496,74.32398930559054,74.45838928222656,2879500
2014-01-24,74.45840242646061,74.45840242646061,72.88511657714844,72.88511657714844,2526500
2014-01-27,72.75066793739106,74.15793439999958,72.73485866557344,73.56498718261719,3022500
2014-01-28,73.67569492839681,74.98808207384779,73.61244575633884,74.76671600341797,2603200
2014-01-29,74.22911493122074,74.73509627703979,73.43851832440677,74.33979797363281,3466700
2014-01-30,74.8220555534929,75.39919367774247,74.34769883907803,75.21735382080078,2339300
2014-01-31,74.11054438903618,74.67186740871936,73.93661212315054,74.16588592529297,2871400
2014-02-03,73.87335575191354,74.22121418970757,72.9404514277053,73.2092514038086,3813700
2014-02-04,73.69151739509587,74.02356656017196,73.20134527157347,73.39899444580078,2569000
2014-02-05,73.16183672349365,73.97615055287326,73.14602140794275,73.72315979003906,2561300
2014-02-06,73.83379862061878,74.466278164525,73.54918342903818,73.91285705566406,2986500
2014-02-07,74.37935098285799,74.82999093328641,74.03939410574355,74.79045867919922,2124700
2014-02-10,74.46629573275153,75.1303939819336,74.26073892772088,75.1303939819336,1712500
2014-02-11,75.36758655623889,76.569290913326,75.2806204347381,76.53766632080078,2353900
2014-02-12,76.05538224118335,76.33999746879171,75.59684084716785,75.6679916381836,1676800
2014-02-13,75.10667780734977,76.0553913248385,75.06714556421547,76.0079574584961,1339900
2014-02-14,76.00794985629236,76.67995569994828,75.8972668247148,76.66414642333984,1426200
2014-02-18,76.76692132867423,77.16221959095553,76.56136454339158,77.0515365600586,1450400
2014-02-19,76.90132818646855,77.37569096916356,76.4032545027668,76.42697143554688,1517300
2014-02-20,76.37163888802958,76.90924487737695,75.81031596311563,76.51394653320312,1579200
2014-02-21,76.75111525598933,77.35987195133387,76.42696777213682,76.83808135986328,1264100
2014-02-24,76.76694127144765,77.36779647510379,76.51395055913575,76.52185821533203,1409700
2014-02-25,76.4744147543125,76.61672238913312,76.16607651905649,76.31629180908203,1268500
2014-02-26,76.19770735726242,76.52976255359225,75.87356584856013,75.9763412475586,1126600
2014-02-27,75.91307738440658,76.67205537344208,75.8656435220067,76.49812316894531,1250200
2014-02-28,76.6878579128793,77.55751282718633,76.56926723552552,77.37567901611328,1780000
2014-03-03,76.4665057385591,76.69577948123367,75.77868451053541,76.22932434082031,1376200
2014-03-04,77.03575419143375,77.16224654302454,76.72742192169851,77.0594711303711,1918600
2014-03-05,77.10689721586103,77.4231371105413,76.81438028949557,77.20967864990234,1172400
2014-03-06,77.30453062935402,77.92910263522454,77.06735528054784,77.59705352783203,1331100
2014-03-07,77.82633519246386,78.07932587606018,77.12270466521863,77.296630859375,1789800
2014-03-10,77.07528441260884,77.56545662592845,76.98041665193584,77.32037353515625,1744400
2014-03-11,77.55752779302672,77.73146001580533,76.82227268968212,76.95667266845703,814400
2014-03-12,76.73531520061974,77.17014580642581,76.37954909170514,77.0910873413086,1149100
2014-03-13,77.42312044063783,77.42312044063783,76.68786540731737,77.12269592285156,2275600
2014-03-14,76.98038584384707,77.4942687599002,76.86179515869144,77.30452728271484,1647900
2014-03-17,77.6207590022535,78.17417409955367,77.40730061665833,78.0951156616211,1269900
2014-03-18,78.21373422627153,78.45091565642288,77.96865117174963,78.42719268798828,1433000
2014-03-19,78.47463043495132,78.71971348273318,77.32826159644516,77.61287689208984,1273100
2014-03-20,77.41521563775201,77.93701227561293,77.01991734789613,77.8026123046875,1861800
2014-03-21,77.96865084397716,79.52612131860596,77.47847870521969,78.4746322631836,2472600
2014-03-24,78.70389852895723,78.8620154454617,77.97654503042499,78.32440948486328,1793200
2014-03-25,78.53786599845257,78.71179822140442,78.18209992915912,78.37184143066406,1273600
2014-03-26,75.58708419839893,78.84926240762732,75.58708419839893,77.7273941040039,1176200
2014-03-27,77.63187098138212,77.8307842519166,77.28973991324877,77.64778137207031,1571000
2014-03-28,78.02969239756753,78.14108333612273,77.63186588262727,77.886474609375,935400
2014-03-31,78.49915686888582,78.85719842290361,78.37980766076225,78.81741333007812,1222400
2014-04-01,79.0083805858351,79.19137745810157,78.35594507749809,78.83333587646484,1361600
2014-04-02,78.76170917311508,79.03223441977558,78.41957805167375,78.62644958496094,1694900
2014-04-03,78.80943387177386,79.1515649123745,78.52299829962679,78.75373840332031,1419500
2014-04-04,79.01631649580865,79.26297311298329,78.26044839211579,78.28431701660156,1221400
2014-04-07,78.324097485261,78.54687939445952,77.63187706423557,77.66370391845703,922000
2014-04-08,77.67961549377237,78.01379443301282,77.61596785471158,77.80692291259766,1052900
2014-04-09,78.0455923240798,78.88898855052237,77.65572409140402,78.86511993408203,955100
2014-04-10,78.92878454219343,79.34252755070888,78.44343566894531,78.44343566894531,1566800
2014-04-11,78.75376593001513,79.5494192262271,78.23659007340677,79.01632690429688,2127200
2014-04-14,79.43006962614822,79.80402764478076,78.62645810123699,79.17546081542969,1136500
2014-04-15,79.1674755735154,79.65282440185547,78.80943414227801,79.65282440185547,1675500
2014-04-16,80.3529976954143,80.66330189108234,79.93130256131931,80.65534973144531,1092100
2014-04-17,80.56784119187444,81.18049145800211,80.27344733548212,80.313232421875,1008600
2014-04-21,80.36098442123159,80.52011265531064,80.01885325464391,80.20980834960938,966500
2014-04-22,80.29734166992091,80.63947288325159,80.06660144973476,80.392822265625,1223700
2014-04-23,80.39281524642489,81.0770776133424,80.24163916734793,80.74290466308594,1090400
2014-04-24,81.01340732844085,81.27597433726518,80.68719267806839,81.25210571289062,1338800
2014-04-25,81.2521074867461,81.33167159318232,80.63945111944743,80.83040618896484,1383100
2014-04-28,81.22825230977811,81.6181268445971,80.43259891352434,80.7110824584961,1536500
2014-04-29,81.13277454369928,81.70564593735614,80.75085825781025,81.6260757446289,1142900
2014-04-30,81.67382195923858,81.6817801928631,80.24960165813322,81.4112548828125,1538600
2014-05-01,81.29189029037835,81.75337062769177,80.98954424370015,81.16458892822266,1533100
2014-05-02,80.97363602854007,81.78520581757607,80.96568386596256,81.20437622070312,1053000
2014-05-05,81.11684444378479,81.45897557580858,80.49623589507941,81.31575775146484,784700
2014-05-06,81.14864138833467,81.45894554830262,80.91790130803923,81.06111907958984,1276600
2014-05-07,81.37145057454381,82.26258434914371,81.03727768545095,82.08753967285156,1630400
2014-05-08,81.88862462083655,82.19097671718654,81.21232062536497,81.25210571289062,1407500
2014-05-09,81.14073341918314,81.74542561029224,81.0372945959605,81.68177795410156,1124500
2014-05-12,82.00001926745571,82.14323709049292,81.73745831718112,81.92841339111328,821700
2014-05-13,81.97613752029038,82.35009544671526,81.69766015072442,82.31031036376953,654100
2014-05-14,82.15118893754104,82.35010222794669,81.47488496423213,81.71357727050781,1047600
2014-05-15,81.4192017376261,81.6738105448446,80.98159000474143,81.38737487792969,1083900
2014-05-16,81.29186579686217,81.59421782279315,80.93382437392887,81.5226058959961,795100
2014-05-19,81.27598273932196,81.97615543154978,81.22028725323968,81.8488540649414,708000
2014-05-20,81.84882387373268,81.95225657534628,81.3316482249638,81.68968963623047,712700
2014-05-21,82.0239028930664,82.29442819509909,81.73747326496338,82.0239028930664,758400
2014-05-22,82.12732293673773,82.31031977035802,81.84088730377792,81.904541015625,667600
2014-05-23,82.11936094310016,82.14322956636133,81.53057931136817,81.88066864013672,750500
2014-05-27,82.27053612285091,82.44558078540247,82.02387952091384,82.23075103759766,808400
2014-05-28,82.20690130735125,82.35011914868481,81.6101613135202,82.00798797607422,965000
2014-05-29,82.1830286534254,82.5490284366056,81.78520201035741,82.38990020751953,856300
2014-05-30,82.42170846073813,82.58880096732246,82.13527890601965,82.5171890258789,1198200
2014-06-02,82.60471704995196,82.78771996149007,82.30237101170673,82.3819351196289,720500
2014-06-03,82.28644593422982,82.39783688773102,81.68175392103807,81.83292388916016,890600
2014-06-04,81.86473852038257,82.9786539594349,81.75334758351242,82.8752212524414,1014100
2014-06-05,83.12984078923695,83.17757803400524,82.61266504629141,83.1537094116211,1080500
2014-06-06,83.20940790568626,83.55153900308997,83.16962282003512,83.47992706298828,1010600
2014-06-09,83.7424931595962,83.7424931595962,83.25714425755615,83.5356216430664,768300
2014-06-10,83.19350047054297,83.61519571465497,83.19350047054297,83.52767944335938,664000
2014-06-11,83.12985435464248,83.37650491999665,82.71611126462945,82.90706634521484,874600
2014-06-12,82.97071408133685,83.28101834130239,82.48536514747236,82.54901885986328,745000
2014-06-13,82.62856514047668,82.85134701543406,82.46147873425865,82.66835021972656,754700
2014-06-16,82.7956757591068,82.8036339913542,82.17506719156576,82.45354461669922,907900
2014-06-17,82.00798061467289,83.19350226296733,81.93637473561033,83.1059799194336,771000
2014-06-18,83.10597463956267,83.50380124113138,82.65245255658843,83.39241027832031,799900
2014-06-19,83.37652243299061,84.00508936189678,83.2173881071166,83.7982177734375,940900
2014-06-20,84.32333332919396,86.42385740421636,83.48789499624874,83.56745910644531,1301700
2014-06-23,83.69476653904182,83.9016320114824,83.3208085437302,83.56745910644531,605200
2014-06-24,83.29694029552911,83.91754885637084,83.04233149953373,83.11393737792969,711400
2014-06-25,82.90703505692562,83.14573337033943,82.62855773817635,82.91499328613281,923800
2014-06-26,82.97071862304281,82.97071862304281,82.13528636600213,82.27054595947266,805500
2014-06-27,82.18299390249894,82.61264722377658,81.98408066507504,82.26255798339844,1146200
2014-06-30,82.21484377855712,82.69223446802881,82.19097515463633,82.50923156738281,797700
2014-07-01,82.88318744866585,83.58336610797232,82.81953373957403,83.38445281982422,905700
2014-07-02,83.44809508682152,83.7504471503687,83.05026853613431,83.0661849975586,981800
2014-07-03,83.35263669517586,83.68680960539797,83.16167554331815,83.6629409790039,440700
2014-07-07,83.26509222216127,83.79817830445927,83.06617896127237,83.70269775390625,805700
2014-07-08,83.82206906182213,83.82206906182213,83.05824266672522,83.1059799194336,1322000
2014-07-09,83.36853582061934,83.44809992129596,82.90705553820248,83.28101348876953,1042500
2014-07-10,82.24666504754076,82.9627479979345,82.24666504754076,82.95479583740234,1150700
2014-07-11,82.92298049639732,83.28102202130101,82.54106427552797,83.22532653808594,1156700
2014-07-14,83.71863412362914,84.06872348856203,83.34467613296945,83.37650299072266,1144400
2014-07-15,83.59927666101781,83.79818994954887,83.39240514124701,83.631103515625,1159300
2014-07-16,83.91754078465179,83.91754078465179,83.14575623873925,83.27306365966797,795900
2014-07-17,83.03435404845183,83.519702901973,82.16708905415865,82.19096374511719,836500
2014-07-18,82.12732225188624,82.83545309681185,82.05571030906741,82.81158447265625,1044900
2014-07-21,82.87562436867277,83.06777944930808,82.45127909920738,82.9556884765625,1952300
2014-07-22,82.78757713162992,82.78757713162992,81.98692359284917,82.71551513671875,1357200
2014-07-23,83.09982851354141,84.32482740615127,83.07580988560812,83.62025451660156,1519900
2014-07-24,83.76438778089602,84.09265260379172,83.42810860254822,83.90049743652344,1221900
2014-07-25,83.54815847895132,83.73231139890123,82.7955486402188,82.8595962524414,985600
2014-07-28,82.63545100454103,82.85163088077279,82.09901459959833,82.71551513671875,1188800
2014-07-29,82.83561412759585,82.99574849994724,82.20309710093669,82.21110534667969,1432000
2014-07-30,82.2271138446381,82.37123172219964,81.28234244917938,81.5385513305664,1809800
2014-07-31,81.21828742319298,81.5145252884303,80.12139000437898,80.1454086303711,2101800
2014-08-01,79.88919353261252,80.6498179111271,79.8251397959691,80.23347473144531,1717200
2014-08-04,80.22547275317845,80.36158848130208,79.76910053382538,80.1454086303711,2639900
2014-08-05,79.93722671598458,80.3695802535915,79.74507162432603,80.02529907226562,2172900
2014-08-06,79.78510316028543,80.32153940923642,79.62496883399412,80.17742156982422,3316000
2014-08-07,80.49770329790226,80.49770329790226,79.8171490473512,80.0493392944336,2287600
2014-08-08,80.15339675488529,80.58575023971575,79.85715285551086,80.321533203125,2436700
2014-08-11,80.34557607687418,80.68184907486378,80.01731132412282,80.40962982177734,1671900
2014-08-12,80.41763092491908,81.2182843395965,80.26550482141012,81.13821411132812,1480200
2014-08-13,81.52253111578598,81.8828227119855,81.13821478580577,81.83478546142578,1472400
2014-08-14,82.02691604869281,82.71547827386077,81.84276923760079,82.69145965576172,771000
2014-08-15,82.92365259697924,83.17986137947351,82.10698901168476,82.86760711669922,1338200
2014-08-18,83.15586109881345,83.50815054312017,83.10782385040818,83.43608856201172,912900
2014-08-19,83.69230265613614,83.76436464176943,83.40406693060483,83.45211029052734,911600
2014-08-20,83.2679736823159,83.68431086298652,83.03578340729686,83.57221984863281,1426500
2014-08-21,83.74034564864189,84.45293287508751,83.43609952127849,84.3088150024414,855200
2014-08-22,84.15667704554514,84.52497686638443,83.8043876045247,83.87644958496094,964600
2014-08-25,84.2127291515423,84.44491938240506,83.94050380523733,84.29279327392578,707700
2014-08-26,84.4289095913875,84.78119908802647,84.15669033198571,84.56502532958984,567300
2014-08-27,84.37285662292226,84.90929906582639,84.37285662292226,84.78919982910156,644300
2014-08-28,84.51696960996924,85.18952163173189,84.42889724868483,84.96533966064453,926300
2014-08-29,85.28561153339876,85.30963627049806,84.57303037866157,85.13349151611328,800200
2014-09-02,85.39770485077722,85.72596960785232,85.061425739857,85.3736801147461,594600
2014-09-03,85.66992664440764,85.87809826999879,85.01339100231392,85.21355438232422,842300
2014-09-04,85.48576042507003,85.74997751185784,84.69311527320724,84.74916076660156,1138800
2014-09-05,84.72512708273143,84.9973523654752,84.36483556187892,84.97332763671875,875500
2014-09-08,85.02939101038649,85.37367222633789,84.74916353426343,84.98135375976562,562000
2014-09-09,84.81323225927753,84.94133365306695,84.22875246995163,84.47695922851562,722400
2014-09-10,84.47694408117341,84.82922743230375,84.32481797660526,84.64508056640625,757700
2014-09-11,84.27680342687864,84.74918613998778,84.19673928498756,84.4209213256836,776600
2014-09-12,84.21273529173774,84.43691729415761,83.73234441390923,83.98054504394531,1053300
2014-09-15,83.82840565597517,84.81321199187423,83.82840565597517,84.59703826904297,1250400
2014-09-16,84.34883799727749,85.28560104842951,84.34883799727749,84.78919982910156,1729600
2014-09-17,84.9893732919987,85.2696008053394,84.68512104165596,84.88528442382812,1155900
2014-09-18,85.24557799019826,86.15031423412178,85.0534228631307,85.982177734375,1246800
2014-09-19,86.32645748054313,86.43054023329343,85.60586813092232,85.669921875,1511400
2014-09-22,85.2776045077391,85.74998713241784,85.2776045077391,85.36567687988281,792200
2014-09-23,85.38967532235849,85.38967532235849,84.39686694474204,84.40486907958984,1265100
2014-09-24,84.43690813024804,85.50978687917726,84.26076340217752,85.34164428710938,1016800
2014-09-25,84.77319451001632,85.09345714731575,84.27679322527885,84.46894836425781,1167600
2014-09-26,84.47701265151687,85.49209195519533,84.3078337919656,85.25040435791016,1136400
2014-09-29,84.56561823886304,84.79924790854213,84.1144746816179,84.46088409423828,1263200
2014-09-30,84.05806426742048,84.76701107201447,83.864717932699,84.48504638671875,1583100
2014-10-01,84.6381158360989,84.66228336147557,83.5988692203146,83.63915252685547,1347400
2014-10-02,83.71972253080575,84.67035089759015,83.39747448087759,84.29170989990234,1208100
2014-10-03,84.3964485936202,85.87878109816995,84.3964485936202,85.74988555908203,1700700
2014-10-06,86.17683937013683,86.28962524258681,85.40344789632178,85.55651092529297,1059600
2014-10-07,85.58873904861375,85.58873904861375,84.69450378417969,84.69450378417969,1199400
2014-10-08,84.90395627381604,86.05598857370532,84.90395627381604,85.99959564208984,1533800
2014-10-09,85.83848916244429,86.28963269118726,84.50116206457103,84.52532958984375,1683900
2014-10-10,84.67839512457239,85.72569958124326,84.50921630859375,84.50921630859375,1126700
2014-10-13,84.25948492006927,85.12150107033384,83.05911722785106,83.14773559570312,2192600
2014-10-14,83.49415477862189,84.49311824998867,83.24441544737284,83.97752380371094,1341300
2014-10-15,83.08326356326867,83.34106070952394,81.5606482078283,83.06715393066406,2130500
2014-10-16,81.48814625671275,83.28466840457506,81.48814625671275,82.9140853881836,1823300
2014-10-17,83.42164454768789,84.59784465464442,83.42164454768789,84.27559661865234,1540000
2014-10-20,84.009744639534,84.71869157424858,83.84056579730539,84.66229248046875,1340000
2014-10-21,84.87176109012476,85.95934295654297,84.81536813842519,85.95934295654297,1336900
2014-10-22,86.57160416445149,87.0066380924783,85.21010943486965,85.2665023803711,1950200
2014-10-23,86.08019074192461,86.1043582728631,84.67036073771686,84.91204833984375,2040300
2014-10-24,84.89594176285729,86.16076057224645,84.85566458904835,86.1204833984375,1184800
2014-10-27,85.81432350303682,87.2402690909595,85.81432350303682,87.14359283447266,1608500
2014-10-28,87.59473549962485,87.84447479248047,87.19192701624758,87.84447479248047,1314900
2014-10-29,87.70751885997232,87.98948356095055,86.80522567047254,87.3047103881836,1243700
2014-10-30,87.30472579593213,88.31174715312552,86.99053562419743,87.78003692626953,1053000
2014-10-31,88.48092350872197,88.72260493981148,87.9089361315286,88.05394744873047,1720500
2014-11-03,88.19089258262858,88.3681293032527,87.41750101238954,87.65113067626953,1281800
2014-11-04,87.7477834091871,88.9239832402154,87.73167377703322,88.40033721923828,2090800
2014-11-05,89.18986213011024,89.18986213011024,88.11033824229838,89.02068328857422,1327700
2014-11-06,89.02066092754501,89.26234843838448,88.65007791826156,89.2059555053711,781100
2014-11-07,89.06095265727966,89.50403827392938,88.97233430467585,89.2704086303711,1007100
2014-11-10,89.34294650254937,89.8343734741211,89.05292382600307,89.8343734741211,1028500
2014-11-11,89.7940408975453,90.01961260081072,89.38317464010161,89.43956756591797,735000
2014-11-12,89.07706114504788,89.31874867565192,88.93204985595929,89.2381820678711,985800
2014-11-13,89.56045108344861,89.68935276906114,88.85151025169168,89.14153289794922,1265600
2014-11-14,89.04485424327105,89.88269673814807,88.93206834457322,89.11736297607422,1670600
2014-11-17,88.98038487978761,89.60877122991658,88.89176652834772,89.53626251220703,1097700
2014-11-18,89.19791352407059,90.03575592567287,89.19791352407059,89.60877990722656,1026200
2014-11-19,89.40736143341253,90.49494296034857,89.29456941884996,90.48688507080078,1949600
2014-11-20,89.77796077068095,90.97832838402728,89.77796077068095,90.77692413330078,1379200
2014-11-21,91.40528556943458,91.60668977864266,90.43048993443168,90.68022918701172,1614000
2014-11-24,91.07502347151193,91.38115578323162,90.88167092544255,91.34893035888672,1172800
2014-11-25,91.51001772805552,91.66308690088776,90.94608837504558,91.47779846191406,1691300
2014-11-26,91.68727285127511,91.92896042049391,91.36503095414365,91.86450958251953,1053100
2014-11-28,92.00145666820734,92.67817812759873,91.80811031396827,92.11424255371094,579900
2014-12-01,91.84035537156984,92.83126717340322,91.84035537156984,92.54124450683594,1461200
2014-12-02,92.50902374548905,92.72653768319132,92.20288527847741,92.62986755371094,1403400
2014-12-03,92.50094027619551,93.33072477211542,92.1303572074531,93.19377136230469,1907600
2014-12-04,93.51602014122831,93.75770154644428,93.07292834544441,93.5562973022461,1343700
2014-12-05,93.66101900119716,94.1927229391378,93.14542469624972,93.50794982910156,1242600
2014-12-08,93.72547209471897,94.97418081353591,93.54018364000078,94.72444152832031,1502600
2014-12-09,93.90272461553445,94.2894235172568,93.16155837913469,93.49991607666016,1278300
2014-12-10,92.89571187435176,94.08802796428068,92.49290329816066,92.54124450683594,1574900
2014-12-11,92.9359571789678,93.62878813835276,92.5170329891046,92.71843719482422,1463400
2014-12-12,92.14644757054761,92.97623803929125,91.23610279727187,91.29249572753906,1481400
2014-12-15,91.47888366677918,92.11899350620739,90.0204047691163,90.425537109375,2259300
2014-12-16,90.26349935034018,91.62474445247403,89.72872161865234,89.72872161865234,1600100
2014-12-17,89.9555768147222,91.43025819916589,89.85834901515511,91.30872344970703,2034100
2014-12-18,92.10279902168332,92.80773162841797,91.74628671065938,92.80773162841797,1632900
2014-12-19,93.08319528779813,93.42351111895744,91.60041576376221,92.93734741210938,2486000
2014-12-22,92.93736367551001,93.63419184998214,92.88874976904944,93.4559326171875,1190300
2014-12-23,93.7962339194991,94.37962543360705,93.44781988645288,94.16085052490234,1185500
2014-12-24,94.21756553715068,94.60649526035941,93.69089231727921,94.01499938964844,465800
2014-12-26,94.20946442380186,94.52547331213404,93.90156609439086,94.16085052490234,569700
2014-12-29,94.03932474069154,95.18990538184939,94.00691340892926,94.37153625488281,690100
2014-12-30,94.30670664437423,94.59840242691789,93.69090374991215,94.20947265625,667600
2014-12-31,94.31478878714319,94.53355748156098,93.07508509451145,93.08318328857422,869900
2015-01-02,93.48832910519242,93.80433181067174,92.0460590787835,92.7266845703125,854600
2015-01-05,92.94543703679814,92.94543703679814,90.9602915489536,91.21147155761719,1532300
2015-01-06,91.6085127801598,91.72194932847722,90.01229054505686,90.4093246459961,1768700
2015-01-07,91.23582686474988,91.77870286625927,90.63623256728923,91.69767761230469,1570300
2015-01-08,92.36207371185807,93.38300899008047,92.20812761868532,93.1804428100586,1348100
2015-01-09,92.84011481079828,93.20473139023345,91.73005013763373,91.85969543457031,1349000
2015-01-12,91.71387375762737,92.22433835097816,90.40124256951562,90.7496566772461,1211800
2015-01-13,91.67333249598465,92.5565240874106,90.4579356470736,90.88737487792969,1614300
2015-01-14,87.10347011399087,89.76924217371773,87.10347011399087,89.0075912475586,1742400
2015-01-15,89.50993435242383,90.13383539533922,88.79689752414508,88.98326110839844,1345700
2015-01-16,88.8536232368483,90.61189601898519,88.8536232368483,90.54707336425781,1466500
2015-01-20,90.86305841263888,91.04942196328903,88.99944763344702,89.50991821289062,1393200
2015-01-21,89.38841403064092,89.99611264112347,88.764512843884,89.5666732788086,1202800
2015-01-22,90.49036948158344,92.02987377619783,89.74492737912328,91.90833282470703,1840300
2015-01-23,91.95694663353622,92.1352058712868,91.2439158643635,91.46268463134766,1079700
2015-01-26,91.14666275460841,91.73815863022162,90.701020935507,91.47887420654297,1181900
2015-01-27,91.0737468384963,91.13046511606434,90.17435259289694,90.18245697021484,1597200
2015-01-28,90.77395462500377,91.47078277132304,88.48900838623076,88.56193542480469,2010000
2015-01-29,88.7968924198171,89.29925868524238,87.85698872088085,89.23443603515625,1484400
2015-01-30,88.46469729154704,88.84552267714825,87.39514816990243,87.4761734008789,2187900
2015-02-02,87.42753763495057,88.67534566179135,86.8846619231577,88.57000732421875,1725900
2015-02-03,89.1696183735135,89.9879811380429,88.7401729588114,89.94747161865234,1260600
2015-02-04,89.81781197429792,90.99269912187377,89.47750239299752,90.44171905517578,1509000
2015-02-05,90.12573924496579,91.85160071453728,89.85024605092656,91.64093017578125,1383200
2015-02-06,91.97315539069332,92.23243986874064,91.30063415075418,91.46268463134766,1293900
2015-02-09,90.80635939639863,91.20338734537772,90.51466362683027,90.72533416748047,859700
2015-02-10,91.55990416251574,91.55990416251574,90.44983938216676,90.54707336425781,1213300
2015-02-11,90.72533988488738,91.39786107276419,90.48225800098544,91.12236785888672,780000
2015-02-12,91.179074682331,91.60851393233786,91.00081548078212,91.5274887084961,812400
2015-02-13,91.13855232119023,91.9245036817371,91.01701141163682,91.60040283203125,608500
2015-02-17,92.01365126862409,92.65376108111084,91.51129114421757,92.29724884033203,1227900
2015-02-18,92.29724186783689,92.36205833646376,91.6004138300154,92.13518524169922,865400
2015-02-19,91.95692959556197,92.59703938441561,91.72195211495784,92.30534362792969,767000
2015-02-20,92.02985710484346,92.9616626550354,91.53559519165891,92.77529907226562,1242200
2015-02-23,92.56461382982866,92.62943647282351,91.6814285008768,92.01363372802734,1313100
2015-02-24,91.93260606387236,92.9292340824045,91.81106515695468,92.78338623046875,1407200
2015-02-25,92.4025967849938,93.1237319487991,92.4025967849938,92.55654907226562,1170800
2015-02-26,92.4592985523542,93.08319960506465,92.33775762000504,93.0021743774414,1083600
2015-02-27,93.18854534369841,93.26146619978493,92.36207188374314,92.37828063964844,1345800
2015-03-02,92.37827949636745,92.91305097987093,92.04606800454047,92.66997528076172,1239700
2015-03-03,92.24865497010572,92.75102141908697,91.70577898639029,92.23245239257812,1141600
2015-03-04,92.16760731478712,92.16760731478712,91.02513114914574,91.23580169677734,1285400
2015-03-05,91.23582295930878,91.83541723110321,91.08997503570146,91.71388244628906,827000
2015-03-06,91.6328323474291,92.2162239230156,90.58759631997056,90.73344421386719,1476400
2015-03-09,90.87118468979631,91.69765193967568,90.6848210942295,91.42216491699219,797400
2015-03-10,90.54710330024143,90.75777390684138,89.19396239004273,89.21826934814453,1127900
2015-03-11,89.21824613309987,90.0771247323087,89.21824613309987,89.79353332519531,879300
2015-03-12,90.36070913112793,91.39785305386258,90.27158570880094,91.30872344970703,902100
2015-03-13,91.1790884507777,91.29252501765127,90.06092535652574,90.53897857666016,1322200
2015-03-16,90.86309285149726,92.4998311854372,90.6524222756592,92.37018585205078,1266300
2015-03-17,91.83540714834585,92.22433696254095,91.31683818397217,91.85161590576172,1248400
2015-03-18,91.80297080918128,93.39108849577717,91.26819326907035,92.97785186767578,1559700
2015-03-19,92.9211656627876,93.22906405520384,91.90023030418477,92.11090087890625,1554400
2015-03-20,92.0703650001307,92.48360168030825,91.89211197945784,91.99744415283203,3764500
2015-03-23,92.23242163050834,92.93734788170893,91.99744415283203,91.99744415283203,2442800
2015-03-24,91.6652467729245,92.11899922583117,91.02513689375218,91.03324127197266,1032600
2015-03-25,90.92789773608108,91.55179878095963,90.41742706298828,90.41742706298828,1171900
2015-03-26,89.80973904933835,90.6443169078735,89.80973904933835,90.15005493164062,1078200
2015-03-27,90.33751539548626,90.71243297911124,90.01150983814571,90.38642120361328,1225900
2015-03-30,90.80208424494108,91.86976672197301,90.67167705053492,91.4541015625,961000
2015-03-31,90.66351486857165,91.29108853942537,90.20710217570101,90.86727142333984,1131200
2015-04-01,91.65782124483154,91.8697297413627,90.24782977728768,90.45973205566406,1417300
2015-04-02,90.42715622665195,90.89987292454418,90.15820230102604,90.63091278076172,1170500
2015-04-06,89.99516923951406,91.13620688075977,89.76696295489589,90.67979431152344,965300
2015-04-07,90.68794736249488,91.19326576047236,90.57384421104116,90.7531509399414,1071900
2015-04-08,90.59829294135423,91.22586022395741,90.39453644181158,90.66349029541016,1346500
2015-04-09,90.63905917125915,91.2584807984795,90.44345463251027,91.08732604980469,893600
2015-04-10,91.11177789668108,91.38073802988005,90.86726755410814,91.20143127441406,657200
2015-04-13,90.99768095083272,91.75565560285229,90.99768095083272,91.23403930664062,739200
2015-04-14,90.85909517416813,91.27475392945671,90.35377684923431,91.20955657958984,1183500
2015-04-15,91.33183744986891,91.79640215278121,91.08733331147947,91.17698669433594,858400
2015-04-16,91.11177127012874,91.82084623749424,90.64720662755296,91.58448791503906,1166800
2015-04-17,90.89173237287199,91.04658936331616,89.45729052828462,89.76699829101562,1570000
2015-04-20,90.296750455375,90.86726628922848,90.27230066508932,90.59831237792969,1043900
2015-04-21,90.64720768262448,90.73686105488049,88.68299171357765,88.84600067138672,2888200
2015-04-22,88.25103141792604,89.07420957881914,87.06109397309321,87.90872192382812,2567200
2015-04-23,87.68052413583193,88.52000016567847,87.56642096001727,88.2754898071289,1714400
2015-04-24,88.43846130371094,88.6829653404785,88.02279635760577,88.43846130371094,1404400
2015-04-27,88.78077513936127,88.82152892327713,87.73754293992086,87.92499542236328,1545400
2015-04-28,87.58270598982034,88.90305054095943,87.58270598982034,88.64224243164062,1315900
2015-04-29,88.48737508987054,88.73188538409195,87.80275621509874,88.05541229248047,1282800
2015-04-30,88.22660384330669,88.63411702503096,86.96331049269834,87.19966888427734,1450200
2015-05-01,87.5175035384461,87.91687081893352,87.21594785018095,87.72126007080078,798100
2015-05-04,87.76202606596051,88.04728400728489,87.43601432523691,87.56642150878906,1429900
2015-05-05,87.16705286432146,87.8027785473602,87.04480390427234,87.27301025390625,1265800
2015-05-06,87.51748167530108,87.61528702493425,86.61280240019593,87.14257049560547,1032100
2015-05-07,87.28114522603448,88.00652420201448,86.77583300534924,87.73756408691406,1218400
2015-05-08,88.34885394483553,88.68301150113075,88.08804577230366,88.65856170654297,888000
2015-05-11,88.34067570450134,88.65853537605675,87.9739164582929,88.25102233886719,950900
2015-05-12,87.83537169088007,87.91687928619663,86.92254631763677,87.2485580444336,1870800
2015-05-13,87.2485396433397,87.79460559511672,87.12628449430548,87.37078857421875,1326300
2015-05-14,87.81906602900786,88.5362867891309,87.62346149772992,88.5036849975586,1383600
2015-05-15,88.34066981133596,88.71558103436155,87.97391058959388,88.14506530761719,873000
2015-05-18,88.27548453494877,88.74820121689507,88.13693157518544,88.62594604492188,1162000
2015-05-19,88.83785527037499,88.97640823119143,88.34884079692164,88.78895568847656,973000
2015-05-20,88.72375656352389,89.07421809378984,88.3325412341883,88.9275131225586,830900
2015-05-21,88.70746473520447,88.9764249224132,88.4385107661533,88.7563705444336,1041600
2015-05-22,88.65855203633627,88.82970679793979,88.38959188889217,88.56075286865234,1552700
2015-05-26,88.2673545586029,88.51185872818304,86.93071186679421,87.02851104736328,2065000
2015-05-27,87.38710608844804,87.62346442161733,87.05294237729817,87.49305725097656,1211000
2015-05-28,87.18335263013287,87.75386847646534,86.9306965007794,87.6805191040039,847700
2015-05-29,87.46043287850003,87.59899201607281,86.7513642802098,86.78396606445312,1177500
2015-06-01,87.06111055006204,87.19151774492364,86.40094122600776,86.69435119628906,995400
2015-06-02,86.46613860528126,87.00405895684942,86.24608423664893,86.69435119628906,910800
2015-06-03,87.12631224782696,87.24856743580479,86.63729771407283,87.1100082397461,1107600
2015-06-04,86.39277199754729,87.11814477441384,86.13196387797905,86.2379150390625,1505700
2015-06-05,86.44166646139759,86.8084319385011,85.1050241504399,85.31693267822266,2081000
2015-06-08,85.25986646974815,85.62662566576259,84.16772844610722,84.19218444824219,1444700
2015-06-09,84.17591642249754,84.57527757388569,83.66245208499849,84.37152099609375,2682600
2015-06-10,84.90944985027816,86.04233603881283,84.78719464772709,85.62667083740234,1416100
2015-06-11,85.6348132205277,86.63729830701827,85.57776162816855,86.38463592529297,1013100
2015-06-12,86.05860314418861,86.33571525236987,85.64294430915028,85.96895599365234,828100
2015-06-15,85.15394260148203,86.31943035028156,85.01538341763234,85.92821502685547,1433300
2015-06-16,85.84669182177649,86.8165685531957,85.7570384624971,86.62096405029297,1169600
2015-06-17,86.83289028692695,87.06924862618641,86.08306769089054,86.66173553466797,978700
2015-06-18,86.5313339705353,87.90057829553226,86.5313339705353,87.7457275390625,1222700
2015-06-19,87.37896129994115,87.62347165600183,86.35202650990558,86.40093231201172,1364100
2015-06-22,86.78396706380514,86.9877235540564,86.2460469448276,86.49870300292969,876900
2015-06-23,86.79213370708531,87.38710553761022,86.32756904637915,86.72693634033203,849600
2015-06-24,86.53948544477952,86.60468903560843,85.75706100930253,85.76521301269531,1409700
2015-06-25,84.09438845370455,84.92571229233414,83.34456597679859,83.74392700195312,6178800
2015-06-26,83.473207586333,85.30264771538988,81.66838397994559,84.8842544555664,2632900
2015-06-29,84.40845167983626,84.56432505907262,83.25172524673118,83.35016632080078,2367000
2015-06-30,84.21156743787932,84.27719899648498,83.35017044334748,83.41580200195312,1777400
2015-07-01,90.07724151579649,90.9304266142125,83.14506408415676,84.08029174804688,17646700
2015-07-02,82.68565327355314,86.60704744085947,82.09498187013199,85.10575866699219,5568400
2015-07-06,84.21155354153504,85.13857568272813,84.1213117280862,84.7694091796875,2979200
2015-07-07,84.96630780554716,85.79488898392006,84.17054240501741,85.69644165039062,3819900
2015-07-08,85.07295775205326,85.30266820603521,84.03108336497142,84.20336151123047,2794800
2015-07-09,85.4503139885763,85.5077400224812,84.43304387516353,84.9006576538086,3004100
2015-07-10,85.90150347697818,85.90150347697818,84.90064453305246,85.18777465820312,2404300
2015-07-13,85.97536530606334,86.10662214728104,85.18779922288067,85.50775146484375,1685500
2015-07-14,85.26164101490026,85.49134519401044,84.67096954920584,85.0155258178711,2703400
2015-07-15,84.94988221086786,85.40929047005578,84.19513202352869,85.13856506347656,3798900
2015-07-16,85.9179516691706,85.99178247945842,85.3190746412993,85.61441040039062,2759400
2015-07-17,85.67180090689396,85.67180090689396,84.79399950348943,85.43389129638672,1699900
2015-07-20,85.36827914185245,85.63900457998189,85.10575921186995,85.49954223632812,2123900
2015-07-21,85.58157882430025,85.7374521847641,84.67096144500844,85.22061157226562,3133800
2015-07-22,87.0664755646221,87.56690526979547,85.96717507061516,87.44384765625,4582500
2015-07-23,87.38640553341826,87.8786358970751,86.41836208197903,87.3289794921875,3197500
2015-07-24,87.1156840000511,87.86222251596298,87.01723667817495,87.3207778930664,2060600
2015-07-27,87.05826123680531,88.60877062563695,87.04185021972387,87.78018951416016,3007100
2015-07-28,88.15755526793953,88.3872594189829,87.72275723075477,88.288818359375,2554600
2015-07-29,88.20676871498624,88.94510789760241,87.8704180233861,88.59234619140625,1918200
2015-07-30,88.27240185229296,89.20762941420243,88.27240185229296,89.0845718383789,1531900
2015-07-31,90.21671624783053,90.40539915279807,89.06818902218049,89.23226165771484,4031400
2015-08-03,89.15840951674566,90.91401258457869,89.05176295506232,90.84838104248047,2660000
2015-08-04,90.74996239470718,91.20937078488714,90.4628258918748,90.54486846923828,2368600
2015-08-05,90.9960492271094,91.57851508275674,90.65149301824223,91.16832733154297,2394700
2015-08-06,91.29139065582827,91.32420642906744,90.00340128629213,90.35616302490234,1951700
2015-08-07,90.19207348972654,90.24949951737474,89.6998432424932,90.1264419555664,1466000
2015-08-10,90.73352519416406,91.09449240170132,90.11824359529906,90.33154296875,1589800
2015-08-11,89.58500872649519,90.68431523251712,89.58500872649519,90.22490692138672,1799700
2015-08-12,89.68344597373407,89.74087200617525,88.44467726368201,89.52757263183594,1807200
2015-08-13,88.53493101607192,89.85573619946496,88.28882209766283,89.40453338623047,1516100
2015-08-14,89.5767967172652,90.01159470107284,89.24864528793009,89.97057342529297,1326200
2015-08-17,89.89675018556335,90.61047287588639,89.3635048505043,90.23310089111328,1391200
2015-08-18,90.06902497378158,90.68430658564996,89.82290982544694,90.63508605957031,1458600
2015-08-19,90.02798226643563,90.6760794944113,89.453722068972,90.01978302001953,1917900
2015-08-20,89.23223509225117,89.47835023125124,88.1493397467932,88.19036102294922,2499100
2015-08-21,87.55867997362827,87.98527248019222,86.15583235905893,86.19685363769531,2685300
2015-08-24,81.85706623279283,85.11395796302996,78.75604785012894,83.12044525146484,5703900
2015-08-25,85.61439588268453,85.61439588268453,81.72581739266495,81.80785369873047,3455300
2015-08-26,83.39938497015405,83.88340356096845,81.68479674294812,83.55525207519531,3644400
2015-08-27,84.38381272897911,85.34365042872334,83.40756401648837,85.0237045288086,2837100
2015-08-28,84.78582023775424,85.10576623322366,83.46501497072637,84.26078033447266,2426600
2015-08-31,83.93262163946972,84.19514156861979,83.10404682935251,83.8095703125,2197000
2015-09-01,82.34929832593801,82.87433819552001,81.39766590943395,81.80785369873047,3025600
2015-09-02,82.59541886818964,82.95638614908769,81.62737537221068,82.55439758300781,2130000
2015-09-03,82.91534587067153,83.65368502202905,82.84971433300244,83.4075698852539,2136300
2015-09-04,82.36571928169178,82.63644475744876,81.6684012075354,82.16883087158203,2508900
2015-09-08,83.24349879409552,83.7685385869358,82.51336513658424,83.6536865234375,1950400
2015-09-09,84.32639261488347,84.71197007488425,82.49695262135893,82.63642120361328,1837100
2015-09-10,82.63641592588283,83.25989671686166,82.30826451754436,82.64461517333984,1683300
2015-09-11,82.32468684772755,82.91535825705151,82.24265054287008,82.74308013916016,1591600
2015-09-14,82.90714149347295,82.90714149347295,82.02114075873857,82.20982360839844,1650900
2015-09-15,82.38211515844121,83.37476887021414,81.99653763011432,83.10404968261719,1936600
2015-09-16,83.12866885874469,83.6372977727819,82.96458996795067,83.52244567871094,1405600
2015-09-17,83.60446346450843,84.39202312989579,83.16965922705288,83.30912780761719,2626500
2015-09-18,81.8652772593668,83.04662005963073,81.7011983932364,81.971923828125,3566800
2015-09-21,82.55440500742128,83.64550619810298,82.25906925266578,83.41580200195312,2327500
2015-09-22,82.61180420694035,83.0794179568299,82.29185828643529,82.84151458740234,2647200
2015-09-23,82.75127723019884,83.8013568470897,82.48875732597612,83.13684844970703,2540500
2015-09-24,82.47234136010272,83.48960514552375,82.160600948481,83.30912780761719,1989600
2015-09-25,84.40842560503211,85.51593115898025,84.02284816011684,84.84322357177734,2657600
2015-09-28,84.39735636584655,85.08270966735606,82.84499554415828,83.31565856933594,2657400
2015-09-29,83.25785240703281,84.05054764291938,82.66332940517245,83.8853988647461,2097800
2015-09-30,84.54598271725256,85.50382674648657,84.33955146610197,85.37996673583984,2993300
2015-10-01,85.23957752620807,85.32214874978806,83.34866689725797,84.46339416503906,3354300
2015-10-02,83.29913652555872,84.81847381591797,82.85324426533748,84.81847381591797,2019600
2015-10-05,85.43776420086479,86.41211992369418,85.39647543218781,86.14788818359375,2184600
2015-10-06,85.54508857950609,85.94969197021369,84.99185447183521,85.28911590576172,2078400
2015-10-07,85.80107545888164,86.68460083007812,85.44601350785236,86.68460083007812,2596600
2015-10-08,86.32130311321195,88.07184260131109,85.87541080115513,88.00578308105469,1964200
2015-10-09,87.86539077226408,88.57550839967378,87.70850102329973,87.91493225097656,3162700
2015-10-12,87.32041923531393,88.57551847038559,87.32041923531393,88.36908721923828,1144900
2015-10-13,87.98926776821175,88.65810940684216,87.59292323399939,87.8984375,1443500
2015-10-14,87.76628510505361,88.1378587254849,87.03139057591267,87.1552505493164,1545700
2015-10-15,87.38646155314537,88.91405125110492,87.38646155314537,88.80670928955078,1584400
2015-10-16,89.66548413134086,90.16092422313424,89.07096736079723,89.9627456665039,2542800
2015-10-19,89.76455790575062,90.44165210783548,89.23609444557617,90.42514038085938,2175700
2015-10-20,90.598538805173,92.01878666887256,90.45816708137927,91.6967544555664,3151500
2015-10-21,92.88579940912591,94.59504983211237,91.46555146349822,93.78584289550781,4115100
2015-10-22,94.12441039489372,95.7345782567859,93.87669662368322,95.04922485351562,3526700
2015-10-23,95.16480377248074,95.16480377248074,93.49684208780842,94.81800079345703,2369300
2015-10-26,95.0739934474369,96.0070606007857,94.84279141296344,95.18133544921875,2090900
2015-10-27,94.70240251985108,95.07397625093465,94.23173952058039,94.611572265625,1872800
2015-10-28,95.03268904655717,95.53638181018847,94.16568155981778,95.19783782958984,1377300
2015-10-29,95.44553262472957,95.79234185042448,94.85101602306831,95.18955993652344,1222400
2015-10-30,94.98312824724184,95.31341944636237,93.75279998779297,93.75279998779297,2405400
2015-11-02,94.06658494363319,94.4216469246966,93.48857999761435,94.19044494628906,2451400
2015-11-03,94.09959697808813,94.1573974618058,93.45553264529684,93.83536529541016,1953600
2015-11-04,93.81061010044522,94.0583301001477,93.02617393435615,93.27388763427734,1808800
2015-11-05,93.33994155407572,93.88491670110851,93.33994155407572,93.74454498291016,1755500
2015-11-06,94.61979359938144,94.61979359938144,92.6545710137949,93.3316650390625,1777200
2015-11-09,93.1252737814484,93.45556507435191,92.41514970662969,92.91058349609375,1443800
2015-11-10,92.86100411487901,93.79407080929211,92.78669191168481,93.76104736328125,1234700
2015-11-11,93.50508611811061,93.97574906015653,93.20782464947308,93.61243438720703,1572600
2015-11-12,93.22434521110894,93.48857693488712,91.99401683787127,92.01052856445312,1786200
2015-11-13,92.06009166391544,92.93536457305719,91.95274966647153,92.35735321044922,1734100
2015-11-16,92.24171749617878,93.93445587158203,92.19217602365508,93.93445587158203,1756100
2015-11-17,93.75282670634881,94.52901030051903,93.62070766913583,93.70328521728516,2208300
2015-11-18,93.64549225106339,95.29694255045793,93.64549225106339,95.2391357421875,1173100
2015-11-19,94.87579717243074,95.6684923614176,94.87579717243074,95.42903137207031,1547100
2015-11-20,95.80886281094901,96.60981700261088,95.56114911132391,96.1804428100586,2154300
2015-11-23,96.31254945148972,96.54375140981021,95.75105628137673,95.8171157836914,2702800
2015-11-24,95.23086315027362,95.87492762464528,94.84277140295181,95.4207763671875,2060900
2015-11-25,95.42903853716251,95.56941027600794,94.85928626801335,94.99966430664062,1335100
2015-11-27,94.95837020056304,95.22260193521682,94.57027846221308,95.0079116821289,644700
2015-11-30,95.2473732849953,95.51160502133854,94.59504980782073,94.83451080322266,2126500
2015-12-01,94.65286891513894,95.96577514122284,94.57855667770276,95.8914566040039,1879200
2015-12-02,95.65196555632961,96.11437576563743,95.1152494326775,95.27213287353516,1956400
2015-12-03,95.74281457961489,95.74281457961489,93.6207015073648,93.94273376464844,2208900
2015-12-04,94.2069637005073,97.41903979657772,94.13265147323953,97.1548080444336,2598800
2015-12-07,96.6758806174696,97.03919531898225,96.35384838442485,96.7171630859375,2654300
2015-12-08,96.2630008898835,96.2630008898835,95.27212732743227,95.74279022216797,2222300
2015-12-09,95.14827290546324,96.08959868762382,94.33080080533931,94.86752319335938,3025000
2015-12-10,95.05746008830322,95.41252207468263,93.84364338370891,94.73542785644531,2482600
2015-12-11,93.67852302540145,95.22263144378394,93.12528864386898,93.37300872802734,2390900
2015-12-14,93.70327214202413,94.95837132150008,93.16654965285935,94.21521759033203,3757400
2015-12-15,94.78497350559567,96.0896205175381,94.71065497970943,95.61895751953125,2752800
2015-12-16,96.26302045353458,96.94011469058175,95.30517644514596,96.52725219726562,2471800
2015-12-17,96.62631649991444,96.74192377151195,95.41250629583556,95.45378875732422,1674600
2015-12-18,95.22260022731375,95.51986171094029,93.87667083740234,93.87667083740234,3513500
2015-12-21,94.35559328580955,95.36297879705994,93.76107657568743,95.15654754638672,1924300
2015-12-22,95.45380035926115,96.97313750175086,95.34645838660715,96.79973602294922,1625300
2015-12-23,97.03093751387206,97.50160046822462,96.80798825667382,97.41902923583984,1360900
2015-12-24,97.18783556444362,98.07962012763267,97.13003506311371,97.59244537353516,568600
2015-12-28,97.38602151262653,97.72456553192055,96.98967068782736,97.65025329589844,924200
2015-12-29,98.30625421854276,99.26955560008992,97.79969165336281,99.21142578125,1624200
2015-12-30,99.07855379335388,99.53529260875224,98.04882286079898,98.15677642822266,1720500
2015-12-31,97.74988327422632,98.02392660713576,96.93606568250722,97.03571319580078,1626200
2016-01-04,95.51601181474761,95.83988519438563,93.4399377710499,94.44476318359375,3094500
2016-01-05,94.85996800049932,95.83987509933561,94.47796484130211,95.39974212646484,2743300
2016-01-06,94.45307991338586,94.53612162294074,93.19913552705157,93.62265014648438,2288200
2016-01-07,91.89534616353072,93.7638128364515,91.68773875542841,92.65933990478516,3919600
2016-01-08,93.17422508492866,93.32370270886783,91.11476263918564,91.3140640258789,2271500
2016-01-11,91.58810424804688,92.00331915188116,90.4587192027635,91.58810424804688,2454900
2016-01-12,92.2026117088961,93.30708476797103,91.39709385882905,93.09117126464844,2913200
2016-01-13,94.05447368345364,94.44477667312374,91.3057469487386,91.3970947265625,4265200
2016-01-14,91.71267617288767,93.29879391797567,91.18950130393223,92.19432067871094,13089100
2016-01-15,92.19432067871094,92.19432067871094,92.19432067871094,92.19432067871094,6885700
2016-01-19,92.1445064673432,92.74241704489347,90.5583885578152,92.06977081298828,5347900
2016-01-20,91.3472742611846,92.67596061966655,89.84419841212151,91.92027282714844,6027400
2016-01-21,91.50506029715235,92.26074810910262,89.8442007224226,90.87393188476562,3970800
2016-01-22,91.09813614030472,92.15278541405084,90.91544692710009,91.38048553466797,2296000
2016-01-25,91.30573663538046,91.33895458135305,89.5369237781485,89.6864013671875,2985000
2016-01-26,90.10994572485228,91.1479830480352,89.68642472300408,90.16807556152344,2669500
2016-01-27,89.81098661086357,91.27254487310975,88.91412088159818,89.76946258544922,3433200
2016-01-28,90.14315784490968,91.21440671770151,90.03519791545314,90.94866943359375,3313800
2016-01-29,91.49676379772788,93.97974734773047,91.34728616693671,93.8967056274414,4205800
2016-02-01,93.23234722950357,94.43647419404238,92.86696243998519,94.07108306884766,2824100
2016-02-02,93.04965851621235,93.84687033730256,92.92509278323779,93.3984375,2200000
2016-02-03,93.98804448592811,94.01295636607898,91.82062221333068,93.69739532470703,2110100
2016-02-04,93.22401345002153,94.15409039534299,92.6593211607875,94.02122497558594,2777300
2016-02-05,93.83855868129264,94.12090174593489,92.82543340571566,93.21573638916016,2718400
2016-02-08,92.70086698248463,92.70086698248463,89.6365856365144,90.42549133300781,4743000
2016-02-09,88.7064936169086,92.36869135910166,88.7064936169086,91.82891082763672,2312300
2016-02-10,92.85033414546277,93.23233101186561,91.8621272020832,92.75068664550781,2431700
2016-02-11,91.09813336449639,92.5679974461194,90.81579031441214,92.0448226928711,2159700
2016-02-12,93.00813891091408,94.96795377339106,92.75900743313204,94.92642974853516,1884200
2016-02-16,95.69873917208167,96.69525884588727,94.68561368810077,96.05582427978516,2931800
2016-02-17,96.52917839143836,97.46756831677234,96.08905151898306,97.0855712890625,1864900
2016-02-18,97.08553063775078,97.55056920099513,96.18866512091503,96.62879180908203,2208000
2016-02-19,96.07243642563776,96.7616884222658,95.55756761072101,96.05582427978516,2102400
2016-02-22,97.01909347206856,97.72495737790948,96.43778893997738,97.23500061035156,1281500
2016-02-23,96.85302660139402,96.94437438748203,95.90633712346079,96.08072662353516,1316800
2016-02-24,95.15063806672784,96.7450615956388,95.15063806672784,96.47932434082031,1312100
2016-02-25,96.9360651385202,98.35609921606918,96.76997539116955,98.3145751953125,2264600
2016-02-26,99.02043344105151,99.53530212438825,97.55888176340159,97.58379364013672,1671200
2016-02-29,97.16028510809267,97.68345359321579,95.89803461917235,95.9395523071289,1842700
2016-03-01,96.3298514403715,97.74988555908203,95.74855314698458,97.74988555908203,1833200
2016-03-02,97.25162049107186,98.36439322297163,97.1021428949998,98.28965759277344,1251600
2016-03-03,98.40590516708917,98.40590516708917,97.19347874134527,97.85781860351562,1484000
2016-03-04,97.70839310801573,97.74991080502261,96.18870474551517,97.30978393554688,1851700
2016-03-07,96.75336980096803,97.4675398769853,95.9976757041011,97.450927734375,1866900
2016-03-08,96.70354183720728,97.75819116751121,96.53745842150528,96.56237030029297,1273900
2016-03-09,97.16029488925135,97.83294105722179,96.70355592601393,97.80802917480469,1438700
2016-03-10,97.96578480457907,98.68825453035261,96.90283588820053,97.65852355957031,1689900
2016-03-11,98.6135483230406,99.64327960101369,98.0156377952894,99.61006164550781,1322700
2016-03-14,99.05363397232323,100.10828303029643,98.65503134329481,99.43563079833984,2149900
2016-03-15,98.28967675748748,99.65158119361271,95.91464689885224,99.23636627197266,1479000
2016-03-16,98.82114859276149,99.5934485788883,98.58862925683974,99.19483947753906,1719900
2016-03-17,99.23637036293887,100.88892404520239,98.88759133494545,100.47370910644531,1745800
2016-03-18,100.7145148826183,101.76085809814262,100.24947626935236,101.70272827148438,3715700
2016-03-21,101.27921477530057,101.53664597858295,100.34913114483545,100.80587005615234,1441600
2016-03-22,100.57335974024102,100.63979564886948,99.65158209897137,99.75123596191406,1678700
2016-03-23,99.73462377409638,99.8425837094905,98.80454639640524,99.30280303955078,1977200
2016-03-24,99.07858152807133,99.64327406896577,98.39762931719952,99.32771301269531,1303800
2016-03-28,99.3276893782028,99.64325035938721,98.79621491743153,99.00382232666016,1305200
2016-03-29,99.00381676356939,99.78048127165454,98.50273795462537,99.7303695678711,955700
2016-03-30,100.13962593275926,100.49037614747148,99.66359959231278,99.99765014648438,1122900
2016-03-31,99.85565582791952,100.223111983014,99.5049057006836,99.5049057006836,1511900
2016-04-01,99.16248890872336,101.074921066988,98.92030250913716,100.92459869384766,1500700
2016-04-04,102.720130910013,102.83704762246836,100.46530131667907,100.70748138427734,2243700
2016-04-05,100.20639811580347,100.21475112907926,98.21880784547702,98.50274658203125,1927000
2016-04-06,98.53617092475952,99.64688615594683,98.16036808544759,99.53832244873047,1840700
2016-04-07,98.81175633690074,99.18755915059869,97.90147529544065,98.23551940917969,1388400
2016-04-08,98.97042183481692,99.61346369796762,98.66977706538785,99.22095489501953,1455800
2016-04-11,99.23768739615481,100.28993799838933,99.02055358886719,99.02055358886719,2328900
2016-04-12,98.91199173551917,99.98930140510126,98.44431842089266,99.73876190185547,1504300
2016-04-13,100.32332757574082,100.78264779209574,99.51326358646148,100.64067840576172,1529000
2016-04-14,100.62398037141732,101.44240381153973,100.27323019914354,100.49871063232422,1525400
2016-04-15,100.83276412848697,101.40900112246885,100.44860825632699,100.68244171142578,1575000
2016-04-18,100.67408499382616,101.9017105102539,100.26487011686709,101.9017105102539,1479300
2016-04-19,102.39443641689414,102.86210328029519,101.70128276472248,101.9017105102539,1308400
2016-04-20,102.07709288794042,102.51970708362852,101.4256915589175,102.37773132324219,1565900
2016-04-21,101.8516098311758,102.3359827455855,98.44430614368363,98.60298156738281,3110200
2016-04-22,98.86185475584581,99.75543607762994,98.73659140770805,99.63017272949219,1618400
2016-04-25,99.79722011914545,99.79722011914545,98.77001580316896,99.42141723632812,1266600
2016-04-26,99.63855132297617,100.01436060234867,98.99550923422738,99.17923736572266,1347300
2016-04-27,99.31283940280278,99.51327353806514,98.19377748593145,98.87857818603516,1477700
2016-04-28,98.09355293036916,98.80340625032336,97.55907468676952,97.86807250976562,1810900
2016-04-29,97.7093983316833,98.5111157072627,97.41710653404758,98.42760467529297,2016200
2016-05-02,98.15199473208997,99.73872953763717,97.6843279407009,99.3378677368164,1826900
2016-05-03,98.55286171727565,99.06228722961511,98.17705256458386,98.76164245605469,1484800
2016-05-04,98.28563947699115,99.10405654528758,97.61753844976322,98.39420318603516,1789600
2016-05-05,99.90576534540958,102.40278778158621,99.78050198864742,102.2691650390625,3177400
2016-05-06,101.55096482157153,102.41114057087385,101.00813354758476,102.17730712890625,1929700
2016-05-09,101.71800065012211,102.76190457152532,101.46746116039179,102.63663482666016,1243500
2016-05-10,102.9205579461862,104.62420965079669,102.63661918115923,104.57410430908203,1636200
2016-05-11,104.12315491080886,104.41544673989338,103.19616770179512,103.35484313964844,1733600
2016-05-12,103.58028804200802,105.07515873660266,103.48842401703705,104.70770263671875,1725300
2016-05-13,104.37368386610926,105.09188384298983,104.10644473914711,104.4906005859375,1510200
2016-05-16,104.3152162858513,105.03341619925071,104.08972950933934,104.63256072998047,1246100
2016-05-17,104.46555303268248,104.73279856052406,103.27133303043179,103.60537719726562,1348900
2016-05-18,103.37988819244511,105.27561480543358,102.89551527054196,104.90816497802734,1637500
2016-05-19,104.34025531522104,104.43211934231113,103.62204912423422,104.26509094238281,954500
2016-05-20,104.83301839034885,105.7516526721004,104.39040409641758,105.0167465209961,1291000
2016-05-23,104.7494870835167,105.37582938696478,104.39038390801379,105.12528991699219,1286500
2016-05-24,105.43428539844584,106.94585608488752,105.26726333650694,106.11073303222656,1668800
2016-05-25,106.4197323525391,107.01266896369172,105.96876513318007,106.20259857177734,1761100
2016-05-26,106.5617132933788,106.6953360564782,105.27562287022532,105.53451538085938,1062200
2016-05-27,105.72656807691108,106.29445195861732,105.45932897796007,106.24434661865234,1240600
2016-05-31,106.41137959070485,106.56170199751502,105.22550636558208,105.73493194580078,1740400
2016-06-01,105.3173686442673,106.45313650521098,104.82464273019694,106.33621978759766,1286200
2016-06-02,106.26941652889464,106.7370834350586,105.78504359237698,106.7370834350586,991100
2016-06-03,106.26939608819474,106.89573830482458,105.15033438612771,106.52828216552734,1188800
2016-06-06,106.50321367460799,106.8289110691526,105.2922881176069,105.8935775756836,1543400
2016-06-07,106.077334935051,106.36963312158197,105.50945096375186,105.55956268310547,1234200
2016-06-08,105.39253055108922,106.12744294205356,105.32572554676078,105.99382019042969,1140900
2016-06-09,105.55956299845064,105.86855447321639,105.19210678901709,105.64307403564453,870200
2016-06-10,105.00001332692219,105.73491924332647,104.71606820528882,105.0584716796875,936100
2016-06-13,105.08352272124121,105.59294823236783,103.84753794715961,103.9644546508789,1219900
2016-06-14,103.83085203982185,104.10644418000109,103.4550428382638,103.87260437011719,1415800
2016-06-15,104.33192200999954,104.75783654591687,103.63876835519909,103.7640380859375,1369500
2016-06-16,102.98738358380618,104.67432949389615,102.93727823515002,104.64093017578125,1440600
2016-06-17,104.62421045188958,104.62421045188958,103.32142058546984,103.49679565429688,2489500
2016-06-20,104.34862757431264,105.04178126835073,104.03963610868095,104.13984680175781,1311400
2016-06-21,104.6659747733784,105.08353630391467,104.16490221103153,104.79124450683594,1045600
2016-06-22,104.79124139741971,105.59295874768242,104.36532686489532,104.84134674072266,1224600
2016-06-23,106.01052254340632,107.5471459048859,105.55955532954168,107.43022918701172,1944300
2016-06-24,103.71393824251172,105.26726769448634,102.72013972982809,103.50515747070312,2523300
2016-06-27,102.51134597659818,102.68672103813093,101.1166921266834,101.74303436279297,1859600
2016-06-28,103.21280252397709,105.16972351074219,102.4989061524996,105.16972351074219,1762000
2016-06-29,105.9844361242136,107.3450373263478,105.49730429264172,107.30304718017578,1379200
2016-06-30,107.42064888176016,109.8311066898306,107.10149039385587,109.78071594238281,1799700
2016-07-01,110.02426003307475,110.02426003307475,109.04999633414926,109.4531478881836,1074500
2016-07-05,108.62166082298369,109.13398803601486,108.05053586991733,108.32769775390625,1180600
2016-07-06,107.96653608796998,108.78122040780039,107.5633974274555,108.63003540039062,1456600
2016-07-07,108.52927082762345,108.96601192021207,107.37863317312876,108.03374481201172,1410500
2016-07-08,109.27674446420052,109.48671438186938,108.25209024073277,109.38593292236328,1112500
2016-07-11,108.83162072145772,109.66310629655955,108.44527039343264,109.14237213134766,1169600
2016-07-12,109.85629810245668,109.85629810245668,108.65526313086825,108.88203430175781,1755600
2016-07-13,109.29358619243683,109.29358619243683,108.66367620574204,108.76445770263672,945200
2016-07-14,109.83946290022853,109.97384672399521,108.72242139431826,109.1003646850586,1938100
2016-07-15,109.6546920035665,109.6546920035665,108.61324937350824,108.8232192993164,1074700
2016-07-18,108.75604469149557,109.1675776096164,108.47888280745848,108.58805847167969,896600
2016-07-19,108.36130805194361,108.47048372413329,107.60540845424866,108.20172882080078,1178700
2016-07-20,108.63004525784423,108.84842219774715,107.68098984208649,107.7481689453125,1021500
2016-07-21,107.79015694603758,108.03372923421593,106.8578963800379,107.16864776611328,1584900
2016-07-22,107.45423172512032,108.02534388050931,107.02589120080376,107.91616821289062,939700
2016-07-25,107.86575653274768,108.01694156079125,107.11827043135041,107.4542236328125,1040000
2016-07-26,107.74815411277766,108.20169629818167,107.0594594673573,107.68936920166016,1185600
2016-07-27,106.93350827114807,107.52982222931604,106.698342925141,106.81592559814453,1372000
2016-07-28,106.47154165728908,106.83269016732712,105.87522786774224,106.2195816040039,1456400
2016-07-29,105.82484783999395,106.24478771237489,105.18653743979824,105.20333862304688,1909000
2016-08-01,104.35507158640311,105.74927521612638,103.05325525300006,105.21174621582031,1969500
2016-08-02,105.03537298279875,105.25374354003866,104.6994261658448,105.01017761230469,1349000
2016-08-03,105.10254549663384,105.83324314487434,104.84218483925125,105.37970733642578,1450700
2016-08-04,105.63166866145816,105.91723109585796,105.11094734048736,105.36290740966797,1151500
2016-08-05,106.22797641859115,106.66471099853516,105.5476695738346,106.66471099853516,1767600
2016-08-08,106.8663015470527,107.06787730810294,106.38757032816325,106.74031829833984,1532600
2016-08-09,106.62273186555903,106.7907116604852,106.4211625194216,106.5135498046875,1011200
2016-08-10,106.42116759950821,106.63953813944931,105.99282711171682,106.00962829589844,1079900
2016-08-11,106.10200180196239,106.42115377443535,105.82483996894001,106.32036590576172,883800
2016-08-12,106.24479829663942,106.42957288413837,105.96763641539097,106.10202026367188,881200
2016-08-15,106.27840705693094,106.50517181849413,105.95925499049284,106.11882781982422,1191500
2016-08-16,105.78285622313334,106.26158744366364,105.67367415802089,105.8836441040039,881300
2016-08-17,105.86683922266286,106.0684085573898,105.41330341369702,105.90042877197266,1170900
2016-08-18,106.8999048237366,106.98389152603538,105.56449895619473,106.88311004638672,1599000
2016-08-19,106.50515228218245,106.9418933538022,105.84164649059511,106.22799682617188,1126300
2016-08-22,105.91726915434282,106.1944310970284,105.48892855271747,106.09364318847656,810200
2016-08-23,105.86683189851523,106.22798040245983,105.27891230188953,105.30410766601562,1196900
2016-08-24,105.10255074687684,105.36291141726537,104.9009814023107,105.20333862304688,794800
2016-08-25,105.11935745681744,106.21959792981339,105.01016898328245,105.875244140625,939300
2016-08-26,106.08520671472965,106.6395304126212,105.20333684232105,105.74925994873047,987600
2016-08-29,105.90883337467521,106.95868304414617,105.90883337467521,106.73191833496094,1033700
2016-08-30,106.7319326759235,106.89150548983775,106.27839678884014,106.8663101196289,1188700
2016-08-31,106.84950767997168,107.08467299542363,106.24479320722423,106.60594177246094,1408300
2016-09-01,106.63114322667646,106.97549703522334,105.78286279800393,106.74872589111328,1219600
2016-09-02,107.08468628091454,107.79018231479795,106.80752437855675,107.34504699707031,1087200
2016-09-06,107.21067700617184,107.5718256413437,106.67315435025682,107.53822326660156,1047200
2016-09-07,107.03430005166209,107.61381925234488,106.70674739243495,107.1098861694336,1263800
2016-09-08,106.97549386661161,107.13506667346384,106.18600479354215,106.2531967163086,1082700
2016-09-09,105.58126954429966,105.7072527727717,104.38024139404297,104.38024139404297,1720500
2016-09-12,104.14510745058017,106.32039331272718,103.84275017439195,106.0852279663086,1718200
2016-09-13,104.85059500394019,106.31199052316612,104.85059500394019,105.6988754272461,1839700
2016-09-14,105.71568692850444,105.74088230064382,104.4558670593334,104.69103240966797,1258500
2016-09-15,104.50623600290216,105.67366832551099,104.29626606850813,105.33771514892578,1188500
2016-09-16,104.8086088580489,105.37972742112004,104.04431510709385,104.74141693115234,1995200
2016-09-19,105.32095634607198,105.74929695271263,104.73303648429979,105.22856903076172,917700
2016-09-20,106.09361144141093,106.26998542276716,105.10255306442777,105.11935424804688,781100
2016-09-21,105.43011293013068,106.30358871311276,105.20334819782715,106.23639678955078,1449800
2016-09-22,106.60595934934629,107.11828661724093,106.40438996112105,107.04269409179688,953400
2016-09-23,106.17759754500175,106.38756748465305,105.38811492919922,105.38811492919922,1477500
2016-09-26,104.85900085213608,105.04377544942182,104.2458921332606,104.4642562866211,1451300
2016-09-27,104.53143738169405,105.72406513977785,104.37185817188909,105.22013854980469,1132400
2016-09-28,105.39750844276624,106.1829228067057,105.10191733420666,106.14069366455078,865300
2016-09-29,105.9886537979591,106.27579128122017,104.7387449261037,105.05122375488281,899200
2016-09-30,105.39749099158486,106.51227186131314,105.30459204883573,106.11534118652344,1646200
2016-10-03,105.93799187084961,106.01399658327232,104.56984905788748,104.89921569824219,1033200
2016-10-04,105.20325506086532,105.4903990295547,103.56486241286049,103.84355926513672,1585200
2016-10-05,104.46848971382951,104.7049638233513,103.66618778283485,104.02088928222656,1189800
2016-10-06,104.09691466732403,104.2996003456639,102.67810203242178,102.93145751953125,2307400
2016-10-07,103.4635310572894,105.64241690788518,103.4635310572894,105.08502960205078,2489700
2016-10-10,105.93798391466109,106.04777063878025,105.24546866601946,105.46504211425781,945200
2016-10-11,105.11880710341205,105.34682770888101,104.17292977137532,104.5022964477539,1389600
2016-10-12,104.71342465937559,105.66774906618073,104.49385118028472,105.50728607177734,925900
2016-10-13,104.83162466067533,105.92951747462088,104.24045557209531,105.75216674804688,1211400
2016-10-14,106.42782474682973,106.94298932216165,106.11535230961212,106.28425598144531,1403400
2016-10-17,106.32649158081253,106.6727460620856,105.95489574828903,106.14069366455078,869600
2016-10-18,106.82473529220287,107.04431517873383,105.76063076271002,105.85352325439453,1491500
2016-10-19,106.16599148699589,106.67270879953796,105.85351269668584,106.43624114990234,915300
2016-10-20,106.10689095551714,106.10689095551714,103.80976524454871,103.90266418457031,2238800
2016-10-21,103.03279319014898,103.26081374987926,102.59363985748806,102.9483413696289,2094300
2016-10-24,103.53952157095559,104.10535591621993,103.05813905519521,103.26927185058594,1302200
2016-10-25,103.34529182286059,103.91112621639107,102.93146686944684,103.41284942626953,1508800
2016-10-26,105.02587090562443,107.41589507346195,104.35869067273374,107.25543212890625,3248600
2016-10-27,107.48348185676912,107.8719718747472,107.06966337724143,107.26390838623047,2114200
2016-10-28,107.57638692996215,108.57293404995086,106.61362183273296,107.6861801147461,2234500
2016-10-31,108.13373865894827,108.41243542267347,107.15408609393529,107.25543212890625,1615200
2016-11-01,107.4665936750014,107.62705666256811,105.39749484166752,105.98021697998047,1381400
2016-11-02,106.02244849850385,106.41093208052706,105.29615114503295,105.3299331665039,1227200
2016-11-03,105.68461907231273,106.26734758066061,104.94143403982301,105.10189056396484,1147000
2016-11-04,105.43127311635176,105.88732074273865,103.94490282656685,103.9702377319336,1565400
2016-11-07,105.21169856394526,105.53261810074183,104.71342180487345,105.14413452148438,1893200
2016-11-08,105.16944849468125,106.27578208592182,104.7809649927438,105.88729858398438,1846500
2016-11-09,105.30460308694109,106.69807448772008,104.29960884272602,106.28425598144531,2500400
2016-11-10,106.71497900311424,106.97678165265964,105.04280414049434,106.79943084716797,3074500
2016-11-11,106.61361961901025,107.23857736219169,105.96333341336262,107.1287841796875,1781300
2016-11-14,107.61017393750491,108.04088669356298,106.7825368929755,107.1710205078125,1914100
2016-11-15,106.58829881700292,106.69808557077216,105.41440077901832,105.66776275634766,1962900
2016-11-16,105.24546815732005,106.0562172413285,104.80630837644402,105.92108917236328,2151400
2016-11-17,105.76907143442443,106.39402907737708,105.13567311975737,105.85352325439453,1263800
2016-11-18,106.09845059026958,107.02744004958976,105.56639826260026,106.66429138183594,1989700
2016-11-21,107.13721311968871,107.46657972479895,106.54604394212184,107.29767608642578,1622200
2016-11-22,107.75373517223484,107.75373517223484,106.4531627646495,106.75719451904297,1645700
2016-11-23,106.95987795189525,107.67772818447273,106.36870224492543,106.99365997314453,1077700
2016-11-25,107.29771374090141,107.36527135400252,106.47007015859826,106.95989990234375,534200
2016-11-28,106.62206742143262,107.21323670309816,106.15757266922259,107.05278015136719,1576200
2016-11-29,107.26391236005605,108.59826679455557,106.58828480483811,108.30268859863281,1722900
2016-11-30,108.89385221433622,109.4259109804625,107.71150727581971,108.09999084472656,2924200
2016-12-01,108.37024634560466,109.02052607076237,107.85507537115868,108.96985626220703,1810900
2016-12-02,108.58982065953818,108.91074663159236,107.91419313830352,107.9479751586914,1663900
2016-12-05,108.36178511017607,109.01207767579027,108.09998252683742,108.70804595947266,1399200
2016-12-06,108.91919565796071,110.0339701999525,108.44626022278091,109.86506652832031,2318100
2016-12-07,110.15217043656864,111.6047647649679,109.72146427239404,111.545654296875,2454500
2016-12-08,111.84126463674298,112.3142129503642,111.09808591695746,111.64702606201172,1951500
2016-12-09,111.74839155612163,112.29733176495527,111.04742900718728,111.88350677490234,1244600
2016-12-12,111.97639495214301,112.31421518287313,111.43589546949897,112.20442199707031,1438100
2016-12-13,112.66887792706326,113.07424917769738,112.20438332398267,112.54219055175781,1628400
2016-12-14,112.49153670910088,112.63510544559135,110.14374134951055,111.37676239013672,1660100
2016-12-15,111.50345598218324,112.84625752965717,111.25009403879555,111.77371215820312,1586000
2016-12-16,112.11994451738754,112.28040748868978,111.25007851282245,112.07772827148438,2739900
2016-12-19,112.21284431671337,112.73646236707036,111.95949529325907,112.52532958984375,951000
2016-12-20,112.87154377936,112.97289624493892,111.96790246419275,112.31416320800781,1255300
2016-12-21,112.51690078571347,112.75336851730971,112.18753409623837,112.5929183959961,984500
2016-12-22,112.8124920850408,112.90539104307743,111.95106655474892,112.58446502685547,1224000
2016-12-23,112.59292273952423,112.80405557134614,112.06086387964487,112.41556549072266,911200
2016-12-27,112.40709783531194,112.71112955561921,111.86659843104594,112.05238342285156,968400
2016-12-28,112.44290497047383,112.79946076727724,112.1712489626713,112.19671630859375,1005500
2016-12-29,112.29857769016397,112.60419877334468,111.92503937139998,112.2646255493164,953200
2016-12-30,112.62121901688069,112.90137284972576,111.88262692887368,112.16278076171875,1351400
2017-01-03,112.68913378523482,112.68913378523482,111.22894514842959,111.8147201538086,1401100
2017-01-04,112.1542563778285,112.34102553380593,111.22041059794134,111.65338134765625,1324400
2017-01-05,111.61943120084157,111.96750221576423,110.21867529731921,110.89783477783203,1731400
2017-01-06,111.10159023610915,112.0439210802624,110.93180357895997,111.49211120605469,1595500
2017-01-09,111.27984201704486,111.67034991859538,110.6601150709134,110.79593658447266,1536900
2017-01-10,110.7535171508789,111.44116143940512,110.63466521155202,110.7535171508789,1134900
2017-01-11,110.32901355653485,110.73650395661872,109.904540611564,110.66858673095703,1545000
2017-01-12,110.26959979713087,110.54126874577638,109.49705579754469,110.18470001220703,1225700
2017-01-13,110.61767572443753,110.99969886589416,110.33752196633226,110.57522583007812,1059700
2017-01-17,110.12532567900435,111.59399929236938,109.79423710827135,111.2034912109375,1999500
2017-01-18,111.4411635708085,112.11182532257502,111.07610999410767,112.0354232788086,1868100
2017-01-19,112.14578127408988,112.40045473253626,111.13553337595579,111.44115447998047,1626900
2017-01-20,111.77224170362456,112.46837073888933,110.99121288054971,111.56000518798828,1801700
2017-01-23,111.67036518071716,111.75526497294688,111.20345518512245,111.57698059082031,1010600
2017-01-24,111.86563664136429,112.75703268030949,111.67036970210776,112.0354232788086,1359800
2017-01-25,112.57027068011408,113.1984825741558,112.49385567757876,112.96927642822266,1294200
2017-01-26,112.90983495829234,113.24940822773877,112.37499475271882,112.96076965332031,1045800
2017-01-27,113.07111280312185,113.18147992152412,112.34950356630065,113.16449737548828,1105600
2017-01-30,113.13057652369802,113.13057652369802,111.38174926084558,111.8147201538086,1497300
2017-01-31,111.33927055283966,112.06087988517092,110.82141293824506,111.62792205810547,1521400
2017-02-01,109.4036745045047,110.09981649091945,107.94349272330541,109.07258605957031,3620600
2017-02-02,108.79243788794723,111.1864721156152,108.66510115408809,111.01668548583984,2037900
2017-02-03,112.0609035834676,112.2816249422765,111.16950744145716,111.44966125488281,1486600
2017-02-06,111.29683977501931,112.27312261621316,111.14402273978374,111.57698059082031,1056400
2017-02-07,112.05238487636208,112.05238487636208,110.66859877985559,110.99968719482422,1526400
2017-02-08,110.82993829229724,111.37326338769171,110.50733456400637,111.06764221191406,983400
2017-02-09,111.06764161008272,112.23919160319753,110.94029189776171,111.95903778076172,919900
2017-02-10,112.2306622435163,113.08810602177064,111.84015432504799,112.70606994628906,867400
2017-02-13,112.8673941566742,113.72483810504274,112.27313441030897,113.59748840332031,1007500
2017-02-14,113.63993040334515,113.89461683519261,112.88436885966136,113.75029754638672,1006200
2017-02-15,113.79274606717402,114.22571693153132,113.35130335787626,114.1493148803711,936800
2017-02-16,114.01349103246746,115.23597578086117,113.84370436272224,115.22747802734375,1421100
2017-02-17,114.90485411853815,115.66890038909406,114.38699650506261,115.61796569824219,1431500
2017-02-21,115.49061826347398,116.19524505970371,114.71808718071358,116.0763931274414,1318700
2017-02-22,115.4566727797082,117.07816298429796,115.02371492018463,116.95081329345703,1244000
2017-02-23,117.15456250544035,118.25819503286371,116.85742618709537,118.01199340820312,984900
2017-02-24,117.56202873199472,118.30062049956616,116.93381703442827,117.50260925292969,978200
2017-02-27,117.32436147388111,117.70638467057832,116.45843272851415,116.823486328125,897800
2017-02-28,116.19524900576657,117.58752009693121,116.04244492504961,117.29888153076172,1463200
2017-03-01,118.09691397545498,119.32788345363703,117.19703301835489,119.17507934570312,1602500
2017-03-02,118.57232124897838,119.12414408412033,117.48567108468536,117.49415588378906,1161800
2017-03-03,117.45167880886365,117.77426946518865,116.84892147723858,117.70635223388672,1240900
2017-03-06,117.08665719522779,117.47717814308984,116.78103604808513,116.89140319824219,1204600
2017-03-07,116.56029431114423,116.95080223680179,116.25467321746552,116.65367889404297,1133600
2017-03-08,117.06965059662454,117.47715401170197,116.1273199993263,116.27165222167969,1133300
2017-03-09,116.48389227619671,117.00174988065541,116.27165576541672,116.65367889404297,1051500
2017-03-10,116.98476318910906,117.06116522135044,116.40747316421303,116.99324798583984,1074900
2017-03-13,116.89987256760394,117.32434560739473,116.4159800382648,116.7640380859375,1285400
2017-03-14,116.5518274366036,116.99328312306321,116.28865616614047,116.5857925415039,1016400
2017-03-15,117.09514374449299,117.62149919981957,116.54333389323904,117.37529754638672,1422000
2017-03-16,117.45169411784194,117.66393063561623,116.54331560390129,116.92533874511719,1214200
2017-03-17,116.9848154446672,117.239501953125,116.43299251735968,117.239501953125,2874900
2017-03-20,117.03568822123374,117.03568822123374,116.38199621802923,116.42444610595703,950800
2017-03-21,116.70461641963267,117.0611722119398,115.15104356850871,115.52458190917969,1656900
2017-03-22,115.52458372938636,116.36504500913837,115.21047782609531,116.00847625732422,1298200
2017-03-23,115.89812346876204,117.12060790713299,115.79624112963828,116.01697540283203,1546500
2017-03-24,116.01697169462321,116.24617780407478,115.06614329856497,115.50759887695312,942600
2017-03-27,114.60772178893832,116.04244274914065,114.43793516225108,116.01697540283203,1148200
2017-03-28,115.5161116419468,117.43472532394503,115.42272704503283,117.15457153320312,1466700
2017-03-29,116.77913952074371,116.87299337536403,116.24162473426722,116.46345520019531,1034300
2017-03-30,116.18187042388881,117.14600409972537,116.13067978959327,116.93270111083984,726100
2017-03-31,116.93272489495575,116.94125232941241,116.22455726553677,116.25015258789062,1709100
2017-04-03,116.35257111925488,116.57441467597413,115.74679760434016,116.26725769042969,1128500
2017-04-04,116.19894143718162,117.26545641032709,116.19894143718162,117.18013000488281,955900
2017-04-05,117.45321598767833,117.83715894387217,116.6170585055819,116.70238494873047,1157400
2017-04-06,117.04363540255872,117.72620772002617,116.37813097324859,117.3934555053711,1437100
2017-04-07,116.83889045689952,117.76888870759852,116.83889045689952,117.29109191894531,1010600
2017-04-10,117.29109323046292,118.10164229306196,116.59999336636284,117.72622680664062,1004600
2017-04-11,117.23134678641873,117.80301039622545,116.98392098581803,117.57263946533203,917100
2017-04-12,116.97540117939424,117.09485037005751,116.39521009689732,116.90714263916016,1904400
2017-04-13,116.63409330626303,117.0265766068077,116.2501504590025,116.65116119384766,1124800
2017-04-17,116.94127669378565,118.03338740503438,116.6767829617001,117.90541076660156,1017100
2017-04-18,117.5640761430968,118.06748111919924,117.29958250525324,117.316650390625,1206800
2017-04-19,118.06753454607198,118.06753454607198,116.51468174910701,116.864501953125,1463500
2017-04-20,116.63412639800909,116.92421547433445,115.86624048562139,116.70238494873047,1714100
2017-04-21,116.50612872960858,116.80474518877074,115.55052221092866,115.59318542480469,2472200
2017-04-24,117.19724967721999,117.44467553197106,116.05394824535836,116.70238494873047,2436500
2017-04-25,117.17164246304544,117.5641128161499,116.76210421924505,116.99246215820312,1870400
2017-04-26,118.07604478707206,119.78246931641424,117.57265267547275,118.53677368164062,2167500
2017-04-27,118.68179922981182,119.00601095007731,118.03334975131591,118.10160827636719,1032800
2017-04-28,118.09312299271207,118.28083074885423,116.94982158274598,117.1033935546875,1489400
2017-05-01,117.12899406650584,117.564127691916,116.63412932559493,116.7962417602539,1411500
2017-05-02,117.0607320986066,117.18872176280773,116.53174460640636,116.91568756103516,1535000
2017-05-03,116.87300188471976,117.76887728605313,116.75355269914097,117.36786651611328,1241300
2017-05-04,117.72618771357675,118.0162896870146,117.27398639663602,117.99922180175781,1458000
2017-05-05,118.18694523234468,118.31492184137016,117.16309330318995,117.52996826171875,1474100
2017-05-08,117.63238197981494,117.70064052977507,116.94982251818806,117.0863265991211,772200
2017-05-09,116.89006878095805,117.17163036292756,116.03685660007514,116.30989074707031,1045200
2017-05-10,116.65969541100566,117.89685044365773,116.51465090556218,117.74327850341797,2057900
2017-05-11,117.23988421032003,117.48731000452626,116.69382895715545,117.06924438476562,1395100
2017-05-12,116.74503701770362,117.15457526392156,116.49759816760292,116.66825103759766,1009800
2017-05-15,116.59142054007322,117.40198239660786,116.47197137473904,117.20573425292969,1053500
2017-05-16,116.26723347082428,117.54705180749605,116.26723347082428,116.90714263916016,871900
2017-05-17,116.9071533323942,118.00779147425126,116.5829284913726,117.56411743164062,2081500
2017-05-18,117.42760346934246,119.36438585923041,117.37641281854161,118.22108459472656,1798200
2017-05-19,118.42588914905593,118.45148448070945,117.75184403154367,118.1528549194336,1615100
2017-05-22,118.34907167447103,119.37292372524354,118.34907167447103,119.24493408203125,1176300
2017-05-23,119.24494864965888,120.12375629400563,119.1340399014412,119.97018432617188,1103000
2017-05-24,119.94457552716753,120.33704585798867,119.68860925720554,120.19200134277344,1003100
2017-05-25,120.72096509489154,121.89838874861452,120.49912165279865,121.80453491210938,1001600
2017-05-26,121.72776054930499,121.89840035401983,121.36088562011719,121.36088562011719,979700
2017-05-30,120.83186973346028,121.3011389002048,120.69536571866443,121.06224060058594,844500
2017-05-31,121.12198534493774,122.23115056726637,121.01106361511194,122.17143249511719,1332400
2017-06-01,122.5297885078739,123.58777618408203,122.18850888018522,123.58777618408203,1297200
2017-06-02,123.44275980538927,123.95469243648931,123.16121117917064,123.83524322509766,1270000
2017-06-05,123.84373625371761,124.46659048626833,123.57924257476397,123.7584228515625,1091800
2017-06-06,123.37449677176313,123.85229354955484,122.98201340772809,123.0161361694336,1223600
2017-06-07,123.52804871510102,123.63897045589856,122.96492559579865,123.10997009277344,1414200
2017-06-08,123.10996183198563,124.0399728674533,123.07583907809804,123.68162536621094,1480600
2017-06-09,123.6645686984389,125.13209460941043,123.44272521160443,125.04676818847656,1225800
2017-06-12,125.05535393281184,125.05535393281184,123.88644403380098,124.29598236083984,1937400
2017-06-13,124.48364465862895,124.84200521022044,124.15089244842308,124.3386001586914,1307900
2017-06-14,124.24475628269485,125.27714877209077,123.98026258397776,125.15769958496094,1372800
2017-06-15,124.884650831034,125.86585255679637,124.56896652031065,125.76345825195312,1225600
2017-06-16,126.23272990998585,126.23272990998585,124.89319365825116,125.91704559326172,2107000
2017-06-19,126.16446585057616,126.54842170099289,125.41364807459003,125.51602935791016,1222900
2017-06-20,125.51603459636934,125.69521486864085,125.27713624599645,125.3624496459961,1392500
2017-06-21,125.53313092278263,125.78055676351332,124.95293978402113,125.09798431396484,1205800
2017-06-22,125.09798134148221,125.09798134148221,124.18505096435545,124.18505096435547,1245500
2017-06-23,124.16795415494944,124.7310772577207,123.28914674561699,123.58777618408203,1967500
2017-06-26,123.57072841273182,124.15090647804477,123.13559486374712,124.05705261230469,1249600
2017-06-27,123.93757615850616,124.31299153888573,123.48537481913512,123.52803802490234,1179700
2017-06-28,124.23970732775449,124.98566894981403,124.23970732775449,124.86563110351562,1160100
2017-06-29,125.19148231309656,125.20006485842458,123.74245821583125,124.29977416992188,1345800
2017-06-30,124.94280189395622,125.07999174908778,124.03394199921281,124.65128326416016,1374800
2017-07-03,125.0114044712887,126.38326385711784,124.76274620825362,125.48298645019531,672700
2017-07-05,125.73167935675288,125.8860212825935,124.65133820847032,125.15721130371094,1001300
2017-07-06,125.22572250958181,125.59440544264176,124.62553338416929,124.70269775390625,1212500
2017-07-07,125.14001964878847,125.86024685280698,124.86565298765365,125.62875366210938,1043600
2017-07-10,125.1657257620887,125.32006762010245,124.55696703924562,124.56553649902344,1073300
2017-07-11,124.73704334213508,124.85708121983171,123.60525950715927,123.8539047241211,1127200
2017-07-12,124.13682501963608,124.42834364278778,123.72526854676636,123.84530639648438,1165300
2017-07-13,123.99106123771305,124.61697192559451,123.79385900953142,124.19684600830078,987600
2017-07-14,123.87099304981778,124.8312955777109,123.34796833377442,124.47975158691406,755600
2017-07-17,124.4797434828603,124.89131289642626,124.0939086053896,124.78841400146484,1081400
2017-07-18,124.76275546944444,125.01141375093754,124.06824972311284,124.92566680908203,995800
2017-07-19,125.2171964843694,125.66305707154348,124.80563991021127,125.65448760986328,1028800
2017-07-20,125.88592556838287,126.04025429373306,125.09709069501355,125.71443176269531,1381400
2017-07-21,125.42296476992398,126.43472369008326,125.42296476992398,126.0403060913086,1454700
2017-07-24,126.19464435157526,126.19464435157526,125.68877139510045,125.94599914550781,1117000
2017-07-25,126.54620895731489,127.22357591228705,125.95458896071736,126.34900665283203,2189400
2017-07-26,126.52046634411798,126.88057995944612,123.2022663232648,123.38231658935547,2864600
2017-07-27,123.12505977505195,124.31686862368375,122.31050333489809,122.59345245361328,2491400
2017-07-28,122.92784694084405,124.68555406198028,122.92784694084405,124.62554168701172,2213100
2017-07-31,124.92561018583497,125.81733087762744,124.63409164869304,125.57725524902344,1378300
2017-08-01,125.9116607365608,126.97484918203637,125.52581271487881,126.95771026611328,1319700
2017-08-02,127.08631144231113,127.95229764790864,126.76048889144771,127.6865005493164,1824200
2017-08-03,127.74650462338859,128.6896550385216,127.47212503002248,128.5010223388672,1760100
2017-08-04,128.56104732236895,128.85256582692594,127.89226341984927,128.44100952148438,843700
2017-08-07,128.19237001082044,128.5867874614132,127.94372491683046,128.02088928222656,886500
2017-08-08,127.87518853661288,128.1838592226153,127.21497369205139,127.36073303222656,964500
2017-08-09,127.29209402759224,128.04661185662877,126.90624603095709,128.0037384033203,872900
2017-08-10,127.43787648721836,127.78083800979925,127.094901881494,127.18064880371094,1101500
2017-08-11,127.52363710884045,127.60081458830193,125.44011990945086,125.5601577758789,2126600
2017-08-14,125.8945417395177,126.86342715197439,125.82594680841812,126.38326263427734,1300700
2017-08-15,126.73481940144944,127.5407935683952,126.66622446350229,126.87200927734375,847500
2017-08-16,127.24927862995136,127.70370865943799,126.79484860046475,126.91488647460938,904900
2017-08-17,126.72627231361501,126.91490515548573,125.08860222425979,125.14004516601562,910400
2017-08-18,124.5397864734782,125.47436761755925,124.5397864734782,124.70269775390625,1054100
2017-08-21,124.82273737538185,125.00278757402596,124.11964933039316,124.60838317871094,1289300
2017-08-22,124.6855486705135,124.8055864984027,124.19682790094387,124.59123229980469,1054600
2017-08-23,124.15395655654093,124.55694350341165,123.41657757749478,123.6738052368164,1024500
2017-08-24,123.77669547974848,123.93102423095773,122.26764655208423,122.40482330322266,1523800
2017-08-25,122.4391525481701,123.59665767032475,122.31053214583376,123.15081024169922,1312600
2017-08-28,122.85925466998737,122.85925466998737,120.54423179180304,121.56455993652344,1541100
2017-08-29,120.54420732820587,122.0532690510419,120.54420732820587,121.65885162353516,1242600
2017-08-30,122.20763892754815,122.20763892754815,120.99867786741088,121.0329818725586,1223700
2017-08-31,121.41023172949409,121.53026956569856,120.50135887463985,121.25588989257812,1858500
2017-09-01,121.2987762956346,121.99328192800957,120.30416949915335,120.45851135253906,1397100
2017-09-05,119.4381934963225,120.02981333339453,117.07171414803436,117.3375244140625,2436300
2017-09-06,117.55189567314218,119.30959035178668,116.84880733516651,118.07492065429688,2861600
2017-09-07,117.85195405318585,118.03201736452122,114.73953950329653,115.64839935302734,2786300
2017-09-08,115.26254583938899,122.3962606191309,114.92815377678505,120.76717376708984,4374300
2017-09-11,122.36195406947581,125.90307646389486,122.36195406947581,125.07996368408203,4895200
2017-09-12,125.08856343524909,126.05744881503655,124.53124762818165,126.04886627197266,2330200
2017-09-13,125.54297873061512,125.90309225233473,123.63951219928045,123.93961334228516,1809300
2017-09-14,123.97390261065061,123.97390261065061,121.41023453186483,122.43054962158203,1712000
2017-09-15,122.43053333716836,123.17649481449847,122.14759731968688,123.0478744506836,2307700
2017-09-18,123.22798018875854,123.5194988474976,122.32768966439755,123.09937286376953,974600
2017-09-19,123.05643851164305,123.9567285905813,122.52483130402969,123.01356506347656,1590300
2017-09-20,123.382258848353,123.7252333808826,122.35336141704555,123.36511993408203,1080700
2017-09-21,123.30513579086043,124.04251492888883,122.55918719282585,122.56775665283203,944900
2017-09-22,122.3963070203487,122.68782573249058,121.44457339164562,122.25911712646484,1009600
2017-09-25,122.25906496105911,122.94500105465526,121.5988634093406,122.7906723022461,1119200
2017-09-26,122.49060220083364,122.49060220083364,120.78433753473249,121.41883087158203,1635000
2017-09-27,122.21617377003965,122.21617377003965,121.41021304137776,121.67601013183594,1414800
2017-09-28,121.91732661511317,122.94278548352524,121.86562501652625,122.52915954589844,1796100
2017-09-29,122.13272445967057,122.97722749621025,122.05517208353767,122.83934783935547,1413200
2017-10-02,122.83939523897018,125.43319318338762,122.69290297788343,125.37287902832031,2225600
2017-10-03,125.28665691337758,125.28665691337758,123.99406467072677,124.69206237792969,1536200
2017-10-04,124.43355829963568,125.01954036713651,124.33876766293392,124.73516845703125,924600
2017-10-05,124.81274913865067,126.06225279736775,124.36465979897079,125.56246185302734,1362300
2017-10-06,125.80372281674775,126.34660271986401,124.97645783976807,125.94158935546875,1139400
2017-10-09,125.88985579475155,126.32071984756317,124.95057531536484,125.85539245605469,976300
2017-10-10,125.84676614136654,126.95840275555805,125.52793095150925,126.91531372070312,723600
2017-10-11,126.62236777843793,127.07908275896894,126.20011614690135,126.99290466308594,871400
2017-10-12,127.20836383895065,127.5702882506435,126.00194913330785,126.31217193603516,1118000
2017-10-13,126.3293955087514,128.56126902930617,125.77788982898242,128.25965881347656,1855200
2017-10-16,128.10453153615566,129.88830226999843,128.00111519944616,129.53500366210938,1503100
2017-10-17,129.3109325305415,129.64700600503352,128.44920432426153,129.3281707763672,1250700
2017-10-18,129.0179726276109,130.27608868459748,128.31997475163556,130.2157745361328,941400
2017-10-19,130.07788338771053,132.74924635946707,129.36264732560886,132.6889190673828,1561800
2017-10-20,133.63684502983006,133.81780063473414,132.07711869254467,132.7061767578125,1737300
2017-10-23,132.86127434521796,133.77471746643994,132.1202005668122,133.73162841796875,854800
2017-10-24,134.08494212633042,134.42962822117101,133.04224499370036,133.0508575439453,1513000
2017-10-25,133.17150303113183,133.8005742392466,132.18052061670983,132.84405517578125,1703700
2017-10-26,133.45586596336668,133.9039683891039,132.74062985174436,133.3524627685547,1218500
2017-10-27,132.92159025251573,132.92159025251573,130.55183742791658,131.62899780273438,2419300
2017-10-30,131.54282950687337,132.97330174687696,130.44844395180857,131.74964904785156,1338100
2017-10-31,131.560055524719,132.23220253424444,129.9227770448863,129.9658660888672,2128600
2017-11-01,129.71592991575383,131.1981033005212,129.69869167204428,130.38807678222656,1511400
2017-11-02,130.6380210730598,131.08611034080982,127.34621251614075,128.62156677246094,2708700
2017-11-03,128.09589566090568,128.98347468264149,127.328958064971,127.76844787597656,1822300
2017-11-06,127.32036649014402,128.75083873809493,126.906740554821,128.5698699951172,1472300
2017-11-07,129.10410652933518,129.95720890841304,128.50951205365857,129.0868682861328,1345200
2017-11-08,130.68969173210482,130.68969173210482,128.93175897838626,129.34539794921875,1466300
2017-11-09,129.02659612797657,130.74144046368446,128.61297015691176,130.67250061035156,1206000
2017-11-10,130.2502054951979,130.88788906413143,129.30231241313402,130.4225616455078,1016000
2017-11-13,130.24159742238396,130.83619197417045,129.27646606234137,130.4139404296875,1065400
2017-11-14,129.8452866503695,130.1555095380623,128.75090056370527,129.85391235351562,1216300
2017-11-15,129.4746590393585,130.7672513093022,128.42334960789003,130.2588348388672,1597500
2017-11-16,130.53457905868876,130.53457905868876,128.22515388255724,128.27685546875,1244800
2017-11-17,127.69955742250748,128.5354351777026,127.51858863935898,128.07872009277344,966700
2017-11-20,128.02693945566355,128.7507878435782,127.39786852787768,128.39747619628906,982800
2017-11-21,128.8284022355283,129.2592664570518,128.371687212628,128.55264282226562,960600
2017-11-22,128.19070505893524,128.49231524205834,127.50994544559352,127.75122833251953,982200
2017-11-24,128.48367882576983,128.48367882576983,127.57886159340521,128.33717346191406,465200
2017-11-27,128.33719484354404,129.00072934435013,127.67367349166886,128.62156677246094,798200
2017-11-28,129.05245821220285,131.08613804206064,128.39754927168153,130.61219787597656,1119600
2017-11-29,131.19812146651918,132.1374020703723,130.62076513711602,131.53419494628906,1408500
2017-11-30,131.84443709253011,132.24945046753928,129.78490686913344,131.07749938964844,2256800
2017-12-01,130.90517097173353,131.6634830605303,127.70815266169973,130.67250061035156,1556400
2017-12-04,132.1718883918153,132.1718883918153,129.95724039071294,129.9658660888672,1311600
2017-12-05,130.5173767604623,130.5173767604623,128.39751931377916,129.4143524169922,1476200
2017-12-06,129.24206468074968,130.3881654113228,128.8973784658277,130.00900268554688,1395800
2017-12-07,129.8021618498162,130.10375892078818,128.3113621500882,128.77670288085938,1383400
2017-12-08,128.75084723878612,129.35405450698596,127.75985165987788,129.30235290527344,1311800
2017-12-11,129.29369303560193,129.50051253672547,128.50953036864902,129.46604919433594,1306400
2017-12-12,129.3023493605731,129.92279486197893,128.91457420942743,129.69012451171875,1216900
2017-12-13,129.8796791823406,129.8796791823406,127.87185083931587,127.9149398803711,1236900
2017-12-14,127.91495702920584,128.09591261739658,125.14880326934004,125.91574096679688,2639900
2017-12-15,126.71716513527298,128.74221900645708,126.38109158182094,128.15625,2533000
2017-12-18,128.59571712735155,129.3454297281025,126.73439389700799,127.41515350341797,1394800
2017-12-19,127.86326551189714,128.50093611912504,126.76025420049167,127.20834350585938,1502500
2017-12-20,127.38934532346222,127.61339003430095,125.57970993559381,125.78652954101562,1657000
2017-12-21,126.46720686226675,126.6309372994503,124.75237641770121,124.95918273925781,1621900
2017-12-22,125.6571975372188,125.6571975372188,124.34736714681587,125.12291717529297,1322800
2017-12-26,124.85584902454312,126.04503863064011,124.60595353069225,125.2177734375,744200
2017-12-27,125.4590353635911,126.139808167135,125.07126021101811,125.9588394165039,1134100
2017-12-28,126.12336734552397,126.96332495219092,126.02811401240359,126.56500244140625,1270900
2017-12-29,127.01524716890977,127.5088361025673,126.42641813904805,126.53899383544922,1311100
2018-01-02,126.79013450073269,127.35299988288311,122.44313938490725,123.22248840332031,1986500
2018-01-03,122.884750368586,124.81578032581247,122.75485228442648,124.19230651855469,2675400
2018-01-04,124.35685851020631,125.84626696039291,124.12305248719349,124.69457244873047,1935500
2018-01-05,125.00628408456068,125.52584998308815,123.63810621734068,124.91968536376953,1629100
2018-01-08,124.31353648342056,124.46941154138982,122.97133556254451,124.28755950927734,1556100
2018-01-09,124.46943220638624,126.61694610846224,123.70740560337677,126.29655456542969,2208600
2018-01-10,126.01943638049528,126.27921935178688,125.51719282616108,125.81160736083984,1541600
2018-01-11,125.75963842892732,126.32250366853002,124.56465804430731,125.12751007080078,1428600
2018-01-12,125.30071977156867,126.27057539852964,124.40880829173706,126.11470031738281,1357400
2018-01-16,126.39180681284446,126.57364566048588,125.28339848468757,126.14067840576172,1867800
2018-01-17,126.87674308638925,128.00246072493562,126.23594671660413,127.7599868774414,1729100
2018-01-18,127.76867749807332,128.42678316419224,126.79882157423135,127.88990783691406,1327400
2018-01-19,128.16693703594126,128.4180653941358,127.24904874871304,128.3314666748047,1475000
2018-01-22,128.62584955197613,129.73425739181027,128.49596471802607,129.70826721191406,1436600
2018-01-23,129.7170169248063,133.51846961857,129.67371754844436,132.73912048339844,3036100
2018-01-24,132.62652085211386,134.54889634930208,132.11562270808827,134.2025146484375,2113600
2018-01-25,134.14191184254688,134.47095795604395,132.73908901702902,134.05531311035156,1641700
2018-01-26,134.1852006713413,135.00783571015117,133.57038143250253,134.91258239746094,1311400
2018-01-29,134.6527877883745,134.92122531552715,133.2932645532991,133.45779418945312,1334700
2018-01-30,133.3019895310304,134.69614492340622,132.42738702961216,132.5399627685547,2203700
2018-01-31,133.65698110257884,136.38466920136187,133.22401389876498,135.2156524658203,3363800
2018-02-01,134.9472197144467,135.86510810508926,133.8561470787395,134.63548278808594,2088100
2018-02-02,134.26316802041546,135.46681663652254,132.5745981220083,132.70448303222656,1469100
2018-02-05,132.4792896248887,133.05946400416093,126.91999315925806,127.59542083740234,2327600
2018-02-06,125.56049846073257,127.37029833636466,122.48642844200269,126.32252502441406,3348700
2018-02-07,126.08006034597081,129.57842968635947,125.4652410768921,127.7426528930664,3102300
2018-02-08,127.85520607110354,128.17561077699264,121.49925088562557,121.56852722167969,2266000
2018-02-09,122.66830103912962,126.07141774230428,121.3087773478817,125.1448745727539,3508400
2018-02-12,125.54311628847891,126.66883320882509,123.37828113900746,125.22272491455078,2205800
2018-02-13,124.48670418565514,126.0107569362749,124.14033576766421,125.66437530517578,1387800
2018-02-14,125.12754357622977,127.60411693955025,124.52139202851764,127.54349517822266,1989100
2018-02-15,127.91584898170021,128.6605532010939,126.66890115265845,127.35299682617188,1783100
2018-02-16,127.03257543255327,128.2448915356428,126.46972335072957,127.2923583984375,1514300
2018-02-20,127.19710771120054,127.86388092101241,125.16215651838353,125.9415054321289,1270500
2018-02-21,126.01942648143422,127.06721287186413,124.40878804167794,124.45208740234375,1581300
2018-02-22,124.69455674963814,125.81160634008494,123.58616174669021,123.88924407958984,1996700
2018-02-23,124.07109568872092,124.7032241821289,123.12723024280409,124.7032241821289,1386400
2018-02-26,124.85905364367747,126.98924436322756,124.72050100138442,126.54762268066406,1803200
2018-02-27,126.52167756984115,126.92866780086452,124.85908508300781,124.85908508300781,1739400
2018-02-28,125.28338394091598,126.14066376247109,122.8154788033472,122.8934097290039,1315300
2018-03-01,122.98869832297318,124.13173841293845,120.52077926434815,121.06632232666016,1377000
2018-03-02,120.39952364035229,121.24814893964584,119.05733577403275,121.1095962524414,1784600
2018-03-05,120.80649697072725,123.37832305917532,120.4601285143685,122.5816650390625,1357000
2018-03-06,122.74619961470829,123.15318983450076,121.57718290456224,122.90206146240234,1176300
2018-03-07,121.92358687837515,122.21800145325196,120.8584910850781,121.7850341796875,1462700
2018-03-08,121.88894060948292,123.24846417417629,121.42134177350992,122.88477325439453,1247700
2018-03-09,123.59483189482367,124.69457244873047,122.25263072931557,124.69457244873047,1569000
2018-03-12,124.85907296376328,125.62975398774742,123.10988192019695,123.90653991699219,1149000
2018-03-13,124.82448253105082,124.96303525509893,122.76356691657405,122.91077423095703,1307400
2018-03-14,123.56883079168867,123.56883079168867,121.39534030019432,121.888916015625,1354000
2018-03-15,122.13139739773747,123.31773666058731,121.81966044581436,122.14871978759766,1378700
2018-03-16,122.24397455809164,123.4303006218616,121.42999399549157,122.0794448852539,2699500
2018-03-19,121.93223769337376,122.52973462649845,120.77188860728035,121.49061584472656,1414900
2018-03-20,121.96690338640555,122.9886999533003,120.9104620334145,122.37389373779297,1197200
2018-03-21,122.68563472758618,122.74625650519322,121.42137733329757,121.45600891113281,1068000
2018-03-22,120.91043977217268,121.77637428154729,118.96208712607981,119.18722534179688,1543100
2018-03-23,119.25650471158376,119.62885021776101,116.36428654809417,116.52881622314453,1940000
2018-03-26,117.8450264978536,119.11795130839975,117.08301309972401,118.65035247802734,1435100
2018-03-27,118.98805688800138,120.06180715811409,117.80171769719033,118.37323760986328,1621800
2018-03-28,118.85200502288063,120.98463192675035,117.96414984976539,120.34918975830078,1599300
2018-03-29,120.5841740056184,120.784375009549,119.02606483225583,119.05217742919922,1664600
2018-04-02,118.93901779860803,119.25238225406306,114.1515134015471,116.03170013427734,3329800
2018-04-03,116.17099731634838,117.7465196522104,115.85763280387162,117.58113098144531,1589000
2018-04-04,116.01429696810949,118.75622622007192,115.16995415066671,118.53861236572266,1565400
2018-04-05,118.9128808122243,119.38292075795611,117.86833726897112,118.18170166015625,1573300
2018-04-06,117.4940830232381,118.9825678148287,116.13617452963109,116.75420379638672,1721800
2018-04-09,117.11109859145695,118.68663449220215,116.23194315686928,116.78033447265625,1115300
2018-04-10,117.9554190206674,118.52992283348661,117.08496352806743,117.66816711425781,1566200
2018-04-11,116.76289822552205,117.51149047389889,116.24061962168828,116.6932601928711,1484700
2018-04-12,117.33739726401429,118.20785271362551,116.7628934795678,117.31998443603516,1126400
2018-04-13,118.19914648801247,118.30361017982698,116.1100586010786,116.64103698730469,1194200
2018-04-16,117.51149606371767,119.06960561184714,116.99793049084624,118.19915008544922,1272700
2018-04-17,118.8084553195788,119.84428602751973,118.38192741718343,118.68659210205078,1536800
2018-04-18,118.77364912427393,119.0696008035948,117.67687998685716,118.82587432861328,1944400
2018-04-19,119.04350662938464,120.08806400625647,118.53864077245626,119.79209899902344,1892800
2018-04-20,120.31438333204918,120.36660854692317,118.80849874741811,119.84432983398438,1957900
2018-04-23,120.1141410440146,120.4449050521186,119.09570985703347,120.3752670288086,1357800
2018-04-24,118.65178999153083,120.38400126059346,117.51149538368396,118.46900177001953,2451900
2018-04-25,119.71373304262816,121.00200334731396,118.97384062159956,119.47870635986328,2880600
2018-04-26,119.34815467918003,119.91394544391497,118.50381177777149,118.7301254272461,1809300
2018-04-27,118.62569432083428,119.82692736204447,117.9467399798283,119.52226257324219,1505000
2018-04-30,119.76597674778156,120.4014188666947,118.0947036743164,118.0947036743164,1255600
2018-05-01,118.10338528999226,118.56473888321325,116.98920341232031,118.32099914550781,1047800
2018-05-02,117.88579801524246,118.28621344379842,114.81309074509977,115.52687072753906,1977600
2018-05-03,114.72602633959701,115.15254099235446,112.13207292219629,113.32459259033203,2858000
2018-05-04,113.8033149801484,116.10131612336596,112.45410679514026,115.55292510986328,1919400
2018-05-07,115.60518027148215,115.83150717743789,114.78695006523236,115.51814270019531,1473500
2018-05-08,114.90013005120034,116.2058133472367,114.90013005120034,115.63130950927734,1555600
2018-05-09,116.10136641749283,117.3896369225832,115.64002603495173,117.24166107177734,1834500
2018-05-10,117.0501336459604,118.29487843880248,116.37117952584748,117.98151397705078,1246600
2018-05-11,118.29491101258598,118.87812795423977,117.72912018406019,118.52993774414062,1566500
2018-05-14,118.63438726057643,119.09574094569858,117.35482975478655,117.5550308227539,1295500
2018-05-15,117.12850645186293,118.49512815475167,116.64105342834297,117.05886840820312,1824600
2018-05-16,117.03273571324773,117.67687754495905,116.48435779696703,117.13719940185547,1077900
2018-05-17,116.78032671035604,117.55503166457568,116.58011235885661,117.03275299072266,1211800
2018-05-18,116.81511196675544,116.90216281955122,116.04040719241611,116.24060821533203,1976600
2018-05-21,116.68454124016301,117.17199410650046,116.04039950559171,116.5452651977539,1490200
2018-05-22,116.51916016832278,118.39063396216055,116.32765891809531,117.7029800415039,1509600
2018-05-23,117.2677416122899,117.79871988804612,115.6835065566554,116.47562408447266,1316200
2018-05-24,116.40602889129889,116.51049259981231,114.99589500630799,116.15360260009766,1149100
2018-05-25,115.74448033065352,116.70198678807348,115.657429459216,116.18840789794922,1094200
2018-05-29,114.88272067253729,114.90013350266142,112.4541555130813,113.08958435058594,1844100
2018-05-30,113.65539107715314,115.57039069035015,113.55092737607465,115.16997528076172,1257000
2018-05-31,115.56167031330892,115.56167031330892,113.21144306044746,113.75983428955078,1972200
2018-06-01,114.69119255152974,114.98715746599791,113.5683109900679,113.83815002441406,1339400
2018-06-04,113.63795412112617,114.90011178354149,113.63795412112617,114.70861053466797,994400
2018-06-05,114.49972590414467,114.54325134137186,112.98514163258817,113.98616027832031,1310900
2018-06-06,114.11672145197845,114.89142631629971,112.41062282652315,114.33433532714844,1408800
2018-06-07,114.43876997147126,115.3440377233429,113.11567407372497,115.10031127929688,2225500
2018-06-08,115.49202053729377,116.41471445373168,115.13514390396422,116.22321319580078,1848200
2018-06-11,116.22321703639913,116.40600524549424,115.57037543972405,115.77057647705078,1651800
2018-06-12,115.98818230953844,116.64102386099927,114.69991203364248,115.17866516113281,1259800
2018-06-13,115.43112007823864,116.31027547119804,114.94366705710871,115.52687072753906,1803300
2018-06-14,115.55297884153778,115.55297884153778,112.83716166818886,113.24627685546875,2356500
2018-06-15,113.12442195995985,114.26471673472969,112.83717000200956,113.92523956298828,3670300
2018-06-18,112.57598705532826,112.79360088325193,111.37475447491947,112.67173767089844,1923100
2018-06-19,112.00150295754003,113.06345968617362,111.99280318445481,112.85454559326172,2130000
2018-06-20,113.15050963360514,113.19402178077686,110.1822533376207,110.29541015625,2091200
2018-06-21,109.60376252634713,110.68937981801052,109.14849913725844,109.3848876953125,2327600
2018-06-22,109.75261166336014,110.91702753576442,109.44618819155131,109.7701187133789,2458700
2018-06-25,109.78762517864504,110.51429127766112,108.5269039157285,109.53372955322266,2345700
2018-06-26,109.64754952157683,109.94522280867625,108.70201518965871,109.06096649169922,1547700
2018-06-27,109.27108930230825,110.4267483629091,108.57069371743168,109.61253356933594,2193100
2018-06-28,109.40239421868944,111.38102455203176,109.40239421868944,110.8907470703125,2216500
2018-06-29,111.08335561261552,112.64175007328434,110.68062671138537,111.20592498779297,3039400
2018-07-02,110.86445883051219,111.52984007801079,110.57554917736701,111.02204895019531,1195100
2018-07-03,111.24095694763523,112.56296965467104,111.24095694763523,111.69622039794922,1171200
2018-07-05,112.19523585946108,112.53668007007882,111.2497016421127,112.28279113769531,1642500
2018-07-06,112.21277590159083,113.93751108660061,111.880088476685,113.10578918457031,1393300
2018-07-09,112.72052721029497,115.68846910112022,112.72052721029497,115.64469146728516,1882400
2018-07-10,116.25757112369884,117.01926476235657,115.88111275624044,116.88793182373047,2781900
2018-07-11,116.54649855431173,116.95798442118681,115.32955468563486,115.43462371826172,2476800
2018-07-12,115.78479824477874,116.09997857020447,115.17195132285676,116.02118682861328,1707600
2018-07-13,115.72349828809499,116.00366449393857,115.13691532355246,115.68848419189453,1134200
2018-07-16,115.70600355214876,116.88791972305518,115.70600355214876,116.76535034179688,1388400
2018-07-17,117.09803937495025,117.27313657510078,116.27506783927669,116.77410888671875,1332200
2018-07-18,116.88789184183071,118.27994570436334,116.57271159962336,118.19239044189453,1439100
2018-07-19,117.31694434009663,118.19244392472422,116.33638908021405,116.53775024414062,2104100
2018-07-20,116.21378274949309,116.8091158655412,115.73225545912521,116.64276885986328,1371700
2018-07-23,116.58149300577537,117.29939550360989,116.17875743938565,117.2643814086914,1703400
2018-07-24,117.22062216508247,118.45507960985773,117.04552494489472,117.80720520019531,1506200
2018-07-25,115.56592580191341,118.84904869401322,115.56592580191341,118.7352294921875,2341200
2018-07-26,119.37434909116125,120.73136248025064,118.85779428986258,120.1710433959961,2133600
2018-07-27,120.29360336055868,121.55432454119617,120.23232535378142,120.72260284423828,1817600
2018-07-30,120.53001798075181,122.59619739372157,120.495003877746,122.43861389160156,2249100
2018-07-31,122.60490561295717,122.78001614523491,121.37046185837032,122.32475280761719,2368700
2018-08-01,122.28097788389806,122.92008859188682,121.12532582779589,121.2128677368164,1325200
2018-08-02,120.62633069796976,121.00280246294139,119.68078955134877,120.5037612915039,1213500
2018-08-03,120.48622212789573,121.53683208620473,119.67201410517286,121.52806854248047,1115100
2018-08-06,121.54558952743325,121.84325613249729,121.02904806116425,121.43177032470703,893100
2018-08-07,121.5368318819489,122.00959567514498,120.73136068618287,121.38798522949219,1081600
2018-08-08,121.29167463883242,121.37922991786627,120.34614709237871,120.3636474609375,1052300
2018-08-09,120.31114013567756,120.59130638907246,119.96969586376646,120.01347351074219,1142600
2018-08-10,119.28679898586151,119.41811855855168,118.49885483159777,118.97161865234375,1527100
2018-08-13,118.84902679433496,119.0153737943326,117.93851342468835,118.17488861083984,1363700
2018-08-14,116.27509769693965,117.15936082721414,116.00369496315525,116.53775024414062,2080500
2018-08-15,116.10869655207564,116.70404293900818,115.39954435631829,116.16122436523438,2140800
2018-08-16,116.53772095693583,118.33249732618813,116.53772095693583,117.67587280273438,1371700
2018-08-17,117.33442071394812,117.9297538295949,116.9316851552594,117.35192108154297,1124700
2018-08-20,117.64961801878502,118.33250650743646,117.36070160296156,118.06110382080078,954200
2018-08-21,117.97355018902003,118.62142458744631,117.71089768376282,118.21868896484375,1327800
2018-08-22,117.81595035002604,118.332491744604,116.31009044520998,116.55522918701172,1265300
2018-08-23,116.66906292943712,116.92296527501937,116.37139629446584,116.73035430908203,929300
2018-08-24,116.81787402636165,118.39377555742333,116.81787402636165,118.29747009277344,1174000
2018-08-27,118.6214046319146,119.87336221503743,118.46380781164804,119.514404296875,973000
2018-08-28,119.57573628479541,120.16231941034113,119.2605558962418,119.38312530517578,1039200
2018-08-29,119.37434869490814,119.99594578867399,118.72647432877098,119.40936279296875,850700
2018-08-30,119.40936215911033,119.61948682354067,117.83346057353437,118.32373809814453,1007600
2018-08-31,117.85973859804203,118.54262714037702,117.29941945153479,118.40255737304688,1478500
2018-09-04,118.34999080477097,119.25176738814918,118.10485206567805,119.24300384521484,1066700
2018-09-05,119.28676685452643,120.65254347886113,118.97158660590628,120.18852996826172,1055500
2018-09-06,120.1622666268476,120.61752995678968,119.76829465398096,120.24105834960938,1140100
2018-09-07,119.83834777871047,120.52123616010974,119.22548758494167,119.60195922851562,1036100
2018-09-10,119.63695608034448,119.63695608034448,118.12234625876219,118.59512329101562,1164300
2018-09-11,117.70213845350335,119.16422081090265,117.43948596843023,118.68269348144531,1154800
2018-09-12,118.71773175918719,119.08543992818339,117.66712172312766,117.89476013183594,1270300
2018-09-13,118.77025086615583,119.54068124787098,118.38502899576797,119.30430603027344,1060800
2018-09-14,119.50569776726276,120.99404444493236,119.34811424849181,120.91525268554688,1195600
2018-09-17,121.21290551790212,121.5455996094297,120.75764202829528,121.1166000366211,1248600
2018-09-18,121.42301958721352,121.72068619092359,120.36365938581308,121.37924194335938,1072200
2018-09-19,121.6856975607064,123.6380579818759,121.6856975607064,122.67500305175781,1665000
2018-09-20,123.11502030688987,123.62547092894924,122.32294962760477,123.21183013916016,1443800
2018-09-21,123.45824163381322,123.62545982262326,122.41093902307466,123.08860778808594,2027500
2018-09-24,123.09742841037331,123.31744955984722,120.51878698447125,120.64199829101562,1391200
2018-09-25,120.65077736348707,120.95881230111331,118.92581931404543,119.18103790283203,1286700
2018-09-26,119.62108492147286,119.65629582210674,117.50888747025212,117.75531005859375,1682800
2018-09-27,117.74650309193596,118.23936170799453,117.23606588323902,117.37686920166016,1239600
2018-09-28,117.02483171763328,117.85211325865654,116.39996584227852,117.61448669433594,1193600
2018-10-01,118.13373117315119,118.3625617231952,116.8840128739936,117.20084381103516,1377000
2018-10-02,117.29766256381554,117.64969099664215,116.70800755286778,117.55289459228516,1161500
2018-10-03,117.94009989176314,118.64417006343395,117.15682535089752,117.42964935302734,848400
2018-10-04,117.3944475036388,118.45054600719631,117.11282750289996,118.34494018554688,990400
2018-10-05,118.34493950239866,119.31303762533364,118.08091152077813,118.33614349365234,796200
2018-10-08,118.23050807308884,120.51873236214283,117.82567686179138,119.83226776123047,1197100
2018-10-09,119.47147895808575,120.48357082995139,118.16014812991645,120.21074676513672,1414800
2018-10-10,118.76738713730698,119.76188680695509,116.50557721157752,116.55838012695312,2117700
2018-10-11,116.22396100839501,116.22396100839501,110.74983415157435,111.61231994628906,3161100
2018-10-12,111.80593190490599,112.53640362668718,108.45281222193907,111.11066436767578,2764800
2018-10-15,111.04023055434868,112.22834297401995,109.6761039667669,109.6937026977539,1625900
2018-10-16,110.09855134463746,110.30976970953854,109.35928371022825,109.91373443603516,2430800
2018-10-17,109.86091918947454,112.68598212845073,109.66729957900652,111.8851089477539,1716000
2018-10-18,113.24926896863295,114.10295202268853,111.55071230024902,112.20197296142578,4130300
2018-10-19,111.33069033412562,113.95333840953802,111.33069033412562,112.8972396850586,2094800
2018-10-22,112.78279193368475,113.46046057032284,111.56827807871713,111.8851089477539,2138300
2018-10-23,110.98744384970615,112.52759154455156,110.21297199752217,111.55069732666016,2583000
2018-10-24,106.12058732437343,111.67391819819063,106.05017895507812,110.01055908203125,3877500
2018-10-25,110.83785473563981,111.10187608231819,107.775157426778,108.84886169433594,3406600
2018-10-26,108.41762837729554,109.71135386558073,106.74546622722974,108.63764953613281,2558700
2018-10-29,109.43850408583188,110.45940530877606,107.44071526439696,108.26799011230469,1939800
2018-10-30,108.99844207990819,110.47698401138987,108.15356193542016,110.33617401123047,1967300
2018-10-31,110.62661918501973,111.33068947222989,109.79934431923645,109.93135833740234,2566600
2018-11-01,110.26580024468439,111.26909615065846,109.42971584669756,110.46821594238281,1745000
2018-11-02,111.43629575368587,111.84992980602611,109.790535410864,111.09306335449219,1365800
2018-11-05,112.10516535470283,113.65411601227127,111.84994003448612,113.1700668334961,1611700
2018-11-06,113.00283852778318,114.82461979358763,112.4835919228621,114.75421142578125,1410400
2018-11-07,115.27346478074426,116.09195035402608,114.12935223768548,115.89833068847656,1406100
2018-11-08,115.66068968951329,116.51437262779767,115.21185148208401,115.95991516113281,1021200
2018-11-09,115.9863218810135,116.48797645533183,115.00942762015079,115.440673828125,1388700
2018-11-12,115.04463167462954,115.13264548458005,111.87632923722951,111.93793487548828,2099800
2018-11-13,112.0699622447091,113.90053970174537,111.77073672369026,112.27238464355469,1275400
2018-11-14,112.58039824777808,113.302073923576,110.70582083620114,111.52429962158203,1378600
2018-11-15,110.94345159541245,115.09745157241521,110.30978967152906,114.4990005493164,1918000
2018-11-16,114.17335754496847,116.99843467696677,113.45169524362248,116.64639282226562,2100500
2018-11-19,116.6815704110361,118.3449290911868,116.25032429802674,118.22171783447266,1924200
2018-11-20,118.14253379487278,118.54736509555153,116.15353447137609,117.00721740722656,2008300
2018-11-21,116.9280152084181,117.74648726349798,115.95991698615146,116.5231704711914,1338500
2018-11-23,115.59908418509737,116.83999290654032,115.19423947728568,115.56387329101562,507600
2018-11-26,116.16233915884577,117.89610641711373,116.16233915884577,117.42964935302734,1047100
2018-11-27,116.9896074761179,117.7024870877746,116.16233945846908,117.28003692626953,971900
2018-11-28,117.17441665155765,119.04900040364326,116.83998033886107,119.0313949584961,1470300
2018-11-29,118.39775467182682,119.02262051206003,117.61448008363224,118.11613464355469,1013900
2018-11-30,118.13369388961748,118.5649399655778,117.05999013234369,117.70246124267578,2956000
2018-12-03,118.08973129512088,118.91701287047945,116.61999179744024,117.50007629394531,1893500
2018-12-04,117.92250634758499,118.96099942986952,115.92471112216441,116.46156311035156,2730800
2018-12-06,115.21187501037161,115.87193844204647,112.84444535345385,115.71351623535156,2458100
2018-12-07,115.66069833649333,117.25364906340765,113.92693087275195,115.25586700439453,1552400
2018-12-10,115.2470524318823,115.30866478738348,112.39558078326041,114.62220001220703,1623200
2018-12-11,115.51110480397787,116.27677411567612,112.4308086758718,112.5804214477539,1982400
2018-12-12,114.07656063185732,114.54300439176187,112.3780038135304,113.2228775024414,2224400
2018-12-13,113.24926206080106,114.1997548907115,111.93794480773032,113.66290283203125,1698100
2018-12-14,112.70361340203046,113.31087382593547,112.16676134616024,112.75641632080078,1594200
2018-12-17,112.75639659389935,114.33175501639279,111.94672064668771,112.32515716552734,1847500
2018-12-18,112.89722101098388,113.55728428323194,110.23056646542352,110.7234115600586,1798600
2018-12-19,110.89065122980838,113.48689791803476,110.05457360872182,111.46270751953125,1885100
2018-12-20,110.78110590249982,111.94069820374786,109.13465826301287,109.96673583984375,2373900
2018-12-21,110.35620697265038,113.05602868589753,109.86050465943944,110.55094909667969,3973200
2018-12-24,109.83393879204166,109.99327262674086,106.3286011820961,106.39056396484375,1283600
2018-12-26,106.76236513819994,110.71915064585168,105.81521566851673,110.67488861083984,1971000
2018-12-27,109.3293833397593,113.46319580078125,108.91334461625794,113.46319580078125,1918500
2018-12-28,114.05629034121088,114.5077306112049,112.64884023996169,113.13568878173828,1312400
2018-12-31,113.30389017640097,114.64051714335025,113.02063072109749,114.34840393066406,1616000
2019-01-02,112.99405983611867,113.84383807894565,111.59546352350385,112.6753921508789,1391900
2019-01-03,111.9229928226035,112.63999178801262,110.16146667401333,110.35620880126953,1746200
2019-01-04,111.90527068677717,114.10938983532921,111.90527068677717,113.6579360961914,1977800
2019-01-07,113.17112058244363,113.9943445005891,112.23282482215865,112.73738098144531,1398900
2019-01-08,113.22419868913813,113.60482236800331,111.07319540956124,111.86985778808594,1627500
2019-01-09,112.84359260047285,113.64910890796936,112.35673726106876,113.26847839355469,2402000
2019-01-10,113.68451529272201,114.74675008118061,113.10914937137062,114.6582260131836,1307300
2019-01-11,114.18906748797717,115.02114502457097,113.5163305574998,114.64936828613281,1300400
2019-01-14,114.27761662199663,115.95946607065179,113.88813228478097,115.81783294677734,1877700
2019-01-15,116.57022114056868,117.8448919578342,115.3663668694707,117.24295806884766,2143900
2019-01-16,118.15469186343324,118.53532908724388,117.04820872321226,117.69440460205078,1803600
2019-01-17,117.74753673687857,118.32290267994587,117.02167717116102,117.60590362548828,2090800
2019-01-18,118.19895853420071,118.80089240970423,117.66784120327846,118.25206756591797,2240700
2019-01-22,117.83603516380143,118.1635633885145,115.64962319435097,116.09221649169922,2432100
2019-01-23,116.11876709641703,117.1632942665393,115.22473352837281,116.89773559570312,1212600
2019-01-24,116.56135416596574,117.49080271091388,115.83550824503557,117.20755004882812,1270100
2019-01-25,117.82717778641924,118.99561696496998,116.84462021253883,117.101318359375,1579400
2019-01-28,116.58796419598055,117.2872558538939,115.7116243652372,116.8358154296875,1323200
2019-01-29,116.51710971120038,116.93314846958089,115.70273970733585,116.31350708007812,1128000
2019-01-30,116.49055896012183,117.7652162854911,115.83551603053083,117.55278015136719,1317600
2019-01-31,117.14558994791841,117.96882049927284,116.39318945138527,117.77407836914062,2602500
2019-02-01,117.90686200548275,118.43797941141747,117.30494155184165,118.23439025878906,1331300
2019-02-04,117.88027981230515,118.56187717163839,117.31376101551317,118.55301666259766,1560500
2019-02-05,118.61500409461017,119.06644439697266,117.64129343436687,119.06644439697266,1903100
2019-02-06,116.50826424469521,116.84463949878617,114.6936423913138,114.96804809570312,3748800
2019-02-07,115.01228884600545,116.10992509621515,114.50773950586414,115.6230697631836,2226000
2019-02-08,115.18045348827515,115.48142713849369,113.81727233455678,115.3840560913086,1883200
2019-02-11,115.73814637743723,115.90633399025212,114.47233603993641,115.57881927490234,1444300
2019-02-12,116.19842831028843,117.34917338910556,115.57880050073253,117.05706024169922,1425200
2019-02-13,117.24294199976276,118.31402354179323,116.98624387360368,117.29605102539062,1490100
2019-02-14,116.57022571192954,116.57022571192954,114.97688712786406,115.71159362792969,1787000
2019-02-15,116.75611223619572,117.94227259722291,116.75611223619572,117.91571807861328,1420100
2019-02-19,117.72095064449022,118.67695362966253,117.20754088355287,118.40253448486328,1070600
2019-02-20,118.60614717714293,119.34085361266429,117.89799525678353,119.33199310302734,1166500
2019-02-21,119.38511171640498,120.12867872124949,118.80974583254518,119.24349212646484,1499800
2019-02-22,119.66837830699822,119.81001140428371,118.80974622665883,119.06644439697266,1414400
2019-02-25,119.55327686340186,120.33224524262448,119.13723816148733,119.82768249511719,1339600
2019-02-26,119.44708377344062,120.4473489687841,119.10186153448925,119.65067291259766,1290100
2019-02-27,118.88940059202014,119.52673597368131,117.75636291503906,117.75636291503906,1505200
2019-02-28,117.82717498106139,118.54417388146734,117.72980392626096,118.5264663696289,2090400
2019-03-01,119.24348461769453,119.85425198386044,118.64155074756953,118.7212142944336,1670900
2019-03-04,118.93368178662232,119.34972060299995,117.25183251262351,118.23439025878906,1301400
2019-03-05,118.40253629163806,118.67695544062482,117.53505734082466,118.20779418945312,1314600
2019-03-06,118.07503528966224,119.11070194922577,117.72981306980773,117.98651123046875,922700
2019-03-07,117.53506488715036,117.87144008649827,116.84462048302787,117.44654083251953,1245200
2019-03-08,116.85349406453244,117.59706117468534,116.51713229555207,117.16331481933594,1048000
2019-03-11,117.75638291822924,118.34060936847318,117.42000765774755,118.09275817871094,1367900
2019-03-12,118.4733645811724,119.24348606415764,118.34943900447792,118.70352172851562,1128100
2019-03-13,118.9248525057652,119.69496070295085,118.52650763851041,119.07533264160156,1501000
2019-03-14,119.4470622126641,120.34109566834648,118.96020696179808,119.85424041748047,1408000
2019-03-15,119.53556960146338,121.19972441258186,119.53556960146338,120.69517517089844,2307700
2019-03-18,120.99617548118975,122.04954984399406,120.72176975781267,121.6069564819336,1679400
2019-03-19,121.19088598173252,122.19113753401165,120.08440286563359,120.11980438232422,1679900
2019-03-20,120.3588254963113,120.90763687711735,119.2257877061386,119.2523422241211,1451000
2019-03-21,118.77173203523118,121.41506060170896,118.68273925825535,121.19255828857422,1154900
2019-03-22,120.46276890653922,122.87468659897067,120.15126020714962,121.59307098388672,1558500
2019-03-25,121.76214345606421,122.1804488217614,121.12133581416474,121.63754272460938,1159900
2019-03-26,122.09145080404684,122.59876254700107,121.65535500444982,122.22496032714844,1369900
2019-03-27,122.45635907616305,124.44998451627026,122.34066711817725,123.5688705444336,1818600
2019-03-28,123.62230009642577,124.19190556860175,122.63438912025711,123.78250885009766,1325900
2019-03-29,124.24527715202146,124.7614704848653,123.86256617299298,124.67247772216797,2007500
2019-04-01,125.14422053609296,126.01642593342761,124.90391419890594,125.9007339477539,1445700
2019-04-02,125.90073462046239,125.98972741142032,124.35211338876609,124.5212173461914,1372100
2019-04-03,124.41439420494703,124.59240692950917,122.09146938623869,122.67887878417969,1937000
2019-04-04,122.46525641677621,122.48304682067347,121.20143155610049,121.72654724121094,2271700
2019-04-05,121.9312804962306,122.64329068967383,121.61087658820439,122.45638275146484,1391200
2019-04-08,122.21607416992362,122.37626931294734,121.4595608910765,122.07366943359375,1065900
2019-04-09,121.48627681097695,121.548583984375,120.79207060135141,121.548583984375,1099200
2019-04-10,121.5752450299235,122.42964613653334,121.43284031866827,122.29615020751953,1003400
2019-04-11,122.56319166078329,123.15949628636827,122.28727735897705,122.81239318847656,1111000
2019-04-12,123.24847841336612,124.07619408627579,122.7144810061161,123.86258697509766,1544000
2019-04-15,123.78250936803354,124.09400451072644,123.39979826299678,123.67571258544922,1155800
2019-04-16,124.07621303440433,124.85051686241856,124.04060505353839,124.78822326660156,1172400
2019-04-17,123.39976204264006,124.24528159147455,122.24276102300462,122.63435363769531,1417100
2019-04-18,122.6432828736591,125.01071084428489,122.6432828736591,123.40869140625,1302200
2019-04-22,122.83906689470695,122.945863647141,122.07365848118509,122.85685729980469,855000
2019-04-23,123.05265696153074,123.7290725892794,122.70555394535609,123.35527038574219,993200
2019-04-24,123.71126533953384,125.85619053746521,123.22175761670243,125.09078216552734,1882700
2019-04-25,124.59242036076095,126.39022956456026,123.96050771355827,126.12323760986328,1314900
2019-04-26,126.27453027795376,127.32473478695961,126.12323031888333,127.25353240966797,1207800
2019-04-29,127.24461429904143,128.51732091530107,126.95090963825942,127.83202362060547,1162800
2019-04-30,128.2146993260082,129.2649170484658,127.44929101318658,129.22930908203125,2025900
2019-05-01,126.71061011596183,129.58534971556645,126.38131104560529,128.36602783203125,1930800
2019-05-02,128.597421807435,129.35392140627357,127.54720399077614,128.45501708984375,1327700
2019-05-03,128.84663895821083,129.7277393970877,128.13462886403892,129.09584045410156,1196900
2019-05-06,127.94770812274662,129.35392418310948,127.72520583940683,128.9000244140625,936500
2019-05-07,129.72770896090546,129.72770896090546,126.55927904469053,127.08438110351562,1524600
2019-05-08,127.13780764501891,128.07230635239273,126.53259438433597,127.07550048828125,1041200
2019-05-09,126.15881307421023,127.52052616063763,125.85621318399606,126.9598159790039,1112500
2019-05-10,126.46141127570581,129.01574706201149,126.20331456819639,128.81103515625,1162000
2019-05-13,127.30694851093389,128.48176752901242,126.7284477880862,127.5828628540039,1314700
2019-05-14,127.37811919232234,129.40733919075672,127.37811919232234,128.05453491210938,1213100
2019-05-15,127.1200482328468,128.80216550857398,127.1200482328468,127.8676528930664,967900
2019-05-16,128.10792523177406,129.98584516956168,127.54721509523054,129.60313415527344,957400
2019-05-17,128.60632530928802,130.11044298231906,128.5351229458973,129.0424346923828,1440700
2019-05-20,129.0424546255214,130.21725985178432,128.6152403791855,129.71885681152344,1306400
2019-05-21,129.8256366752101,130.51984275951654,129.73664390416153,130.1282501220703,1249000
2019-05-22,130.12825177240728,132.0684653197004,129.71884156291148,131.73916625976562,1155600
2019-05-23,130.86694872860264,131.17845738539606,129.76334599577237,130.89366149902344,1305700
2019-05-24,131.24967684978083,132.0595885985793,130.6800714223712,131.8726806640625,939500
2019-05-28,131.8459627258795,132.3443657064461,130.3151458110177,130.3507537841797,1106100
2019-05-29,129.6209826784911,129.9947850378018,128.57077799001829,129.90579223632812,1414400
2019-05-30,130.38635216548573,130.78685360280247,128.86443040712646,129.74554443359375,1187100
2019-05-31,129.14926238327368,130.17276774370043,128.8377536663792,130.00367736816406,1265700
2019-06-03,129.02465337887904,131.66798216972782,129.02465337887904,131.55227661132812,1393100
2019-06-04,132.22866502517616,132.51346088937828,130.98264407546424,131.14285278320312,2151000
2019-06-05,131.1873762373942,133.18100212324,130.95597868922405,132.98519897460938,1459200
2019-06-06,133.3945738305106,133.4568674082751,132.10404971718938,132.3087615966797,1459400
2019-06-07,132.37107815015395,133.78620324508975,132.12187663491855,133.00299072265625,1795900
2019-06-10,133.50141317130758,133.58151075989852,132.21979743198847,132.60250854492188,1397200
2019-06-11,132.99405210260477,133.18095998733276,132.02394545160868,132.26425170898438,1028700
2019-06-12,132.55797718587695,133.30558168143972,132.18417493809557,132.40667724609375,1158000
2019-06-13,132.56689571659015,132.60250369719503,131.65018713276444,132.468994140625,1190700
2019-06-14,132.7626509442779,133.97306381906802,132.2108496682794,133.73275756835938,1161300
2019-06-17,134.17778366939916,135.28139997924913,131.8548590870633,132.06846618652344,1198100
2019-06-18,132.27314479769177,133.0741611159931,131.63233717523502,131.82814025878906,1608300
2019-06-19,132.17521503414395,133.21652380318292,131.9883207727681,133.01182556152344,1768500
2019-06-20,131.98322469215046,133.79905511892954,131.98322469215046,133.60226440429688,1836000
2019-06-21,132.38573044213064,134.5862019671837,132.38573044213064,133.8527069091797,2185400
2019-06-24,132.8508770996428,135.19445802680602,132.8508770996428,134.2462921142578,1371600
2019-06-25,134.6219673485777,135.3733424952384,134.12999065173148,135.0155487060547,1637300
2019-06-26,134.97082340477675,134.97082340477675,131.43755849187903,131.49122619628906,1453700
2019-06-27,131.4733521101711,132.02795031973855,131.01716290537763,131.63436889648438,1521100
2019-06-28,132.26052673955812,132.32313452667503,131.34813459972716,131.7506561279297,2769700
2019-07-01,132.7525159227733,132.81512371571952,131.5628313671662,132.24264526367188,2115900
2019-07-02,131.93849207960685,133.04767482495257,131.58963830752424,132.7614288330078,2103700
2019-07-03,133.28020813699175,134.74718437858155,133.17287273971542,134.39833068847656,1287100
2019-07-05,134.3536189126015,134.44307418686026,133.19076859203008,133.83480834960938,1051000
2019-07-08,133.7274773808838,134.11210504526164,133.29812207789118,133.66485595703125,1173200
2019-07-09,132.61830231465456,134.0673987247062,132.3678439028352,133.5038604736328,1117800
2019-07-10,133.62911323704074,134.13898386817516,133.12819632509533,133.4144287109375,1161400
2019-07-11,133.4859612889889,133.638024343661,132.5646292437079,133.10133361816406,1039500
2019-07-12,133.36968611090325,133.66485850367513,132.51096183959814,133.61119079589844,979900
2019-07-15,133.81693866276314,135.4001906788921,133.28917434176057,135.39125061035156,1240900
2019-07-16,135.6148468406641,136.22309894941418,134.75612272653584,135.46278381347656,1484200
2019-07-17,135.33758420001305,135.69537803050247,134.48781361588095,134.57725524902344,1271800
2019-07-18,134.65778128068365,134.8903595968247,133.63805366465,134.73829650878906,820100
2019-07-19,134.91717322763154,134.91717322763154,132.59147230870008,132.63619995117188,1235800
2019-07-22,132.55568342700298,133.03870642389936,131.59856385215315,132.1978759765625,1096400
2019-07-23,132.0726499574787,132.35889592471526,130.0331952122745,131.2586669921875,2007300
2019-07-24,131.05294538800126,135.63278611796287,130.76671301991942,135.5880584716797,2302900
2019-07-25,136.10688266482552,136.1963243173177,134.7114673154908,135.0782012939453,1521500
2019-07-26,134.87242210391636,136.91187667512816,134.1478808284803,136.8313751220703,1639600
2019-07-29,136.81347184722222,137.79742514619505,136.46461815921492,137.10865783691406,1987100
2019-07-30,136.69718751431046,137.484336453458,136.42883539118827,137.13548278808594,1522200
2019-07-31,137.52906909703788,137.98525816871103,136.00842520917087,136.71507263183594,2501800
2019-08-01,136.31261634134952,136.79563949204407,134.7383040050145,135.21238708496094,1814000
2019-08-02,135.77587700453273,136.89399976467894,134.41624955544575,136.2052459716797,1815200
2019-08-05,135.23919346393285,135.89217336888893,132.28734649031298,132.8240509033203,2077100
2019-08-06,132.43942323731537,136.34837665088784,131.92061255753623,136.04425048828125,2039400
2019-08-07,134.86349208199263,138.83506611616536,133.34284793214997,137.8868865966797,2415100
2019-08-08,138.24464121118436,141.30382212657014,138.23568749762813,141.1338653564453,2250100
2019-08-09,140.92818115037213,143.32542955391608,140.43620445592597,142.77978515625,2115500
2019-08-12,140.87453525645387,143.01238554241723,139.3717710888571,140.4720001220703,1600900
2019-08-13,140.31100315973336,142.86032876115917,139.70273722141332,142.0731658935547,1777000
2019-08-14,140.45409577737146,141.62588610698822,136.30362513065194,136.58091735839844,2624700
2019-08-15,136.63460786803589,138.18208602087176,136.12473731336135,137.6901092529297,1325400
2019-08-16,137.94059384992377,139.49701221302067,136.1247496780418,139.00503540039062,1268200
2019-08-19,140.12311063996762,140.14994448889365,139.10338343390873,139.3091278076172,1413800
2019-08-20,139.434385948686,139.9979105421436,138.19997404585212,138.36097717285156,983700
2019-08-21,138.4683545038249,139.02293914197028,137.91375621671722,138.60252380371094,1033300
2019-08-22,139.04970959750537,139.54168622102458,137.91369333028035,138.84397888183594,1367700
2019-08-23,138.647244425244,139.971098163208,136.42889233614935,137.05503845214844,1334300
2019-08-26,137.75271895171798,138.90661559194044,137.09973910566836,138.83506774902344,890000
2019-08-27,139.44335786713526,139.9621685875664,138.42363021634654,139.121337890625,1721900
2019-08-28,138.78137604299351,140.79399678666607,138.48620367833786,140.4362030029297,1605200
2019-08-29,141.29496103880064,141.53646575864263,139.56857217877948,140.76719665527344,1413800
2019-08-30,141.33068240999825,141.33068240999825,138.87975300394749,139.79214477539062,1931600
2019-09-03,139.12132099421828,141.99266657345427,139.12132099421828,141.83164978027344,1472600
2019-09-04,142.3683287609337,143.72795612102632,141.89424583357956,142.98553466796875,1399100
2019-09-05,144.31834416980126,145.07867314078183,142.97659679674854,143.68325805664062,1016300
2019-09-06,143.6116756087555,144.83713366303957,143.39699114675966,144.04103088378906,856900
2019-09-09,145.0160777681512,145.0160777681512,142.66355623266062,143.35231018066406,1025300
2019-09-10,143.50430851642994,143.50430851642994,141.22334952084583,142.5114288330078,1286100
2019-09-11,142.28781865099117,143.19125681412808,141.50959602635066,142.8871307373047,1455200
2019-09-12,143.78167642288548,144.13053024975648,141.48280900427648,143.20919799804688,2226000
2019-09-13,143.4149130002163,143.5669760721994,141.7422055594413,142.19839477539062,1864200
2019-09-16,141.9389836275362,142.2252296349064,141.04448532794558,141.8227081298828,1281800
2019-09-17,141.9657940447983,142.90500609482922,141.21440529623334,142.86923217773438,1587100
2019-09-18,142.8513501494735,143.76374207347897,141.74218119181822,142.66351318359375,1343100
2019-09-19,142.90619005642725,143.75099335298566,142.22316431472728,142.44784545898438,1426300
2019-09-20,141.93551174706187,142.6724722016746,141.04578353166787,141.71083068847656,2138600
2019-09-23,141.3244194650707,142.79832701143084,141.15365962577857,141.7378387451172,1329500
2019-09-24,142.14224621799409,144.0655157748134,141.95350807093567,142.7533721923828,1678600
2019-09-25,142.87924071224842,143.11291789735753,141.94457311216146,142.70848083496094,1071700
2019-09-26,142.2950478066343,144.820461387841,142.2950478066343,144.20933532714844,1074300
2019-09-27,144.59579217795044,144.69465242690427,143.36454393380137,144.2542724609375,842900
2019-09-30,144.58677394467463,145.66524039310727,144.0834905163024,145.09005737304688,1221200
2019-10-01,145.44058230297568,145.5843815090839,142.5017494528319,142.56466674804688,1029000
2019-10-02,141.86360530827696,142.41182756027973,140.1829819085797,140.92892456054688,1390800
2019-10-03,140.86609129095825,141.3693748461896,139.6797682992429,140.60545349121094,1132700
2019-10-04,140.77617835535273,145.98878220658722,140.73123939621075,145.6472625732422,2491200
2019-10-07,145.22482636866337,145.58432424252302,143.33751395630654,143.49029541015625,1592700
2019-10-08,142.60059070220373,142.93311432277937,139.72467553027116,139.73365783691406,1768600
2019-10-09,140.53353951988345,141.5760631854376,140.04823434506173,140.9199981689453,1080900
2019-10-10,140.79417010134284,141.5131523758085,139.32026260973905,139.6527862548828,2208400
2019-10-11,141.0907547808588,141.0907547808588,139.32924884443716,139.3921661376953,2543700
2019-10-14,139.34722142005927,140.254928130198,138.73608169506144,139.69772338867188,1050200
2019-10-15,140.12014753155847,140.78519492028954,139.41014745930175,139.4910430908203,1138900
2019-10-16,139.46407011030348,139.859511109358,138.07105801833652,138.9877471923828,1474800
2019-10-17,139.10457733526164,139.30229782279562,137.46890587246415,137.5228271484375,1252500
2019-10-18,137.87334011422573,138.0980212576046,137.13637938148773,137.22625732421875,1607700
2019-10-21,137.87332007612378,138.12496182305932,137.1992767439507,137.7744598388672,1265400
2019-10-22,136.70496687028393,136.70496687028393,133.05614805814844,133.4605712890625,2646900
2019-10-23,133.4785462067833,135.1321957431575,133.4785462067833,134.95245361328125,1445000
2019-10-24,134.9884216600649,136.06688835334936,134.38627787059315,135.81524658203125,1404900
2019-10-25,135.5276525095872,135.5276525095872,132.59780196746325,134.0357666015625,2201800
2019-10-28,134.2963532340671,134.76369366691554,133.19992230512167,133.2268829345703,2020900
2019-10-29,132.77758919640024,134.13465852672974,132.45404776297363,133.57745361328125,2590300
2019-10-30,134.24244411365612,138.47544159461077,133.77511735199428,137.83734130859375,2710800
2019-10-31,137.30712289945762,137.83736704348334,135.45575269255627,136.98358154296875,1638000
2019-11-01,137.4688753864699,137.6755781363438,134.87156269998624,135.20408630371094,1634100
2019-11-04,136.17472266672632,136.17472266672632,132.41804760611004,132.7595672607422,1946100
2019-11-05,133.0831130606086,134.57499888120427,132.54387292606077,133.7571563720703,3638200
2019-11-06,133.94590395666944,136.81283753078614,133.6852798651355,136.7678985595703,2324200
2019-11-07,137.0914483935209,138.52941328026364,136.85778492764123,137.43296813964844,2360200
2019-11-08,137.18130401704383,137.64864458619914,135.89613459367578,136.16574096679688,1161800
2019-11-11,135.3838553388012,136.36346173236672,135.10525294369972,135.9949951171875,940700
2019-11-12,135.7613162438886,136.91168246841147,135.40183194126786,136.06687927246094,1117400
2019-11-13,135.60853276533334,137.28016080385598,135.5366331631612,136.8847198486328,975200
2019-11-14,136.62408583536234,137.16331224219388,135.77928271320243,136.02194213867188,1469000
2019-11-15,136.37248516440968,136.50728837834518,135.2131226707643,135.96804809570312,1710700
2019-11-18,136.08485614072177,137.63964561736373,135.75233247869497,137.34307861328125,1243900
2019-11-19,137.00153359627535,138.08000000658143,136.4533112282985,137.35203552246094,1142100
2019-11-20,137.00153429628926,137.621656256581,135.82420765907196,137.06443786621094,1206600
2019-11-21,137.6306626435841,137.6396449513032,134.4761447398585,134.78170776367188,1631300
2019-11-22,134.853579632727,136.38140815103827,134.853579632727,135.82420349121094,1183900
2019-11-25,136.00397357237225,136.89371572065497,134.33234553567095,134.78170776367188,1437600
2019-11-26,135.1502178595311,136.5612084353454,134.73679848476485,136.39944458007812,1426300
2019-11-27,136.43538006770675,137.0824628802727,136.0758957111475,136.67803955078125,845700
2019-11-29,136.86675865244084,137.20827837714742,135.77032729404598,136.1387939453125,678400
2019-12-02,136.47131284413302,136.8307971377698,134.53006474622217,134.61094665527344,1091200
2019-12-03,133.80208740395724,135.47371526582876,132.93930598251418,134.25144958496094,1425600
2019-12-04,134.28738419023819,136.17471071868448,133.91890393346003,135.76129150390625,1438700
2019-12-05,135.6445345497227,135.85125113817986,134.28746496785115,135.06935119628906,1266800
2019-12-06,136.1117844515377,137.05544765347992,135.06926103389785,136.78582763671875,1200800
2019-12-09,136.83977602473826,137.98115988434566,136.30054959776245,137.5048370361328,1786100
2019-12-10,137.48685194303766,137.75647199998255,136.96559015652977,137.46888732910156,1270300
2019-12-11,136.88472563471862,137.58572964371936,136.30954250647576,136.57916259765625,1200500
2019-12-12,136.45336494381607,138.37663514189043,135.91412466966634,138.11599731445312,1131500
2019-12-13,137.71152465694178,139.23037096229464,137.56773918697513,138.97872924804688,1107900
2019-12-16,139.51795571667338,140.05718203168828,139.28427863806772,139.77857971191406,1531000
2019-12-17,139.65278797274968,140.63239430561805,139.571906065657,140.38075256347656,1703800
2019-12-18,140.20099321777866,140.5335168262108,138.11594622336847,138.95176696777344,1922700
2019-12-19,138.79825680381634,139.5749279188586,138.247362015469,139.52976989746094,2717400
2019-12-20,140.59544360559448,141.76948339458113,139.80974630863727,140.46900939941406,2553600
2019-12-23,140.48705860103286,140.67671677781806,138.5092557844292,139.2588348388672,1367400
2019-12-24,139.24076904617448,139.51170339321908,138.87050634484993,139.02403259277344,567700
2019-12-26,139.33107836594164,140.044539238078,139.1956180891019,139.7555389404297,1044800
2019-12-27,139.9542633661534,140.82123694733005,139.82782914471946,140.72190856933594,903400
2019-12-30,140.88445173483132,140.88445173483132,139.8368460941475,140.2613067626953,677300
2019-12-31,140.09876301616734,140.76705227818533,139.89103882580815,140.57740783691406,1115900
2020-01-02,140.74898532879547,140.9025115966797,139.40335329104064,140.9025115966797,2037800
2020-01-03,139.76457395704657,140.88442951150523,139.19562697769587,140.6857452392578,1176000
2020-01-06,140.27935222242493,141.8688126384655,139.99035190298463,141.8417205810547,1281800
2020-01-07,139.1865692119325,140.30642462242756,138.75308257379868,139.00595092773438,1505900
2020-01-08,138.80728782511477,139.80070920996678,137.87709042852325,138.05770874023438,2106300
2020-01-09,138.6357124524597,139.12339711166493,137.72358091028812,139.0330810546875,1796900
2020-01-10,138.68085206902356,139.48461526034725,135.56514144109653,136.35987854003906,2363000
2020-01-13,136.17021148922285,136.5675800128144,135.04132990187998,136.27857971191406,1672300
2020-01-14,135.8089138728234,137.1003472139467,135.71859787429892,136.15208435058594,1410600
2020-01-15,135.6825639272178,136.79337974078365,134.9691029249531,136.6308135986328,1367900
2020-01-16,136.92882002987605,138.28347796853424,136.70304370676635,137.86805725097656,1101800
2020-01-17,137.85901111260594,139.20464289808274,137.81386687427045,138.79824829101562,2009300
2020-01-21,138.17507946328305,138.74404008253057,137.3442244299491,137.94027709960938,1427000
2020-01-22,138.22024644138654,138.98787755336565,137.91319399659488,138.92466735839844,1098000
2020-01-23,137.4616534828585,138.12091644400914,134.6439557872553,137.353271484375,2514000
2020-01-24,137.217856673075,138.30158055491137,136.91080409960912,137.28106689453125,1476400
2020-01-27,136.35986998688534,137.16363312779313,135.80897521972656,135.80897521972656,1163100
2020-01-28,136.25148898256154,137.68743684866223,136.14312075881543,136.33277893066406,1716500
2020-01-29,136.8746560074788,137.50682704891665,136.17926097174956,136.2695770263672,1266200
2020-01-30,135.5651673292622,139.32208952132908,135.5200092981453,139.20468139648438,1267100
2020-01-31,138.70794550154707,139.53880075854474,136.59468231872947,137.2629852294922,2336300
2020-02-03,137.77773364094057,139.84585236397965,137.5338913668952,138.3828125,1831900
2020-02-04,139.62912734106624,140.6315748927097,139.2136927910711,139.3491668701172,1880600
2020-02-05,144.7497099681219,149.37360448955621,142.1036181709036,149.31039428710938,3119400
2020-02-06,149.91550882667,151.48691731383198,147.01653418904093,147.40487670898438,3035600
2020-02-07,146.85394257268766,148.58790296739667,146.51979804598153,146.96231079101562,1908200
2020-02-10,146.98940474676678,147.5312734059998,146.30304972132512,147.52224731445312,1511000
2020-02-11,147.37775524077796,148.4343867818976,146.59205804411562,148.23570251464844,1718600
2020-02-12,148.80465523904897,149.70776048503166,147.85639197470866,148.00991821289062,1174600
2020-02-13,147.87448983676472,149.220108124161,147.42293711636697,148.85887145996094,1612700
2020-02-14,148.7053673391821,149.2291702265024,147.25136681170773,148.61505126953125,1246300
2020-02-18,148.48858540116265,148.7956379240746,147.27842749536055,147.65773010253906,1366100
2020-02-19,148.0550926346104,148.4614872842695,146.8268688127845,148.29893493652344,1451100
2020-02-20,147.87448695983667,148.10928940896903,146.91718363576982,147.34164428710938,2265600
2020-02-21,146.89004744869436,148.15440292956578,146.89004744869436,147.8834686279297,1267700
2020-02-24,145.27350609363458,146.89909824405055,144.25299278637218,144.93936157226562,1919200
2020-02-25,144.731663763916,145.15612439648226,141.3811505089036,141.97720336914062,2502200
2020-02-26,142.89836124090192,144.62329583389484,141.6791772390656,142.71774291992188,2354700
2020-02-27,141.10117977685942,142.7719163461738,135.51095565630104,135.5651397705078,3118900
2020-02-28,132.73837754622815,133.47893030821484,128.45766839134268,130.97732543945312,3792900
2020-03-02,131.0676810944328,137.39844450367806,130.95929908411577,137.1004180908203,3069400
2020-03-03,137.38039390547124,138.6808679323921,131.16703790394251,132.0159454345703,2838300
2020-03-04,133.56929585147137,137.51587619542556,132.43138790015266,137.2178497314453,2147900
2020-03-05,133.82213189701508,133.82213189701508,129.26146132128065,130.85092163085938,2569500
2020-03-06,126.31738155715028,131.35671268597736,125.76648656510203,130.7877655029297,3488900
2020-03-09,122.50624067092384,128.24096541092462,119.17379335646775,121.89213562011719,3246600
2020-03-10,125.59487144207974,125.82064778641629,120.90775232880576,125.62196350097656,2602200
2020-03-11,121.96437214812794,123.40933234368632,117.10566127912772,118.56868743896484,2664200
2020-03-12,111.98505909121062,114.26991443637392,105.25692724864416,105.42851257324219,3339900
2020-03-13,110.82004439546981,111.4612482961221,102.09605126375621,110.05240631103516,5280200
2020-03-16,97.30961591090625,103.20689361960291,90.93369339806453,91.59295654296875,4112700
2020-03-17,93.5888218144826,99.64865897877762,88.30565594243626,99.41385650634766,4513400
2020-03-18,93.01081406895985,97.81533404881984,78.8862475533509,90.1389389038086,4346700
2020-03-19,88.68303857278818,91.80414315134385,85.38904261316908,89.65667724609375,3600900
2020-03-20,90.0843290760169,94.61584686597321,84.71566565171106,92.41378021240234,4849700
2020-03-23,88.54655235349648,92.4047157262116,83.7511557306875,85.71662902832031,3960800
2020-03-24,89.87505380356535,93.66041945773493,87.6911964794201,93.32373809814453,3525000
2020-03-25,92.53210786092204,98.59232475989963,88.2917700583632,92.6322021484375,4168100
2020-03-26,93.56033577890103,100.41220522353005,91.4492683688743,99.38397216796875,4073900
2020-03-27,95.37113380518949,103.26034573483369,94.70687923186577,98.64693450927734,3714800
2020-03-30,98.85620401889312,104.37955758661542,96.11727372665995,103.7698974609375,2792700
2020-03-31,102.47776260085402,103.7061840159538,100.42128988956136,101.63151550292969,3075500
2020-04-01,96.40844693696322,98.26473127562205,93.36924100033178,94.78874969482422,2313200
2020-04-02,94.34288711295015,98.61961628168152,94.10629999764038,96.3902587890625,2256600
2020-04-03,95.34382058964094,97.0363150213647,92.19541883555098,93.56033325195312,1868100
2020-04-06,97.63686191313506,101.41311885150577,97.30018058929498,100.78526306152344,3005300
2020-04-07,106.78178271172388,108.28318967125843,101.71340175858519,101.94088745117188,2396100
2020-04-08,102.52327496806012,105.14391522108646,101.07646894696356,104.28856658935547,2374500
2020-04-09,106.20854123822295,112.27785899161967,105.653475488546,111.25872039794922,2719200
2020-04-13,110.32147653980545,111.88657945684321,107.88282926164945,108.83827209472656,3400100
2020-04-14,111.0767418101582,113.56998368805769,109.4297472005444,111.468017578125,2229600
2020-04-15,109.19316238599787,109.51164105449416,105.7990718672148,106.00836181640625,2919400
2020-04-16,105.72627377006562,106.91829681514513,101.05826198518314,101.86811065673828,2634300
2020-04-17,105.09839693442079,109.1931396721255,103.77898260697442,108.09210968017578,3542400
2020-04-20,106.40872844939439,106.56341708132989,103.18752964430885,104.31585693359375,3123800
2020-04-21,100.18473081428903,104.12478598124306,99.52047625958735,102.26850128173828,3098700
2020-04-22,104.0246974468775,104.14298755352401,96.57226105490079,96.65415954589844,4865000
2020-04-23,97.66417010761386,98.58320740977143,94.67955859853878,94.70685577392578,3403400
2020-04-24,95.38931062649863,95.7441877825944,92.91426496386234,94.65225219726562,3894800
2020-04-27,91.72225643120011,97.21830599727937,91.67675650464439,96.93622589111328,5051700
2020-04-28,98.5104182913849,101.56782692849659,98.00994692965315,100.466796875,3089100
2020-04-29,102.13198354021998,103.20571638091322,100.20290914129903,101.977294921875,2560200
2020-04-30,100.46679267958201,101.44043124439996,98.17373282634809,98.28292846679688,3038100
2020-05-01,96.06269293096696,96.49036729936802,91.87695605325742,92.44111633300781,2420000
2020-05-04,91.722245250674,91.92242685310136,89.72036674558123,90.39372253417969,3442700
2020-05-05,91.35828459803696,93.08717780022687,91.08529890315421,91.13990020751953,2762300
2020-05-06,91.74954097087341,91.90422959215059,86.4900723089442,86.67205810546875,3164800
2020-05-07,87.35452869971114,90.53932922522145,87.35452869971114,90.07525634765625,4543800
2020-05-08,91.72224796673977,93.03256103439256,90.43012376032821,92.7686767578125,4828000
2020-05-11,92.00431730539337,93.22363732829061,90.89418597570325,92.65947723388672,3910600
2020-05-12,92.94158781567181,93.8151323598822,92.36832616105981,92.44111633300781,3612700
2020-05-13,91.50387558175439,91.6949627989818,89.01973481548299,89.63849639892578,3258400
2020-05-14,88.18259104545865,90.46654327699903,84.71570303929497,89.9478759765625,3760100
2020-05-15,88.82861622617683,90.89418327154056,87.99146359672304,90.53020477294922,5508000
2020-05-18,94.55216666045888,96.77242253559281,93.9971009560971,95.85337829589844,3187900
2020-05-19,95.16183369893467,95.81699372215084,92.82328063636864,92.84147644042969,2626800
2020-05-20,93.97890689905108,96.790634228558,93.69682680568982,95.18913269042969,2527800
2020-05-21,94.97983947757642,103.26032560231214,94.5066722138581,102.89634704589844,5550400
2020-05-22,102.93274934209822,106.80000689232962,102.09559654918375,106.46332550048828,4796200
2020-05-26,110.24870886095913,111.63181931247746,107.48248101560758,107.66446685791016,4080000
2020-05-27,111.39519670926849,112.45982812675375,109.04754260226561,111.89566802978516,3809300
2020-05-28,113.62459091803302,113.62459091803302,111.10404478704326,112.56905364990234,3012800
2020-05-29,111.66821241633902,112.8693369669006,110.15770361819327,110.95845794677734,2488400
2020-06-01,110.21227829483122,110.21227829483122,107.87372549462835,108.79276275634766,2395500
2020-06-02,107.23677978244177,112.08677757622482,106.61801827270665,110.74005889892578,4051800
2020-06-03,113.74287184052858,116.14512073841541,112.61454449571843,115.06228637695312,4247900
2020-06-04,114.51631465289947,122.5784163907766,113.75196593535104,122.41461944580078,4305900
2020-06-05,129.6031422279491,129.75784471751163,124.43467395252974,128.00164794921875,4914900
2020-06-08,129.3847964995487,129.89436235449517,126.3455902328121,128.0289764404297,3646600
2020-06-09,125.14442962636393,127.5102864120655,124.6621610629488,125.29002380371094,2629500
2020-06-10,124.02522943076202,124.49840366225821,119.12973181528464,119.184326171875,2475300
2020-06-11,113.62458373946701,116.49090554842104,110.19409477708801,110.50347900390625,3270200
2020-06-12,115.36256968253139,116.51820115271256,111.59540630760992,114.37073516845703,2080900
2020-06-15,110.4397947771521,117.94681828958583,109.3660616586591,117.56464385986328,2709800
2020-06-16,121.99606107016666,121.99606107016666,116.47270055873645,118.71116638183594,1783200
2020-06-17,118.80213606073897,119.98506454053613,117.11875012204294,118.01958465576172,1524700
2020-06-18,116.99429524134936,119.62162738582107,116.35347724236107,118.6878662109375,1212000
2020-06-19,121.12296219778835,121.12296219778835,116.68303934479194,117.13160705566406,2467900
2020-06-22,116.20702494845257,117.75413501694412,115.21833897624552,116.60981750488281,1599000
2020-06-23,118.25758827741855,119.61246163080635,117.58931502237776,118.44068908691406,1853100
2020-06-24,116.73798260465752,116.75629548477075,114.10149359805865,115.50212860107422,1905500
2020-06-25,115.35565142800782,118.0928401074477,114.33950317531466,117.6900405883789,1300800
2020-06-26,116.09715615368226,117.28723478412198,112.74661892016661,113.47897338867188,3237500
2020-06-29,115.21832108558017,115.84082619538542,113.56136193367453,115.07184600830078,1382200
2020-06-30,114.89791436121943,116.54571705717352,114.22963405079989,115.9140625,1968500
2020-07-01,115.78590752243377,117.38793511106431,114.39442215357117,115.03524017333984,1271200
2020-07-02,117.63511431727552,118.86181176780076,114.73314469089858,114.95285034179688,1155200
2020-07-06,116.8844519905921,118.25761760626591,115.87746014746222,116.52742767333984,1463100
2020-07-07,116.76543923325609,117.79988636474363,114.95284843651689,116.41756439208984,2334600
2020-07-08,115.538741232497,117.52526956009487,115.1176358084133,117.04923248291016,1914500
2020-07-09,116.82951185358218,117.20484201604187,112.07833305167895,113.82683563232422,1753000
2020-07-10,114.00077174503134,118.2759134821736,113.50642884198318,117.57101440429688,1556000
2020-07-13,118.0104486014717,119.5392456496623,116.32602002774392,117.46117401123047,1413500
2020-07-14,117.58018835158467,120.05189610375359,116.6281212291217,119.68572235107422,1317000
2020-07-15,121.85531993220195,122.53275668156428,120.22582312703642,121.571533203125,1893300
2020-07-16,122.13912154518903,125.72767752918372,121.5990103518611,124.5284423828125,2170800
2020-07-17,124.52843773943465,124.88546203663434,122.87147846349164,124.4552001953125,1329400
2020-07-20,123.91506971078701,124.61080531857178,122.5418974019213,122.92638397216797,1490800
2020-07-21,123.04543953375672,125.9474096802618,123.03627610858449,124.08905029296875,1199200
2020-07-22,123.20101789384054,124.80305221083272,122.63344449149656,124.29955291748047,1240500
2020-07-23,124.14394160901541,124.94037714136662,123.10033113024645,123.89676666259766,1288100
2020-07-24,124.72984848263783,125.19672215283691,122.27645339724499,123.5031509399414,1153300
2020-07-27,122.39545563901017,122.54193074428163,120.06105928504775,121.19622039794922,1860900
2020-07-28,120.8391706832378,121.58068154108564,120.26243380774194,120.80255889892578,1702100
2020-07-29,119.92375503364242,120.87581533961819,117.11332838207406,120.7842788696289,2575000
2020-07-30,118.76110294314836,121.18704929676336,117.65341833288548,119.0082778930664,2094000
2020-07-31,118.61466248667256,118.61466248667256,114.93455580287979,116.48165893554688,2207700
2020-08-03,116.8020409458032,116.85697259111657,114.80637043019448,115.75843048095703,1851600
2020-08-04,115.17253538562032,115.85912153310821,113.59796336989096,114.21131896972656,1775700
2020-08-05,115.18171409969587,116.49080555346107,114.98031433999095,115.04439544677734,1588500
2020-08-06,114.41274296861243,116.77459450907071,113.59798747513392,115.85914611816406,1247900
2020-08-07,115.04439137209675,119.15475945314027,114.96200437385374,118.96250915527344,1284300
2020-08-10,119.31952803401445,120.39976429138184,118.51394302892433,119.88711547851562,1309200
2020-08-11,121.78208114554481,123.42989081045411,120.41805820680257,120.84832000732422,1665000
2020-08-12,122.34964328939638,122.46865602238842,119.10896288846297,119.26458740234375,1913500
2020-08-13,118.41325563051431,120.601176738587,117.54356847925686,120.10682678222656,1635200
2020-08-14,119.3287249524807,120.63780968360723,118.63297510946617,119.136474609375,1412800
2020-08-17,118.62380963423324,118.85267174250227,114.99863467737008,115.20002746582031,1670600
2020-08-18,115.20000044880656,115.84997483005603,114.09230894268138,114.50426483154297,1489900
2020-08-19,114.77891252209108,115.50211756246456,113.01209691315756,113.4515151977539,1480700
2020-08-20,112.42620802405716,113.89093095060706,111.91355919035463,113.00294494628906,1793200
2020-08-21,112.91139276667434,113.22264882822951,111.41921451506256,111.61145782470703,1523600
2020-08-24,111.5931511362117,113.90923425859435,111.06218943660562,113.90007781982422,1670600
2020-08-25,114.91622429617878,115.56619175284061,114.09231942705948,115.26409912109375,1324200
2020-08-26,114.82468515724281,115.8408333697746,113.6895311752882,114.97115325927734,1476600
2020-08-27,115.50211328254257,119.31953111473261,115.21832653728113,116.95767974853516,1684900
2020-08-28,117.37879396243575,117.54356796808335,114.9803166605777,115.70352172851562,1397600
2020-08-31,115.47467150668427,115.67607129116729,113.1952067313362,114.43106079101562,1568200
2020-09-01,113.5338839463596,114.65988831790978,113.19517257857603,114.30286407470703,1110700
2020-09-02,114.08318048242377,115.76760216173827,113.0395698801709,115.19087219238281,1783500
2020-09-03,116.72881107733976,119.21882450947993,112.69168084676568,113.52474212646484,1436000
2020-09-04,115.61195243010687,116.92104361752085,113.80851838335661,114.94367218017578,1420400
2020-09-08,114.4310428351034,114.67821081452793,110.09181964640491,110.86994934082031,1757400
2020-09-09,111.483293649801,114.2021762376386,110.87910139934614,111.88609313964844,1403100
2020-09-10,112.31635314424719,113.09448279533305,109.01158425244743,109.1489028930664,1795600
2020-09-11,109.45099962649746,111.21781517512952,108.34330799010566,110.46714782714844,1766200
2020-09-14,111.32766599931033,112.38958237331296,110.5129175880523,110.65938568115234,1750500
2020-09-15,110.51290868315736,111.5473626428694,107.57432077636311,107.71163940429688,2136500
2020-09-16,108.15106222578885,110.03688349966274,107.30885146117686,108.5630111694336,2014200
2020-09-17,107.76131343781047,108.04697910720633,105.69712728241666,107.84424591064453,2054300
2020-09-18,106.86745030091873,109.47532368928043,106.67393416323748,108.2036361694336,2604300
2020-09-21,105.97358712641767,107.54936744784773,104.67425542263405,106.88587951660156,2036000
2020-09-22,106.29610968363124,109.03299377285995,105.936721573991,106.93195343017578,1732500
2020-09-23,107.41113862851752,108.6367478773491,104.72033273722589,104.91384887695312,1766000
2020-09-24,105.18108212489328,106.42511840607702,103.4302128625879,105.04285430908203,1804000
2020-09-25,103.80804035549492,105.2363757764985,103.14455243039636,104.91384887695312,1812300
2020-09-28,106.90429237421272,109.08826484441184,106.28687582012948,107.7889404296875,1665700
2020-09-29,107.18997876429857,107.2821283030333,104.27801256303798,105.36538696289062,2480800
2020-09-30,105.86299198000059,107.93638802500192,105.54968217453509,107.00566864013672,1805300
2020-10-01,107.35583844565765,107.97324801805405,105.56810807068949,106.78450012207031,1459300
2020-10-02,105.75239758539809,107.97323109782994,105.24556471401465,107.4111099243164,1255800
2020-10-05,108.6551483828108,110.21249408175188,108.22203795291085,109.75173950195312,1301800
2020-10-06,110.58112419119864,110.72856906478833,107.66915121282898,108.05619049072266,1541400
2020-10-07,108.18519856168176,110.0097831285557,108.07461490922701,109.76097869873047,1955300
2020-10-08,110.21250715242354,112.47941911021142,109.77939667115878,111.7606430053711,1236300
2020-10-09,112.30433707866098,112.36884244623113,110.55346806246857,110.99578857421875,1241300
2020-10-12,111.18010815336424,114.13815242083422,110.51662027457498,113.76033020019531,1542300
2020-10-13,112.58079905484767,112.92176005580545,108.8394732288856,109.26336669921875,1738200
2020-10-14,109.37393583466216,110.95893287973,109.18962976514399,109.25413513183594,994500
2020-10-15,107.85346470296723,111.21697553394614,107.35584876630611,110.72857666015625,1414500
2020-10-16,110.73777024162533,111.50262464345568,109.66882311580963,109.89920043945312,1249400
2020-10-19,109.95449804562243,110.51661932529287,107.6507246143694,107.74287414550781,1628800
2020-10-20,109.17119609140744,110.69168767811107,108.26811398161054,109.93605041503906,2469300
2020-10-21,109.90840959681634,118.48766584188965,109.13434517019446,118.15592193603516,3800300
2020-10-22,117.52007887047678,118.41394400850417,116.0640925019488,117.61222839355469,2174000
2020-10-23,118.92998925629648,119.38153388003684,117.48321992133612,118.89313507080078,1259800
2020-10-26,117.06853201109749,117.64908028799576,115.06885869344603,116.10094451904297,1323600
2020-10-27,116.04566528546698,116.58935239243583,113.631308412283,113.72346496582031,1519000
2020-10-28,118.97606943871781,119.42761406968707,115.70470852479235,117.41871643066406,4251900
2020-10-29,118.47845826155933,124.15494490197811,116.62621555676273,122.33036041259766,3946000
2020-10-30,121.34432563784614,123.02147914405137,118.43236722994716,119.71326446533203,3557200
2020-11-02,121.88805024984029,124.09045711680074,120.03580738750162,124.0535888671875,2708800
2020-11-03,125.04883650239397,127.67514420529893,124.46829507819069,124.66180419921875,3096200
2020-11-04,121.75904851545549,125.50958467710694,120.80989490382505,122.51467895507812,1799500
2020-11-05,122.86482206929561,127.62902289733535,122.56993237897048,125.9979476928711,1697200
2020-11-06,126.59692567404296,127.74881205829183,126.034804556085,126.8825912475586,1724900
2020-11-09,137.91308795381215,138.78851899398893,131.12155471626556,135.4434356689453,4092900
2020-11-10,136.22670553105795,140.06018714417425,135.7751609650087,139.608642578125,3016000
2020-11-11,139.47044319221425,139.5625856888564,135.7567617046285,137.33253479003906,1603500
2020-11-12,136.26354462836096,136.26354462836096,133.10277519923596,134.70619201660156,1872200
2020-11-13,136.7427859117209,137.60900703936028,135.21307685912868,137.54449462890625,1583700
2020-11-16,140.41958817535453,141.2397308697117,138.16187919706374,139.47964477539062,1433100
2020-11-17,138.8437783397728,139.09258974092728,136.5860837930892,138.25401306152344,1670700
2020-11-18,138.32776642037234,139.52573136446765,136.81649167799387,137.5629119873047,1595400
2020-11-19,136.31888422129504,137.09296283457053,134.47586534790042,135.80284118652344,2126300
2020-11-20,135.82123643150848,137.6642547773115,134.4297626424283,137.1942901611328,2042200
2020-11-23,138.11582334763798,138.50285558021457,136.17143809230936,137.33253479003906,1444000
2020-11-24,142.01378082759942,142.8062792878315,139.25846330701148,142.60354614257812,2375000
2020-11-25,140.75136925557803,141.08311324547918,138.92677028056198,140.55784606933594,1690100
2020-11-27,140.253718787529,141.25816059383166,139.11105620462203,139.53494262695312,906400
2020-11-30,137.86703132475353,138.93598567652427,135.5356135082043,136.22674560546875,5984100
2020-12-01,139.55339538527357,141.1476028198218,137.60900985507993,140.64999389648438,2197200
2020-12-02,139.71920163097505,141.26734419073733,138.9543474104115,141.15675354003906,2082900
2020-12-03,140.742117988723,142.04144953673895,139.92197523607572,141.90322875976562,2002000
2020-12-04,142.56671403586043,143.23941190683877,141.75578132928945,143.22097778320312,1457100
2020-12-07,141.80183770578338,142.769411099903,139.8113744940647,140.38270568847656,1260500
2020-12-08,139.9219910172258,141.3687675979329,139.27693721673654,140.4380340576172,1525400
2020-12-09,141.48856525620823,142.14284320110912,139.65477031386462,141.0186004638672,2088900
2020-12-10,140.1615661732861,142.62199424706597,139.85746642558985,141.61753845214844,1997100
2020-12-11,140.50253075888781,142.11517211036352,140.50253075888781,141.6728515625,1504500
2020-12-14,143.32228983268558,143.32228983268558,138.90826802698925,139.0188446044922,1639100
2020-12-15,140.2629666331341,142.30870477890093,138.92676661446654,142.2718505859375,1825200
2020-12-16,142.4100088640406,142.52059951661658,140.17074852023538,142.05984497070312,1563300
2020-12-17,142.35625223246868,142.80082213628634,141.179979934899,142.08766174316406,1671300
2020-12-18,142.30065651003724,142.94899044446575,140.04073753921227,141.11512756347656,3609400
2020-12-21,141.64309021156078,141.70793068899943,138.4662460000354,140.55018615722656,1638800
2020-12-22,138.1513546771622,140.0685724365416,138.1513546771622,139.08680725097656,1523300
2020-12-23,140.02221070045434,140.70760036908283,139.29052256894306,139.91107177734375,965100
2020-12-24,140.1519305494027,140.1519305494027,138.55887292343806,139.69808959960938,422400
2020-12-28,140.4019886215187,141.73571255632658,139.642515573023,140.67059326171875,865900
2020-12-29,141.71715125225862,141.71715125225862,139.54985743582913,139.76287841796875,727400
2020-12-30,140.43907151568845,141.41156578462488,140.14268208058795,140.7169189453125,675300
2020-12-31,141.11515006664325,142.7452490949557,139.5035647732526,142.5600128173828,1220300
2021-01-04,141.18924095941733,142.18026277213792,137.45667431284429,138.6792449951172,1799100
2021-01-05,138.92008735486345,140.0315192821259,137.43816869676436,138.79042053222656,946900
2021-01-06,140.42975661403275,145.76465171712246,140.3186176769256,145.3941650390625,1718800
2021-01-07,146.2925873896214,146.32964312667363,143.7548205738337,144.35684204101562,1410100
2021-01-08,144.8662527047421,145.6998230658968,142.01356864910758,143.9307861328125,1287700
2021-01-11,143.1805586162919,143.9770873097227,142.282147852796,142.7545166015625,1471200
2021-01-12,142.93051663532637,145.16263736642523,142.68969672625954,145.05149841308594,1064900
2021-01-13,144.180853563512,146.32036293362333,143.91226308356002,145.52383422851562,1113100
2021-01-14,145.81093951484715,145.99618990663066,144.15305591630178,144.3197784423828,934900
2021-01-15,143.36578044846055,144.53279570304224,141.53191750462977,143.73626708984375,1436300
2021-01-19,143.5880763464415,144.6254107053439,143.5602916141581,143.8937225341797,1434500
2021-01-20,143.68995820208434,144.81066088884364,142.74523490794695,144.3197784423828,1446100
2021-01-21,144.69027692373535,147.03355064753984,144.13455391390798,145.57015991210938,2042500
2021-01-22,144.05118476231806,144.6995187847942,141.17997306369566,141.27259826660156,1505700
2021-01-25,140.17042206145746,141.73569470073994,139.22571283716735,141.42079162597656,1358300
2021-01-26,141.82835429859196,141.9117085210756,138.86451670578333,139.11459350585938,1155200
2021-01-27,137.08624087593145,138.8089656996815,133.70563172074344,134.39102172851562,1581600
2021-01-28,135.65984106837558,138.1420379512244,135.4190353526518,136.27113342285156,1464400
2021-01-29,135.2337873263119,135.84507969145275,133.37213963169617,134.91888427734375,2200500
2021-02-01,136.16000286735851,137.4196293820474,135.39125886409917,137.11398315429688,1714300
2021-02-02,138.62368392765006,140.74467961554026,137.3270158326333,139.5220947265625,1574900
2021-02-03,140.78171366056486,144.440182998246,139.90183077671063,143.856689453125,2574200
2021-02-04,145.57015769012548,150.87725440921432,145.00517782072,150.7198028564453,3183200
2021-02-05,151.46073763320035,152.95191284174945,150.39561854107416,150.55307006835938,2233800
2021-02-08,149.7843668229594,154.00781687164002,149.32126898196157,153.91519165039062,2056200
2021-02-09,153.35021424124062,154.01706207977458,152.08131664279256,152.386962890625,1555500
2021-02-10,152.55363632405113,153.71138046607118,151.90528829842475,152.15536499023438,1520600
2021-02-11,151.59044418824192,154.2301075108087,151.33111053026775,153.60955810546875,1507600
2021-02-12,152.32211195350513,153.87811354656503,149.85842863187244,152.04425048828125,1559000
2021-02-16,153.33168789813234,153.54470893384865,150.85874728573435,152.4147491455078,2007700
2021-02-17,151.6552624365043,154.53573112416564,151.30330360972576,154.1004180908203,1382500
2021-02-18,153.09083908689757,153.65581887439495,151.28476079329812,152.6184844970703,1362100
2021-02-19,153.58175169431516,153.92443952271995,152.3869515298069,152.54440307617188,1276800
2021-02-22,151.9794119365553,156.65670190677108,151.72007833444547,156.1195068359375,2468200
2021-02-23,157.28653774792397,158.50910854566155,155.65642450744357,156.29550170898438,2095900
2021-02-24,156.43444647632276,158.99075562704667,155.80464019042682,158.06455993652344,1839600
2021-02-25,157.7311017257528,158.4813178445002,152.47030376171222,152.76669311523438,1844900
2021-02-26,153.00753036753517,153.56325345349345,150.58090209960938,150.58090209960938,1976800
2021-03-01,151.95163902959592,156.193616326583,151.89606955805039,155.00808715820312,1403500
2021-03-02,154.40603857270264,157.25870791664246,153.90588515143918,155.23960876464844,1580100
2021-03-03,155.33227891159007,157.83300434379603,154.87843795466836,155.1377716064453,2159300
2021-03-04,155.10071056221852,155.60084993293486,151.87753992383395,153.7484588623047,2068400
2021-03-05,155.96207950445157,159.80578566498662,154.13747300691122,159.0,2177600
2021-03-08,159.30566844252797,163.38092407521685,158.25906272625028,160.44488525390625,1782800
2021-03-09,159.33342409394578,160.50969643470623,156.9531088083279,157.1290740966797,1784000
2021-03-10,157.69408588359522,161.2043757477152,157.41623846015634,160.6764373779297,1799200
2021-03-11,158.7221659333752,160.36153641736345,158.21276956164036,158.9444580078125,2957700
2021-03-12,161.20434336137282,162.40840044067133,160.53748141384204,162.1305389404297,1393600
2021-03-15,162.1120210513952,162.3991394373583,159.33343414317366,161.34327697753906,1350500
2021-03-16,160.77828825211165,160.77828825211165,157.61995791457187,159.69464111328125,969900
2021-03-17,161.06540579015427,161.35253829150236,158.59246528622228,160.64862060546875,1179000
2021-03-18,161.75578380575303,166.5472326519293,153.698693760846,156.42471313476562,4640900
2021-03-19,155.754829001478,156.57355327371135,148.04197531836596,148.14431762695312,6915700
2021-03-22,148.01405661308314,148.83279503499972,145.96722475475482,146.1160888671875,3351500
2021-03-23,145.5020757559464,148.28391607486037,145.21366033021138,146.42315673828125,3291800
2021-03-24,146.99066351453826,148.56299295733146,145.6881236860364,145.71603393554688,2326300
2021-03-25,146.1626339274042,148.34901736614316,144.27396456442565,147.84661865234375,3000300
2021-03-26,148.95377992261362,148.95377992261362,146.82320268453,148.6560516357422,1891000
2021-03-29,151.18665542067686,151.18665542067686,146.9069044194139,149.17703247070312,2790900
2021-03-30,149.29796052509698,151.14010747917732,149.07466439266327,150.2655487060547,2701000
2021-03-31,149.6701251418661,151.18664806221977,146.81386784986657,146.97203063964844,2925500
2021-04-01,146.5068701223327,148.25598823410263,146.2184547308101,147.92105102539062,1993600
2021-04-05,149.52126858463055,150.27487357157466,148.15360983185718,148.77696228027344,1332200
2021-04-06,148.6652883119665,150.0980802510946,148.2559333829615,149.82826232910156,1966400
2021-04-07,150.60981278458607,150.63772302919557,148.95373868759822,149.7445526123047,1256100
2021-04-08,148.47923407994583,149.29797243438483,147.5674663102509,148.77696228027344,1600800
2021-04-09,149.5677741994614,149.97714337122176,148.3955013683437,149.50265502929688,2077300
2021-04-12,150.10740608397867,150.8145035000313,149.2979805645108,149.73526000976562,1173700
2021-04-13,149.7352558492417,150.22835577228102,148.09777909669245,149.71664428710938,1459000
2021-04-14,149.49336145435257,153.66147156280894,148.8607102500922,152.6845703125,1418100
2021-04-15,152.63808081431597,152.9916296188736,150.31213172426123,150.81454467773438,1723800
2021-04-16,151.1494660842011,152.74040714515294,151.1494660842011,151.43788146972656,1600800
2021-04-19,151.70769461019975,151.8472600674406,149.4096558730006,150.45169067382812,1165800
2021-04-20,149.97718799426164,150.88895602307798,149.20497122622015,150.45169067382812,1281100
2021-04-21,150.72147178764928,154.15457424980218,150.6284281635158,153.57774353027344,1263000
2021-04-22,152.81485355648536,156.9829503055725,152.033338077869,155.29896545410156,2814400
2021-04-23,155.5594338782448,157.6341759790731,155.34545058982724,157.47601318359375,1658800
2021-04-26,157.3271577211196,158.55525111185167,154.41506573949854,154.47088623046875,1430000
2021-04-27,154.2197063644494,155.59667829550403,153.98711148107105,155.00123596191406,1190700
2021-04-28,156.2386413356494,158.03428136790063,150.91688301893313,152.63807678222656,2277700
2021-04-29,153.73591399442125,158.6110934983145,153.4754088696238,157.69932556152344,2880800
2021-04-30,157.26204485193887,161.24406795350012,156.86198848352458,159.64381408691406,3277700
2021-05-03,161.27198288344565,162.26749578596235,159.2158520905202,160.03457641601562,2272000
2021-05-04,159.6066084077833,161.58830711828455,159.37401352936814,160.68585205078125,2463000
2021-05-05,159.86710014066736,161.30919110530195,158.0621617639666,159.4112091064453,2150600
2021-05-06,160.4067079923711,161.5324590618297,159.40189658546035,161.17892456054688,2249500
2021-05-07,159.56009418770674,164.24920091330884,159.12281465975497,164.10964965820312,3034600
2021-05-10,164.53760937633345,164.8539349782703,161.69994924963257,161.7278594970703,1466500
2021-05-11,160.360226644617,160.65794073115143,155.624597940312,156.08047485351562,3457200
2021-05-12,157.215556442698,157.69935785774445,153.28935300515357,153.43821716308594,2396900
2021-05-13,153.07534556895286,158.01565868682005,152.91718274970734,157.03875732421875,1797700
2021-05-14,157.029490044885,158.79720585725136,156.64803094757954,158.33201599121094,1382000
2021-05-17,157.98770632835925,158.2947332002871,156.3967656787331,156.75961303710938,937000
2021-05-18,156.0897650510204,156.2386149744227,154.09875358631854,154.27552795410156,2812700
2021-05-19,153.21487474314137,154.58253361440276,151.81930562523897,154.53602600097656,2675500
2021-05-20,154.64769367185906,155.56877455933306,153.75452303584197,154.5918731689453,3352200
2021-05-21,155.0198012125996,157.03872267844775,154.14524236086234,155.10354614257812,2578200
2021-05-24,155.9781345913035,156.74105267922076,154.3871934219597,155.05706787109375,2924600
2021-05-25,154.79654676509992,156.20141470855924,153.94059932307852,154.13597106933594,2643800
2021-05-26,155.55012198152886,155.56873354308163,153.27999415179224,154.58251953125,2303000
2021-05-27,155.5873545498459,158.09937627562581,155.27102893769182,157.5597686767578,4827400
2021-05-28,158.52737380924324,158.96465334132904,156.92711981873043,158.1552276611328,2194500
2021-06-01,159.62519804565497,161.40221188332865,158.1737942786905,159.55076599121094,2965300
2021-06-02,160.65791639674705,161.33710361579224,159.02045367766485,159.45773315429688,1836600
2021-06-03,158.73202190077274,161.57898044804057,158.42499501086667,161.32777404785156,1895700
2021-06-04,161.25334955638397,161.33708028751374,159.8670792674573,160.9649200439453,1421000
2021-06-07,160.96491906313128,161.27194593853125,157.5690402654742,157.65277099609375,2486200
2021-06-08,156.8991998507832,158.28547043010497,156.4805319109704,157.99705505371094,3064800
2021-06-09,157.51325537553075,157.97844513494078,155.5129308921887,155.65249633789062,1617100
2021-06-10,156.899181962793,157.09456788387763,153.7917181637512,153.94058227539062,1866800
2021-06-11,154.39647547978373,155.5129280426173,154.21970110301268,155.4571075439453,1515700
2021-06-14,155.15004358888072,155.940871655296,153.86612983634902,154.87094116210938,1733200
2021-06-15,155.63388677999401,157.06667920747853,154.79655088084127,156.3968048095703,1549500
2021-06-16,156.09909769750908,157.4946671828461,155.38270138669202,155.83859252929688,2023000
2021-06-17,156.35272450826895,156.5209896517663,149.7807695759349,149.8275146484375,2487100
2021-06-18,147.3969689886531,149.02360397751875,145.63011299410883,145.84512329101562,4136700
2021-06-21,146.90144909018812,149.08898157228708,146.75187056202918,148.66830444335938,2071900
2021-06-22,148.6029084880084,149.51905223025338,147.41565181520514,148.939453125,1214000
2021-06-23,149.12638708716875,149.8088195252411,148.55613141574008,149.0983428955078,1077300
2021-06-24,149.61249174358053,151.13629268273561,148.65896072453276,150.69691467285156,1243400
2021-06-25,151.04279135658206,152.13655741035817,150.71559016533152,151.7158660888672,1770200
2021-06-28,151.72525570291413,151.72525570291413,148.0232654382858,148.59352111816406,1361700
2021-06-29,149.09835229333348,150.37908467522132,147.33149678435885,148.07936096191406,1156900
2021-06-30,148.26632381596704,148.87396695484344,147.46235708160836,148.58416748046875,1084300
2021-07-01,149.44423364438,151.35131003698487,148.64026685057928,151.2765350341797,1055100
2021-07-02,150.9493403742132,151.4074193078459,150.023839197337,150.85585021972656,1734000
2021-07-06,150.26686825058437,151.16431073268038,148.35043470595016,150.59405517578125,1587300
2021-07-07,149.57508837134637,151.81870899107977,149.4722549275074,151.41673278808594,916000
2021-07-08,149.27592217948356,149.75270187372362,146.94816913900755,147.6586456298828,1351200
2021-07-09,150.3697450639975,152.28616489686115,149.0983559604507,152.1272430419922,1569200
2021-07-12,151.5663099929551,154.19322017748945,151.229765476438,153.8847198486328,1539400
2021-07-13,153.13686678495907,153.96887777331486,152.3422575627059,152.39834594726562,1305000
2021-07-14,152.95921846197754,154.2025630818415,152.5572422635015,153.60426330566406,1009200
2021-07-15,151.98698082789096,155.4552450289244,151.7345688847258,155.33372497558594,1098600
2021-07-16,155.7357516472648,156.5864636193866,154.5111075574127,155.8853302001953,1129000
2021-07-19,153.28642628545876,154.23997149834796,149.0796267907383,150.31361389160156,1766200
2021-07-20,151.1643537457224,157.82045632741782,151.1643537457224,156.74537658691406,3033600
2021-07-21,158.00741557583353,160.2697374709206,157.64282680481938,158.38134765625,1707700
2021-07-22,157.7363340343002,157.93265768751414,155.87600230738403,156.35276794433594,1199700
2021-07-23,157.75496498066641,158.1849996060708,155.5674328897697,156.02549743652344,1340900
2021-07-26,155.93205007621205,157.68020455415336,155.86660412066018,157.1847381591797,1331400
2021-07-27,156.39948249326858,158.5309267411028,155.27767198355497,158.28787231445312,1704300
2021-07-28,161.72805937931602,161.96177044778324,153.4453385422541,155.20285034179688,1991900
2021-07-29,156.90430102977075,157.12866885013463,154.86634682036484,156.52101135253906,1676000
2021-07-30,157.848499969776,158.97031051997647,157.09126394041047,157.74566650390625,2158300
2021-08-02,158.81136967581494,161.41023594110487,158.14762388191733,159.25074768066406,2584000
2021-08-03,159.7742875562713,161.92443290234692,157.8952408568236,161.37286376953125,2076800
2021-08-04,159.4657552409392,162.00853308277138,159.3348775989887,160.8773651123047,1835400
2021-08-05,161.92441814042175,163.11166035572433,158.2785161213012,161.2793731689453,2524800
2021-08-06,162.78448194613432,164.1400036564905,162.34510387756023,163.5697479248047,1802200
2021-08-09,163.59777747934046,164.8691664920494,162.1674666231172,164.31761169433594,1630800
2021-08-10,164.15866259659768,166.6733817478038,163.84080469774676,166.4957733154297,1810700
2021-08-11,166.97254953071007,169.86121514190233,166.20597031851153,169.2816162109375,2283600
2021-08-12,169.44053781606473,170.8615052169392,168.95441476176165,169.84251403808594,1576800
2021-08-13,169.65554129282046,171.0765086373366,169.43118778788093,170.8240966796875,1456900
2021-08-16,170.4875531394869,172.5068202831238,169.39378700283163,172.2263641357422,1988200
2021-08-17,171.4317651394001,174.0306313468953,171.17000985696126,172.67510986328125,1914700
2021-08-18,171.8244158068507,174.43262559213463,171.01109142101828,172.4507598876953,2178100
2021-08-19,171.36632085312897,173.91844201402523,171.01107542439567,173.3575439453125,2462100
2021-08-20,172.94619418969654,174.5821717023018,172.1702717148242,174.07736206054688,1792700
2021-08-23,174.75047623691324,175.65727654670764,173.28277778363258,173.40431213378906,1687400
2021-08-24,173.69407273774556,174.53542689679762,173.09577295996385,173.2640380859375,1708900
2021-08-25,173.78756142940435,175.43289663813076,173.09578572991072,174.51673889160156,2028100
2021-08-26,174.87200021126122,175.2272456662744,172.2824770954638,172.30117797851562,1672300
2021-08-27,172.62836125290193,174.3204272456197,172.1796256939834,174.18020629882812,1561500
2021-08-30,174.42327609423305,174.42327609423305,171.8337530196479,171.87115478515625,837400
2021-08-31,171.60002468105415,173.17991389718784,171.33826940715426,171.9365692138672,2077500
2021-09-01,171.8618104381171,172.27314430280168,170.14169997179516,171.09524536132812,2154700
2021-09-02,171.34764310726132,171.34764310726132,169.95473392364627,171.09524536132812,1644900
2021-09-03,170.60910437166038,172.10486112952333,169.49663724438142,171.50656127929688,1755400
2021-09-07,171.0484459392651,171.11387761626108,168.40283511794098,169.9266357421875,1673800
2021-09-08,169.30032490837553,170.88955752008587,168.8609469034577,170.5436553955078,1450000
2021-09-09,170.5436475217086,172.07680594610565,169.11333681074572,169.2816162109375,1572500
2021-09-10,170.42213025516824,170.9830283143025,168.21589698755045,168.49635314941406,1121200
2021-09-13,170.0949151562649,171.45043651941313,169.33769356617617,171.39434814453125,1386900
2021-09-14,171.7496201074519,172.79664130612952,169.05726357988775,169.46859741210938,1614200
2021-09-15,169.4125034916439,171.81504618464308,169.17879239139216,170.85215759277344,1450100
2021-09-16,171.25592282246245,171.87563627494882,169.01182198146756,170.0822296142578,1340600
2021-09-17,172.53289566259105,173.2934465429383,169.01181615927285,169.5282440185547,5419100
2021-09-20,166.9085557133632,167.66912093409107,164.59873554278192,167.03062438964844,2129800
2021-09-21,168.11979342339592,168.54232005109873,164.5799312134621,165.0681915283203,1504000
2021-09-22,166.81464319899428,167.40617473217162,165.53766463381487,166.1291961669922,1576100
2021-09-23,166.8991522942989,168.65499251850744,166.48601004688325,166.655029296875,1107600
2021-09-24,166.448450117862,167.32167083075166,165.75361870562517,165.96018981933594,1089700
2021-09-27,166.99304722511613,168.60804995336431,166.05409281693963,167.53762817382812,1018300
2021-09-28,166.97427974124682,168.31697779340496,164.14803186614688,164.7583465576172,1666400
2021-09-29,164.84279763963764,166.46718439970797,164.30760119395265,165.62213134765625,964700
2021-09-30,166.55174728749168,166.8616039796625,162.88043189737746,162.8898162841797,1478200
2021-10-01,163.4250172839338,165.76300458617217,162.42972790561305,164.70199584960938,1038500
2021-10-04,164.20439352961017,166.30764277296578,162.64572537440137,163.0119171142578,1648100
2021-10-05,164.01656073418363,165.22782002962285,162.20438547544435,164.45787048339844,1960400
2021-10-06,163.13397200778437,166.20434313335164,161.4626340208224,165.9320526123047,1399200
2021-10-07,167.03999845343478,169.28409911699572,166.66442238742877,167.4343719482422,1189300
2021-10-08,169.59397076811723,171.88502222370775,169.04937539528754,171.6221160888672,2123100
2021-10-11,171.91318924774654,174.29814188529093,171.37799259159996,171.60333251953125,1294000
2021-10-12,172.251217795625,172.62680823046534,170.2794217401262,170.54232788085938,1031000
2021-10-13,169.96955609369175,171.22775174799983,167.2090274334004,171.11508178710938,1289900
2021-10-14,172.5047482667687,173.52820538972856,171.67846359566892,172.7301025390625,1377000
2021-10-15,174.33566307783533,174.74880530940163,170.13853573117092,170.2418212890625,1600000
2021-10-18,169.23717117904062,169.67848095832548,166.07288464168852,166.8522186279297,1295700
2021-10-19,168.70196103299668,171.26530292391425,168.46722239723073,171.06813049316406,1685300
2021-10-20,171.06810342619065,174.8145222907662,170.83336482756582,174.15725708007812,1522700
2021-10-21,173.6126698225829,175.246455702226,173.43428051433497,174.8520965576172,1142100
2021-10-22,175.7253368374474,177.07743367055136,174.47653990438457,176.62673950195312,1387600
2021-10-25,176.748777629798,176.94595002628472,174.33565799635332,176.5891571044922,1533900
2021-10-26,177.1149750691721,177.1149750691721,175.37790367851213,175.80043029785156,1326200
2021-10-27,182.38252721980055,184.30737248276333,178.03516330049155,178.65487670898438,2155200
2021-10-28,179.57503193926303,184.86134988252715,179.57503193926303,184.11956787109375,2509300
2021-10-29,184.0350891223221,185.199397905213,183.10551897351579,183.45294189453125,2636800
2021-11-01,184.8801252402852,185.83786278972028,179.1243442116331,180.57032775878906,1763100
2021-11-02,180.9834513654426,181.02100323551142,178.27925824668392,178.8989715576172,2220900
2021-11-03,178.39195972061768,182.08204380320126,177.9224824992829,180.467041015625,1701100
2021-11-04,179.83798190611907,181.0867933025204,178.22297877147304,178.40138244628906,1753500
2021-11-05,179.91307187844978,181.88488205455485,178.5985413125855,181.39662170410156,1970800
2021-11-08,182.0257363178923,182.72056786822955,179.43422682259455,180.1853790283203,1600100
2021-11-09,179.73464153281327,181.7440032863299,179.51868604206655,181.70645141601562,1392500
2021-11-10,181.80034854181162,183.7909416364531,181.24636887766593,181.26515197753906,1633700
2021-11-11,180.94594207866098,181.7628279724852,179.9506381962758,181.3121337890625,1005900
2021-11-12,181.1900313029456,181.6970603737797,179.88488526300011,181.06796264648438,1313100
2021-11-15,181.5468423523952,182.29799442454038,180.46703617589856,181.36843872070312,1065400
2021-11-16,181.70649275837832,182.62666422715634,180.94594184753967,181.35906982421875,1160900
2021-11-17,180.62665728183052,181.34965619724153,179.5750329156381,180.0726776123047,1325700
2021-11-18,180.22293020868003,181.8848836962662,179.75345295558972,180.21353149414062,1745800
2021-11-19,180.2322918205407,180.35436047565756,176.73938035275194,176.75816345214844,2076300
2021-11-22,177.4999567904467,180.9834843760986,176.14787431175938,179.11495971679688,2074400
2021-11-23,180.32619615695586,182.89892205448626,180.2792455712936,181.17124938964844,2254800
2021-11-24,180.5891064653918,180.5891064653918,178.46707462053848,178.7957000732422,1474600
2021-11-26,174.3826480297002,175.61267625325456,172.3732857752526,173.28407287597656,2271400
2021-11-29,174.87086681188353,175.28399469923858,172.86150503564335,173.74411010742188,2364800
2021-11-30,171.87563444686148,172.65496844809743,168.24187057033845,168.51417541503906,3638700
2021-12-01,171.3122412542546,172.02585582538157,164.43910194119744,164.448486328125,3138300
2021-12-02,166.2230787654056,171.78168650823486,166.2230787654056,171.2277069091797,2531900
2021-12-03,170.68313313477,171.80049118571736,168.55170259205468,170.38267517089844,2476500
2021-12-06,172.90846723393253,177.78164343174643,172.2887681462723,176.08213806152344,1691300
2021-12-07,176.45773431648635,177.75349627283833,175.88498575426692,176.56101989746094,1895200
2021-12-08,176.66427196919122,178.2886734643436,176.2699128240831,177.6126251220703,1231000
2021-12-09,176.73004615961335,178.9459797166166,175.7723084006828,178.58917236328125,1565300
2021-12-10,179.7158825199446,180.22292596463475,178.67364246953534,179.7816162109375,1697100
2021-12-13,179.22763858844118,179.50931347509135,176.9929223056261,178.6173095703125,1583300
2021-12-14,179.31214948295369,182.56092416503424,179.2745832780955,180.7863006591797,1952000
2021-12-15,180.71118195528126,182.79564767858375,178.80509121740803,182.11961364746094,1575100
2021-12-16,183.85442222469965,186.38123507071086,183.01529236026812,184.66526794433594,1951100
2021-12-17,183.25103312114277,183.25103312114277,178.55567729101008,178.9233856201172,4053400
2021-12-20,177.216806357525,177.8202254033485,173.67170687499765,175.1519775390625,1726200
2021-12-21,177.01883931503002,178.404820193222,175.56686688326346,176.53799438476562,1086500
2021-12-22,176.00999350588913,178.20682028563354,174.99173532596163,177.6128387451172,1164100
2021-12-23,178.3105415871259,180.7242184215173,178.3105415871259,179.74366760253906,969400
2021-12-27,179.5739641712923,182.85505524587248,179.21567906782906,182.4213409423828,624000
2021-12-28,182.18561023919221,184.22215525808858,181.799055412812,182.37417602539062,603100
2021-12-29,183.08130306568583,184.23157302990916,182.46846068211548,183.2510223388672,558600
2021-12-30,184.23158418176223,184.74072764547876,181.9216208597866,182.07247924804688,627100
2021-12-31,182.0536359148647,183.35476446249098,182.0536359148647,182.2610626220703,672300
2022-01-03,182.43077188152554,183.0907593741976,179.92280502272342,180.49794006347656,1971900
2022-01-04,182.61932325728014,184.71243655918008,181.12020584519286,184.42958068847656,1847900
2022-01-05,184.9104434700293,185.80615621160428,182.83619086213432,182.93048095703125,1660900
2022-01-06,186.107841722075,187.06010829282127,183.44903104983575,186.67355346679688,1994200
2022-01-07,186.36239266559951,189.81320227299764,184.91984370272164,189.6906280517578,1892600
2022-01-10,189.2192127244095,189.803770931296,185.26869723469187,187.4561004638672,2033300
2022-01-11,188.0971995134138,188.94575255355355,183.99582625056897,188.07833862304688,1418600
2022-01-12,188.07836875947694,188.90807542884048,185.76840565861312,186.5132598876953,1487200
2022-01-13,187.39010763421484,188.408380134172,185.57985020761782,186.23983764648438,1279700
2022-01-14,185.28759845514173,186.20215775076161,182.67591807555456,185.04244995117188,1663000
2022-01-18,184.75017638879413,184.93874220681107,181.53507668033356,183.8356170654297,1324900
2022-01-19,184.797306221018,184.797306221018,180.6865084255335,180.9127960205078,1451700
2022-01-20,182.11018665178807,187.44668344665183,181.8839134560454,182.07247924804688,1976500
2022-01-21,183.3830243841035,187.0412610423824,180.80906616779606,181.03533935546875,3169000
2022-01-24,180.12076888181232,185.08013360441876,177.07538920019812,184.70298767089844,2171200
2022-01-25,183.1850307303101,184.5898725208578,178.50853570474047,182.59104919433594,2242000
2022-01-26,182.67588898362632,185.63641636381766,180.89391572590998,183.00588989257812,1878900
2022-01-27,184.68413508825674,188.2386436798752,180.46018709167132,181.75189208984375,2485200
2022-01-28,181.8650553877648,185.65528972849546,180.51679628668145,185.6364288330078,2096900
2022-01-31,183.8450452698677,186.14557115021537,181.92163661954473,186.004150390625,2090300
2022-02-01,185.16499995664878,189.1060925348297,184.7690074866847,188.4460906982422,2274500
2022-02-02,193.2828513208819,196.61108658537816,190.77488501680148,195.66824340820312,4158000
2022-02-03,194.78196514655366,196.48850896582326,193.26398708212446,195.49853515625,2691100
2022-02-04,194.9517169590198,197.46910689255887,193.29230351130755,194.78199768066406,2218500
2022-02-07,195.85682549161564,196.4791054932151,192.3306009225116,193.28286743164062,2175300
2022-02-08,194.42372723622245,196.91283302413416,192.92459542442714,196.01712036132812,2247100
2022-02-09,197.20510630831953,198.54394205588844,196.32825456614418,197.01654052734375,1783700
2022-02-10,196.13968120366178,199.6753434102172,195.5551229892381,196.67710876464844,2613800
2022-02-11,195.98883720885487,196.75253799963664,191.7743263985098,192.3966064453125,2842100
2022-02-14,192.81145757034358,193.78258503211327,188.1349484062388,190.52035522460938,3062300
2022-02-15,192.1891675464986,194.72541822938686,190.92576102510293,192.01002502441406,1933100
2022-02-16,191.1143384927014,194.1597183945102,190.822059364744,193.19802856445312,1695100
2022-02-17,191.68946366675902,193.60343436136517,189.57750394120558,191.99118041992188,1863200
2022-02-18,191.30290197219458,193.81086863126606,191.06719114453705,193.00946044921875,1883900
2022-02-22,192.81142216815306,194.97052662905668,190.54860438636314,191.4820098876953,2820700
2022-02-23,192.7077247922459,193.53743142798774,189.79434270080571,189.89805603027344,2225800
2022-02-24,185.48555607042306,188.45552106041887,182.22332634957812,187.6540985107422,2431600
2022-02-25,188.73837936435885,195.63057650076348,188.12553692701357,195.18743896484375,2083500
2022-02-28,188.94577784343213,192.3023118324523,188.71950467531897,192.00059509277344,3069200
2022-03-01,190.49207246775063,191.76491680079613,186.25871484783252,188.1349639892578,3018600
2022-03-02,189.5020551582609,193.90513106459272,189.25690672500295,192.62286376953125,2084900
2022-03-03,192.83033433512026,195.06486856782564,191.05778415650084,194.22573852539062,2200900
2022-03-04,190.48264948079105,194.45202649427802,189.43609273940316,193.77317810058594,1962600
2022-03-07,191.48205487210822,191.84033995327644,187.41840228510324,187.55039978027344,2093400
2022-03-08,188.74779626767418,191.8780284387809,184.9858464462736,186.35296630859375,2071300
2022-03-09,191.21806017911334,193.72602697789475,190.86921273847423,192.28347778320312,1479100
2022-03-10,190.02065308410891,192.2363408355107,189.162676521351,189.9075164794922,1902000
2022-03-11,190.63350182658994,193.1697527743882,190.19978754957637,190.3695068359375,1424000
2022-03-14,193.28288562631198,195.8379974200824,191.78376816132288,193.24517822265625,1317300
2022-03-15,195.6588404074802,197.23338694994004,193.1131664429442,195.59283447265625,2468000
2022-03-16,196.705386658575,199.10020212023204,195.34769011255224,198.91163635253906,2064700
2022-03-17,197.83271804900397,199.79183959960938,197.14182659903705,199.79183959960938,1645300
2022-03-18,199.9432473133177,200.81396314312084,196.93360006082904,200.1798553466797,2354900
2022-03-21,201.41971696544942,202.73525720607452,199.96220322347315,201.56167602539062,2251300
2022-03-22,203.48291860553067,205.120242232576,202.0254194032273,202.19577026367188,2482800
2022-03-23,201.92129796288822,202.29040591090646,199.16717703614782,199.35646057128906,1856900
2022-03-24,199.51735386568066,201.89290774080143,198.79807064992988,201.76986694335938,1287100
2022-03-25,201.88346037092197,206.4074053579269,201.5711359963283,206.114013671875,1312200
2022-03-28,205.92473676223258,206.13295301868726,203.1895480567078,205.52723693847656,1328800
2022-03-29,206.97529206431773,207.25922465640957,202.87723827303068,204.2779541015625,1871200
2022-03-30,204.82683535367573,205.9247000663584,204.0980785859492,205.84898376464844,1063800
2022-03-31,205.13917093197034,206.93738626161561,202.34719894482274,202.44183349609375,1625400
2022-04-01,204.43882389638608,205.59347238976775,202.96239190587443,204.9499053955078,1278900
2022-04-04,204.15486536707118,204.27789171432278,200.68144700948747,202.12950134277344,1491700
2022-04-05,202.4891717239043,205.22436027748986,200.72880720710947,201.00328063964844,1851700
2022-04-06,200.79504961034692,203.35987266499134,199.61200941577437,201.097900390625,1389100
2022-04-07,201.88344209359886,201.9780910863286,198.67503764321938,201.1925506591797,1513200
2022-04-08,202.69737269986499,205.29060200086838,201.75094054581524,204.57130432128906,1450000
2022-04-11,205.80164663250852,206.76701136826716,203.3693237706057,203.7289581298828,1140000
2022-04-12,205.76384342542107,205.934194302259,202.3093569727449,202.9340057373047,1084200
2022-04-13,202.52700417988564,204.36307026781978,199.7255588940168,201.4385986328125,1216300
2022-04-14,201.06005269825968,201.88344406569857,199.06308023998807,199.24290466308594,1517000
2022-04-18,198.36274181705718,200.7950797541221,198.20185005941093,200.5584716796875,878100
2022-04-19,199.7634698825382,201.40079369654802,197.87060530727254,198.67506408691406,1499900
2022-04-20,200.7855773201323,201.26826696508172,198.49521322187812,201.1925506591797,1719200
2022-04-21,203.2368140784785,205.1580698945059,199.9432203012261,200.19876098632812,1116500
2022-04-22,199.43215795139633,200.59626530140147,194.93660582164406,195.0596466064453,1579100
2022-04-25,194.73787863116354,196.81056739973926,191.51055589813632,196.21432495117188,1521800
2022-04-26,194.7284244167039,197.88950448686185,192.50430297851562,192.50430297851562,1620600
2022-04-27,198.2491332748977,202.31879419590098,196.85787693165463,199.3375244140625,2903500
2022-04-28,201.0979171785073,201.94971485455375,197.5204044867778,199.85809326171875,1986700
2022-04-29,198.5709430329012,199.9716586838321,194.8419977517142,195.39093017578125,2360000
2022-05-02,196.92416660409515,197.09451747844213,190.80074874729124,194.17950439453125,1743500
2022-05-03,195.70323957240763,198.82646856767008,194.9839563345555,196.46038818359375,1691400
2022-05-04,196.4603998478569,202.61220921170107,196.4603998478569,202.49864196777344,1711300
2022-05-05,200.75719088667896,201.78881294598753,195.48557111458257,196.85789489746094,1771900
2022-05-06,196.7064369948024,198.67501742368322,195.2205461617468,197.9557342529297,1454300
2022-05-09,196.71594063609342,197.47307485100833,193.44127883508966,194.12271118164062,2496800
2022-05-10,195.24895909830443,198.00308017244015,192.0594728727767,193.8955535888672,1843400
2022-05-11,194.29306079280173,197.23646552471422,193.52645301823512,193.66842651367188,1793900
2022-05-12,194.28359546244124,194.6621625553589,191.31179901467016,194.43502807617188,1782100
2022-05-13,195.13537332663088,196.31841351153307,193.74413135528172,195.47608947753906,1378500
2022-05-16,195.47609755021068,198.81701645644185,194.47288174260868,196.85789489746094,1449000
2022-05-17,199.11986494802656,201.12629654006741,196.80110900490988,201.0316619873047,1905400
2022-05-18,199.7161033874316,200.31234578311472,195.5707262179582,196.204833984375,2036200
2022-05-19,194.40662765277955,195.31519441208997,188.6807103672904,192.95858764648438,2535200
2022-05-20,193.33717394018927,195.40040370206322,188.9457289899275,193.07217407226562,1939000
2022-05-23,195.39090181049227,197.45413127324935,193.867145570133,196.204833984375,1901800
2022-05-24,195.56129608077137,197.5109441616989,192.02163434574325,196.99986267089844,1219400
2022-05-25,196.44145896166765,198.71290483528875,196.20485091908685,196.83895874023438,1591700
2022-05-26,198.34378193724422,198.7507408079753,195.95876900395433,196.57394409179688,2216300
2022-05-27,197.11343096329938,199.60253773602003,196.07234980568398,199.59307861328125,1704900
2022-05-31,199.422746430284,201.39131280854147,196.1480844799211,199.97166442871094,2722000
2022-06-01,200.14202803357034,200.29346065873,194.62432631147624,197.463623046875,1453300
2022-06-02,197.6812452451784,198.73178533234648,193.83873367416552,198.66554260253906,1533400
2022-06-03,196.99041956625751,199.61204109711423,196.70648698621414,197.35952758789062,1339800
2022-06-06,198.76965990982237,201.81717221592655,197.5771463039688,200.76663208007812,1556500
2022-06-07,199.23345957416026,202.33775638310402,198.56150072396557,202.17686462402344,1687800
2022-06-08,200.30293437237,201.28721762478318,197.94631271142475,199.0631103515625,1259000
2022-06-09,199.0631211998551,199.66883733621376,195.0597163367565,195.20167541503906,1524100
2022-06-10,191.18875601988918,193.3087692635966,189.52304061216753,190.85751342773438,1719100
2022-06-13,188.05605208505594,190.66821387776517,185.90764721212378,187.02444458007812,1811400
2022-06-14,187.99927633120322,189.69338347711886,185.96445304335825,187.33677673339844,2202500
2022-06-15,189.87322669075212,192.06895636534554,186.2010795101601,188.60501098632812,2428800
2022-06-16,184.86999684365395,184.96502720939003,179.5858270486121,179.80441284179688,3189100
2022-06-17,180.57417581664825,181.29646729926446,178.06514574326815,179.94691467285156,5500700
2022-06-21,183.82453531374705,183.82453531374705,178.21723696485628,180.07049560546875,2863700
2022-06-22,178.12220817170802,181.7622059847172,177.7230458517235,180.12753295898438,2519300
2022-06-23,180.45064578682565,181.54360360041684,175.91729338755948,177.69451904296875,1312400
2022-06-24,178.7114457416837,184.98402963222034,177.7610551220151,184.87948608398438,2370900
2022-06-27,184.4613007601537,186.22902778614028,183.75802102519512,185.08856201171875,1292300
2022-06-28,186.79926179226962,188.0727816235382,184.6038619856686,184.7654266357422,940400
2022-06-29,186.04843328246181,186.40958630182647,183.85303361591926,184.15716552734375,963200
2022-06-30,182.48448232024265,187.22693633433718,181.80019997146482,186.82777404785156,1470900
2022-07-01,187.03687028450722,189.34631244835145,184.622870074288,188.10130310058594,1470700
2022-07-05,186.09595140182753,186.1054645874693,180.23204407475745,183.55841064453125,1392800
2022-07-06,183.7865051351577,186.31453264577104,182.06630078518523,184.10963439941406,2024100
2022-07-07,185.8963894786012,187.65460322027732,184.527824824487,184.96499633789062,1302800
2022-07-08,185.5352313215067,186.2100004436792,183.4918975830078,183.4918975830078,1148000
2022-07-11,183.43483246669902,184.9744746633162,182.9501386188005,183.95755004882812,1342200
2022-07-12,182.69357447471006,185.6207791587365,182.07582640742203,182.37994384765625,1457700
2022-07-13,181.2204318842985,182.70305306832512,180.46013117676458,180.6121826171875,1651000
2022-07-14,176.19290207814643,177.5139443520302,173.26569746729282,174.22560119628906,2024600
2022-07-15,176.344960864341,177.2383302581207,174.3206244508533,175.05242919921875,2722200
2022-07-18,176.26892526472034,177.21931575431205,171.54548337130487,172.19174194335938,2430300
2022-07-19,174.1780467437061,177.20028115203527,173.5887948545214,176.50650024414062,2341400
2022-07-20,176.6586083349575,177.0387587720094,175.17600132792174,175.53713989257812,1970400
2022-07-21,174.2731135325722,175.08095131479328,172.16324531486956,174.88136291503906,2187100
2022-07-22,175.14747383490362,176.7251256801871,173.78842226460685,174.99542236328125,1451400
2022-07-25,175.83173677288656,179.14860475532024,174.96689246095895,177.922607421875,1791000
2022-07-26,177.7135471593866,179.3672175561436,177.7135471593866,178.93954467773438,1790600
2022-07-27,180.72625990381295,183.6154406261257,175.87926258142778,177.7230224609375,2804100
2022-07-28,178.0651953572174,178.38832470248857,173.27523279225827,176.1834259033203,2458800
2022-07-29,176.71561055702637,179.82339152908543,176.71561055702637,179.2816619873047,2379500
2022-08-01,177.14329205600686,178.59738842112208,174.38716529251215,175.80323791503906,2266800
2022-08-02,176.20237304404284,178.75892552124893,174.89084416306105,175.19496154785156,2267500
2022-08-03,175.7937524837852,177.02926317849617,173.43678782891848,176.48753356933594,1671700
2022-08-04,175.97432543998306,178.05568315610003,175.41359847131315,175.9077911376953,1387000
2022-08-05,176.1739117400742,177.69454259452365,175.67020585117257,176.12640380859375,1282600
2022-08-08,176.8866811922701,178.3597894173735,176.33545294344006,177.3048553466797,1439600
2022-08-09,178.33128382609888,180.88783674888566,178.2837613978096,180.29859924316406,1556800
2022-08-10,181.56263291816526,182.47501437081627,180.72629896353064,182.09486389160156,1176500
2022-08-11,183.04522598361177,184.67989889201488,182.9216705713622,184.1951904296875,1427200
2022-08-12,184.8794806589562,187.78767354951563,184.57536321052734,187.74966430664062,942000
2022-08-15,185.80134555970494,188.15830997484088,185.75382313362468,186.95132446289062,1397700
2022-08-16,187.01782635321868,190.23015062483242,187.01782635321868,189.1752166748047,1193200
2022-08-17,187.88271200523883,191.18056840645175,187.47403652376227,190.9714813232422,951400
2022-08-18,190.99049735028592,192.37805947616488,190.75289970527015,192.36856079101562,1064200
2022-08-19,192.48259212192588,192.6726673268148,190.46776884684772,190.62933349609375,2016000
2022-08-22,188.17735046491597,188.56701411550515,186.75176447654542,187.2459716796875,1150900
2022-08-23,187.2269769936113,188.1583558643412,186.52368262080026,186.97036743164062,1048000
2022-08-24,185.8964151492552,186.9703467121747,184.70842684820374,186.66622924804688,776500
2022-08-25,187.15088201262182,188.08226057489554,185.9723926570255,187.71160888671875,708000
2022-08-26,188.41490535978483,188.41490535978483,183.75799798894184,183.91004943847656,1130200
2022-08-29,182.55102694882248,184.0431326397511,180.75478930709008,182.62705993652344,995900
2022-08-30,182.75059926918814,182.96919954511313,180.24156870403218,180.56471252441406,1119700
2022-08-31,180.7452724299358,182.57953377897556,179.66182775548342,179.6713409423828,1759700
2022-09-01,179.7473770284922,182.7125910303828,179.15812500112992,182.60804748535156,1205500
2022-09-02,184.14771437064726,186.14354083168266,180.5742502185537,181.4105987548828,1039500
2022-09-06,182.23740222371438,182.78863052606852,180.47917376789846,180.98287963867188,1098700
2022-09-07,181.1919427060614,184.53732132069246,180.91633584234106,184.07162475585938,1135500
2022-09-08,183.4824062159358,185.68731936039524,182.7886251410885,185.4307098388672,1560400
2022-09-09,185.84887431728512,186.53315667108967,184.7939402303205,185.32615661621094,1380700
2022-09-12,186.05796704310805,188.19634583817805,185.45921633990946,187.2079315185547,1133000
2022-09-13,185.0505469834311,186.2290219626981,183.3873635513803,183.61544799804688,1394800
2022-09-14,184.26172208736944,185.17408888253624,181.85723518716557,183.67247009277344,1667500
2022-09-15,183.41476440429688,184.9705728825138,181.9066687648379,183.41476440429688,1476600
2022-09-16,181.44851391528005,182.59389874416243,180.01677923808748,180.63719177246094,3844900
2022-09-19,179.45362129964815,183.20477377132883,178.57549243506654,183.1475067138672,1205800
2022-09-20,181.77305452165177,181.77305452165177,177.16286666762613,179.043212890625,1802900
2022-09-21,179.88315541193484,180.2840393830992,174.09893494821256,174.16575622558594,1325700
2022-09-22,174.3375590560566,174.96752583002439,172.5526677608399,173.23036193847656,1775800
2022-09-23,172.03724809862533,173.44034928040472,170.00418014862686,172.0849609375,1880000
2022-09-26,171.05413807418174,171.42638854539726,165.87125044410155,166.78756713867188,1880800
2022-09-27,167.63707241367916,170.78687755650358,166.5775880002904,170.0328369140625,2213800
2022-09-28,170.70093121027605,173.6789489214746,169.4028246603579,172.11358642578125,1743500
2022-09-29,171.24502184866924,176.2274598668575,169.8991877090113,175.4161376953125,2247700
2022-09-30,175.8647052255059,177.99321291222392,173.3734868375663,173.60256958007812,1916000
2022-10-03,175.07255227010077,179.20549567575227,172.98221686108178,178.5850830078125,1358900
2022-10-04,179.5681940891736,184.17838217049615,179.49183314751912,183.9874725341797,1592800
2022-10-05,182.42209744866057,183.66293717998178,181.60123558618895,181.95440673828125,987100
2022-10-06,181.4485372986721,181.55353177110462,179.48227585453998,180.22679138183594,1006300
2022-10-07,179.37728451527877,179.67318862592808,175.67387351208941,176.2751922607422,1271500
2022-10-10,177.76419076568746,178.96684270549918,176.04610616284288,176.50425720214844,1292000
2022-10-11,176.50427830734642,179.78772603776005,176.07476074636617,177.248779296875,1175300
2022-10-12,177.17239119528315,179.75906494962732,175.90291801943644,176.5806121826172,1406000
2022-10-13,174.24212527240542,185.61964255248643,173.06810683329525,184.91331481933594,1557600
2022-10-14,185.73416978609717,186.78411440936213,179.50135245323222,180.17904663085938,2065600
2022-10-17,181.3530742314065,184.53152722750113,181.3530742314065,183.920654296875,1610100
2022-10-18,188.1108453232199,188.33992811082823,183.81564136498093,185.7914276123047,1148400
2022-10-19,185.17102729772353,188.8267250998295,185.03739930389744,187.0609130859375,1415800
2022-10-20,185.1901181327214,187.16590447788812,182.85162099696922,183.46249389648438,1670200
2022-10-21,184.01610925653105,188.96037472275196,182.87072424058002,188.78855895996094,1529000
2022-10-24,190.30618620311748,195.67995402071165,190.30618620311748,194.1241455078125,2022900
2022-10-25,191.3465763422046,192.45378803441528,189.61895208961946,192.26287841796875,1967900
2022-10-26,203.97451342124512,204.27995721713137,193.90464084377314,194.859130859375,2151500
2022-10-27,196.85398068529014,200.64330633892416,196.25264745347482,198.08526611328125,2061300
2022-10-28,199.72702581232244,205.11034864949232,199.31660211695865,204.73809814453125,1850300
2022-10-31,202.91499150101444,205.69256042964048,202.29457893103063,205.11032104492188,2559600
2022-11-01,205.64484208154394,206.16981442930532,203.60223431745763,203.76449584960938,2298300
2022-11-02,202.72409448256903,205.37757504575544,200.60512589407352,200.95828247070312,2227100
2022-11-03,199.55517632858638,202.06547443342387,198.4097769925677,200.09922790527344,1561800
2022-11-04,201.39737122205273,202.5236623261457,197.6080451102141,199.64111328125,1864200
2022-11-07,200.77692602736147,204.16535301013118,199.65062054166384,202.43772888183594,2389400
2022-11-08,201.41643909882634,203.85039097057896,199.50745952323345,202.74317932128906,1384400
2022-11-09,202.35184915148582,203.78358393321804,200.21378663426304,200.55740356445312,1544100
2022-11-10,205.25348872918966,205.272582604005,200.29969869500513,202.2659454345703,2436600
2022-11-11,204.18445754287566,204.51853480070451,196.08083384712063,196.87306213378906,2620200
2022-11-14,197.417147849099,199.746105536392,195.70860277132715,195.76588439941406,1555600
2022-11-15,197.53165596107806,197.54121018001425,194.0382198902339,197.22622680664062,1439800
2022-11-16,197.35031038438385,198.33343373604876,195.90903599610786,197.84664916992188,1144100
2022-11-17,196.7107931266563,200.4333119668103,196.6344321973633,199.5265350341797,854100
2022-11-18,201.86505940591633,202.53319937409765,198.75341323867923,200.5764923095703,1444200
2022-11-21,200.93920050167023,201.8268690412454,199.86062234706665,200.80557250976562,963000
2022-11-22,201.7791256496168,203.6690258252694,201.26370759721183,203.32540893554688,1302900
2022-11-23,203.30633421815074,204.75716284082662,203.30633421815074,204.40399169921875,1396300
2022-11-25,205.21529444001555,206.73292963368425,204.89077142332368,206.38931274414062,639400
2022-11-28,205.29166252032212,206.80929776687185,205.0912132592881,205.5970916748047,2027600
2022-11-29,205.78802664778064,207.2579346739054,204.96716475766007,206.81886291503906,1270800
2022-11-30,205.72116391801075,209.98773404303367,205.50163536498573,209.5963897705078,3612300
2022-12-01,211.89673171734057,211.89673171734057,207.03838221980791,208.38421630859375,1746000
2022-12-02,207.3056281752711,209.42459655518945,206.54203347329337,209.18597412109375,1109700
2022-12-05,207.64926071934016,209.10962896096646,204.49944143891457,205.625732421875,2214600
2022-12-06,205.86434972387252,208.30785580617993,205.22484331599975,207.72561645507812,1496700
2022-12-07,206.93339619678886,210.11184904984148,206.36069647819315,207.69699096679688,1762400
2022-12-08,208.39375529230404,209.395972473585,207.7065214859604,209.20506286621094,1651600
2022-12-09,209.26236442620043,209.72051548596417,207.33429081000367,207.4392852783203,1356900
2022-12-12,207.315189336087,208.22195176684554,205.80709364843133,207.6301727294922,1327100
2022-12-13,209.98777201776753,210.0068658932444,205.310777466752,207.1624755859375,2063500
2022-12-14,207.47747246107434,211.03773040411835,205.48259199284473,206.9525146484375,1656500
2022-12-15,204.96909352496047,205.94641847310672,202.48746858968374,203.86721801757812,3117300
2022-12-16,202.49704483224733,204.32712954833463,200.28370288424676,202.82281494140625,3937100
2022-12-19,202.88989068182295,205.90808155457913,202.02755460970005,203.0911102294922,1156700
2022-12-20,204.28881552459518,207.19203226945572,203.31149054879927,205.71646118164062,1333400
2022-12-21,207.0770467843366,209.66408438726882,206.29136503747327,209.60658264160156,1275500
2022-12-22,207.6615119521829,210.14315147944217,206.0039032430349,208.2938995361328,1199000
2022-12-23,208.59094583849637,210.51685233382815,207.99689269324006,210.4593505859375,848000
2022-12-27,210.6030938754308,212.49066596941643,210.2485655366467,211.6570587158203,1468700
2022-12-28,212.0211402505088,213.02720878597663,210.583903662791,210.6222381591797,1370500
2022-12-29,211.53248964239953,213.71708813328456,210.50725383659568,212.7876739501953,1268500
2022-12-30,211.92530170018597,212.6918307431332,209.73112711782903,211.3695831298828,1227300
2023-01-03,210.79468521119466,211.98280597297497,208.48552174159386,211.532470703125,1804400
2023-01-04,212.62478619964492,215.83460583542538,212.08822020801156,215.01058959960938,1856800
2023-01-05,214.8668501029402,216.35199736439458,211.96363363237933,214.20571899414062,1542500
2023-01-06,215.61422041511312,220.6349718949528,214.91476940612088,219.28396606445312,1815400
2023-01-09,217.118555521051,218.32582904232225,214.01411909736137,214.1578369140625,1778500
2023-01-10,214.54111129069793,216.04541139755315,213.73626226714504,215.36512756347656,1189200
2023-01-11,215.4130268062207,216.26578659687124,214.23448227754028,215.21180725097656,1480600
2023-01-12,215.13516455123457,217.3580976121592,213.6691843217029,216.160400390625,1026200
2023-01-13,215.08722423753912,218.335378072019,214.22488820444107,217.683837890625,1081200
2023-01-17,218.23958693159923,218.23958693159923,214.52193031732148,215.23097229003906,2366900
2023-01-18,214.8573188587141,215.52802642125553,211.31212316181387,211.34088134765625,1439000
2023-01-19,211.54204510045082,211.95406049311038,208.5909177797837,210.07606506347656,1530200
2023-01-20,210.66053804890367,211.41747614701046,208.4471962530604,211.20668029785156,1464700
2023-01-23,211.50375613701826,214.44529295404678,211.13007518318526,214.2344970703125,1754700
2023-01-24,213.98536281272754,219.94510492975238,194.1898210444831,218.79531860351562,1533000
2023-01-25,217.9712855518667,221.16195222942704,217.50178304760985,220.1558837890625,1640200
2023-01-26,220.15589156911793,221.5356409509109,219.1114885990804,221.4398193359375,1054400
2023-01-27,221.20030419397008,221.6889593951791,217.5209818522935,217.81800842285156,1493600
2023-01-30,217.81799120942628,218.6611746620493,215.46091683974203,216.6107177734375,1711400
2023-01-31,217.29099982475407,218.02878533993612,215.11597777420042,217.97129821777344,2385500
2023-02-01,208.5046861661154,211.73367275827434,203.40728046588814,204.50917053222656,3971300
2023-02-02,203.0144478379716,203.61807721647529,193.28913890498438,201.37599182128906,4027600
2023-02-03,202.19043283193093,202.95696188143722,199.5363320288998,201.05979919433594,2874200
2023-02-06,201.2514453032616,205.448180883521,200.2549676864737,204.90203857421875,2194400
2023-02-07,203.38815953121795,207.01957114655295,202.70786106284416,206.14764404296875,1760500
2023-02-08,204.834949328412,208.92628674901238,204.09716381511416,206.33926391601562,2287200
2023-02-09,207.19201081628353,208.3992841646791,204.3654341164105,204.4804229736328,1775400
2023-02-10,204.78705602902116,206.14763830758733,204.2792335806946,205.70689392089844,1749300
2023-02-13,205.58231586378216,207.51779853115983,205.17989138012814,206.4829864501953,1500100
2023-02-14,206.41589414918494,206.98121827037318,204.08757809292325,204.39419555664062,1596200
2023-02-15,203.3785569295226,204.43253629321032,202.8899017447184,204.03968811035156,1598800
2023-02-16,203.01445992644017,203.91513051155354,201.270605879463,201.4622344970703,1415800
2023-02-17,201.4526548090398,202.77491710293765,200.35077931100906,201.79759216308594,1689500
2023-02-21,201.10773898536954,201.5005871901545,198.56862667703302,200.03460693359375,1595600
2023-02-22,200.8106812620657,202.4682898964412,199.88126717554687,201.07896423339844,1191100
2023-02-23,201.34727591306813,202.79408890192403,198.39614818730746,199.87171936035156,1278800
2023-02-24,198.587752971661,202.20958778644206,198.587752971661,202.0850372314453,1996100
2023-02-27,202.9665473686184,204.63374703012624,202.51621207994086,202.82281494140625,2550000
2023-02-28,202.69825206808116,204.902017568517,202.13294256823804,202.1904296875,2017600
2023-03-01,201.2226791772047,202.75573723763338,200.5040609526897,200.73402404785156,1862100
2023-03-02,199.92922989703712,200.63825738238836,198.25245358064072,199.6800994873047,1509700
2023-03-03,199.804652708589,200.36038600884612,197.80210633684885,198.4344940185547,1917400
2023-03-06,199.15310413186566,199.90046604456472,198.81774305448604,199.35430908203125,2481700
2023-03-07,199.67050106705406,199.67050106705406,196.95891276971548,198.14703369140625,1367800
2023-03-08,198.147023314736,199.08601380510086,193.40414543157786,194.86053466796875,1286400
2023-03-09,195.34922347943288,195.52168487144658,189.3798896590464,190.54884338378906,1520700
2023-03-10,190.1943018419297,192.45555457962413,189.2744640247633,190.09848022460938,2483800
2023-03-13,186.84073791562776,187.6264341902598,182.26074561224505,183.9470977783203,2254100
2023-03-14,187.42522427303572,188.30672758374237,183.98544171248642,185.8921661376953,2953600
2023-03-15,181.49424440028875,183.09436613375146,177.5178954730944,179.5587615966797,2654400
2023-03-16,178.13440313440637,184.91947045607844,177.3644638132643,184.64999389648438,2403400
2023-03-17,185.23704236661607,187.98956510194222,179.63574898867245,179.78012084960938,4798600
2023-03-20,181.04087784748054,183.4661810434055,180.54041519443015,182.4652557373047,2301500
2023-03-21,185.92997869142755,187.87407179453294,184.59221507202486,186.98863220214844,2260200
2023-03-22,187.86442250855606,188.49000445778682,182.8598403415451,182.89833068847656,1406700
2023-03-23,183.1678499962394,183.35069752896123,178.0188951951904,179.01980590820312,1763100
2023-03-24,177.08533036975018,179.72236720655394,176.50787233135384,179.5395050048828,1855100
2023-03-27,181.99369312760675,183.58168082283095,180.37681931149083,181.82044982910156,1975500
2023-03-28,181.05051369703747,183.36033137574393,180.47307029138784,182.4364013671875,1316800
2023-03-29,184.52485820014178,186.22834641099865,184.0244101682658,185.9973602294922,1633700
2023-03-30,186.2764712799775,186.79617183419967,183.96665350971156,186.15135192871094,996600
2023-03-31,187.710479421424,188.34568044736278,185.97813434758473,186.88279724121094,1989200
2023-04-03,187.14262519315824,190.02988610542718,187.14262519315824,189.288818359375,1802900
2023-04-04,189.90478746832756,190.81908384910489,186.36307300068086,188.11468505859375,1110700
2023-04-05,187.017546012453,189.81817831793478,187.017546012453,188.62478637695312,1227300
2023-04-06,189.75079930521636,190.88644826669395,188.37453057140894,189.40432739257812,1248300
2023-04-10,189.6738133957887,190.51111444094562,187.80671547798931,188.66326904296875,946200
2023-04-11,189.27921420962795,191.2714314434926,188.24943204030546,190.63623046875,1631500
2023-04-12,190.84795236731807,192.88827874612474,190.30899933784977,191.7429962158203,1508000
2023-04-13,189.46206340617033,193.06152066355293,189.38506801888545,192.59954833984375,1218700
2023-04-14,193.02303688502263,193.5523710525468,187.36400012198294,188.42266845703125,1415100
2023-04-17,188.42266334791353,190.79022397602003,187.46986187220546,190.7613525390625,2183000
2023-04-18,191.65637525919877,194.41851678203514,190.96343147811461,194.1105499267578,1867700
2023-04-19,196.32411236478094,197.9890952877573,195.62153500781227,196.81494140625,1620100
2023-04-20,196.2856239663939,197.53677333629193,195.24620824457256,196.29525756835938,1271800
2023-04-21,195.03447421441854,195.2750792971826,191.13668362193542,193.6293487548828,1812900
2023-04-24,193.7063297945658,195.16919801594204,192.7631473665325,193.0326385498047,995100
2023-04-25,192.20497604410053,193.80258267655535,191.9932423906362,193.61972045898438,1513700
2023-04-26,194.41852308967734,196.6513452756934,189.2214592483027,190.91531372070312,2219500
2023-04-27,190.21275814615865,192.04135094431308,189.60642862391927,191.55052185058594,2089600
2023-04-28,191.15593997689632,195.00562167413153,191.10783070397707,193.98545837402344,2035400
2023-05-01,193.68710184309475,196.4107532859153,193.08077230322417,194.5436553955078,1264300
2023-05-02,193.6774826230553,194.04319238152698,189.65455779691047,192.9652862548828,1708300
2023-05-03,193.4946069399406,193.63896411279856,190.18387871229177,190.3474884033203,1283600
2023-05-04,189.85668837948117,190.19352672947758,187.0271698755831,188.12432861328125,1346000
2023-05-05,190.55921036281447,192.82090383470202,189.5197947258641,191.45425415039062,1395800
2023-05-08,192.5033169962484,193.02301750877652,190.9826911246288,192.15684509277344,1332400
2023-05-09,192.09912211699609,194.79388755046332,191.4350496761166,193.90846252441406,1131200
2023-05-10,194.20680390351416,195.0152481914414,191.608271789368,192.93641662597656,1001700
2023-05-11,192.3589098688146,194.1682644424905,191.540861555989,193.82179260253906,1746500
2023-05-12,195.1307253505647,195.81405025848417,191.52164904938286,192.74392700195312,932700
2023-05-15,193.10965475452306,193.44650778152464,190.97308021016616,192.53221130371094,995300
2023-05-16,192.61879105719066,192.96526293965914,191.05967492876647,192.09909057617188,1220200
2023-05-17,193.06150889829144,193.96617160167878,191.14628730538735,191.45425415039062,1386500
2023-05-18,191.97399129798814,193.21550710673634,190.28013674305691,193.1000213623047,1504600
2023-05-19,194.48590759189378,194.98637028966127,192.68618622281602,193.61972045898438,1670400
2023-05-22,192.6669153410706,193.50421627291593,189.79890706117374,190.75169372558594,1952900
2023-05-23,190.6554672917202,191.7141208104302,189.0097221172654,189.05784606933594,1568500
2023-05-24,188.71139145599298,189.11560625674014,186.61330737359722,186.7769317626953,1784900
2023-05-25,185.5546440060585,185.74712513648365,182.55188256702405,183.4276885986328,2243400
2023-05-26,183.46620265836992,183.9185414140669,181.4258614564911,182.9464874267578,2618200
2023-05-30,183.1197406935209,183.8319224183946,181.8878437087643,182.9561309814453,1288400
2023-05-31,182.54224971064372,182.956098060555,178.6348257884624,178.81768798828125,5838700
2023-06-01,180.0977140802703,181.29110584463564,178.11513062687914,180.6462860107422,1560500
2023-06-02,181.32960740439,185.99733692349946,181.2141069854244,185.13116455078125,1683500
2023-06-05,185.90111416203024,186.07434277216876,184.02439745868566,184.13026428222656,1214500
2023-06-06,183.47582321521378,184.73659158094196,182.9464890617558,184.4189910888672,1943700
2023-06-07,184.09174039345947,186.04545228525296,182.3690146435654,185.35250854492188,1570600
2023-06-08,185.41027940148757,185.63164666124166,183.4758197341379,184.39974975585938,1917100
2023-06-09,182.98497092482725,185.01567828516482,181.65682625080166,183.9666290283203,2500500
2023-06-12,183.62979574826628,184.33235845372252,182.35939390625606,183.38919067382812,1949400
2023-06-13,184.75582839498568,187.05601235232362,184.03401316127668,184.6788330078125,2551200
2023-06-14,184.4959457670851,185.19850838733706,181.50281841665566,181.74342346191406,2652800
2023-06-15,181.7821438891324,186.59692039875813,181.76280328998203,184.91464233398438,2631700
2023-06-16,186.0168098259728,189.3523622426631,185.58174226152957,188.47254943847656,3378500
2023-06-20,187.57338046405613,188.84959428319678,186.06513849783724,186.85794067382812,2321000
2023-06-21,186.43254003747222,188.7045659571267,185.26267734501477,187.4863739013672,1656300
2023-06-22,188.52087596425764,188.75290410894542,186.1231436170992,188.6658935546875,1493600
2023-06-23,187.86344228506664,188.66590743376707,186.60656898285444,186.82894897460938,2067200
2023-06-26,186.31652288748313,187.55405551967755,183.1163254023393,184.45054626464844,1649200
2023-06-27,184.53754923458314,185.70741185965076,183.44504899246928,183.4547119140625,1666700
2023-06-28,182.971335660604,182.971335660604,178.38858725308575,178.7849884033203,2680000
2023-06-29,178.17584655827068,183.03898097731886,177.6151020671392,182.82627868652344,2016200
2023-06-30,183.8221350430491,186.538906396444,183.19369099081473,186.1715087890625,2117900
2023-07-03,185.504363331644,186.7322329307829,184.3538413590899,185.92010498046875,499400
2023-07-05,184.5375910074877,184.96299569471822,182.0238588368928,184.779296875,1095400
2023-07-06,183.90913092912606,186.1424904114261,182.99065173653145,185.83311462402344,1353400
2023-07-07,183.735132620945,187.56376019649286,183.735132620945,185.1757049560547,1734000
2023-07-10,185.17566702075132,186.48088438771146,181.65643076935874,181.84979248046875,1253900
2023-07-11,181.66611705363434,185.82346076361856,181.540440039155,185.7364501953125,1380400
2023-07-12,186.5389015062917,187.26401902655402,183.0486685853269,183.96714782714844,2024200
2023-07-13,182.18818440900526,184.37319974884954,181.76277979800574,183.69642639160156,1657200
2023-07-14,183.24200253301362,183.2806837229948,180.3318699703671,182.08181762695312,2514300
2023-07-17,182.08183362031212,186.8095989610045,182.02382658279672,185.31101989746094,1740100
2023-07-18,185.0500004238647,187.58308786715483,184.95332693144525,186.596923828125,1998500
2023-07-19,187.3606636887224,188.03745173889757,186.27782641252443,186.78057861328125,1909900
2023-07-20,188.7142473258461,192.99726757797208,187.92144511745389,192.77490234375,2655300
2023-07-21,193.55804503941604,194.0414567476826,191.74042704807093,193.1809844970703,1804900
2023-07-24,193.05529578489848,195.67539377625897,192.581561744941,193.8867645263672,1579100
2023-07-25,193.41300302176296,193.7417194012914,188.8785994099965,189.03329467773438,1906300
2023-07-26,199.27195218544932,202.056408027486,196.8258904015265,199.0592498779297,2890900
2023-07-27,200.13242967392358,204.94720573536392,199.18494693951556,204.19308471679688,4022400
2023-07-28,204.91819166683635,204.91819166683635,198.77887267774435,199.14625549316406,2260200
2023-07-31,198.60484316871893,199.61034767558036,196.49717542778941,197.62835693359375,2164200
2023-08-01,198.38248743612363,199.62968307837724,196.33282663542167,196.47784423828125,1241600
2023-08-02,196.29416111228852,200.4225013164361,196.21681346706984,198.73056030273438,1564100
2023-08-03,198.4114634776078,198.53715521771417,195.93639838123138,196.16842651367188,1486000
2023-08-04,195.79138063399853,197.34796673282278,194.05111050082346,194.25413513183594,1489100
2023-08-07,195.55935213278823,198.2664603109935,195.1726139630145,196.2844696044922,1318000
2023-08-08,194.9985915317829,195.462662579819,193.4806718867267,194.40882873535156,1571400
2023-08-09,194.02210663303973,196.21679981164888,193.49036558206882,194.3314971923828,1654900
2023-08-10,196.41982848042636,198.4211450738429,194.3411494988463,194.92124938964844,1717100
2023-08-11,194.4281731470862,196.09111041711256,194.01243145330315,195.07594299316406,1328200
2023-08-14,195.79140670173555,195.8397508235498,193.8771004488399,194.97927856445312,1891200
2023-08-15,193.5290311001124,194.2541486234816,192.10779957410443,192.7555694580078,1321600
2023-08-16,192.66856717634633,196.1588002622692,192.6008972092515,195.32733154296875,1444200
2023-08-17,196.26513916551568,196.97091607712005,192.88125745576542,193.40333557128906,1550800
2023-08-18,192.79425609197574,194.26381702561574,192.3301702420907,193.2679901123047,1303800
2023-08-21,193.59670843621353,194.28314473740338,191.52770710518038,193.4130096435547,1965200
2023-08-22,192.58153264983184,193.7803840825337,191.90475930031425,192.49452209472656,1254600
2023-08-23,192.95862174898005,194.66022567326658,192.95862174898005,194.6022186279297,1391000
2023-08-24,194.04145668234216,196.63255110910674,193.867435548651,194.49586486816406,922300
2023-08-25,194.89222290597232,196.44880885190543,193.79004504536172,194.94056701660156,1228400
2023-08-28,195.18232072632705,195.95576767603865,193.297003216879,194.10914611816406,1147800
2023-08-29,194.8149096275837,195.29832131400448,192.70724175601487,195.2306365966797,1138600
2023-08-30,195.23062711599357,196.36182338953313,194.27348146499529,195.06626892089844,1392000
2023-08-31,195.82038845985588,195.87841025111697,193.53868483783754,194.20579528808594,1763200
2023-09-01,195.83975524033212,197.57037747345197,195.5110388086692,196.5455322265625,1247600
2023-09-05,195.76237908989498,196.3908230910385,193.10361499538354,193.42266845703125,1787100
2023-09-06,192.8135595371328,195.8010546825367,192.07877915567866,195.24029541015625,1736300
2023-09-07,195.9364318547083,198.99159730922906,195.83008069165368,197.25131225585938,1662500
2023-09-08,197.25130095781572,199.64901869814875,197.22229743796697,197.87973022460938,1779100
2023-09-11,198.68216168858703,200.51911981291127,198.21809069710892,199.50396728515625,1257200
2023-09-12,199.95840670093153,202.8105325526554,199.41697324802377,201.37962341308594,1581000
2023-09-13,202.64616438245625,203.02322486968126,201.19592946965972,202.90719604492188,1637700
2023-09-14,204.1013117048317,206.17882631224538,203.188755929128,205.79049682617188,1883300
2023-09-15,205.17888651693423,206.2370565120011,204.29545366750963,206.00405883789062,3846000
2023-09-18,206.00407249021134,208.12042743385442,204.82941098686905,207.85830688476562,1565200
2023-09-19,208.47962192927292,208.838813743694,206.3050212385426,208.01364135742188,1936600
2023-09-20,208.72229267308992,209.7901800957884,207.34375651767664,207.51849365234375,2128200
2023-09-21,207.28552303090197,208.58639337654282,206.13996965415183,206.2855987548828,1465100
2023-09-22,206.14970223902412,208.30488273096688,206.14970223902412,206.85838317871094,1233000
2023-09-25,205.5574894119864,206.54769615345626,204.9070542653628,206.03317260742188,1029400
2023-09-26,205.5866349017189,207.0137142716421,204.858533786993,205.78079223632812,1361200
2023-09-27,205.97492507496483,206.48944861645333,203.39258987333167,205.45069885253906,1551400
2023-09-28,206.32443979817575,207.03312073924124,205.67400457647796,206.07203674316406,1058700
2023-09-29,205.80990910985946,205.84873465035002,200.88793860710578,202.1014404296875,1716300
2023-10-02,200.9461818963351,201.30537366475878,199.49968251515713,200.37339782714844,1479600
2023-10-03,200.16955031128256,200.26662156685836,198.20852726429814,198.9269256591797,1483500
2023-10-04,198.99486512832345,201.78107519559012,198.18909819560028,201.6063232421875,1788200
2023-10-05,202.73246991864124,205.32450802965198,201.2568475571944,204.60610961914062,1619900
2023-10-06,204.30515762090116,205.05267886839536,202.93632405183178,203.4314422607422,1466700
2023-10-09,203.55763255532645,204.4993111081649,202.81012613510728,204.343994140625,1233600
2023-10-10,204.70318389311097,205.14975905515334,201.9655168334575,203.5479278564453,1526200
2023-10-11,203.4217479104688,204.25663782631838,202.1305948996052,204.04306030273438,1759600
2023-10-12,204.82938546249494,205.65455773531016,202.3247161616348,203.22755432128906,1450700
2023-10-13,203.5964743576876,206.5282987847299,203.5964743576876,204.78085327148438,1600800
2023-10-16,205.8099119386369,209.168891547543,205.8099119386369,207.77093505859375,1286400
2023-10-17,208.2465819787341,210.57651399170348,207.89709291745132,209.8192901611328,1120500
2023-10-18,209.93579444065503,212.31425481386384,208.4310493675627,208.87762451171875,1672600
2023-10-19,208.8485247014985,209.55720562593754,203.81006270882892,204.40225219726562,1818700
2023-10-20,203.28581092829785,205.2468339396397,201.22771666314455,201.9169921875,1372000
2023-10-23,200.7131941199136,201.7422412577354,199.63560394831157,200.4899139404297,1366100
2023-10-24,201.41219780766065,205.55752455419866,201.41219780766065,205.2662811279297,2495600
2023-10-25,208.7125995909098,212.12010719290777,205.09149968129586,209.3533172607422,2927600
2023-10-26,210.53771624797275,211.18815147440344,206.169109504546,206.8680877685547,2522000
2023-10-27,205.1886127817234,206.04292287173104,201.4024927251093,202.46066284179688,1881000
2023-10-30,204.11100408617096,208.1107013047168,204.11100408617096,207.46026611328125,2457700
2023-10-31,208.7708305738786,209.3727226628354,206.60594773915258,208.35337829589844,3328200
2023-11-01,209.57663007591285,215.17814399896847,209.0232661171099,213.8772735595703,2233000
2023-11-02,213.07148876909778,214.93542569389604,209.24652885345034,212.21719360351562,3388600
2023-11-03,213.22682900007848,213.5666154314694,210.1202673356289,212.40164184570312,2010000
2023-11-06,213.4889544531562,213.5277799940568,211.304651149439,213.13946533203125,1409500
2023-11-07,212.73172637404556,213.74135336371668,212.20748529588104,212.54727172851562,1200500
2023-11-08,213.27537180163972,214.48887360777292,211.05222819738123,212.61521911621094,1279500
2023-11-09,213.22682224005138,214.01316901623557,212.07156618585327,212.4404754638672,1529600
2023-11-10,213.74134500740382,216.11010282175113,212.45017735242752,215.945068359375,2492200
2023-11-13,216.44990501801698,217.74105795385077,214.84807368422028,215.51792907714844,1351500
2023-11-14,213.8190233972034,214.6539132524877,210.4212182580878,213.13946533203125,2597800
2023-11-15,213.13944949486685,214.09083071541622,209.94550460599913,211.84828186035156,2425000
2023-11-16,213.31420556454907,216.5663964556549,212.63464748956943,215.51792907714844,1680200
2023-11-17,215.51792220574245,217.37215653305404,215.05194165679268,216.12953186035156,1503600
2023-11-20,215.51792497429403,217.70222826795242,214.8092440533962,216.64405822753906,1406600
2023-11-21,218.0225922905098,219.79916072870523,216.74112726102277,218.71185302734375,1366200
2023-11-22,217.9934651467102,220.8185008771556,217.5760128268545,220.0515594482422,1302900
2023-11-24,220.76024045199588,222.27470313412945,219.8379820511532,220.41075134277344,782500
2023-11-27,220.86702592439102,221.9349134126256,220.41074807153205,221.68251037597656,1373600
2023-11-28,221.28448509691285,221.3912738490462,218.12938038136457,218.42062377929688,1374300
2023-11-29,217.4012673459596,219.31374728426812,216.79937521969632,218.5079803466797,2326600
2023-11-30,218.43032892424836,223.5755796348927,217.95463087515273,222.73097229003906,5225900
2023-12-01,221.6728111408221,223.0028192699517,221.080621632795,221.9834747314453,1576000
2023-12-04,221.7795947810923,223.67265470134916,220.8670390212621,221.459228515625,2164600
2023-12-05,221.03206141860144,222.05140587789413,219.84769730784004,220.25543212890625,1636900
2023-12-06,220.42047992619203,221.14858103926252,216.323696478255,217.74105834960938,1842900
2023-12-07,218.43033853133767,218.71186444983456,216.41106962421287,216.6149444580078,2204600
2023-12-08,216.39161917575197,216.9255628912316,215.1684147838604,216.40133666992188,2550900
2023-12-11,217.37214034100975,218.58564206483757,215.76060649658558,217.91578674316406,2119100
2023-12-12,218.93513524279305,221.323298384467,218.20703419489791,220.43988037109375,1795100
2023-12-13,220.28456344429156,221.57573116720192,219.17785036940478,219.50791931152344,2338600
2023-12-14,218.90370004880444,218.90370004880444,212.60837288294618,214.8887176513672,4839700
2023-12-15,213.62188354774239,216.2140632636718,211.99444226743486,214.4599609375,5574700
2023-12-18,214.6548738803187,215.95097125975354,213.60240349243603,214.69384765625,1492200
2023-12-19,214.65485825606135,216.2140619666172,213.8655092400572,216.1555938720703,1854000
2023-12-20,214.65484363698346,215.77552169230322,213.14435352821508,213.2320556640625,1672200
2023-12-21,212.52069185446499,214.55740986607756,211.38051935700992,214.41123962402344,1572700
2023-12-22,215.200588458092,216.077639649172,214.5963982984507,215.14212036132812,1004500
2023-12-26,214.61586031378462,216.7792689371417,214.61586031378462,216.40896606445312,1134200
2023-12-27,215.3759873177983,217.40296555009888,215.3759873177983,217.01316833496094,1009400
2023-12-28,218.67956722206128,219.8684680518751,218.36773242577812,218.70880126953125,1327400
2023-12-29,218.67955105567137,220.84295962737727,218.56261487443626,220.23876953125,1671600
2024-01-02,220.59933866004565,222.65555083151688,220.52137624716877,221.5543670654297,2399300
2024-01-03,223.2402550394304,223.63980681769473,220.57985283233666,220.63832092285156,1811100
2024-01-04,222.91866385841402,224.32195749859383,221.48613617321453,221.50563049316406,1583900
2024-01-05,222.88944900301777,223.279246216712,220.85273105231587,221.89544677734375,1439200
2024-01-08,221.84673414868604,222.1780781606273,217.98769090194975,220.43370056152344,1535500
2024-01-09,220.43368718112205,220.43368718112205,217.17883431699428,219.56637573242188,1293300
2024-01-10,219.01091037782223,220.31674739255567,217.8512435998834,219.50790405273438,1716800
2024-01-11,220.23879726088293,222.27551531281514,219.01092259388795,221.90521240234375,1555100
2024-01-12,222.86996101046802,223.58134763707676,220.78451463137904,221.74928283691406,1446800
2024-01-16,222.0123843654959,222.8114730660232,220.29724104177157,221.92466735839844,1655000
2024-01-17,222.18781527031422,226.35870815685627,221.87596558505692,222.4314422607422,2164500
2024-01-18,222.37297035130103,224.37071461253646,220.9599368049969,224.1660614013672,1280500
2024-01-19,226.982374289081,231.97184989093452,226.43665225385456,231.2702178955078,3549600
2024-01-22,231.6112667349407,234.20346104826245,231.6112667349407,232.90736389160156,2550200
2024-01-23,233.88192344919347,235.957630278145,233.6188021217657,234.22300720214844,2228600
2024-01-24,235.5775556991455,238.11126743126573,235.10978117983402,235.421630859375,2475000
2024-01-25,235.53854975577715,236.9905718386039,233.0730460284971,235.06105041503906,2020100
2024-01-26,234.90512737856787,235.38262672294832,233.99882731813432,235.0902862548828,1764000
2024-01-29,234.61278860854767,236.72746907247998,234.08656085905852,236.581298828125,1738500
2024-01-30,237.38039141407353,237.77020352161307,235.95761811353574,236.97109985351562,2641100
2024-01-31,240.89835475682546,242.21394639624071,237.99432531989615,238.7544403076172,3530900
2024-02-01,238.49132605590097,239.60226452231953,236.18174697645978,238.70571899414062,2030000
2024-02-02,239.5535500341964,241.8631291041261,239.5535500341964,240.4013671875,2094600
2024-02-05,240.04078671256212,243.25665080160232,239.55353277545785,242.89608764648438,2139000
2024-02-06,242.74016844764765,243.2566564433721,240.83014129699387,241.3563690185547,1425900
2024-02-07,241.33687308490263,242.019040503961,239.59251050398197,240.59625244140625,1982500
2024-02-08,239.77769757973,240.5378126339674,236.23048903668467,238.1112823486328,1630700
2024-02-09,237.11727632479867,240.97631939496605,237.11727632479867,240.90811157226562,1471200
2024-02-12,241.0445344528083,242.84736514173278,240.21619679180893,241.6876983642578,1234700
2024-02-13,242.5647481970202,243.9290532148253,238.71544523196138,240.5280303955078,1505000
2024-02-14,240.70344728596245,242.44780985515638,240.1869592971604,241.79489135742188,2054300
2024-02-15,242.04829887359864,245.3421257623262,241.94110240010147,244.65997314453125,1447900
2024-02-16,244.7671801696014,246.2581762662751,243.62700755860465,244.50405883789062,1329500
2024-02-20,243.99730174094148,246.12172190362418,243.74392016093677,244.1239776611328,1248200
2024-02-21,245.82937357432087,246.70643966355377,243.80239522541046,245.5370330810547,992000
2024-02-22,246.21916819307074,249.19142024525718,244.31888077275823,248.9282989501953,1233400
2024-02-23,249.93204521936408,251.07223256110362,248.2169166484798,249.48377990722656,1153100
2024-02-26,249.59093570256465,251.26709032644874,248.18764207607478,248.34356689453125,1251800
2024-02-27,247.54451042703258,248.5190183644528,246.6284705866878,248.37283325195312,959100
2024-02-28,248.49950678813926,248.49950678813926,246.96952229511132,247.11570739746094,1429900
2024-02-29,247.4665777550239,247.4665777550239,244.0655392914647,245.2544403076172,2396900
2024-03-01,244.84511540349885,245.55650202301473,243.52952376086915,244.23117065429688,1634600
2024-03-04,243.10072620613025,244.24089856592934,241.74616093732865,241.93130493164062,2003700
2024-03-05,241.92159151078715,243.53927822922114,241.5415340161971,243.0032958984375,1440100
2024-03-06,243.24690883590867,244.77687845202524,241.26865905906797,244.16294860839844,1774400
2024-03-07,243.79262745907099,245.12769845747138,242.12622735986912,242.47705078125,1720600
2024-03-08,242.24316776880062,243.33461182332871,240.8788478308305,242.46730041503906,1339200
2024-03-11,242.16522530948413,249.3570987309384,241.97032669366007,248.49952697753906,2152800
2024-03-12,248.3825799091335,251.56921005638173,247.7588954439114,251.17941284179688,1938300
2024-03-13,251.90052074927556,253.93723855564545,251.0624582862033,253.57667541503906,1672100
2024-03-14,251.73857763850367,253.78204951047243,249.53866387378858,251.89501953125,1505400
2024-03-15,249.64617207668348,252.99003862297127,249.64617207668348,250.58480834960938,3390900
2024-03-18,250.80970719215458,252.54032507524494,250.31108037414901,251.90480041503906,1267400
2024-03-19,253.23448793151917,253.90913046017172,252.325197510548,252.72607421875,1611200
2024-03-20,252.3349510259203,254.30021661085394,251.89498623407886,252.75540161132812,1774800
2024-03-21,251.85587529018855,252.2567520038063,250.1448314296976,250.6043701171875,2748100
2024-03-22,250.8879366181788,251.59191018142147,249.7146374000282,249.8221893310547,1198200
2024-03-25,250.37947615513153,251.18122957221598,249.36263380961185,249.91995239257812,1332300
2024-03-26,249.10843683146064,251.82655110111298,248.74667803673793,250.37948608398438,2359200
2024-03-27,251.25945249557265,252.83359842391494,250.88790679271955,252.74560546875,1493600
2024-03-28,253.4104930771879,254.1340405304606,252.21764980367223,253.3616180419922,1878900
2024-04-01,253.20514758305916,253.23447856851453,250.88791021738,251.6700897216797,753400
2024-04-02,252.11983520767495,252.53049883212614,250.3599164474207,250.63368225097656,928900
2024-04-03,250.35992769284272,251.27900503996997,248.93243664148517,249.11819458007812,1102200
2024-04-04,249.62662754449946,251.34745832449084,246.40987169273183,246.6151885986328,1331000
2024-04-05,248.3458135227507,249.04001507771903,246.83031443278398,247.27029418945312,1266200
2024-04-08,246.93785601817933,248.22847916405283,246.21433842347966,247.52450561523438,1271200
2024-04-09,247.68094719068452,248.04270598758697,241.3549722012016,242.50869750976562,1425000
2024-04-10,242.8704446243937,244.99215210822877,241.5700644388562,242.47935485839844,1341600
2024-04-11,241.50162634368513,241.56028831930067,238.6270701855717,239.08660888671875,2163800
2024-04-12,239.13550422228994,240.53366440299573,238.39242764923503,240.33811950683594,1506600
2024-04-15,243.7992997211818,243.83840272865748,238.77372033040623,238.99859619140625,1478700
2024-04-16,240.4358946851958,241.14964025574358,239.17460252940361,239.75148010253906,1257300
2024-04-17,238.15776141308083,239.5363775278189,236.0067377478771,238.10887145996094,1797200
2024-04-18,239.74168685229557,240.60210225877805,238.96927932628958,239.92745971679688,1565900
2024-04-19,241.54072039450298,245.050815969523,239.51680771524832,244.64016723632812,2573600
2024-04-22,245.43213277660723,247.92537107207178,244.43483447459775,245.9014434814453,1639100
2024-04-23,246.21433691881953,247.31917226911744,243.59398763220452,244.31752014160156,1917300
2024-04-24,235.2147618749284,238.18708292547163,233.5330490045163,237.60043334960938,3228800
2024-04-25,237.34622192058123,240.87586149214843,236.85735225648116,240.48477172851562,1920500
2024-04-26,238.558638609207,241.41363583139645,237.727554161898,239.9861297607422,1565900
2024-04-29,240.10346790619445,243.79932158751188,240.04479101104167,243.67221069335938,2218400
2024-04-30,244.10243145988895,244.72818410290125,242.72381527291626,243.10513305664062,1862800
2024-05-01,243.58422969073925,246.13613020735465,243.58422969073925,244.3664093017578,1158400
2024-05-02,244.94325404272197,245.74499251218614,243.00731948356366,244.67926025390625,1588700
2024-05-03,243.388641957084,244.87480990200123,239.3896917157397,243.00732421875,1444700
2024-05-06,244.61084137943644,246.4783272556226,244.33707553486792,246.43922424316406,761900
2024-05-07,247.31917003158733,247.54404590876482,246.13611375158877,246.3414306640625,1223600
2024-05-08,247.85693231581394,247.96448424415556,245.7352396559097,246.028564453125,1398900
2024-05-09,245.66678869942817,248.66845572606667,245.31480192951483,248.38490295410156,1128900
2024-05-10,249.32354087977183,249.8026385448942,247.97425576677503,249.16709899902344,660200
2024-05-13,249.35284639547817,249.75372307927574,247.55380970800465,248.87374877929688,1001900
2024-05-14,248.77601083110739,249.5093153678667,246.96718700612018,247.52450561523438,1163800
2024-05-15,246.78139603138268,248.07201908257005,246.38053425256044,247.33871459960938,1116100
2024-05-16,263.6571740407528,264.1460436737354,254.70107878392383,258.98358154296875,4866800
2024-05-17,261.4474954417934,269.2791971601475,260.2839832317082,268.1743469238281,4303300
2024-05-20,268.62408342096063,269.24006394877483,258.15250396282494,258.26007080078125,2071200
2024-05-21,259.06180370307686,261.3399530441869,258.72937591251616,259.1009216308594,1413100
2024-05-22,259.19872663481704,262.96302937563956,259.1204907716748,261.48663330078125,1687300
2024-05-23,262.76745875144496,262.76745875144496,256.6761316635528,257.2236633300781,1404000
2024-05-24,257.90810710168176,259.540945087786,257.66367224280765,258.8663024902344,862600
2024-05-28,259.110725127538,259.110725127538,256.5490527014834,256.7934875488281,1299800
2024-05-29,257.0183121574616,257.73207255251475,255.4539233880857,255.70814514160156,1330100
2024-05-30,255.19000671582396,259.97116714101645,255.19000671582396,259.24761962890625,1349100
2024-05-31,259.80490510970026,265.24113358886854,259.48226424826305,264.7913818359375,3170600
2024-06-03,263.9896271828926,264.1754000483395,259.1400483123133,260.7044372558594,1107900
2024-06-04,259.24761949600435,260.1960279937005,257.4094644828827,258.9151916503906,1385800
2024-06-05,259.8830917671601,260.24488036916296,256.7543439370393,258.26007080078125,856600
2024-06-06,258.9053680447111,260.9586266481516,256.8325653960284,257.8787536621094,1106800
2024-06-07,259.6288895911688,263.7451634915115,259.59955860710875,261.271484375,1523600
2024-06-10,261.5061577920667,262.51322812748055,259.2573692258376,261.7310485839844,2052700
2024-06-11,261.65284461213565,262.0341773268698,257.6734676559136,258.0450134277344,1615900
2024-06-12,258.1232223749158,258.78807805924913,255.00423105082632,257.1846008300781,1099200
2024-06-13,256.91077376773273,257.3507385253906,254.4664256532985,257.3507385253906,1538400
2024-06-14,255.43758294832,257.42927862496794,254.25042225914225,254.56436157226562,1351500
2024-06-17,254.96659998830765,256.4481179131336,254.4760343116636,255.80056762695312,1269100
2024-06-18,255.98699234583893,259.19528118438365,255.5552921426291,258.0669860839844,1445300
2024-06-20,258.29269016363793,262.9824975703256,258.06701913795206,261.4519348144531,1386700
2024-06-21,261.78547363150597,262.01111467897266,257.70396362813204,259.60736083984375,2452700
2024-06-24,260.17642789933205,262.6194655436933,259.01869998692695,261.09869384765625,989000
2024-06-25,260.9025244154808,261.80514870684163,257.69420496786273,258.3221435546875,898100
2024-06-26,257.223266866741,257.95911551559203,253.5243818291246,255.10401916503906,1314600
2024-06-27,255.09418078942733,257.3507711812467,254.0247510860516,257.08587646484375,942000
2024-06-28,252.93567733645654,254.57418004206642,248.92286824599753,250.2670135498047,2793900
2024-07-01,252.08209005070213,253.47530984974307,249.21718808380405,250.0119171142578,1205000
2024-07-02,247.8436316155695,250.953816709223,247.67684105518944,250.74778747558594,1111600
2024-07-03,250.04134879961347,251.30701671725237,248.61869626149766,249.28587341308594,735100
2024-07-05,249.28586687607896,250.0217154230314,246.92133661886123,247.7454833984375,1235600
2024-07-08,249.00133909033178,250.85567689462727,248.17719228195102,248.21644592285156,1033600
2024-07-09,247.08813258569086,250.83606178649376,246.67605918685365,248.55982971191406,1072100
2024-07-10,249.20737998646047,251.67002942516848,248.6481278925957,251.48361206054688,1037200
2024-07-11,251.4836128665801,253.3575774725817,250.4337950607158,253.12208557128906,1520600
2024-07-12,253.71076747140137,254.63303339124207,252.47453231464584,253.46548461914062,1303800
2024-07-15,254.37793030492176,256.67377421504096,254.1228564983004,255.2904052734375,943800
2024-07-16,255.63379260722095,258.4005905394588,255.09418227526425,256.7130432128906,1235900
2024-07-17,257.05639790348675,262.5507391142015,257.05639790348675,262.4231872558594,1976000
2024-07-18,261.51079295573265,266.29871936685174,260.77494434603415,262.6194763183594,2055000
2024-07-19,263.46320553120444,263.46320553120444,253.6420709382766,254.97642517089844,2759500
2024-07-22,254.94700619590918,257.35076021665003,254.29945586386842,257.0662536621094,1307300
2024-07-23,257.5764515538154,258.3221210753413,256.2519180401735,258.2828674316406,1307800
2024-07-24,262.80583208290733,262.8352947678311,253.79905337160693,255.13340759277344,1940300
2024-07-25,253.45565734681978,260.3922634202514,253.45565734681978,256.67376708984375,1422300
2024-07-26,257.93945073411567,265.523607578057,257.59604874023825,264.96435546875,1653100
2024-07-29,266.2397837739011,267.1914823632338,264.27752111067923,266.5733947753906,1017500
2024-07-30,267.52514467098234,272.6662642532323,267.3190854937643,271.4398498535156,1741300
2024-07-31,270.10545633349653,272.03828634544595,268.9182957500413,270.45867919921875,1629200
2024-08-01,272.66622980372057,272.66622980372057,265.0232078466372,266.8186950683594,1079400
2024-08-02,265.1311623541651,271.0964283922295,262.90397480127183,266.2005920410156,1279000
2024-08-05,265.2194737833708,265.9945461088951,257.40964549951804,264.23834228515625,4310600
2024-08-06,263.7183221061984,265.40586934204975,259.85266192572215,260.1764221191406,2104300
2024-08-07,261.63831881761416,264.75830942641653,260.38247184629887,260.6964111328125,1863000
2024-08-08,260.44134314025894,264.9545236447661,260.44134314025894,264.14019775390625,954000
2024-08-09,265.54320917490793,265.54320917490793,262.8745305516177,265.16058349609375,958800
2024-08-12,265.88663175212804,266.58322672099706,262.3741942192219,262.9432373046875,958900
2024-08-13,263.9145391089986,264.82701411307687,261.4813522761384,262.7666320800781,1345300
2024-08-14,263.3553225809623,267.39757945019915,263.1394724597042,267.23077392578125,1241700
2024-08-15,269.07533500606905,270.9100462644717,266.9659081037626,267.4957275390625,1300800
2024-08-16,267.95677177687827,268.9281121851903,266.58319385907936,268.2511291503906,1076900
2024-08-19,268.78098920628867,270.64513308738856,267.81946954722315,268.8594665527344,931100
2024-08-20,268.50622552255294,269.26168587118724,266.56357470095486,266.89715576171875,703600
2024-08-21,268.20210051726303,268.80060631993916,265.15079583273047,266.93646240234375,881800
2024-08-22,266.9560212780604,267.92733171809834,265.4647124282771,267.7016906738281,933800
2024-08-23,268.17265797690004,271.43984261804,267.39758565500495,270.8904113769531,1325700
2024-08-26,271.23379521077914,273.9711303364669,269.6639789378395,270.42926025390625,692900
2024-08-27,271.4398513078585,273.0194586911132,270.9100319006499,271.9794616699219,796000
2024-08-28,272.28356213516406,274.9522406113244,271.6556536393483,273.45111083984375,1089000
2024-08-29,273.85343306446913,276.9243796023797,272.0089009623529,276.65948486328125,1276500
2024-08-30,276.8262667551267,279.13193193521056,275.76665783287507,278.8179626464844,2343500
2024-09-03,279.7009774813077,283.06628155439097,278.6904131521949,281.2904357910156,1843100
2024-09-04,283.1251017376465,286.1371823903256,282.2715221908704,285.45037841796875,2233900
2024-09-05,287.1084922751594,287.5990579852446,279.8971703485556,281.9084777832031,1825200
2024-09-06,281.4865715634499,283.44883421630317,280.20129192117116,282.07525634765625,1722800
2024-09-09,282.7620892816302,287.7364028615522,280.5251108253961,286.6866149902344,1892600
2024-09-10,287.7462113876772,288.6292236458036,283.841297696447,285.5386657714844,1178500
2024-09-11,285.2051052834986,285.2051052834986,277.29718814504514,278.97491455078125,1803100
2024-09-12,278.69035284563455,283.35072683931907,278.37641356389764,283.1152648925781,1476500
2024-09-13,283.6073894372215,286.15655520366255,282.5149026958083,284.3160400390625,1309700
2024-09-16,286.12701787751814,288.58760597465727,285.42821926814383,286.7274169921875,1265000
2024-09-17,286.41245580655226,287.180158094884,284.59161459911235,286.1959228515625,1308500
2024-09-18,286.59944660581266,286.59944660581266,283.00699417929945,284.6211242675781,1558700
2024-09-19,285.2215297658497,286.70770450736376,281.2156852545061,285.9990539550781,1789400
2024-09-20,285.7530053730465,287.3671655918367,283.4597504689823,286.07781982421875,9796600
2024-09-23,285.90066562421305,288.3218759238429,285.8809616959103,287.50494384765625,1470500
2024-09-24,287.4458937053067,287.5049454175853,284.51289187388244,285.1920166015625,1868700
2024-09-25,286.9045591159457,287.19981765962274,284.74908163767975,285.75299072265625,1108600
2024-09-26,283.5680140936418,286.26483920457514,282.67238641465525,285.270751953125,1025500
2024-09-27,284.8278802474558,285.7628858011531,283.79441511571173,285.0050354003906,865500
2024-09-30,284.57198302395494,284.670412570219,280.77281880082114,283.8436584472656,1176600
2024-10-01,283.2924233251047,288.94195417532046,281.93420388900853,287.5148010253906,1768700
2024-10-02,286.9439546821778,289.0797283653189,285.78253425343735,286.73724365234375,1308300
2024-10-03,286.75697086110296,287.37704392799293,283.67630945669964,283.99127197265625,758100
2024-10-04,280.01492220217636,286.21559212035845,279.552330443828,286.0089111328125,967900
2024-10-07,284.8180477876416,284.9558251260889,270.88127077590207,272.81036376953125,2389100
2024-10-08,272.3477440337487,276.7965068552541,271.66861926739466,275.5465087890625,1413300
2024-10-09,274.62131238716694,280.17241369038163,273.9028398682131,278.3712463378906,1212100
2024-10-10,283.7058151687471,285.3002714923935,278.94212008997863,280.2117919921875,1055500
2024-10-11,281.6093983708305,283.93220929071083,280.7924962903735,282.3081970214844,798800
2024-10-14,283.1546601279374,285.32981176350995,281.0090343503508,284.1585693359375,656800
2024-10-15,284.8671979937178,286.49118013065123,282.5936169947159,282.86920166015625,1239200
2024-10-16,282.94797258151044,288.9025840840291,282.47552882817814,288.4793701171875,1088400
2024-10-17,291.68794849356215,297.28824955002324,290.9202461889116,297.13079833984375,2131200
2024-10-18,296.72726380320387,297.2193814444903,293.449743491809,296.9044189453125,1705500
2024-10-21,296.6288601471915,297.23908126978944,292.3375783218105,293.1545104980469,1054600
2024-10-22,291.80610442735633,293.341509154896,289.11913113592243,292.4261474609375,1540800
2024-10-23,291.3139571001248,291.79622275597274,288.89271678386285,290.3493957519531,1118900
2024-10-24,290.35927076983154,291.0088696840777,288.82386607669633,289.3258056640625,962800
2024-10-25,289.95573174900454,290.26084229578055,282.96765495838866,283.4499206542969,1238200
2024-10-28,284.9656408162451,286.2254607793723,284.3357458529201,285.4479064941406,893300
2024-10-29,285.4872615539324,286.2057640677063,282.58375568057977,282.67236328125,1392400
2024-10-30,285.1034557910607,285.989261563782,278.58779280073895,279.16851806640625,1810900
2024-10-31,279.9460454369843,280.5169187441911,277.4165534506057,277.9874267578125,1905700
2024-11-01,277.8397856190252,279.84760396408893,272.6331725772815,273.0367126464844,1779600
2024-11-04,273.6075848385661,273.7945919644801,271.2454259238125,271.7276916503906,1993900
2024-11-05,272.6233210128024,273.2827718674617,271.31430130444875,272.9186096191406,1676300
2024-11-06,283.89282994291443,284.86721327003164,271.6489405111599,275.5957336425781,2262200
2024-11-07,276.47170292664066,276.57013246862283,273.33198976722804,273.6075744628906,1520800
2024-11-08,275.90085535798124,278.71575398879764,274.62133140503676,276.9244384765625,1062300
2024-11-11,278.10547370063455,280.8022683235463,275.9992261582836,276.2748107910156,1024800
2024-11-12,276.1763909328697,279.9164725131385,275.6940952813625,278.4302978515625,1991300
2024-11-13,278.4598883069967,279.8279598730136,277.33784555072015,278.9126281738281,1236300
2024-11-14,278.31219392107636,282.50504574432614,278.0464612137558,282.4066162109375,2168200
2024-11-15,282.36726062252035,286.49117861829455,282.36726062252035,283.4597473144531,1794800
2024-11-18,281.944050221415,285.41839980879075,281.51098426408095,284.17828369140625,1126400
2024-11-19,282.24914327682785,282.93811999436184,278.80431976211275,279.3948669433594,1059600
2024-11-20,281.00902493422905,282.67238496348295,275.6646045260312,278.381103515625,1209600
2024-11-21,279.7688675196018,281.1172649952146,278.24331490919525,280.61529541015625,1416000
2024-11-22,280.50703361663113,282.44597817326473,279.27673960954064,280.7137145996094,1721700
2024-11-25,280.66454748849713,283.20386139834454,278.41064019521883,281.9046936035156,1825000
2024-11-26,281.86532024669594,284.20780515152427,280.1921081613961,283.9322204589844,1623700
2024-11-27,284.67039163328496,288.1348891370181,284.6408657752254,285.76287841796875,848800
2024-11-29,285.1526670771682,286.8652269761387,284.1192319732679,284.17828369140625,1237600
2024-12-02,285.42823821753177,286.5994806324461,283.0168497076546,285.33966064453125,1517900
2024-12-03,285.31996586763967,287.8888054060624,281.19601784198176,281.7373352050781,1368100
2024-12-04,281.49129621748244,281.49129621748244,279.56220343683515,280.1133728027344,1273500
2024-12-05,282.06212364478176,283.5384765141071,279.65076531343607,282.10150146484375,1870200
2024-12-06,282.101510545048,282.7314355404111,277.6724517945108,278.8535461425781,1507300
2024-12-09,278.53860013544295,280.10353071557205,272.5150846839336,272.9481506347656,2160200
2024-12-10,272.6331853871704,273.1154510853879,268.09587495040256,270.2710266113281,2130000
2024-12-11,270.0741630427628,272.5741291402475,269.3261646320064,271.865478515625,1375100
2024-12-12,273.38115010778046,274.4342588336726,270.33001530030634,271.0386657714844,1216600
2024-12-13,272.332305643399,274.22831581801523,271.03868515932413,272.638427734375,1383900
2024-12-16,272.64835607795555,274.01110890070385,271.6410882684125,272.2731018066406,1981900
2024-12-17,269.62662371896835,273.95187236922624,269.29087781436334,273.2309875488281,2116000
2024-12-18,271.6114634513894,274.34685371520595,267.88860477607903,268.17498779296875,2044300
2024-12-19,268.17493737325316,272.9050328287818,268.17493737325316,269.74505615234375,2274300
2024-12-20,269.35995966782104,272.2237294763406,267.21710476185024,269.78460693359375,2953100
2024-12-23,268.1058182429907,272.36193397806284,268.1058182429907,271.93731689453125,1322100
2024-12-24,271.82868241184684,273.08282470703125,271.1670753388826,273.08282470703125,399600
2024-12-26,272.3027133414803,275.4627206187258,272.2632049630974,274.79119873046875,697400
2024-12-27,273.1519569749041,276.8353373820087,273.1519569749041,274.2085876464844,1088600
2024-12-30,271.8286852157343,272.9149395288882,269.98206795140305,271.9669494628906,920300
2024-12-31,272.45083182006437,273.2704724563655,271.2855908154603,272.8458251953125,1409600
2025-01-02,274.05059097062684,274.23821810890365,267.84910118649333,269.11309814453125,949600
2025-01-03,269.8142250396277,271.562086529398,266.871468671163,268.3329772949219,1155600
2025-01-06,268.115737106073,268.5699779944558,263.66210906595046,263.9682312011719,2587200
2025-01-07,264.8372345690714,268.3823506941506,264.1163497893846,265.4001159667969,2042900
2025-01-08,264.64959627869797,264.777975904633,260.86749030816463,263.31646728515625,2382000
2025-01-10,255.851003595228,260.16636757007075,249.00764566529116,254.48825073242188,4171300
2025-01-13,253.75748374084503,258.64561323524424,252.7996090168621,258.48760986328125,3115500
2025-01-14,258.99121924924935,262.48697235714417,257.70748326109344,262.19073486328125,1692100
2025-01-15,264.313880440194,265.9728708652536,262.4277544868207,265.05450439453125,2231000
2025-01-16,265.8543873857426,270.7326331207892,265.8543873857426,270.1105041503906,1272400
2025-01-17,270.59433612662536,271.8879567890125,265.8247314903829,266.1111145019531,1901900
2025-01-21,266.6246031216331,269.3797324586544,264.6693451830916,265.49884033203125,1930700
2025-01-22,267.09860708137205,268.56997021358717,264.5311049353921,264.9656066894531,1799000
2025-01-23,264.9754745782184,265.676620251756,261.31186336931717,263.1683654785156,1720500
2025-01-24,264.1262382783824,264.698974177307,261.1440035074445,263.3658752441406,1821400
2025-01-27,266.00249258552117,273.3001216918093,265.45938041091665,273.0334777832031,1776800
2025-01-28,273.0236014007393,273.82347279029887,268.58971255760366,268.8662109375,1627200
2025-01-29,264.65949805061103,277.6846064354869,264.3336066504258,272.3817138671875,2317000
2025-01-30,274.33696801478504,274.6430901524473,269.5278549287297,271.3448486328125,1556000
2025-01-31,269.5475947893929,272.0163411554126,268.1255944716805,268.4811096191406,1583300
2025-02-03,265.933339672119,270.979472785585,264.9458411510401,270.5054626464844,1454300
2025-02-04,271.9570744867044,271.9570744867044,268.5600773155875,268.82672119140625,1478400
2025-02-05,270.32772306191555,271.4633403461958,268.4514818788355,269.38958740234375,989500
2025-02-06,271.6213061633378,272.0162994941921,268.1749464077492,269.46856689453125,1260300
2025-02-07,269.1427292556721,269.6068547994591,266.6542436522563,266.7826232910156,1276200
2025-02-10,266.62457229539984,267.15782987808745,262.85232111397346,263.247314453125,1836700
2025-02-11,263.8201206231587,265.59760598830275,261.26250295243864,264.610107421875,1679000
2025-02-12,263.8300091508698,264.1756095453745,260.9662391570609,261.7562561035156,1041600
2025-02-13,262.2104591547594,265.20257821780416,261.19333696860383,264.392822265625,999200
2025-02-14,264.01759649923605,264.629870911368,260.9464904899068,261.2131042480469,1919800
2025-02-18,261.4895772396867,263.45471964571004,260.2058413104165,263.2769470214844,1378500
2025-02-19,261.8648729729083,264.3336194866496,261.06500151334143,263.109130859375,887500
2025-02-20,262.1907378224841,264.728586078053,259.8503711863652,264.1459655761719,1064900
2025-02-21,264.18546443056556,265.2914578950153,262.52647423389095,263.9089660644531,1054200
2025-02-24,265.4198595770815,270.9597421240532,265.2026086902186,270.0216064453125,1434100
2025-02-25,272.1052045373251,275.9564728657649,271.1078515268262,273.9814758300781,1748500
2025-02-26,273.537071786786,273.537071786786,268.1749624136564,270.23883056640625,1250400
2025-02-27,271.37446247683727,278.93870466177566,271.11770322130775,278.16845703125,1630800
2025-02-28,280.19280396096264,282.8096989940803,277.0130577079185,281.91107177734375,2528700
2025-03-03,282.987460342785,287.4509428394343,282.7307010820181,286.0684509277344,1687300
2025-03-04,286.6510572653363,287.8558066151027,279.9657034117998,280.5976867675781,2007100
2025-03-05,281.92094947985515,285.17971275434513,280.36071504132764,283.4219665527344,1974900
2025-03-06,282.9281883627606,283.60956469887066,279.23492369583033,282.7109375,1355100
2025-03-07,282.0592119908615,283.76756517306796,279.98545903561217,283.0072021484375,1259900
2025-03-10,282.5430603969507,292.03293646457104,280.6273109340445,289.29754638671875,3741200
2025-03-11,288.0632100335284,289.43584756172976,285.42660563064936,287.06585693359375,2966800
2025-03-12,285.35744805087955,286.31532281911433,276.894578516029,280.4298400878906,2121000
2025-03-13,281.2790467650182,285.8018064117026,280.2323008491083,284.9426574707031,2777800
2025-03-14,284.6058497721034,292.1147857164259,282.84254282222577,291.2033996582031,2301900
2025-03-17,290.19300690082025,295.9485221857359,290.0939385876989,294.6111755371094,2096500
2025-03-18,294.6607046091279,296.52304970367607,292.02564486404884,292.8874816894531,1973700
2025-03-19,292.9171776311307,294.2346922911421,291.2331072414978,293.471923828125,1646200
2025-03-20,292.3228130694105,292.96671169917187,290.331652012525,291.3619079589844,1510000
2025-03-21,290.3019473657519,292.03553695473687,287.2211255215436,288.6971435546875,3152100
2025-03-24,289.12310634268135,290.272232221496,286.5078783192507,288.7070617675781,1464800
2025-03-25,289.63824046436014,290.72793137003623,285.65591826647153,288.66741943359375,1158300
2025-03-26,289.8561948667122,294.45266826506554,289.1627469157284,292.5506896972656,1132300
2025-03-27,294.55174006997686,296.1961773243623,291.7780086959561,295.5621643066406,1182700
2025-03-28,297.1867701708486,299.15809940560007,293.37286724070907,293.66015625,2094500
2025-03-31,294.4427685178031,300.8025487285246,294.4328526176789,299.1581115722656,2455400
2025-04-01,300.02988598112273,301.4861025286517,296.1466620086488,298.57366943359375,1483800
2025-04-02,297.39479634729724,299.22745416701076,295.3045972140762,298.71234130859375,1536000
2025-04-03,298.61332445666227,304.03203211346596,296.07733263281267,299.6237487792969,2114300
2025-04-04,294.43284932526205,296.4636135554176,276.93845064423806,278.0479431152344,3195300
2025-04-07,275.8190643145895,278.6621465565658,266.40814889629337,271.74761962890625,2851200
2025-04-08,279.9004208178158,282.45624421319167,268.78563335035955,272.41131591796875,2239100
2025-04-09,265.48684662552483,284.57613251264513,264.23865252331154,281.95098876953125,2609900
2025-04-10,280.2174115841653,285.79462169022247,274.64020147810805,279.6923828125,1821700
2025-04-11,278.69185934800436,281.9312147909559,273.5901587005569,280.7127380371094,2562600
2025-04-14,282.4165850437688,287.8253758148197,280.99008612349576,285.6361083984375,1381800
2025-04-15,286.0422743215357,286.4286316446795,281.8519298611569,282.1293029785156,1119000
2025-04-16,286.4583791806684,287.7461765968467,281.4557164117175,282.3968200683594,1461600
2025-04-17,282.9020103687266,284.5959969104507,279.69240257414197,282.91192626953125,2477500
2025-04-21,282.32745400738736,283.2289242426882,274.7194793444094,277.1564025878906,1487100
2025-04-22,281.4457982792178,289.4203290820357,279.6032545847032,287.6966552734375,1635000
2025-04-23,282.535484642604,287.15178993539297,277.05734245967926,281.8222351074219,2102700
2025-04-24,280.40564842403256,281.72319349472195,278.6918603346307,279.3555908203125,1964200
2025-04-25,277.948892298914,278.8999118179548,273.4019379228784,276.49267578125,2381200
2025-04-28,277.6021786047519,279.9697508687723,276.90873070087525,279.53387451171875,1593200
2025-04-29,278.16681558524783,282.7336015178091,278.16681558524783,282.2779235839844,1762700
2025-04-30,283.3180413320761,283.932222458779,276.670972673308,283.39727783203125,1983400
2025-05-01,279.9994709137513,282.38687499959025,278.48381955004135,280.63348388671875,1370900
2025-05-02,283.03078144667836,285.0912934342456,281.1386886070136,284.61578369140625,1522600
2025-05-05,284.42755631078774,286.3493665748933,281.8222140336033,285.1308898925781,1004000
2025-05-06,284.25918315805393,287.09234944240524,283.8133908704078,286.2899475097656,1079900
2025-05-07,286.2899293986115,288.4791968645141,286.2899293986115,287.7065124511719,1318000
2025-05-08,286.5772298866817,290.1434774107833,286.1116360400434,286.2602233886719,1161200
2025-05-09,286.0918232026354,288.2712052316569,285.378573650538,287.1617126464844,834100
2025-05-12,286.29985512961656,288.4990385710147,279.62303806566894,286.933837890625,1516300
2025-05-13,286.8149543202998,288.4197580625518,282.4562210154593,282.6543273925781,1454400
2025-05-14,282.65436614843543,283.0209219475991,278.3649830915831,278.7414245605469,1322600
2025-05-15,279.67260104602224,289.440126116891,279.36551043508206,289.31134033203125,2662000
2025-05-16,289.1231071761286,291.6294114599379,288.38014020132766,291.5699462890625,1402300
2025-05-19,291.7185888664545,293.22432451443865,290.7972867628884,291.817626953125,1267200
2025-05-20,289.18256483106717,291.24304655247835,288.0631564477696,289.22216796875,1524500
2025-05-21,288.97453677844396,290.0642277850197,286.6862007803376,287.6966552734375,1858800
2025-05-22,287.81548707330813,288.3504014891477,283.01096161059195,284.3978271484375,1146300
2025-05-23,284.8237813326335,285.22994020111014,282.43637738752955,283.4171142578125,745300
2025-05-27,285.0714500104738,287.5876398377093,283.39729542561184,287.0130920410156,1661100
2025-05-28,286.08192521685277,287.95418631587705,285.3389582250454,286.2899475097656,1497400
2025-05-29,285.56676634832996,291.79779097431526,285.56676634832996,291.3916320800781,1749100
2025-05-30,290.50008396954405,295.7206543054017,289.3410421997151,294.4130554199219,2483600
2025-06-02,291.96624220498705,297.18681300344133,291.58980073815775,297.1174621582031,1606000
2025-06-03,296.2456599268228,297.4542206407224,290.08398648897435,293.63043212890625,2265200
2025-06-04,293.64038802228555,293.64038802228555,288.90521282251456,289.04388427734375,1347600
2025-06-05,289.96515933844853,291.56007759085276,286.34939256356927,288.78631591796875,1306300
2025-06-06,291.49071879063064,291.74829035723934,288.72687309414374,291.06475830078125,1340000
2025-06-09,289.4995804047247,290.2524633625823,281.5250794253804,287.08245849609375,1748200
2025-06-10,285.98282578117073,287.2013023984322,282.95152320300906,283.5657043457031,1504600
2025-06-11,282.8524956642973,284.22947571543506,280.5443580968011,282.9317321777344,1591800
2025-06-12,282.1292936111956,286.70599524276156,282.10949204325686,286.57720947265625,1258500
2025-06-13,284.7384150175828,287.2531210578093,284.2812040102087,285.0564880371094,964800
2025-06-16,285.8516308239334,287.5811035192543,283.95317236346534,284.6986389160156,1273000
2025-06-17,283.6251827793221,284.81791107342804,280.95144029535,282.08453369140625,983500
2025-06-18,282.0845087429326,282.74052289657124,279.68910310586585,280.4444885253906,1217200
2025-06-20,281.5676867388022,284.65890383061367,280.93157105095935,282.10443115234375,2389100
2025-06-23,282.5417908576848,286.7163856207188,281.66710519311187,286.4480285644531,1193200
2025-06-24,286.3684866926589,287.19348669277196,284.14203621805433,285.0465393066406,1351900
2025-06-25,283.9631207787818,283.9631207787818,280.51409432592527,281.1104736328125,1424800
2025-06-26,281.806210546194,283.2574072002987,280.67311721786155,281.8559265136719,1749400
2025-06-27,281.2595777551623,284.7582900547604,279.7984620155045,283.3965759277344,3782100
2025-06-30,282.601397087442,288.1078879780946,280.9812449867252,287.96875,1993300
2025-07-01,287.44196248370275,288.74404162168173,283.47609017284395,287.83953857421875,1884100
2025-07-02,286.4281500602703,286.7461927452051,275.9518513183178,278.38702392578125,2546700
2025-07-03,279.85808327591883,283.7742700244463,278.23793110164075,282.08453369140625,1523500
2025-07-07,280.8918176609914,282.5517062843652,276.8861783905038,278.2777099609375,1427400
2025-07-08,276.50847170227877,280.33520628793946,275.7729543688522,278.2578430175781,1326200
2025-07-09,277.8105479104178,278.65541610843167,275.95185607465515,278.3075256347656,2052800
2025-07-10,277.8105466436267,279.569836859875,276.72713884946234,278.8442687988281,1675200
2025-07-11,277.68132165110734,278.1186644638462,275.4051552393225,276.3692932128906,1249400
2025-07-14,276.25001895188177,278.6056884128696,275.524450918057,278.5063171386719,1017600
2025-07-15,276.2699089570826,277.3632356044497,273.5166331517275,274.01361083984375,1246000
2025-07-16,275.7828592707456,277.3036098330967,274.0931532754176,275.9220275878906,1498000
2025-07-17,274.1130254079621,275.5045569338764,272.34378596791834,273.7949523925781,2771700
2025-07-18,273.4172313502326,276.0214199138963,271.5784381720176,272.4729919433594,2977900
2025-07-21,272.34380978823344,274.073282669343,271.68779551154347,272.3636779785156,1963700
2025-07-22,272.56244802161376,277.76084562670394,272.56244802161376,277.0451965332031,2360500
2025-07-23,271.3597876924812,271.3597876924812,262.94098379961946,268.5170593261719,5215200
2025-07-24,268.3679702997473,271.0218446859478,267.3938830431831,268.546875,2120900
2025-07-25,268.9444201325367,270.91246260796146,267.46343639584745,267.5230712890625,2979100
2025-07-28,267.1453971039802,267.87099550709274,262.93103567532575,264.3822021484375,2541500
2025-07-29,266.4396683630446,267.62247765472256,264.94873533989846,266.92669677734375,2442000
2025-07-30,267.25474794730934,268.1890685028946,263.4776990134439,264.8990783691406,1948100
2025-07-31,264.5810025334445,267.5231021596218,263.984623199366,264.4319152832031,2963100
2025-08-01,264.9487420146495,266.1514195236818,262.50362028836173,265.7836608886719,3215000
2025-08-04,265.88307295632296,267.3740060757042,264.9885191513166,266.1216125488281,1386400
2025-08-05,267.1453889757397,267.7616668197886,265.6246383870016,266.0619812011719,1260300
2025-08-06,267.3740168344117,269.30229283971784,266.390010642621,268.0002136230469,1077900
2025-08-07,268.5369463316396,268.8649382702059,265.4059625252198,267.68212890625,1588100
2025-08-08,268.25864828953746,270.11734010923374,268.0697943292687,269.6004638671875,961100
2025-08-11,270.0179221497065,271.1808329576736,268.52698907982284,269.3619079589844,1276300
2025-08-12,270.0576695433523,270.6242010162248,268.0796778522593,268.1393127441406,1436500
2025-08-13,269.08360782195996,274.50067689971206,268.2983745605858,273.37750244140625,1406500
2025-08-14,274.74918548059156,275.0573092508947,272.34379988684566,274.0732727050781,1054400
2025-08-15,275.16659767931304,275.46480248659066,272.25431576020765,272.552490234375,1504400
2025-08-18,271.9958927454486,272.70159259552304,270.67394539251103,271.27032470703125,1160800
2025-08-19,271.41942095119856,273.6657396329068,271.2802526288479,272.1449890136719,4132100
2025-08-20,274.0434367393063,278.6951710966984,272.73143865538157,277.98944091796875,2438600
2025-08-21,278.36716916024085,278.9039136124391,276.8662866796095,277.1346740722656,1131800
2025-08-22,279.10269217099756,280.01714457725427,275.58411154204725,276.0115051269531,1401800
2025-08-25,274.928077066783,275.97171813147787,272.50282339920705,272.7513122558594,1194400
2025-08-26,271.71757950648833,271.71757950648833,268.9643340022337,270.3558654785156,2496000
2025-08-27,270.35586459471244,272.1151547054272,269.3917266583848,271.3995056152344,1557200
2025-08-28,270.3558833199908,272.2344736867778,269.47124840658626,271.59832763671875,1452400
2025-08-29,272.35372782190143,274.540411493695,271.96607065748634,273.4073181152344,1248400
2025-09-02,274.96782436110584,275.1467290453158,271.38957901135643,275.13677978515625,1700800
2025-09-03,273.9639282300675,276.75694044147946,273.9539789695998,276.53826904296875,1117000
2025-09-04,278.30750221238264,279.30145757742685,277.1743785363392,278.188232421875,1486300
2025-09-05,277.48252718498827,278.50629997765867,274.55034678214747,275.7033386230469,2523200
2025-09-08,274.7988607256702,276.3991144184432,272.2642864959953,275.7928161621094,1343800
2025-09-09,274.6596901231291,276.98557251821535,274.6596901231291,275.3157043457031,1319900
2025-09-10,274.0633446470291,275.8126855965459,272.8705859846703,275.77294921875,1559600
2025-09-11,275.7331672756309,281.5974979865234,275.05728489308433,281.1800537109375,1657000
2025-09-12,279.12256556192926,280.8023526317537,276.06116591208445,276.4289245605469,2115200
2025-09-15,275.7729499105557,276.24011018228833,271.9064486757517,272.6717834472656,2418200
2025-09-16,273.14887643431234,273.81483988763443,269.8092009066076,270.375732421875,2705600
2025-09-17,271.1410839730776,272.54256463356666,270.3459015062525,270.6043395996094,3390800
2025-09-18,269.05377427047773,273.3377193729098,269.05377427047773,272.6220703125,2034900
2025-09-19,272.80099809315004,273.75521714323276,271.3498316625121,272.2344665527344,3627700
2025-09-22,272.0853402841932,273.58622263814067,271.1212023371394,271.3498229980469,1821000
2025-09-23,271.18084932421516,274.8286791352564,270.18689388430465,274.2322998046875,1441900
2025-09-24,273.89437201237405,277.9000114181134,273.8347371097071,276.57806396484375,1755300
2025-09-25,278.0689946916842,279.34125649230344,275.6039741822471,276.6177978515625,1312500
2025-09-26,278.3075155066783,280.4544628377033,276.7967141995624,278.99334716796875,1032200
2025-09-29,278.71504640672015,278.71504640672015,275.87231809716945,277.87017822265625,1379000
2025-09-30,277.64155164781704,281.1800608179467,275.1765616413757,280.5439147949219,1583600
2025-10-01,279.86805140913907,281.9652829092387,278.8641466690856,279.7090148925781,1700100
2025-10-02,277.77079186837926,280.7924250417465,277.31358083768947,279.66925048828125,1731100
2025-10-03,278.7846154869601,283.4561875661334,277.8999806401849,282.2435607910156,1124200
2025-10-06,283.27729244659344,285.6429111806734,282.20383394810193,284.6589050292969,1334800
2025-10-07,285.26521816840506,288.0085449556453,284.18181035261716,287.4916687011719,1179100
2025-10-08,288.24705801943156,288.74403570567193,285.26519190198917,285.3645935058594,1101700
2025-10-09,286.5076466752711,287.61092261948687,282.1143504204462,282.611328125,1185500
2025-10-10,283.96310949362294,284.2911014161646,280.2854625249005,281.29931640625,1283800
2025-10-13,281.0110890716101,282.5716064249073,280.0270828720813,280.8222351074219,932500
2025-10-14,281.6074363024275,283.8935214681801,280.2159048827038,282.9095153808594,1263300
2025-10-15,281.07072878083534,281.2198160358729,273.7055150508386,276.62774658203125,1897300
2025-10-16,269.78931223827516,270.78326765778746,263.6963606633669,266.6086730957031,3737600
2025-10-17,266.3402867788989,268.4673659450118,264.83943471598036,266.5887756347656,2525200
2025-10-20,267.74176828390665,267.89085553120395,265.45568293704775,266.578857421875,2009300
2025-10-21,265.52526565043877,268.25864305741266,264.7897180125913,267.6324462890625,2857300
2025-10-22,274.1925270439257,276.0512491553615,270.5546769072595,274.8485412597656,4497700
2025-10-23,276.13074039928273,281.56767751577064,275.49462473227646,281.229736328125,2680500
2025-10-24,281.9553632195488,282.65111385287076,278.6752919489264,280.2358093261719,1429600
2025-10-27,278.0093436348879,280.0270719279929,277.5123659239447,279.97735595703125,1449200
2025-10-28,279.06292709994386,279.06292709994386,273.40731846169734,273.9142150878906,2176100
2025-10-29,272.3736063102026,277.6515072370183,271.76730805548016,276.3196105957031,2649500
2025-10-30,277.5720005818334,279.1722542497886,275.65364356609126,276.3792419433594,2180300
2025-10-31,274.06334414048706,276.38919622798653,273.9539932689684,275.2660217285156,1892400
2025-11-03,274.33171538072776,276.6774357784362,271.69773939749945,276.568115234375,1843600
2025-11-04,278.28765990398404,284.0327212348694,278.28765990398404,283.9233703613281,1925400
2025-11-05,283.78422073252773,284.83781104759527,280.9414924675082,281.5478210449219,1373200
2025-11-06,282.46225533360825,284.12217429832384,280.4047602515284,281.3390808105469,1263300
2025-11-07,281.27945503066144,285.90137233587603,281.27945503066144,285.8118896484375,1303500
2025-11-10,283.71461729004864,286.7561182318205,282.9095158838802,286.50762939453125,1573700
2025-11-11,287.4121613491161,290.9307721327819,286.6468265731036,290.6524658203125,1442400
2025-11-12,290.80155749596986,293.6840222760726,290.03619237519837,293.14727783203125,1336000
2025-11-13,293.18702960975463,296.55652268917873,293.07767874102296,294.4294738769531,1723100
2025-11-14,295.771332274143,298.18663675188606,292.22290401684836,293.7038879394531,1393300
2025-11-17,295.24453173997944,296.7553330855281,293.216854153578,293.7933349609375,1406000
2025-11-18,293.9821917099192,297.5902548366944,293.0876378740268,294.7773742675781,1443800
2025-11-19,294.3499511795446,295.09541769019745,291.01024543860257,292.18310546875,1379000
2025-11-20,293.15720633189363,295.66196300484404,291.39791620444043,294.52886962890625,1599900
2025-11-21,296.1987134307521,299.210397122445,295.940275316465,296.4869689941406,2130100
2025-11-24,297.19266226642407,297.7194574109632,292.53100905037877,294.0219421386719,2112900
2025-11-25,295.34392634229073,297.5405593144535,295.0655897065206,295.9700927734375,941900
2025-11-26,296.0794360113667,297.6697706997591,295.20475041609524,296.09930419921875,946500
2025-11-28,295.413482343521,296.6062409826175,294.2406222260472,294.38970947265625,621000
2025-12-01,294.77734953310494,296.10924608067336,291.4376437373949,292.1036071777344,1484700
2025-12-02,291.55690753446015,293.4553658803371,289.27082237787226,292.7198486328125,1671000
2025-12-03,293.0975545890394,295.2743192034299,291.7258913708635,293.2665100097656,1773000
2025-12-04,293.5349217118274,295.95022610081406,291.8153679164934,292.8590393066406,1799000
2025-12-05,292.02409923625953,293.40571187240846,289.98650269589183,293.21685791015625,2780400
2025-12-08,292.71987091300053,296.5267068214288,291.5966964361654,295.4333801269531,2376100
2025-12-09,296.5167665161944,301.65549867570877,295.20473817768055,299.39923095703125,1977100
2025-12-10,299.82665639985504,301.97360381880287,293.3162603144514,294.74755859375,3100900
2025-12-11,296.76527979329256,306.44639596766245,296.56647657419614,304.1304931640625,2407600
2025-12-12,304.3193528354569,307.11236521745593,303.5937544385565,306.6054382324219,2015000
2025-12-15,307.27140166544814,311.14782184490065,306.9731968312668,310.72039794921875,2506300
2025-12-16,309.51772151199935,311.56526731531807,308.8915247242936,309.159912109375,2479100
2025-12-17,307.1322130032619,311.50561061694503,306.6352353123181,311.0682678222656,2893400
2025-12-18,309.12015001270424,310.6309514015271,308.07650890635693,309.08038330078125,2022600
2025-12-19,308.53368023873907,310.4718749487911,307.2117026520998,308.7225341796875,4168300
2025-12-22,307.48013027154144,310.03460310573684,306.6352620566266,309.0704650878906,1400100
2025-12-23,309.6071626073653,312.2212702029205,309.39844046342216,311.4062194824219,1007700
2025-12-24,310.71046783345105,312.4995754416659,310.5712995158882,311.4261169433594,488200
2025-12-26,311.94298450473536,312.77790346876867,310.5614021594193,311.5752258300781,627000
2025-12-29,312.45980321004174,313.1754523073029,311.10803843361026,312.5492858886719,938500
2025-12-30,312.559192562905,313.14562258261236,310.9987057081053,312.24114990234375,732700
2025-12-31,311.9429724946777,312.39026457713453,310.15386483107613,310.2333679199219,968700
2026-01-02,308.5833976428817,309.9152942935171,305.36299172143833,308.1858215332031,1354100
2026-01-05,306.138278448039,315.0242425932772,305.14432299853235,313.2848205566406,1852800
2026-01-06,311.98272279338846,313.62274312093325,306.87377752681715,307.42047119140625,2085500
2026-01-07,306.64519130524184,307.9373211968205,304.49824399325433,304.77655029296875,1464700
2026-01-08,308.07648046750325,311.66464480964805,307.1322107284595,311.1080322265625,1755200
2026-01-09,309.9649878889635,311.1080304966902,304.80635709720974,304.9554443359375,1280000
2026-01-12,305.2238125557308,307.50992818810823,303.1961653684751,304.7666015625,1313700
2026-01-13,304.3789576539633,304.81630043447353,297.67967797057145,298.8724365234375,1779100
2026-01-14,300.0353590540869,302.14256995781085,297.45109931011956,299.1905212402344,2006600
2026-01-15,299.6974423748344,301.5263167995409,298.20650916993213,299.2899169921875,1228800
2026-01-16,298.2164480165624,299.63779700898397,297.2224925813397,298.95196533203125,1745200
2026-01-20,298.1369583521211,302.9178817841577,297.93815512288023,299.240234375,1506700
2026-01-21,298.8128129820946,301.6157744546475,294.27042958150594,298.166748046875,2074400
2026-01-22,296.4670681254917,299.5185185028651,295.2544413164473,299.10107421875,2279200
2026-01-23,298.57427959599477,301.0889855651376,296.7155575030529,299.09112548828125,1767000
2026-01-26,300.85041612293065,303.9018665106046,300.174533724293,301.655517578125,1463700
2026-01-27,301.53624478873024,302.95759373051965,298.65378019588763,299.6477355957031,1197900
2026-01-28,299.01161346399465,302.64949415787476,297.28214063676677,301.8145751953125,1188700
2026-01-29,303.73287556265365,306.6750053649629,300.99949823265706,304.3193359375,1318100
2026-01-30,303.90187498361047,307.82801109456693,302.84828464662047,307.6888427734375,1844400
2026-02-02,309.0306806262388,311.05835815894915,306.47620793876337,309.3686218261719,1518200
2026-02-03,308.22557579039625,313.0164481011995,307.67888212020335,311.4857482910156,1837100
2026-02-04,318.83106225204966,331.8320158507733,313.09595052271254,327.4586181640625,3244100
2026-02-05,328.00529562153633,332.259423696879,325.510457757334,329.2775573730469,2113300
2026-02-06,329.97332605169476,333.3130016503732,325.6396647155677,328.96942138671875,1839000
2026-02-09,328.88992665145815,333.56149897058594,322.1111433418201,324.1984558105469,2205800
2026-02-10,326.53422197339864,329.13841064017396,321.51475926154643,324.2779541015625,1929400
2026-02-11,323.6020582916998,327.57787978645365,320.8984984619427,327.0809020996094,1348700
2026-02-12,328.0748684507146,333.57144063780316,325.9676878412863,330.5001220703125,2192800
2026-02-13,328.68115417799254,331.98109328339075,320.3418844043608,322.9858093261719,2019400
2026-02-17,326.0372476400626,331.51395173927335,324.65566537231285,329.8838806152344,1963500
2026-02-18,330.49017949199157,331.4741856581687,325.5104530959072,327.2995910644531,1558100
2026-02-19,327.17034912109375,328.2736250080475,325.07308754351027,327.17034912109375,1339200
2026-02-20,328.9495453970553,329.64529596372347,324.76497140419946,329.615478515625,1463100
2026-02-23,329.4961962187094,333.2036605681788,328.18416788594647,331.3747863769531,1864900
2026-02-24,331.50401512995944,335.3804657025025,329.00920754411993,334.81390380859375,1591200
2026-02-25,334.9629746090363,336.1457839786667,330.6293435627122,332.5178527832031,1413100
2026-02-26,333.8398145193486,336.74217780061974,333.01484483653417,335.87744140625,1816000
2026-02-27,337.9448345017145,340.6185769425094,335.26114280036813,338.79962158203125,2218000
2026-03-02,339.68426670026247,343.5805853152007,336.7719845831889,340.68817138671875,1885700
2026-03-03,336.8514757364029,338.8294675897938,332.42839244903604,336.2550964355469,2412700
2026-03-04,335.4798135259247,335.95692303476994,331.8021967694938,332.1202697753906,1531300
2026-03-05,331.9214738703702,333.57144350003216,326.9616460537458,330.4504089355469,1877000
2026-03-06,329.0091799010818,330.2019081567102,320.72951460264557,326.0173645019531,2091100
2026-03-09,324.17857001927956,325.53036522980307,319.80517202403513,322.43914794921875,1737600
2026-03-10,321.395487899824,326.1366442857468,320.32199907044895,323.2740478515625,1243400
2026-03-11,322.02170893622184,324.6457356432884,320.1232503199807,320.80908203125,2219200
2026-03-12,319.3876684435044,328.6911065599676,318.14522422031456,327.56793212890625,2014300
2026-03-13,329.39227945227196,332.40287513264457,327.0495827762032,327.94677734375,2018700
2026-03-16,328.7941459628427,331.3960133013482,327.0296318424401,329.09320068359375,1757000
2026-03-17,331.7150081101662,333.30005889339236,329.5517443332163,329.8408508300781,1559400
2026-03-18,328.74427990497355,330.32933075424813,326.9000584412199,326.9598693847656,1478700
2026-03-19,328.2757301292193,329.3523879241275,321.51681991951654,322.63336181640625,2207700
2026-03-20,321.29750177117455,324.4576551484263,320.1411366220113,321.5766296386719,3736200
2026-03-23,325.8533032053531,328.10628346786154,323.2912895963695,325.3548583984375,1620800
2026-03-24,325.0757164323811,328.47511351891,324.1885005343111,324.5971984863281,1235600
2026-03-25,325.35485620567863,326.89007471897565,321.11807537545053,322.2046813964844,1626300
2026-03-26,322.65329736417857,325.1754268804338,322.4140535911447,323.30126953125,1538600
2026-03-27,323.85952442103485,325.4944379928312,317.3199309791629,318.0975036621094,1643700
2026-03-30,320.8788350224623,326.0427159408645,319.3535951242421,324.3380432128906,1168400
2026-03-31,325.6539482603904,327.4184319503122,319.9716652100584,324.9162292480469,1865800
2026-04-01,323.94922579883877,327.47822339116925,322.94238802163227,326.14239501953125,1212200
2026-04-02,327.2190299253341,329.50191560923577,325.9430124645486,327.3087463378906,982300
2026-04-06,325.6738709276006,327.0296262018307,322.78289712712785,325.8832092285156,1273400
2026-04-07,325.58415331162155,328.55486488440584,324.3579681369014,326.38165283203125,1093800
2026-04-08,324.26825378761305,331.77483139566993,322.01527351525567,331.6053771972656,1252000
2026-04-09,329.75113380343976,335.0944777679364,329.18289944183675,331.9044189453125,1216600
2026-04-10,331.8745237338648,331.9542615167002,323.4906784625901,326.89007568359375,1258600
2026-04-13,326.8900750088379,329.0134547414954,325.63398436751226,328.9536437988281,1638500
2026-04-14,326.48134206145716,327.4084420825148,323.4906732792148,324.726806640625,1334400
2026-04-15,324.2483172922462,328.973564206508,323.64019882347736,326.2520446777344,1560900
2026-04-16,326.2520511475165,327.8869647079602,324.7666953664391,327.39849853515625,1634900
2026-04-17,325.7137414405027,331.3660882879675,325.4146563147321,329.80096435546875,2225200
2026-04-20,330.83774986292804,333.9281137371502,327.48821537762205,328.9635925292969,1325500
2026-04-21,327.78725963839673,330.3193676843198,324.9959809896548,328.2657775878906,2156700
2026-04-22,320.65952268399906,327.61782326760596,319.00468224413873,324.41778564453125,2034300
2026-04-23,325.38474913493917,331.8944368015597,324.77666110091457,331.8446044921875,1702800
2026-04-24,329.7611090105625,330.9673368705726,324.36793279216374,325.1056213378906,1885300
2026-04-27,322.4738510910063,328.90377060449464,322.0850495533778,323.5903625488281,1534200
2026-04-28,328.23587264024354,331.6153124945437,326.27199895196867,329.3125,1619000
2026-04-29,328.7143656413599,329.47201146955047,322.5535952396754,324.7367858886719,2246800
2026-04-30,322.2744795027038,327.6975615427855,320.67945000456376,325.98291015625,2556700
2026-05-01,327.8271467468792,330.4888249072984,324.9860053395939,325.205322265625,1345200
2026-05-04,323.20156096584253,327.60782627840206,321.6464156608581,324.1087341308594,1761000
2026-05-05,323.6202710205975,325.0159103558185,321.45700723401296,321.5666809082031,1295600
2026-05-06,322.24454966378045,325.7336631172166,319.6327038891188,320.89874267578125,1332300
2026-05-07,319.39348472831506,321.6564132473802,317.8582661722258,320.28070068359375,1079300
2026-05-08,321.1280584087677,322.6333714713923,317.55917652969543,318.64581298828125,926900
2026-05-11,320.6993783571185,321.63645696194976,317.22021316241995,319.26385498046875,1275600
2026-05-12,319.61275485210444,323.9093769470298,317.5990488450295,321.038330078125,1605800
2026-05-13,319.22399640532507,323.50066140783093,314.0601154578214,315.027099609375,2211200
2026-05-14,316.8414106205509,319.3137077997348,316.5124504359879,319.0943908691406,969700
2026-05-15,321.32740779719455,324.80657314978606,320.36042367907635,323.1417541503906,1462400
2026-05-18,323.410930120823,330.4090840027669,323.1417504643966,329.3025207519531,1581300
2026-05-19,329.81096305384864,332.99104342197256,326.90006235756204,329.1031799316406,1460200
2026-05-20,330.5685977928353,330.5685977928353,326.471365712737,327.3586120605469,1513900
2026-05-21,325.76357092898974,330.95735704581404,322.34424702147777,329.2327575683594,1026000
2026-05-22,329.97045977867333,330.9474225452801,326.3717029017871,326.8701477050781,1396500
2026-05-26,326.97980054285557,328.7542628776758,322.8028305350352,324.437744140625,1509800
2026-05-27,324.05891325536817,326.910002940887,319.4732149587346,319.6327209472656,1437100
2026-05-28,319.01463965002296,320.30060528544453,315.01710275637754,315.2364196777344,1714000
2026-05-29,314.7977972120156,315.4956321022772,309.7136541587482,310.7604064941406,3970200
2026-06-01,309.1554061074528,312.30558097796154,308.46754983134434,308.81646728515625,1745900
2026-06-02,308.1784671455327,313.4818967238252,307.6500864490418,311.2987060546875,1401800
2026-06-03,311.2189659387898,315.12675612507394,310.65073156666506,311.7772216796875,1788700
2026-06-04,315.76479122483295,318.96479842813596,312.8339332702595,313.52178955078125,2954400
2026-06-05,316.6021630805648,327.5779272656131,315.3261456148424,325.2551574707031,1910800
2026-06-08,324.766677875614,325.2950281226376,320.8489092275343,320.8788146972656,1694000
2026-06-09,320.8788222502449,327.64771100354557,320.60964259367194,324.11871337890625,1720400
2026-06-10,327.9168746524114,332.51252120636633,325.3448823912936,329.5517578125,1431400
2026-06-11,329.5517550534217,331.7549030036267,326.66078125872787,326.9100036621094,1351100
2026-06-12,325.6199951171875,328.6499938964844,319.7099914550781,328.1400146484375,1595300
2026-06-15,324.9599914550781,328.45001220703125,323.70001220703125,326.95001220703125,1408600
2026-06-16,329.5199890136719,331.989990234375,326.0,328.8900146484375,1046100
2026-06-17,327.55999755859375,331.20001220703125,326.1400146484375,327.9599914550781,1432900
2026-06-18,327.989990234375,329.95001220703125,322.0,323.3999938964844,2960200
2026-06-22,325.3699951171875,330.0299987792969,324.57000732421875,325.20001220703125,1755500
2026-06-23,330.8800048828125,333.1700134277344,326.3900146484375,332.1099853515625,1225700
2026-06-24,334.0,337.44000244140625,330.44000244140625,335.1499938964844,1348500
2026-06-25,334.19000244140625,337.8699951171875,330.0199890136719,330.82000732421875,1144300
2026-06-26,335.0199890136719,342.7099914550781,331.4200134277344,341.44000244140625,3340200
2026-06-29,340.0,343.6700134277344,339.19000244140625,343.2900085449219,1500700
2026-06-30,343.3699951171875,344.8500061035156,339.80999755859375,340.739990234375,1343000
2026-07-01,343.7099914550781,352.95001220703125,342.4200134277344,351.7300109863281,2375300
2026-07-02,351.5400085449219,361.3299865722656,349.6000061035156,361.1700134277344,1499200
2026-07-06,359.1199951171875,361.0,353.04998779296875,356.5299987792969,2165800
2026-07-07,357.45001220703125,365.2900085449219,357.45001220703125,359.29998779296875,1596200
2026-07-08,360.8299865722656,360.8599853515625,354.760009765625,355.0899963378906,1347000
2026-07-09,354.32000732421875,355.6099853515625,346.1499938964844,347.79998779296875,1807400
2026-07-10,348.760009765625,348.8699951171875,343.0799865722656,347.8299865722656,1718600
2026-07-13,352.5,355.70001220703125,349.7300109863281,354.739990234375,1649700
2026-07-14,351.67999267578125,354.6700134277344,346.1199951171875,346.2200012207031,1799600
2026-07-15,341.6099853515625,341.6099853515625,334.0400085449219,337.44000244140625,1955600
2026-07-16,338.04998779296875,343.70001220703125,338.0,343.70001220703125,2461900
2026-07-17,348.6000061035156,354.6099853515625,347.45001220703125,352.1600036621094,2985200
2026-07-20,352.2699890136719,354.6600036621094,350.5799865722656,352.5299987792969,1388800
2026-07-21,348.9200134277344,355.5199890136719,348.2699890136719,354.79998779296875,2364800
2026-07-22,345.5,349.9700012207031,338.04998779296875,343.2300109863281,4619100
2026-07-23,343.3900146484375,353.3800048828125,341.7799987792969,353.25,2610600
2026-07-24,355.6300048828125,360.25,353.9800109863281,359.75,2217800
2026-07-27,358.9800109863281,362.0899963378906,357.2300109863281,358.9100036621094,1751300
2026-07-28,361.5299987792969,365.1700134277344,360.3500061035156,363.5,2137800
2026-07-29,365.0,365.9100036621094,360.5899963378906,361.8999938964844,1858300
2026-07-30,358.3599853515625,359.3500061035156,347.0,350.1499938964844,1615500
2026-07-31,349.5899963378906,354.04998779296875,347.010009765625,350.67999267578125,1362600
2026-08-03,350.989990234375,353.6099853515625,346.70001220703125,348.2300109863281,1636400
2026-08-04,344.44000244140625,349.04998779296875,342.2200012207031,348.29998779296875,1521800
2026-08-05,349.3399963378906,352.70001220703125,348.0,352.5400085449219,1367400
2026-08-06,356.2300109863281,356.8500061035156,351.3699951171875,354.0299987792969,1629900
2026-08-07,350.8800048828125,352.6199951171875,348.20001220703125,350.30999755859375,1354600
2026-08-10,350.1000061035156,351.25,345.5,348.29998779296875,1277900
2026-08-11,346.70001220703125,349.6400146484375,346.55999755859375,347.07000732421875,1103900
2026-08-12,344.1700134277344,348.70001220703125,342.7799987792969,343.3299865722656,1203600
