date,open,high,low,close,volume
2004-01-02,11.8898849624278,12.236897463064752,11.886730839393078,11.965597152709961,914600
2004-01-05,12.034997586876353,12.271596481480179,12.025532812777337,12.22743034362793,975400
2004-01-06,12.224271448350926,12.328375498964224,12.082311926334489,12.296828269958496,706800
2004-01-07,12.268437294715227,12.271592619556639,11.918270848355792,12.07284927368164,879400
2004-01-08,12.16433898114058,12.189575572274743,11.90881172675811,12.082317352294922,748200
2004-01-09,12.094930017945714,12.129631365854907,11.861485352358926,11.918269157409668,578800
2004-01-12,11.940354884801623,12.044458957041453,11.738457390837821,11.852025032043457,1015000
2004-01-13,11.751073509670157,11.924579052353673,11.735300497317782,11.893033027648926,853600
2004-01-14,11.956135261370152,12.063393510699022,11.814175636757733,11.855186462402344,973200
2004-01-15,11.60596710556195,11.899349891140442,11.546027936492598,11.747926712036133,2043000
2004-01-16,11.811016746614918,12.123327826541258,11.760542362358606,12.120172500610352,925000
2004-01-20,12.09808519547176,12.306292097706145,12.069693290466901,12.252663612365723,981200
2004-01-21,12.224274158585713,12.495574371166063,12.1359443045936,12.318913459777832,816400
2004-01-22,12.284212841644742,12.391471043696054,12.208501877493275,12.214811325073242,517600
2004-01-23,12.192724224039829,12.35676498512725,12.180105333678144,12.340991973876953,474400
2004-01-26,12.293675727753467,12.334685325622559,12.06338634175021,12.334685325622559,576000
2004-01-27,12.363076582092521,12.366231906933933,12.047611488565654,12.07284927368164,661000
2004-01-28,12.151715761491381,12.296829418257483,11.94035351932871,11.952972412109375,622800
2004-01-29,11.95613198981555,12.129637615352362,11.924584746642497,12.082317352294922,764000
2004-01-30,11.99398423145562,12.091778853712727,11.92773684383175,11.959282875061035,714800
2004-02-02,11.971899276861771,12.284209012595202,11.858331662630086,12.07600212097168,1181600
2004-02-03,12.047610838494194,12.224271714562256,12.025528379411158,12.183260917663574,1096000
2004-02-04,12.085467156295735,12.684850061865967,12.050765806363048,12.646994590759277,2757400
2004-02-05,12.66277539898991,12.7416417143333,12.337846564864575,12.42933177947998,1219600
2004-02-06,12.49557112068885,12.738479359383359,12.426168422946507,12.713241577148438,957200
2004-02-09,12.672237396240233,12.70062931437015,12.546052029421743,12.672237396240234,615000
2004-02-10,12.574438126257768,12.870974864575071,12.363075899494639,12.83311939239502,932400
2004-02-11,12.804728228203237,13.000316249753283,12.6722322628021,12.952997207641602,991400
2004-02-12,12.918294604366487,13.028706895344195,12.722706601747241,12.738479614257812,874800
2004-02-13,12.700626042218929,12.836276149068453,12.479801406328086,12.549202919006348,1237000
2004-02-17,12.527116206984958,12.716395949361571,12.467178283771013,12.564972877502441,993800
2004-02-18,12.511345048359606,12.593365439817287,12.176951629700925,12.419859886169434,1106800
2004-02-19,12.43248011650416,12.615450460580345,12.372542177963982,12.423016548156738,1307400
2004-02-20,12.413555743387288,12.684856021148853,12.397782723299724,12.596526145935059,1797600
2004-02-23,12.473492523363372,12.574441276738364,12.344151857888914,12.391470909118652,1193200
2004-02-24,12.508200058804112,12.62492188688621,12.388322903706342,12.520817756652832,1179600
2004-02-25,12.508193317143196,12.55866769154739,12.3788526575197,12.549202919006348,615200
2004-02-26,12.587059850816857,12.624915331516224,12.467182757964153,12.574440956115723,670600
2004-02-27,12.482957961608587,12.612298646445154,12.394628090033638,12.495576858520508,780000
2004-03-01,12.498723807667629,12.757405028876134,12.454558897227672,12.722704887390137,800600
2004-03-02,12.672236426486418,12.95300146357617,12.533432172586895,12.587061882019043,1085000
2004-03-03,12.58075027942611,12.637534101617318,12.426171829371377,12.561821937561035,1147400
2004-03-04,12.495576153763658,12.650153420301583,12.495576153763658,12.640689849853516,707400
2004-03-05,12.501888892232358,12.766879765158707,12.501888892232358,12.615456581115723,1344400
2004-03-08,12.587055776299977,12.662766713190559,12.281054297574462,12.514497756958008,2625200
2004-03-09,12.429331010145248,12.66592994153072,12.429331010145248,12.53343391418457,1287600
2004-03-10,12.451413913750937,12.602837090694255,12.27159881591797,12.271598815917969,1292200
2004-03-11,12.3348854289782,12.578545447919051,12.230460396362478,12.271596908569336,1407400
2004-03-12,12.401334574830551,12.572213172912598,12.277922656369451,12.572213172912598,867200
2004-03-15,12.372852633662925,12.527909380325712,12.24627685546875,12.24627685546875,770000
2004-03-16,12.325392778786496,12.376023354531608,12.107047440094087,12.192486763000488,860400
2004-03-17,12.243117826483413,12.534244553961736,12.116541985642215,12.4329833984375,850400
2004-03-18,12.40449680625555,12.499428936499662,12.341208317050299,12.429811477661133,815200
2004-03-19,12.423483341930178,12.445635340697324,12.113371051849041,12.116536140441895,668600
2004-03-22,12.11654116304728,12.167171737372076,11.860223201518439,11.904524803161621,946600
2004-03-23,12.18299386441899,12.502599146349185,12.107047397504411,12.385516166687012,1904400
2004-03-24,12.363357722863219,12.885486191433785,12.363357722863219,12.841184616088867,2494200
2004-03-25,12.891815618709584,12.996240591859952,12.78738943843178,12.986747741699219,1144200
2004-03-26,12.869665868423619,12.9740920669201,12.84751507609909,12.879159927368164,527000
2004-03-29,12.838020391953455,13.135474708662207,12.819033483901949,12.948774337768555,965400
2004-03-30,12.95827146548959,13.113327026367188,12.847516286306403,13.113327026367188,853400
2004-03-31,13.116494762601123,13.148138416109813,12.95827408080166,13.132316589355469,752200
2004-04-01,13.439259911959331,13.575329742366167,13.356984513182969,13.474068641662598,2260600
2004-04-02,13.543682902836228,13.730383256147359,13.543682902836228,13.705068588256836,1048600
2004-04-05,13.720888921279375,13.812657147594162,13.606969910285466,13.790506362915039,605000
2004-04-06,13.781021504176444,13.974050934166923,13.768363559590306,13.875953674316406,1427800
2004-04-07,13.86329870241782,13.920258253181485,13.521541397835827,13.660775184631348,1445800
2004-04-08,13.752540366120089,13.755705455516193,13.23041287865913,13.325345039367676,989200
2004-04-12,13.369645148876115,13.527865801525536,13.214588378143457,13.429768562316895,881800
2004-04-13,13.410778585943895,13.461409130383473,13.186104413311327,13.243063926696777,940000
2004-04-14,13.17978081309439,13.268383992058832,13.097505397946453,13.227246284484863,1364400
2004-04-15,13.211424062155103,13.372808591418876,13.119655796922888,13.274712562561035,745800
2004-04-16,13.148134202239596,13.293696893132722,13.106996500160195,13.179779052734375,864000
2004-04-19,13.195603963743181,13.315852009520304,12.996245583899405,13.312686920166016,477400
2004-04-20,13.220918989336997,13.43926428964364,13.08484911460698,13.287372589111328,984200
2004-04-21,13.144974163853979,13.262057127096304,12.901314175881378,13.148138046264648,1015200
2004-04-22,13.106992230992201,13.448749262254077,12.977251404041427,13.284199714660645,903200
2004-04-23,13.217754193543229,13.293699434996812,12.929792638182041,13.25572681427002,1003000
2004-04-26,13.290532468558371,13.4962197634228,13.005734861381093,13.141804695129395,502400
2004-04-27,13.236736478864872,13.442422542411471,13.091172603911712,13.208256721496582,1039600
2004-04-28,13.176612082928028,13.249393417983775,12.951939108565401,13.10699462890625,1414200
2004-04-29,13.138647266780184,13.448759698502029,12.9234670150339,13.050044059753418,1163000
2004-04-30,13.078515983677754,13.26205126050739,12.898143380731781,12.986747741699219,740600
2004-05-03,12.951941522372517,13.271546679974684,12.888653025751271,13.144970893859863,1556200
2004-05-04,13.084852421684952,13.119661171524356,12.853850326629543,12.945618629455566,1168400
2004-05-05,12.942455641712806,13.119662079149762,12.74309719246791,13.088018417358398,886000
2004-05-06,13.053200201436653,13.258887475340574,12.89497959293439,13.10699462890625,1229800
2004-05-07,13.021561818406076,13.258892826952033,12.910806623474535,13.043712615966797,1420600
2004-05-10,12.951936354797454,13.034210522589884,12.825359412056745,12.926620483398438,1189000
2004-05-11,12.92030051106013,13.012067582380979,12.61335202451739,12.736763954162598,1086800
2004-05-12,12.667144378883847,12.828530111838496,12.578541204479077,12.806379318237305,1302200
2004-05-13,12.857006980593766,12.920295465399015,12.616510979759312,12.755745887756348,572600
2004-05-14,12.803213267541064,12.866501761844749,12.594362081328242,12.71461009979248,611000
2004-05-17,12.698788027141129,12.711444760049739,12.467786053554475,12.540567398071289,1232800
2004-05-18,12.562718375727949,12.607019959383559,12.3285513100985,12.51208782196045,1714400
2004-05-19,12.591197145620596,12.67663642470801,12.300070579049313,12.328550338745117,1778200
2004-05-20,12.404502482535767,12.467791000701741,12.341213964369793,12.360200881958008,864000
2004-05-21,12.423486850686844,12.572214671238212,12.347541602795726,12.569050788879395,1068000
2004-05-24,12.638662674832904,12.705116252564645,12.572210304228696,12.654485702514648,920000
2004-05-25,12.689295796274347,13.170286722782315,12.644994206894154,13.167122840881348,1362200
2004-05-26,13.075356853069565,13.154467192793911,12.974095714792641,13.059535026550293,588600
2004-05-27,13.081681599350432,13.129148270703158,12.8633375668086,13.015229225158691,775000
2004-05-28,12.986751373293815,13.157629966735838,12.964600578639603,13.15762996673584,499400
2004-06-01,13.065860777496603,13.274711974596304,12.986750457275086,13.258890151977539,1302800
2004-06-02,13.344566949154856,13.408037189805308,13.262056483725171,13.34774112701416,786600
2004-06-03,13.29697007427136,13.341398895912853,13.17320251464844,13.173202514648438,552400
2004-06-04,13.236672337103656,13.376307155426831,13.138294581206386,13.223978042602539,823800
2004-06-07,13.274759828705774,13.465169469941658,13.223982633074899,13.427087783813477,706000
2004-06-08,13.439781320701615,13.661926716621272,13.38900533397098,13.655579566955566,765800
2004-06-09,13.55720319285345,13.60163203456939,13.461997148496275,13.487385749816895,568200
2004-06-10,13.560372414274514,13.627015658426462,13.484209052556517,13.573066711425781,761800
2004-06-14,13.550854040623923,13.582588576991336,13.427087653958065,13.446127891540527,729200
2004-06-15,13.569898223997866,13.78252355338961,13.55720513211704,13.690491676330566,789400
2004-06-16,13.719043278034938,13.760299125792262,13.531806689714081,13.680961608886719,541400
2004-06-17,13.630186146045496,13.700002340276964,13.487378368262643,13.6428804397583,484600
2004-06-18,13.598452219105026,13.801557313720728,13.550850427247074,13.646055221557617,1031800
2004-06-21,13.630190741641893,13.655578127032712,13.493730064705948,13.515944480895996,765000
2004-06-22,13.538159396228215,13.728569030761719,13.328708314003388,13.728569030761719,739000
2004-06-23,13.722218584462716,14.017353057861328,13.715871437317274,14.017353057861328,1069800
2004-06-24,14.061785033437301,14.061785033437301,13.7920366901096,13.86820125579834,578800
2004-06-25,13.852338312253604,14.280760647438735,13.852338312253604,14.255372047424316,1772800
2004-06-28,14.280764585199309,14.518777328285964,14.233161552343812,14.483868598937988,1760400
2004-06-29,14.423566196261605,14.652057506984095,14.309319935602918,14.34740161895752,1330000
2004-06-30,14.169690188907788,14.54733657836914,14.1569958874313,14.54733657836914,1519200
2004-07-01,14.683796304092548,14.836124279768486,14.36644605211889,14.445783615112305,1465200
2004-07-02,14.49973308446771,14.550509078137251,14.353752253992175,14.452131271362305,663400
2004-07-06,14.468000435558928,14.57589958754988,14.33471267811347,14.423571586608887,1317800
2004-07-07,14.398174391662037,14.579063860528779,14.366439864371058,14.57271671295166,566400
2004-07-08,14.598111396329394,14.598111396329394,14.156994745657268,14.188729286193848,1162200
2004-07-09,14.128436946114354,14.3823169699583,14.128436946114354,14.33471393585205,694800
2004-07-12,14.318831954635174,14.452119586877153,14.0903407731541,14.325179100036621,981400
2004-07-13,14.337881964688737,14.43308678145316,14.249024297121267,14.414045333862305,816200
2004-07-14,14.328358208073476,14.515594824760008,14.290275322561401,14.379134178161621,595800
2004-07-15,14.347408014265913,14.725055678733394,14.29663201029492,14.594942092895508,759000
2004-07-16,14.594943415058722,14.64571942362954,14.388665199279785,14.388665199279785,775600
2004-07-19,14.496559128330764,14.601284078514603,14.43943598801409,14.540987968444824,978800
2004-07-20,14.550505469323856,14.804386585299204,14.534638202224118,14.798039436340332,909600
2004-07-21,14.556844770830834,14.636182274154342,13.861848677530828,14.128422737121582,3507400
2004-07-22,14.15381619483635,14.172857639635762,13.963406589221233,14.080825805664062,1459400
2004-07-23,14.042749835957592,14.163343280860166,13.899941968388127,13.934850692749023,723000
2004-07-26,13.91263004991083,14.153815621289539,13.804730954942663,13.839639663696289,899800
2004-07-27,13.912629922768982,13.963405895784412,13.531809519855925,13.725393295288086,1187800
2004-07-28,13.661925779734485,13.820600878710717,13.525465097767333,13.728569030761719,1376400
2004-07-29,13.798383304541273,14.039570077733195,13.693658392688072,13.966578483581543,1006000
2004-07-30,13.91898051411407,13.9951438871818,13.658753436708512,13.877724647521973,699800
2004-08-02,13.836462286584826,14.093516273875109,13.788860503408833,14.036393165588379,1137800
2004-08-03,13.995147238899591,14.21094553193165,13.96341269428705,13.972932815551758,889000
2004-08-04,14.02369886230421,14.106210556700328,13.87137097718186,13.991964340209961,807600
2004-08-05,13.991969321322372,13.991969321322372,13.595281600952148,13.595281600952148,1046600
2004-08-06,13.563548259779704,13.582588497250386,13.055787206717334,13.081175804138184,1925000
2004-08-09,13.52863722904052,13.833293082398109,13.087520714379995,13.335053443908691,2024000
2004-08-10,13.404869254524128,13.68731066031899,13.341398990047903,13.636534690856934,1097400
2004-08-11,13.566722913383714,13.738092335464017,13.487385352486733,13.623846054077148,771200
2004-08-12,13.534988152500407,13.62067165154791,13.331882983016996,13.33823013305664,924200
2004-08-13,13.392178769040573,13.54450672075786,13.122430370932815,13.201767921447754,787200
2004-08-16,13.262064041445138,13.423912097272526,13.185899467141471,13.274758338928223,1322800
2004-08-17,13.246196196619325,13.389002799987791,13.166858656705827,13.389002799987793,998600
2004-08-18,13.328708753083205,13.582588677689605,13.227156783240646,13.56037425994873,956600
2004-08-19,13.522295428067183,13.554029971368102,13.31284429473353,13.414396286010742,785800
2004-08-20,13.417565521053673,13.544506080111347,13.23667601128317,13.500077247619629,617200
2004-08-23,13.500079432579897,13.684141941349283,13.255719603731418,13.33823013305664,922800
2004-08-24,13.47151371779415,13.541329925559085,13.306491499322522,13.398523330688477,906400
2004-08-25,13.45564899699597,13.65875293179524,13.385831565435618,13.592109680175781,804200
2004-08-26,13.525466933615498,13.792041184502205,13.455650703794165,13.481038093566895,855200
2004-08-27,13.554032938801825,13.655584952312187,13.449307954504789,13.585768699645996,562800
2004-08-30,13.522283380857294,13.814244793017567,13.32869969164078,13.34774112701416,704000
2004-08-31,13.328703501725958,13.541327476501467,13.328703501725958,13.541327476501465,798800
2004-09-01,13.46813261975139,13.805472864920343,13.445855559731704,13.617708206176758,850200
2004-09-02,13.620892406828466,13.935955644803933,13.592250294285241,13.88503646850586,758200
2004-09-03,13.891404446702735,13.939140501668701,13.748193853786475,13.795929908752441,780000
2004-09-07,13.859574586631734,14.16508960723877,13.81183854754182,14.16508960723877,1078200
2004-09-08,14.177825398380342,14.231927721225226,13.970966717879762,14.037797927856445,837200
2004-09-09,14.075983821146115,14.225559440567467,14.02188272459481,14.107809066772461,617200
2004-09-10,14.145999381657996,14.228742599487305,14.002788798867757,14.228742599487305,607200
2004-09-13,14.212828307578093,14.317849789485654,14.19691629292786,14.273294448852539,762400
2004-09-14,14.273293501260385,14.298753694217597,14.085528827231812,14.177820205688477,1152200
2004-09-15,14.206461812323715,14.301935104512316,14.133265581178827,14.16508960723877,839400
2004-09-16,14.193733161592473,14.298754643500034,14.155544083630133,14.273294448852539,610200
2004-09-17,14.343314244942306,14.505620012749656,14.32103717312708,14.384686470031738,1028800
2004-09-20,14.422871216170657,14.540621590853561,14.30193770989662,14.467425346374512,671200
2004-09-21,14.543806877361327,14.639280201088328,14.448333553634326,14.581995964050293,871400
2004-09-22,14.591534781455124,14.591534781455124,14.184181513627378,14.298749923706055,958600
2004-09-23,14.22555369014516,14.368764202550988,14.177816448007052,14.203276634216309,895800
2004-09-24,14.25102659353967,14.623374289785998,14.171465254872729,14.521535873413086,874200
2004-09-27,14.46424170591426,14.585175197783554,14.356038310875178,14.445146560668945,816800
2004-09-28,14.46742978051866,14.470612913085395,14.333767348940695,14.426058769226074,881800
2004-09-29,14.397410548829106,14.76657485961914,14.346491375410094,14.76657485961914,1126600
2004-09-30,14.722019287625033,14.81112875020467,14.626545990726482,14.763391494750977,758400
2004-10-01,14.906611633979127,15.196214842095323,14.817503328100178,15.158025741577148,1148600
2004-10-04,15.107104692239954,15.301234518360376,15.024360234872495,15.06255054473877,832200
2004-10-05,15.091184384653557,15.355328441079298,15.065725404015152,15.202570915222168,1360000
2004-10-06,15.218493307772457,15.272595651287373,15.084830836752769,15.119836807250977,1171800
2004-10-07,15.062535707686315,15.132548778790559,14.858857897723382,14.874771118164062,621200
2004-10-08,14.893876080856522,15.021174654696587,14.807949725615854,14.903424263000488,798600
2004-10-11,14.954344860613425,15.01799293952921,14.830228193105354,14.881147384643555,567600
2004-10-12,14.865231304223089,14.868414435704924,14.610635416079296,14.776123046875,788200
2004-10-13,14.68700965262679,14.90659830172123,14.502426939526236,14.620177268981934,913800
2004-10-14,14.674286614944918,14.906605469201226,14.671103483045878,14.680651664733887,711200
2004-10-15,14.67428531169581,15.173930142668851,14.671102180079467,15.052996635437012,1281600
2004-10-18,15.040261898109652,15.37123707160385,14.982978900782417,15.294858932495117,954800
2004-10-19,15.27258956284255,15.294866632465038,14.722024230717503,14.85250473022461,1325800
2004-10-20,15.524001052087167,16.074565123138058,15.399885613654945,16.052288055419922,5500200
2004-10-21,15.870890688912255,16.806532525127757,15.84861361795563,16.634679794311523,2795000
2004-10-22,16.510556168570066,16.905179413696715,16.443723774758908,16.485095977783203,1914800
2004-10-25,16.526465758613895,16.70150029558922,16.319605987819443,16.656946182250977,1186200
2004-10-26,16.637857768235598,17.261619249168003,16.628310801234523,17.217063903808594,2176600
2004-10-27,17.201146667467082,17.264795927513102,16.691955015116243,17.134315490722656,1894000
2004-10-28,17.042021798035776,17.143860114604507,16.847892127698977,17.057933807373047,1051800
2004-10-29,16.949746028912966,17.27435641669586,16.793806494415353,17.166152954101562,1169200
2004-11-01,17.057943725054383,17.29344572779841,16.88609222468355,17.013389587402344,1274400
2004-11-02,16.647398994947636,16.917906801720807,16.51055352638939,16.663311004638672,2154800
2004-11-03,16.819257924505628,17.029299702826478,16.75242672549651,17.02293586730957,1270800
2004-11-04,17.057941929040762,17.36664015599764,17.022935977435047,17.287078857421875,1676200
2004-11-05,17.344370088212266,17.621243179055547,17.325274931805655,17.458938598632812,1105000
2004-11-08,17.500300046330697,17.503481963432897,17.274345083792408,17.44938087463379,1047200
2004-11-09,17.503487778012303,17.503487778012303,17.245708702783713,17.36982536315918,1200800
2004-11-10,17.382552029349675,17.455748277753766,17.236159532541485,17.334815979003906,1077600
2004-11-11,17.360267578054007,17.583039360261747,17.264794303967417,17.519390106201172,1017600
2004-11-12,17.334810032014754,17.341175079345703,17.035658877503415,17.341175079345703,1242200
2004-11-15,16.866993952602222,16.91154808200917,16.44372729521827,16.571025848388672,1904000
2004-11-16,16.501020006958388,16.583764473265987,16.310073293034026,16.40236473083496,1460000
2004-11-17,16.325974110203042,16.889268107829874,16.325974110203042,16.676044464111328,925200
2004-11-18,16.64740783506586,16.76197509408402,16.602852484659216,16.672866821289062,706200
2004-11-19,16.691958168296225,16.742877343150152,16.335523944318737,16.472368240356445,974400
2004-11-22,16.456461258913862,16.77788963486771,16.389630049104976,16.733335494995117,1157600
2004-11-23,16.644219041493965,16.822436740472213,16.48509648619477,16.793794631958008,865600
2004-11-24,16.87972141240268,17.067486081276265,16.844714255052025,16.98155975341797,764600
2004-11-26,17.000654698601537,17.022932975161957,16.80016113563746,16.80652618408203,261400
2004-11-29,16.822443009268728,16.97838249172708,16.755611802500862,16.933828353881836,821800
2004-11-30,16.898824356982303,17.1215963020405,16.796985961643028,17.105684280395508,985200
2004-12-01,16.99397869937239,17.568422806292457,16.990787877528923,17.389707565307617,1441200
2004-12-02,17.39289994860883,17.41204853360754,17.105677260660073,17.198226928710938,968200
2004-12-03,17.12801477062296,17.510977906334013,17.041849191188753,17.415237426757812,1587000
2004-12-06,17.434386632268474,17.619484737072025,17.28439243788507,17.290775299072266,951000
2004-12-07,17.27482099942167,17.44396258193789,16.923770892949673,16.933345794677734,825800
2004-12-08,17.032276359046712,17.488640625089896,16.9301530061118,17.376943588256836,798600
2004-12-09,17.360975809379557,17.408845415303155,17.083326981919157,17.277999877929688,774200
2004-12-10,17.23652079211976,17.23652079211976,16.866323382193105,16.9780216217041,623200
2004-12-13,16.978021096546527,17.22056371593159,16.94610679307073,17.21737289428711,533000
2004-12-14,17.175883476601026,17.565229424704462,17.15035325335492,17.555654525756836,919000
2004-12-15,17.501402142001798,17.552463806196304,17.242901782226163,17.402469635009766,700800
2004-12-16,17.40247111080289,17.4375762361773,17.1790770718861,17.281200408935547,691200
2004-12-17,17.463113363402087,17.5524710080548,17.33865058194821,17.373754501342773,1006000
2004-12-20,17.4918366055742,17.533323390084092,17.313120088970045,17.44077491760254,817400
2004-12-21,17.440767848929035,17.823729744800247,17.440767848929035,17.625865936279297,1180200
2004-12-22,17.68969495072366,17.826923422406843,17.558849340212518,17.766286849975586,708000
2004-12-23,17.696076436897567,17.871600844568338,17.68011989391044,17.753520965576172,768400
2004-12-27,17.772671972612667,17.83649937504845,17.43438880929397,17.57480812072754,1152200
2004-12-28,17.699267770468538,17.989681243896484,17.60033647064314,17.989681243896484,971600
2004-12-29,17.77266510371744,17.996060317200225,17.766282244200106,17.938615798950195,1086000
2004-12-30,17.877980459644483,17.98648663662721,17.877980459644483,17.938615798950195,890600
2004-12-31,17.871605068902625,17.871605068902625,17.673741210799303,17.718420028686523,626600
2005-01-03,17.884360547436284,17.903507905614845,17.424804472658238,17.52373695373535,1941200
2005-01-04,17.67693898015452,17.788637286176037,17.38014246765646,17.447160720825195,1675600
2005-01-05,17.389708595479274,17.823732218872916,17.389708595479274,17.60352897644043,1448600
2005-01-06,17.603530711873425,17.897136281468008,17.587574165325197,17.600339889526367,1552400
2005-01-07,17.680126545145033,17.801397291394,17.364181518554688,17.364181518554688,1181400
2005-01-10,17.322694561904708,17.775868128469362,17.31312087541472,17.651405334472656,1423200
2005-01-11,17.56204702156936,17.69289268318687,17.555664157904268,17.619491577148438,1032800
2005-01-12,17.584383215181926,17.59714894017412,16.933347066865075,17.048234939575195,1999800
2005-01-13,16.981211668107168,17.009933932109288,16.601440592884597,16.614206314086914,1927400
2005-01-14,16.60463611252917,16.706759476229706,16.43868534216417,16.59825325012207,1734000
2005-01-18,16.569532440650203,16.738675265852905,16.45783538218235,16.68442153930664,1067600
2005-01-19,16.72272323249799,16.840803185819617,16.47379637905978,16.55996322631836,992000
2005-01-20,16.534428586666987,16.799310705269125,16.429113173341097,16.467409133911133,873200
2005-01-21,16.473790844185135,16.69080330124136,16.36209379308556,16.40677261352539,1019800
2005-01-24,16.43230383622398,16.611019115509055,16.279117571970296,16.288692474365234,692000
2005-01-25,16.336563856745048,16.72590998649713,16.291885032164974,16.441879272460938,829600
2005-01-26,16.579103514162433,16.611016604236813,16.36528191496375,16.52804183959961,858000
2005-01-27,16.46740103330035,16.61101233655129,16.25677152766765,16.387617111206055,975000
2005-01-28,16.451446899099235,16.451446899099235,16.090823177602488,16.199329376220703,1747000
2005-01-31,16.34612824814846,16.476973814876224,16.2152826814207,16.43548583984375,1360800
2005-02-01,16.461023126116558,16.57272015543198,16.365281423953267,16.499319076538086,1201200
2005-02-02,16.483360635888495,16.5854839702028,16.403576704867554,16.489742279052734,1127200
2005-02-03,16.524848009487627,16.57590967851732,16.28549620764728,16.374855041503906,981600
2005-02-04,16.355704021001177,16.47378388476691,16.275920098947513,16.397192001342773,810200
2005-02-07,16.43549322000094,16.700376510620117,16.384431542188455,16.700376510620117,1746400
2005-02-08,16.69399487704231,17.080148919999882,16.68441997478104,17.032278060913086,2723400
2005-02-09,17.07376972348472,17.172702285382567,16.32380088614483,16.591875076293945,2265400
2005-02-10,16.60463637466671,16.73548201256159,16.253587458579926,16.342945098876953,1920000
2005-02-11,16.3301781609964,16.815264718907223,16.285499344166244,16.706758499145508,1070400
2005-02-14,16.69080221146359,16.764203299880307,16.4961291773379,16.617401123046875,681400
2005-02-15,16.713135253991474,17.172691413246003,16.65888277263838,17.060993194580078,1194200
2005-02-16,17.035473654158658,17.345034630628653,16.946114779718087,17.246103286743164,1308600
2005-02-17,17.262054420202624,17.35141204919464,16.978023770272532,17.09610366821289,823600
2005-02-18,17.14078476630821,17.306735540406912,16.86313694108853,16.904624938964844,1007000
2005-02-22,16.821652098373377,16.888670341616272,16.53123849358072,16.582300186157227,1345000
2005-02-23,16.719523167735797,17.016319537835777,16.65888780835218,16.917387008666992,993600
2005-02-24,16.82164567479127,17.306732177734375,16.75781827909233,17.306732177734375,952400
2005-02-25,17.316305360755436,17.520553264572897,17.20779915642371,17.49502182006836,773000
2005-02-28,17.530125236546997,17.68650105795239,17.36098369413532,17.456724166870117,1084400
2005-03-01,17.536508196879122,17.660970933883494,17.450341405705444,17.56203842163086,911200
2005-03-02,17.536511063125047,17.708844673639383,17.33545518419165,17.453535079956055,1042200
2005-03-03,17.542902268892124,17.55247595711669,17.115260078695183,17.214191436767578,951200
2005-03-04,17.35780079633319,17.459924183352445,17.207806539033182,17.316312789916992,840600
2005-03-07,17.386507451837826,17.680112838745117,17.239705367087037,17.680112838745117,843200
2005-03-08,17.70884490778242,17.83969052844228,17.555658662584477,17.58119010925293,1093600
2005-03-09,17.67719101980947,17.74439221129052,17.360383484537227,17.552387237548828,868000
2005-03-10,17.664398033172912,17.664398033172912,17.1363856544478,17.312389373779297,706800
2005-03-11,17.369991275350362,17.568396627985166,17.171587143446207,17.289989471435547,780400
2005-03-14,17.373187607626047,17.488390371247824,17.24838502061257,17.353986740112305,983400
2005-03-15,17.392383073827315,17.469185304691106,17.133178138713376,17.197179794311523,629600
2005-03-16,17.136381639903014,17.29318567138821,16.81317497435602,16.912376403808594,724400
2005-03-17,16.89638003595428,17.193986831728132,16.83557910698512,17.03398323059082,708200
2005-03-18,17.040379607234485,17.165182192139632,16.800374260653715,16.87397575378418,1052800
2005-03-21,16.84837535588384,16.934776204039093,16.633969950709286,16.77477264404297,1036400
2005-03-22,16.822778740451128,16.886780425868352,16.56037292889805,16.621173858642578,954800
2005-03-23,16.637168062367234,16.653168171678846,16.29155984173193,16.429162979125977,954600
2005-03-24,16.416362316566357,16.80037104166471,16.336360549701286,16.64036750793457,1011800
2005-03-28,16.64676594930581,16.816369285613664,16.550764083862305,16.550764083862305,757200
2005-03-29,16.576359150513117,16.653161352783137,16.21475096863229,16.352354049682617,999400
2005-03-30,16.36836690357558,16.665973663330078,16.33956621002739,16.665973663330078,887200
2005-03-31,16.723572409249318,16.72677316422195,16.438766253202417,16.489967346191406,613000
2005-04-01,16.621170455097708,16.800374893423825,16.23396210767218,16.390766143798828,1176000
2005-04-04,16.34916200368124,16.477165325833955,16.07715647001941,16.313961029052734,1094800
2005-04-05,16.32036820433012,16.467571232413423,16.31076837837315,16.387569427490234,1194400
2005-04-06,16.464361892752493,16.521963255653827,16.26915740966797,16.26915740966797,759200
2005-04-07,16.320367278334334,16.342767684783404,16.121963155186602,16.262765884399414,855600
2005-04-08,16.163547196182368,16.297950722428435,15.830740964114185,15.878741264343262,1722600
2005-04-11,15.926763117272605,16.05156576621135,15.616355652464273,15.74755859375,1768800
2005-04-12,15.705949667961088,16.03235584847907,15.686748801747571,15.965154647827148,1785600
2005-04-13,15.901159717725674,15.917161056714388,15.433949428501512,15.558752059936523,1596600
2005-04-14,15.606740560264335,15.606740560264335,15.200331549198202,15.376335144042969,1910000
2005-04-15,15.411546223233167,15.632350744893985,15.235542512860293,15.309144020080566,1379200
2005-04-18,15.286744317311772,15.574750069146836,15.101139552607092,15.437148094177246,1512200
2005-04-19,15.437141651959514,15.73474710510672,15.405140212401143,15.680346488952637,1535000
2005-04-20,15.734754086519425,15.734754086519425,15.405147047569251,15.427547454833984,1119200
2005-04-21,15.542745420130663,15.7731509327081,15.542745420130663,15.673948287963867,1497400
2005-04-22,15.600345555589923,15.747548523241788,15.184336584920224,15.273938179016113,1175000
2005-04-25,15.341144968690514,15.478748164503031,15.23554322581731,15.360345840454102,1450600
2005-04-26,15.283540269776651,15.395543499752847,15.136337280273436,15.136337280273438,1301400
2005-04-27,15.523548809388313,16.275566465436196,15.449947299522712,16.262765884399414,3785600
2005-04-28,16.246758281766876,16.50916396844822,16.10595561743763,16.253158569335938,1978000
2005-04-29,16.29476795137155,16.531573844298624,16.275568298384716,16.512372970581055,1516000
2005-05-02,16.457966278859608,16.87397529070347,16.457966278859608,16.77477264404297,1588800
2005-05-03,16.73956478650115,16.963568685522954,16.73956478650115,16.87076759338379,1264600
2005-05-04,16.928375112144845,17.491587038879555,16.78117092679122,17.4307861328125,3049800
2005-05-05,17.39558555283799,17.66439155641918,17.328384357125234,17.619590759277344,1882800
2005-05-06,17.622785853010715,17.75078914464872,17.600385460083544,17.651586532592773,1380400
2005-05-09,17.62278627059515,17.68038763112417,17.46918304942772,17.670787811279297,922000
2005-05-10,17.517189885801088,17.62279159820923,17.41478648666828,17.52998924255371,1639000
2005-05-11,17.565188431392134,17.725191971442317,17.46278626341843,17.689990997314453,1568800
2005-05-12,17.64839394315628,17.718794682598542,17.46598997428211,17.603591918945312,1619200
2005-05-13,17.613192503083184,17.760395488026692,17.216383129832966,17.408388137817383,1355800
2005-05-16,17.395590603539063,17.760398595591077,17.369989443036207,17.731597900390625,975800
2005-05-17,17.635589103853224,17.830793603909775,17.520386368034274,17.827592849731445,894600
2005-05-18,17.859591643712655,18.374801903711543,17.840390783675545,18.355602264404297,1577400
2005-05-19,18.28840465387546,18.560410176795074,18.28840465387546,18.528409957885742,837800
2005-05-20,18.45160709628293,18.637211777692347,18.39080619412988,18.560409545898438,1095200
2005-05-23,18.496406479625016,18.710811829022706,18.496406479625016,18.538007736206055,825200
2005-05-24,18.595614446853666,19.018023759142388,18.480411685187597,18.970022201538086,1997800
2005-05-25,18.950815544842143,18.950815544842143,18.541205741470133,18.694808959960938,740800
2005-05-26,18.755615489889184,19.07562257561811,18.730014337080394,18.90601921081543,1280400
2005-05-27,18.710817013093056,18.710817013093056,18.3684094865676,18.602014541625977,1134200
2005-05-31,18.53480505731962,18.57000602302244,18.093196271402004,18.2947998046875,1337800
2005-06-01,18.294811572895252,18.55081831696404,18.256411049577185,18.48361587524414,936400
2005-06-02,18.454809771950867,18.528412482786486,18.31400708054023,18.34280776977539,861000
2005-06-03,18.38440948607336,18.4228099990823,18.218005635394213,18.240406036376953,802200
2005-06-06,18.243602314334932,18.34920523217417,18.227602205164462,18.298004150390625,556600
2005-06-07,18.323604030747763,18.458007633017882,18.080399198124315,18.096399307250977,832000
2005-06-08,18.166997344759206,18.166997344759206,17.765924453389704,17.81084442138672,1102600
2005-06-09,17.769124960143436,17.871799471787913,17.637573165600408,17.798002243041992,1034000
2005-06-10,17.833297841350074,17.836505884530016,17.589444944463565,17.643991470336914,743800
2005-06-13,17.68892001721122,17.968066420675907,17.525281584024153,17.75629997253418,787400
2005-06-14,17.75308131087272,17.84612924039699,17.737037424838544,17.804418563842773,1111400
2005-06-15,17.87179653382515,17.945593750439475,17.64398757506226,17.93596839904785,806400
2005-06-16,17.90709303246266,18.308165702948035,17.88463306083361,18.304956436157227,909200
2005-06-17,18.37554077791732,18.622601624740366,18.25361437549039,18.574472427368164,2048200
2005-06-20,18.574471534703996,18.609766114550553,18.401207901262495,18.510299682617188,982000
2005-06-21,18.52955832359429,18.6258155246358,18.349877317400544,18.503889083862305,466000
2005-06-22,18.53918628796707,18.680364678426184,18.372339878137044,18.548812866210938,653600
2005-06-23,18.288922418038712,18.449351562056595,18.067530639925838,18.17983055114746,1232000
2005-06-24,18.18623451767722,18.372331551701063,17.958425594105695,18.04826545715332,1136600
2005-06-27,17.993740900948275,18.304972738116227,17.9841143159793,18.269678115844727,1162000
2005-06-28,18.327421050130205,18.57448202460705,18.25683307454894,18.516727447509766,1260600
2005-06-29,18.475014615908034,18.85041809948681,18.462179994936925,18.776620864868164,1207600
2005-06-30,18.815127383172634,18.88571658909124,18.6675328835038,18.6739501953125,1162200
2005-07-01,18.7637891600688,18.7637891600688,18.487850886189154,18.696409225463867,659400
2005-07-05,18.770208256375696,18.93063738677207,18.420472703152516,18.856840133666992,674200
2005-07-06,18.89533622499115,18.921005464455586,18.654692612907258,18.734907150268555,722400
2005-07-07,18.6258209687358,18.76058206876431,18.442931866107664,18.6739501953125,863400
2005-07-08,18.39479932273529,18.667528275407662,18.21190904127671,18.596939086914062,1888400
2005-07-11,18.58089049322909,19.07501220703125,18.5103013272641,19.07501220703125,1838000
2005-07-12,18.994807241835492,19.251493578081174,18.89213270733722,19.135984420776367,1508000
2005-07-13,19.158442517334755,19.206571736144454,19.026890706428706,19.107105255126953,755800
2005-07-14,19.168072828082153,19.30925002065083,19.039729035581814,19.23866081237793,838000
2005-07-15,19.23544882606142,19.322080684647432,19.14881696747541,19.309246063232422,1137200
2005-07-18,19.315657609090206,19.354160237867077,19.155228561214003,19.190523147583008,765800
2005-07-19,19.17127814842955,19.238658079129813,18.904965245218584,19.026891708374023,924400
2005-07-20,19.01084411333936,19.328494199099303,18.985174875550967,19.280364990234375,1150400
2005-07-21,19.331701222954898,19.331701222954898,18.95629781991,19.24186134338379,2010200
2005-07-22,19.264328897555067,19.47930332944226,19.078230532061337,19.34454345703125,844800
2005-07-25,19.309243334367974,19.411917843223915,18.99159323111093,19.039722442626953,1049200
2005-07-26,19.148811233216577,19.46325201986139,19.04292747421576,19.21940040588379,1598400
2005-07-27,19.777698523536394,20.374494949386207,19.57876678957874,19.89641571044922,4645000
2005-07-28,19.893209466429962,20.072890508693938,19.77770031240147,20.056846618652344,1212000
2005-07-29,20.047218296821402,20.169144744026028,19.764862764760036,20.076095581054688,1736000
2005-08-01,20.08251846484352,20.230112970119315,19.861126706929824,20.101770401000977,1412000
2005-08-02,20.053636488193813,20.1178083697514,19.893207396288265,19.992673873901367,1125800
2005-08-03,19.97022375625062,20.005517145750105,19.598028128273135,19.76166534423828,1143800
2005-08-04,19.66860775486013,19.713527707799543,19.225823088500185,19.32849884033203,1477000
2005-08-05,19.28998931852498,19.39266381627546,19.091057632130504,19.16806411743164,1086600
2005-08-08,19.21941291823228,19.273958242457216,19.065399855059674,19.155241012573242,1227800
2005-08-09,19.155227632363303,19.2001475677542,18.927418689180072,19.007633209228516,976800
2005-08-10,19.03652297436231,19.251497441617964,18.824755327486358,18.927431106567383,1102000
2005-08-11,19.058973379306032,19.238653148456624,18.87287507671249,18.972341537475586,1260800
2005-08-12,18.911383560624643,19.08785656560691,18.74132909107119,18.946678161621094,1069800
2005-08-15,18.940250233097643,19.065384676320562,18.779821208662863,19.02367401123047,924600
2005-08-16,18.998014633620695,18.998014633620695,18.641861818811464,18.70603370666504,789200
2005-08-17,18.728496332813258,18.885717419093332,18.606571075020764,18.811920166015625,1016800
2005-08-18,18.754155269914758,19.023676109653977,18.625811546619335,18.911375045776367,743200
2005-08-19,18.940260807438,19.062187276793306,18.879298184748855,18.930635452270508,666400
2005-08-22,19.058979039607237,19.24828544116749,18.962720593001315,19.22261619567871,1125400
2005-08-23,19.241856690401534,19.241856690401534,19.010838514252143,19.062175750732422,1324600
2005-08-24,19.08143331845738,19.572345864030204,19.001218786227746,19.325284957885742,1606400
2005-08-25,19.347751362525585,19.607646974001927,19.302831405376423,19.57876968383789,1143800
2005-08-26,19.581977867653613,19.594812490924294,19.20015700517871,19.34454345703125,1659800
2005-08-29,19.33811392523597,19.578757451596832,19.187310257044093,19.54667091369629,775600
2005-08-30,19.472885150437527,19.527431684919762,19.17127886087308,19.39908790588379,808800
2005-08-31,19.350962358091977,19.812997817993164,19.152029352987856,19.812997817993164,1059000
2005-09-01,19.829037374002166,20.27503009548185,19.732780154628635,20.140270233154297,1891800
2005-09-02,20.230113176882963,20.335996990865482,19.893212246535448,19.92850685119629,665600
2005-09-06,20.053631776270013,20.278232696959545,19.88357737047974,20.104969024658203,889000
2005-09-07,20.185381807934082,20.317249298095703,19.99883812212901,20.317249298095703,704600
2005-09-08,19.667561476273697,19.953810327835033,19.65469605606748,19.8927001953125,1721800
2005-09-09,19.802642156523945,20.024565105377874,19.683640102232463,19.92164421081543,982000
2005-09-12,19.911986161038342,20.1789379461188,19.825146468069278,20.005258560180664,695400
2005-09-13,19.979537367371037,20.053511683655678,19.780128287520526,19.92164421081543,752600
2005-09-14,19.94094210918906,20.101756158456713,19.812290379009404,19.96988868713379,724800
2005-09-15,20.005269902999984,20.04386493500932,19.651478224353564,19.87983512878418,1378400
2005-09-16,19.82837258642908,19.87983303265352,19.426337466890075,19.72223472595215,2301400
2005-09-19,19.622529403505307,19.75439687248764,19.561420507557237,19.683639526367188,702600
2005-09-20,19.719021263932635,19.83480636113453,19.548557519244763,19.61931610107422,1208200
2005-09-21,19.683638921484896,19.93450843356791,19.506743721249084,19.715801239013672,840400
2005-09-22,19.654689009676808,19.71901486073247,19.16902999977442,19.648256301879883,1424200
2005-09-23,19.64504124589206,19.64504124589206,19.342710103470967,19.442415237426758,784600
2005-09-26,19.59679996475556,19.6675585384061,19.23979258230248,19.423120498657227,744000
2005-09-27,19.487441811646708,19.751176690310057,19.342708957035473,19.625741958618164,1160000
2005-09-28,19.77691682182223,19.77691682182223,19.522830271666564,19.64183235168457,784000
2005-09-29,19.63539585038904,20.246489749540604,19.587152370085832,20.24327278137207,1388000
2005-09-30,20.27543366443069,20.690334165857987,20.088888796410217,20.626007080078125,1453600
2005-10-03,20.696767929174523,20.94763745680379,20.519872717976607,20.732147216796875,1294200
2005-10-04,20.74179490338195,20.937988235215787,20.542385830479898,20.545602798461914,733600
2005-10-05,20.55203410131839,20.59706183467538,20.088888896700873,20.182161331176758,958200
2005-10-06,20.188597205330655,20.535954936345284,19.815508635841063,20.002052307128906,1171000
2005-10-07,20.124272593145268,20.317248986106367,19.863753358425203,20.15000343322754,615400
2005-10-10,20.262572465166055,20.375141821429168,20.12427226923482,20.256139755249023,947000
2005-10-11,20.278654219144244,20.82863927744093,20.1178401472606,20.735366821289062,1351800
2005-10-12,20.783610769710233,21.108453416219312,20.371925926518227,20.519874572753906,1863400
2005-10-13,20.56490060532106,20.56490060532106,19.95059097345002,20.079242706298828,1657000
2005-10-14,20.101756149158152,20.159649305020835,19.709369476514162,20.05994415283203,1383400
2005-10-17,20.00527269845406,20.4426872120622,19.83159318977187,20.436254501342773,425400
2005-10-18,20.262570016107187,20.507006828840368,19.799426000285138,19.81229019165039,802700
2005-10-19,20.32690105493115,20.32690105493115,19.426342403688416,19.747970581054688,1558300
2005-10-20,19.76726336480789,20.063161864282534,19.394174805932117,19.554988861083984,1430400
2005-10-21,19.870183355483185,20.04386282158335,19.62574654264555,19.72223472595215,1685300
2005-10-24,19.953809762738757,20.654959194238895,19.773697565694533,20.558469772338867,824600
2005-10-25,20.45555582852777,21.201733256487213,20.45555582852777,21.169570922851562,1062900
2005-10-26,21.388268710559306,21.81281770560828,21.11810228363163,21.50405502319336,1158700
2005-10-27,21.510483474672206,21.510483474672206,20.892958196852486,21.034475326538086,564700
2005-10-28,21.420438283456768,22.346729098197713,21.169568672407266,22.185914993286133,1415300
2005-10-31,22.108710154534393,22.82272477566529,22.018654698504758,22.68120765686035,967700
2005-11-01,22.578293668827513,23.157225282419148,22.578293668827513,23.03500747680664,1449000
2005-11-02,23.092906610406537,23.800487695498045,22.977120257743778,23.626808166503906,1562100
2005-11-03,23.57534527179636,24.41800948634627,23.45955893709317,23.967729568481445,1674000
2005-11-04,23.8647991884896,24.006316308954307,22.97067364481277,23.253707885742188,1732000
2005-11-07,23.2794428537608,23.800481300749837,23.27301137093134,23.749019622802734,1073800
2005-11-08,23.749021667170304,23.87124193590173,23.433827451009208,23.8133487701416,796000
2005-11-09,23.941998200634476,24.43087186667057,23.787615622301697,24.424440383911133,1139300
2005-11-10,24.4244389128745,25.016233444213867,24.18643235003665,25.016233444213867,853800
2005-11-11,25.18348296314045,25.698087468167664,25.054831223426685,25.537273406982422,822900
2005-11-14,25.27353728775933,25.40862050405209,24.636712554935595,24.823257446289062,1802200
2005-11-15,24.823249211193115,24.861845454684367,24.141396965809147,24.321510314941406,1784200
2005-11-16,24.424431177091165,24.57881124340235,24.147830899971144,24.321510314941406,1026700
2005-11-17,24.495199589045324,25.14488733276756,24.32152010417037,25.086994171142578,1011700
2005-11-18,25.119148286813587,25.78170368757751,25.119148286813587,25.71094512939453,1659600
2005-11-21,25.813875693491475,26.489294309547216,25.77527943258074,26.46999740600586,1198500
2005-11-22,26.37350107828776,26.637235990917542,26.09046926716692,26.53431510925293,1255200
2005-11-23,26.566488394736464,26.823791932059606,26.328484217701007,26.630815505981445,1014800
2005-11-25,26.662973146982182,26.708000890022994,26.437831977950164,26.682270050048828,148100
2005-11-28,26.695134710708807,26.746596389193343,26.129068516518352,26.193395614624023,811700
2005-11-29,26.399239552646993,26.682271445683124,26.309184061854957,26.354211807250977,845400
2005-11-30,26.30918338170482,26.43783267732296,25.968255877598292,26.0518798828125,672300
2005-12-01,26.309177145796518,26.502153497311706,26.199822325847197,26.328474044799805,1178800
2005-12-02,26.122641221860757,26.135506643544602,25.42149168997503,25.665929794311523,1453700
2005-12-05,25.723809302400607,25.858892477592423,25.234933353382164,25.505102157592773,1042100
2005-12-06,25.72381663203479,26.373504317238687,25.588730964525265,25.608030319213867,810400
2005-12-07,25.750015914598773,25.814551308122095,24.930403615141802,25.0723819732666,1003800
2005-12-08,25.23372343564053,25.595128047626826,24.704525319937304,24.949764251708984,778400
2005-12-09,24.87877384025922,25.149827914715818,24.7367954792272,24.949764251708984,551500
2005-12-12,24.92394736509642,25.195001420587374,24.420564427299794,24.581905364990234,758000
2005-12-13,24.091425347323316,24.659343565825303,23.639670316617796,24.34956932067871,1364800
2005-12-14,24.349566866792657,24.47864007139612,23.813916391208195,23.891359329223633,1110700
2005-12-15,24.0075216701877,24.446369028451887,23.73646773155804,24.246305465698242,634200
2005-12-16,24.188227558936234,24.446373985031503,23.749380111694336,23.749380111694336,1576700
2005-12-19,23.755842951175683,23.962359175328398,23.336355486064967,23.375078201293945,802800
2005-12-20,23.368615746279144,23.542864216545034,23.19436727601325,23.213729858398438,516700
2005-12-21,23.381526601795848,24.136603412459376,23.265360938616844,23.910724639892578,1234300
2005-12-22,24.065622596187513,24.465747561015963,23.994632166874634,24.42057228088379,729700
2005-12-23,24.52381848513062,24.775509912526672,24.478643226975784,24.64643669128418,504400
2005-12-27,24.78842058836255,24.81423572822067,23.91718054402248,24.13660430908203,552000
2005-12-28,24.110781682708023,24.73033007572669,24.110781682708023,24.34311294555664,668400
2005-12-29,24.478649444231458,24.865866744440122,24.239865524498363,24.62708282470703,555400
2005-12-30,24.459278008421386,24.575443637145405,23.878449864801272,23.897809982299805,556400
2006-01-03,24.026878669036098,24.175311953032697,22.94266797892827,24.072053909301758,1354000
2006-01-04,24.201135543926597,24.88522186157364,24.065609775728642,24.56254005432129,789200
2006-01-05,24.498004706799133,24.69806833391086,24.07851979183637,24.659345626831055,635400
2006-01-06,24.639982457806504,25.027199633261848,24.297940537425387,24.57544708251953,669600
2006-01-09,23.710662726726397,24.20113804113863,23.5557743600416,24.084972381591797,987000
2006-01-10,23.936543028805055,23.96235817120928,23.562230849546207,23.820377349853516,873500
2006-01-11,23.781639208291082,23.975250188853295,23.47186508600378,23.607393264770508,663200
2006-01-12,23.465420903104306,23.794555256068158,23.329895137876058,23.542863845825195,383900
2006-01-13,23.588037482759535,23.942986946236367,23.51059454535124,23.581584930419922,462900
2006-01-17,23.58805192731824,23.58805192731824,23.013678404568005,23.446073532104492,863000
2006-01-18,23.452507345935338,24.084963217338906,23.104010499896802,23.86553955078125,936900
2006-01-19,23.768749422322994,24.517371315679053,23.749386834671284,24.498008728027344,985600
2006-01-20,24.349569300994908,24.710973817640543,23.68484555435521,23.76874351501465,1246700
2006-01-23,23.878454208374023,24.05270268315645,23.394431487934007,23.878454208374023,577300
2006-01-24,23.87845714883562,25.227267394366155,23.83973444015992,25.201452255249023,1028400
2006-01-25,25.304713328938494,25.472509291087064,25.01429913434863,25.0723819732666,849000
2006-01-26,25.3821507697767,26.072689603065005,25.169179606792447,26.066234588623047,1251900
2006-01-27,26.046873401358347,26.272749660234382,25.76291186235238,26.098501205444336,918700
2006-01-30,26.23404667402618,26.647079225788733,26.033982954698857,26.092065811157227,857300
2006-01-31,26.014603279499486,26.23402696551315,25.537033211634572,26.111406326293945,720000
2006-02-01,26.130778013256858,26.201765954236386,25.59512494586217,25.653207778930664,822700
2006-02-02,25.5305898043125,25.898446929994137,25.4789595247031,25.588672637939453,621000
2006-02-03,25.543496550898443,25.821000678319137,24.936853094377486,25.562856674194336,613700
2006-02-06,25.691916955377962,26.25338240471721,25.401502943007348,26.085586547851562,709800
2006-02-07,26.350201995854448,26.847129896198005,26.137230785535298,26.272756576538086,1273100
2006-02-08,27.214982935233238,27.29888089596219,25.81454504807145,27.111724853515625,1456400
2006-02-09,27.18271686507965,27.957153755014374,26.911665307629352,27.066551208496094,1381200
2006-02-10,27.04073989780539,27.14399799088415,26.382468631228118,27.07946014404297,882800
2006-02-13,27.156892527804466,27.17625264163244,26.711590214833475,26.860023498535156,562000
2006-02-14,26.84712128738291,27.673188262133,26.36955366407197,27.54411506652832,1234100
2006-02-15,27.427961952503246,28.008790366832695,27.10528004717968,27.71837615966797,1215300
2006-02-16,27.724833342018005,27.93780461677436,27.247265421075593,27.64093780517578,1173600
2006-02-17,27.5892953682479,27.944244874764262,27.40859433842871,27.828079223632812,765900
2006-02-21,27.782911495609113,27.802274083956394,27.137547686364453,27.415054321289062,1040500
2006-02-22,27.589305955182596,28.46700122859135,27.39569728295839,28.408918380737305,1042200
2006-02-23,28.376641488660358,28.725136001049776,28.00232937663667,28.557342529296875,1123900
2006-02-24,28.48634833391353,28.71867961911289,28.286287197554852,28.563791275024414,640600
2006-02-27,28.71867117729048,29.602818342190204,28.55733032797986,29.267229080200195,1026600
2006-02-28,29.286609843881468,29.286609843881468,28.602523331698364,28.92520523071289,929800
2006-03-01,29.11235663140323,29.78998801775691,28.918748015568912,29.564111709594727,1190000
2006-03-02,29.54473945479405,29.731895455654016,29.196245045100365,29.364038467407227,819400
2006-03-03,29.39631344372593,29.919058880782664,28.97682855293248,29.215612411499023,686600
2006-03-06,29.215615871065204,29.260791134471358,28.6218799690787,28.97037696838379,723000
2006-03-07,28.847761132317864,28.976834379232486,28.55734694222682,28.75095558166504,511400
2006-03-08,28.556783460150896,28.789794786629017,27.91600478140874,28.530895233154297,1119400
2006-03-09,28.615036291770426,29.106949640795943,28.4273324488772,28.530895233154297,592500
2006-03-10,28.459699167466283,29.229928914694252,28.161961078699203,29.029279708862305,682200
2006-03-13,28.89982083536428,29.25580916386242,28.835094113500638,28.860984802246094,453000
2006-03-14,28.8286146408322,29.747711613480455,28.744471160397644,29.670042037963867,667600
2006-03-15,29.70240994574712,30.032510026919518,29.501763297457792,29.941892623901367,569900
2006-03-16,29.896587197916535,30.097236328975605,29.385259683015708,29.42409324645996,521700
2006-03-17,29.48881480862756,29.540593707185813,28.789781160054826,29.314056396484375,1152200
2006-03-20,29.281688540641788,29.81243510952825,29.132818372402223,29.598840713500977,585700
2006-03-21,29.663581848144528,30.032515558057202,29.216976064197024,29.66358184814453,973500
2006-03-22,29.56000661037741,30.90629236340339,29.456446357765504,30.615028381347656,1302600
2006-03-23,30.23963798373352,30.653879194074136,30.00662668564883,30.401451110839844,1058500
2006-03-24,30.51795872008465,30.783332166821364,30.349671674404277,30.44028663635254,987400
2006-03-27,30.517948819923255,31.9936833650829,30.420859981290445,31.95484733581543,1971500
2006-03-28,31.818939591492946,32.64742217819043,31.618290384807768,31.974281311035156,2298600
2006-03-29,32.14901763391696,32.420864859126794,31.805974736198017,32.10371017456055,999900
2006-03-30,32.21375992826412,32.40793520076652,31.747737299000317,32.01958465576172,741200
2006-03-31,32.01957336605866,32.03899014574102,31.430573848000833,31.773616790771484,1070800
2006-04-03,32.01957750742556,32.36262049456491,31.77362090032671,31.96132469177246,767400
2006-04-04,32.15550764589151,32.6215302830725,32.013111291403405,32.4338264465332,1235700
2006-04-05,32.336740337338064,33.43059884651898,32.1166743475389,33.294673919677734,933600
2006-04-06,33.314092994174096,33.851311382480425,32.938685291079366,33.76069641113281,1063300
2006-04-07,33.90953852558413,34.265526701484575,33.521188237160175,33.84481430053711,1089700
2006-04-10,33.93545252081367,33.980760003292254,33.54710196554795,33.83836364746094,1666800
2006-04-11,34.22022841625605,34.38851539696857,33.6635910430973,33.903076171875,918200
2006-04-12,34.045471468077245,34.19434167631303,33.66359249576178,33.98074722290039,619200
2006-04-13,33.41763224054019,33.63122418558376,32.802742148202995,33.28818130493164,1280300
2006-04-17,32.511484047561325,32.77685740253086,31.00985884835738,31.773616790771484,2425800
2006-04-18,31.877167081626776,31.877167081626776,31.437035440131435,31.566486358642578,2574000
2006-04-19,31.553558941128387,31.96780014038086,31.43705329520459,31.96780014038086,1675700
2006-04-20,32.064905695568356,32.47267319952459,31.97429069468919,32.22671890258789,941100
2006-04-21,32.09725827107824,32.23318073186204,31.055181133590047,31.534149169921875,1504800
2006-04-24,32.233153770254106,32.362604682799464,31.139298620840968,31.50823211669922,1484900
2006-04-25,31.812472386929432,32.472667992930084,31.45000997245559,32.388526916503906,1421000
2006-04-26,31.734783752234726,32.20080626109122,29.637687400524335,29.702411651611328,2999900
2006-04-27,29.553537964260602,29.818911290943205,28.375539053711357,29.24932861328125,2638400
2006-04-28,29.28169356828087,29.327001029325714,28.44673755347478,28.705636978149414,1912100
2006-05-01,28.84804195006773,29.825394547530884,28.731536309720173,29.25581169128418,1313300
2006-05-02,29.35937413544964,30.09724159895304,28.983966495942372,29.967790603637695,1202500
2006-05-03,29.87070516592672,30.0713518694749,29.56002177958754,29.83186912536621,764800
2006-05-04,30.110197116156712,31.831889268916758,30.013108219606963,31.223472595214844,1775600
2006-05-05,31.650630447956903,31.70240933493625,31.18460811978801,31.495288848876953,1016700
2006-05-08,31.66359828791021,32.35616089134975,31.560037963212572,32.16845703125,1263200
2006-05-09,32.20082158628044,32.20082158628044,31.780106346770154,32.110206604003906,1123400
2006-05-10,32.051956159880646,32.32380112704189,31.851306920495016,32.03253936767578,739000
2006-05-11,31.89011965469804,32.200800448160564,31.59238420293039,31.624746322631836,1232300
2006-05-12,31.68949885691787,31.68949885691787,30.485608164152403,30.550334930419922,1960000
2006-05-15,30.44027655717132,30.485584023143545,29.689463946539373,30.2266845703125,1225400
2006-05-16,29.890135166358288,30.12314657459281,29.572980200911623,30.06489372253418,1397000
2006-05-17,30.110170472685294,30.304345624892566,29.398191622497272,29.579423904418945,1111800
2006-05-18,29.579425760924355,29.67651210858595,28.80272263427572,28.84803009033203,993400
2006-05-19,28.873929032512955,29.19755522212808,28.136061715241972,28.524412155151367,1905200
2006-05-22,28.16842510288535,29.449984574911543,27.462919879141072,29.100467681884766,1813200
2006-05-23,29.450000323351528,29.96133059187303,28.964560757581996,29.016342163085938,1499300
2006-05-24,28.55031313876841,29.3205428589483,28.071345119020002,29.126367568969727,1554300
2006-05-25,29.158722834637153,29.508239755679824,28.951602244924203,29.25581169128418,588300
2006-05-26,29.32699660364689,29.411137607706085,28.848028913218137,29.22343635559082,602400
2006-05-30,29.048691703452302,29.1910855686602,28.4920541811633,28.498525619506836,635400
2006-05-31,28.492051908691156,28.75742530291067,28.110172881002388,28.50499725341797,1232900
2006-06-01,28.576205821907532,29.70242406349949,28.576205821907532,29.54708480834961,1255500
2006-06-02,29.84481859433378,30.149028114726875,29.572971211008024,29.767148971557617,684400
2006-06-05,29.86423261074384,29.96132148200679,28.602089629688297,28.692707061767578,839900
2006-06-06,28.686228639845712,28.783317495832108,27.281691996094754,28.09722900390625,1229700
2006-06-07,29.051544230099204,29.538441619430476,28.53867838564643,28.5451717376709,1295800
2006-06-08,28.30497265323341,28.395862263532877,27.642794256472204,28.14267349243164,1438100
2006-06-09,28.304971864144935,28.94767761265755,27.96089844531366,28.298480987548828,741500
2006-06-12,28.785389228936925,28.889260628767293,27.688247413448053,27.785625457763672,818400
2006-06-13,27.603829504267704,28.41532495367649,27.30519977324229,27.9738712310791,1036100
2006-06-14,27.91545002746476,28.123192713271028,27.61682022617927,28.051780700683594,762700
2006-06-15,28.298473721196384,29.72021307358088,28.162143059287178,29.65529441833496,1492400
2006-06-16,29.58388984159142,30.38240138880261,29.577398965031843,30.252561569213867,1955400
2006-06-19,30.388899513474566,30.76543232526716,30.259059673498548,30.47329330444336,1470900
2006-06-20,30.4732753401085,30.95368172186817,30.34343805316197,30.51222801208496,890200
2006-06-21,30.719976868746198,32.42736428418008,30.42783796093614,31.95345115661621,1684400
2006-06-22,31.700269492137963,31.726235472635047,30.642078396620455,31.115991592407227,1460700
2006-06-23,30.90175352768143,32.03784744379455,30.843325741507513,31.654821395874023,802200
2006-06-26,31.732725209937787,32.063814331073246,31.492520724920524,32.05732345581055,794900
2006-06-27,32.1352191104328,32.42086461099003,31.23932745999817,31.343198776245117,895400
2006-06-28,31.550942381445484,31.550942381445484,30.81735227129833,31.29775619506836,801700
2006-06-29,31.550941457784106,33.71925735473633,31.550941457784106,33.71925735473633,1517000
2006-06-30,33.75823650765534,34.77098449442121,33.71928380476414,34.60219192504883,1874600
2006-07-03,34.809915883144974,35.82266332185407,34.803425007753766,35.56947708129883,784400
2006-07-05,35.46561526681872,35.569486636398096,33.68681527672212,34.24512481689453,1479400
2006-07-06,34.173724995458436,34.8618746125874,34.173724995458436,34.43989562988281,1062300
2006-07-07,34.31005420530332,34.34251603057813,33.50505145887513,33.69981002807617,1082000
2006-07-10,33.75823793647977,34.21916712933191,33.20642157619084,33.66735076904297,842800
2006-07-11,33.712784875427594,33.7387533378206,32.907779876666716,33.576454162597656,1124100
2006-07-12,33.440109287357764,33.7582166492846,32.849340595054805,32.992164611816406,757100
2006-07-13,33.06357527020095,33.06357527020095,31.33021946755469,31.382156372070312,1523200
2006-07-14,31.48603033250378,31.531473889503808,29.6682806230383,30.187637329101562,2250600
2006-07-17,30.142199547152035,30.473288736799375,29.837076340416683,30.096755981445312,892100
2006-07-18,30.12272168656619,30.40187640837637,29.66828359456206,30.28502082824707,826100
2006-07-19,30.285022727689373,31.21986495086766,29.973406176808087,31.1419620513916,1032800
2006-07-20,31.116000754375108,31.122491632288497,28.623085108976653,28.6490535736084,1184600
2006-07-21,28.519210792283904,29.259294622709653,27.863520748493485,28.902236938476562,2185700
2006-07-24,29.135939707068047,30.47977626826848,28.928197024519353,30.03832244873047,1178400
2006-07-25,29.798137424512507,29.84358100744725,28.726961594788968,29.66180419921875,1494200
2006-07-26,29.668283452841077,29.77864567994247,28.19460695623964,29.40211296081543,1637400
2006-07-27,29.402108920606683,30.148683380290976,28.240046637046937,28.428314208984375,1523500
2006-07-28,28.694491456027553,30.187643205292698,28.603604324335816,30.122724533081055,1252000
2006-07-31,30.12921899830872,30.12921899830872,29.51248163288597,29.720224380493164,747200
2006-08-01,28.856778070629005,28.967140260718285,27.97387064396466,28.934680938720703,1683000
2006-08-02,28.824322737081935,29.830576717168473,28.70097382934068,29.583881378173828,1045100
2006-08-03,29.570913786870108,31.356204989415925,29.084016186175795,31.005638122558594,1274000
2006-08-04,31.43409527858046,32.135228730505865,30.35642912122303,30.518728256225586,1624900
2006-08-07,30.369407618250055,30.603118724788686,29.726704551756608,30.161664962768555,708600
2006-08-08,30.213609463352324,30.525223524942895,29.43457307113169,29.512475967407227,777000
2006-08-09,29.882513744719912,30.181146013275146,28.272506741176205,28.330934524536133,1376600
2006-08-10,28.272501617282682,30.161662968225667,28.240042293851644,29.895492553710938,1722900
2006-08-11,29.96692017189716,29.96692017189716,28.94119065316985,29.090505599975586,664200
2006-08-14,29.720219783447398,30.323972824196648,29.246306558991588,29.285259246826172,717900
2006-08-15,29.88900866852928,30.622598960258255,29.60336061197309,30.551189422607422,809700
2006-08-16,30.836828479907695,31.10299890035897,30.36940628731514,31.096508026123047,1283500
2006-08-17,31.070554757416733,31.583420749712452,30.921239812157644,31.245838165283203,760700
2006-08-18,31.343213986451065,31.343213986451065,30.486274592437102,31.1095027923584,904000
2006-08-21,31.031593371578644,31.49901566163125,30.622598867782614,31.148448944091797,1020000
2006-08-22,30.986149906562396,31.563934418795462,30.3953811666233,30.551189422607422,889200
2006-08-23,30.45380852855764,30.960181019593286,29.473522877054865,29.55791664123535,1063000
2006-08-24,29.811106027971693,30.122722568431552,29.220337234017634,29.6812686920166,939000
2006-08-25,29.720227438484052,29.720227438484052,28.915224827799605,29.25929832458496,714800
2006-08-28,29.376153734172448,30.67454726938449,29.220345420291785,30.408376693725586,1151900
2006-08-29,30.330462407596148,30.39538106943049,29.311224062570123,30.31747817993164,895600
2006-08-30,30.34344532499292,30.34344532499292,29.135939445705425,29.454044342041016,1342600
2006-08-31,29.66827670419112,29.93444713567091,29.161901815738783,29.746179580688477,774100
2006-09-01,29.960419579869853,30.3239680363041,29.629327976773666,29.889007568359375,420200
2006-09-05,29.986375373486805,30.018837168776024,29.129436479381727,29.22032356262207,1518100
2006-09-06,29.285438805779883,29.363567338733077,28.152566385144084,28.19162940979004,1603900
2006-09-07,28.15907146458195,29.01849263775609,27.99630226536471,28.465078353881836,1336000
2006-09-08,28.360921408903987,28.647394459379385,27.963763951967547,28.14606475830078,1398500
2006-09-11,27.91167239591866,28.745052707550027,27.182466796445322,28.732030868530273,1894000
2006-09-12,28.478113256077997,29.838864485310793,28.093977670304277,29.7997989654541,1212800
2006-09-13,29.708650816851225,30.9131425414367,29.67609745633906,30.36623764038086,1267400
2006-09-14,30.177422838317796,30.314150918019063,29.298469739594772,29.53285789489746,1260300
2006-09-15,29.715156291386517,30.39227702235413,29.29195769727815,29.637027740478516,2749400
2006-09-18,29.532837638398476,29.845354136560427,28.979420988262653,29.070573806762695,1129600
2006-09-19,29.083600742897627,29.27892577841645,28.510654921936133,29.25939178466797,1467600
2006-09-20,29.480769694492523,30.275084535132343,29.064080756341134,29.331022262573242,1086500
2006-09-21,29.526349741042793,29.8779320217223,28.7320372536135,28.862253189086914,1068000
2006-09-22,28.640878107621127,28.855732224502788,28.15257036128997,28.26325225830078,1085500
2006-09-25,28.386950452696333,28.588785175904018,27.729363908795712,28.432525634765625,1185900
2006-09-26,28.321846348342962,29.252886553429676,27.97026421138825,29.226842880249023,1155300
2006-09-27,29.161741472362813,29.558898867617277,28.842712627165383,29.493789672851562,1013000
2006-09-28,29.370084469027432,29.806304875805743,28.65389826415948,28.97292709350586,1835800
2006-09-29,28.810163947261685,29.04455211913384,28.26976871948286,29.025020599365234,1445900
2006-10-02,29.12267003031653,29.12267003031653,27.98328543218054,27.989797592163086,1426500
2006-10-03,28.02885944628714,28.69947032777398,27.82702720116514,28.373931884765625,1270100
2006-10-04,28.22418030892408,29.63701835766389,27.976772895432074,29.298458099365234,1476300
2006-10-05,29.135700867992146,29.7346906210534,28.98595342972683,29.682605743408203,1345800
2006-10-06,29.59144292922392,29.630505950152784,28.627849502288818,28.7189998626709,1120300
2006-10-09,28.745053293023005,28.79062848868949,28.16559262131991,28.53670883178711,2190900
2006-10-10,28.67342227646091,29.487268259668856,28.647378608919656,28.91431999206543,1511700
2006-10-11,28.777604744623595,28.829689614654143,27.85958624692195,28.061418533325195,1560900
2006-10-12,28.067928220755743,28.484617078924455,27.944222008469623,28.15907859802246,1263600
2006-10-13,27.99631325574983,28.55623991825072,27.8660973485256,28.06793212890625,1205100
2006-10-16,27.99631827106215,28.627863919855724,27.99631827106215,28.419519424438477,1300900
2006-10-17,28.035388969982982,28.159092760825242,27.12387977154319,27.221542358398438,2249300
2006-10-18,27.455920071273685,27.75541742438157,25.99750876043871,26.498838424682617,2971300
2006-10-19,25.96496035371917,28.146068057728687,25.96496035371917,28.08747100830078,2973600
2006-10-20,28.217678337261752,28.556238687994195,28.106993951608,28.295806884765625,2171400
2006-10-23,28.002828746335496,28.48462695797904,27.42337044674773,27.81401824951172,2225200
2006-10-24,27.625198159156504,27.892139638028045,27.41685371143539,27.7098388671875,1948100
2006-10-25,28.810169459691206,29.59797236748168,27.996322864784677,28.562759399414062,3674200
2006-10-26,28.237199984781178,28.862235597357632,27.99630226536471,28.465078353881836,1355500
2006-10-27,28.2046576003783,28.295807989970015,27.827034202975227,27.84005355834961,1375400
2006-10-30,27.92468924821494,28.126523991485204,27.48195673525277,27.970264434814453,1625300
2006-10-31,28.002826311519406,28.1460640751114,27.019700936520024,27.175960540771484,2748900
2006-11-01,27.475457812081306,27.60567374632728,26.928552875178106,27.006681442260742,2794800
2006-11-02,26.850416390949693,27.26710527074154,26.43372502749621,26.863435745239258,2544200
2006-11-03,27.084798812218242,27.280123874669066,26.73972884023478,26.83087921142578,1049500
2006-11-06,27.1499052700151,27.885622809416457,27.143393110634126,27.35824966430664,1297200
2006-11-07,27.143396181985526,27.963754500537753,27.03922397305238,27.481956481933594,1132000
2006-11-08,26.993663816957113,27.46244026000189,26.941578925320336,27.221542358398438,959000
2006-11-09,27.123859609486097,27.26058514252065,26.609508337219822,26.694149017333984,1032000
2006-11-10,26.73972837519524,27.273611240310185,26.700662866652213,27.091310501098633,741100
2006-11-13,26.92854101635576,27.774940490722656,26.92854101635576,27.774940490722656,1883200
2006-11-14,27.592640832527827,27.735876067426737,27.09782097768034,27.638216018676758,1668200
2006-11-15,27.5535874039148,28.093982681851713,27.508012197783067,27.93121337890625,910300
2006-11-16,28.14605636749255,28.692961107113053,28.13954669077653,28.67993927001953,1630900
2006-11-17,28.653898543808076,28.95339586044904,28.00282152411666,28.380447387695312,1478700
2006-11-20,27.429886101919692,28.080963372427505,27.429886101919692,27.833553314208984,1765000
2006-11-21,27.670762158167218,27.879106521606445,27.625186983893684,27.879106521606445,1487300
2006-11-22,27.781451339564157,27.898645385355962,27.345230989742394,27.80098533630371,828800
2006-11-24,27.488468275461177,27.96375412760901,27.488468275461177,27.748897552490234,271400
2006-11-27,27.488465904970376,28.93385484953987,27.442890723328972,28.764575958251953,3098600
2006-11-28,28.484626444890896,28.92735912318447,28.074447128659017,28.82318687438965,2055200
2006-11-29,29.005488439136016,29.41566776597781,28.458583497901092,28.797143936157227,1646000
2006-11-30,28.64087316505667,28.87525875657186,28.36090990678056,28.653892517089844,1169400
2006-12-01,28.465089744698965,28.907822342430123,27.95724795102977,28.30232048034668,1841500
2006-12-04,28.647394047227017,28.88178221409028,27.892144667146614,27.99631690979004,2915100
2006-12-05,28.080947962628155,28.217673518325757,27.527531096193883,27.989797592163086,1509100
2006-12-06,28.07479551356699,28.120562331942704,27.937495058439843,28.035568237304688,877000
2006-12-07,28.06826167802129,28.22517578923869,27.604053899021313,27.767507553100586,1363300
2006-12-08,27.669428190593337,28.02248860323001,27.414440946168273,27.512514114379883,1072800
2006-12-11,27.492890176239904,28.11401424560301,27.349052729578403,27.806720733642578,1408100
2006-12-12,27.604044099043136,27.88518448377751,27.460204136405846,27.878644943237305,1611700
2006-12-13,28.04210983131928,28.04210983131928,27.4209854173932,27.590978622436523,1569900
2006-12-14,27.708661049113203,28.578233094947027,27.630201508145756,28.35593605041504,1217900
2006-12-15,28.41478536822967,28.774382943079807,28.055187793379535,28.094417572021484,1924400
2006-12-18,28.12056725806815,28.31017410689951,27.074464806076126,27.165998458862305,2158400
2006-12-19,27.035222884149736,27.06791559754865,26.420638281449524,26.80638885498047,1926200
2006-12-20,26.74102326123127,26.98293401123212,26.427189998288515,26.826017379760742,1541100
2006-12-21,26.819474756801853,27.139842508913045,26.38141768496415,26.610254287719727,1023600
2006-12-22,26.49910947546417,26.675639746971598,25.78645133972168,25.78645133972168,1802000
2006-12-26,25.891050019769526,26.499097629555237,25.891050019769526,26.486021041870117,1391700
2006-12-27,26.6756246513163,27.02214794852189,26.466404261431766,26.662548065185547,768400
2006-12-28,26.505645409235594,26.865242952986346,26.36180539409335,26.754093170166016,1033600
2006-12-29,26.767168227273856,27.159458474960203,26.59717753248307,26.734477996826172,1084300
2007-01-03,27.623666309571057,28.624001829886982,27.53213266641858,28.310171127319336,3399800
2007-01-04,28.120572986879885,28.64362681353905,27.865585618141562,28.434406280517578,2719500
2007-01-05,28.51940084431228,28.578244276007716,28.08788317658093,28.146726608276367,1436800
2007-01-08,28.11402610676202,28.5324670265036,28.015952925026816,28.316709518432617,1522400
2007-01-09,28.277488510463417,28.669776370769885,28.08134458031018,28.40171241760254,1912900
2007-01-10,28.159803943144407,28.38863813124481,27.8721263218031,28.244800567626953,1668400
2007-01-11,28.382088580820778,28.826682659704073,28.336321763356718,28.80052947998047,1280200
2007-01-12,28.833207166290038,29.22549720920013,28.800516952906715,29.160114288330078,953300
2007-01-16,29.10127482950094,29.60471216459923,28.735140399686724,29.0358943939209,1286000
2007-01-17,28.918211156852916,29.34972856920849,28.83321458490444,28.885520935058594,1012300
2007-01-18,29.016293506792344,29.54588175226959,28.807073028116545,28.813610076904297,1197900
2007-01-19,28.76130473575186,29.258202723709342,28.708998371701224,29.114362716674805,937600
2007-01-22,29.28435228870479,29.330119104543893,28.257863714991615,28.552078247070312,1789300
2007-01-23,28.355940440082563,28.787458005786778,28.159796545508815,28.440937042236328,1082500
2007-01-24,28.480167215894006,28.911684787614902,28.388631069318688,28.650157928466797,966300
2007-01-25,28.493246093978875,28.54554997354131,27.793662063753082,28.042112350463867,1498000
2007-01-26,28.081334311227156,28.21863476271438,27.806730914148226,28.07479476928711,1028800
2007-01-29,27.845959381435506,28.46708364915959,27.806729613942995,28.1597900390625,1163900
2007-01-30,28.087881985446792,28.617472848247136,28.087881985446792,28.610933303833008,1123800
2007-01-31,30.984279291100837,34.97908764345718,30.91889881651217,34.78294372558594,15298300
2007-02-01,34.02451707263869,34.54756832591687,33.50800286885549,34.39065170288086,4677600
2007-02-02,34.33180335611778,34.724093610381324,33.96566877839751,34.58025360107422,1329600
2007-02-05,34.46910970387705,34.501799938085036,33.900289153417084,34.096435546875,1305100
2007-02-06,34.096436505003005,34.25335063125271,33.671455966042004,33.985286712646484,1226200
2007-02-07,33.84143829870977,34.9006196118859,33.7825948924222,34.55409622192383,1872800
2007-02-08,34.58678310794667,34.652163550967266,34.23372272978581,34.32525634765625,1090600
2007-02-09,34.357947517440884,34.59332110937773,33.61913651921779,33.86104965209961,1194100
2007-02-12,33.65837803144567,34.08335855346567,33.40992776499837,33.61914825439453,976100
2007-02-13,33.16147850572183,33.82836972105859,32.86072188335869,33.78260040283203,1485800
2007-02-14,33.84145191161925,34.78948384133461,33.74338119109346,34.73064041137695,1318900
2007-02-15,34.65216125516542,34.756771453530064,34.142186849900746,34.34486770629883,849000
2007-02-16,34.423331475922645,34.809082097665645,34.240261735602864,34.46255874633789,677000
2007-02-20,34.867935241667375,35.53482396613855,34.36449767977845,35.32560348510742,1332600
2007-02-21,35.28637943760518,35.74404772298895,34.96600914373143,35.554443359375,1235400
2007-02-22,35.698286288832094,35.724439478836075,34.86794370610238,35.299461364746094,710600
2007-02-23,35.31253853712837,35.645985503418615,34.96601746880443,35.24715805053711,687200
2007-02-26,35.29291351636115,35.41060034958383,33.92644083647995,34.2598876953125,1138300
2007-02-27,34.66524888534349,34.76331957462018,33.58645384456726,33.76952362060547,3146300
2007-02-28,33.684526949699354,33.80875082013645,33.20724261283514,33.318389892578125,2340600
2007-03-01,32.82149078283136,33.74336919502843,32.20036646389472,33.324928283691406,24014000
2007-03-02,33.11572546260761,33.717233969440095,32.6711311340332,32.6711311340332,2650700
2007-03-05,32.62536429086577,33.06995861944017,31.873476163219262,32.6711311340332,1692200
2007-03-06,32.867254113347265,33.08301159418582,32.409583479856856,32.991477966308594,2143900
2007-03-07,32.82088166969021,33.29331418969156,32.76182760469004,33.181766510009766,1828200
2007-03-08,33.46391041785681,33.68044280436941,33.142393314468336,33.52296447753906,1408100
2007-03-09,32.87336316484446,32.971787412063655,31.495438721971254,31.902254104614258,3401200
2007-03-12,31.88914344422415,32.230344467049655,31.626682851843167,31.78415870666504,1282800
2007-03-13,31.61354624932553,31.777584989721355,30.517766161904518,30.668684005737305,2391900
2007-03-14,30.753988276044264,30.983644058681502,30.268434912585914,30.911466598510742,2389000
2007-03-15,30.97709393363082,31.33797888089305,30.89835599130893,31.193626403808594,1410100
2007-03-16,31.036142952901088,31.331413317230407,30.82617347227438,31.154251098632812,1954000
2007-03-19,31.213283533743528,31.38388518288383,30.904889977781234,31.232967376708984,1384600
2007-03-20,31.232968906904166,31.646347150654684,31.036122958509836,31.298585891723633,1122500
2007-03-21,31.370778699601146,32.256587153062334,30.91146959286698,32.25002670288086,1425300
2007-03-22,32.381253851571486,32.60434669029355,31.67260763053457,31.87601661682129,1419600
2007-03-23,31.99411608984611,32.59121702836251,31.99411608984611,32.394371032714844,972300
2007-03-26,32.51248639611059,32.51248639611059,31.593870710132236,32.1253547668457,937200
2007-03-27,31.921945337546937,32.085984105976195,31.600428250091085,31.73822021484375,990100
2007-03-28,31.528265769905474,31.784165969742585,31.04271218637715,31.27236557006836,1137500
2007-03-29,31.213308566056337,31.383910352015114,30.740875931750708,31.219871520996094,1442000
2007-03-30,31.160802628388307,31.757903589324464,30.990200923530704,31.528247833251953,1071200
2007-04-02,31.495457056949014,31.495457056949014,31.095201889698174,31.16737937927246,1444200
2007-04-03,31.265789017735944,32.3090756434873,31.239542215105413,32.2303352355957,1383900
2007-04-04,32.30910120957931,32.37471576504337,31.86291522392617,32.1516227722168,996600
2007-04-05,31.95476189340238,32.07943049261068,31.764476265899948,32.04662322998047,578400
2007-04-09,32.15161246275291,32.591235350072985,31.96132680867375,31.987573623657227,945900
2007-04-10,31.836660729855627,32.151615025661265,31.72511300880104,31.948205947875977,959900
2007-04-11,31.862896231695128,32.09910999238881,31.364216896486187,31.397024154663086,975600
2007-04-12,31.410157124291246,32.23035134366509,31.095202844415784,32.217227935791016,1204800
2007-04-13,32.2828343176096,32.722457072604676,32.22378025318887,32.69621276855469,864500
2007-04-16,32.70276729188785,33.81166840833386,32.65027368723503,33.79198455810547,1353200
2007-04-17,33.798567761907535,33.831377538421,33.188345466702486,33.345821380615234,1067000
2007-04-18,33.326110026037796,33.837910078616176,33.24080918293058,33.53607940673828,1302700
2007-04-19,33.07024167210104,33.70015041748481,32.72247751853793,33.66734313964844,1018800
2007-04-20,34.76311232936688,35.41926772064153,33.86418014417018,34.02165603637695,2006000
2007-04-23,33.92323298791407,34.67124970610425,33.739507783018276,33.96260070800781,1484700
2007-04-24,33.988846891072576,34.02821711346793,33.004613858494984,33.562347412109375,1421100
2007-04-25,37.06619895562765,38.18166051050886,36.980898100396125,37.24335861206055,5327800
2007-04-26,37.532074099803026,37.532074099803026,36.265694493153916,36.42973327636719,2238700
2007-04-27,36.31163450826288,36.528164456318216,35.9966802637063,36.22633361816406,1643100
2007-04-30,36.12792187106736,36.28539778561927,34.99933363696233,35.07807159423828,1366300
2007-05-01,35.196162325577944,35.78670296984601,35.00587672875454,35.366764068603516,1540600
2007-05-02,36.08852555457216,36.6396958631633,35.484864146751384,36.259124755859375,1457700
2007-05-03,36.482215891889346,36.84966358183248,36.16726180180921,36.46253204345703,1033200
2007-05-04,36.685653969400455,36.744708064625705,35.99669119379565,36.291961669921875,674700
2007-05-07,36.70532656483761,36.98091309229455,36.29195052820295,36.580657958984375,878200
2007-05-08,36.40349477247119,37.08589686699433,36.1279107552794,36.94810485839844,1201100
2007-05-09,36.71845463017901,36.954670968533065,36.3444462621298,36.587223052978516,1206100
2007-05-10,36.52160398893813,36.5872185178882,35.0058843410668,35.18960952758789,1162300
2007-05-11,35.06493713071474,35.43894543867058,34.62531429621827,35.169921875,952200
2007-05-14,35.15680067697661,35.511122621568724,34.45471223311043,34.86153030395508,815400
2007-05-15,34.914014223852746,35.17647727975184,34.45470512754592,34.59906005859375,778300
2007-05-16,34.81559453194109,35.04524784227688,34.34972245477891,34.84183883666992,947700
2007-05-17,34.697480525872216,34.782778882108566,34.185677873289436,34.20536422729492,794300
2007-05-18,34.2841152394094,34.612192897202796,33.988844846788574,34.356292724609375,1560300
2007-05-21,34.31691696944182,34.55313324543803,34.02164662444656,34.42190170288086,878100
2007-05-22,34.22505740631161,34.72373429011656,34.06757904651164,34.17912673950195,923700
2007-05-23,34.3103442672699,34.822144347154364,34.1987966198656,34.218482971191406,1506800
2007-05-24,34.323496682934895,34.65157444800699,33.20146882408196,33.463932037353516,1337500
2007-05-25,33.50984107505044,33.844481580927535,33.42454021039095,33.52296447753906,633600
2007-05-29,33.49671765548269,33.96915013269979,33.46391040079441,33.877288818359375,935200
2007-05-30,33.824790971820065,34.39564514160156,33.58201431389528,34.39564514160156,1270800
2007-05-31,34.40877641451301,35.66859564984247,34.40877641451301,35.55048751831055,2315700
2007-06-01,35.537366201342635,36.07541327523586,35.35364354285232,35.61610412597656,1321900
2007-06-04,35.576717267506965,35.596401112313075,34.97305349545416,35.20270919799805,1277100
2007-06-05,35.20273057149477,35.26834509604138,34.31691947191353,34.54001235961914,1140600
2007-06-06,34.559758482843485,34.71777463721667,33.57873168725913,34.05936813354492,1075400
2007-06-07,34.105455994622055,34.381988029018835,33.72358153293879,33.77625274658203,1661300
2007-06-08,33.84208577741103,34.53999486762214,33.47337733484725,34.500492095947266,1395800
2007-06-11,34.388570482789014,34.882375347582006,34.00011055535368,34.67826843261719,1156700
2007-06-12,34.40832782193574,34.783621894748364,33.89477147748982,33.90793991088867,1052800
2007-06-13,33.9342840624219,34.92847713705281,33.73676254228053,34.90872573852539,1128500
2007-06-14,34.9153032526132,35.7778168536441,34.71778176329325,35.606632232666016,1223900
2007-06-15,36.01484900986592,36.22553896473893,35.63955737077197,36.054351806640625,2026400
2007-06-18,35.646119581202335,35.83705802653085,34.9613763706855,35.11281204223633,1322700
2007-06-19,35.11282991606073,35.42886482526107,34.82971483897293,35.26426315307617,741900
2007-06-20,35.402519090432484,35.764642176242276,34.82970611791076,34.92188262939453,903800
2007-06-21,34.89553982839869,35.553946240255264,34.777026473334814,35.54736328125,836600
2007-06-22,35.23133566726615,35.442028087604314,34.75069915603066,35.106239318847656,1395200
2007-06-25,35.13257736889137,35.67905355315225,34.849462323587105,34.95480728149414,912400
2007-06-26,35.26425656333407,35.27083952387756,34.71777790822064,34.961387634277344,1028100
2007-06-27,34.65853046692808,35.19184083166909,34.32274413391348,35.066741943359375,896700
2007-06-28,35.066728468657296,35.349843459611826,34.757279126997865,35.00088882446289,794500
2007-06-29,35.007476315708,35.14574360500828,34.44124877212616,34.57951354980469,1132600
2007-07-02,34.737538088308554,35.09966380034303,34.46759142855163,34.651947021484375,974100
2007-07-03,34.75069447124307,35.06014633178711,34.37540296495929,35.06014633178711,550100
2007-07-05,35.17866614407551,35.17866614407551,33.95402942078139,34.237144470214844,1566200
2007-07-06,34.237144470214844,34.34907239078893,33.92110959188442,34.237144470214844,1260400
2007-07-09,34.191063232129345,34.30299117569949,33.96062187088347,34.15155792236328,1889900
2007-07-10,34.17128620196749,34.50048933488964,33.677481502584264,33.828914642333984,2402300
2007-07-11,33.71041691263187,34.28981539793812,33.664328653625645,34.27006149291992,1735200
2007-07-12,34.3095645159327,34.50050301150793,34.01986403668157,34.40174102783203,1629700
2007-07-13,34.28323635671302,34.500511771318415,34.13838608030942,34.42150115966797,637800
2007-07-16,34.51365261770198,35.67903192076001,34.47414985220128,35.073299407958984,1481200
2007-07-17,35.12599334019598,35.369605606063224,34.72436739840543,35.25767517089844,1170400
2007-07-18,35.224755751444214,35.77123447615735,34.974560521357354,35.369606018066406,1163600
2007-07-19,35.4946856539596,35.98849040847302,35.343252497303325,35.902896881103516,981900
2007-07-20,36.03459534246404,36.06093221102629,35.32351747263745,35.5671272277832,1565900
2007-07-23,35.75807171915809,35.981930116015754,34.98115154839457,35.461788177490234,1193600
2007-07-24,35.54078788584389,35.889742579331944,34.31615121076721,34.57292938232422,1386300
2007-07-25,34.5795121421298,34.717776914179794,31.30723080054998,32.94007873535156,3764800
2007-07-26,32.58455544908319,33.19687149644019,31.939314538974582,32.72282028198242,2872200
2007-07-27,33.236360825749756,33.335122808391084,32.42652110760418,32.452857971191406,1481200
2007-07-30,32.4923662535771,33.27587175234827,32.21583667397926,33.0520133972168,1536400
2007-07-31,32.94008201323841,33.2956221867084,32.005145829249074,32.0314826965332,1742400
2007-08-01,31.939309852386806,32.56479675771325,31.68911709955414,32.36727523803711,1661500
2007-08-02,32.44627883776409,32.62404893427238,31.814209057927084,32.61746597290039,1374300
2007-08-03,32.47920270446918,32.63721890103666,30.958282370679743,30.971450805664062,1729300
2007-08-06,31.221646503010046,32.3870267378548,30.852940334893557,32.35410690307617,1814900
2007-08-07,32.090737595998995,32.97958546830341,31.702277615976833,32.59112548828125,2165300
2007-08-08,32.47919185246248,34.072534278861944,32.37384440778683,33.85525894165039,1868700
2007-08-09,33.308788245035984,36.186024232665,33.03225618151651,33.973777770996094,2144900
2007-08-10,33.98036129354108,34.77703258920055,32.268502814695005,32.7359733581543,1904800
2007-08-13,32.95982563620171,32.95982563620171,31.702269499388194,32.34750747680664,1238900
2007-08-14,32.47919759331695,32.498948986874126,31.188718795776367,31.188718795776367,1096600
2007-08-15,31.30065556543639,31.932725403626034,30.62908042050154,30.71467399597168,1011800
2007-08-16,30.925363542219717,31.201893150994252,29.983841759087344,31.004371643066406,1470600
2007-08-17,31.781297683715817,32.367279354992,30.668591055765695,31.78129768371582,2182500
2007-08-20,31.662778854665927,32.11049561938977,31.359912370182816,31.74178695678711,1092900
2007-08-21,31.570590374335403,31.932713426330345,31.07678552753648,31.313812255859375,584100
2007-08-22,31.42574589620236,32.459444030286804,31.31381798270285,32.380435943603516,818500
2007-08-23,32.518701386287695,32.67672007449819,31.768118268436965,32.13024139404297,632000
2007-08-24,32.11050479760664,32.66356669378241,31.9985743186212,32.65039825439453,482600
2007-08-27,32.65696616870823,32.716222862834435,32.117072960723604,32.13024139404297,563600
2007-08-28,32.03805169621429,32.387006244987205,31.32038870100264,31.33355712890625,995300
2007-08-29,31.531090403656428,32.11707185222311,31.23480694325143,32.11048889160156,685800
2007-08-30,31.998559925279146,32.28167496571238,31.53109183958591,31.840543746948242,565900
2007-08-31,32.13024651487638,32.479203774400744,31.471839813704232,32.288265228271484,715600
2007-09-04,32.340922295137815,33.36145173270583,31.873454344814956,32.98616027832031,910300
2007-09-05,32.92009148249097,33.14475700227854,32.345213027999705,32.60952377319336,857300
2007-09-06,32.84080304702364,33.1910160300993,32.51041267938895,33.12493896484375,957000
2007-09-07,32.741694494150515,32.97957603165461,31.64479825396547,31.81660270690918,1014000
2007-09-10,32.03463922860702,32.47075426991107,31.605133404066255,32.18001174926758,1371100
2007-09-11,32.41127795095517,33.39584185104364,32.12714217874668,33.38923263549805,1256000
2007-09-12,33.376028737943685,33.547833114485414,32.75489584898669,33.17118835449219,1156800
2007-09-13,33.508192853626596,33.58748836236319,32.84080537283809,33.442115783691406,985800
2007-09-14,33.1315355463986,34.287901480024196,33.11171293701045,34.19539260864258,948400
2007-09-17,33.931109280596665,34.360618014044185,33.50820976988645,33.5412483215332,721000
2007-09-18,33.706424655736086,35.213006466716166,33.41568203570481,35.14692687988281,1037700
2007-09-19,35.312106206994805,35.76143711294949,34.605071329823225,35.68214416503906,1336600
2007-09-20,35.40462465748766,35.5499946709083,34.72401894658107,35.080841064453125,1459600
2007-09-21,35.34516180472109,35.80109959385528,34.96190777738171,35.64912033081055,2293000
2007-09-24,35.55660582978174,36.263640886757884,35.10066559182354,35.662330627441406,1098500
2007-09-25,35.44427987195392,36.541175842285156,35.437673173394906,36.541175842285156,1208700
2007-09-26,36.541161027610045,36.67331763131787,35.99932122101775,36.4354362487793,1118300
2007-09-27,36.69316096095843,36.69316096095843,36.09185046916009,36.55439758300781,671600
2007-09-28,36.63368326373356,36.71958546559592,35.70198252254481,35.87378692626953,1627700
2007-10-01,35.94646486770507,36.36936403921347,35.90681712512195,36.362754821777344,1133300
2007-10-02,36.25043305877075,36.673332343750474,36.038983416280885,36.56100082397461,917900
2007-10-03,36.45527059223164,36.5609979257741,35.23943650463373,35.45749282836914,1887800
2007-10-04,35.47731189930194,35.66233219384153,34.79670864201601,35.07423782348633,1024600
2007-10-05,35.25926794205612,36.4288503949046,35.19979756239674,35.84736251831055,1066200
2007-10-08,35.72179903314797,35.92003270285093,34.97511627256635,35.080841064453125,889800
2007-10-09,35.34515071317448,35.49052071182443,34.605074724486535,35.35836410522461,1263400
2007-10-10,35.27908145037525,35.27908145037525,34.20861741364847,34.44649887084961,1203100
2007-10-11,34.439880821281456,34.895821004232744,34.17557011935906,34.33415603637695,1031000
2007-10-12,34.505964247729445,35.60946665608547,34.294514654263885,35.497135162353516,956000
2007-10-15,35.391410203270496,35.675546065813556,34.9949403268328,35.31211471557617,989600
2007-10-16,35.21301497072307,35.68216880748817,34.84297675712686,34.9553108215332,1002500
2007-10-17,35.34514198670893,36.138076389182736,34.829731600288575,35.17994689941406,1165600
2007-10-18,35.12050131050639,35.84075249937561,34.842972057572084,35.741634368896484,787900
2007-10-19,35.68876384134992,35.99933157125359,34.17557798190291,34.20200729370117,1706700
2007-10-22,34.19539835628811,35.46409598392925,33.93769430821589,35.07423782348633,1273200
2007-10-23,35.02799137409333,35.338559176883,34.14254494375331,34.254878997802734,1604200
2007-10-24,34.16234877093491,34.42665943080551,32.42449553242413,33.80552673339844,1994800
2007-10-25,33.812137329939766,34.23503897174735,33.12492751844231,33.693199157714844,1513000
2007-10-26,34.10948895505245,34.17556851794494,32.60291021058985,33.39584732055664,1047200
2007-10-29,33.389247036264386,33.66016701490651,32.48397820821801,32.6425666809082,1641900
2007-10-30,32.497198895765635,33.1117252215664,32.36504223589949,32.431121826171875,1733200
2007-10-31,32.51041132687237,32.98617172241211,32.008216577380296,32.98617172241211,1638200
2007-11-01,32.464142372383314,32.97955028752404,31.281344829028704,31.37385368347168,1762600
2007-11-02,31.691045115037547,31.909103978999973,31.10295063321684,31.34743881225586,1995400
2007-11-05,31.27474594116211,31.532449963063506,30.627178757053652,31.27474594116211,1589700
2007-11-06,31.15579430379545,31.46635935217194,30.845226734741985,31.294557571411133,1553300
2007-11-07,31.09633619860494,31.202060994645347,30.66022109985352,30.660221099853516,3104300
2007-11-08,30.660223083246397,31.4663737599497,30.60075272408419,31.380474090576172,3461800
2007-11-09,30.44216279720865,31.506019992967083,30.39590835571289,30.39590835571289,2970100
2007-11-12,30.343047203710956,30.65361492571146,29.741736893901994,29.847461700439453,2420900
2007-11-13,30.0655175467025,30.785768507439634,29.847458736987804,30.660221099853516,1845800
2007-11-14,30.495032853039152,30.924538831403403,30.395914731512804,30.739521026611328,1912400
2007-11-15,30.693280109942393,31.22190444293553,30.693280109942393,30.90472984313965,1441700
2007-11-16,30.85845333178612,31.188843619020066,30.448770081405826,30.80558967590332,2925800
2007-11-19,30.61397378129466,30.67344162976665,30.15803344424764,30.296796798706055,2207100
2007-11-20,30.296799006202914,30.732914238190446,29.748352246901035,30.33644676208496,1646600
2007-11-21,30.08534015824821,31.089726980971058,29.893715698391077,30.660221099853516,2119400
2007-11-23,30.75272896369426,31.01703968471023,30.4091227577634,30.98400115966797,582200
2007-11-26,30.765948631797272,31.32761118808141,30.65361460813353,30.68665313720703,1905600
2007-11-27,30.917931766496636,31.889277750820685,30.699872909994628,31.8430233001709,1818900
2007-11-28,32.00821791106456,33.4487201156988,31.869454561611896,33.42229080200195,1591900
2007-11-29,33.309942790264174,33.48174460026319,32.7086326742515,33.21743392944336,1043200
2007-11-30,33.07868575964751,34.11611135140032,33.07868575964751,34.06324768066406,2831400
2007-12-03,34.11611197131617,34.11611197131617,33.48176051434719,33.845191955566406,1743400
2007-12-04,33.50157011218343,35.239423442611496,33.50157011218343,35.04118728637695,2458600
2007-12-05,35.02793738997074,35.4857746371078,34.73598100236478,35.472503662109375,1608200
2007-12-06,35.4326742392089,35.4326742392089,34.63643388518138,35.19380187988281,1544700
2007-12-07,35.37297247112778,35.87725682703039,35.0743818841949,35.75118637084961,1394800
2007-12-10,35.48576403361362,36.1227554561206,35.28670453047755,35.99668502807617,1073800
2007-12-11,35.996687222106445,36.12275765783498,34.68952560424805,34.68952560424805,1349200
2007-12-12,34.88194364174328,35.49902978251302,34.450646005746,34.96156692504883,1662100
2007-12-13,35.04120272178885,35.16727316720145,34.596633990065726,34.835506439208984,1259300
2007-12-14,34.510363951769925,34.76914405095624,34.15869213177764,34.18523406982422,1319700
2007-12-17,34.52363840825132,34.935030895995105,33.97954127922636,34.171966552734375,1402600
2007-12-18,34.53691348805565,34.696162620191934,34.03262921011909,34.463924407958984,1247400
2007-12-19,34.48381850036972,34.643065038378424,34.13214421084251,34.2913932800293,888700
2007-12-20,34.66299365614808,35.14737284237539,34.04590725410434,35.13410186767578,1106800
2007-12-21,35.37959624492053,36.06967150179035,35.14736059654064,35.8307991027832,2046900
2007-12-24,35.99668295845647,36.096213969891444,35.75781055595552,35.897151947021484,417800
2007-12-26,35.72463945905071,36.29527860563876,35.46586183005825,36.15593719482422,469100
2007-12-27,36.12939120182243,36.16256736289207,35.67155157305338,35.67818832397461,931000
2007-12-28,36.109489931116016,36.408080496442956,35.78435995089946,35.844078063964844,1002900
2007-12-31,35.67154329525829,36.069664729243996,35.59855677031358,35.91041564941406,1037600
2008-01-02,35.99005747756104,36.063044034999095,34.22505850196787,34.42411804199219,2146500
2008-01-03,34.3643891284091,34.808955210392995,34.284763312477004,34.47055435180664,1451400
2008-01-04,34.304669574957956,34.43737673136279,33.07713154218634,33.15675735473633,1779400
2008-01-07,33.51507700882594,34.05917682435502,32.84490926679813,33.58806610107422,2211900
2008-01-08,33.54823717114547,33.700849492795356,31.325399586957268,31.424930572509766,2656500
2008-01-09,31.484657984656636,32.15482555488325,31.19270169050817,31.909318923950195,2091500
2008-01-10,31.577542637523766,32.63919466262435,31.305494147893114,32.134910583496094,1458900
2008-01-11,31.915942769745186,32.20126222018856,31.29885675191911,31.484647750854492,1485000
2008-01-14,31.83633088360118,32.30743897022022,31.557648082337728,32.08847427368164,1170400
2008-01-15,31.783252099456963,32.38043066380348,31.604097770799264,31.736804962158203,1856900
2008-01-16,31.73016817357192,32.95106977653305,31.531108652354384,32.51313781738281,1716900
2008-01-17,32.40696672912797,32.970969026109785,31.378490612243002,31.43157196044922,2208600
2008-01-18,31.192701258282952,33.09704377010938,31.18606703858917,32.2211799621582,2547600
2008-01-22,31.126359287168576,31.922600067676495,30.801226728121794,31.458126068115234,2816800
2008-01-23,30.82112206914739,34.15869373412062,30.78794591062218,33.846832275390625,3694800
2008-01-24,33.80038448975951,33.90654971368232,32.60602508783325,33.004146575927734,2427800
2008-01-25,32.97762156348834,33.72077851238619,32.679030926955306,32.924537658691406,1486300
2008-01-28,32.85153662793341,33.508435789808814,32.71883197648131,33.375728607177734,1337700
2008-01-29,33.28282894603881,34.15869266584152,33.28282894603881,33.71412658691406,2102900
2008-01-30,34.1719728433155,36.753117571540365,34.15870187050863,35.797630310058594,4049800
2008-01-31,35.419421154985294,37.078255008781426,35.31325588958953,36.85265350341797,3566500
2008-02-01,36.40143897768578,37.48963323655469,36.301907965471194,37.33702087402344,2891500
2008-02-04,37.46973576396941,37.52945387736214,36.30855219447258,36.39480972290039,2013900
2008-02-05,35.83742595275361,37.064963854963096,35.73126074515728,36.32844161987305,2734200
2008-02-06,37.00525859271094,37.01189281309452,35.877251289070635,35.92369842529297,1984100
2008-02-07,35.83743043544789,36.978708458247944,35.67818386972327,36.89244842529297,2198200
2008-02-08,36.706660085174526,36.865909182787526,35.67818402875863,35.870609283447266,2017800
2008-02-11,35.830791825083935,36.28862880940252,35.38622580814565,36.122745513916016,1386200
2008-02-12,36.45453365660724,36.71331387674531,35.844083983288,36.25547409057617,2004000
2008-02-13,36.534140450075874,37.071600744877784,35.99667762409557,36.494327545166016,1679500
2008-02-14,36.348346443977476,36.434606465285206,35.784344258824405,35.8506965637207,1251600
2008-02-15,35.678181785247034,35.93032511928797,35.35968614122718,35.717994689941406,1510600
2008-02-19,36.162560540357646,36.43460905968935,35.35968595052242,35.75780487060547,1296400
2008-02-20,35.63174667070501,36.31518531229941,35.51231044754765,36.023231506347656,1654000
2008-02-21,36.348368011028214,36.348368011028214,34.83551228738226,34.93504333496094,2101000
2008-02-22,35.10755048348646,35.14072664572992,33.91982514444666,34.8089599609375,1609100
2008-02-25,34.868672915174294,35.25352342765509,34.29803389662887,35.18053436279297,1300400
2008-02-26,35.014666661724995,35.7312815984322,34.89523041707718,35.505680084228516,1289300
2008-02-27,35.51231273007749,36.0232338217166,35.26680604722057,35.73127746582031,1335700
2008-02-28,35.45923188868745,35.54549195864507,34.875324188982525,35.13410186767578,1943400
2008-02-29,34.603268367897655,34.656349724521235,33.654415388447255,33.687591552734375,1745800
2008-03-03,33.69420615233529,34.311292067215284,33.56813578898579,34.10559844970703,1523600
2008-03-04,33.84020111817022,34.49710025359458,33.53497638223436,34.264862060546875,1933600
2008-03-05,34.418129274874616,35.431012903391505,34.27818916416412,35.18445587158203,1461700
2008-03-06,35.17779753312749,35.63759354690943,34.66469051032274,34.704673767089844,1366800
2008-03-07,34.511427920217336,35.4443477743166,34.16491396000594,34.64470291137695,1390900
2008-03-10,34.6513669714242,34.871271097368776,33.09871796196331,33.2253303527832,2081800
2008-03-11,33.39191198930944,35.104488372802734,33.39191198930944,35.104488372802734,1614500
2008-03-12,35.071173804159045,35.87748365278497,34.98454469600655,35.18445587158203,1898500
2008-03-13,34.80462315511342,36.24398714828151,34.458109271682964,35.764198303222656,1644200
2008-03-14,36.08405551336864,36.09738072035214,34.57139031992132,35.09115982055664,1602200
2008-03-17,35.664255259779985,36.15070686275381,34.28486443630385,34.338172912597656,3030500
2008-03-18,34.9179104115139,36.32395386444875,34.65136046803326,36.317291259765625,2821000
2008-03-19,36.49054310615436,36.650473563825656,35.45100402832031,35.45100402832031,2205400
2008-03-20,36.090726288917885,36.67713466729272,35.33106221843689,36.6638069152832,3206000
2008-03-24,36.64381418314637,38.7362228148509,36.59716578313226,38.54963684082031,2774900
2008-03-25,37.78996545295775,38.283081981186506,36.9170195301589,38.003204345703125,2498500
2008-03-26,37.92324816652922,38.123159351686844,36.93035230336729,37.47677993774414,1226500
2008-03-27,37.303502116280306,37.5567241735247,36.65045789876143,36.6904411315918,1955400
2008-03-28,37.02363626220964,37.28352098481458,36.28396279509841,36.377254486083984,1807500
2008-03-31,36.370599524559225,36.370599524559225,35.69756211189122,36.25065231323242,2306500
2008-04-01,36.81708310555002,38.16315595128277,36.27065782209538,38.143165588378906,2895400
2008-04-02,38.11649667961565,39.295975974570126,38.11649667961565,39.062744140625,2577600
2008-04-03,38.91614763320883,39.04942007431545,37.916589072855956,38.27642822265625,2859500
2008-04-04,38.58295579779028,39.60250456664306,38.2164490123779,39.28264617919922,2984800
2008-04-07,38.91614036731403,40.475451532011405,38.91614036731403,39.86905288696289,2862400
2008-04-08,39.66916164559128,39.97569498573572,38.84952361996536,39.0960807800293,1877700
2008-04-09,38.99612104218598,39.62251030978499,38.483013885340306,38.62295150756836,2246800
2008-04-10,38.716227167752145,38.716227167752145,37.9898813049502,38.48299789428711,2166900
2008-04-11,38.616276254451236,38.789531938279296,38.016540152722065,38.243106842041016,1965500
2008-04-14,38.163144118990886,38.6895788763232,38.00987878622491,38.369720458984375,1376500
2008-04-15,38.46967110970675,38.82284760182122,38.01653775959346,38.816184997558594,1429100
2008-04-16,38.929465575329694,39.949016845098846,38.81618351313779,39.86905288696289,1654000
2008-04-17,39.78241852612315,39.8024088775136,38.55629364801724,39.02275466918945,1135000
2008-04-18,39.995662679302036,40.14226538748543,39.4292447425988,40.12227249145508,1663200
2008-04-21,39.92235541907961,40.042302609483094,39.08939023128208,39.475887298583984,1610700
2008-04-22,39.382607993182226,39.94236091327863,38.59628835442754,39.55586624145508,2003800
2008-04-23,40.855277067249546,41.84817013836981,40.675356283313235,41.534976959228516,4036000
2008-04-24,41.58163700525999,42.26799973457533,40.54209519042539,42.06808853149414,2418100
2008-04-25,41.97481034077204,41.97481034077204,41.06187806704936,41.52833938598633,1103300
2008-04-28,41.115173635933175,42.061421132804554,41.115173635933175,41.62828063964844,1272800
2008-04-29,41.54164936573044,42.06808409385228,41.28842717946789,41.76155090332031,1175000
2008-04-30,41.961475249920035,42.85441191940345,41.654941981788795,41.768226623535156,1998600
2008-05-01,42.074743768437735,43.800650552349204,41.82818674588256,43.72068405151367,2906500
2008-05-02,44.08052217054119,44.620282027171086,43.20757112895957,43.620723724365234,1912200
2008-05-05,43.64738322210855,44.14716241930827,43.207575088244695,43.8139762878418,1186500
2008-05-06,44.14048841152887,44.88682702642525,43.354169095768434,44.82685089111328,1440300
2008-05-07,44.660256410148534,44.806859087249144,42.46789410827848,42.507877349853516,2514100
2008-05-08,42.887735204493914,43.18760080076517,42.268008566050376,42.87440490722656,1443100
2008-05-09,42.38126643191624,42.84772997311356,42.16802755377388,42.594505310058594,1173300
2008-05-12,42.601176256580274,43.29420397592784,42.18136104593592,43.26088333129883,1520400
2008-05-13,43.31420455358078,43.374175627249514,42.74778904929905,43.367515563964844,1268900
2008-05-14,43.45415625184293,44.380413750934544,43.18094613194786,43.774017333984375,1284300
2008-05-15,43.554090461309904,43.85395593878895,43.074301630130016,43.62739181518555,1438600
2008-05-16,43.80065310517834,43.80065310517834,42.42126011846723,42.74778366088867,2130000
2008-05-19,43.14094430840653,44.88017654027994,43.07430809052988,43.694034576416016,1952800
2008-05-20,43.427477465612164,44.14716070174423,42.974344141086426,43.19424819946289,971800
2008-05-21,43.427484718502754,43.84730255170256,42.20136203796042,42.361289978027344,1407000
2008-05-22,42.38126943161804,43.060971899066345,42.148040186519594,42.70779037475586,1203300
2008-05-23,42.24133701645497,42.621169000051395,41.34173548520206,41.568302154541016,1791700
2008-05-27,41.64825945172754,42.208012160439075,41.27509013191717,42.1746940612793,1818500
2008-05-28,42.48788752428918,42.49455266936995,41.90148185758327,42.34794998168945,1736700
2008-05-29,42.50790460759957,43.5074634098613,42.09475180575122,43.13429641723633,1219200
2008-05-30,43.5007838431706,43.780658994878046,42.961023895732346,42.981014251708984,3195900
2008-06-02,42.98767340264465,43.227567808939426,41.9814499253536,42.12138748168945,1567600
2008-06-03,42.534542413151684,42.9143743965371,41.501663380498556,41.8215217590332,1529300
2008-06-04,41.49385510913055,42.87810050406321,41.49385510913055,42.47018051147461,1100000
2008-06-05,42.16257218941944,42.83797468994485,41.801464689676735,42.83129119873047,957100
2008-06-06,42.39663085682261,42.697551267582114,40.825145412755994,40.83852005004883,1757400
2008-06-09,40.8117620329753,41.353423248022715,40.263414776189336,40.99900436401367,1692200
2008-06-10,40.778345310899105,41.55405660465859,40.510860153264154,41.1795768737793,1437500
2008-06-11,40.905387018597196,40.938824884307365,39.24028436465136,39.33390426635742,2317600
2008-06-12,39.81538425060761,40.417227618836705,39.18010301390644,39.634830474853516,1428800
2008-06-13,40.11631399848984,40.564352941177034,39.460969419620895,40.22330856323242,1270700
2008-06-16,39.62813923807872,40.41722492351468,39.47433474697863,40.08286666870117,1514400
2008-06-17,39.74180737064302,40.25003060371197,39.68830884560941,39.79530334472656,980800
2008-06-18,39.4542684917704,40.002615748088445,39.22690480859336,39.49439239501953,1830200
2008-06-19,39.58132392388198,41.18624434992771,39.41414481912516,41.045814514160156,2160500
2008-06-20,40.57770854935459,40.684703063915855,39.246961882982795,39.374019622802734,2728800
2008-06-23,39.70838598913703,39.855501882655936,38.43113759210125,38.46457290649414,2094200
2008-06-24,38.384342535481814,38.55820776835783,37.48157339087952,38.09679412841797,3486900
2008-06-25,38.136907888843844,38.6852553112489,37.65543365877565,38.3709602355957,2274100
2008-06-26,37.668808579995705,38.06334893846322,37.314387035328544,37.36788558959961,1855400
2008-06-27,37.67547717150271,37.802532352613895,36.38485448350644,36.95326232910156,3483500
2008-06-30,36.82621353012788,37.43474537830096,36.31799016665561,36.67240905761719,2799800
2008-07-01,36.25111430695152,36.89308141880405,35.12098454436006,36.34473419189453,2950500
2008-07-02,36.612217794302886,36.612217794302886,34.933740986790404,35.11429214477539,2715000
2008-07-03,35.288170915812316,35.43528936588837,34.61945439866814,35.02068328857422,1546700
2008-07-07,35.38179114906882,36.26449675583115,35.28148265018401,35.615840911865234,2607000
2008-07-08,35.69608694998264,37.25419504516703,35.42859933360588,37.24750900268555,2423500
2008-07-09,37.17394607280543,37.942970979970795,36.56541422964831,37.0201416015625,2872000
2008-07-10,37.16725931143818,37.5083035582959,36.170870737605654,36.93989562988281,1869700
2008-07-11,36.59216288055446,37.15388476866651,35.997005682032906,36.545352935791016,1738600
2008-07-14,37.14719793962635,37.14719793962635,36.13074863902583,36.525291442871094,1668100
2008-07-15,36.12406127574076,36.652347859201896,35.334975696911656,35.97025680541992,3312000
2008-07-16,35.97693528101503,38.136888554930614,35.55564331120142,38.049957275390625,2825000
2008-07-17,37.22075632701458,38.043277228369675,36.786089627890405,37.34112548828125,2675700
2008-07-18,37.11375547803235,38.3174443346974,36.79277195298503,38.18370056152344,2371200
2008-07-21,38.04328618151101,38.36426983677913,37.8159224401605,38.06334686279297,2246500
2008-07-22,38.30408748987904,39.31385102285211,37.628684820586,39.28710174560547,2479200
2008-07-23,34.46564449362248,34.52582907275258,32.87409871847701,33.14158630371094,8726800
2008-07-24,32.93429172106635,33.108156910271674,31.57010927917356,32.11177062988281,4946400
2008-07-25,32.47954849833343,33.3488791249178,32.118441106214505,33.30875778198242,3274000
2008-07-28,33.00784922430029,33.14159304411835,31.804159947840066,31.99139976501465,3669600
2008-07-29,32.31237057401661,33.12820525516489,32.05825767234007,33.08808135986328,2206200
2008-07-30,33.02121293832089,33.32882183648295,32.031513080571,32.48624038696289,1697800
2008-07-31,32.151882896664326,33.168329490050866,32.10507040592444,32.23212814331055,2073700
2008-08-01,32.69356201557867,32.854055160531715,31.37618918097274,31.96466064453125,2421200
2008-08-04,31.97800318710156,32.245490643208456,31.362785609384908,32.0916862487793,2691400
2008-08-05,32.41270420914526,34.238300772485395,32.24552500864577,34.16474151611328,3596800
2008-08-06,34.004224813018176,34.238277062205704,33.44919157821994,33.75011444091797,2341500
2008-08-07,33.703302082128644,33.970787067921606,33.201764863947865,33.57624435424805,1399700
2008-08-08,33.60968329027215,34.860184726075694,33.556187307713174,34.7598762512207,1712200
2008-08-11,34.65287777162088,34.9738612831127,34.02428538048485,34.48569869995117,1693800
2008-08-12,34.43219869544089,34.479008625956304,33.689923295910866,34.43888473510742,1561000
2008-08-13,34.23159746203556,34.686324896013126,33.750123306198354,34.47233581542969,1496500
2008-08-14,34.11120888835876,35.227966159137935,34.06439896303355,35.1209716796875,1595600
2008-08-15,35.26141247963621,35.26141247963621,34.48570162336833,34.6930046081543,1501700
2008-08-18,34.960485292723405,35.10091764619099,34.3185182946862,34.43220138549805,1293200
2008-08-19,34.412150154459056,34.840128302285905,33.77686897523751,33.964111328125,1444800
2008-08-20,34.4322168061844,34.49240139863882,33.415767328593766,33.59632110595703,1384800
2008-08-21,33.66986375924421,33.66986375924421,32.98108680547849,33.31544494628906,987600
2008-08-22,33.007844211470854,34.398773093868314,33.007844211470854,34.291778564453125,1030000
2008-08-25,34.02428222506106,34.18477269044793,33.19507298406238,33.837039947509766,1138100
2008-08-26,33.77686189911166,34.09115940161891,33.48931621392791,33.99753952026367,1865600
2008-08-27,33.97078553301185,34.74649629337767,33.47593692863112,34.43220138549805,994200
2008-08-28,34.5391983241425,35.635892660969546,34.438889857575276,35.44865036010742,1540100
2008-08-29,35.047427618563624,35.482094313784415,34.63282415067426,34.8468132019043,1317600
2008-09-02,35.77632056768324,36.2778577719031,34.666251657714625,34.79999542236328,1354200
2008-09-03,34.92759842090224,35.216367474252266,34.43736324148451,34.68584060668945,1248700
2008-09-04,34.423940723510434,34.84030706170026,33.685230549710255,33.846405029296875,1154800
2008-09-05,33.705368300673285,34.16202622770346,32.91293263681393,33.4770393371582,1632400
2008-09-08,33.69864999397835,34.28290247150765,33.47032105674682,33.91354751586914,1473100
2008-09-09,34.222457766711806,34.90744448600082,33.77923136738129,34.14858627319336,2460200
2008-09-10,34.658979693947344,36.07596220593211,34.02100145789692,35.579010009765625,2773900
2008-09-11,35.37081720103587,37.2041654648155,35.04847095734391,37.110145568847656,2652500
2008-09-12,36.92884294714818,37.5802501261292,36.18341583385964,37.291481018066406,1674000
2008-09-15,36.64007481925633,37.586968122114826,36.18341680181437,36.68036651611328,2865200
2008-09-16,37.55336898023908,37.65410329414072,35.99536097904856,37.0094108581543,3435000
2008-09-17,35.94836193607417,36.70050587445774,34.99475443953241,35.14921188354492,3125500
2008-09-18,36.263990135319254,38.063758739570126,35.08876823278576,37.61381530761719,3276600
2008-09-19,38.6077123610429,38.64800403641121,35.934920217813044,37.80184555053711,2909100
2008-09-22,37.58696148593026,37.74141894076806,35.652880963047515,35.84091567993164,1336100
2008-09-23,36.03566414578812,36.559476559593456,35.43126323618146,35.458126068115234,1506500
2008-09-24,35.45812180881377,36.022228402758145,35.02161237033727,35.5387077331543,1486800
2008-09-25,36.02896126375055,36.445325045020304,35.001479388174786,35.3842658996582,1874600
2008-09-26,34.92760079134821,35.54543318990479,34.58510860996711,35.04848098754883,1602600
2008-09-29,34.39034504608787,34.873865664253486,32.671165180219134,32.704742431640625,2977900
2008-09-30,32.523438277268745,34.22247314453125,32.48986100924888,34.22247314453125,2553600
2008-10-01,33.201705410717146,34.6052566101925,32.912936319788166,34.242618560791016,2065500
2008-10-02,33.92026527615717,34.262759996553335,31.180320321891767,31.455657958984375,3184000
2008-10-03,32.147372391597074,33.544209553287104,31.294496298758187,31.401945114135742,3048700
2008-10-06,30.589359650092668,31.56311586465646,29.27982560718147,31.475812911987305,4100800
2008-10-07,31.556385509896643,32.08691226399375,29.944651722500744,30.42145538330078,3426500
2008-10-08,30.461746360362095,30.72365249634781,28.984324307198122,29.676025390625,4188300
2008-10-09,29.810345354916436,30.31401193125347,26.486145438735864,26.781631469726562,4901700
2008-10-10,26.210809651800076,28.970903093664326,24.51177510151943,27.79568099975586,5578300
2008-10-13,28.400081969429422,29.541726802022612,27.8829839404966,29.514863967895508,2772400
2008-10-14,30.58263197431422,31.368350522670156,30.132688547088357,30.448320388793945,4954100
2008-10-15,30.058823907911574,30.119264007102174,26.862220764160156,26.862220764160156,3893400
2008-10-16,26.86221133961397,28.8634457770016,26.01605280959938,28.541099548339844,5052000
2008-10-17,27.715098396743155,30.6497954902118,26.714479480533495,27.298734664916992,3535400
2008-10-20,27.668087572910125,28.876886980675216,26.915946117688883,28.299348831176758,2579800
2008-10-21,28.12474966985164,28.628416377454663,26.58017227889197,26.90923309326172,2829200
2008-10-22,28.10460281475548,31.20719174976008,27.86955936291339,29.474576950073242,6581300
2008-10-23,29.629020748251545,30.904976913139215,29.212657156650643,30.320724487304688,4306700
2008-10-24,28.312771284604036,30.663214829546238,28.205322539306454,29.655881881713867,2701400
2008-10-27,28.897036147587436,31.589975491529668,28.850027461344368,30.052112579345703,3035700
2008-10-28,30.938554565923198,32.77190035194266,29.95136738815105,32.664451599121094,3036600
2008-10-29,32.973366443260566,34.618677552287366,31.89887891504487,32.664451599121094,2739500
2008-10-30,33.46360640218603,34.699265863756885,33.013662957565764,34.141876220703125,2360600
2008-10-31,34.06800725214068,35.92821613317876,33.470323318875515,34.77313995361328,2571400
2008-11-03,34.83357579621355,36.075954748936255,34.83357579621355,35.981937408447266,3028700
2008-11-04,36.975837307446206,37.40563230777806,36.58633398728279,37.37205505371094,2946100
2008-11-05,36.98927111681237,37.492937645776934,34.80671615796591,34.981319427490234,2029400
2008-11-06,34.50451725386749,35.65287637585473,33.79938459449536,33.94041061401367,1869000
2008-11-07,34.51795817466483,34.93432192104254,33.67179670098288,34.75971603393555,1779100
2008-11-10,35.56557111394401,35.793900037936794,34.99475008485224,35.155921936035156,1903000
2008-11-11,35.20294271582413,35.90807813310022,33.913557215694325,35.22309112548828,1576200
2008-11-12,34.517940023299545,35.12905518325471,34.02770244852527,34.16201400756836,1901400
2008-11-13,34.06129147324935,36.149829224071176,32.17421983459907,36.02223205566406,2986700
2008-11-14,35.18951494903399,35.90136225529127,33.87998099865431,34.101593017578125,2012900
2008-11-17,33.9874225325457,35.861062896873655,33.75909357171239,34.51795196533203,2857500
2008-11-18,34.40377846494732,35.847623416276164,33.906828966662204,34.504512786865234,3116100
2008-11-19,34.558238868072515,34.887302127914694,31.69069711891805,31.73099136352539,3952800
2008-11-20,31.589967556716793,31.898882434943637,29.454421117182328,29.555152893066406,4088300
2008-11-21,30.146130088421916,32.362263027712196,29.252962483975487,32.32868576049805,3281600
2008-11-24,33.02038871355902,34.33663968001054,32.24810128510628,33.77924728393555,3248500
2008-11-25,34.24933340638889,34.32991935592873,32.71818755622618,33.383026123046875,2563700
2008-11-26,32.85249528753837,34.47094657363549,32.46299441238789,34.464229583740234,2484900
2008-11-28,33.93370479703541,34.45751992478015,33.34273769351111,34.303062438964844,1139300
2008-12-01,32.65774383733579,33.69865432304783,30.71694890243546,30.723663330078125,3559300
2008-12-02,31.13330760330364,31.96603483393176,30.374449312049908,31.428791046142578,2862000
2008-12-03,31.42879215825667,33.27833727927291,31.111533347175985,33.24458694458008,2729200
2008-12-04,32.5695836266936,33.109596933486024,31.40180404607168,31.7528133392334,2383800
2008-12-05,31.428797778241766,32.66407775878906,29.93700799820143,32.66407775878906,2537200
2008-12-08,32.44131511429469,34.8578744242939,32.40756220725351,34.263858795166016,3103600
2008-12-09,33.39309867896193,34.567627058430055,32.967837160540554,33.87236022949219,2551300
2008-12-10,34.08835870640935,35.39114173029671,34.074858057329344,34.56087112426758,2080600
2008-12-11,34.284115658665165,35.040134013186986,32.758575725003375,32.94758224487305,2001300
2008-12-12,32.46831516216199,33.85210200788668,32.18480927132118,33.183834075927734,2088900
2008-12-15,33.440339709874316,33.69009525581414,32.48856593076739,32.85307312011719,1456800
2008-12-16,33.703616019388114,34.89839702115037,32.91384439195786,34.695892333984375,2256300
2008-12-17,33.3323430158825,35.7691550051289,33.3323430158825,34.932132720947266,1937700
2008-12-18,34.97263513944161,35.74215418318967,33.85885594981524,34.223365783691406,1903800
2008-12-19,34.64862552926479,35.50589489492472,34.22336407760914,34.9523811340332,2205100
2008-12-22,34.91862909479643,35.431643456697145,34.23686305791121,34.92538070678711,1748900
2008-12-23,35.18862544299048,35.28987641494385,34.2841028552899,34.74311447143555,1048500
2008-12-24,34.72286770753473,35.10087809089282,34.40561152193382,34.79037094116211,459700
2008-12-26,34.97263078435742,35.1008830840158,34.2976138019725,35.033382415771484,753400
2008-12-29,34.62837021926988,34.77687477740827,33.993855191289754,34.331363677978516,729700
2008-12-30,34.6891046540363,36.07288824850375,34.203091850131976,35.985137939453125,1954500
2008-12-31,36.11341900031221,37.55120630954507,36.03241765999923,37.14619445800781,2671700
2009-01-02,37.29468644758578,37.89545112044517,36.687170163241845,37.6996955871582,1876600
2009-01-05,36.16066605731531,37.37569632958648,35.910910449817315,36.282169342041016,2709300
2009-01-06,36.63317436957025,37.12593649035302,35.81640438477903,36.11341094970703,2417500
2009-01-07,35.70165820595974,35.89066219219346,34.79713508257717,34.97264099121094,1770600
2009-01-08,34.89161729118432,35.21562504457203,34.01409597055286,34.63511276245117,2338900
2009-01-09,34.63512991468468,34.68238090785046,32.87333479097634,33.2715950012207,2308200
2009-01-12,33.37959852414399,33.71710709855396,32.44132509928202,32.71133041381836,1921700
2009-01-13,32.637084775824086,33.24460136373469,32.33332905685538,32.819339752197266,2343100
2009-01-14,32.40081571717001,32.40081571717001,31.604295458124074,31.732547760009766,2451400
2009-01-15,32.110574906158476,33.21760294032283,31.354556200507393,32.927345275878906,2931400
2009-01-16,32.88683084378839,33.22433936205391,31.226286976932904,31.887805938720703,2547100
2009-01-20,30.774029088076013,31.705553388791408,30.32176630095876,30.32851791381836,3097000
2009-01-21,30.28126474475326,31.199288328675784,29.666999343008868,31.091285705566406,3489800
2009-01-22,30.841533741400614,30.902285390037086,29.835759594513256,30.463525772094727,2668000
2009-01-23,29.70075107458774,30.00450927102954,29.22148957297166,29.558998107910156,2761300
2009-01-26,30.166513961950518,30.17326557509703,28.958235282304965,29.457746505737305,2321500
2009-01-27,29.45099140823884,30.294762628936837,29.032479028783133,30.085506439208984,2508100
2009-01-28,30.085511327508563,32.616825400890946,30.078762289639975,31.260042190551758,4364700
2009-01-29,31.2802811342249,31.395032763474,30.213753268337083,30.51751136779785,2310200
2009-01-30,31.53680055844346,32.14431441929528,30.828030524970742,31.03728675842285,3550600
2009-02-02,30.990034102543238,31.010283790988776,29.72100126857792,30.375768661499023,3198900
2009-02-03,30.612021649835015,31.813553728721534,30.504019026731406,31.78655242919922,3203200
2009-02-04,31.52328678414249,32.562813330500404,31.52328678414249,31.68528938293457,2601300
2009-02-05,31.239799375804488,32.954343911422114,31.172298676758942,32.6370849609375,2500900
2009-02-06,32.67083187105891,33.92636163708667,32.67083187105891,33.750858306884766,3031800
2009-02-09,33.5281028357008,33.84536174130897,32.859837254721945,33.54835510253906,2270200
2009-02-10,33.07583794822198,33.858857682364125,31.97555935262181,32.407569885253906,3078400
2009-02-11,32.90708106122334,32.90708106122334,31.19253714280611,31.773052215576172,2947600
2009-02-12,31.395034924939456,32.09705311980645,30.699768341072495,32.0295524597168,2662300
2009-02-13,32.036303465318454,32.51556487638127,31.651544014185177,31.928300857543945,1772100
2009-02-17,30.436524560484386,31.01703974368282,29.802009342213587,30.598529815673828,2895900
2009-02-18,30.699781446958262,30.834785399756548,29.815508002366403,30.402774810791016,2517600
2009-02-19,30.38252092268831,31.233043977436786,30.18001629179118,30.335269927978516,1852200
2009-02-20,30.09225798421957,30.483766490762633,29.50499136192687,30.18675994873047,2077100
2009-02-23,30.234021973681465,30.59853189134485,28.715233225070378,28.782733917236328,2605800
2009-02-24,27.304444438242154,29.20124099604384,27.203190834984756,29.126991271972656,4101900
2009-02-25,28.84348089765882,29.444245715568044,27.878206221135265,28.195465087890625,3421100
2009-02-26,28.674726282663777,28.674726282663777,27.338192725101564,27.493446350097656,3490800
2009-02-27,27.89845486396092,28.424967319177117,27.074933269916638,27.932205200195312,2984000
2009-03-02,27.452944057363165,27.628449944309093,26.710426281783576,26.791427612304688,4177700
2009-03-03,26.899420780006828,27.668942161649177,26.433660074657613,26.447160720825195,3291800
2009-03-04,27.072008079717694,27.438764450123134,26.270578644026916,27.22142791748047,3936000
2009-03-05,26.800341410177122,26.936177417613383,25.598197019279194,26.07362174987793,3410800
2009-03-06,26.195870431200163,26.79354723032023,25.374066451695075,25.849491119384766,3237000
2009-03-09,25.632148151895358,26.589787880979898,25.469144487200914,25.84269142150879,3237500
2009-03-10,26.277379969724837,27.506692337775895,25.815539002217086,27.479524612426758,3715100
2009-03-11,27.51347724254659,27.89381754563782,27.10597181062169,27.66289710998535,3063500
2009-03-12,27.649313924526062,28.92616828168051,27.34368354769968,28.858251571655273,2977100
2009-03-13,28.899003803009016,29.12992427019678,28.484705089155376,29.01446533203125,2270100
2009-03-16,29.136713777414442,30.535817672800352,29.014461628575,29.90418243408203,3723000
2009-03-17,30.121519155565156,30.72598926809191,29.86343358754489,30.705612182617188,3709600
2009-03-18,30.624107589281028,31.642873640034413,30.040014638978786,31.242158889770508,3339100
2009-03-19,31.242176086288858,31.513848219034358,30.515456110680734,30.80750274658203,3135400
2009-03-20,30.685222669759106,31.60211075082216,29.40836895119257,29.76154136657715,3975000
2009-03-23,30.997667280453136,32.974074122314505,30.37282509112434,32.451107025146484,4757400
2009-03-24,31.473069458614383,31.649654378894766,30.63768186907192,30.692014694213867,4061200
2009-03-25,30.590151291623947,31.187825549418843,29.313297030232636,30.216604232788086,3892200
2009-03-26,30.576549726372544,32.423912048339844,30.27091954945079,32.423912048339844,4125800
2009-03-27,31.445911407470703,32.05717207087743,31.214991000278832,31.445911407470703,1692700
2009-03-30,31.07915418291769,31.344035523920457,29.910970910709835,30.345643997192383,1975700
2009-03-31,30.73956603365472,31.459494964684787,29.965304261317186,30.977279663085938,2027100
2009-04-01,30.596950287373257,30.95012294941667,30.012857138257495,30.800703048706055,2519300
2009-04-02,31.22177756021375,33.46985249506327,30.984063979250624,32.6616325378418,3199800
2009-04-03,33.15065779563466,33.15065779563466,32.199808170722044,32.8178596496582,1474900
2009-04-06,32.600520976807346,32.600520976807346,31.47308639666036,32.16584777832031,1990900
2009-04-07,31.683612652273197,31.826239221022025,30.488259509132032,30.63088607788086,2554500
2009-04-08,30.855008981569544,31.269307334744244,30.427126778520574,31.262514114379883,1655200
2009-04-09,31.690413592971073,33.171020355288825,31.690413592971073,32.77030563354492,2544400
2009-04-13,32.19301104188762,32.45788982359877,31.479872671611414,31.92133903503418,1943900
2009-04-14,31.83304364511881,32.53938875477111,31.4866643150937,32.30167770385742,1783500
2009-04-15,32.26094155410219,32.90616090335571,32.22698318642724,32.83824157714844,1778000
2009-04-16,32.94009770889566,33.829820868380054,32.423924121887396,33.66002655029297,2148500
2009-04-17,33.67360687005512,33.95886005087184,32.96726195919168,33.761898040771484,2050100
2009-04-20,33.626065716309995,33.626065716309995,32.36279816221688,32.6072998046875,2110700
2009-04-21,32.72276146371426,33.429106454691556,32.362798335421616,33.34081268310547,2586000
2009-04-22,34.6855917026204,36.825001677990734,34.56333955597888,35.799442291259766,5146000
2009-04-23,35.3172234761638,36.32919890420747,35.120261415741275,36.179779052734375,2437500
2009-04-24,36.41748998736314,36.675578114348255,35.928484040953954,36.23411178588867,1951700
2009-04-27,35.88093118678425,35.887721818517775,35.05912484084155,35.099876403808594,2133200
2009-04-28,34.71275863809749,35.70435705770068,34.542964281691894,35.30364227294922,1617800
2009-04-29,35.39194322777077,36.356374123764034,35.39194322777077,35.989620208740234,1657800
2009-04-30,36.10506820678711,37.042333685206124,35.50739140698379,36.10506820678711,1956500
2009-05-01,35.96243210770647,36.32239518311726,35.38512995166155,35.867347717285156,1134600
2009-05-04,36.016777520161575,37.34796722378711,35.86736025051194,37.19854736328125,1826700
2009-05-05,36.93366496853024,37.32079585023862,36.437865814602944,37.26646041870117,1777900
2009-05-06,37.273255204609185,37.52455010885776,36.47861632564703,37.40229797363281,1600000
2009-05-07,37.45664130080546,37.52455801652892,35.85378193750807,36.247703552246094,2041100
2009-05-08,36.913303122171335,36.93368021283647,35.39194668316956,35.66361618041992,2085000
2009-05-11,35.276469061067985,35.711144722100364,34.339206225070825,35.46664047241211,1756900
2009-05-12,35.73152111145387,36.15261034670775,34.70596185307889,35.28326416015625,2092200
2009-05-13,34.875747886438454,35.05912603977831,33.94527585580767,34.13544464111328,1824100
2009-05-14,34.638044977397804,34.99800814514783,34.08111975561793,34.51579284667969,1627200
2009-05-15,34.37996382863048,35.38514620322798,34.12866888269524,34.454673767089844,2288700
2009-05-18,34.54296855404204,35.330814361572266,34.33921581932599,35.330814361572266,1639100
2009-05-19,35.09309772195024,35.54814796230424,34.93688721880076,35.00480651855469,1439700
2009-05-20,35.00480994580121,35.69757132597982,34.42750750022406,34.55655288696289,2217000
2009-05-21,34.69917280260886,34.69917280260886,32.74993442751897,33.10989761352539,2677800
2009-05-22,33.23213721652849,33.55135129707061,32.7499220754771,33.001216888427734,1591300
2009-05-26,32.53259376436893,34.60408401489258,32.46467447973431,34.60408401489258,2476900
2009-05-27,34.352808323838445,34.64485234286935,33.38158403343969,33.435916900634766,2545100
2009-05-28,34.013206481933594,34.18979147138903,33.27969362375813,34.013206481933594,2294700
2009-05-29,34.42070843186693,34.923298221836085,33.93849313339879,34.51579284667969,4109300
2009-06-01,35.079525158975024,36.33600272140995,34.930105253289376,35.98283004760742,2106800
2009-06-02,35.697561609166854,36.96762249835767,35.697561609166854,36.349571228027344,1862900
2009-06-03,36.21995645209176,36.431450824071746,35.55818583857951,35.85837173461914,1639100
2009-06-04,35.837887057190386,35.837887057190386,35.21705186755644,35.605926513671875,1569400
2009-06-05,36.17219200338392,36.23359341363733,35.36033122561251,35.81742858886719,1530200
2009-06-08,35.44219898167524,36.417797723072226,35.23070465645069,36.09032440185547,1815200
2009-06-09,36.158537898840606,36.854419506555374,36.06984641679656,36.70432662963867,1574700
2009-06-10,36.9431224600866,36.977233778380025,36.022101251003555,36.76573944091797,1606100
2009-06-11,36.58153536951351,37.100036779085315,36.29499717148182,36.71798324584961,1159500
2009-06-12,36.47239028101503,36.55426059682289,35.237542946648176,35.76286315917969,1865200
2009-06-15,35.47630050280637,35.599103289672,34.46659072387576,34.834999084472656,1270400
2009-06-16,35.10107892380606,35.32621568270004,33.87987459964852,33.948097229003906,1545100
2009-06-17,33.97538077089786,34.173230001417885,33.49781464991109,33.9344482421875,1923800
2009-06-18,33.93445121826584,34.50753009320424,33.4637062766041,34.23463439941406,988100
2009-06-19,34.70538762653192,34.84183551623426,34.10502107588489,34.4256706237793,1609300
2009-06-22,34.13913053079734,34.193708122177505,33.252223200022776,33.70249938964844,2291000
2009-06-23,33.70249461650959,34.3437961889314,33.55240170704908,33.92763137817383,1089300
2009-06-24,34.13912862903229,35.10108237157871,34.0095019769875,34.22781753540039,1576400
2009-06-25,34.04361146732113,35.56499895563264,33.900339786204164,35.469486236572266,1358700
2009-06-26,35.23752924667301,35.54453370274555,34.92369836314569,35.38079833984375,1195000
2009-06-29,35.38080145787534,36.26088756924419,34.889590120827265,35.906124114990234,1368400
2009-06-30,35.878830847122146,36.15854781099291,35.23070541302354,35.57864761352539,1399800
2009-07-01,35.899310997415654,36.30183094033114,35.63323897799363,35.96071243286133,1392200
2009-07-02,35.783318807811376,35.89929780852881,34.65762710571289,34.65762710571289,1191400
2009-07-06,34.712221581848745,35.21707553778468,34.45297077601452,35.16931915283203,1167000
2009-07-07,35.01237596131033,35.05331108703817,34.064067670083446,34.17322540283203,1495500
2009-07-08,34.31652453535575,34.37110475086078,33.470552015251144,34.180076599121094,1585700
2009-07-09,34.261931455955384,34.48024701436828,33.8866991500644,34.22781753540039,947600
2009-07-10,34.036792120769896,34.910054355661934,34.036792120769896,34.69856262207031,920800
2009-07-13,34.432487572625625,34.6371580650378,33.69567067690998,34.50753402709961,2044000
2009-07-14,34.55530753707476,34.97146995041041,34.24830034483714,34.91006851196289,1313600
2009-07-15,35.25116806969595,35.455841156084645,34.65080166403674,34.875938415527344,2361100
2009-07-16,34.343797585064976,36.06303448163573,34.343797585064976,35.84471893310547,1834900
2009-07-17,36.015273449441935,36.015273449441935,35.33985801949257,35.88564682006836,1303300
2009-07-20,35.878840549010576,36.30182672039501,35.59229968273072,36.19266891479492,1469500
2009-07-21,36.39049594705633,36.45189733773152,35.26480465218632,35.75601577758789,2056700
2009-07-22,36.629292942836884,37.523024089887514,36.17901675785931,36.383689880371094,3550700
2009-07-23,36.35640165375715,37.420689453433084,35.96070303924287,37.243309020996094,1933600
2009-07-24,36.943130613770506,37.045464591236815,36.37005149136622,36.82032775878906,1758300
2009-07-27,35.71509499751523,36.72480773925781,35.51724830588122,36.72480773925781,2153300
2009-07-28,36.33592289541566,36.71797635697205,36.16536373262686,36.60199737548828,1660100
2009-07-29,36.39733547467099,36.73845390499603,36.0698620938622,36.376869201660156,1407400
2009-07-30,36.91585104693337,37.44799516869494,36.61566504796791,37.1341667175293,1798500
2009-07-31,37.17507838556251,37.523017952372875,36.79302490222883,37.20236587524414,1409000
2009-08-03,37.19554507738147,37.48890706564565,36.84760290407908,37.3797492980957,1572700
2009-08-04,37.134147721997365,37.45479983776539,36.87489701983329,37.20919418334961,1569100
2009-08-05,37.216016480333245,37.22284030566776,36.15854997331707,36.52695846557617,1395200
2009-08-06,36.4860313113931,36.4860313113931,36.03575503419951,36.1585578918457,1471400
2009-08-07,36.71798249325681,37.50937703675315,36.526957031817716,37.36610794067383,1369700
2009-08-10,37.14778849770467,37.35928020716454,36.642932199183896,37.09320831298828,1106700
2009-08-11,36.94311423876736,37.48890301758262,36.69068481401277,37.291053771972656,1265100
2009-08-12,37.256949389675626,38.21890310451454,36.88171969711926,37.877784729003906,1506000
2009-08-13,38.150692996128804,38.300785973679716,37.6117277270216,37.85050964355469,1184100
2009-08-14,37.707226323258915,37.870961689484794,36.9704093676623,37.36610794067383,1138800
2009-08-17,37.0181623923399,37.318348207541796,36.383684652314294,36.69068908691406,1714100
2009-08-18,36.77937648901986,37.563949651753376,36.77937648901986,37.44114685058594,1499700
2009-08-19,36.88853651642463,38.04151555111897,36.88853651642463,37.93235778808594,1483700
2009-08-20,37.85731795356607,38.15750118309584,37.52302080491961,38.021053314208984,1558200
2009-08-21,38.47134260751018,39.43329663825071,37.70041409697904,39.27638244628906,2411300
2009-08-24,39.228599960332986,39.569718220857624,38.887481699808355,39.208133697509766,1363200
2009-08-25,39.39235218680893,39.80169320719446,38.99665361157974,39.296836853027344,1302600
2009-08-26,38.92161879624395,39.67208102819735,38.92161879624395,39.12628936767578,1293900
2009-08-27,39.051234625650316,39.31730655476332,38.375819064994616,38.921607971191406,1190900
2009-08-28,39.06486169615403,39.4673813440264,38.450850394289496,38.7237434387207,1130000
2009-08-31,38.60778406665494,38.7783432818986,37.94601347870089,38.38264465332031,1130600
2009-09-01,38.191616533075035,39.03076750194035,37.64582760241388,37.77545166015625,1284200
2009-09-02,37.52192839115584,38.213988818331785,37.52192839115584,37.953609466552734,1069600
2009-09-03,37.967298566372556,38.40583038330078,37.686363957786924,38.40583038330078,924400
2009-09-04,38.4195502646683,39.13216606040358,38.248248541492906,39.11846160888672,1065900
2009-09-08,39.214381077529794,39.45420500277029,38.83751789655902,39.008819580078125,917900
2009-09-09,38.94715211498801,39.22123586292628,38.48806222926986,38.79640579223633,1438700
2009-09-10,38.700487470467294,39.39939885955175,38.59085446515152,39.33087921142578,1322400
2009-09-11,39.68031796271436,40.36552462939142,39.52957165961149,40.23533630371094,1856700
2009-09-14,40.03663803379885,40.3723879397823,39.776258688648674,40.15312194824219,1131600
2009-09-15,40.13941666355947,40.26275148608359,39.687177654259216,40.02293014526367,1239100
2009-09-16,40.207928857736945,40.36552608308554,39.5021668020767,40.31071090698242,1478600
2009-09-17,40.24903750710672,40.85887097308692,39.940694009179715,40.21477508544922,1273500
2009-09-18,40.509414137484384,40.57108283706978,39.8447655017926,40.21477508544922,1453100
2009-09-21,40.07775313958664,40.46146733462921,39.81052025022311,40.16682815551758,1236500
2009-09-22,40.27645774182621,40.714989706904255,40.04348730864642,40.495723724365234,1038600
2009-09-23,40.08459183000221,40.74238963270755,39.8858812602716,39.93384552001953,1271300
2009-09-24,40.022943301686084,40.08461204014831,39.30347642886517,39.714599609375,1306900
2009-09-25,39.88588527565513,40.15996902796958,39.27605167130467,39.44735336303711,965200
2009-09-28,39.75570404543441,40.24220030969026,39.632366596206616,39.927005767822266,656400
2009-09-29,39.844772784009514,40.070889647911635,39.20067677865382,39.39938735961914,898800
2009-09-30,39.56385830775089,40.00924134547157,38.57030750997768,39.570709228515625,1375000
2009-10-01,39.49532436377982,39.79681706551839,38.46751403808594,38.46751403808594,1265500
2009-10-02,38.49491850225285,38.82381745488963,38.213983816842905,38.55658721923828,1143900
2009-10-05,38.611399688096846,39.50217056274414,38.378429286303245,39.50217056274414,1408000
2009-10-06,39.296602927816075,40.02292296578352,39.296602927816075,39.50901794433594,1470200
2009-10-07,38.88546752529086,39.64604713210811,38.58397761674346,39.40622329711914,1526000
2009-10-08,39.74201303519979,39.91331481552393,39.365149641258235,39.59126663208008,1171500
2009-10-09,39.22123942264575,40.07089441342766,39.22123942264575,40.02293014526367,1251900
2009-10-12,40.084593783426065,40.468310493965056,39.95440544545959,40.26959991455078,770100
2009-10-13,40.13940886415909,40.619051452600615,40.08459107470516,40.50941848754883,1166800
2009-10-14,40.93425630157153,41.60575866699219,40.557390462021075,41.60575866699219,1619500
2009-10-15,41.557791967351214,41.94835962016242,41.242594864183374,41.78390884399414,1613400
2009-10-16,41.516673374095554,41.83186782358127,41.242589653065146,41.74279022216797,1622000
2009-10-19,41.94835868470296,42.11966037470732,41.64001511992383,41.934654235839844,1510700
2009-10-20,41.62630973131921,42.2704031302065,41.42759914807465,42.119659423828125,2079300
2009-10-21,41.17406508834161,41.73593429655226,39.673463561123754,40.242183685302734,4667100
2009-10-22,40.187374918520625,40.653315694272344,39.714580611852924,40.420345306396484,2435000
2009-10-23,40.1394221790916,40.26961055144629,38.83067446723379,39.22124481201172,2624300
2009-10-26,39.24863943546358,39.831066706136085,38.77584774747817,38.93344497680664,1326000
2009-10-27,39.05679847033953,39.351437685452424,38.542893227308745,38.70734405517578,1564800
2009-10-28,39.13900125482563,39.13900125482563,38.344161683179266,38.40583038330078,1094500
2009-10-29,38.371587972725386,38.96771726827884,38.371587972725386,38.71419143676758,1597700
2009-10-30,38.48805906698805,38.796402604620184,37.604144410917414,37.761741638183594,1703600
2009-11-02,37.816567262949114,38.371585784027985,37.52192809157035,37.98101806640625,1547100
2009-11-03,38.028975115927366,38.52917573622185,37.81656007969696,38.3784294128418,1631000
2009-11-04,38.3989799457229,38.61824585691934,37.398578899157144,37.47394943237305,2090500
2009-11-05,37.49451411742078,38.508619791620966,37.49451411742078,38.39898681640625,1568500
2009-11-06,38.46066560525632,38.84437981211509,38.04953988009149,38.71419143676758,993800
2009-11-09,39.18012174472365,39.50216975012827,38.851222821990895,39.30345916748047,1568400
2009-11-10,38.64567090109811,39.37884208818537,38.611408464395936,39.22124481201172,1579200
2009-11-11,39.26920610110927,39.89959515787508,39.18697939590411,39.84477996826172,1713600
2009-11-12,39.75569482365267,39.94070095458011,39.351422748038544,39.52957534790039,1200400
2009-11-13,39.51587814418826,39.536436127297755,39.09790415752702,39.16642379760742,1217300
2009-11-16,39.276050264274964,40.242191666480494,39.09789766135219,40.112003326416016,1208500
2009-11-17,39.97496931031215,40.15312194824219,39.755703318772035,40.15312194824219,1033000
2009-11-18,40.091440151510795,40.1325534917144,39.49531109476632,39.68716812133789,924300
2009-11-19,39.529578382034934,39.529578382034934,38.954004579589544,39.296607971191406,1086500
2009-11-20,38.995110397287185,39.42679131922413,38.98140595060678,39.19382095336914,1164900
2009-11-23,39.522730206966685,39.85848009027616,39.02938045239009,39.125308990478516,1352300
2009-11-24,39.13901481467982,39.1664237161977,38.32361959844824,38.775856018066406,1982900
2009-11-25,38.398982326243726,38.8443650924108,38.398982326243726,38.659358978271484,1131400
2009-11-27,37.82341165324167,38.59084245154539,37.679518868657766,38.25509262084961,975500
2009-11-30,38.07008328097204,38.37157327284193,37.78229512222061,38.20027160644531,1719000
2009-12-01,38.33732377446287,38.87178428094775,38.26880152115923,38.769004821777344,1990400
2009-12-02,38.97545927417331,39.80823817491756,38.97545927417331,39.71876525878906,2021000
2009-12-03,39.81512874085567,39.99407461466662,39.33335744703383,39.381534576416016,1183500
2009-12-04,39.82202293912159,40.4139165387036,39.367779441261,39.80137634277344,1153700
2009-12-07,39.698134511234436,39.842665923483466,39.14065283125764,39.4090690612793,1222700
2009-12-08,39.319578688476405,39.71876085576073,38.94792442464029,39.51228713989258,1244700
2009-12-09,39.354006254333505,39.62242245470945,39.01676370420937,39.546714782714844,923400
2009-12-10,39.57424334066186,39.87707138801731,39.49165435055704,39.70500946044922,864300
2009-12-11,39.918370335022345,40.16613995027834,39.677484667666164,39.9871940612793,1065300
2009-12-14,40.049127963818115,40.70984767273465,40.04224664283587,40.63414001464844,1240100
2009-12-15,40.427681044916774,41.466934173567644,40.200557987564046,41.095279693603516,1940500
2009-12-16,41.157215680385775,41.46004637623686,40.771798613603465,40.847503662109375,1186800
2009-12-17,40.50338674616572,40.627271574780764,39.67749138934179,39.77384567260742,3059400
2009-12-18,40.083551604622734,40.544676354037904,39.725662446269496,40.049137115478516,2016200
2009-12-21,40.29004165322665,40.81310901831159,40.11797963997453,40.36574935913086,824300
2009-12-22,40.40702241036344,40.51714193890803,40.173018084024086,40.39325714111328,732500
2009-12-23,40.44144035201483,40.51026670861516,39.93901976338915,40.2900276184082,644100
2009-12-24,40.42079411512377,40.56532552707669,40.049139662567335,40.468971252441406,241800
2009-12-28,40.606628929695425,40.73051377036499,40.27627022972908,40.64104080200195,556200
2009-12-29,40.758036471637645,41.03333402254707,40.572209246408825,40.95762634277344,857500
2009-12-30,41.28798863734769,41.2948699604733,40.88192231105142,41.1021614074707,656300
2009-12-31,41.026442661119674,41.040207929115574,40.42078399658203,40.42078399658203,811700
2010-01-04,40.758021531696436,41.053968193900545,40.56531042869574,40.84061050415039,822900
2010-01-05,40.73048897706279,40.94384665622116,39.498525270018966,39.99406433105469,2352700
2010-01-06,39.79448519601882,39.91148868022955,39.367772320773945,39.46412658691406,1685500
2010-01-07,39.285186674386416,39.326479863134715,38.66576258859129,39.085594177246094,1939600
2010-01-08,39.0236445360795,39.65683115046544,38.95481819182674,39.6086540222168,1332500
2010-01-11,39.57423928117676,39.85642070842428,39.38153078221446,39.72565460205078,1227300
2010-01-12,39.55359080551787,39.67059163846249,39.08558222282689,39.22323226928711,1425700
2010-01-13,39.23011269595412,39.55358990394394,38.77586939080869,39.45035171508789,1513300
2010-01-14,39.243889833952124,39.835783361465644,39.243889833952124,39.656837463378906,818100
2010-01-15,39.58112060237267,39.99407076145009,39.388412103410374,39.72565460205078,1592400
2010-01-19,39.71189248430943,40.241843523949974,39.67059667748902,40.00783920288086,1061200
2010-01-20,39.5949133733972,39.815152561037124,39.15443499811734,39.76697540283203,1157700
2010-01-21,39.70501618125707,40.173024913497954,39.21636085435934,39.66372299194336,1659200
2010-01-22,39.718777916431456,40.021608613540316,39.395303251960904,39.47100830078125,1558100
2010-01-25,39.56736400036769,39.81513098309079,39.08559005395755,39.546714782714844,1167300
2010-01-26,39.36088878456121,39.63618894108931,39.18882684309537,39.298946380615234,1347100
2010-01-27,39.11312059385683,39.64306904690551,38.968586572114035,39.546714782714844,881300
2010-01-28,39.6705999177307,39.6705999177307,38.67952410220054,38.91352844238281,1173200
2010-01-29,39.00988335959013,39.42283096660096,38.97547149658203,38.97547149658203,1527800
2010-02-01,39.12001234394913,39.67749411095644,39.01677410453602,39.50543212890625,981500
2010-02-02,39.395305737063225,39.601779554644054,39.00988601891053,39.519187927246094,1470300
2010-02-03,36.36701144722311,37.42691361910027,35.44475935131623,36.848785400390625,8727300
2010-02-04,36.69049625835237,37.13097449144821,36.25001539979917,36.649200439453125,3974300
2010-02-05,36.587248330639376,37.220437592054516,35.21075290416618,36.09170913696289,2833000
2010-02-08,36.23625713150468,36.45649627466888,35.7957762197186,35.843955993652344,2046300
2010-02-09,36.22934959952562,36.9451276616332,35.864579248364784,36.249996185302734,2709800
2010-02-10,35.788899186838115,36.139904542892126,35.314008969716106,35.67877960205078,1904200
2010-02-11,35.534233218016034,36.683605737506646,35.417229731490615,36.545955657958984,2533300
2010-02-12,36.112340487271574,36.270637067944755,35.568624432705846,35.87145233154297,2414800
2010-02-16,36.05728420392738,36.67670797145268,36.05728420392738,36.3050537109375,1511000
2010-02-17,36.511542752433186,36.7730776335641,36.18118414622105,36.47713088989258,1345300
2010-02-18,36.51153405546298,36.5321832684342,36.31882557077286,36.40829849243164,1032000
2010-02-19,36.32571927202152,37.14473586200484,36.32571927202152,36.821258544921875,1768100
2010-02-22,37.007092600090274,37.37874712333602,36.69049917308429,37.275508880615234,1625500
2010-02-23,37.33057294027386,37.50951626634307,36.57349855962346,36.86256408691406,2650100
2010-02-24,37.16537991698343,37.33056053848218,36.690489896542026,36.94514083862305,1822500
2010-02-25,36.47712668652724,36.84878106023539,36.13300284986189,36.814369201660156,1612200
2010-02-26,36.81438133880456,36.86255848178446,36.27066486750865,36.704261779785156,1701400
2010-03-01,36.67673681053963,43.806986561242496,36.4909095341652,36.86256408691406,2163600
2010-03-02,36.8212469464857,36.98642752724078,36.59412397612949,36.62165451049805,1597700
2010-03-03,36.52485973207791,36.7046503721901,36.22060209830841,36.2828369140625,2205500
2010-03-04,36.44187782946153,36.58709150820654,36.13070377654318,36.4211311340332,1610000
2010-03-05,36.42804030338881,36.91208844038657,36.42112386034377,36.82219314575195,1621000
2010-03-08,37.37539389867927,37.40996820406594,36.856771404327986,36.870601654052734,1488500
2010-03-09,36.82218962768154,37.0365544981447,36.663145744892695,36.91899871826172,1060200
2010-03-10,37.0089060080109,37.389228689153526,36.711562197443754,37.11262893676758,1695600
2010-03-11,36.89827004509185,37.09880475221432,36.67699127787083,36.9674186706543,1975500
2010-03-12,37.043478486326805,37.38922684079157,36.7323044397384,37.25092697143555,1710800
2010-03-15,37.320085468369285,37.49987348693115,36.96050679339444,37.257850646972656,1651000
2010-03-16,37.42380455450136,38.502540468230315,37.33391187341208,38.2259407043457,3479600
2010-03-17,38.274341594695905,38.86902918348839,38.142958170275705,38.50253677368164,1992300
2010-03-18,38.350399857527286,39.28392182722483,38.22593026156761,39.1248779296875,2114600
2010-03-19,39.58128553286396,39.88554323319852,38.986597749520165,39.13872528076172,3059500
2010-03-22,38.9727535840046,39.17328825571479,38.820623469210595,38.88285827636719,1451200
2010-03-23,38.77221330372168,39.0626432410573,38.55784841277991,39.02115249633789,1303900
2010-03-24,39.00041407837553,39.014241690763264,38.53710992787114,38.806793212890625,1293800
2010-03-25,39.02117063689089,39.26319349897615,38.41956906695656,38.48180389404297,1779900
2010-03-26,38.47488930634982,38.703084562640285,38.20520592189854,38.41957092285156,1545600
2010-03-29,38.52327941214544,39.25626684261785,38.52327941214544,38.786048889160156,1279500
2010-03-30,38.730725929992595,39.034986142049796,38.58551226761095,38.87594223022461,1372800
2010-03-31,38.606262871625184,38.8067949142451,38.47487680752694,38.62009048461914,1376400
2010-04-01,38.70998525776375,38.882859434140606,38.14987197667652,38.50253677368164,1178800
2010-04-05,38.709991078800265,38.83446071553684,38.33658216859054,38.488712310791016,1094800
2010-04-06,38.19828283823792,38.502540468230315,38.025408645272755,38.2259407043457,1574400
2010-04-07,38.329654109745334,38.495611805121804,38.0115663287321,38.13603591918945,2051300
2010-04-08,38.01156369131973,38.530186069624364,37.880177667258664,38.44720458984375,1837700
2010-04-09,38.55092135918912,39.200926975978426,38.5232608722153,39.034969329833984,2885200
2010-04-12,39.830208414595894,39.830208414595894,39.028072357177734,39.028072357177734,3151600
2010-04-13,38.917432867012586,39.228606905066094,38.66157983032438,39.131797790527344,1647900
2010-04-14,39.069560216421635,39.97542176575594,39.0626464106658,39.92701721191406,1980200
2010-04-15,40.113707460432494,41.32382623455594,40.00998457678881,40.74988555908203,3466500
2010-04-16,40.69457328953802,40.763724531287494,39.9961628938943,40.369571685791016,2157300
2010-04-19,40.14830462086411,40.70150152589796,40.14830462086411,40.542457580566406,1601300
2010-04-20,40.742972658790194,41.01265851054354,40.43871514733362,40.72914505004883,1480200
2010-04-21,39.415309524536134,42.36800057212677,39.40839571860707,41.48979949951172,5813800
2010-04-22,41.56584770506162,42.97650094931385,41.15094829553779,42.499366760253906,4289700
2010-04-23,42.575461941576144,42.69301778079073,42.15364843014057,42.58237838745117,2183800
2010-04-26,42.527045516729586,42.672259185409914,42.20204123533511,42.2850227355957,1454600
2010-04-27,42.22970673515774,42.50630649307314,41.53820997822003,41.676509857177734,2987300
2010-04-28,42.18129461726449,42.20203867214449,41.717993139275805,41.877037048339844,1778100
2010-04-29,42.09140187283813,42.49938501664272,42.049913760558304,42.2850227355957,1554200
2010-04-30,42.119061781878294,42.61002378120346,41.69724839394947,41.71107864379883,1720800
2010-05-03,41.79406457460738,42.79673543656106,41.64193707623262,42.7137565612793,1788500
2010-05-04,42.48554474783865,42.51320524140274,41.572769563022675,41.973838806152344,1978200
2010-05-05,41.90469742542773,42.54087573773906,41.704165394561,41.98076248168945,2088900
2010-05-06,42.001497438906,42.34724567958967,39.588173558280104,40.908931732177734,2987400
2010-05-07,40.902025496378975,41.088727259587,39.830203641653824,39.98925018310547,3390400
2010-05-10,41.81479308581737,41.96000671386719,40.79829241376917,41.96000671386719,2630700
2010-05-11,41.469044845022715,42.41639428620214,41.469044845022715,41.96000671386719,1817300
2010-05-12,41.9600148093171,42.527041822590284,41.82863140209291,42.33342361450195,1350000
2010-05-13,41.946184349833445,42.43714631093496,41.87703574382064,41.904693603515625,1650700
2010-05-14,41.47596484473245,41.662669239192844,40.84670305800305,41.22011184692383,1955900
2010-05-17,41.39989850960148,41.73181654347096,40.5355278054049,41.32383346557617,1547800
2010-05-18,41.55895083844917,41.918529440925795,40.798305519497085,40.950435638427734,1087900
2010-05-19,40.79830775041183,41.289269803815664,40.30042925239627,41.033416748046875,1890100
2010-05-20,40.34882571974101,40.65308591320845,39.38764586386928,39.43605041503906,2573200
2010-05-21,38.93126295549632,40.27276821667179,38.903602454928674,40.23127746582031,2885300
2010-05-24,40.05149330462522,40.36958383671523,39.62968247331738,39.64351272583008,1126800
2010-05-25,39.111063760143786,39.75415605769559,38.45414120870523,39.69192123413086,1750000
2010-05-26,39.69882372610195,40.32117178435055,39.53977980851629,39.664249420166016,1453100
2010-05-27,40.22436718016387,40.611606333846346,39.954683852966625,40.59086227416992,1271000
2010-05-28,40.59085592172659,40.61159997815659,39.74722912223333,40.1828727722168,1363500
2010-06-01,40.003080753004895,40.35574552704044,39.42222345269673,39.47063064575195,1169300
2010-06-02,39.24144405459533,40.36659622192383,39.24144405459533,40.36659622192383,1325300
2010-06-03,40.512425220648694,40.78329476656424,39.873448529492045,40.31100845336914,1445800
2010-06-04,39.70676868155062,39.74844194945595,38.66496082900675,38.82470703125,1844200
2010-06-07,38.84555851420854,39.01919322859372,37.956549624382184,38.01905822753906,2186900
2010-06-08,37.99125863829457,38.262128244770864,37.428681467529294,38.116275787353516,1777200
2010-06-09,38.13711889913099,39.06780083841544,38.10239249494336,38.220462799072266,1708800
2010-06-10,39.41506407648893,40.07487625171311,39.23448521299976,39.89429473876953,2147800
2010-06-11,39.415062939556876,40.456870770558375,39.22059299226198,40.4290885925293,1275200
2010-06-14,40.644407253717006,41.1653113070635,40.533281161647956,40.76942443847656,1517600
2010-06-15,40.79024582971641,41.26947644141402,40.658284468381915,41.20002365112305,1496100
2010-06-16,41.04028365292083,41.39449715307631,40.84581370377306,41.172245025634766,1350600
2010-06-17,41.394499463340864,41.422281643185194,40.60967275364729,41.21392059326172,901300
2010-06-18,41.28335854781875,41.345867105263004,40.88747190048962,41.01943588256836,1470200
2010-06-21,41.366715381090394,41.498676746648606,40.75552073904153,41.05417251586914,1172200
2010-06-22,41.15141582631052,41.24170659444343,39.852629266973025,39.99848175048828,1150400
2010-06-23,39.991526761630446,40.25544947517949,39.58869317339134,39.908180236816406,791600
2010-06-24,39.685909020572204,40.19986841154875,39.46365702702903,39.581729888916016,1035800
2010-06-25,39.644268208297724,39.831791316035975,39.31783418842976,39.74844741821289,1735700
2010-06-28,39.901233122904685,40.019303383643994,39.331711825265316,39.51923751831055,707200
2010-06-29,39.22754866536398,39.33173053866398,38.56079209471822,38.85249710083008,1822000
2010-06-30,38.789973749920414,39.54702081279339,38.52605103035302,38.65801239013672,1530900
2010-07-01,38.59549850903845,39.081675916825475,37.86623372208477,38.69968032836914,1849500
2010-07-02,38.71357388792287,38.88026163015835,37.852345054859924,38.23434066772461,1178800
2010-07-06,38.671909071679984,38.90805229928722,38.26213119581608,38.644126892089844,1811400
2010-07-07,38.6441234152256,39.324770857218404,38.40798020886449,39.171974182128906,1666900
2010-07-08,39.276142579492564,39.6234117493368,39.1094548616613,39.442832946777344,1015600
2010-07-09,39.435890903824756,39.83177759391918,39.36643812114124,39.63036346435547,870300
2010-07-12,39.442850417026314,40.01237189587024,39.30394215767189,39.56092071533203,758100
2010-07-13,40.07487495098703,40.422144226733096,39.873458135185274,40.29018020629883,1174100
2010-07-14,40.45686514022503,41.07500394334759,40.41519187898103,40.804134368896484,1519900
2010-07-15,40.734683155762994,40.922206214966614,40.081815285002044,40.686065673828125,1062100
2010-07-16,40.63746603000159,40.72775682031003,39.83874796021275,39.9012565612793,1313400
2010-07-19,39.970704818438975,40.60273497948042,39.72761731398269,40.45688247680664,1420300
2010-07-20,39.94985848664834,40.776358423331025,39.59564233560264,40.73468780517578,1178500
2010-07-21,40.762459750378724,40.887476880494056,39.74843427229117,40.012359619140625,1271000
2010-07-22,40.41520613223385,41.32505278603261,40.41520613223385,41.25559997558594,2351300
2010-07-23,41.17918816865154,42.35990414475134,40.76246348031708,42.283504486083984,2295600
2010-07-26,42.40158289815461,43.35310008090064,42.36685649649103,43.1308479309082,2236900
2010-07-27,43.17946854144687,43.38088539487793,42.40158596029651,42.505767822265625,2145900
2010-07-28,44.41575245038253,45.457557899140774,44.13099167618244,45.05472946166992,8449600
2010-07-29,45.24920176173833,45.450618640179584,44.44353689742844,44.888038635253906,2441500
2010-07-30,44.51992879191059,45.51311932661144,44.311567715631384,45.28392028808594,1668500
2010-08-02,45.38808215914551,46.03400306572464,45.158883221573845,45.992332458496094,1542400
2010-08-03,45.888156947598176,46.30487897387275,45.43670587792235,46.13819122314453,1445600
2010-08-04,46.22848403413567,46.79106386096814,46.04096095779724,46.68688201904297,1437900
2010-08-05,46.60353364388232,46.90218541951341,46.290993429367454,46.77716827392578,1204300
2010-08-06,46.24931987697523,46.94385843262099,46.0548499292198,46.45768356323242,1757300
2010-08-09,46.79108972850684,47.228647347797406,46.69385470199783,47.06890106201172,1148000
2010-08-10,46.53409146699434,46.853578623286644,45.6450828061967,45.978458404541016,2405600
2010-08-11,45.45060588190807,45.52005867937915,44.596321106178294,45.13111877441406,2375900
2010-08-12,44.67272055784475,45.276971020640445,44.49908591554919,45.068607330322266,1492500
2010-08-13,44.8255206954492,45.13111936702528,44.6588329195481,44.867191314697266,1390700
2010-08-16,44.66578825545041,45.27003891531225,44.32546572925513,45.047786712646484,1129600
2010-08-17,45.47144080653989,46.40211994237754,45.207512759910486,46.04096221923828,1771300
2010-08-18,45.53395803738243,46.18682614775378,45.2769820952312,45.82566833496094,1196900
2010-08-19,45.59645700778341,45.63118075604524,44.617155105789635,45.27696990966797,2001000
2010-08-20,45.207514581146214,46.08958156371837,44.88108589275251,45.95067596435547,1917400
2010-08-23,46.28404493449396,46.74244288518101,45.72147044856732,45.742305755615234,1398700
2010-08-24,45.436710852721546,45.61729236014509,44.888024760137085,45.24224090576172,1932200
2010-08-25,45.033891544082294,45.43672530457439,44.92276809572156,45.22836685180664,1914800
2010-08-26,45.464497333308664,45.87427787367596,45.06861053270116,45.08250427246094,1615700
2010-08-27,45.332533969445684,46.117366011277554,44.87414122987867,45.78398513793945,1415200
2010-08-30,45.56867563894936,45.81870994607213,45.05471858493419,45.07555389404297,1082800
2010-08-31,44.80468218078557,45.46449166658935,44.72133564934266,45.138057708740234,2367200
2010-09-01,45.80738292928391,46.55340862230857,45.46574638707974,46.2745246887207,2064900
2010-09-02,46.45582399502928,46.92993439268792,46.43490822032526,46.87416076660156,973900
2010-09-03,47.36917624481925,47.55742349402935,46.92992379770932,47.10422897338867,1323700
2010-09-07,47.027527026301215,47.18789010374708,46.567364199465715,46.755611419677734,1132700
2010-09-08,46.91598530433486,47.70384284355304,46.84626429261708,47.18092727661133,1276700
2010-09-09,47.4946597475174,47.64804378076101,47.04146538371455,47.194854736328125,1121600
2010-09-10,47.355236095854906,47.44587820547167,46.93690467410661,47.06240463256836,1065200
2010-09-13,47.452834648634855,47.682918734507815,47.05541910002306,47.41100311279297,1550100
2010-09-14,47.20880849060504,47.69686612603597,46.98569810049615,47.41100311279297,2079600
2010-09-15,47.306415174801835,47.675941230209474,47.02055750376552,47.55741500854492,864200
2010-09-16,47.31340112937946,47.48073262210848,47.06937492761376,47.29945373535156,940700
2010-09-17,47.57833862621279,47.822364805018296,47.31339667770564,47.724754333496094,1536800
2010-09-20,47.961822509765625,48.512627614996,47.8711857149959,47.961822509765625,1153200
2010-09-21,48.066388453339876,48.449856580445626,47.892083308463384,47.99666213989258,1298100
2010-09-22,48.00363915908157,48.3801389364097,47.222755460360645,47.46678161621094,1556300
2010-09-23,47.132110535602045,47.508610290253735,46.546447796835594,46.79047393798828,1262800
2010-09-24,47.285514331509454,48.045487767787684,47.25762486125063,47.829345703125,1499200
2010-09-27,47.82933721695847,48.15703178514235,47.60622681384607,47.89208984375,1022700
2010-09-28,48.06639418259065,48.75664114915136,47.69686808250634,48.39408874511719,1846000
2010-09-29,48.20584441776578,48.51959164175954,47.80145508775911,48.50564956665039,1467900
2010-09-30,48.652057652784094,49.41203095152045,48.40105778525389,48.74966812133789,2352200
2010-10-01,49.091325497881755,49.20985177272456,48.20585198729548,48.55446243286133,1964100
2010-10-04,48.63112634942034,48.71479471832799,47.92693220604818,48.484710693359375,1530800
2010-10-05,48.770575336382606,50.43693202504701,48.770575336382606,49.42596435546875,4105700
2010-10-06,49.53752985405269,50.07438741992269,49.49569299742086,49.5723876953125,1919200
2010-10-07,49.61422455194433,49.71880339509522,49.17497213322468,49.5723876953125,1475300
2010-10-08,49.65606351027519,50.1232001440674,49.188926876482974,49.64908981323242,1696800
2010-10-11,49.530547679407874,49.914015783852484,49.18891110506289,49.586326599121094,1159900
2010-10-12,49.5723921605144,49.676976332457116,48.95186614485873,49.24469757080078,1232900
2010-10-13,49.314426385793084,50.19989440491149,49.293505294851705,49.85128402709961,1427100
2010-10-14,49.40505564072702,50.47180238318138,49.40505564072702,50.24171829223633,2683900
2010-10-15,50.63214609384722,50.89011423098461,50.33234111658724,50.3671989440918,2495100
2010-10-18,50.2905305276538,50.2905305276538,49.80945182976498,50.032562255859375,1089400
2010-10-19,49.70485355327471,50.3672109467665,49.47476949556342,49.9907112121582,2100300
2010-10-20,50.1301649176674,50.77858032354417,50.060443917767266,50.45088577270508,1216600
2010-10-21,50.687934192731724,50.701881583221926,50.01860307221633,50.4787712097168,1048100
2010-10-22,50.56940121506547,50.5833486036925,50.09529106978009,50.56242752075195,685800
2010-10-25,50.70187041130303,51.12020160452647,50.63214943232741,50.74370193481445,1325800
2010-10-26,50.506668296083575,50.987746953203754,50.08136325123139,50.18594741821289,1699100
2010-10-27,48.51261444627154,49.99769252628626,48.2128093518793,49.844303131103516,1570600
2010-10-28,49.53751865601921,49.732739544932855,48.71479825319007,48.93093490600586,1899400
2010-10-29,48.8402973635443,49.41201795153114,48.770571059174785,49.14010238647461,1205800
2010-11-01,49.2028698504823,49.77459067287633,49.00764888469493,49.147090911865234,973100
2010-11-02,49.530545151105635,49.746681804748384,49.27954534457908,49.56540298461914,693500
2010-11-03,49.53754135223531,49.670009690764225,48.60326268805015,49.18195724487305,1369300
2010-11-04,49.62816916970306,50.47180557040463,49.446890299992354,50.37419509887695,1509400
2010-11-05,50.4090392618247,50.52059176465219,49.78851350411939,50.0534553527832,944500
2010-11-08,49.760631910366385,50.41601560152659,49.7257687555792,50.31840515136719,751600
2010-11-09,50.3184204536317,50.423004630427606,49.40506296965001,49.63514709472656,779000
2010-11-10,49.76062439108877,49.886124282239635,49.091293411407385,49.28651428222656,1153000
2010-11-11,49.02157756327554,50.123187362744204,48.97974603043045,50.06044006347656,1137700
2010-11-12,49.7327548291934,49.99072308909429,49.3074497679076,49.642112731933594,834500
2010-11-15,49.92796704716303,50.2556615766894,49.669993513002254,49.781551361083984,698100
2010-11-16,49.54452118215964,49.67002117145,48.91702655508176,49.37718963623047,1110100
2010-11-17,49.28653314318205,49.676975034234594,49.00764379841374,49.558448791503906,1130400
2010-11-18,49.914026887927875,50.841331686812474,49.72577964123073,50.37419509887695,1185300
2010-11-19,50.40906562871433,50.79253387451171,50.24870250526895,50.79253387451172,1095100
2010-11-22,50.50666874223978,51.05747372846103,50.25566886701562,50.81344223022461,718200
2010-11-23,50.388129120808024,50.478771200865744,49.99071360184136,50.42996597290039,656100
2010-11-24,50.76462388953698,51.99870717737178,50.68792920749661,51.74770736694336,1240600
2010-11-26,51.49673436217945,51.85928687742358,51.38517646864394,51.67103958129883,323300
2010-11-29,51.55945622568683,51.64312460451975,50.85526731814923,51.25965118408203,1544800
2010-11-30,50.86224263919166,51.712852655687456,50.80646903172388,51.39213180541992,2224300
2010-12-01,51.96385554978591,52.640160449038575,51.78257668663009,52.33338165283203,1414600
2010-12-02,52.32640889112992,52.863266420131005,52.18696157755288,52.856292724609375,1385400
2010-12-03,52.74473582724349,53.2815933118069,52.6122622201534,53.2327880859375,751800
2010-12-06,53.21187182397808,53.32342966456477,52.814456325786594,52.946929931640625,1398600
2010-12-07,53.30948998704322,53.511684612829946,53.02363228808363,53.28857421875,1192200
2010-12-08,53.29555466616686,53.81149652045456,53.11427578570878,53.79058074951172,1110400
2010-12-09,53.916091418100436,54.42505967684698,53.74178619974582,54.21589660644531,1288400
2010-12-10,54.5518010899808,54.73375856751646,54.05492193223127,54.6707763671875,1058400
2010-12-13,54.838728041143625,54.929704099984306,54.38383706837233,54.63577651977539,897100
2010-12-14,54.824728882161345,55.08366813688791,54.60078329457869,54.90871047973633,736300
2010-12-15,54.78974460076844,55.43358754520875,54.733756864916835,54.95070266723633,1169100
2010-12-16,55.049059843985106,55.88494211174886,54.86642780806191,55.6320686340332,1195200
2010-12-17,55.21061745189061,55.82875503311148,54.866430618124575,55.4915885925293,2765000
2010-12-20,55.58992768789103,55.69529253551538,54.9647697134863,55.4915885925293,1301700
2010-12-21,55.6882312012204,56.62245736931113,55.56882028444724,56.215049743652344,959900
2010-12-22,56.1167163253128,56.36256393122842,55.88491485727412,56.130767822265625,842100
2010-12-23,55.96920826482443,56.24315350803209,55.85681772449517,55.99028015136719,637700
2010-12-27,55.84276252084907,56.23611862999129,55.70227972731973,56.025394439697266,536900
2010-12-28,56.0254039580315,56.35554447389665,55.63906817157739,55.976234436035156,675200
2010-12-29,56.193995505386255,56.910466590086045,55.9270759560034,56.54520797729492,1035400
2010-12-30,56.545211759518594,56.63652507905493,56.00434687459551,56.25019454956055,839700
2010-12-31,56.13777688273698,56.53815871987901,55.94109883769525,56.32743453979492,1182100
2011-01-03,56.833219004169166,57.633983211857,56.833219004169166,57.25467300415039,1718400
2011-01-04,56.418757509628705,56.80509327811202,56.229105179057804,56.51007080078125,1758900
2011-01-05,55.6390834164517,56.53818655592157,55.60396538201839,56.10970687866211,1984100
2011-01-06,56.046492601186266,56.37663321575493,55.62503866391721,55.94112777709961,1618600
2011-01-07,56.13076736116524,56.439830623602056,55.603948770355494,55.88491439819336,1782400
2011-01-10,55.660163310865954,56.074596905748294,55.28085311454386,55.898990631103516,1533300
2011-01-11,55.99030587893446,56.257225496252225,55.44944089253103,55.849822998046875,764600
2011-01-12,56.13076975461399,56.158862031334984,55.8708706427983,56.01837921142578,616500
2011-01-13,55.92708501787542,56.16590696511269,55.57587248905975,55.75849914550781,596800
2011-01-14,55.71632565558193,55.95515283458261,55.36511331399126,55.407257080078125,1479100
2011-01-18,55.53370806920475,55.83575097528507,55.47049240376014,55.723365783691406,924700
2011-01-19,55.49858158307056,55.49858158307056,54.36065154680806,54.59245300292969,1618500
2011-01-20,54.662708707968314,55.1403578823312,54.381737659682436,54.64866256713867,1154200
2011-01-21,54.824275029037096,54.824275029037096,54.23423522471595,54.52223205566406,1008100
2011-01-24,54.606514899271254,54.87343981392664,54.29042581084763,54.61354064941406,731300
2011-01-25,54.339575413723075,54.704833901027285,53.960265431286864,54.669715881347656,1093800
2011-01-26,54.683770644051386,55.049034548053044,54.40982539558815,54.87342834472656,903600
2011-01-27,54.683777329990356,54.88748119384415,54.55032024331673,54.606510162353516,1391100
2011-01-28,54.77509677865148,54.84533819775772,53.31405168130394,53.405364990234375,1670600
2011-01-31,53.461533098351055,54.28336853827316,53.27890121423257,54.149906158447266,1224400
2011-02-01,54.38878052145117,55.23871432459157,54.27638992314565,54.92964553833008,1725300
2011-02-02,52.82234985164644,54.9296245323091,51.76871251131512,51.796810150146484,5322600
2011-02-03,51.69846968763945,52.73103511053189,51.67739779885822,52.288509368896484,2037200
2011-02-04,52.26041846131386,52.26041846131386,51.494772462838974,52.02159118652344,1373000
2011-02-07,52.0145769456694,52.239352746656074,51.55097384165309,52.05672073364258,1132300
2011-02-08,51.993476222821215,52.03562535084616,51.28403110315201,51.67738723754883,1389700
2011-02-09,51.4947951478156,52.035665610150936,51.33324033579927,51.923274993896484,816100
2011-02-10,51.5228555770745,52.506251322488076,51.5228555770745,52.40088653564453,1004800
2011-02-11,52.05671364347375,52.94177058390984,51.90920504658058,52.731040954589844,1527000
2011-02-14,52.738080631878034,53.012026006892064,51.88814685823469,51.91624450683594,1348800
2011-02-15,51.93728211250207,52.23932493669692,51.64928542379478,52.014549255371094,1098500
2011-02-16,52.04968319222203,53.0401048578621,51.89514885922202,52.62567138671875,929700
2011-02-17,52.42899702248046,52.997959508211906,52.34470410052591,52.68889617919922,758800
2011-02-18,52.68890196527451,52.99094493660116,52.53436760425936,52.67485046386719,1359900
2011-02-22,52.29554231809972,52.33066571388781,50.24446247831124,50.37089920043945,2409700
2011-02-23,50.384947873107734,50.66591358732415,49.40155179611785,49.66144561767578,1958800
2011-02-24,49.81598514643908,50.750211784498546,49.75978985413219,50.44114303588867,1758200
2011-02-25,50.56053652810973,50.99603644903032,50.18824690408886,50.96091842651367,1191300
2011-02-28,51.0733093643284,51.20677179854801,50.701025057375,50.848533630371094,1197600
2011-03-01,51.03820227430802,51.03820227430802,49.39452501328879,49.780860900878906,1290900
2011-03-02,49.74558341161787,50.683648322569724,49.69621185741492,50.36626052856445,1212400
2011-03-03,50.747125976041985,52.13658955297436,50.73302212325768,52.09427261352539,1671800
2011-03-04,51.939109898690695,52.03785302396185,50.8811432298454,51.37485885620117,1087300
2011-03-07,51.6851889695976,51.6851889695976,50.020654587142786,50.93756103515625,1258400
2011-03-08,50.9587070703498,51.967301764633035,50.83880552164696,51.72749328613281,979200
2011-03-09,51.5229658317113,52.10132058179266,51.19146883207405,51.917938232421875,987600
2011-03-10,51.41010330199712,51.93908639706316,50.58489096515674,51.276092529296875,1185100
2011-03-11,51.17736765861998,51.66403400119637,50.66954284568743,51.311378479003906,606000
2011-03-14,50.972827082751216,51.14210560869862,50.4156360900705,51.008094787597656,815600
2011-03-15,49.766738286147785,50.8740762485218,49.75263443500662,50.60606002807617,1532000
2011-03-16,50.366268684716644,50.824716598942544,49.7949630294576,50.14056396484375,1455000
2011-03-17,51.1279890394969,51.466540661726825,50.31688037425678,50.634273529052734,829100
2011-03-18,51.21968120443647,51.508855884917,50.97281807632235,51.247894287109375,1377600
2011-03-21,51.875601759482606,52.15772172167547,51.72043255162052,51.960235595703125,844600
2011-03-22,51.522962673015414,52.00257429351579,50.03475626445227,50.464996337890625,3206700
2011-03-23,50.3874231382237,50.50732472527076,49.9642322033108,50.373313903808594,1965300
2011-03-24,50.58491179254569,51.00104274907316,50.35215784342193,50.923458099365234,1183500
2011-03-25,51.14209398450409,51.4101101846918,50.70479929684464,51.14914321899414,1620700
2011-03-28,51.12799619103273,51.35369551039057,51.01514922190192,51.240848541259766,1568600
2011-03-29,51.205556922157896,51.69222303830733,50.867010791779464,51.55821228027344,942200
2011-03-30,51.78394472819675,52.044911797879806,51.501819184422644,51.56529998779297,920700
2011-03-31,51.53706684541786,52.33406621900163,51.36073912179442,52.28469467163086,1121200
2011-04-01,52.58094674683967,53.1593016565778,52.5597828928775,52.82780456542969,1280700
2011-04-04,53.09581522098955,53.46962921818951,52.81368972350587,53.349727630615234,880500
2011-04-05,53.2157067865157,53.547203780046395,52.76430822799166,53.201602935791016,1118400
2011-04-06,53.554261742444346,53.63890099536726,52.95474849892002,53.33561706542969,814100
2011-04-07,53.15222782706603,53.33561016077778,52.39049079265865,52.73609161376953,1120700
2011-04-08,52.89831233024392,52.94768387317502,52.00961917638933,52.39048767089844,950800
2011-04-11,52.49631037298066,52.609157361525675,51.69931069149711,52.12955093383789,942500
2011-04-12,51.868562523318865,52.552714934759926,51.80508174624029,52.36227798461914,940300
2011-04-13,52.65148485080515,52.72201489819523,52.122501423732956,52.45399856567383,738600
2011-04-14,52.15067953683644,53.321492605217585,52.0519364605065,53.173377990722656,1307200
2011-04-15,53.709422383055404,54.231350906119836,53.49782697530495,54.055023193359375,1588900
2011-04-18,53.61774030272461,53.64595338869312,52.84189927242647,53.51899719238281,889100
2011-04-19,53.631855834376175,53.73059895631363,53.272145672406005,53.68828201293945,751200
2011-04-20,54.167883341662034,54.950778929962674,53.93512943571416,54.38652801513672,1037900
2011-04-21,54.4499974613997,55.19057603345593,54.44294822702979,55.04246139526367,1089700
2011-04-25,55.01427885217604,55.50799458687178,54.725098649641446,55.37398910522461,802500
2011-04-26,55.59263317279371,56.2203597622926,55.465676931035624,55.88886260986328,1391100
2011-04-27,55.768942664413096,56.64352683079048,55.49387179449524,56.48835754394531,1643700
2011-04-28,56.46014176894959,57.22892809523055,56.38960637148556,57.09491729736328,1300000
2011-04-29,57.1301965972596,57.50401060290822,56.49541555884854,56.551841735839844,1741700
2011-05-02,56.96797101624962,57.11609107179045,56.17097146868702,56.53068161010742,941400
2011-05-03,56.56595210425211,56.84807764060464,55.76189782336048,55.994651794433594,1000000
2011-05-04,55.8606234656662,56.24149201333926,55.44449260017427,55.613765716552734,1152100
2011-05-05,55.41630289175618,56.49542820812192,55.20470737121099,55.90296936035156,1091800
2011-05-06,56.55184471373372,56.67880092810116,56.015806766282665,56.09339141845703,817400
2011-05-09,56.03696760652518,56.72817488753425,55.90296214982209,56.64353561401367,931500
2011-05-10,56.841004933559674,57.221873479265085,56.63646950041902,57.09491729736328,754000
2011-05-11,57.03144862198539,57.15840481885759,56.53773306809124,56.72816467285156,1003200
2011-05-12,56.5800565977307,57.003242176236554,56.08633560522672,56.90449905395508,881000
2011-05-13,57.031441234580114,57.08786739945786,56.02990102292882,56.26264953613281,807600
2011-05-16,56.63647661318459,56.63647661318459,55.72662475880596,56.28382110595703,958300
2011-05-17,56.05811914768861,56.163911489981125,55.486813593830306,55.87473678588867,1024100
2011-05-18,55.9241148153831,56.74932746739951,55.43744846009818,56.59415817260742,818700
2011-05-19,56.777528870364314,57.27829897616032,56.50951265885379,56.9891242980957,893000
2011-05-20,56.93974516750558,57.13017672223142,56.58708975563995,56.8268928527832,773300
2011-05-23,56.114528147395156,56.53771895203967,55.790085809970414,56.410762786865234,802600
2011-05-24,56.46719434275072,56.551833596055125,55.87473571290685,56.1215934753418,878900
2011-05-25,56.07929095348793,56.36141648925597,55.790110799524,56.15687561035156,1005200
2011-05-26,56.093370008109154,56.58003620761091,55.726610740534625,56.41781234741211,1018000
2011-05-27,56.39665943208612,56.721101803310624,56.16390554150272,56.368446350097656,591700
2011-05-31,56.84099772892678,57.059647747379664,56.220326130019224,56.58003616333008,934100
2011-06-01,56.59420670071532,56.99769240152291,55.36959457397461,55.36959457397461,837600
2011-06-02,55.48284046572941,56.07037377514992,55.34834885800353,55.8226203918457,753400
2011-06-03,55.348379342304064,55.39084983122811,54.74668527923107,55.04399490356445,748000
2011-06-06,54.78206441839761,55.06521352720981,54.4352095954282,54.48476028442383,645600
2011-06-07,54.60509242551461,54.8457710384981,54.31486852821584,54.38565444946289,657000
2011-06-08,54.378565127886944,54.49182690340477,53.82642747378428,54.010475158691406,529600
2011-06-09,54.052957991569755,54.307791644172354,53.84767502693878,54.095428466796875,602900
2011-06-10,54.01757390070058,54.067124599287496,53.6211683120053,53.677799224853516,640000
2011-06-13,53.642378207843485,54.07417926319575,53.56451208962465,53.8759765625,769800
2011-06-14,54.3148674583428,54.88824042995529,54.14497476995284,54.77497863769531,893200
2011-06-15,54.23700162503409,54.50599028220375,53.897221647002304,54.10958480834961,951600
2011-06-16,54.10958574055904,54.505991221242525,53.84059167813557,53.960933685302734,987500
2011-06-17,54.69003745110853,54.83868950232459,54.22992087318101,54.421043395996094,1562300
2011-06-20,54.36441448074222,55.093519667295624,54.25823290780493,54.71834945678711,544200
2011-06-21,54.98030952436927,55.35548008726663,54.6830051613892,55.18559265136719,612000
2011-06-22,55.072279427394356,55.48283985782065,54.86699651187188,54.930702209472656,676900
2011-06-23,54.31486705973697,54.91655547499878,53.91845619035575,54.79621887207031,969000
2011-06-24,54.739606081160396,55.00859482384098,53.8406078663694,53.86184310913086,989300
2011-06-27,53.76270746220937,54.498892679175604,53.691921564554846,54.470577239990234,793800
2011-06-28,54.53431501570696,55.369601978276506,54.38566293770142,55.19971466064453,522100
2011-06-29,55.41206967688144,55.6244328637301,55.05105441948678,55.27757263183594,656500
2011-06-30,55.34834155532287,56.410146258490634,55.22092477491802,55.80845260620117,806600
2011-07-01,55.9925010479588,57.330374560562646,55.808453384669406,57.06846618652344,978600
2011-07-05,57.195897741361705,57.29499910858635,56.700385504618986,56.96229934692383,833000
2011-07-06,56.983540164868614,57.65601456557248,56.89151900075103,57.45073699951172,864500
2011-07-07,57.81176546071033,58.47716526349541,57.57816696816387,58.11614990234375,844700
2011-07-08,57.38701682098932,57.92499949694867,57.34454635204644,57.67724609375,827200
2011-07-11,56.9906150629839,57.28791916605694,56.523418271909556,56.94813919067383,939200
2011-07-12,56.96232694034454,57.0685085711268,56.22614114104217,56.282772064208984,791000
2011-07-13,56.622519673054924,56.98353488449662,56.17656351818188,56.34645080566406,626800
2011-07-14,56.360613116549374,56.64375680495756,55.560716534999194,55.8651008605957,692500
2011-07-15,55.96419497500216,56.034986288544644,55.05812232809568,55.610260009765625,997600
2011-07-18,55.4333035953443,55.525330161076596,54.973192369162994,55.2634162902832,866400
2011-07-19,55.666905002907626,56.24027806365005,55.59611907205133,56.13410186767578,599200
2011-07-20,55.92882690637383,56.042083331857604,55.39792424790465,55.702308654785156,599600
2011-07-21,55.935878907711064,56.86319217874011,55.935878907711064,56.48094177246094,789500
2011-07-22,56.42431937870202,57.316237127655604,56.396003929460036,56.93398666381836,870300
2011-07-25,56.67206678942111,57.663085805151574,56.45970904359118,57.48611831665039,1004900
2011-07-26,57.28791996724853,57.28791996724853,56.53049927466328,56.80656814575195,1170200
2011-07-27,54.37858727195354,54.506004120988486,51.879806388688095,52.297447204589844,3916300
2011-07-28,52.106314776539165,52.59474683889997,51.32765880220126,51.46923065185547,2292600
2011-07-29,51.12236760133049,51.86562779316751,50.633935617681146,51.186073303222656,1239600
2011-08-01,51.80192086415185,51.80192086415185,50.237528991969754,50.747196197509766,1096900
2011-08-02,50.44990025711955,50.78260007221775,49.657089191987176,49.84113693237305,1673100
2011-08-03,50.01808557975037,51.06572992055317,49.706621121373075,50.619773864746094,1461200
2011-08-04,49.897753133674854,50.29416399295477,48.36167658074574,48.375831604003906,1642000
2011-08-05,48.927987269984506,49.21113101271572,47.10168096601633,48.22719192504883,2282300
2011-08-08,48.24841008506003,48.276720125645575,45.40985056164895,45.48771667480469,2735800
2011-08-09,47.70335584952442,47.94403444261764,44.70198875160914,46.01154708862305,6686900
2011-08-10,45.43110473236575,46.03987347049288,44.10030814438856,44.5604248046875,4139900
2011-08-11,44.78694221444596,47.519318572658904,44.730311309458244,46.776058197021484,1779400
2011-08-12,47.023822041781315,48.75810203527503,46.811458801482615,48.41832733154297,2155900
2011-08-15,48.48909009915317,48.70852804877609,47.70335404651883,48.48200988769531,1013300
2011-08-16,48.08560627517473,48.276728786815895,47.24323930024631,47.767066955566406,1203300
2011-08-17,47.85908453795368,48.170549023237875,47.05211328118894,47.56885528564453,1051200
2011-08-18,46.40795616048786,46.75481635408125,45.01345407600432,45.473567962646484,1891900
2011-08-19,44.87188467132646,45.8770589051791,44.68783963565982,45.07008743286133,1687000
2011-08-22,46.00447933015964,46.34425937691002,45.33200485092156,45.67885971069336,1022300
2011-08-23,45.735478878006965,47.222004724620625,45.3744636836259,47.0804328918457,1236200
2011-08-24,46.93178032364766,47.844927815911014,46.76896785721561,47.759986877441406,974000
2011-08-25,47.93694563837192,48.28380034207882,46.76895934150949,46.938846588134766,1353800
2011-08-26,46.783131833845346,48.21303244543444,45.71425188232404,48.12808609008789,1391400
2011-08-29,48.765166192863106,49.90483737924727,48.69438026961224,49.883602142333984,1291600
2011-08-30,49.77036182455143,50.8321673334282,49.67126040910603,50.45699691772461,1343700
2011-08-31,50.890532709028186,51.3098848994676,49.7035620630519,50.10869598388672,1006600
2011-09-01,50.13713280470949,50.727066338755996,49.156283574956774,49.291324615478516,1226800
2011-09-02,48.40998876650085,48.58057008767179,47.272770920890544,47.61393356323242,1256800
2011-09-06,46.377206516506035,46.583328085079025,45.8014912053525,46.483821868896484,2083400
2011-09-07,47.10216719840708,48.33889624347691,47.0382012595313,48.331787109375,960200
2011-09-08,47.997745945969754,48.54503559671712,47.54996794118939,47.68500900268555,1139500
2011-09-09,47.22300520820858,47.74896730469812,46.867624387370604,47.30118942260742,1437900
2011-09-12,46.56909733860795,47.542842676345096,46.15685973456653,47.443336486816406,1330600
2011-09-13,47.585505870206184,48.65875783126554,47.48599964045846,48.28205490112305,1215600
2011-09-14,48.573454122575164,49.7533211996249,47.52863893243564,49.10652542114258,1293600
2011-09-15,49.78885068874842,49.88835687581556,49.03543972893657,49.739097595214844,1076100
2011-09-16,49.98076248168945,50.257959110623126,49.24867879898352,49.98076248168945,1727600
2011-09-19,49.419263529775655,50.051841052435876,48.95726730848807,49.78175354003906,872500
2011-09-20,50.04472187559351,50.14422805587055,49.10651145124406,49.142051696777344,1133800
2011-09-21,49.14917936337669,49.14917936337669,47.23722839355469,47.23722839355469,1118200
2011-09-22,46.270585207318305,46.960024918312904,45.7090828181854,46.334556579589844,1924000
2011-09-23,45.97917159133598,47.10217084577639,45.76594093321085,46.92448043823242,1306100
2011-09-26,47.15192561430777,48.48816099691782,46.910269254369155,48.43840789794922,1131200
2011-09-27,49.37660081391587,49.90967192316757,48.75112724187885,49.08518600463867,1025700
2011-09-28,48.98570791705213,49.47613535400481,47.98353647686347,47.99774932861328,692000
2011-09-29,48.87198427371064,49.38373365186713,47.55707599091995,48.59478759765625,802700
2011-09-30,48.16831517878715,48.94304820583521,47.55706514174703,48.66585159301758,2187600
2011-10-03,48.19675816939893,49.43348766337937,47.03821833356002,47.1021842956543,1709100
2011-10-04,46.63307667168351,48.310474757096436,46.128436503492225,48.25361251831055,1448400
2011-10-05,48.48816292272147,50.44275755261746,48.18253518186685,50.172664642333984,1430600
2011-10-06,50.10869474208529,51.28145251207452,49.888360372803504,50.84077835083008,1122600
2011-10-07,50.89763947325359,51.0611116073256,50.0518314196473,50.37167739868164,1253200
2011-10-10,51.174831517541655,51.94245529174805,51.110865581031256,51.94245529174805,821900
2011-10-11,51.665269000703034,52.411565521873655,51.665269000703034,52.134368896484375,677500
2011-10-12,51.40228453130851,52.13436819480039,51.38096254851652,51.48046875,1387900
2011-10-13,51.32413057994996,51.50893024426443,50.81949013977364,51.15354919433594,837000
2011-10-14,51.800304091394935,52.326271586178336,51.28145115373008,52.2409782409668,658800
2011-10-17,51.97089658865115,52.184121841483076,51.13930129229451,51.39517593383789,647100
2011-10-18,51.39517286800839,53.00860484053349,50.99714808165341,52.560821533203125,697800
2011-10-19,52.45420835054381,52.894877072880654,51.892706034735916,52.198333740234375,1053900
2011-10-20,52.233861679062166,52.55370761111395,51.28144386169364,52.340476989746094,1014800
2011-10-21,52.83090851427289,53.3071174621582,52.58924676198396,53.3071174621582,912800
2011-10-24,53.44927041036361,54.5580621991684,53.37819533455475,54.26664733886719,1064300
2011-10-25,53.83309546676448,53.9965730614398,53.10101170414976,53.221839904785156,1375600
2011-10-26,49.540101230030196,50.798152803553435,47.62104630903764,48.8648796081543,4486500
2011-10-27,49.753337425653854,50.33616201858989,49.426387573293,49.93813705444336,1980400
2011-10-28,49.7177745528001,50.677307105019615,49.7177745528001,50.037620544433594,1348700
2011-10-31,49.611166446759576,50.01630037939791,49.319751560866145,49.348182678222656,1239100
2011-11-01,48.481056857004134,48.857759705532445,47.36516116001124,47.6068229675293,1502500
2011-11-02,48.24649612767173,49.00701083335474,47.71342492024867,48.45261764526367,1118100
2011-11-03,48.62320112682274,49.13494489712181,48.090129954582544,49.00700759887695,1199200
2011-11-04,48.66583458047035,48.978571335935825,47.848457874936,48.84352493286133,1117000
2011-11-07,48.630304472728625,49.0923005697349,48.02615823326519,48.93593215942383,1251600
2011-11-08,49.22737249724527,50.151359747137576,48.97860690776208,50.122928619384766,911400
2011-11-09,48.99279832730306,49.078091673248025,47.39358469393021,47.7347526550293,1401800
2011-11-10,48.40996873953661,48.63030308084295,47.72763831444714,48.1114501953125,1095300
2011-11-11,48.75113372693312,49.04254857497539,48.545017642562314,48.87196731567383,865900
2011-11-14,48.65163421711772,49.078095557917386,48.27493139906839,48.52369689941406,426000
2011-11-15,48.4099848963083,48.99280933450666,48.24650730218884,48.736934661865234,526600
2011-11-16,48.26783416493888,48.55213453338766,47.51442300504021,47.571285247802734,821600
2011-11-17,47.45043705624352,47.80581778975081,46.469582761248425,46.66149139404297,1494000
2011-11-18,46.65440129904384,47.35805392017387,46.58332620787507,46.91738510131836,1258500
2011-11-21,46.49802598709033,46.94580929850771,46.014707846670355,46.675716400146484,1204800
2011-11-22,46.49092467168454,46.8534092286762,45.95074426979477,46.007606506347656,1175800
2011-11-23,45.63800357082063,45.85123422870256,45.083610367544686,45.30394744873047,1001400
2011-11-25,45.0551736361006,45.66642899498406,44.92723634185336,45.22575759887695,600000
2011-11-28,46.37720070437829,47.29408394373834,46.37720070437829,46.817874908447266,900000
2011-11-29,46.85340863907629,47.62103255483657,46.58332115287084,46.6259651184082,888400
2011-11-30,47.79872132754801,48.71560451377215,47.706324264507536,48.69428253173828,1757800
2011-12-01,48.53079322432162,48.61608655450382,48.04036606546354,48.08301544189453,822900
2011-12-02,48.30335909294502,48.9643676171155,48.20385289985965,48.31757736206055,685900
2011-12-05,48.99279625882125,49.39793014526367,48.91461205067617,49.39793014526367,1032300
2011-12-06,49.90967481620776,49.90967481620776,48.61608906634746,48.71559524536133,1352200
2011-12-07,48.46684386488488,49.19892757554465,48.19675093830091,48.90751266479492,906900
2011-12-08,48.69428251740319,48.69428251740319,47.67078399862991,47.79872131347656,776400
2011-12-09,48.161216866141565,48.871978603859844,47.97641729598393,48.644535064697266,626600
2011-12-12,48.28203691783363,48.38865224504812,47.56416616544892,48.09013366699219,632600
2011-12-13,48.46683750492657,48.708493857336514,47.109280182578416,47.407798767089844,733600
2011-12-14,47.31540333964945,47.63524391656545,47.066637843972444,47.1306037902832,732400
2011-12-15,47.72055173344129,47.86270193901,47.1874803285345,47.40071105957031,570500
2011-12-16,47.8006909310688,48.75785048335833,47.42211489197425,47.564971923828125,1260600
2011-12-19,47.92213382499591,48.20785342105654,46.63640381719509,46.74354934692383,623100
2011-12-20,47.4435513206474,48.80071516267368,47.350694778429634,48.73643112182617,909500
2011-12-21,48.872145326846436,49.036435852811735,48.279278165279266,48.92214584350586,686000
2011-12-22,49.129278480270884,49.90786396157031,49.129278480270884,49.54357147216797,877200
2011-12-23,49.779301057731885,50.07930413655518,49.657866568986755,50.0150146484375,492200
2011-12-27,49.92930388540723,50.722173078217075,49.736440865725186,50.52217102050781,466200
2011-12-28,50.58644044200119,50.65786894916324,49.58642499279526,49.67928695678711,614100
2011-12-29,49.907878849380744,50.093591942819934,49.56501426596251,50.05788040161133,501100
2011-12-30,50.157878027318624,50.35788008336573,49.82215795481929,49.84358596801758,407200
2012-01-03,51.01503339796617,51.257896940267905,49.78644305956896,49.886444091796875,1119900
2012-01-04,49.786421256193805,49.786421256193805,49.064986332443155,49.0864143371582,864100
2012-01-05,48.36499572430185,48.55071426479995,47.500697964174584,48.436424255371094,1698800
2012-01-06,48.429283980925725,48.829288104421984,48.33642198822305,48.557857513427734,724100
2012-01-09,48.600716114578745,48.67928913580436,48.043565927450004,48.27214050292969,782500
2012-01-10,48.850730351164806,49.243595550953145,48.093577911189875,48.12215042114258,1131400
2012-01-11,48.03642664753124,48.33642978856677,47.08641125127042,47.51498794555664,1774800
2012-01-12,47.6292733139838,47.87927590707163,47.35069821745054,47.386409759521484,1043000
2012-01-13,47.407838600457765,47.757842196643416,46.62925294403975,47.66498565673828,1027200
2012-01-17,47.857843217150446,48.00070027077557,47.157830575233895,47.47926712036133,827700
2012-01-18,47.493563176839395,48.093574949599464,47.336417106601075,48.06500244140625,933300
2012-01-19,48.07213582575339,49.2221531290341,48.057846850133316,49.193580627441406,1257500
2012-01-20,49.193582436758405,49.193582436758405,48.11499362296572,48.32928466796875,1405400
2012-01-23,48.25784391475787,48.73642645482124,47.70783830257946,48.607852935791016,1278200
2012-01-24,48.436427242443266,48.55786174736219,48.0292785956274,48.30785369873047,1338400
2012-01-25,48.164993237722854,48.68643186431474,47.857845652118876,48.65071487426758,1294000
2012-01-26,48.95071787642278,49.9221611476168,48.78643280168047,49.62215805053711,1599300
2012-01-27,49.52215276331813,49.543580775604546,48.72213912352724,48.94356918334961,1456000
2012-01-30,48.76501009356124,48.78644356206363,48.39357838425081,48.522151947021484,1187300
2012-01-31,48.74357301186858,49.24358364063199,48.14356679692975,49.172149658203125,1783200
2012-02-01,46.35782245864589,46.57210803956037,45.26494746718128,45.72209930419922,6750500
2012-02-02,46.33639013259199,46.77925022838281,45.70780879942049,45.71495056152344,2778700
2012-02-03,46.272119826218024,46.42926590584318,45.92211611682955,46.01497268676758,1369500
2012-02-06,45.76495828794897,45.91495983917693,45.62924298800327,45.7435302734375,1242900
2012-02-07,45.70066174713098,45.92209450741986,45.34351371591724,45.779232025146484,944300
2012-02-08,45.70781517340645,45.85781399707289,45.30780831927547,45.429237365722656,1148500
2012-02-09,45.600677325919364,45.600677325919364,45.34353021391219,45.464962005615234,1351200
2012-02-10,45.1863862791623,45.429247149181975,44.886383117574425,45.357818603515625,1179800
2012-02-13,45.550680336975496,46.2578349498844,45.48639355398378,46.25069046020508,1033400
2012-02-14,46.03637668632361,46.7721061706543,45.800663139523444,46.7721061706543,1728100
2012-02-15,46.82211889951695,46.85783044034597,45.40066823801447,45.422096252441406,1847900
2012-02-16,45.60067436310437,47.329272767715715,45.57210185811018,47.28641128540039,1610900
2012-02-17,47.17927378676379,47.36498690492148,46.77212510518976,47.222129821777344,1289900
2012-02-21,47.41496489145587,47.41496489145587,46.836386895191936,47.229251861572266,1048600
2012-02-22,47.28641848796817,47.61499962062601,47.10784439179057,47.31499099731445,1227600
2012-02-23,47.25784946732154,48.42215056421356,47.24356048841685,48.215003967285156,1138400
2012-02-24,48.42928827126048,48.557861815152776,47.89356607998392,48.007850646972656,1106500
2012-02-27,47.757853173497345,48.193574371806804,47.52213407612039,47.80785369873047,1309400
2012-02-28,47.850698721193574,48.08641776431628,47.472122624470764,47.81498718261719,1093700
2012-02-29,47.78626911932256,48.07340417492442,47.43453155144926,47.4991340637207,1451600
2012-03-01,47.61400612177002,48.38208950203912,47.54222370314297,47.98727798461914,1262200
2012-03-02,47.8939555201936,48.04470022383569,47.47760987586012,47.535037994384766,857200
2012-03-05,47.49195841452228,47.570915213016114,46.92486820063303,47.176109313964844,893400
2012-03-06,46.83872738763307,46.874621323415965,46.42956171227819,46.587486267089844,1030400
2012-03-07,46.75258739880532,46.82437527370474,46.321887532638435,46.70233917236328,739500
2012-03-08,46.967943310119125,47.32686080279109,46.6951679872811,47.204830169677734,765300
2012-03-09,47.319687627075915,47.6570709942753,46.88180778581464,47.62835693359375,598700
2012-03-12,47.82216190586436,47.85087595839912,46.96793664205313,47.33403396606445,723000
2012-03-13,47.62835928807517,47.85089190019621,47.197659309854636,47.66425323486328,1270600
2012-03-14,47.65705611687268,47.65705611687268,46.810010759459146,46.91050720214844,1093900
2012-03-15,46.8889730325215,47.02536340901926,46.587483704453646,46.91050720214844,2096600
2012-03-16,46.75977655629798,47.276618688870826,46.637745907398006,47.140228271484375,1740700
2012-03-19,47.13304984278834,47.38429100339719,46.96794537916164,47.10433578491211,813900
2012-03-20,46.93204291787246,46.98947102319975,46.22138791354536,46.300350189208984,1226900
2012-03-21,46.26445604897051,46.72386993625954,45.905541345558376,46.65926742553711,993500
2012-03-22,46.19985374320901,46.40084663520896,45.66865472222273,46.300350189208984,960500
2012-03-23,46.429581497701314,46.487009628768,45.855313878654485,46.242942810058594,606300
2012-03-26,46.73823762615632,46.86744814615666,46.436748238371,46.7956657409668,839100
2012-03-27,46.75976253811451,46.92486696632998,46.400845106611236,46.91050720214844,746100
2012-03-28,47.03253344819586,47.09714142772416,46.39366091756145,46.738224029541016,719400
2012-03-29,46.53008313524743,46.65929370611493,45.98452678306817,46.48701477050781,1807400
2012-03-30,46.666455294890106,47.36993053417021,46.501350833710056,47.01101303100586,1357000
2012-04-02,46.95361284280353,47.64273412117286,46.89618470044382,47.312530517578125,1045600
2012-04-03,47.19764410656259,47.398636999878576,46.723870449478696,47.16893005371094,628300
2012-04-04,46.745417377124994,47.11868916904178,46.609026973998446,47.03254699707031,805900
2012-04-05,46.71671211524864,47.018201558941115,46.637749811903355,46.745426177978516,707400
2012-04-09,46.293174359369004,46.30035424232483,45.58251929283142,45.941436767578125,1025100
2012-04-10,45.69737742883823,45.7260914869396,45.28821168502518,45.46767044067383,1479400
2012-04-11,45.84811745741354,46.35778235267935,45.560985120609985,45.941436767578125,1145700
2012-04-12,46.12807494519186,46.56595469831196,45.905545127188354,46.3218879699707,1642700
2012-04-13,46.08500393676986,46.214214453389246,45.81222861352729,46.03475570678711,914100
2012-04-16,46.085000804123354,46.630556890170425,45.8624737259899,46.52288055419922,840600
2012-04-17,46.65209281437068,47.57092069276531,46.609024469022856,47.45606994628906,1242000
2012-04-18,47.81499086145015,48.09494607960268,47.54221552691978,47.994449615478516,1238400
2012-04-19,47.82935688183817,48.31748503157095,47.35558850287135,47.47761917114258,1362200
2012-04-20,46.9894706195414,47.91547827256827,46.76694355911671,47.75037384033203,1506600
2012-04-23,47.37712110677334,47.37712110677334,46.7669623090611,47.039737701416016,935900
2012-04-24,47.283779966995745,47.621157720611926,47.039713288588764,47.25506591796875,1185500
2012-04-25,45.8911855571757,45.970147834618984,43.07009416997642,43.723323822021484,8985000
2012-04-26,43.342871915427004,43.586935890321904,42.15844323819411,42.51736068725586,3176700
2012-04-27,42.80451428457122,43.048578365193656,42.2876720577651,42.366634368896484,2633700
2012-04-30,42.517367423724046,43.07727785670949,42.43122798903165,42.88346481323242,2222100
2012-05-01,42.86910684610787,43.88843122624018,42.51018934803482,43.64436721801758,2219200
2012-05-02,43.7592050089324,44.979524612246784,43.43617882889003,44.72110366821289,4082100
2012-05-03,44.706762667899746,44.706762667899746,43.98175052691088,44.08942413330078,2245700
2012-05-04,43.98893833896968,43.98893833896968,43.24239184333598,43.515167236328125,1401900
2012-05-07,43.507965016981714,43.97455596557806,43.24954406658508,43.68742370605469,1063300
2012-05-08,43.45772877230036,44.096601443227826,43.23519895076436,44.01763916015625,1558300
2012-05-09,43.579754701675846,43.75921342082785,43.0700925964816,43.55104064941406,1360800
2012-05-10,43.752036220000214,44.046348409493675,43.24237411546906,43.44336700439453,802000
2012-05-11,43.378764626040386,43.88124961992179,43.27826817492869,43.65154266357422,827200
2012-05-14,43.24956369203372,43.62283826328578,43.14188733440049,43.393131256103516,833700
2012-05-15,43.572592641656065,43.945867235310516,43.21367507910259,43.622840881347656,1041800
2012-05-16,43.938690096138295,44.11814888862864,43.486455910655806,43.515167236328125,1196100
2012-05-17,43.464897975246835,43.730496092967016,42.811668395996094,42.811668395996094,1205000
2012-05-18,43.062918111000116,43.18494873316194,42.17280160419419,42.26612091064453,1521100
2012-05-21,42.35944472725882,42.98396318692054,42.172808820744194,42.91217803955078,1539000
2012-05-22,43.09164340808322,43.33570746991799,42.68247758946667,42.962432861328125,1045900
2012-05-23,42.64657873878011,43.45055320029585,42.40251472067242,43.299808502197266,1500000
2012-05-24,43.32134295542004,43.443376334420705,42.61786495477718,42.94089126586914,1239200
2012-05-25,43.02703491639157,43.113177100000954,42.56762089043592,42.84757614135742,1308800
2012-05-29,43.19213816328928,43.902796142007574,43.04857332892684,43.622840881347656,1181900
2012-05-30,43.34135049523588,43.355785913404304,42.64125061035156,42.64125061035156,1384400
2012-05-31,42.208198628926695,42.46081433075061,41.35652818342537,42.04941177368164,2165800
2012-06-01,41.291549920129306,41.97000051190539,41.01006627174276,41.06058883666992,2531700
2012-06-04,40.69250246747791,41.212163617981865,40.338841698901675,40.91624450683594,2952800
2012-06-05,40.706950001680546,41.15443696690249,40.33163737646149,40.8657341003418,1644100
2012-06-06,41.16165153220823,41.97001842255895,41.04617094119734,41.890625,1300300
2012-06-07,42.352547029321016,42.77116313594915,41.49366031254514,41.55139923095703,1206900
2012-06-08,41.284347250796706,41.905056400448586,41.212170167538225,41.80400848388672,1126300
2012-06-11,42.11436377019609,42.27315060277309,41.399828530148085,41.464786529541016,656000
2012-06-12,41.565830992319256,41.84009840215305,41.24104100084162,41.80400848388672,847400
2012-06-13,41.72462446145466,42.208198606499074,41.291570152818615,41.34931182861328,1075100
2012-06-14,41.551407728470366,42.03498469127725,41.2627048175461,41.876197814941406,1140500
2012-06-15,42.02054499652901,42.31646421115494,41.818451878126744,42.26594161987305,1195000
2012-06-18,42.02053354752114,42.79281037901337,41.94114013905996,42.59071731567383,910100
2012-06-19,42.58350694850822,43.29804497145781,42.54741978141012,43.168128967285156,1021700
2012-06-20,43.25474175185612,43.25474175185612,42.37420049589512,42.807254791259766,800100
2012-06-21,42.92994474271762,43.045425318728185,41.72461640268707,41.739051818847656,1037400
2012-06-22,41.55140635180257,41.63801612090032,40.93069704117305,41.40705490112305,1231800
2012-06-25,40.995641553825784,41.176080119426494,40.42545502574179,40.66363525390625,1023000
2012-06-26,40.807981406395605,40.887374805568435,39.94909218255169,40.60588836669922,1365500
2012-06-27,40.76469263580594,41.11835354188988,40.59868943606036,41.0245246887207,956300
2012-06-28,40.70694500162828,41.060603078786826,40.43267758741147,40.89459991455078,1032600
2012-06-29,41.52974274475111,42.3092359507038,41.450349331873475,42.24427795410156,979000
2012-07-02,42.42471212018072,44.20744592251168,41.86896104104771,43.91874313354492,2851200
2012-07-03,44.395108479296255,44.71989848468745,43.557873550551356,44.64772415161133,1644300
2012-07-05,44.727117089059796,44.727117089059796,44.1641468346766,44.34458541870117,1183500
2012-07-06,44.14971672620842,44.44563868273427,43.37022338119711,43.67335891723633,938900
2012-07-09,43.637261541701584,44.10640290817189,43.44238756270349,43.478477478027344,948200
2012-07-10,43.846561331526104,43.9836936185862,43.09593641090861,43.24028778076172,1027700
2012-07-11,43.19699436368081,43.464045440809265,42.576287969666026,43.01655578613281,891100
2012-07-12,42.713431334951466,42.89386995912639,42.22263805693366,42.547428131103516,883200
2012-07-13,42.66289907085776,43.65170173630634,42.66289907085776,43.521785736083984,1565300
2012-07-16,43.4279534962773,43.50734690721769,42.47523807154071,42.525760650634766,1059000
2012-07-17,41.82566833496094,41.85453917195688,41.017304171996486,41.82566833496094,1556100
2012-07-18,41.760699895255236,42.908289223032625,41.74626448036367,42.75672149658203,1334500
2012-07-19,42.86498877092505,43.168127018064745,42.61959219115454,42.966033935546875,856200
2012-07-20,42.937166271840276,42.937166271840276,41.038951614407246,41.11112594604492,2106800
2012-07-23,40.39659008198939,40.91625131901212,40.057364671292845,40.83686065673828,1350800
2012-07-24,40.62755323850394,40.83686266190372,40.13676005763002,40.59868240356445,1415300
2012-07-25,38.98194927549746,39.11186527223873,36.67233767403977,37.697227478027344,6557600
2012-07-26,38.18802665963766,38.6571681389545,37.39409789047416,37.70445251464844,2146600
2012-07-27,38.05810166281689,38.729333342469765,38.05810166281689,38.50558853149414,1735200
2012-07-30,38.397323485660614,38.72932975250843,38.30349466997798,38.43341064453125,1171300
2012-07-31,38.22410012517912,38.56332546561875,38.10861956828298,38.14470672607422,1016900
2012-08-01,38.238535538950345,38.39010325363772,37.473475128717396,38.14470672607422,1288900
2012-08-02,38.05810382749795,38.43341639309099,37.50957177210761,38.35402297973633,1429200
2012-08-03,39.02525291266505,39.16960431641002,38.64272403302379,38.68602752685547,1459700
2012-08-06,38.981955896084024,39.003610401401446,38.64273318322403,38.70769119262695,1050900
2012-08-07,38.97472993839484,39.05412334731171,38.72933338050362,38.78707504272461,1084700
2012-08-08,38.61384698265948,38.99637580069248,38.41897303198033,38.902549743652344,1360000
2012-08-09,38.909788186930676,38.989181628988305,38.72934954708157,38.83039474487305,992600
2012-08-10,38.801514003489615,39.22013286272243,38.68603341357616,39.14073944091797,688000
2012-08-13,39.025256727991454,39.544920730969,38.99638589376508,39.41500473022461,1029500
2012-08-14,39.624313039640086,40.06458085953786,39.386132793848994,39.85527420043945,1327800
2012-08-15,39.732580242106025,40.374941234925544,39.71092849056929,40.346073150634766,773000
2012-08-16,40.51207206880247,41.28434899603273,40.27389181389208,40.901817321777344,1620900
2012-08-17,41.082256513705346,41.197739853504466,40.69251125498076,41.16886901855469,1344300
2012-08-20,41.14721074354464,41.573045883555295,40.95955584012301,41.45756530761719,1089300
2012-08-21,41.428704382647176,41.73905900031289,41.313223786767466,41.43592071533203,1740200
2012-08-22,41.37095441008851,41.47921865156826,40.966771028941324,41.3276481628418,918600
2012-08-23,41.32042806596465,41.32042806596465,40.88015756220524,41.00285720825195,796900
2012-08-24,40.98844473079044,41.385409213389515,40.880180438592824,41.2554931640625,785600
2012-08-27,41.26991892057914,41.4431384435945,40.62755791228737,40.800777435302734,624100
2012-08-28,40.74303699060254,40.80077591169331,40.41824695548391,40.490421295166016,1153200
2012-08-29,40.627546909639996,41.183298005917,40.54093441831381,41.139991760253906,1000600
2012-08-30,40.88016123643438,40.923467483626766,40.584242097138215,40.591461181640625,1014400
2012-08-31,40.974001111526526,41.14722064046017,40.74303990409848,40.8585205078125,889600
2012-09-04,40.90903485802232,41.14721235063978,40.526505951525735,40.872947692871094,1052700
2012-09-05,40.93102848954665,41.163343430613644,40.335721106885906,40.92376708984375,1329500
2012-09-06,41.2141578027079,41.81672375208709,41.08348031596789,41.4246940612793,1151500
2012-09-07,41.59167106114112,41.74412720889727,41.22867865062897,41.707828521728516,1830800
2012-09-10,41.70057284817238,41.75139157106855,41.51181798733127,41.62797546386719,1061800
2012-09-11,41.64250371815674,41.83852001778521,41.49730615146011,41.72236251831055,1282300
2012-09-12,41.72233402838963,41.976427519542135,41.584395187982835,41.71507263183594,857000
2012-09-13,41.64975400564821,41.83125023530258,41.352100299791566,41.55537796020508,1147900
2012-09-14,41.21416361242827,41.73687363307173,41.10526476832334,41.57715606689453,1629900
2012-09-17,41.431967890563804,41.715101625900395,41.17061282120287,41.1923942565918,918700
2012-09-18,41.047192914533404,41.2867665264807,40.58982158519927,41.03267288208008,921100
2012-09-19,41.163353030704364,41.72962048544313,40.85117923657577,41.67154312133789,960800
2012-09-20,41.54084868098207,42.107115905219715,41.23593364295345,41.78042221069336,2281900
2012-09-21,41.744147051352165,41.98372348548717,41.52635205540175,41.83126449584961,2149100
2012-09-24,41.48278015923967,42.520938873291016,41.39566273950057,42.520938873291016,1298100
2012-09-25,42.93475330798052,44.2415257800018,42.8258572174697,42.86215591430664,3298000
2012-09-26,43.31952702529477,43.48650602550159,42.702440834561294,42.876678466796875,1757800
2012-09-27,42.95653267873654,43.123511671876386,42.62984163241769,43.02913284301758,891000
2012-09-28,42.94925650125671,42.94925650125671,42.18697308890119,42.5281867980957,1490000
2012-10-01,42.76049833517036,43.79139524121633,42.61530084672976,42.90569305419922,1738600
2012-10-02,42.95652047649473,43.07268070634789,42.252317084189976,42.54270935058594,1197000
2012-10-03,42.72421288904563,43.47923789621418,42.72421288904563,43.464717864990234,1409200
2012-10-04,43.45744828715245,43.769621956298806,43.07993587866356,43.486488342285156,958900
2012-10-05,43.66799550431588,44.29960163037655,43.602656748557,43.78415298461914,998700
2012-10-08,43.9801652957993,44.16892014578346,43.51553264696805,43.55183410644531,975700
2012-10-09,43.39211778491357,43.87852633836666,42.91296786191552,43.101722717285156,1141800
2012-10-10,43.196103273811985,43.522797045731764,42.709694700719105,42.83311080932617,1152700
2012-10-11,43.188848376255535,43.305005864155,42.73147705603322,42.76051712036133,726400
2012-10-12,43.20336350935632,44.2197435554353,43.18884624732084,43.51553726196289,1574700
2012-10-15,43.66072466030672,43.94385828421659,43.355812378992155,43.82044219970703,768800
2012-10-16,44.21974108300447,44.64807229383566,43.85674862533101,44.21248245239258,1031000
2012-10-17,45.73705592306741,45.853213414635185,44.52466227791706,44.786014556884766,1654000
2012-10-18,44.6335473174008,44.77874483826353,44.28507492897767,44.575469970703125,935700
2012-10-19,44.65532831299458,44.70614980195647,43.82770600100464,44.08180236816406,1490200
2012-10-22,44.10359444878356,44.19797328641423,43.29049191915531,43.4502067565918,1581900
2012-10-23,44.197967640617115,44.495621380279566,43.26144632457685,44.270565032958984,1869600
2012-10-24,42.82584203317771,43.413887913913086,41.497288598574535,41.78042221069336,4023000
2012-10-25,41.780417365255104,43.09445061999553,41.780417365255104,42.90569305419922,1837000
2012-10-26,42.84036893166091,43.28322017618405,42.68791276304522,43.13076400756836,1539100
2012-10-31,43.3050030321916,44.3867190482508,42.085348104301005,43.78415298461914,1512100
2012-11-01,43.864010675237395,44.909430807253834,43.537319653395144,44.69889450073242,1522400
2012-11-02,45.04736758419953,45.04736758419953,44.553697574831894,44.6335563659668,996900
2012-11-05,44.70615732590191,45.119968551540374,44.39398355646756,45.0328483581543,809600
2012-11-06,45.127219241597984,46.09278044444651,45.090920552114675,45.6789665222168,1318300
2012-11-07,45.047368920569596,45.41762282328569,44.90217136596354,45.1707878112793,1395700
2012-11-08,44.98928507780883,45.35953615776195,44.37219625200349,44.6480712890625,918600
2012-11-09,44.64081776665884,45.149005038584704,44.32864400281128,44.6335563659668,1199700
2012-11-12,44.633556252563096,44.83683116081696,44.38672124850643,44.56095886230469,624700
2012-11-13,44.495617031257744,45.31597800830777,44.45931833863466,44.568214416503906,1224500
2012-11-14,44.66985276245001,44.69163419399233,43.32678172248191,43.464717864990234,1457300
2012-11-15,43.49375528670304,43.59539272968694,43.07994411488994,43.21788024902344,1007100
2012-11-16,43.188844697243745,43.406639622325905,42.564497214438866,42.94926834106445,1065200
2012-11-19,43.493747576950014,43.68976379770688,43.036376395184,43.42115020751953,1080700
2012-11-20,43.25417047021384,43.638941481361464,43.21061039050562,43.609901428222656,628500
2012-11-21,43.62444364324947,43.85675864769726,43.53732620893488,43.71882247924805,508700
2012-11-23,43.66073752128311,44.27782643384097,43.53005999953736,44.270565032958984,387000
2012-11-26,44.13262772532005,44.6335563659668,44.10358766137774,44.6335563659668,702000
2012-11-27,44.52465166149698,44.84408399478993,44.08905909492036,44.161659240722656,957000
2012-11-28,43.96565468612482,44.94573337493047,43.856755823185026,44.81505584716797,1114200
2012-11-29,44.99653169980046,45.42486278668143,44.76421681566961,44.98927307128906,1228300
2012-11-30,45.170776151428846,45.279672212214486,44.61902614023066,44.822303771972656,1357400
2012-12-03,45.03285129289296,45.112710090661345,44.05277259343926,44.28508758544922,780600
2012-12-04,44.270554821147066,44.66258729595489,44.10357864174648,44.29959487915039,797600
2012-12-05,44.34315846791922,45.08366061959472,44.32863843777091,44.94572448730469,870000
2012-12-06,44.74969298708455,44.97474922358213,43.86399083570682,44.02370834350586,969300
2012-12-07,44.12535215899307,44.26329103372985,43.66072236272863,43.99467468261719,783400
2012-12-10,44.110847695732225,45.047369017063716,44.08181040027922,44.96751022338867,1139600
2012-12-11,45.352288070550784,45.59912310437318,44.98203413511057,45.1998291015625,1429100
2012-12-12,45.42487440454843,45.48295452514165,44.80052695523422,44.94572448730469,877300
2012-12-13,44.99683523213076,45.55171951994587,44.73399428021268,45.00413513183594,605400
2012-12-14,45.06984211419659,45.23776764686789,44.82890644911448,44.91651916503906,886800
2012-12-17,45.10633947679212,45.40568542480469,44.98222171585992,45.40568542480469,814600
2012-12-18,45.58822576215975,46.676094666674516,45.47140786776258,46.398651123046875,1473300
2012-12-19,46.52277582777286,46.82942178332205,46.28183733256261,46.45706558227539,987400
2012-12-20,46.38404969692528,46.69799831817831,46.23802941414949,46.55197525024414,1039500
2012-12-21,46.00439125338662,46.71260132896504,45.85837096928081,46.435157775878906,2277800
2012-12-24,46.17960906040006,46.58117032128503,46.12850141547785,46.230716705322266,358400
2012-12-26,46.391357073371545,46.63959547841461,45.98979568481445,45.98979568481445,524500
2012-12-27,45.9605884073544,46.08470621161501,45.50791937834732,45.851070404052734,786700
2012-12-28,45.5152080882051,45.887564194595896,45.376487731933594,45.376487731933594,651200
2012-12-31,45.398385891474355,46.17960587878507,45.31077318980932,46.1577033996582,727500
2013-01-02,46.80751818659497,47.36970242510406,45.011441899132436,46.11391067504883,3084300
2013-01-03,45.66123989554387,46.11390890017036,45.21587079100369,45.51521682739258,2893100
2013-01-04,45.37651004344446,46.3913663542444,45.3180996846155,46.026309967041016,1273600
2013-01-07,45.6393311898396,46.32563872294698,45.63203129030274,46.106605529785156,1077500
2013-01-08,45.858370164935955,46.21612375394203,45.12825761657934,46.150413513183594,1734200
2013-01-09,46.13581234000283,46.91703535299973,46.00439185446379,46.88052749633789,1788100
2013-01-10,47.1579616216758,47.36239779172628,46.75640310657352,47.004638671875,1330400
2013-01-11,47.01925227256933,47.19447773583152,46.93163675577972,47.12146759033203,866400
2013-01-14,47.13607113755248,47.450019801437406,46.917040683646064,47.311302185058594,1167000
2013-01-15,47.479216692431905,47.84427295556956,47.099560629708016,47.712852478027344,999600
2013-01-16,47.65445263493596,47.72016567333861,46.763719835762195,47.260196685791016,1596200
2013-01-17,47.36240427044941,47.413511927374046,46.902429787810824,47.36970138549805,871700
2013-01-18,47.311294535249175,47.86617605168008,47.18717117075593,47.829673767089844,1172400
2013-01-22,47.712843578507645,48.39915100769591,47.63983345356145,48.238525390625,912000
2013-01-23,48.22393022277109,48.545175917433774,47.931884124637364,48.0048942565918,774000
2013-01-24,48.44296460338075,49.5381333837299,48.27504184310444,49.07086181640625,1637400
2013-01-25,49.121966604509474,49.27528955637638,48.61089009828647,49.05625915527344,733300
2013-01-28,49.30449008654718,49.52352603736467,48.84452127420921,49.28989028930664,1658000
2013-01-29,49.26799530680637,49.59654371272157,48.990548984168534,49.58924102783203,921700
2013-01-30,49.41401007307241,49.53082516669791,48.75690776419196,49.01974868774414,1034200
2013-01-31,48.75690483861498,48.975940785204195,47.45730566698495,48.29693603515625,2546200
2013-02-01,48.73499633186829,48.99783720714849,48.18010942068621,48.83721160888672,1352400
2013-02-04,47.829675431663695,48.866433931426414,47.829675431663695,48.20933151245117,1390800
2013-02-05,48.25314258930004,49.19498858062114,47.523029935902365,48.92485046386719,2064200
2013-02-06,44.945722708069916,45.24506869639101,43.814046200486295,44.17180252075195,6424400
2013-02-07,43.85786488788864,44.17181353749676,42.8941164517014,43.75564956665039,4152700
2013-02-08,43.339473082263204,43.792141996400076,43.17154756226336,43.60231399536133,2604200
2013-02-11,43.587723493268605,43.73374657269978,43.215364501461195,43.32488250732422,1939400
2013-02-12,43.47089674938976,43.48549933288012,43.032827600153006,43.17155075073242,1538000
2013-02-13,43.27377071773001,43.332178272833566,42.675078655837446,42.93791961669922,2011400
2013-02-14,42.813810539283644,42.916025877046444,42.29543116339567,42.40494918823242,1947200
2013-02-15,42.20049659481954,42.57285548231836,42.047173657688404,42.18589401245117,2304000
2013-02-19,42.31002276749748,42.71888401239667,41.93036390783512,42.616668701171875,1932200
2013-02-20,42.638570540638646,43.00362678572919,42.4925474855708,42.68967819213867,1875200
2013-02-21,42.529064235933454,42.57287200003539,41.95227454180627,41.9960823059082,1777800
2013-02-22,42.22241921856054,42.499860042141826,42.13480368833165,42.32463455200195,986800
2013-02-25,42.485252545693356,42.60207045401095,41.419288784150474,41.44849395751953,1302500
2013-02-26,41.55800120366617,41.79163976061762,40.747578686909414,40.87169647216797,2095200
2013-02-27,41.1288438864195,42.297026605067636,41.1288438864195,42.01783752441406,2017800
2013-02-28,42.017831555931785,42.289674770732205,41.80476896409783,41.8929328918457,1993400
2013-03-01,41.68721943980798,42.172125284986166,41.591706875592,41.922325134277344,1566200
2013-03-04,41.922325134277344,42.06926409130998,41.34190672488319,41.922325134277344,1839400
2013-03-05,42.00313164351741,42.48804018982978,41.92966218038665,42.27497482299805,3039100
2013-03-06,42.31906639973626,42.44396788279948,41.98845092687481,42.04722595214844,1390100
2013-03-07,42.150082374711175,42.48070063477252,41.72395435271731,41.826812744140625,1503300
2013-03-08,41.995802992761845,42.2749921116598,41.84886120372705,41.87825012207031,1882200
2013-03-11,41.87090429382525,42.26029765248817,41.84151537548199,41.87825012207031,1552200
2013-03-12,41.914976184110834,42.47335430621394,41.914976184110834,42.1353874206543,1944200
2013-03-13,42.113343012134166,43.465202013893894,41.97374989662422,43.399078369140625,2100600
2013-03-14,43.399082011829584,43.59745296273961,42.921522003785356,43.49459457397461,1222100
2013-03-15,43.31093433851059,43.64155271414602,42.92888674918542,43.597469329833984,2334500
2013-03-18,43.20806878322831,43.920731827941125,43.061126995777336,43.48725509643555,1273300
2013-03-19,43.49459753041057,43.759092149602296,43.0905097745037,43.377044677734375,1352100
2013-03-20,43.362346434342584,43.5607173814143,43.0611171004961,43.11989212036133,1396100
2013-03-21,42.958268230636314,43.156639221654856,42.17947872545404,42.20151901245117,1277900
2013-03-22,42.35580117472763,42.789277818173225,42.23824832918378,42.68641662597656,1487800
2013-03-25,42.7966325412892,43.15663978211252,42.35580997953306,43.03173828125,1700200
2013-03-26,42.987638979898044,43.45785308831763,42.95090424713976,43.3549919128418,1171300
2013-03-27,43.06847053227358,43.47255832425119,42.98765241334179,43.45786666870117,1241100
2013-03-28,43.377040382834174,43.700309995015495,43.27418199726198,43.68561553955078,1488400
2013-04-01,43.715004643385036,43.854597766894614,42.95825840103808,43.053768157958984,1254500
2013-04-02,43.347662691245525,43.347662691245525,42.94357487076175,43.083168029785156,1383600
2013-04-03,43.0464386807835,43.281544453189134,42.66439109995388,42.7158203125,1446300
2013-04-04,42.921526887646124,43.03173391825199,42.671729516611094,42.98030471801758,1244900
2013-04-05,42.56886333210737,43.38438741565178,42.29702290515286,43.33295822143555,1206800
2013-04-08,43.421132231135424,43.9501215546194,43.05377915708967,43.94277572631836,1131100
2013-04-09,43.98684919122861,44.41298003352685,43.648885090380325,44.27338409423828,1368500
2013-04-10,44.39828735030548,44.89053906433476,44.24399975062597,44.58930969238281,1500400
2013-04-11,44.68480535749544,44.89787070653946,44.32480109445705,44.51582336425781,848900
2013-04-12,43.60479840494828,44.05296949719985,42.42192414189788,43.347652435302734,2464700
2013-04-15,43.31091566272473,43.31091566272473,42.06926083215242,42.25293731689453,1367500
2013-04-16,41.72395703095733,42.03253222503456,41.23905115263515,42.003143310546875,1607300
2013-04-17,41.60639873843326,41.760686315309094,41.15822766044851,41.569664001464844,1235400
2013-04-18,41.7459916377647,41.75334026672774,41.0994496203752,41.32720947265625,1130000
2013-04-19,41.65047810832771,41.70925592793767,40.908426353176544,41.385986328125,1306900
2013-04-22,41.547614146196274,41.99578515114337,41.158220952964356,41.88557815551758,833900
2013-04-23,41.98846672836423,42.39990046815742,41.98111809576383,42.17948913574219,1199600
2013-04-24,42.37784854444421,42.627648733335064,42.23090676227052,42.35580825805664,1296500
2013-04-25,42.568877765659416,43.02439764414034,42.49540826406279,42.75990295410156,925900
2013-04-26,42.67174161687893,43.17133930329926,42.62030959937892,42.93623352050781,1093700
2013-04-29,42.97297171990993,43.36236515298785,42.906848042341785,43.23011779785156,656500
2013-04-30,43.2888768832034,43.64153823533451,42.92152387719109,43.63418960571289,1406900
2013-05-01,43.68562260418525,44.04562981458744,43.208065336417306,43.27418899536133,1284900
2013-05-02,43.43583028371968,43.803183388155325,43.318277402407546,43.6195068359375,944600
2013-05-03,43.98684427520706,44.6186918382437,43.96480399364836,44.427669525146484,1430700
2013-05-06,44.38359881881701,44.60401010531393,44.31747515259978,44.354209899902344,1633800
2013-05-07,44.361550841961865,45.48565017013759,44.26603827338477,45.2285041809082,2060300
2013-05-08,41.6211102579925,42.53949307213459,41.22436820963945,42.069278717041016,4612600
2013-05-09,42.0178425283653,42.20151906070195,40.945172252162855,41.1435432434082,6167300
2013-05-10,41.312526056029334,42.150090610041694,41.187627357092744,41.87825012207031,2383200
2013-05-13,41.48884120098852,41.569659294776955,40.996586812768264,41.1949577331543,1728000
2013-05-14,41.25373238070904,41.782718658447266,41.18026011805078,41.782718658447266,1030700
2013-05-15,41.83415475307696,42.51008566781337,41.73129637104072,42.36314392089844,1089600
2013-05-16,42.458661956458194,42.90683308118284,42.252942363155086,42.51743698120117,1205300
2013-05-17,42.82601650847754,42.85540542324546,42.4953982240414,42.84805679321289,965900
2013-05-20,42.67908482073618,42.958273971630646,42.67173899164925,42.75990295410156,837500
2013-05-21,42.85540926016919,44.06032684672056,42.81132588407045,43.986854553222656,1829400
2013-05-22,43.98684205540283,44.15582407841363,43.25213614526164,43.428466796875,1803000
2013-05-23,43.288883237648655,43.715014132462265,43.215413746733894,43.70766830444336,1015000
2013-05-24,43.391749166424425,43.443178376192655,42.701123544939556,43.127254486083984,966300
2013-05-28,43.71500858949605,43.7737864169201,42.39253830194667,42.51743698120117,1418300
2013-05-29,42.37049865722656,42.657036385173676,42.20151659367701,42.37049865722656,1423700
2013-05-30,42.473368193117565,42.60561553881883,42.14274982886439,42.223567962646484,998800
2013-05-31,41.92232772264393,42.06926668874886,41.47415658905294,41.657833099365234,2271500
2013-06-03,41.67987863933305,41.90763854980469,41.42273261354367,41.90763854980469,1064600
2013-06-04,41.85619984743128,42.17946946402791,41.32721065419965,41.510887145996094,1250900
2013-06-05,41.50350679483612,41.821399933091755,41.3630434998529,41.592220306396484,1374500
2013-06-06,41.703115996861285,41.9101151389209,41.31129538649079,41.629188537597656,955700
2013-06-07,41.998808131519795,42.54587779437678,41.69570120476113,42.2575569152832,1252400
2013-06-10,41.488719861916685,41.99882888793945,41.3334705149322,41.99882888793945,1577100
2013-06-11,41.63657402770647,41.99143085622,41.577432633029915,41.76964569091797,586100
2013-06-12,41.96183783270598,42.22058941337508,41.377804513227126,41.41476821899414,857700
2013-06-13,41.28170935540302,42.10231684923608,41.28170935540302,41.932281494140625,1380300
2013-06-14,41.95446713202823,42.28714629005697,41.680932188827434,41.76964569091797,1222200
2013-06-17,42.109716363811444,42.316718295056894,41.72528742881433,42.06536102294922,1036800
2013-06-18,42.27236101012624,42.44978801755503,41.92489579203032,42.38325500488281,1313200
2013-06-19,42.43500112806048,42.568072782244,41.78442890984672,41.79182052612305,1165500
2013-06-20,41.48871487567198,41.67353631038917,40.88989523208512,40.971214294433594,1999300
2013-06-21,40.49806821047966,41.200390162923185,40.276283072905656,40.505462646484375,5348500
2013-06-24,40.33542537275204,40.52763839751888,39.729211375982366,40.16539001464844,2219100
2013-06-25,40.71985219970874,40.778993581227496,40.19495728041948,40.43892288208008,1925900
2013-06-26,40.89729698796321,41.00079656584049,40.453726562731426,40.74943923950195,1200500
2013-06-27,40.97859713778125,41.488703138031255,40.904669712869826,41.200382232666016,1164600
2013-06-28,41.06732969464757,41.82140162377418,41.03036596501575,41.629188537597656,2058400
2013-07-01,42.03579256615329,42.13929213068862,41.57004170559269,41.7844352722168,818300
2013-07-02,41.688316759168636,42.05795957890967,41.48131768256196,41.74006652832031,919900
2013-07-03,41.54045513579128,41.7474570129579,41.31867002896691,41.673526763916016,458100
2013-07-05,41.95446452816781,42.44239298961006,41.57743005256975,42.435001373291016,632800
2013-07-08,42.53111419849889,42.95250690887737,42.39804251941603,42.88597106933594,870100
2013-07-09,43.004249243521244,43.66960752367859,43.004249243521244,43.166893005371094,779100
2013-07-10,43.04121513359201,43.41085799026621,42.752894156610324,42.98207092285156,833600
2013-07-11,43.64003162937748,43.75831722223115,43.3664967246817,43.52914047241211,963400
2013-07-12,43.25560705985638,43.43303687690092,42.55328786860623,42.75289535522461,1361900
2013-07-15,42.83421093948781,44.623283737179264,42.78246116791605,44.312782287597656,1900000
2013-07-16,44.47542994190378,44.76375092886669,44.32018061356242,44.52717971801758,1509200
2013-07-17,44.74895694257365,44.837673246027904,44.231459273177755,44.394100189208984,794700
2013-07-18,44.53457446768753,44.96335873280839,44.527180030961425,44.8746452331543,849700
2013-07-19,44.852466178279826,45.04468205719058,44.66764473633178,44.800716400146484,705600
2013-07-22,45.185143360418024,45.192537797057135,44.68982327134619,44.7563591003418,758800
2013-07-23,45.0225005599649,45.0225005599649,44.16492925502038,44.268428802490234,761800
2013-07-24,44.69721316423447,44.711999216791234,43.82485580444336,43.82485580444336,871700
2013-07-25,43.81006835963198,43.86921256797948,43.240820865118145,43.75092697143555,828900
2013-07-26,43.40347055832906,43.9431488777489,43.34432915819553,43.906185150146484,479500
2013-07-29,43.662223527029944,43.92097244771835,43.521757409954766,43.67700958251953,392900
2013-07-30,43.80266882209947,43.98009859490334,43.49956185951206,43.76570510864258,625900
2013-07-31,43.8840045883985,44.556754539016104,43.74353848454498,44.07621765136719,933000
2013-08-01,44.519786374916784,45.355177197013205,43.89139182909645,45.14817810058594,1136400
2013-08-02,44.77852821927812,44.845064035568384,43.78049379507489,44.14274215698242,1678400
2013-08-05,44.04664778910151,44.28321901127955,43.69178813568303,44.10578918457031,749800
2013-08-06,43.987509523937575,44.50501020001426,43.81747411125486,44.046653747558594,1623000
2013-08-07,41.429581013403684,42.080150551348694,41.10429342427938,41.629188537597656,4337100
2013-08-08,41.6587450421967,41.94706881318915,41.41478224538886,41.939674377441406,1372800
2013-08-09,42.05056749686736,42.109708880891326,41.73267444980475,41.984031677246094,1088700
2013-08-12,41.8361630241754,42.2427694508019,41.777018835498744,42.18362808227539,906000
2013-08-13,42.19104693652404,42.26497439995114,41.53308292350617,41.72529602050781,742900
2013-08-14,41.65135714545909,41.88792834779248,41.09689286121184,41.19300079345703,952300
2013-08-15,41.05993345952348,41.40739586317198,40.85293152058978,41.3112907409668,1151600
2013-08-16,41.21518342930336,41.62179005605542,41.08950619673427,41.49611282348633,934400
2013-08-19,41.51826772320179,41.621767227409435,41.16341107156844,41.41476821899414,871500
2013-08-20,41.32606837510694,41.99881819422957,41.15603019629327,41.74006652832031,819000
2013-08-21,41.70311884307216,42.16886976464529,41.510905743777215,41.84358215332031,909300
2013-08-22,41.78441521933004,42.3019156138031,41.75484312361152,42.08012771606445,654800
2013-08-23,42.154072052191545,42.35367953481732,42.0062143443038,42.28714370727539,911300
2013-08-26,42.80463266838859,44.77852364999577,42.80463266838859,43.49216842651367,2684900
2013-08-27,43.01164842113651,43.29996943426865,42.383256614061416,42.59025573730469,1234100
2013-08-28,42.568069615445,42.67156915652109,42.17624629831997,42.48674774169922,1184200
2013-08-29,42.51632523557659,42.82682673892039,42.316720550753864,42.457183837890625,968200
2013-08-30,42.59764285430519,42.6050372908693,41.89532084873121,42.04317855834961,1009900
2013-09-03,42.479345960151385,42.656775728565066,42.28713296284119,42.471954345703125,1603000
2013-09-04,42.546335038641026,42.83642322877264,42.13723623621345,42.77691650390625,999100
2013-09-05,42.69510783769827,43.22321736157276,42.494276855921186,43.029823303222656,1030600
2013-09-06,43.156268467824525,43.26783933032437,42.576092038001576,42.91824722290039,1160000
2013-09-09,43.01495076988874,43.468676886161646,43.01495076988874,43.453800201416016,1250300
2013-09-10,43.62488303524823,44.123239232923225,43.61000634969168,44.048858642578125,1229300
2013-09-11,44.13067974357206,44.80755334197844,43.89265560806428,44.62903594970703,1645700
2013-09-12,44.5174701430033,44.6662341901166,44.160438132394304,44.35383224487305,1405900
2013-09-13,44.4505134866261,44.54721051463538,43.63975264586526,43.981910705566406,1040400
2013-09-16,44.457956879632334,44.867055795104946,44.39845013832263,44.65134811401367,1015400
2013-09-17,44.58441004964689,45.20177979982253,44.4207721653635,44.91912841796875,1357600
2013-09-18,45.05300082933053,46.18360314449054,44.92655328623879,45.9678955078125,1680400
2013-09-19,45.99765558392638,46.30262052125159,45.819138208143066,45.834014892578125,1267100
2013-09-20,45.87120810533565,46.45882440946274,45.70757024100682,46.18361282348633,2808400
2013-09-23,46.01997748699253,46.10179784741483,45.39517081528523,45.848899841308594,1457600
2013-09-24,45.79681744815257,46.22079295730888,45.78194076604078,45.90095138549805,1229000
2013-09-25,45.87120612514751,45.930712864107434,45.27615292273563,45.35053634643555,1466100
2013-09-26,45.54393123866445,45.74476224266134,44.97119159854836,45.31334686279297,1333300
2013-09-27,45.246404092397164,45.350538052056,44.91168576675261,44.96375274658203,1066100
2013-09-30,44.301763992872736,44.517468875736505,43.66208059470198,44.32407760620117,2057200
2013-10-01,44.413317202591024,44.71828209214607,44.2422396145418,44.5248908996582,1329900
2013-10-02,44.21248948743046,44.28687290340036,43.78107702455382,43.97446823120117,1613800
2013-10-03,43.75133029995564,43.87034094613702,42.65791803742583,42.96288299560547,2116200
2013-10-04,43.01494888020211,43.550495320330164,42.7769247721662,43.49842834472656,1090600
2013-10-07,42.74717161728322,43.59512269641674,42.47195723463048,43.35710144042969,1730300
2013-10-08,43.22321369940082,43.26784091105633,42.90337210782958,42.977752685546875,1357700
2013-10-09,42.962881999692215,43.23809641802504,42.67279373368942,43.14139938354492,1316400
2013-10-10,43.45380192643586,43.743893034335315,43.08933306673061,43.550498962402344,1331100
2013-10-11,43.3422273600508,43.862899952829004,43.30503706858894,43.81083297729492,928400
2013-10-14,43.69926167065779,44.338944933784234,43.66207137714899,44.22737121582031,824200
2013-10-15,43.90752925827836,44.205057279014895,43.476116749391636,43.71413803100586,1546000
2013-10-16,43.79595675506803,44.554650626127724,43.721573333922535,43.877777099609375,1324500
2013-10-17,43.82570843423825,44.45795476207034,43.63231720906827,44.26456069946289,1250300
2013-10-18,44.316633529733124,45.0009440441367,44.257126787208826,44.78523635864258,1534000
2013-10-21,44.874492759090835,45.082760665816544,44.666222014927705,45.045570373535156,933200
2013-10-22,45.13484317857556,45.439808220156266,44.80756452143282,45.16459655761719,1109100
2013-10-23,45.0455601965756,45.38771534816252,45.00836707525968,45.298458099365234,786100
2013-10-24,45.186897029572826,45.871207523853116,44.539776829557766,45.46210861206055,1826200
2013-10-25,45.6703659527667,45.6703659527667,44.718278242091905,45.19432067871094,2152900
2013-10-28,45.28358586207561,45.56623431724323,45.01581125196982,45.22407913208008,1214200
2013-10-29,45.3282332621855,45.37286332956122,44.770370188461385,45.3059196472168,1199800
2013-10-30,45.28359731660785,45.41004489367782,44.69598097773056,44.82986831665039,1545800
2013-10-31,44.86704705373067,44.87448681366371,44.25711726132585,44.43563461303711,2419500
2013-11-01,44.66622434144247,45.134829993420844,44.25712543016377,44.58440399169922,2066600
2013-11-04,45.13482507627798,46.072033440694454,44.68109615890531,45.91583251953125,2904100
2013-11-05,45.6108699584758,45.930711577834664,45.18689438629078,45.32078170776367,2871800
2013-11-06,43.885209599530405,45.35053021786748,43.79595234059002,44.703407287597656,3286600
2013-11-07,44.89679976672995,44.91167644894298,44.21248657211557,44.33149719238281,2042800
2013-11-08,44.25713374286446,44.45052501158741,44.093493012641744,44.37614440917969,1440500
2013-11-11,44.264548636877905,44.59926685599367,43.855449852374946,44.115787506103516,2224700
2013-11-12,44.00422768220564,44.13811501202733,43.81083644881741,43.82571029663086,2187100
2013-11-13,43.67695458918532,44.539782579744305,43.54306724259531,44.4058952331543,1881300
2013-11-14,44.60671980349015,44.73316736952142,44.40588881264267,44.56952667236328,1390100
2013-11-15,44.81499346165462,44.956317730761455,44.39845474161223,44.61416244506836,2131900
2013-11-18,44.688541412353516,45.11251701473132,44.591844376084204,44.688541412353516,1949400
2013-11-19,44.599284309511184,44.599284309511184,43.535625351088385,43.84803009033203,3040300
2013-11-20,43.02240284483667,43.48356888461099,42.754628099987556,42.88851547241211,3949800
2013-11-21,42.933124973671184,43.35710050408169,42.68766396267714,43.22321319580078,1417200
2013-11-22,43.31991914537045,43.8033986694357,43.26041240167384,43.64719772338867,1345800
2013-11-25,43.84058240722875,43.892649381455506,43.5281805618682,43.72901153564453,1072900
2013-11-26,43.73644880372945,43.95215646290578,43.476113930542375,43.53561782836914,1961400
2013-11-27,43.6695081517287,43.840585771234906,43.49843053222249,43.662071228027344,1153700
2013-11-29,43.72157594148468,44.01166420765954,43.58025168903573,43.624881744384766,569500
2013-12-02,43.74388937608983,43.967033962596304,43.34222741791577,43.49842834472656,1614000
2013-12-03,43.30503590950082,43.49099019927032,43.03726127824278,43.24552917480469,1639600
2013-12-04,43.0447068739692,43.42405529049462,42.74718165285526,43.32735824584961,2174700
2013-12-05,43.28272119871168,43.47611525678212,43.178587246260236,43.342227935791016,1264400
2013-12-06,43.49842635682708,43.49842635682708,42.650475264391865,43.059574127197266,2457300
2013-12-09,43.200913316372535,43.40918126767667,42.955452227388626,43.074462890625,1365200
2013-12-10,43.119086482370854,43.2306573663523,42.78436815555134,42.93313217163086,1464800
2013-12-11,42.814129088520644,43.00752035737642,42.49428739055915,42.67280197143555,1867500
2013-12-12,42.650482715760674,42.814123424447025,42.40502165273115,42.49428176879883,2123100
2013-12-13,42.60655614326489,42.763719988946534,41.992866298759274,42.209903717041016,2896800
2013-12-16,42.38951102100409,42.479318508653314,41.85066038525162,42.06021499633789,1995900
2013-12-17,42.05271871066916,42.27724165525448,41.873103780914306,42.18743133544922,1795400
2013-12-18,42.202395013655455,42.36704439333437,41.85813072426093,42.27723693847656,2085900
2013-12-19,42.26226973721347,42.456853037343286,42.12007150353438,42.269752502441406,1630000
2013-12-20,42.20989849328702,42.733777914058955,42.172476087578694,42.314674377441406,5227500
2013-12-23,42.561643399317575,42.77868077902518,42.29221808036035,42.688873291015625,2337800
2013-12-24,42.823585950494234,42.86100549925417,42.509255460067955,42.688873291015625,999500
2013-12-26,42.85350818579158,42.898413345010184,42.59156856100255,42.75621795654297,1938400
2013-12-27,42.73376536525192,43.24267910021203,42.599052738060834,43.197776794433594,1412800
2013-12-30,42.79364425096951,43.72914713708737,42.79364425096951,43.571983337402344,1267500
2013-12-31,43.586951521013674,43.81895440852482,43.474690033236634,43.669273376464844,953900
2014-01-02,43.5645052785309,43.76657427960376,43.11546495721038,43.27262878417969,1501000
2014-01-03,43.41480626477941,43.444743035134195,42.711309291007204,42.868473052978516,1319600
2014-01-06,43.14538528083601,43.22770711956192,42.29969004820531,42.36704635620117,2063900
2014-01-07,42.389515882943414,42.65894123172186,42.20241526350604,42.41945266723633,1309800
2014-01-08,42.42692986288737,42.46435226580236,41.985372344818465,42.11260223388672,1516900
2014-01-09,42.26228048225386,42.434412675536294,42.00033795383668,42.32215118408203,1133300
2014-01-10,42.37454339818455,43.609408509177214,42.35957500748377,43.18281936645508,2561500
2014-01-13,42.99570846557617,43.512104973872916,42.92086653000046,42.99570846557617,1771000
2014-01-14,43.16035488429437,43.399846222489074,42.68137791776079,43.212745666503906,1013300
2014-01-15,43.38488400377756,44.49251911009933,43.2127518103892,44.410194396972656,3266200
2014-01-16,43.6692594547254,44.672118338409604,43.6692594547254,44.544891357421875,1567000
2014-01-17,44.23805666760646,44.52245031692895,43.96114863941054,44.25302505493164,1448900
2014-01-21,44.5224426592273,44.67960641671814,44.006043377575295,44.6496696472168,1728600
2014-01-22,44.78438703128644,45.136136973122554,44.70206233384158,45.076263427734375,1738200
2014-01-23,44.3577951361658,44.702059435039935,43.5644878407828,44.193145751953125,2290000
2014-01-24,44.058441106467185,44.09586064921169,42.79364229016314,42.81609344482422,2039400
2014-01-27,42.92836085974909,43.30256204875676,42.29970274801906,42.658935546875,1431900
2014-01-28,42.59905334434471,43.02564523980645,42.539182650812066,42.99570846557617,1784500
2014-01-29,42.62898971347004,43.729141889090855,42.56163339955596,43.13042068481445,2240800
2014-01-30,43.36243682172078,43.916255889567495,43.17533620966738,43.61689376831055,1655100
2014-01-31,43.05557463456596,44.08837039755489,43.05557463456596,43.81146240234375,2069000
2014-02-03,43.339981516049725,43.8114758127023,42.741260185736905,43.20526885986328,2807400
2014-02-04,43.48966205072313,44.06593221653481,43.0031993696697,43.886314392089844,3252400
2014-02-05,40.01707042954602,40.78792385674793,39.29111931154617,39.785064697265625,10199900
2014-02-06,39.71021285468742,39.777569151779765,38.946842439283266,39.27613830566406,3896100
2014-02-07,39.5979670074663,39.77758482211518,38.92440377119339,39.208797454833984,2922600
2014-02-10,39.201317192084645,39.98713911465259,39.14144363173393,39.612937927246094,2233700
2014-02-11,39.5455682367818,40.42119734907033,39.4632435465815,40.31642150878906,2225300
2014-02-12,40.368816088451,40.81785914864056,40.1667471396049,40.25655746459961,1666000
2014-02-13,40.106868957234624,40.47358724518268,40.03951265352692,40.43616485595703,1572800
2014-02-14,40.33141353365559,40.922652241708356,40.2939939766117,40.89271545410156,1366400
2014-02-18,40.952569361529214,41.28934806811287,40.66069295986186,40.72804641723633,1736000
2014-02-19,40.713102097788564,41.05736660451133,40.18173408836159,40.241607666015625,1640400
2014-02-20,40.20415902094594,40.68313587593562,40.00209012494831,40.53345489501953,1463600
2014-02-21,40.61578624813048,40.91514540420307,40.48855639423065,40.50352478027344,1539300
2014-02-24,40.555913824092514,40.77295114531581,39.91229033604244,39.91977310180664,1957500
2014-02-25,39.74763476440988,40.06196226637014,39.066588988568654,39.23123550415039,2602900
2014-02-26,39.26866032931657,39.49318039535644,39.104010948587806,39.30607986450195,1460500
2014-02-27,39.22377132671803,39.32854721035547,38.94686322640071,39.18635177612305,1491300
2014-02-28,39.19382146029798,39.21627546710218,38.632519823965,38.812137603759766,1823100
2014-03-03,38.66995050400329,38.90944189770999,38.40801080687991,38.72982406616211,1867700
2014-03-04,38.991746947061664,39.23872100205982,38.89445673290543,39.05162048339844,1612900
2014-03-05,38.94613679274923,39.11943131532979,38.720100583913975,38.998878479003906,1620500
2014-03-06,39.20984010669382,39.58656800270539,39.00640669794288,39.51875686645508,1408100
2014-03-07,39.68454042138307,39.79002671367719,39.240003980649085,39.38315963745117,1244700
2014-03-10,39.443434410813346,39.684540186213106,39.20986480763658,39.609195709228516,1005000
2014-03-11,39.669475109640985,39.73728629120751,39.322883029296705,39.466041564941406,1189000
2014-03-12,39.3605318399396,39.58656800270539,39.142028970443505,39.51875686645508,1804500
2014-03-13,39.714661588637014,39.79000890655568,39.07422519446297,39.239986419677734,1799300
2014-03-14,39.06669520384262,39.34547601292055,38.441328174352485,38.531742095947266,2377900
2014-03-17,38.79545312589009,38.8481948192452,38.41118893235235,38.479000091552734,1727500
2014-03-18,38.68242457071139,38.68242457071139,38.35090502185473,38.39611053466797,1752500
2014-03-19,38.298188245890586,38.35092996127442,37.838579405367604,38.07968521118164,2590800
2014-03-20,38.02693096250957,38.20775882016712,37.83103076347242,38.147483825683594,1260300
2014-03-21,37.92144324850543,38.54681025682232,37.92144324850543,38.44886016845703,3075200
2014-03-24,38.47900397747205,38.6899707721976,37.96665358381828,38.35091781616211,1429900
2014-03-25,38.5920036717028,38.840642569699796,38.47898416175519,38.5015869140625,1480100
2014-03-26,38.62216153833861,38.72764781518566,38.155019523415994,38.16255569458008,1213600
2014-03-27,38.139955345650804,38.48654741209511,37.95912745153056,38.42626953125,1835400
2014-03-28,38.524203035307515,38.87079207806291,38.23788897319352,38.3433723449707,1439100
2014-03-31,38.991356477674955,39.71467370513225,38.73518126700794,39.473567962646484,2681000
2014-04-01,39.71467421585221,39.722210387143335,38.50160931662949,39.30027389526367,2969900
2014-04-02,39.285205840563364,39.95578139924387,39.2324641364564,39.91057586669922,1702300
2014-04-03,39.925636343062635,40.166742043020264,39.79754732321889,39.955772399902344,1721900
2014-04-04,40.12154703843455,40.1366165089877,39.39822969712894,39.488643646240234,1190000
2014-04-07,39.51877868569258,39.62426209494275,39.19479228630574,39.209861755371094,1231300
2014-04-08,39.17971273918149,39.488629590041384,39.02148766600592,39.32286834716797,1279100
2014-04-09,39.53383782793222,39.93316859412739,39.48109613708405,39.8954963684082,1447300
2014-04-10,39.94824717454042,40.92773963777,39.933177705972916,40.53594207763672,3486200
2014-04-11,40.98801774413775,41.53804041603347,40.62635624488429,41.342140197753906,4514200
2014-04-14,41.733926075902595,41.9674984633176,41.5530982511093,41.914756774902344,2946400
2014-04-15,41.899698494329755,42.24628764620047,41.27432848733034,41.89216232299805,2197100
2014-04-16,42.00518441880391,42.4723264721363,41.839423130050605,42.434654235839844,2194200
2014-04-17,42.56273461550477,42.86411531867305,42.33669549537006,42.7510986328125,1726000
2014-04-21,42.86411728283743,42.98467014447019,42.720961657838174,42.969600677490234,1002100
2014-04-22,43.007276651145474,43.617574268028896,42.788773686830844,43.47441864013672,1459100
2014-04-23,43.48194953381442,43.70045248605433,43.34632720995564,43.459346771240234,1301700
2014-04-24,44.167590733885575,44.167590733885575,42.879181639813986,42.886714935302734,2142400
2014-04-25,42.86411920178735,42.909327604751134,42.246285398984206,42.404510498046875,2013700
2014-04-28,42.62300386466716,43.10521522414267,42.321620327891765,42.56272888183594,2182200
2014-04-29,42.69082652288682,42.90932950223022,42.012714819478745,42.186012268066406,3165600
2014-04-30,44.491583435735606,45.350522955067525,44.13746101280482,44.37856674194336,6559600
2014-05-01,44.36347936660817,44.43129050519333,43.93400978030409,44.21278762817383,1647400
2014-05-02,44.08472580110509,44.36350669491211,43.85868949131617,44.039520263671875,1459800
2014-05-05,43.71551295795202,43.97922138108177,43.57235736742534,43.85113525390625,1028500
2014-05-06,43.88882699829382,44.02444935457708,43.647721225836364,43.805946350097656,1187400
2014-05-07,43.97923144187559,44.22787333274033,43.67785072852649,43.866214752197266,1272500
2014-05-08,43.77580927260047,44.122401350186756,43.75320650366071,43.99431228637695,1779100
2014-05-09,43.98677629217438,44.07719023659957,43.73060105446345,43.92649841308594,861900
2014-05-12,44.23540859114668,44.544325488700835,44.03951126249087,44.46144485473633,1209700
2014-05-13,44.461443700139206,44.82310516153927,44.25801308013624,44.49911880493164,1829500
2014-05-14,44.34843316406824,44.41624433821726,44.0696551699922,44.26555252075195,1039000
2014-05-15,44.13746595997623,44.386105013553625,43.86622126574102,44.34089660644531,1016800
2014-05-16,44.34842921991709,44.43130985586234,44.016906676136074,44.36349868774414,918300
2014-05-19,44.09224709710862,44.89091152138788,44.09224709710862,44.845703125,1009800
2014-05-20,44.71761678841631,44.71761678841631,44.31828598942294,44.53678894042969,871600
2014-05-21,44.53678986478933,44.76282611656739,44.49911763519413,44.69501495361328,886300
2014-05-22,44.69500686745038,44.99639039809979,44.51417904842582,44.86830139160156,946600
2014-05-23,44.883376654789686,44.98886004188424,44.58952925525294,44.928585052490234,587600
2014-05-27,45.11695567979195,45.16969738107199,44.43131068894422,44.649810791015625,1458500
2014-05-28,44.740222076388825,45.192294567038985,44.55185805958345,44.988861083984375,1451100
2014-05-29,45.041598492355206,45.18475697099592,44.84570119817125,45.16215133666992,914700
2014-05-30,45.17721975329692,45.17721975329692,44.830630693209386,45.10187530517578,1431200
2014-06-02,45.132035175915576,45.25258807337126,44.75530701209059,45.04161834716797,1312500
2014-06-03,44.951190525354065,45.10188231923777,44.88337936181675,44.99639892578125,1150300
2014-06-04,44.89028908116632,45.05702753248997,44.78418384528794,45.00397491455078,1052100
2014-06-05,45.17071201585242,45.830085246137344,45.07218737411867,45.80734634399414,1996500
2014-06-06,45.76945531910512,46.390931387547845,45.723983293851504,46.36061477661133,1852600
2014-06-09,46.26209031502504,46.5121951283856,46.07261583263174,46.1635627746582,1395600
2014-06-10,46.16356569875845,46.80020011557179,46.01956612383271,46.78504180908203,1492700
2014-06-11,46.66376620707403,47.0578734006574,46.43639745070111,46.921451568603516,2172500
2014-06-12,46.671358516602396,46.97451597079663,46.59556698469035,46.85325241088867,1857900
2014-06-13,46.89871353340491,47.0351353595628,46.72439739801438,46.99723815917969,861300
2014-06-16,46.93662142879437,47.36862303962363,46.77746354925755,47.33830642700195,1198600
2014-06-17,47.353459884322994,47.40651250540268,46.99724695037278,47.171566009521484,1389100
2014-06-18,47.28524693431876,48.24777756165543,47.21703601140038,48.14925003051758,2157200
2014-06-19,48.07345186576316,48.28566229890583,47.92945234200925,48.270503997802734,1254000
2014-06-20,48.52820872133704,48.57368075166213,48.187156929292925,48.44483947753906,2777200
2014-06-23,48.52819336840114,48.535773965158015,48.2477720025583,48.36145782470703,1183800
2014-06-24,48.171987445077924,48.53577805902791,47.68693040199381,47.717247009277344,1636800
2014-06-25,47.7172526760333,48.202306885570174,47.679358358004066,48.12651824951172,1118800
2014-06-26,48.1037824663791,48.30083465576172,47.6566225727385,48.30083465576172,949100
2014-06-27,48.202290280794124,48.4827144981421,48.03555476067251,48.3538703918457,901400
2014-06-30,47.44441676164876,48.369053307585546,47.44441676164876,48.346317291259766,969800
2014-07-01,48.55851556802783,48.72525402208406,48.141672324038154,48.14925003051758,1186800
2014-07-02,48.1947259921907,48.80104371402712,47.97493491454032,48.60398864746094,1310400
2014-07-03,48.77831306038841,48.80104907396976,48.45241670701651,48.7934684753418,751400
2014-07-07,48.64946607251085,48.71767410523147,48.437252703159956,48.58883285522461,1407100
2014-07-08,48.50546237693855,48.747989457531176,48.00524991182241,48.04314422607422,1846000
2014-07-09,48.34629338451077,48.732822817823944,48.34629338451077,48.50545120239258,1251800
2014-07-10,47.81578142047932,48.30083564223643,47.81578142047932,48.0962028503418,1553000
2014-07-11,48.11894045251781,48.255359418938085,47.967360289532785,48.0810432434082,892200
2014-07-14,48.23262674161681,48.49031216916463,48.164415808114406,48.30841827392578,1467800
2014-07-15,48.482746325109815,48.94506466629292,48.331166114551934,48.74042892456055,2109500
2014-07-16,48.876840621217006,49.42252810884458,48.69494671944211,49.414947509765625,1434900
2014-07-17,49.089037369353484,49.28609241401969,48.5812472372341,48.619144439697266,1386400
2014-07-18,48.71768547368097,49.187584343849124,48.51305554546611,49.16484832763672,1203300
2014-07-21,49.058743211808704,49.756008028508084,48.96021276485336,49.627166748046875,2290000
2014-07-22,49.975792308712336,50.11978898619605,49.77115662561598,49.99094772338867,1195100
2014-07-23,49.95305225289546,50.400209228439834,49.7938886090115,50.10462951660156,985600
2014-07-24,50.11978360772767,50.51389373464876,50.006103554098324,50.41536331176758,903300
2014-07-25,50.354735157420436,50.54420962049646,50.08189146800682,50.180416107177734,746300
2014-07-28,50.08190960849812,50.13496224608388,49.5816940692863,49.7256965637207,884200
2014-07-29,49.71809859493582,49.725679192600964,48.77830686502101,48.81620407104492,2078000
2014-07-30,51.53706240361669,52.67390936840235,49.81663654112089,51.93874740600586,5014500
2014-07-31,51.53707330495627,52.08276088864796,51.02170234061455,51.1278076171875,3121000
2014-08-01,51.12021408184849,51.559796277739935,50.88526756921449,51.309688568115234,2656700
2014-08-04,51.59010527467688,52.08274002271763,51.18083975087234,51.885684967041016,6262800
2014-08-05,51.885685820738246,51.95389963364548,50.82462768033896,51.02168273925781,3050100
2014-08-06,50.83221950943751,50.83221950943751,50.05916608025668,50.18800735473633,2286900
2014-08-07,50.50630909607366,50.7943081793955,49.93030514712862,50.52904510498047,1446100
2014-08-08,50.59727152526629,51.12779780632892,50.21832252956361,51.074745178222656,1506200
2014-08-11,51.127794165939385,51.62800958015604,51.127794165939385,51.16569137573242,1046400
2014-08-12,51.15053370338475,51.499166084753895,51.097481075400374,51.3172721862793,776600
2014-08-13,51.597693770565094,51.643165797181425,50.953481670189646,51.158111572265625,1488200
2014-08-14,51.34001203259981,51.453697895995006,50.748852481708646,50.94590759277344,1544100
2014-08-15,51.264202362779464,51.286938369674616,50.536621230630296,50.907989501953125,2409200
2014-08-18,51.12779396671195,51.756850640089894,51.12779396671195,51.6507453918457,1081500
2014-08-19,51.779587483459025,52.0827478185773,51.66590163500186,52.01453399658203,1051000
2014-08-20,51.855381347592854,52.21159434358292,51.71138465518424,52.03728103637695,1069100
2014-08-21,52.03728988655497,52.20402262284271,51.847815348574166,52.00697326660156,896600
2014-08-22,51.96905116519372,52.09031758694942,51.718943507048536,51.87810134887695,698000
2014-08-25,52.105489291694816,52.28738319890461,51.91601478517956,51.96148681640625,832800
2014-08-26,51.999367770632645,52.18884221789998,51.77199612099134,51.87810134887695,1445500
2014-08-27,51.96905949897046,51.96905949897046,51.52947732306638,51.70379638671875,629800
2014-08-28,51.65832157345484,51.77200162806659,51.33242525819683,51.58252716064453,994700
2014-08-29,51.90842123560754,51.97663504773244,51.60526094435585,51.734107971191406,795600
2014-09-02,51.79474401330315,51.91601046288228,51.59769470619094,51.81748580932617,987400
2014-09-03,51.47466694630804,51.47466694630804,50.75857529589163,50.964263916015625,2892200
2014-09-04,51.01760335055352,51.39850227858565,50.97951113292775,51.29185104370117,1474700
2014-09-05,51.4061090519837,51.68797046865015,50.99473761495313,51.61941146850586,1048100
2014-09-08,51.68034385662,51.89365205627193,51.33753727827417,51.428955078125,679500
2014-09-09,51.42896312784041,51.56608694305234,50.82714226174668,50.971885681152344,1100300
2014-09-10,50.84237255021818,51.05567495816366,50.6290701422727,50.83475875854492,777100
2014-09-11,50.71287183604045,51.06329807492432,50.60622062473036,51.0328254699707,1338100
2014-09-12,51.09376235454257,51.25373914544071,50.910932566666716,51.16994094848633,858200
2014-09-15,51.14709216919406,51.25374337192081,50.7357207535103,51.07853317260742,779200
2014-09-16,51.10900802681063,51.268990668196764,50.93379779985332,51.192806243896484,1157200
2014-09-17,51.35278284728024,51.96983708958216,51.23089243237598,51.86318588256836,1308800
2014-09-18,51.86319955686145,52.01555680360753,51.68036388629846,51.97747039794922,1188600
2014-09-19,52.01554157098498,52.23646358250983,51.31468914190564,51.66511535644531,1716300
2014-09-22,51.482297522638376,51.482297522638376,50.78905872402862,50.842384338378906,782600
2014-09-23,50.75857962405332,50.9033230496639,50.4843319818729,50.61384201049805,939600
2014-09-24,50.552877155008346,50.86521107431577,50.316721815137875,50.80427169799805,1035400
2014-09-25,50.65955030093982,50.75096812314619,49.89013294718909,49.943458557128906,1109500
2014-09-26,49.981540422352424,50.560508219025245,49.97392081906539,50.54526901245117,1014700
2014-09-29,50.17200206225779,50.75858379329086,49.99678601622902,50.6214599609375,1222800
2014-09-30,50.49957741559915,50.81191149476979,50.30912796350173,50.522430419921875,1412300
2014-10-01,50.41577636622964,50.5224275884626,49.631125597491895,49.661598205566406,1618400
2014-10-02,49.51684780419441,50.431002669603735,49.20450797441237,50.35482406616211,1924500
2014-10-03,50.674775199129705,51.38324721924694,50.59098280789752,51.223270416259766,1416200
2014-10-06,51.345161779279415,51.81747259342877,50.79666655195978,50.83475875854492,797700
2014-10-07,50.64430738280563,50.64430738280563,49.836797968589444,49.844417572021484,836900
2014-10-08,49.69205562246023,50.53003174613978,49.3720962415193,50.491939544677734,849800
2014-10-09,50.469094573370555,50.77381479735659,49.539700505637825,49.66920471191406,966800
2014-10-10,49.646356478477415,49.80633330371617,48.89217835605031,49.22737121582031,1207300
2014-10-13,48.869322342301366,49.646353418722605,48.31320747850735,48.336063385009766,1496600
2014-10-14,49.478765744382386,50.42339921937553,49.23499067613876,49.958702087402344,1516700
2014-10-15,49.86726031460703,51.27658443286088,49.35685741866456,51.116607666015625,2267200
2014-10-16,50.453869237344904,51.375643848411706,49.91298770203782,50.933799743652344,1461800
2014-10-17,51.39086456316552,51.91650675847833,51.200415166261386,51.78700256347656,1254100
2014-10-20,51.57369968554953,52.56403897659725,51.57369968554953,52.556419372558594,1548100
2014-10-21,52.70878188825641,53.440106943480195,52.449767661917114,53.27251052856445,1113600
2014-10-22,53.40964041305867,53.70674106890091,52.952562928074876,52.967796325683594,1365500
2014-10-23,53.645802966513955,54.255243568660056,53.318229659970285,53.79054641723633,1061300
2014-10-24,54.09526831894122,54.32380419246594,53.69913017220798,54.20191955566406,1083100
2014-10-27,53.62293846572004,54.95608441157454,53.173480622332676,54.62089157104492,2279400
2014-10-28,54.62088657667609,55.283652592925115,54.544707977718105,55.108436584472656,2795000
2014-10-29,56.63966217441098,57.096739667038094,54.67422256285319,54.92561721801758,3934800
2014-10-30,53.76006952544486,54.92561920809391,52.236473953447494,52.73164367675781,3322100
2014-10-31,53.402021448420406,53.46296666369702,52.01554976718347,52.724021911621094,2359000
2014-11-03,52.777350211914474,52.89924064868017,51.71083213843833,52.3278923034668,1960900
2014-11-04,52.510710552804674,53.79815039962495,52.44214574424831,53.41725158691406,3034500
2014-11-05,53.91243526019049,54.750417606589416,53.29538081607563,54.430458068847656,2198200
2014-11-06,54.34663924402289,54.83419506632529,53.95812664376747,54.544708251953125,1708500
2014-11-07,54.780865521538466,54.780865521538466,54.026681749814074,54.438053131103516,1012800
2014-11-10,54.39998830799711,55.02466232456866,54.04955617562553,54.97895050048828,1301300
2014-11-11,54.940848545750555,54.96370154529492,54.40758670414457,54.65898132324219,799100
2014-11-12,54.55233056748059,55.61884844743831,54.415206757028095,55.50457763671875,1486000
2014-11-13,55.06272918485972,55.70264218632588,55.06272918485972,55.69502258300781,1126900
2014-11-14,55.7712096250292,56.19020069015129,55.46648937876361,55.66455841064453,1151000
2014-11-17,55.443632525199234,55.740733146350536,55.222710507307646,55.24556350708008,988100
2014-11-18,55.329354583743495,55.580749172951606,55.116052197283565,55.26079559326172,1149400
2014-11-19,55.13130766761489,55.33699051179331,54.415215891482895,54.45330810546875,1444000
2014-11-20,54.39235499787296,55.222711671401036,54.27808418454712,55.07035446166992,1792600
2014-11-21,55.778826063932996,55.862624272201685,55.35222123060508,55.47410583496094,1286600
2014-11-24,55.51220772006374,55.64933155640203,55.21510704334011,55.32175827026367,1022200
2014-11-25,55.47412715187321,55.862645738409086,55.38270930443618,55.6417236328125,1002400
2014-11-26,55.69502495126654,56.12924936598983,55.62646014259726,55.91594696044922,834600
2014-11-28,56.70821141762451,57.07387098646006,55.96926686503286,56.174949645996094,856500
2014-12-01,55.908336934713645,56.12163937679605,55.08559396206239,55.23795700073242,1044800
2014-12-02,55.687405501623125,56.327318532069235,55.39030489136215,56.075923919677734,1532500
2014-12-03,56.05307292448293,56.92152178737574,55.98450811317304,56.8072509765625,1479600
2014-12-04,56.80726866961246,57.05866336928937,56.365424496614864,56.715850830078125,1145300
2014-12-05,56.86819788752676,57.2871831236536,56.65489546738146,56.85295867919922,1448800
2014-12-08,56.56348109229611,56.95961335206909,56.27400004907952,56.42635726928711,1452000
2014-12-09,56.045445055957906,56.19018844911414,55.26841411870942,55.80167007446289,1573400
2014-12-10,55.48933196013643,55.74834615504291,54.65897540234673,54.704681396484375,1804000
2014-12-11,55.01102717215046,55.84580117511202,54.98039245970592,55.50883102416992,1415100
2014-12-12,55.3173740598333,55.78453740377954,55.0493217595209,55.36332321166992,1369800
2014-12-15,55.73858848647921,56.083224655627646,55.17952099353275,55.27907943725586,1174500
2014-12-16,55.34035204611294,56.02195844090815,55.064645432153654,55.079959869384766,831900
2014-12-17,54.8731779151802,55.095275214474036,52.95089192975548,55.049320220947266,2196100
2014-12-18,55.631377033295095,56.787812865722834,55.302061101265025,56.72654342651367,1424900
2014-12-19,56.80313500678526,58.495664054368994,56.80313500678526,58.442054748535156,3423800
2014-12-22,58.419066659912886,58.840286710489444,57.997852452311086,58.82496643066406,1663100
2014-12-23,59.05472364036284,59.25384637644713,58.77135689451115,58.98579406738281,701700
2014-12-24,59.070033345625305,59.26149592649234,58.73306317652184,59.093013763427734,426900
2014-12-26,59.16195128251365,59.345753766969835,58.71775658901687,58.77902603149414,653000
2014-12-29,58.58755134785305,58.77135379448014,58.135702449275115,58.5033073425293,654900
2014-12-30,58.20461674616262,58.53393257462958,57.91359576590226,57.96720504760742,1061700
2014-12-31,58.235267122794696,58.39609501117667,57.32390324565514,57.35453796386719,1062600
2015-01-02,57.32388337594995,57.62256447126925,55.92237617916058,56.55037307739258,2052400
2015-01-05,56.19044335859057,56.19044335859057,53.854597409187086,54.069034576416016,8418500
2015-01-06,55.06465287436373,55.10294189410388,53.019833413612496,53.364463806152344,3887700
2015-01-07,53.47934007356052,53.854605170291414,53.01983095713845,53.38743591308594,2067900
2015-01-08,54.12265546795383,55.83050471808631,54.09202074564474,55.784549713134766,3016800
2015-01-09,55.75390923104576,56.00663541229402,54.92678942975707,55.18717575073242,1246000
2015-01-12,55.4935216813825,56.3359559891992,55.125916745559806,55.83049774169922,1423900
2015-01-13,56.182778300839146,57.20136059898749,55.93004630031078,56.37424087524414,1776300
2015-01-14,55.92240996655767,56.26704625297714,55.432266034872555,55.88412094116211,1205400
2015-01-15,56.0832355075443,56.30532701397946,55.36333415724535,55.531822204589844,1142900
2015-01-16,55.5318324181332,56.32065765489617,55.14124694954046,56.25172805786133,840100
2015-01-20,56.40488035310093,56.5350735123806,55.393958108564,55.807518005371094,1151900
2015-01-21,55.585423613658676,56.28234444156035,55.378640732925575,55.76922607421875,932900
2015-01-22,56.129179567316534,57.36219924575901,55.93771695691212,57.23200607299805,1132500
2015-01-23,57.07117468723764,57.34688132500488,56.726544311516285,56.76483917236328,919700
2015-01-26,56.542745073770206,57.193716844640555,56.30532744027105,57.163082122802734,707900
2015-01-27,56.489113306099206,56.75715971186086,55.9147256467642,56.473793029785156,1124300
2015-01-28,56.74185304186875,56.99458507489325,55.8075204667347,55.86112976074219,992600
2015-01-29,55.79984379061947,56.19808330766155,55.07994276188111,56.144474029541016,1591600
2015-01-30,55.62370731515697,55.99131804414003,54.36005894615578,54.543861389160156,2436400
2015-02-02,55.14889410801088,56.35127911496684,54.903822190764295,56.24406051635742,4363700
2015-02-03,57.16306306240481,57.814034616215814,56.09853166614388,57.61491775512695,9185900
2015-02-04,55.14122626122008,55.14122626122008,51.39621844508352,53.99245071411133,10238700
2015-02-05,54.10732984853876,54.735326918677586,53.885232539919905,54.35240173339844,3350800
2015-02-06,54.5285511064951,54.53621124722535,53.869919235102444,54.000118255615234,2365800
2015-02-09,53.90054656687178,54.061374442310054,53.48698666875568,53.99245071411133,1914200
2015-02-10,54.29878706012359,54.74298163334126,53.885227199849275,54.49024963378906,1757600
2015-02-11,54.559184799599464,55.11059806229212,54.50557550144742,54.56684494018555,1825300
2015-02-12,54.79659874095497,55.24078753459432,54.628110717206475,55.01103591918945,1415200
2015-02-13,55.21015161912789,55.70795553949759,55.08761859549945,55.58542251586914,1367000
2015-02-17,55.386293756685056,55.50117247089051,54.87317545527138,54.99570846557617,1005100
2015-02-18,54.75065638484092,55.447583217990925,54.08437011905602,54.666412353515625,1243300
2015-02-19,54.66639393986389,55.43990440195115,54.36771278139961,55.01868438720703,904000
2015-02-20,54.842536962778176,55.60072707552904,54.413662691803744,55.52414321899414,965700
2015-02-23,55.54710557915033,56.060223732391854,55.40925233050624,56.01427459716797,885100
2015-02-24,55.9453745496328,56.672930098846955,55.73859166774674,56.657615661621094,1181800
2015-02-25,56.79545815861575,57.09413929295853,56.27467974743305,56.32828903198242,1105600
2015-02-26,56.38192928382492,56.87207325261911,56.02197852859046,56.833778381347656,1288200
2015-02-27,56.749517291355765,57.12478237658283,56.48913094245645,56.90269088745117,1620500
2015-03-02,56.97927125320974,57.02522040771956,56.221080988923234,56.3665885925293,2058400
2015-03-03,57.07115645338738,57.599594980771286,56.86437946261351,57.18603515625,3108800
2015-03-04,57.08597916846929,57.13986267606378,56.75497880099976,56.93202209472656,1301100
2015-03-05,56.970512303782925,57.201439102965644,56.65490471017952,57.0551872253418,932300
2015-03-06,56.624112464961755,57.047487066544626,56.49325336005859,56.63951110839844,1139700
2015-03-09,56.59331700239504,57.10906580911735,56.477856549188324,56.893531799316406,973200
2015-03-10,56.31621350519939,56.32390695452522,55.66960551724291,55.80046463012695,1662300
2015-03-11,55.43866825400269,55.84665007618411,55.16155727961655,55.79276657104492,1676600
2015-03-12,55.931330049960565,57.016699572396114,55.892839311584375,56.93972396850586,1125500
2015-03-13,56.82426401096785,56.9782152360462,56.20844736492886,56.53944778442383,1369500
2015-03-16,57.50165625189632,58.06358936846941,56.95512178118148,58.00200653076172,1976400
2015-03-17,57.49395543525114,57.801857838613444,57.12446432920973,57.470863342285156,1165700
2015-03-18,57.13985750228373,58.03278495769317,56.77806575282441,57.87883377075195,1204900
2015-03-19,57.840340951650276,58.086666365589615,57.56322412686088,57.85573959350586,1493400
2015-03-20,58.232927305845024,58.54852900693159,57.77106786338145,58.04048538208008,3329100
2015-03-23,58.47157692092303,58.640926821582376,58.24834349485968,58.30222702026367,2062900
2015-03-24,58.186738766737086,58.51004567046113,57.58632088860351,57.77876281738281,2802400
2015-03-25,57.7787451588437,57.90961009379305,56.423958622752274,56.4316520690918,1560900
2015-03-26,56.100662909449966,56.62410513415725,55.75426982417262,56.300804138183594,1592800
2015-03-27,56.23923284110539,56.39318992277621,56.01599947732932,56.21614074707031,1467500
2015-03-30,56.27772002963788,56.73188017797767,56.039093909178774,56.34699630737305,1700200
2015-03-31,56.26234552050129,56.80118669420802,55.92365156262791,56.36241912841797,1427300
2015-04-01,56.077581509086,56.26232413159029,55.361697239912054,55.41558074951172,1438600
2015-04-02,55.538744879225725,55.67730331049277,54.845952722890516,54.907535552978516,2028500
2015-04-06,54.53034935336989,55.13077318401116,54.38409746164322,54.869049072265625,1448600
2015-04-07,54.98452042871673,55.44637998655744,54.77668568319043,54.9691276550293,1211400
2015-04-08,54.73817436806589,55.330892834515446,54.14545002875563,54.82284927368164,1214100
2015-04-09,54.79976320301346,55.32320546209022,54.79976320301346,55.146156311035156,1140300
2015-04-10,55.29240864341488,55.63110239709117,55.046083243986324,55.469451904296875,1039500
2015-04-13,55.30779745788313,55.34628818464207,54.06077778179452,54.16854476928711,1490000
2015-04-14,53.983803596627354,54.730479162543965,53.560434909578724,54.484153747558594,1600200
2015-04-15,54.46106765674614,54.82285943454778,53.76057619370691,54.060791015625,1583700
2015-04-16,53.906857166339904,54.01462422663842,53.40650674474578,53.5065803527832,1105600
2015-04-17,52.89843675688926,53.08317935864836,52.6213199178199,52.7829704284668,1847300
2015-04-20,53.16785767612258,54.42257698067025,53.00620715513387,53.95301818847656,1567200
2015-04-21,54.022313920700505,54.55345567524035,53.90684755586185,54.29943084716797,1353100
2015-04-22,54.260928755003874,54.384094417840686,53.8991369614983,54.214744567871094,926500
2015-04-23,53.92991856302082,54.653502018353976,53.91452579439843,54.360992431640625,937000
2015-04-24,54.53802631597711,54.59190980617688,54.06077422359634,54.38407516479492,1028900
2015-04-27,51.95933100703577,53.85295925454866,51.78228181361886,53.06779861450195,5273600
2015-04-28,50.92015632647992,51.18957396223467,49.98873771551978,50.59685516357422,6254500
2015-04-29,49.90402990831585,50.31200575570712,49.272820774588574,49.81935501098633,3013400
2015-04-30,49.58843785738033,49.81937053530593,49.27283612860143,49.565345764160156,2555500
2015-05-01,49.819365988756886,50.33510893314679,49.657715478106084,49.83475875854492,1895800
2015-05-04,50.67381096708123,51.20494670610007,50.2735284595342,50.86625289916992,3001100
2015-05-05,50.55835290572414,50.81237770713212,49.23435125666002,49.2574462890625,1803900
2015-05-06,49.611525612260024,49.850157591345535,49.165061875936125,49.688507080078125,1639000
2015-05-07,49.60383122229531,50.76617619166103,49.60383122229531,50.21194839477539,1755000
2015-05-08,50.72000732504358,51.451284493353626,50.54296399383143,50.57374954223633,1856000
2015-05-11,50.3659062954033,50.80467369696258,50.034905913675274,50.242740631103516,1234200
2015-05-12,50.0118136493445,50.20425559451029,49.72699745626877,50.02720642089844,1130800
2015-05-13,49.99642224698691,50.458287680576404,49.5884462037974,49.68082046508789,1133600
2015-05-14,49.95794177716216,49.96564110116371,49.342125060034164,49.55765914916992,1563900
2015-05-15,49.68851086865547,50.10418028768706,49.465277515257384,49.66541290283203,1043500
2015-05-18,49.67311781458476,50.44288565518979,49.52686004555378,50.35051727294922,1402500
2015-05-19,50.35051391547286,50.62762491657879,49.86555644959762,49.92713928222656,1260700
2015-05-20,49.90404587616732,49.973322156406894,49.157370200543326,49.195858001708984,904100
2015-05-21,49.21895782857044,49.64232958077628,49.06500659971847,49.46528625488281,1543700
2015-05-22,49.326733087858756,49.42680081005403,49.12659177060464,49.28824234008789,1066900
2015-05-26,48.79558267329483,48.94953682784129,48.24904821426458,48.441490173339844,1892800
2015-05-27,48.479971266184585,48.91873863721767,48.17206593615008,48.772483825683594,1290600
2015-05-28,48.73399029234447,48.93412858649669,47.93343124287459,48.110477447509766,1618100
2015-05-29,47.995020249961485,48.25674141448114,47.379206608865545,47.517765045166016,2290900
2015-06-01,47.75640395441606,47.94884594043182,47.30993713737228,47.81028747558594,1615900
2015-06-02,47.456181835146225,47.979624127630686,47.30992408680356,47.448482513427734,3272300
2015-06-03,47.998413512593686,50.32978876453274,47.94419575832962,50.05095291137695,3307000
2015-06-04,49.640435910941605,49.79534798748046,48.904622752579385,49.06727600097656,2389000
2015-06-05,48.85041253491135,49.88830292522429,48.85041253491135,49.71015548706055,2217300
2015-06-08,49.53974749315997,49.57072990846774,48.95884050204511,49.06727600097656,1609500
2015-06-09,48.912366355161936,50.07418025476535,48.84265740299991,49.392581939697266,2153700
2015-06-10,49.53200775708491,49.98898808212035,49.33837207621644,49.43131637573242,1148100
2015-06-11,49.48553085670358,49.91153169015252,49.26091277263884,49.81858444213867,1102500
2015-06-12,49.56299703626692,49.702412027517454,48.90463385738766,49.33837890625,1500100
2015-06-15,48.96658382404815,49.42356407349546,48.6257831911173,49.37709045410156,1344400
2015-06-16,49.28415540792706,49.6404414048148,49.19895523372417,49.516517639160156,1673400
2015-06-17,49.5087786936309,49.79536168207449,49.330634188586984,49.59397888183594,1580500
2015-06-18,49.79535779537413,50.69382437909912,49.68692227508478,50.19037628173828,2004800
2015-06-19,50.15938015539277,50.252321484936544,49.61719679279292,49.73337936401367,1419700
2015-06-22,50.081935363411574,50.1903708720133,49.61720500164188,49.694664001464844,778200
2015-06-23,50.11290383917749,50.11290383917749,49.245419909419894,49.392581939697266,718800
2015-06-24,49.50877396763618,49.663686071991016,48.46314237773437,48.48637771606445,1169700
2015-06-25,48.59482335086289,48.79620320691035,48.30824034754016,48.38569641113281,1086700
2015-06-26,48.5638304900467,49.01306374376611,48.37019480464352,48.82717514038086,1332900
2015-06-29,48.377945897860265,48.77296440756249,47.773803417899806,47.78154754638672,1239400
2015-06-30,48.300483688931216,49.369353452061766,48.07586559475053,48.3237190246582,1401000
2015-07-01,48.633532634798264,48.74971225695994,48.184296489431915,48.230770111083984,1253900
2015-07-02,48.43214939616956,48.904620870166816,48.32371390141195,48.84265899658203,1604800
2015-07-06,48.1533282350084,48.842673862984874,47.94420426269306,48.14558410644531,1141200
2015-07-07,48.25400978154642,48.99757006693504,48.01390343471135,48.95109939575195,1494200
2015-07-08,48.52509352600909,48.77294691374165,47.74280387032874,47.936439514160156,1283800
2015-07-09,48.57932917214177,48.8814004150934,48.14558410644531,48.14558410644531,971100
2015-07-10,48.62578128325833,49.42356213433512,48.308218949806914,49.2221794128418,1265300
2015-07-13,49.36160524223813,50.29105706047242,49.31513161720036,50.21360397338867,1199900
2015-07-14,50.18262044357838,50.23683819426355,49.640437027435034,49.81858444213867,1183300
2015-07-15,49.880553741717534,50.06644234510278,48.70324841990867,48.82717514038086,1324200
2015-07-16,49.04404067993164,49.408076673280924,48.88138743149097,49.04404067993164,948900
2015-07-17,48.9975719796847,49.648187993459736,48.71873907776344,48.79619216918945,1258400
2015-07-20,48.82716859198728,49.37709315566482,48.74971255542628,49.315128326416016,866100
2015-07-21,49.38484479246657,50.85648016447572,49.1447384292262,50.6473503112793,2126600
2015-07-22,50.554398165633934,51.11981692259339,50.43047440956236,50.538909912109375,1704200
2015-07-23,50.34527422830247,50.430474395893704,49.803096715714354,49.89603805541992,1104800
2015-07-24,49.91927611512589,50.22134730424054,49.55524304461014,49.81084060668945,989500
2015-07-27,49.46229984800719,50.29106034341647,49.46229984800719,50.15938949584961,1286000
2015-07-28,50.19037761946418,51.80142221068488,49.872812223515105,51.685245513916016,2039400
2015-07-29,54.21797393641487,55.255858029595515,53.52863159768081,54.10179138183594,3464900
2015-07-30,53.784244543927805,54.22573362656801,53.44344388038394,54.1172981262207,2483100
2015-07-31,54.46583448734586,54.674958385770395,53.94689237222969,54.334163665771484,1432900
2015-08-03,54.326425277886784,54.94606181041598,54.233478025219824,54.77566146850586,1554500
2015-08-04,54.845371837234936,55.28686098124848,54.225741164725825,54.54330062866211,2144800
2015-08-05,55.06223019928637,55.379795499449195,54.36514659176109,54.45808792114258,1329300
2015-08-06,54.64400387667439,54.66723921815257,53.45894827764722,53.96240234375,1278000
2015-08-07,53.87719518576589,53.87719518576589,52.84705775457318,53.3272705078125,1234600
2015-08-10,53.83845574884935,54.17150929065224,53.61383769421104,53.89267349243164,790200
2015-08-11,53.590614745280476,54.24897490069853,53.3427613017363,54.09406280517578,1065600
2015-08-12,53.56738494381862,53.598361456831995,52.99421899509301,53.52090835571289,1670800
2015-08-13,53.466660550343605,53.652549070434695,53.125860005768686,53.218807220458984,812500
2015-08-14,53.32726452565196,53.80748313431378,53.18010542872825,53.753265380859375,678900
2015-08-17,53.606110656284756,54.00112916966956,53.08716835807501,53.9778938293457,976700
2015-08-18,54.00111769195846,54.50457162604297,53.815229099584364,54.02435302734375,1152000
2015-08-19,54.26446152337171,55.108716168022525,53.61384846962278,54.860862731933594,1780600
2015-08-20,54.23346871263958,54.46583384976094,53.54412629094801,53.61383819580078,1671000
2015-08-21,52.94773586436421,53.33500718817653,51.9640633926777,52.08024597167969,1545800
2015-08-24,50.47693749053268,51.367662621218166,49.6404301029694,50.46919631958008,3477600
2015-08-25,51.01913018293903,51.46836046145735,49.64043920214649,49.679168701171875,2282800
2015-08-26,50.918429384170125,52.134461042092234,50.75577614564067,52.09573745727539,2447000
2015-08-27,52.43654035509926,52.66890553736328,51.72396246311797,52.52948760986328,1545100
2015-08-28,52.428793708685646,52.70762953457383,51.669739313925255,52.08024597167969,1917900
2015-08-31,51.871124253609324,52.74635535514558,51.57679425310079,52.227413177490234,1336300
2015-09-01,51.18178065776892,51.95632332180553,50.91843307916486,51.119815826416016,1640600
2015-09-02,52.42078133105128,53.558161204871666,52.14033084780676,53.55036926269531,3147400
2015-09-03,53.53481291322675,54.04118237572838,53.03623539604408,53.12971496582031,1390100
2015-09-04,52.52206172871886,53.15307839498301,52.444160124251226,52.74018859863281,1207500
2015-09-08,53.565981958345986,53.84643259243526,53.10635221888883,53.706207275390625,1287300
2015-09-09,54.15024563964449,54.21256337143157,53.42574925894356,53.620506286621094,1155100
2015-09-10,53.23099370936583,54.12687725026163,53.09856035331082,53.7529411315918,1479300
2015-09-11,53.589348053403384,53.80747498811144,53.13751029235772,53.50365447998047,1364000
2015-09-14,53.82306745354208,54.08794019106782,53.27774996968732,53.44134521484375,751200
2015-09-15,53.51922215483774,54.25151038951718,53.34004904008346,54.1346549987793,1074800
2015-09-16,54.111274178374934,54.46962627900526,53.830823674662355,54.36835479736328,988400
2015-09-17,54.40730926152773,54.52416464291564,53.66723508525693,53.77629852294922,1032800
2015-09-18,53.10633542482012,53.23876875361736,52.545434334018,52.638919830322266,2350000
2015-09-21,52.825877291195624,53.643858921700925,52.6389122689556,53.37898635864258,695700
2015-09-22,52.631140391645665,52.84926732467112,51.76641866178536,52.08582305908203,1105300
2015-09-23,52.05465869380695,52.638929783281064,51.82873982598874,52.50649642944336,1375600
2015-09-24,52.381853938365566,52.927177238587014,51.774212899887075,52.60777282714844,2097400
2015-09-25,52.70124868602055,53.59713213077498,52.34289649682124,53.38679122924805,1410600
2015-09-28,53.54259797245753,54.09570714871217,52.83367962742633,52.86484146118164,1758900
2015-09-29,52.74799263627514,53.16087658378058,52.677882959232846,53.09076690673828,2089000
2015-09-30,52.64671371451837,53.254354604111334,52.514280380840304,52.80251693725586,2064200
2015-10-01,53.09856737062402,53.15309910935415,52.109198183431104,52.74800109863281,1674800
2015-10-02,52.04685218681555,53.62049187589509,51.836517268597824,53.60490798950195,1565100
2015-10-05,53.893157240634615,54.82798846258619,53.71397818561272,54.5631217956543,1397600
2015-10-06,54.7500834926653,54.75787543636528,54.01000931597993,54.71892166137695,1217000
2015-10-07,54.726704255947595,55.326553061117245,54.376144114986324,54.67217254638672,2007600
2015-10-08,54.56312339031349,55.357729357844256,54.08012387686561,55.22529602050781,1709600
2015-10-09,55.40447770788733,56.39384072788871,55.19413680354428,55.86410140991211,1979100
2015-10-12,56.15235053397353,56.31594573241374,55.63040309940051,56.09002685546875,895300
2015-10-13,55.97313964757167,56.24579815674997,55.53688603288639,55.58362579345703,1012300
2015-10-14,55.786200364975194,56.09781278054262,55.03833413372086,55.27983093261719,1340800
2015-10-15,55.50574487843937,56.49510782112735,54.82020237960506,56.323726654052734,1097600
2015-10-16,55.52132000712084,56.57301250628345,55.52132000712084,55.89525604248047,817600
2015-10-19,55.69271493235959,56.331517710553705,55.49017191395322,56.01211929321289,827000
2015-10-20,55.84850454724913,56.56520869248608,55.84850454724913,56.1912727355957,861600
2015-10-21,56.46394887431053,56.84567090862328,55.91862573892353,55.98094940185547,1093900
2015-10-22,56.36266316798841,57.04041953004786,56.331501341093755,56.65090560913086,1563200
2015-10-23,57.05600069244973,57.07937057806222,56.378250235643215,56.705440521240234,1229500
2015-10-26,56.931394920095904,57.133938017726784,56.152366547166885,56.479557037353516,1176500
2015-10-27,55.755035630443544,56.79893627679666,54.38394463933539,54.524169921875,3199400
2015-10-28,55.092855243436155,55.28761222269406,51.83651831250364,52.96610641479492,3932300
2015-10-29,52.89600723679584,54.13465901743662,52.71682816522823,54.04896545410156,1882200
2015-10-30,53.99443372684403,54.36836981626177,53.69061325447884,54.04896545410156,1333100
2015-11-02,54.048957147456655,54.78903726765362,54.048957147456655,54.71892166137695,978600
2015-11-03,54.65661706374862,54.82799826171065,54.3372126739973,54.64103317260742,705500
2015-11-04,54.5086082150209,54.73452712327725,53.20763244936794,53.52703094482422,1281200
2015-11-05,53.57374922601875,53.68281860647867,52.7635653925484,53.207611083984375,1215000
2015-11-06,53.40236054805048,53.54258579630464,52.67786442265577,53.534793853759766,1028900
2015-11-09,53.24656309198417,53.41795020449329,52.34289369445246,52.83367919921875,972900
2015-11-10,52.6856568952036,53.823036962566384,52.6856568952036,53.558170318603516,927700
2015-11-11,53.69839558408722,53.94768428455699,53.238766013636166,53.558170318603516,560100
2015-11-12,53.168662283307626,53.79188707575491,52.52985954562962,52.56881332397461,791100
2015-11-13,52.4908997488445,52.841465883218326,51.95337451908957,52.21044921875,707900
2015-11-16,52.33509936327451,52.701243460842534,51.937793433624975,52.514278411865234,770400
2015-11-17,52.459733250830446,53.56595732933734,51.88325429848915,52.841461181640625,830500
2015-11-18,52.849238681593434,53.27770631318319,52.61553392723443,53.192012786865234,835300
2015-11-19,53.121917331796695,53.776297950990546,52.911576458833295,53.215396881103516,825600
2015-11-20,53.42574500909002,54.181403167330615,52.997277204877626,53.38679122924805,727800
2015-11-23,53.589338874145014,53.79967382701025,53.10633935608591,53.168663024902344,977800
2015-11-24,53.06739257364299,54.31383625714202,52.716826387228934,53.145294189453125,844200
2015-11-25,53.308886659731286,53.628285051393746,53.137499547541275,53.44911193847656,700800
2015-11-27,53.4880718804031,54.00222733271505,53.4880718804031,53.64387512207031,348300
2015-11-30,53.62827622251311,54.1034837031653,52.490896234832604,52.529850006103516,1100800
2015-12-01,52.77136041353593,53.33226158144447,52.358476482578965,52.93495559692383,828500
2015-12-02,50.535548331338966,50.87831660860913,48.93853855925355,49.530601501464844,6043100
2015-12-03,49.35142611930581,50.02139072240933,48.21404587167975,48.471126556396484,4134700
2015-12-04,48.369845429249615,49.22677498368496,48.369845429249615,48.92295455932617,2946400
2015-12-07,48.6970398589578,49.117715699837646,48.07381804196323,48.362060546875,1868100
2015-12-08,47.95697424899838,48.19847107490948,46.51577038047567,47.13899230957031,3412300
2015-12-09,47.24025958418454,48.12056209614799,46.83516464922575,47.17014694213867,1811900
2015-12-10,47.578141060840686,48.378433378618745,47.2564551971956,48.2607421875,2173000
2015-12-11,47.79783315414323,48.73150912027866,47.554609056487074,48.64520263671875,2767000
2015-12-14,48.64519097668248,48.78641918992662,47.978282297593616,48.39411926269531,2358400
2015-12-15,48.56673695207342,49.594560946705826,48.02536108386677,49.123802185058594,2628900
2015-12-16,49.845640464591945,50.58316643075714,49.82210342073959,50.42624282836914,2123600
2015-12-17,50.59100418801217,51.07745229497876,50.363469498679784,50.37131118774414,2634300
2015-12-18,49.96333377097214,50.08886966514999,48.464747724781425,48.92766189575195,7191000
2015-12-21,49.43763929891982,49.49256404650863,48.598117629791375,49.03749465942383,1284500
2015-12-22,49.32779330128242,49.759322633913385,49.00610747226541,49.74363327026367,1269200
2015-12-23,49.90839883368474,50.31638813733697,49.72794122048944,50.198699951171875,1274900
2015-12-24,50.18300116086473,50.63807046945993,49.65732074542954,49.84562301635742,571700
2015-12-28,49.7357834673652,49.84562696627924,49.092411836859355,49.57101821899414,811500
2015-12-29,50.00255739692003,50.00255739692003,48.90411919808523,49.57887268066406,994900
2015-12-30,49.33565430008291,49.74364670441386,48.88058481305583,48.92766189575195,1502100
2015-12-31,48.825661596294715,49.14734750263462,48.5353604108201,48.66089630126953,1614000
2016-01-04,47.93120627956434,48.66088439965107,47.319219337431335,48.48042678833008,3072300
2016-01-05,48.401974820865895,50.151632530326985,47.946908359383926,49.79856491088867,3967000
2016-01-06,48.904104495076794,49.76716303418374,48.684414526950405,49.555320739746094,2929000
2016-01-07,50.21439009738694,50.2771595216539,49.17087086653039,49.500404357910156,3114600
2016-01-08,49.6180989977134,50.120242454880085,49.312102522554554,49.52394485473633,2448800
2016-01-11,49.48471489070485,49.633787792525254,47.946899822519086,48.44904327392578,1868400
2016-01-12,48.63733716879801,49.58670209623721,48.60595246218588,49.41408920288086,1410100
2016-01-13,49.476877184158624,49.89271422729151,49.02965542263531,49.18657302856445,2143000
2016-01-14,49.30425700153873,49.84562984589521,48.68442237270308,49.53179168701172,1691100
2016-01-15,48.590268739866964,50.15946843308273,48.52749931549311,49.86916732788086,2358400
2016-01-19,50.59101040124727,50.59885209127469,49.39057037151874,49.947635650634766,1468700
2016-01-20,49.24933307804086,50.46546225025696,48.78641904555734,50.00254821777344,1437400
2016-01-21,50.449771040803185,51.17944911603172,49.99470170657,50.61453628540039,1999200
2016-01-22,51.06961365492471,51.39130254414103,50.23793952927979,50.39486312866211,1832400
2016-01-25,49.2336429348548,50.21439279411486,49.12379942949944,49.210105895996094,2699500
2016-01-26,49.508247217883344,50.488996988388244,49.217946123856905,50.269309997558594,2391600
2016-01-27,50.21438984949999,51.08529615233399,49.4690194015693,49.57101821899414,1995600
2016-01-28,49.86133231048584,50.34778350082393,49.21011582885752,49.469032287597656,1966800
2016-01-29,49.63378654749598,50.82637871117705,49.46902129282576,50.81853103637695,1821900
2016-02-01,50.25362457850291,51.49328783632163,50.16731512003324,51.16375732421875,1844300
2016-02-02,50.51252292405338,51.16374206519633,49.36700816217434,49.8063850402832,2705700
2016-02-03,51.16376691884764,52.262208151200845,50.42624097972048,50.92839050292969,3450200
2016-02-04,51.53250678692076,52.93694092059019,51.093132885355516,52.92124557495117,2292000
2016-02-05,52.536811400669855,54.04324185274108,52.183743821160895,53.415565490722656,3083900
2016-02-08,53.10172991062081,54.61600819771802,53.08604054397715,54.54539108276367,2430100
2016-02-09,53.96478315085077,55.23583721416368,53.682326692336794,54.67877197265625,1859900
2016-02-10,54.757245994306786,55.43985028984156,53.80788051712975,53.84710693359375,2082300
2016-02-11,53.35280500784443,54.25509628974062,53.117422591341594,54.004024505615234,1588200
2016-02-12,54.23154276626757,55.21229256030873,54.23154276626757,55.04752731323242,1520500
2016-02-16,55.0475419537161,56.19305729949564,54.867081309767535,55.871368408203125,1691100
2016-02-17,55.89489968458242,56.3970431819896,55.22014323756227,55.581058502197266,1655500
2016-02-18,55.463381103536726,55.7929116977153,55.00046394750382,55.67522048950195,1247700
2016-02-19,55.46337596909223,55.46337596909223,54.32570237637973,55.29861068725586,2010000
2016-02-22,56.03613764764186,56.38921128389245,54.68662451926795,54.9769287109375,2660300
2016-02-23,54.427705025762585,54.96907496392841,54.12955318993774,54.55323791503906,1371300
2016-02-24,54.294315950237234,55.20445479577946,54.11386130791188,55.10245895385742,1532900
2016-02-25,55.125986099551376,55.165212499700004,54.22369509182917,55.04752731323242,1353200
2016-02-26,55.204441912296936,55.447665932591,54.89844847192009,55.19659423828125,1145400
2016-02-29,55.00828022964088,55.50257583880114,54.71797621320195,54.78859329223633,1631100
2016-03-01,55.54183401744927,55.659525213168735,54.91415163096072,55.502601623535156,2089600
2016-03-02,55.68416240390478,56.59197174471361,55.39997850551885,56.370941162109375,2525200
2016-03-03,56.157818104614364,56.80512474086489,56.031517455475374,56.44989776611328,1487700
2016-03-04,56.213057546522265,58.020780547521376,56.213057546522265,57.37347412109375,2288400
2016-03-07,56.42618823711449,56.94718793813232,55.589422016342574,56.520912170410156,1667700
2016-03-08,56.394619849854664,57.097183897035265,56.14201261966199,56.54460144042969,1153000
2016-03-09,56.252525542883596,57.01824287109693,55.69205346265031,56.37882614135742,899900
2016-03-10,56.72618608232382,56.89195907205014,55.707861126033315,56.44989776611328,1674600
2016-03-11,56.85246616149003,57.389257277038226,56.726165558048265,57.33399963378906,969200
2016-03-14,57.27085901918204,57.61030058803158,56.907730438209136,57.19981002807617,884200
2016-03-15,56.9708757511779,57.99709598419594,56.74194951388522,57.68133544921875,1459300
2016-03-16,57.28663389743652,57.94973159550212,57.097179993402506,57.71290969848633,1119800
2016-03-17,57.918165588058976,58.93649029621419,57.47609836720708,58.281288146972656,1158100
2016-03-18,58.51020963965877,59.29171234345678,58.202344755658594,58.68387222290039,1973000
2016-03-21,58.40756789731414,58.683856047488476,57.720795355827924,58.13917541503906,1013800
2016-03-22,57.60240617011162,58.265497980816626,57.60240617011162,58.005001068115234,718500
2016-03-23,58.005001068115234,58.33654697346773,57.76817912278788,58.005001068115234,728500
2016-03-24,57.697121656574886,58.23391276753429,57.697121656574886,58.21023178100586,608600
2016-03-28,58.32865627797814,58.59705490708549,57.918171696713245,58.44706726074219,818700
2016-03-29,58.40759337182241,58.91280793038512,58.162881763884016,58.81018829345703,767700
2016-03-30,58.96015898377144,59.15750855217595,58.51809185515636,58.84964370727539,612100
2016-03-31,58.71543555074338,58.8101655022496,58.257589175038966,58.59703063964844,1168800
2016-04-01,58.19443304507393,58.249690675108795,57.32609627768459,58.13917541503906,1313200
2016-04-04,58.194442772743834,58.90490243668689,57.855001267894984,57.997093200683594,1037400
2016-04-05,57.52344160986544,58.518078877751755,57.52344160986544,58.04444122314453,781000
2016-04-06,57.90237710321879,58.15498437503985,57.547150197500315,58.1470947265625,881900
2016-04-07,57.626090268109785,57.67345225067676,56.14202326222948,56.71828079223633,2129700
2016-04-08,56.97877532052327,57.51556645993422,56.5682908128004,56.71037673950195,1014200
2016-04-11,56.81299649345677,57.2945299372403,56.45776364563573,56.655113220214844,1361100
2016-04-12,56.8603501537766,57.38924549091729,56.41039343040419,57.223472595214844,1260400
2016-04-13,57.37346637486339,58.076030351765404,57.16822113879053,57.58660125732422,871200
2016-04-14,57.633968689886224,57.870784554476025,57.17611625332953,57.54713439941406,768000
2016-04-15,57.94973263843284,58.82595921884641,57.78395369395963,58.02867126464844,1367600
2016-04-18,57.997104812126146,58.82596956714531,57.89447915962459,58.5023193359375,991500
2016-04-19,58.78649207106156,59.44169410222117,58.50230820267019,59.386436462402344,1333900
2016-04-20,59.45748331475384,59.717986214956596,58.960164523792486,58.99174118041992,1085800
2016-04-21,58.84966200724447,59.433815225034216,58.581263378984694,58.66020202636719,716200
2016-04-22,58.7707172559166,59.189103529467175,58.644416624805906,58.85755157470703,639100
2016-04-25,59.09435580460699,59.2759140365856,58.6680800100998,58.88911056518555,890900
2016-04-26,58.865429160187794,60.07320755802149,58.652294275771034,59.765342712402344,1485900
2016-04-27,56.568297774781165,58.08394140578145,55.32104673520217,56.686702728271484,3508600
2016-04-28,55.999935519305325,56.528831106671284,55.131592289142674,55.91310119628906,2433800
2016-04-29,55.849925326643856,56.205152124616205,55.56574147921374,56.02359390258789,1398000
2016-05-02,56.26042682780907,56.813009375504386,56.17359853612698,56.686702728271484,1376000
2016-05-03,56.165688477415976,56.34724670801415,55.636793078534865,55.92097091674805,1185800
2016-05-04,55.66836845299169,56.81299966298682,55.526276510462345,56.63143539428711,1789200
2016-05-05,56.60776579163925,56.8051154169159,55.83415863322903,55.92888259887695,845500
2016-05-06,56.00781257875779,57.5550387014518,55.76310100851971,57.48398971557617,1789600
2016-05-09,57.2313731262138,57.83131748256312,57.002446910993264,57.73658752441406,1038900
2016-05-10,58.17076083159612,58.28127610832289,57.4524055102412,57.66554641723633,1065900
2016-05-11,57.49977497907784,57.783958877049535,57.09718614247767,57.302425384521484,941900
2016-05-12,57.24717276020995,57.618190994139695,56.83668821748628,57.207706451416016,840800
2016-05-13,57.27875144378741,57.42873908134532,56.70249392945974,57.08140182495117,1111200
2016-05-16,57.184017181396484,57.491882049518615,56.56039177548384,57.184017181396484,840200
2016-05-17,56.88403631512511,58.178648971220305,56.7340547420981,57.4524040222168,1162600
2016-05-18,57.318223310606456,57.949744494801074,57.01035838953548,57.74449920654297,1282700
2016-05-19,57.294521242875504,57.926036172118515,57.23136794316216,57.70500564575195,828800
2016-05-20,58.04445024402954,58.802271813702625,58.04445024402954,58.66807556152344,1093600
2016-05-23,58.46286213882225,58.83388046824234,58.46286213882225,58.699684143066406,846400
2016-05-24,58.74702219496528,59.196979001561054,58.43915732848561,58.96016311645508,1134900
2016-05-25,59.15751532075121,59.26013493991578,58.79439279605555,59.05488967895508,1161400
2016-05-26,59.28382156373578,59.49696251493748,58.99174799579349,59.18120193481445,806700
2016-05-27,59.19700101246704,59.55223400615734,59.039123697027044,59.346988677978516,1108300
2016-05-31,59.528551441864195,59.820625069992154,58.69968050107036,59.189109802246094,4326800
2016-06-01,59.197039389634746,59.27643940898649,58.55394042300857,58.9509162902832,827600
2016-06-02,58.935030188549476,58.990606558495436,58.51423075053578,58.585689544677734,1063900
2016-06-03,58.164895450297664,58.29192455545679,57.92670754924062,58.24428939819336,2470600
2016-06-06,58.87944545951024,58.87944545951024,57.958458822735054,58.13312911987305,1340600
2016-06-07,58.06166990189058,58.08549353462428,57.77584688277739,57.918758392333984,1284600
2016-06-08,57.91874865021148,58.51421216364354,57.807595945626936,58.490394592285156,1759500
2016-06-09,58.569805509687924,58.950904934100606,58.125194562348014,58.839752197265625,1688500
2016-06-10,58.40307552890003,58.506293109677905,57.86318821920808,57.950523376464844,1032400
2016-06-13,58.014030082404034,58.2204591478996,57.86317737407628,57.94257736206055,971900
2016-06-14,57.974343699788164,58.06962007331736,57.1645157255852,57.53767395019531,1238000
2016-06-15,57.545605517365196,58.2204630589861,57.434446738193614,57.57735824584961,1389900
2016-06-16,57.529733824358146,57.529733824358146,56.57699430055641,57.23596954345703,1487600
2016-06-17,56.981908313569676,57.18833744246734,56.68815007433081,57.148643493652344,2029500
2016-06-20,57.704391548823814,58.04579091414839,57.55353883517354,57.593238830566406,747700
2016-06-21,57.529733824358146,57.60119262019687,56.81517615282176,57.23596954345703,930900
2016-06-22,57.24391049245875,57.50591598037874,56.80724073662893,57.05336380004883,1179100
2016-06-23,57.09305514173418,57.3709369546237,56.902502420864906,57.100990295410156,1402000
2016-06-24,55.830691725903634,57.13277222578269,55.69572137030717,56.87870788574219,2209000
2016-06-27,56.64050773233884,57.5535533401664,56.561113778912606,57.307430267333984,2020400
2016-06-28,57.35505290991095,58.30779831519575,57.30741775972588,58.29191589355469,1648200
2016-06-29,58.63332479373884,59.05411817503713,58.44277810468057,58.47453689575195,1159200
2016-06-30,58.196664565409804,59.00649266940681,57.89495902956363,58.9509162902832,1261000
2016-07-01,59.2049752663247,59.768680220157954,58.92709339575485,59.697227478027344,1393700
2016-07-05,59.617837042851825,59.90366017202991,59.33201997104519,59.5702018737793,957300
2016-07-06,59.57019399652208,60.09420501651318,59.054124189450114,59.38758850097656,965300
2016-07-07,59.49079315800268,59.53842831526611,58.18871302892938,58.24428939819336,2736200
2016-07-08,58.56187253880984,59.24467140903884,58.379261002989026,59.09381866455078,2164400
2016-07-11,57.54561598425878,58.014044531718625,56.465841298318985,57.05336380004883,3781800
2016-07-12,57.069222253713896,57.55353307365343,57.069222253713896,57.52177429199219,1362400
2016-07-13,57.593243477178845,57.96640165745028,57.39475559893823,57.823490142822266,1729900
2016-07-14,58.2125380244461,58.2125380244461,57.386827534912804,57.4027099609375,1049700
2016-07-15,57.56150483279812,57.56150483279812,56.83107063903383,57.11689376831055,2067600
2016-07-18,56.15618582100483,57.15656023498947,55.74332769621909,56.71989059448242,1971500
2016-07-19,56.410267470895,56.997789999116726,56.10062681025311,56.86281967163086,1295300
2016-07-20,56.862824665424235,57.4424060319377,56.378513629093284,56.50554275512695,1276800
2016-07-21,56.49760050846114,56.86281752885644,56.25941259815673,56.55317687988281,1481100
2016-07-22,56.63256414074339,57.386815671989154,56.40231746994734,57.18832778930664,1134700
2016-07-25,56.97396526362387,57.212147095621646,56.71195979679363,56.76753616333008,1061700
2016-07-26,56.997772058995125,57.45032411728965,56.735766641727636,57.27565383911133,1749300
2016-07-27,54.32217030617452,55.949773607636025,52.8930609740972,54.26659393310547,4359700
2016-07-28,53.96490153689315,54.98115880997761,53.75847238536938,54.96528244018555,1514000
2016-07-29,54.90174040268119,55.465445168577276,54.58415863189466,55.274898529052734,1461500
2016-08-01,55.179642330799936,55.45752421020033,54.87000165698654,54.97321319580078,1817600
2016-08-02,54.97321914276318,55.0684955363091,54.24278496435839,54.27454376220703,1546400
2016-08-03,54.441262139666684,54.61593246459961,54.020468751802895,54.61593246459961,1446700
2016-08-04,54.615930667563596,54.83823614384727,53.81403786465184,54.377742767333984,1275600
2016-08-05,54.66356453402214,55.060540320118704,54.07604206666278,54.95732879638672,751200
2016-08-08,55.18757304715266,55.449572450829336,54.81441485548739,54.981143951416016,1299800
2016-08-09,55.0843484030978,55.26695989846778,54.5841611794876,54.71913146972656,1082400
2016-08-10,54.74296564766932,54.901759617321886,54.457142559665286,54.79854202270508,870800
2016-08-11,54.766786460377695,55.036727108803234,54.766786460377695,54.806480407714844,480400
2016-08-12,54.774704260744286,55.457502935257715,54.63973397929516,55.322532653808594,948400
2016-08-15,55.21140554487505,55.521046243475126,54.84618846594602,54.96528244018555,1014300
2016-08-16,54.981137040404654,55.584541828896896,54.76677281754713,55.43368911743164,1416500
2016-08-17,55.57660157523527,55.5845427858093,55.26696099390561,55.49720764160156,1443300
2016-08-18,55.497228292727385,55.576622255904454,54.615941369508356,54.750911712646484,1491500
2016-08-19,54.49684564100322,55.362256166665006,54.322175293216205,55.116127014160156,1606600
2016-08-22,55.01290602032601,55.28284665153533,54.82235933609767,55.13199996948242,993100
2016-08-23,55.409879420063646,55.4654557862876,55.03672122225871,55.10023880004883,1056900
2016-08-24,55.18757239886047,55.41781906882941,54.96526694023375,55.29872512817383,1063000
2016-08-25,55.09229164100491,55.28283829643523,54.61592197374465,54.679439544677734,898600
2016-08-26,54.80647050844322,55.338416554167694,54.40949476255287,54.60798263549805,976900
2016-08-29,54.60799559556028,55.132006612035774,54.56830164597222,55.12406539916992,768200
2016-08-30,55.16375431922006,55.34635977684011,55.08435432126068,55.19550704956055,707700
2016-08-31,55.17156542530924,55.586993325015975,55.083686680950954,55.45916748046875,1066100
2016-09-01,55.570988928993366,57.36849797842817,55.570988928993366,56.753353118896484,3754000
2016-09-02,57.008995783418385,57.49632092251557,56.6015587124372,56.9770393371582,1323600
2016-09-06,56.84922609460036,56.84922609460036,55.60294892938546,56.170162200927734,1200000
2016-09-07,56.18612239382392,56.409811364023106,55.93047698572952,56.098243713378906,957700
2016-09-08,56.21013438364371,56.505727105748285,55.69085250754533,55.97845458984375,1173300
2016-09-09,55.850615366684444,56.441794509819864,55.035741052431376,55.043731689453125,992000
2016-09-12,54.19690887332753,55.307375969598304,54.13300205298844,55.13161849975586,1356500
2016-09-13,54.78008545458462,55.27540124269895,53.901304490891334,54.13298416137695,1519600
2016-09-14,54.34868406506185,54.484494397877256,53.55778178535359,53.74152374267578,1142900
2016-09-15,53.74951026557363,53.97319928958112,53.55777768714847,53.81342315673828,1138000
2016-09-16,53.72555258034646,53.97320745222761,53.29414964234498,53.949241638183594,1665700
2016-09-19,54.24482749606423,54.24482749606423,53.72554590768251,53.74951171875,822000
2016-09-20,54.17292614365668,54.412596454095855,53.7175574298776,54.35667419433594,1007600
2016-09-21,54.74013368997759,54.78008076925706,54.29275565837658,54.7561149597168,934400
2016-09-22,54.90792346910518,55.49111199788101,54.80406346899711,55.32334518432617,1495700
2016-09-23,55.219484680274235,55.65887215991249,54.724168841064326,55.5949592590332,1478700
2016-09-26,55.403212542706804,55.770702486574635,55.29935867652724,55.55500411987305,1147800
2016-09-27,55.547029173190985,56.03435438955431,55.20350494026388,56.01837921142578,999800
2016-09-28,56.090270267400534,56.32994057752111,55.594954470850304,56.12222671508789,1039500
2016-09-29,56.10625539622845,56.60156513176332,55.978429596690674,56.170162200927734,1402900
2016-09-30,56.49770714779845,56.777318445193075,56.226080390994284,56.28999328613281,1412900
2016-10-03,56.234077916706006,56.43380116718303,55.578985898944154,56.321956634521484,1387300
2016-10-04,56.449767624009766,56.585577935871044,55.86657320385795,56.082271575927734,953700
2016-10-05,56.385873137445046,56.385873137445046,55.82664434336349,56.066314697265625,1280400
2016-10-06,55.74675858669686,56.20212740208418,55.52306949774457,56.13022994995117,1298200
2016-10-07,56.321955747773984,56.38586864973715,55.90653407515303,56.194129943847656,1043800
2016-10-10,56.31394960460911,56.809265315828405,56.170148662324024,56.64149856567383,1024000
2016-10-11,56.52167202321166,56.75335169294831,56.23407009492266,56.489715576171875,1494700
2016-10-12,56.46575715366712,56.48173233174297,55.97843193891075,56.23407745361328,1281000
2016-10-13,55.9225073331603,56.22608446445811,55.80267216986103,56.170162200927734,919200
2016-10-14,56.36989421879839,56.68146203484916,56.026369947887225,56.13022994995117,1348600
2016-10-17,54.72417118797464,55.09965187790624,54.01315689664159,54.859981536865234,3417400
2016-10-18,55.27540826501021,56.282009050087616,54.82003950174096,54.96384048461914,1500800
2016-10-19,55.179539646911344,55.179539646911344,54.732161514247,54.931884765625,1073700
2016-10-20,54.836006641300735,55.099642753775484,54.70019631489942,54.923885345458984,1164200
2016-10-21,54.53243757749289,55.163563775323624,54.42059304573249,55.01177215576172,989800
2016-10-24,55.027736124176016,55.435173175487215,54.89991644037499,55.21947479248047,1165100
2016-10-25,54.75612216284229,55.57898090566996,54.1329866525483,55.46713638305664,2282400
2016-10-26,52.67102103010428,54.22886009872386,52.38341903357905,53.765506744384766,4499600
2016-10-27,53.90131451583071,54.21288231458706,53.53382444794042,53.86935806274414,2173200
2016-10-28,54.03712803118328,54.20489484839908,53.50187112457992,53.9971809387207,1586500
2016-10-31,54.308748729514456,54.524447157317056,53.99717485257979,54.42059326171875,2026800
2016-11-01,54.4206063905489,54.74015879104099,54.26881473376521,54.66027069091797,1504000
2016-11-02,54.67622834663408,55.01176187923561,54.49248031017017,54.692203521728516,1651900
2016-11-03,54.88395249431874,55.28339903676668,54.700210498032185,55.07569122314453,1339000
2016-11-04,55.22747391296433,55.347309088525144,54.596347677076224,54.8759651184082,1345500
2016-11-07,55.3313242393315,56.30597455745202,55.3313242393315,56.28999328613281,1312900
2016-11-08,56.43380001059422,56.50570354872866,55.52306249468978,56.31396484375,1497700
2016-11-09,55.93051154400114,57.19275809790714,55.26742876187218,57.08091354370117,1242400
2016-11-10,57.16877693359443,58.83846635048156,57.16877693359443,58.15940856933594,1486600
2016-11-11,57.95968067936405,58.89438388287918,57.799898446881365,58.78253936767578,1551400
2016-11-14,59.06216862695348,59.38172709408424,58.62277497276484,58.72663497924805,2431000
2016-11-15,58.73460737764119,59.18997611824944,58.56684058847705,59.18199157714844,1429100
2016-11-16,58.974261834434884,59.36571757049179,58.782529283416714,59.261863708496094,1523200
2016-11-17,59.27785745346995,59.45361488658044,58.32717893948019,59.12607192993164,1194100
2016-11-18,59.030211579307,59.58943431987985,58.886410575292444,59.43764877319336,2426900
2016-11-21,59.653333808897806,59.82110059331994,59.078129922268005,59.41366958618164,1840000
2016-11-22,59.046201719748474,59.42167641903635,58.91837587695729,59.070167541503906,2067100
2016-11-23,59.15002677654622,59.293827731966,58.76655553040392,59.21393966674805,1072400
2016-11-25,59.30181624171779,59.77316007615947,59.20594690985086,59.35773849487305,705100
2016-11-28,59.373725424715076,59.82909417487159,59.22193380963969,59.28584671020508,1642300
2016-11-29,59.421656507094944,60.076748494202114,59.39769069337035,59.900997161865234,1450600
2016-11-30,59.94894130357132,60.23654331844216,59.693295745360665,59.797149658203125,1504100
2016-12-01,59.77317355372168,60.060775519102044,59.37372705681227,59.80513000488281,1440100
2016-12-02,59.98886594554099,60.32440560144379,59.11807559551061,59.15003204345703,1530000
2016-12-05,59.46959642163618,60.37234331059846,59.29383898775135,60.22854232788086,2429200
2016-12-06,60.36434555053711,60.52412778751759,59.908976841513685,60.36434555053711,1434300
2016-12-07,60.46821778193302,61.307051839557026,60.148659338284205,61.29107666015625,1756000
2016-12-08,61.307048941056586,61.914209345776726,60.38033620286591,61.89024353027344,1274800
2016-12-09,61.90621034211961,62.225768727470985,61.13128323854,61.54671096801758,1417500
2016-12-12,61.56272018297867,61.8742881048204,61.179254784591606,61.71451187133789,1210700
2016-12-13,61.81835156534527,62.169866512074734,61.466842713687,61.562705993652344,1560200
2016-12-14,61.73046488990767,61.97013524914099,61.05939763616707,61.21118927001953,1563300
2016-12-15,61.42814455801283,61.55671937633325,59.29053225735718,59.71644592285156,3268100
2016-12-16,59.6039368034949,60.24682924675697,58.31012020646064,58.75210952758789,2834100
2016-12-19,58.70389339493279,60.045924748580205,58.45476936006251,59.9655647277832,2129200
2016-12-20,59.95754381363479,60.359350162134646,59.780748039322326,59.893253326416016,1159600
2016-12-21,59.63609028919703,60.174509259548145,59.57983765246001,59.97360610961914,1102700
2016-12-22,59.652177836790486,60.0218389704399,59.59592518886729,59.84504318237305,671600
2016-12-23,59.94952859981341,60.11828659415701,59.70844837835712,59.90131378173828,420000
2016-12-27,59.98970109334685,60.28703392700234,59.62807162849405,59.85308837890625,581300
2016-12-28,60.021824479094526,60.07807711343639,59.033378325856255,59.04141616821289,906100
2016-12-29,59.21017168775736,59.42714437403403,59.073559028580306,59.2503547668457,835900
2016-12-30,59.48341432328948,59.57181221815712,58.671769842892225,58.87267303466797,989100
2017-01-03,59.065535688758395,59.30662196032762,57.996729285788675,58.54318618774414,1851800
2017-01-04,58.551217987816884,59.46733591548817,58.374422224392966,58.65568542480469,1012700
2017-01-05,58.494962804476856,59.32268281444838,58.33423660331687,59.258392333984375,1122100
2017-01-06,59.202153781520515,59.71646548544041,59.02535798372071,59.587890625,782500
2017-01-09,59.29055630476497,59.61200267755577,58.736061464977816,58.792320251464844,857600
2017-01-10,58.760160302764376,59.2423266758013,58.53514360634094,58.77622985839844,651700
2017-01-11,58.67176501889991,59.17000096964835,58.60747453135871,59.01731872558594,668200
2017-01-12,58.95302823804473,59.0735713694149,58.57532928758811,59.01731872558594,843900
2017-01-13,59.10569683704829,59.18605685404802,58.79228847899598,58.969078063964844,1036600
2017-01-17,58.808379827547256,59.41108937505653,58.58336924411637,59.11375045776367,720200
2017-01-18,59.12981605399732,59.82895508589472,58.62353619660676,59.50751495361328,1187900
2017-01-19,59.5878802821714,59.5878802821714,58.78426761789688,58.961063385009766,1198700
2017-01-20,59.07357470735944,59.39502103215038,58.5994399988001,59.145896911621094,1251900
2017-01-23,59.009275219265575,59.24232361593004,58.81640990622793,59.21017837524414,1615200
2017-01-24,59.42715603459013,60.287021368537175,59.07357061975731,59.99772644042969,1168400
2017-01-25,60.270942090259986,60.335232566614806,59.571796954825146,60.01378631591797,982000
2017-01-26,59.82894334955934,61.00222290032497,59.80483595747501,60.87364196777344,1416600
2017-01-27,60.97008821784068,62.40051761908739,60.73703983557009,62.34426498413086,2487800
2017-01-30,62.16748275745447,62.16748275745447,61.33976260689944,61.484413146972656,2616100
2017-01-31,61.669232877257095,61.669232877257095,60.873658072613864,61.12277603149414,1653800
2017-02-01,59.949515483996564,61.07457466455957,58.88070895590774,60.35935974121094,2936100
2017-02-02,60.15845349386548,60.72097999016974,59.83700715408634,60.22274398803711,1452300
2017-02-03,60.3593448836641,60.93794695587723,60.27094700423832,60.71293640136719,944100
2017-02-06,60.632601241262996,60.9861929397924,60.0700745673125,60.13436508178711,895300
2017-02-07,60.52812068902972,60.97011021679148,60.28703437732701,60.76920700073242,1128500
2017-02-08,60.83347387985933,61.25135588252039,60.43970540629927,61.17902755737305,785000
2017-02-09,61.04243243165454,61.315663993656244,60.737061750433426,60.76920700073242,1724800
2017-02-10,61.01026274317223,61.73351525749577,61.00223103212434,61.524574279785156,726100
2017-02-13,61.61298222524537,62.01478856212227,61.564767426765144,61.86210632324219,869000
2017-02-14,61.85406337232519,62.079073921423955,61.524579260375134,62.03889083862305,931100
2017-02-15,62.079083849576314,62.633578599304094,61.96657855703424,62.585357666015625,885200
2017-02-16,62.585345218600004,62.72999572753907,62.2317598542536,62.72999572753906,1091100
2017-02-17,62.64965369495514,63.55773395963265,62.03890624496257,63.533626556396484,1755900
2017-02-21,63.42112296798411,63.943472532842115,63.30861766245523,63.82292938232422,1388700
2017-02-22,63.78274275648155,63.85506495718791,63.37289855924363,63.81488800048828,1232000
2017-02-23,63.855079650878906,64.19259559399785,63.65417642791576,63.855079650878906,1294100
2017-02-24,63.57380373379314,64.47385220103078,63.38897010771557,64.39348602294922,1386600
2017-02-27,64.3533109254128,64.57028367170128,64.01579503959573,64.4738540649414,1080400
2017-02-28,64.38547675181049,64.6667400798956,64.30511054571697,64.58638000488281,1651000
2017-03-01,65.19244495739689,65.58843673707959,64.96616746363495,65.34599304199219,1499300
2017-03-02,65.55610417023185,65.55610417023185,64.82069622091385,65.07929992675781,881400
2017-03-03,65.07124456838044,65.34601459113027,64.06915555171919,64.46514129638672,1049800
2017-03-06,63.72971372693719,64.36814299146813,63.72971372693719,64.06912994384766,1413100
2017-03-07,63.964073034283075,64.27116301030168,63.73779556083793,63.79436492919922,931200
2017-03-08,63.97217132867674,64.17420571589626,63.34181886144767,63.624671936035156,1183000
2017-03-09,63.65699426375005,63.859028658115335,63.301417922275434,63.454959869384766,729100
2017-03-10,63.72164433331109,64.18228248837212,63.3983880814647,64.11763000488281,668400
2017-03-13,64.10953472932131,64.3438952907282,63.53575797509001,64.09336853027344,580500
2017-03-14,64.0125647295806,64.05297406709252,63.28523981356077,63.487274169921875,575000
2017-03-15,63.61658774462993,63.972170233038355,63.2771714596583,63.47112274169922,1440900
2017-03-16,63.43877108411639,63.729700973418744,63.12359806497177,63.204410552978516,740700
2017-03-17,63.18829544357645,63.947940769605644,62.8811991389926,63.77823257446289,1483900
2017-03-20,63.77012155147987,63.875177187864324,63.454942311129095,63.78628158569336,937900
2017-03-21,63.89942994392978,64.16611679060026,63.18018808395159,63.325653076171875,1114900
2017-03-22,63.471125628640564,63.60042443401555,62.79228686222069,63.107460021972656,823400
2017-03-23,63.164031770863104,63.51152498685244,62.759963009275495,62.776123046875,620900
2017-03-24,62.83271145693366,63.172127839721846,62.43672567701411,62.6064338684082,1374200
2017-03-27,62.170007413421125,62.53366675954427,61.693203164434294,62.24273681640625,993600
2017-03-28,62.242732343507356,62.970057149085264,61.89523305670893,62.64680099487305,1193900
2017-03-29,62.50134066877382,62.83267994695256,61.59623076857586,62.4609375,902300
2017-03-30,62.428631989652715,62.93775647752484,62.18618823413218,62.751888275146484,1118200
2017-03-31,62.61448557189735,63.05895742200205,62.412451231231906,62.4609375,1385300
2017-04-03,62.64682274586173,63.139787164933075,61.80636508494056,61.99223327636719,1573000
2017-04-04,62.02455347792588,62.3478097128852,61.74978968585036,62.11344909667969,1012700
2017-04-05,62.06497099611263,62.41247041549505,61.67706222993663,61.74979782104492,1122900
2017-04-06,61.88716567935952,62.59832439596292,61.38611825468029,61.64472198486328,1323800
2017-04-07,61.70938075936102,61.90333203540094,61.06286828509473,61.20025634765625,1536000
2017-04-10,61.27299517243678,61.95991092831954,61.176016436725945,61.61241149902344,1187700
2017-04-11,61.14366693919672,61.46691690484006,60.78000147945114,61.21639633178711,1225300
2017-04-12,61.24067116835636,61.24067116835636,60.36788101182085,60.440616607666016,1145000
2017-04-13,59.92341041314885,60.731548095954366,59.92341041314885,60.17393112182617,1571900
2017-04-17,60.23050267656099,61.30532731304579,60.14160703501103,61.15177917480469,1605700
2017-04-18,61.06287522577871,61.11944461128696,60.74770205428985,60.84468078613281,1067000
2017-04-19,61.01436810301283,61.32954116685336,60.77192443901311,60.88506317138672,797100
2017-04-20,61.07903641169421,61.85484770588773,60.03653825104666,61.78211212158203,1042200
2017-04-21,62.202350173134235,62.30740583833377,61.08711637295275,61.85485076904297,1582100
2017-04-24,62.22659381490984,62.89734948772375,62.14578128982875,62.703392028808594,1840100
2017-04-25,62.81653522508343,63.285250323828876,62.60641773320426,62.79228591918945,1374900
2017-04-26,59.1233453196986,60.02037231574225,58.533402203295,58.840492248535156,5513900
2017-04-27,58.85665845205313,59.22840098016494,58.59805468616665,58.840492248535156,1692800
2017-04-28,58.897063366104184,59.12334706282646,58.61421645220171,58.7515983581543,1904200
2017-05-01,59.123358483790575,59.14760162886526,58.62231087837487,58.630393981933594,846400
2017-05-02,58.8324098926873,58.921305507046654,58.53339681115133,58.767757415771484,865900
2017-05-03,58.71119418562658,58.98595799288112,58.44450731463233,58.81624984741211,833600
2017-05-04,59.01828004493176,59.01828004493176,58.54955881990193,58.63845443725586,1210900
2017-05-05,58.93746212123333,59.30112149296944,58.82432337599991,59.276878356933594,917600
2017-05-08,59.147608097220726,59.22842064484114,57.612145030024145,57.74952697753906,1673900
2017-05-09,57.67677357153035,57.70909981026844,57.038344229052086,57.26462173461914,2040700
2017-05-10,57.36969246015682,57.757601261337065,56.56155477616576,56.7070198059082,2878600
2017-05-11,56.472635316131566,56.78780838669223,55.963511009594804,56.391822814941406,1655700
2017-05-12,56.189810882091656,56.472657831827846,55.65644322910357,56.04434585571289,1557700
2017-05-15,55.99584284786908,56.424154696085836,55.502878525989615,56.14130783081055,1051600
2017-05-16,56.02817399745845,56.36759026555007,55.99584775779261,56.246368408203125,1288600
2017-05-17,55.79380029551353,56.205952047567294,54.52502497286809,54.824031829833984,1999800
2017-05-18,54.710897294543194,55.75339523812863,54.54927228733875,55.001827239990234,1783400
2017-05-19,55.08265828777518,55.08265828777518,54.20986825529419,54.4361457824707,2306700
2017-05-22,54.452301616530534,55.03416159326136,54.35532906414188,55.018001556396484,1453200
2017-05-23,55.07457694989693,55.24428510071488,54.7432375847759,55.228118896484375,885300
2017-05-24,55.30086162069836,55.44632664954269,54.96144527526201,55.26045227050781,1187500
2017-05-25,55.05033483243932,55.26044616653834,54.66242607650177,54.8806266784668,1894100
2017-05-26,54.73516053856414,54.9371949318378,54.120974256644104,54.17754364013672,1303200
2017-05-30,54.21793833329947,54.646256359104086,53.82195271083044,54.3634033203125,1613300
2017-05-31,54.51799011230469,54.65629720375693,53.96475553937377,54.51799011230469,2353700
2017-06-01,54.76207276304446,55.095643572611095,54.444777030937516,54.98174285888672,1584700
2017-06-02,55.02240974223093,55.29903015272492,54.77020194420127,55.014278411865234,1038800
2017-06-05,54.84342418255569,55.26648300053385,54.68884201487037,54.72138595581055,1036000
2017-06-06,54.62375177636343,54.802740340251276,54.29018725858116,54.60748291015625,736100
2017-06-07,54.770210193851106,54.82716055060108,54.50172728040555,54.696990966796875,932900
2017-06-08,54.656305617501125,54.81901913753739,54.42850420660118,54.48545455932617,1237200
2017-06-09,54.3959462570391,55.25020753510888,54.33085838293217,55.20952606201172,1026200
2017-06-12,55.13631993560624,56.21838294437689,55.06310070696875,55.99058151245117,1557400
2017-06-13,56.202100451210484,56.397357887373246,55.86039838614514,56.21023178100586,1083200
2017-06-14,56.38107678127905,56.40548317961093,55.14443213741827,55.19324493408203,1288500
2017-06-15,54.908512009746744,56.54380953427186,54.908512009746744,56.50312805175781,1559100
2017-06-16,56.291597339058555,57.05635825236215,56.291597339058555,56.98313903808594,2388700
2017-06-19,56.95058753413501,57.27602070432579,56.67397337410179,57.031944274902344,1079100
2017-06-20,56.942461575940165,56.99128059602401,55.64073483762052,55.64887237548828,1061100
2017-06-21,55.55123319009273,56.80414694962483,54.509851937266546,54.64815902709961,1469800
2017-06-22,54.664446279005126,55.347850550752646,54.477320133860964,54.75394058227539,1324800
2017-06-23,54.762054271709765,55.11189383348347,54.47730258355006,54.501708984375,1249700
2017-06-26,54.6400407177136,55.07123716354492,54.36342026500916,54.98174285888672,843000
2017-06-27,54.99799175081902,55.32342490343995,54.74578400592033,54.77832794189453,914000
2017-06-28,55.11189242316818,55.54308871236444,54.74578400592033,54.77832794189453,1487800
2017-06-29,54.77833260744988,55.0305403738295,54.63188798665361,54.95732116699219,1188600
2017-06-30,55.128190068953494,56.09634618036799,55.03869576015802,55.87668228149414,1115600
2017-07-03,56.242781336022894,57.34111926599542,56.039386342638736,57.01568603515625,1533100
2017-07-05,56.88551056347974,56.99127993316229,55.91735461064901,55.9417610168457,1666000
2017-07-06,55.71394614172289,55.71394614172289,55.030535897885336,55.063079833984375,1375400
2017-07-07,55.185133414139756,55.461747637349504,54.89224411478658,55.299034118652344,1147900
2017-07-10,55.34783557490567,56.15327787928066,55.22579735736484,55.510555267333984,1158600
2017-07-11,55.70582892648908,55.827867179597746,55.13631914768978,55.81159210205078,945600
2017-07-12,56.10446921164994,56.2997266498385,55.79531108392455,56.03125,1158600
2017-07-13,55.974304960815516,56.0068426976627,55.51869595236077,55.9417610168457,945100
2017-07-14,56.19395393152173,56.66583168334584,55.91733979176891,56.51124954223633,964400
2017-07-17,55.39665704129096,56.177699272833024,55.201399586966716,56.047523498535156,2382800
2017-07-18,56.03940128949102,56.58450473456396,55.77905587680477,56.5438232421875,1527200
2017-07-19,56.56822333504258,56.99128846284617,55.78718718424007,55.88481903076172,2404100
2017-07-20,51.75995605972159,53.15931147708046,51.589105013393784,52.89083480834961,8858400
2017-07-21,52.736255152572525,53.55797268746394,52.736255152572525,53.33830261230469,3162500
2017-07-24,53.4522047920491,53.49288627586852,52.98846442927326,53.387123107910156,1798800
2017-07-25,53.77763893351105,54.160022542115485,53.4115304015536,53.63933181762695,2578800
2017-07-26,54.745788643878505,54.89223326460837,53.403380655041644,53.623050689697266,1711900
2017-07-27,53.64746385591443,53.64746385591443,52.8989655849669,53.25694274902344,1981400
2017-07-28,53.28134753182887,53.57423680129736,52.858288702108965,53.086090087890625,1401500
2017-07-31,53.313898466418706,53.598650235994334,53.13490986636459,53.37898635864258,1323900
2017-08-01,53.41152545711914,53.50101974902369,52.56540155637225,52.86642837524414,1542700
2017-08-02,52.90710845070409,53.5661062898824,52.858295635097704,53.37898635864258,1053200
2017-08-03,53.21626531505859,53.47661064004087,52.825744224024106,53.45219802856445,1106900
2017-08-04,53.517293177785085,54.84343259422656,53.41966754711318,54.68885040283203,2295500
2017-08-07,54.60749806069866,54.82716195460985,53.75323648044996,54.1356201171875,2561600
2017-08-08,54.00543831353606,54.50172261146685,53.71254901616304,54.30646514892578,1668200
2017-08-09,54.2251128413698,54.24951925030056,53.663740607468995,53.80204772949219,1885500
2017-08-10,53.69626850944644,53.940344940065245,53.330160070639714,53.785762786865234,1890700
2017-08-11,54.176288269213,54.24137615777949,53.34643941491968,53.3952522277832,1289200
2017-08-14,53.582375083708634,54.73765710316625,53.52542473647121,54.623756408691406,1786100
2017-08-15,54.672567329984226,55.5186911790851,54.50171629417377,55.33970260620117,1741500
2017-08-16,55.55123733910916,56.06379667413548,54.884102036245196,55.331573486328125,1573700
2017-08-17,55.160717408107104,55.754627234411515,54.37154394479799,54.42035675048828,1480000
2017-08-18,54.43662566643654,54.713239810222525,54.16000531552948,54.33085632324219,2777600
2017-08-21,54.477310882931306,54.477310882931306,53.81017559455573,54.39595413208008,1518100
2017-08-22,54.38781443899425,54.66443482947018,54.12746912231677,54.591209411621094,1078200
2017-08-23,54.5017159135532,54.64816054424259,54.04611315457376,54.583072662353516,939300
2017-08-24,54.745800631560485,55.111909159991086,54.314604211415066,54.40409851074219,1070600
2017-08-25,54.558675910446624,56.43805003796256,54.404099922516465,56.193973541259766,2003900
2017-08-28,56.54380399769518,57.861805692349314,56.46244724775602,57.80485534667969,3135900
2017-08-29,57.511953525605215,58.74045445787,57.41432172271921,58.227901458740234,2945800
2017-08-30,59.19401745451168,61.027965823104715,59.16126759570148,59.816246032714844,4058900
2017-08-31,59.767123389771555,59.81624505398467,57.78580381214997,57.82673645019531,2689800
2017-09-01,57.87588396209738,58.13787667062649,57.409209254829946,57.45014190673828,1397800
2017-09-05,58.07235999955564,59.103958721402044,58.07235999955564,58.776466369628906,1948200
2017-09-06,59.022080341833856,59.9226858615498,58.83377645781834,59.57881546020508,2167500
2017-09-07,59.57881817530738,60.266552762941004,59.50513567291661,59.988182067871094,1369200
2017-09-08,59.97181475872996,60.57767161617491,59.668883206808616,60.372989654541016,804800
2017-09-11,60.32383914570864,60.56127085727109,59.08755893943339,59.62792205810547,2013300
2017-09-12,59.51331662274727,59.9963629521438,59.063013903482336,59.59518814086914,1245700
2017-09-13,59.69344147239577,59.69344147239577,59.0712066519421,59.17763900756836,1324600
2017-09-14,58.8419660012613,58.850148781405515,57.49106395621562,57.94136047363281,3375500
2017-09-15,57.843129316120226,58.58816848187594,57.499265085771434,58.49810791015625,2340100
2017-09-18,58.62089813859516,59.194011237990324,58.38346637195382,59.153072357177734,1155600
2017-09-19,59.2513399422112,59.66070388924387,59.071218806093135,59.43964385986328,1041200
2017-09-20,59.72618132058484,59.979991147078,59.23494596545719,59.59518814086914,1852800
2017-09-21,59.66068801212711,60.09461268108044,59.374128328346046,59.767120361328125,1051300
2017-09-22,59.898117491355684,60.42210268431177,59.60337503951836,59.87355041503906,1098000
2017-09-25,60.00455897850771,60.53673327798241,59.701627455078196,60.520355224609375,1043700
2017-09-26,60.58586211751407,61.494650548988616,60.16830915663168,61.31452941894531,1945300
2017-09-27,61.54375847273447,62.00225022306775,61.34726557767536,61.96131134033203,2092800
2017-09-28,61.969501341584916,62.23149395458645,61.609259156309086,61.797569274902344,974100
2017-09-29,61.70750806724407,62.354303690058934,61.60925849602274,62.30517578125,1348600
2017-10-02,62.452552873673476,63.353152165301324,61.91219579725562,63.28765869140625,1999100
2017-10-03,63.017465431240886,63.10752596846718,62.26423752570823,62.32973098754883,2354800
2017-10-04,62.25606922943779,62.346129796650764,60.831484456138696,61.420963287353516,1979400
2017-10-05,61.23265668314977,62.34612705944498,61.08528542021664,62.26425552368164,1869100
2017-10-06,62.165997667606824,62.689982922502736,61.953126705806305,62.649044036865234,1283800
2017-10-09,62.673600353308025,62.820971571339626,61.72387333790528,61.77299499511719,819500
2017-10-10,63.647889278032984,64.56486654539111,62.92741115493513,63.11571502685547,2527000
2017-10-11,63.03386435483061,63.394106658726656,62.5753786927074,62.79643249511719,857900
2017-10-12,62.98471400620373,63.24670658621962,62.55897840607635,63.189395904541016,1062300
2017-10-13,64.33561828668604,64.63036073146668,63.16483753280631,63.25489807128906,1655200
2017-10-16,63.96721542818778,64.43389013130543,62.60813021677799,63.31223678588867,1553200
2017-10-17,63.091166593216215,63.28766577608976,62.18237817321902,62.239688873291016,1586800
2017-10-18,62.18238416684856,63.590597214521175,62.16601235656329,63.32041549682617,1601000
2017-10-19,63.254902127085316,63.90169774202559,62.83734926247396,63.84438705444336,712600
2017-10-20,64.17190066058018,64.43389337998896,63.54967185598379,64.10640716552734,1471000
2017-10-23,64.41748860415858,64.45023845812584,63.68882153097588,64.21280670166016,1052500
2017-10-24,64.45844219030282,65.2116702642214,63.10754007630703,64.54031372070312,1218300
2017-10-25,64.21282277547867,64.60581487506404,63.81164789515014,64.35200500488281,1220900
2017-10-26,65.19528647965464,66.17776349729091,64.81048969595702,65.16253662109375,2095400
2017-10-27,65.56372394401701,65.56372394401701,64.27013251652357,65.3508529663086,1649000
2017-10-30,65.22803632571899,65.52277880631372,63.87713433072594,64.1473159790039,1665800
2017-10-31,64.10638909756076,64.94967773028242,64.10638909756076,64.29469299316406,2280600
2017-11-01,66.23511000445485,66.26785988072507,63.72161477991796,64.94970703125,3029700
2017-11-02,65.62103431913097,66.6035051790726,64.35200373250876,65.12979888916016,4220600
2017-11-03,65.08887845790963,65.61286389798465,64.67132541315014,65.03975677490234,2348600
2017-11-06,65.04790507154131,65.21984336370912,64.12274513579808,64.74497985839844,2183200
2017-11-07,65.0806834189726,66.15322128798587,64.76138001611176,65.90760040283203,2410800
2017-11-08,65.71109752708693,66.25964367523937,65.49822654183464,66.01402282714844,1567400
2017-11-09,65.67014390537871,66.39062198701333,65.61283321986683,66.05494689941406,2254700
2017-11-10,65.75203167401135,65.89122015585697,65.53097790279405,65.7684097290039,1115800
2017-11-13,65.77658306796395,65.90758250350852,65.32628656267254,65.79296112060547,1185800
2017-11-14,65.58011029536928,65.99766331636808,65.49823874621627,65.8011703491211,1016500
2017-11-15,65.58008579166636,65.65377453084977,65.1052222390512,65.457275390625,1103400
2017-11-16,65.55554004554018,65.93215411470457,65.45729045281986,65.82572174072266,924800
2017-11-17,64.47481957027173,64.93330517725745,63.46778154475908,64.22101593017578,2570500
2017-11-20,64.36017792131486,64.6303595317478,64.04906367821981,64.21280670166016,1345500
2017-11-21,64.335636259621,64.679500459129,64.106393459949,64.507568359375,1314600
2017-11-22,64.44205191193487,65.30990121306512,64.43386288652906,64.8759765625,896800
2017-11-24,65.04792148635423,65.43272455340411,63.77889713882937,65.22804260253906,325500
2017-11-27,65.0888626859593,65.53097646509202,64.97424128911722,65.12161254882812,1068000
2017-11-28,65.66196789343824,66.832748912129,65.2689820424413,66.7508773803711,1405500
2017-11-29,66.64442086942024,69.23159656477932,66.43154996685173,69.17428588867188,2180700
2017-11-30,69.05970271965185,71.36851533514726,69.05970271965185,70.94277954101562,3268500
2017-12-01,70.90182094527617,71.25387412288792,69.23161560821555,70.85269927978516,2029000
2017-12-04,71.679640426815,72.95685413519836,70.88547325045903,71.03284454345703,2544300
2017-12-05,71.17196330589717,71.53220531100855,70.17311501637445,70.34504699707031,1632300
2017-12-06,70.18133859903126,71.49949067988354,69.96846765060137,71.35211944580078,1479800
2017-12-07,71.10652172608995,71.8433781357362,70.76265748372124,71.57319641113281,1708900
2017-12-08,71.5650006506651,72.38372845815158,71.31119078279401,72.35916137695312,1251400
2017-12-11,72.27729454373338,72.39191594452043,71.72874837619561,72.02349090576172,963200
2017-12-12,72.20360256935237,72.40828450769715,71.57317870126809,72.04804229736328,912900
2017-12-13,72.12174153235144,72.49017285470273,71.70419477864452,71.85974884033203,1523500
2017-12-14,72.08897374154868,72.08897374154868,70.0994652563667,70.2386474609375,2319500
2017-12-15,70.46088841051497,71.40750208611419,70.12340377003792,70.96300506591797,3197500
2017-12-18,71.51451789439565,72.2635795338437,71.08648715761827,71.74500274658203,1819600
2017-12-19,71.43221881969049,71.86848281265492,71.13588737539932,71.30874633789062,1093900
2017-12-20,71.87672218553163,72.15659358708848,71.38283849580573,71.40753173828125,1250500
2017-12-21,71.59685544568664,71.82733407701092,71.08650541913168,71.72032165527344,946700
2017-12-22,71.79439611422302,73.45713902997623,71.52275793667694,73.01264190673828,1351600
2017-12-26,72.93031684393604,73.8522373471081,72.81507756604823,73.08671569824219,741000
2017-12-27,73.23488630048733,73.9180951224778,72.61753029316175,73.67115020751953,674500
2017-12-28,73.6793813187546,73.71230772516617,72.74100071626931,73.63822174072266,756000
2017-12-29,73.83576533102791,73.9921641733165,73.30072855911907,73.33364868164062,637700
2018-01-02,73.86870574951172,74.14857708460113,73.11141718644448,73.86870574951172,988800
2018-01-03,73.4077462804264,73.753464142264,72.80685032812474,73.66291809082031,1214300
2018-01-04,74.3626004883524,74.58485221136625,73.40775960894594,73.85225677490234,1610700
2018-01-05,74.14857122444025,74.63422158626295,73.44890236211896,73.72876739501953,902500
2018-01-08,73.58060363588966,75.07872061851276,73.58060363588966,74.72476959228516,1083100
2018-01-09,74.8317837731939,76.0664958085931,74.8317837731939,75.28450775146484,1932600
2018-01-10,75.21866601771472,76.0582738423255,74.9799542354262,75.26805877685547,1043100
2018-01-11,75.473823867643,77.38351133277362,75.46559069665317,77.3094253540039,1060300
2018-01-12,77.39998856586772,77.79509922013285,76.73324600937052,77.60577392578125,983300
2018-01-16,77.78684803841598,78.16549225938618,76.3710440851808,76.5274429321289,1601300
2018-01-17,76.77440344088248,77.07073487749511,76.29698615306981,76.53569793701172,1104300
2018-01-18,76.65916996697288,77.82803573589167,76.00888739161017,77.11190032958984,1378400
2018-01-19,77.40821852519036,78.42891210956901,77.03780112468088,78.33013916015625,1622300
2018-01-22,78.09141866754902,78.74992795026478,77.44936316780164,78.55237579345703,972500
2018-01-23,78.38774989551501,78.73346773929647,77.6469214587906,78.1161117553711,1021500
2018-01-24,78.29722600047447,79.44961913911176,77.63871025262036,79.16975402832031,1765600
2018-01-25,79.55661919667035,81.21113520300237,79.28498102188571,79.45783996582031,2246800
2018-01-26,80.12457749626168,82.46230223971179,79.49899458018749,79.62246704101562,2835700
2018-01-29,79.260280964142,80.36328735340672,79.0791888632012,79.27674102783203,2123200
2018-01-30,78.81578375693631,79.70477791645068,78.05026205514395,78.14080810546875,3124700
2018-01-31,75.67961836602346,78.93102421387992,74.3378939349781,75.28450775146484,7558700
2018-02-01,75.11165132838802,76.28874375931242,74.23089029826069,75.7125473022461,2107300
2018-02-02,75.04577966456172,75.9430068139009,74.5436630437534,75.5561294555664,2045700
2018-02-05,75.10341017296341,75.8277785335015,74.3214284529131,74.35435485839844,2989200
2018-02-06,73.243112508591,75.21864652014865,72.46935771002026,74.7165298461914,2467000
2018-02-07,74.46961570184239,77.08720603524442,74.46961570184239,76.19821166992188,2069300
2018-02-08,76.28050527026936,76.66738269879285,74.46959686279297,74.46959686279297,1641300
2018-02-09,74.77415490148394,75.11987903061939,71.7450008562584,73.54767608642578,2591400
2018-02-12,74.00040388689156,75.17749619329074,73.55590683271953,75.05402374267578,1357100
2018-02-13,74.71654105691016,76.75793446323853,74.4119827624673,76.32167053222656,1181400
2018-02-14,74.67536100236765,76.73321373598638,74.11562480762062,76.08293151855469,1482300
2018-02-15,76.17351683016747,76.51100158691406,75.26806241637178,76.51100158691406,1382500
2018-02-16,76.45336158129899,76.97194461885259,76.0006376349441,76.23934936523438,875700
2018-02-20,76.14058365503367,76.51922796608804,73.78639862015885,74.05803680419922,1204400
2018-02-21,74.09095584220577,75.37505435886601,74.09095584220577,74.23088836669922,1219900
2018-02-22,74.58483632433253,74.9634805820704,73.96748032757229,74.15679931640625,982000
2018-02-23,74.34610464337976,76.28048499168706,74.20617216219846,76.24755859375,1003400
2018-02-26,76.5521492874945,77.92679390189176,76.0747257739685,77.89386749267578,854100
2018-02-27,78.04202457612777,78.74992659592334,76.93078507809928,76.93901824951172,1147400
2018-02-28,77.14482694331441,77.94327525030629,76.543930849576,76.84849548339844,1573000
2018-03-01,76.6913033256706,77.08837034549003,74.06902640282331,74.20137786865234,1863300
2018-03-02,73.241788018186,74.40816061211798,72.91917391915177,74.044189453125,1418600
2018-03-05,73.79604929142081,74.42473616152988,72.58831287724203,74.26756286621094,1303700
2018-03-06,74.59016825906399,75.14440223011565,74.15174418312264,74.44126892089844,941200
2018-03-07,73.71330527779516,74.63979056345657,72.75373055573533,74.45780181884766,1183500
2018-03-08,74.55707640551674,74.76388068455128,73.82085367704698,74.11865234375,1045700
2018-03-09,74.45783357032607,75.93027940655301,73.83742057341018,75.888916015625,1630600
2018-03-12,76.13706577959532,76.52585884240727,75.02859153809955,75.30157470703125,783600
2018-03-13,75.61593619266894,76.32733726223421,75.24368462209941,75.86409759521484,937000
2018-03-14,75.9054331565168,75.94679021952878,74.11036748257973,74.23445129394531,946800
2018-03-15,74.43302143800065,75.05343446307083,74.20139527392695,74.68118286132812,752500
2018-03-16,74.95415387228486,76.4762305493149,74.51572974925266,76.21979522705078,1817300
2018-03-19,76.20324586929544,77.80804284321185,75.98816764390483,76.6251220703125,1255700
2018-03-20,76.82366430762961,77.45234484108587,76.14534645014626,76.98910522460938,716200
2018-03-21,77.013927646839,78.1141281459344,76.96429662952153,77.44408416748047,904600
2018-03-22,76.83193060116751,77.7170527450851,75.45047940376492,76.64994812011719,1229000
2018-03-23,76.583779742642,77.19591878226277,75.1030600068179,75.16096496582031,1517600
2018-03-26,76.05434063061688,76.9725520976404,75.84753635986681,76.73265838623047,927000
2018-03-27,76.87329533936976,77.51852375138233,75.48357017843252,75.74000549316406,943400
2018-03-28,75.90546202704378,76.26943335134332,74.99552424954413,75.8475570678711,847200
2018-03-29,76.00472263786774,77.86596154782909,76.00472263786774,77.5185317993164,1333200
2018-04-02,77.36962140013415,77.50197917754896,75.79790750474739,76.29424285888672,1614100
2018-04-03,76.60031406652693,77.49371018763307,76.26942591302468,77.45234680175781,1298500
2018-04-04,76.58376781264639,78.23820216775476,76.45968397378002,78.05621337890625,1114900
2018-04-05,78.55257137086011,78.56911925476237,76.30253880895957,77.1711196899414,1688400
2018-04-06,76.73267294976289,77.01392378200374,74.25102122975524,74.84661865234375,1507300
2018-04-09,74.9707047021562,76.50932944816145,74.8218053296019,75.748291015625,1083200
2018-04-10,76.82367488183807,78.07276849264659,76.68304314076528,77.85769653320312,1655500
2018-04-11,77.46887207688665,77.99001650655696,77.03871570949376,77.71703338623047,728800
2018-04-12,77.95694812564126,79.66928749838591,77.8825016060798,78.92479705810547,1218700
2018-04-13,78.94134076632974,79.40458039705271,77.65915153122158,77.98176574707031,1290300
2018-04-16,80.28145415155166,81.61327471950132,79.43768883821839,80.75296783447266,2290900
2018-04-17,81.34854539945961,81.48090319543168,78.7676314896751,79.43767547607422,1794300
2018-04-18,79.89266210161819,79.89266210161819,78.53602600097656,78.53602600097656,1834700
2018-04-19,78.16375482646563,78.85034664670899,77.8245990416687,77.9983139038086,2094800
2018-04-20,78.27131503688197,78.27958266709214,77.071845983757,77.49372863769531,1151500
2018-04-23,77.35309086512001,78.05622430220532,76.9477498473548,77.5185317993164,1048000
2018-04-24,77.95693741496885,78.21337900650255,75.6903643374545,76.40177154541016,1267400
2018-04-25,76.55896550604002,77.03047912608923,76.23635125606778,76.59204864501953,1180000
2018-04-26,76.98909569270394,77.20417390708228,74.6894331511042,75.54146575927734,1882400
2018-04-27,75.50839877446718,76.23635408234955,75.0782485289465,76.10399627685547,972800
2018-04-30,76.17843045190226,76.7161229049578,75.946810641027,76.12879943847656,1456000
2018-05-01,76.13707510467329,76.26115895221844,74.55708715567611,74.98724365234375,1660100
2018-05-02,69.89984772501859,71.67836582285874,68.23713952088282,68.57630157470703,4962300
2018-05-03,68.14615146286896,69.34562020363036,66.86396857453754,68.32814025878906,2740400
2018-05-04,67.54226557481144,68.54319733208553,66.90530498580505,68.27848815917969,1449900
2018-05-07,68.57630835947684,68.84929155500228,67.82353766475515,68.18751525878906,1203600
2018-05-08,68.31159518365506,69.89157669123765,68.13788033587892,69.42833709716797,1712600
2018-05-09,69.54414905816182,69.94948371499385,68.86583121337166,69.06436157226562,1376600
2018-05-10,69.32908070225668,70.09012542362247,69.13882425529064,69.9660415649414,1506100
2018-05-11,70.14801079711623,71.8107125812378,69.98256359467958,71.50464630126953,1383100
2018-05-14,71.67009667638915,71.93480592415037,70.54508079561236,70.87596893310547,1045300
2018-05-15,70.60297432254015,70.9007729669825,70.098371414522,70.46234893798828,1454900
2018-05-16,70.49545557764876,71.21513055133983,70.38791329520438,70.92560577392578,1025000
2018-05-17,71.02487782987214,72.77030683646251,70.95869893124141,72.43114471435547,1729300
2018-05-18,72.37323380478311,73.82086395966758,72.19124500409669,73.20872497558594,1752600
2018-05-21,73.43207332966696,74.63154214232787,73.20872744657387,74.37510681152344,947800
2018-05-22,74.25927969471036,74.64807275932216,72.93573353626184,73.08463287353516,1229000
2018-05-23,72.7868290100458,72.7868290100458,71.83552810701548,72.33186340332031,1615400
2018-05-24,72.37323007647501,73.0019169070504,72.31532512570928,72.79511260986328,929000
2018-05-25,72.63796881146096,73.11775649038246,72.5304328052898,72.98540496826172,670800
2018-05-29,72.7206639389991,73.01018868425504,71.81899394815498,72.7372055053711,963200
2018-05-30,73.08463887612808,74.49091191280206,72.98537685057053,73.97803497314453,942000
2018-05-31,73.96138411019956,74.12768670601633,72.29008584285968,72.33997344970703,1295300
2018-06-01,72.85550860334108,73.39597464343468,72.34829674163812,72.77235412597656,1113900
2018-06-04,72.62268552900538,73.67036978297922,72.41481202152305,73.13821411132812,3034100
2018-06-05,73.39600259777053,73.67039725247183,72.76407146692911,73.03845977783203,1822600
2018-06-06,72.93867455705035,73.27127351638003,72.51461072531005,73.00519561767578,1487500
2018-06-07,73.34609959229428,73.59555037951341,73.00519028314497,73.16316986083984,962500
2018-06-08,73.09664414791882,73.66205400543424,73.02180638549726,73.43755340576172,1212000
2018-06-11,73.56227971073194,74.15263972571653,73.17979320850796,73.73689270019531,1023100
2018-06-12,73.91150433782953,75.75742211238959,73.74520806818103,75.52460479736328,1544000
2018-06-13,75.72417324686286,76.28958953202375,75.2252780173202,75.4913558959961,1311800
2018-06-14,75.60777902172832,75.64935627538529,75.05067934799504,75.19203186035156,551400
2018-06-15,74.95087136744233,75.30009733758136,72.70584002363886,74.90929412841797,1414100
2018-06-18,74.45198137419153,75.65764526384245,73.78678356651046,75.35830688476562,1385400
2018-06-19,75.10053020366675,75.23357227518517,73.78676829450046,74.81782531738281,1529900
2018-06-20,74.82617308081105,75.56620252799989,74.45200316932844,75.05899047851562,867800
2018-06-21,75.15042183630206,75.15042183630206,74.49354084651314,74.65984344482422,1433500
2018-06-22,74.83447976587462,75.09224094394189,73.47914647165976,73.67870330810547,1235900
2018-06-25,73.3544054123342,73.3544054123342,70.74351462752769,71.16757202148438,1645100
2018-06-26,71.50849982321806,72.04897231157159,70.33608997876823,70.58554077148438,1021700
2018-06-27,70.6354203343342,72.19863328193408,69.59605272291789,69.61268615722656,923500
2018-06-28,69.40483191426608,69.80394563539002,68.373780733598,69.45471954345703,1157600
2018-06-29,69.50458687093585,70.4358625212042,69.50458687093585,69.56279754638672,1494600
2018-07-02,69.56279262673752,71.25072446913971,69.56279262673752,71.19252014160156,1605100
2018-07-03,71.30064633513913,72.05730930045391,70.50241245520861,70.66870880126953,1009700
2018-07-05,70.97634184588574,71.08443380267634,69.63763574378504,70.17810821533203,1633700
2018-07-06,70.0284323939505,70.49406704847861,69.5960519200632,70.22798919677734,1346500
2018-07-09,70.46912327807695,71.550068119566,70.30282699960003,71.39208221435547,1350400
2018-07-10,71.40041154909316,71.78289813221909,71.0262353407022,71.40872192382812,722000
2018-07-11,71.94088175280505,72.26517035576794,71.0012955075061,71.3754653930664,947500
2018-07-12,71.54175472728733,71.63321958783922,70.96802175542486,71.36714172363281,858700
2018-07-13,72.09054928303797,72.35662719056148,71.34220952948905,72.12380981445312,1007700
2018-07-16,72.50627728419322,73.8366728146743,71.71636048879161,72.58943176269531,1692700
2018-07-17,72.42311725897834,73.22966735517848,72.42311725897834,72.92201232910156,1266100
2018-07-18,72.99689168581413,74.16929545166612,72.63103213208511,73.86995697021484,786700
2018-07-19,73.54565039782698,74.97582126075747,73.31283306549811,74.4935531616211,1552000
2018-07-20,74.41871531368662,75.30841366759562,74.1027498676297,75.10054016113281,894000
2018-07-23,75.100549624394,75.79069127532486,74.06949867868079,74.5351333618164,1231900
2018-07-24,74.83445240442505,75.1836783264682,73.9447541684798,74.81782531738281,1236700
2018-07-25,74.99246007291859,76.397680884899,74.71806547851288,76.28958892822266,1052000
2018-07-26,76.23970592477752,76.73028446223826,74.81785159103872,76.37274169921875,1454500
2018-07-27,76.33118159228192,76.90490836289766,75.48305382803531,76.04015350341797,1016900
2018-07-30,75.91543016478171,76.91322076146534,74.83448506520952,75.22528839111328,1515500
2018-07-31,75.57450754381095,77.0213056796314,75.46641558127288,76.68871307373047,1991400
2018-08-01,77.99417372152422,79.74031061360044,76.81344690576732,79.30792999267578,2109700
2018-08-02,79.38274783207576,79.86501596351025,78.7009228801086,79.3494873046875,1306500
2018-08-03,79.34948059235074,80.0396222037337,78.11055618497639,79.64881896972656,1021900
2018-08-06,79.73198354736313,80.14773067456548,79.54074342137676,80.00637817382812,783700
2018-08-07,79.82344541778896,80.14772765729492,79.083416066732,80.08952331542969,1022500
2018-08-08,79.93152518900247,80.45537052967141,78.96699533612356,79.88163757324219,790400
2018-08-09,78.64272800481223,79.97311754142042,78.6094674734223,78.7840805053711,1055100
2018-08-10,78.49305872083283,79.18320047306061,78.16045975100519,78.90880584716797,925300
2018-08-13,79.11668010829246,79.11668010829246,77.9609035943885,78.1105728149414,773100
2018-08-14,78.28518251985354,78.62609185318662,77.9609002797426,78.13551330566406,920100
2018-08-15,77.55345451037948,78.75080808445337,77.43704583998861,78.6343994140625,873000
2018-08-16,78.94207072131543,80.16436835498976,78.93375400206786,80.15605163574219,708600
2018-08-17,80.18096419720476,81.0623457799669,76.97139694883491,80.77132415771484,1009000
2018-08-20,80.66324705592305,81.41159303916228,80.58009891196241,80.96258544921875,800300
2018-08-21,80.66326300536903,81.3284546323784,80.58011484496761,80.82955932617188,790400
2018-08-22,80.83789227915084,82.15165504623523,80.83789227915084,80.87946319580078,681300
2018-08-23,80.87113723988094,81.2951947645368,80.04795331691778,80.15605163574219,569100
2018-08-24,80.34727346895798,80.5218864705925,80.06456851692016,80.23918151855469,484200
2018-08-27,80.4304411532326,81.05406183731685,80.25582177914706,80.49695587158203,820000
2018-08-28,80.61336239221683,80.87112991516074,79.8816497596542,80.08952331542969,560500
2018-08-29,80.04793385497412,80.2558073790373,79.52409485810168,79.88163757324219,592900
2018-08-30,78.94203416127515,79.93150760435354,78.80067537472527,79.47418975830078,689900
2018-08-31,79.57401979545182,80.13112592251885,79.21647691261752,79.8899917602539,939500
2018-09-04,79.7070219406326,80.87111490568208,79.51577551354312,79.89826202392578,826500
2018-09-05,79.38272882970044,80.67154065255039,79.38272882970044,80.29737091064453,1158000
2018-09-06,80.51460759125537,81.8764275092114,80.51460759125537,81.20804595947266,1258000
2018-09-07,80.99081880104481,81.64248723727425,80.08850571665411,80.57308197021484,638200
2018-09-10,81.07439660984177,83.7228476236177,80.30576207021178,83.69778442382812,1609100
2018-09-11,83.54737895169092,84.54994494944754,83.10457886311241,83.26332092285156,1238500
2018-09-12,83.08788346759789,83.41371780479156,81.95163836255719,82.80382537841797,592100
2018-09-13,83.24659008527631,83.48887819735118,82.11034546444962,82.3192138671875,844000
2018-09-14,82.41950337316334,83.99854856992941,82.41950337316334,83.6225814819336,988300
2018-09-17,83.72285773834925,83.73121426400891,80.17209285820948,80.79869842529297,1187800
2018-09-18,80.9072784770652,81.46705075874094,80.18877688443982,81.19969940185547,700200
2018-09-19,81.1579199735973,81.9098476272141,80.81537904893564,80.92398834228516,546400
2018-09-20,81.19971627947834,82.28582860388288,80.3057593965033,80.50627136230469,697100
2018-09-21,80.89893254660647,81.64250374590598,80.2806773225691,81.51718139648438,1313300
2018-09-24,81.26654935197182,81.93493107019036,80.29740287213146,80.50627136230469,720700
2018-09-25,80.48955090756141,80.72348894932513,79.78775590474989,80.3642349243164,765000
2018-09-26,80.6900645117309,81.77617667270333,80.4644830067582,81.23312377929688,880300
2018-09-27,81.33339393423078,81.85974664216533,80.94072012804496,81.36681365966797,745500
2018-09-28,81.18299541984624,81.90985999041278,81.11615597962313,81.80960083007812,937500
2018-10-01,82.42785439151247,82.6701362025464,81.40857525868383,81.74275970458984,847900
2018-10-02,81.82631201026851,81.96834103688218,80.89893551435149,81.0827407836914,867100
2018-10-03,81.33337865055067,82.37772097111285,80.89057852649785,81.81795501708984,954800
2018-10-04,81.72607344385769,82.39445525092417,81.22479027563848,81.49214172363281,824600
2018-10-05,81.28325886775865,81.99341042864899,80.51462438712815,81.27490234375,934300
2018-10-08,81.39186938484464,81.97670496504035,80.7234940599699,81.67593383789062,663300
2018-10-09,81.65922982383628,82.0101337604394,80.33082917709352,80.41437530517578,961600
2018-10-10,80.19712256174968,80.19712256174968,77.31474070683487,77.3230972290039,1900900
2018-10-11,77.28131057941026,77.84943290133873,75.82758825165368,76.12000274658203,1401500
2018-10-12,77.58209650798743,77.77425190980821,75.18428444035867,76.59623718261719,1136200
2018-10-15,76.94714368210225,77.96642284363406,76.06154340202505,77.70742797851562,1105800
2018-10-16,78.53453742785078,79.06088362868054,78.11680052663881,78.70162963867188,1127100
2018-10-17,78.56799075091195,78.80192249578532,76.7215936226905,78.26721954345703,979200
2018-10-18,78.51784825502983,78.79354982691193,77.38995327106585,77.98313903808594,1210500
2018-10-19,77.88288235481993,78.43429184524548,75.55190927792194,75.91116333007812,1920800
2018-10-22,75.78582952619507,76.84688484822891,75.18428735530335,76.56282043457031,1004400
2018-10-23,75.19262192682773,75.64377842328759,73.17077740037082,73.85586547851562,1393000
2018-10-24,73.47992376554018,74.22349499432862,71.9259418690664,72.0930404663086,1129800
2018-10-25,72.56924970981079,73.61359188687558,72.31860503765172,73.02876281738281,1029000
2018-10-26,72.38546697657871,73.04549220263156,70.82312829915026,72.00950622558594,1323800
2018-10-29,72.84496669265583,73.87259595399121,71.75049161966403,72.7363510131836,1051800
2018-10-30,73.02040593431872,74.24855334834254,72.4689902079575,73.76397705078125,1628900
2018-10-31,74.19842740700722,77.47348960336937,72.9619297313932,74.38223266601562,3673100
2018-11-01,74.39060556101023,76.2119391319641,73.61361448775558,75.94458770751953,1509900
2018-11-02,76.41242315317626,77.15599422958829,73.68042698325856,74.10651397705078,1506000
2018-11-05,74.34046024627658,74.73312757120941,73.10395623897588,73.63030242919922,1226100
2018-11-06,73.75564330795483,74.68301995295657,73.61361425850862,74.21515655517578,1264300
2018-11-07,74.77490843593387,76.0030559965907,73.63030698417242,75.91950988769531,671800
2018-11-08,75.84430927813014,76.40407518498823,75.07567492475852,76.33724212646484,889900
2018-11-09,76.14509541473939,76.50434946877986,74.84175809038811,74.8668212890625,1177400
2018-11-12,74.73314605683095,75.51849364927456,73.50500464252283,73.64703369140625,1221300
2018-11-13,73.98121391390586,74.41565752270758,73.23764267777229,73.6804428100586,1076100
2018-11-14,74.08146052498422,75.75240812969342,73.74726972921053,75.19264221191406,1249300
2018-11-15,74.87516945208597,76.69650271757575,74.1650115734257,76.24534606933594,1202600
2018-11-16,75.9779964114564,76.44585974282892,75.24277532025981,75.86103057861328,1017300
2018-11-19,75.79420665938417,76.20358715816583,75.08405499336995,75.66888427734375,870600
2018-11-20,75.04225710294936,75.58531635242657,73.36295296581991,73.55511474609375,753600
2018-11-21,73.95612851431773,74.63286654020894,73.67207051823773,74.55767059326172,775500
2018-11-23,74.29869457344894,75.184294872384,73.99792345793136,74.5493392944336,385300
2018-11-26,75.1926367508031,75.8192420570598,74.45742215282576,75.7774658203125,729700
2018-11-27,75.44328459236678,76.06988992494736,74.8083227372539,76.05317687988281,1083300
2018-11-28,76.15344908201833,77.289694123139,76.0866096386206,76.77169799804688,1695200
2018-11-29,76.77168230665848,77.07245336631338,76.0531743723894,76.65471649169922,852000
2018-11-30,76.86356679517013,77.69068382700628,76.41241031212569,77.13927459716797,2244900
2018-12-03,78.11679466844872,78.81858955025889,76.24533527612948,76.42078399658203,1605500
2018-12-04,75.98636210791122,76.94715853784197,73.85590711023288,74.24858093261719,2165800
2018-12-06,73.53006831511645,75.34304536014871,72.89510629216183,75.23443603515625,1221900
2018-12-07,75.21772433046519,75.86939304039238,72.98701024674182,73.2627182006836,1271400
2018-12-10,73.17081066696714,73.61361084420925,71.17402842013094,73.37132263183594,980000
2018-12-11,74.13995859817226,74.49086251128382,73.02878305816076,73.58019256591797,931700
2018-12-12,74.27361673933348,74.8250260930113,73.37130357059654,73.6219482421875,1053600
2018-12-13,73.83083125632112,73.88931417468632,70.02942244010299,70.87325286865234,2178800
2018-12-14,70.45304628912,71.85655882317154,70.15049184427666,71.14219665527344,1920500
2018-12-17,71.10017143113792,71.66325636647788,70.05804303541193,71.30187225341797,1272300
2018-12-18,71.78930885205574,72.4952712207872,71.13377648877447,71.41952514648438,1218700
2018-12-19,70.96569991087378,72.99953291509956,70.32697321769562,70.49505615234375,1535500
2018-12-20,70.1672822481606,70.72196741319813,68.7301521550437,69.41089630126953,1759400
2018-12-21,69.02430414843637,70.58749971812622,67.93175231079408,67.96537017822266,2206200
2018-12-24,67.86451539640042,68.31834698086948,66.32653165102518,66.4441909790039,715900
2018-12-26,66.70474287919961,69.16719607599182,66.25091119243764,69.09996032714844,1366700
2018-12-27,68.25111313496066,70.13366884664316,67.90654121119302,70.03282165527344,1253800
2018-12-28,70.4614356843368,71.25143955434332,69.49494922782569,69.93196868896484,848900
2018-12-31,70.21772171867238,70.76399447600431,69.86473728790239,70.67154693603516,702800
2019-01-02,69.47814868976927,70.4278359887549,69.09995883162968,69.73868560791016,937200
2019-01-03,69.03269599121171,69.51173928242511,67.08290496585789,67.16694641113281,1127400
2019-01-04,68.02418633680375,69.88993593094742,68.00737420045127,69.49493408203125,1724700
2019-01-07,69.20078755675613,70.29334571814664,68.56206736303596,69.83110809326172,1311600
2019-01-08,70.24291076647314,70.64631225390033,69.76386749268396,70.3941879272461,1085800
2019-01-09,70.79758850473245,71.51195037233117,70.200885937117,71.20099639892578,743600
2019-01-10,71.13378487389619,71.85655305500808,70.39421096362146,71.8061294555664,955400
2019-01-11,71.26824754114567,72.25154608037082,70.89005135624592,71.9657974243164,613200
2019-01-14,71.24303260961412,72.26835513164151,70.96569642227358,72.15069580078125,784800
2019-01-15,72.04982939956864,72.33557158062872,71.21780182352705,71.6296157836914,1037100
2019-01-16,71.75567933577018,72.23472263208109,71.2178063859457,71.453125,843300
2019-01-17,71.33546504930146,72.5961059663185,71.14217036605157,72.31036376953125,1085000
2019-01-18,73.51218819792886,74.57952821088108,73.01633268089104,74.52069854736328,3483300
2019-01-22,74.06686945030106,74.49548924856268,72.5709096032949,73.07516479492188,2219900
2019-01-23,73.14241273531123,73.26847815724217,71.99103103116111,73.10039520263672,1282600
2019-01-24,73.31049549112514,73.4533666308518,72.4700679699757,72.73059844970703,1014000
2019-01-25,73.37769376330631,73.71386591187498,72.8818448134291,73.15918731689453,1460900
2019-01-28,73.26006143243463,73.37772076593915,72.28516889597539,72.92388916015625,1163900
2019-01-29,72.78941345214844,73.31048071856563,72.45324122903902,72.78941345214844,1539000
2019-01-30,73.54581411735077,73.73070919778094,71.43633924546144,72.8902816772461,4158200
2019-01-31,72.78101802832259,73.52059830972557,72.01623236054324,72.92388916015625,1767500
2019-02-01,72.83984627245536,73.91559239317377,72.47006255092882,73.72229766845703,1279300
2019-02-04,73.67186633646975,74.47867584228516,73.04154580893096,74.47867584228516,1194800
2019-02-05,74.4955043485292,75.41157379622696,74.26859171048612,75.40316772460938,1279800
2019-02-06,75.31069416768483,76.6469705555324,75.31069416768483,76.30239868164062,1627800
2019-02-07,75.76451295048344,76.571322288663,75.57961794157654,75.94100189208984,1419500
2019-02-08,75.60482973152736,76.05025511919362,74.69716682159387,75.94100189208984,836800
2019-02-11,75.81494201899662,76.57973389994203,75.5964291370192,75.7140884399414,792800
2019-02-12,76.2351890940085,77.05881098776491,76.01667611616229,76.48731994628906,913400
2019-02-13,76.36965514232112,76.5461441615424,75.54603330733498,76.39486694335938,758800
2019-02-14,75.98303496137285,76.88229191223348,75.80653958657417,76.22675323486328,751500
2019-02-15,76.55453939217084,77.26050184017197,75.78134761594114,76.85709381103516,1201800
2019-02-19,76.58814775222619,77.6891120221452,76.4284709040634,77.27729797363281,1020400
2019-02-20,77.09241753134935,77.52103094049428,76.78986311786295,77.33613586425781,792000
2019-02-21,77.1932537386045,77.73112675001889,76.9579350976047,77.47059631347656,1035300
2019-02-22,77.5378345245687,77.82357676579903,76.81506644010665,77.2688980102539,711600
2019-02-25,77.64708638252137,77.92442896128065,76.44527495318331,76.50410461425781,993000
2019-02-26,76.48728576691882,76.96632904262182,76.3948382565243,76.57132720947266,1771900
2019-02-27,76.00826425159275,76.41166585612125,75.25187822816069,75.69730377197266,960400
2019-02-28,75.6465942532809,76.41564909649391,75.32544494595955,76.38184356689453,949300
2019-03-01,76.97342981685334,77.7424846516097,75.85787314332266,76.22972106933594,1424000
2019-03-04,76.39874231045897,77.01567543584201,74.81836780222322,74.99584197998047,1416400
2019-03-05,75.13109564513752,75.31702289453,74.33668156055062,75.07193756103516,903100
2019-03-06,75.20711057408114,75.47754829753362,73.96478506555943,74.36199188232422,893600
2019-03-07,74.10001292268709,74.5394718396221,73.41546879232399,73.92253875732422,960200
2019-03-08,73.47464207173869,74.0239642197935,72.80699734118053,73.89720153808594,563800
2019-03-11,73.80425160770376,75.13954131610642,73.66902945851247,75.1057357788086,777000
2019-03-12,75.2831707919292,75.80714022769449,74.55636823805128,75.00428009033203,592300
2019-03-13,75.21557681150583,75.90012100909617,74.66624827558064,75.28318786621094,735200
2019-03-14,75.55361830929922,75.93391917157604,75.00428982665373,75.5029067993164,750500
2019-03-15,75.50292879739106,76.17057358494337,74.95360660244282,75.21559143066406,1289100
2019-03-18,75.21557287448228,76.13674926757812,75.08035077215,76.13674926757812,732400
2019-03-19,76.17903096314419,76.23818903897657,74.41273523632934,74.63246154785156,961100
2019-03-20,74.28595145649933,74.902884633269,73.06052520170785,73.22109985351562,756100
2019-03-21,73.07742633035517,73.94789769443331,72.71402497520415,73.76197052001953,763500
2019-03-22,73.48307592753376,73.48307592753376,71.53085359345357,71.56465911865234,1094900
2019-03-25,71.47170529629487,71.70833755725552,70.10261035363537,70.50827026367188,1619100
2019-03-26,70.91390193043057,72.37595343810041,70.28006300626616,72.29144287109375,1645500
2019-03-27,72.34218710208953,73.02673789540323,71.87737550794066,72.52811431884766,1027300
2019-03-28,72.59571960572022,73.39858003477508,72.45205093066761,72.91686248779297,910300
2019-03-29,73.14504354707975,73.56760299807907,72.9760158980327,73.51689147949219,1273400
2019-04-01,74.04930430505505,74.76765392495939,73.69434954362795,74.62398529052734,695500
2019-04-02,74.86908702410612,75.15643082890912,74.34511738529739,74.78457641601562,1268600
2019-04-03,75.17332348695705,76.33959169413426,74.79302256150523,74.96204376220703,1178100
2019-04-04,75.18177218531356,76.3395873319727,75.14796665755581,75.40995788574219,659300
2019-04-05,75.48600822891758,75.99307820103567,75.23247001898628,75.60432434082031,476200
2019-04-08,75.51982264758408,76.0606982079096,75.25783786147977,75.73955535888672,624200
2019-04-09,75.35079982410238,75.57897907678587,74.7507597660835,75.40995788574219,673100
2019-04-10,75.30006864728617,75.30006864728617,74.1929653052077,74.64933013916016,760600
2019-04-11,75.17329005987713,75.950804001509,75.01272192493342,75.78177642822266,871300
2019-04-12,76.06070305554769,76.88046944234124,75.80716479959759,76.72834777832031,813200
2019-04-15,76.85513200098882,77.31994363119418,76.22973923288079,76.8044204711914,946200
2019-04-16,74.1338268586577,75.95928022934093,73.9478996792535,75.65503692626953,1869200
2019-04-17,76.14522326552066,76.17902880042895,75.49448444983872,75.61280059814453,872800
2019-04-18,75.86630368729931,76.81283896278396,75.46910331008334,76.05223083496094,760800
2019-04-22,75.71419889041708,76.25508091644511,75.46066708995397,76.1959228515625,641500
2019-04-23,76.55932024096302,77.2692234900502,76.24663036559647,76.67764282226562,932100
2019-04-24,76.61003395190414,77.72559070573517,76.61003395190414,77.26077270507812,910900
2019-04-25,77.142444443341,77.142444443341,74.26903918123581,74.86062622070312,1059900
2019-04-26,74.96204040162004,75.1648735706637,73.93944735340281,74.16763305664062,1893000
2019-04-29,73.89717971595293,73.89717971595293,68.42926080447852,68.54757690429688,3803300
2019-04-30,68.8433818944714,69.3927104456744,68.41236946842041,68.45462799072266,2914600
2019-05-01,66.44324675769847,69.66314753470371,65.6826384980037,68.22644805908203,5235600
2019-05-02,68.48842141586057,71.54775348438945,68.2179836850551,70.49980163574219,3730700
2019-05-03,71.20124678308267,71.80973324717056,70.28007054276449,70.90545654296875,1673600
2019-05-06,69.98428548137052,70.96462638031882,69.4265104284561,70.32233428955078,1144900
2019-05-07,69.86598229134901,70.26318923086595,69.36736520403775,69.76457214355469,1769000
2019-05-08,69.8321721038466,71.37874123206086,69.32510205544312,70.3646011352539,2017800
2019-05-09,70.21248429619662,70.89702858614947,69.57019208532654,69.87443542480469,1783500
2019-05-10,69.77299973135179,69.77299973135179,68.04051021725857,69.0715560913086,1349300
2019-05-13,67.96445375191561,68.73351497071316,67.3982256916825,67.65176391601562,1388300
2019-05-14,67.96444403768199,69.40959623523585,67.88838644989998,68.78421020507812,1057800
2019-05-15,68.4630923960869,69.30821140103343,68.12504350455903,69.18144226074219,915500
2019-05-16,69.46877699389107,70.69420337325447,69.13918111027687,70.06881713867188,1631500
2019-05-17,69.46033471675293,70.34770582421099,69.09693327815205,69.48568725585938,809000
2019-05-20,69.15607420309902,69.66314420272742,68.86873045307118,69.12226867675781,1009200
2019-05-21,69.45187236730654,69.9335898886904,69.11382351334078,69.206787109375,718700
2019-05-22,68.76731749045996,68.9870437310138,67.66866049671232,68.60674285888672,755600
2019-05-23,68.15886668119201,68.98707990968202,67.74476006694701,68.23492431640625,1542800
2019-05-24,68.45463017725997,68.67436289430879,67.161599305551,67.37287902832031,1453500
2019-05-28,67.45738661514802,67.45738661514802,66.37563551452072,66.77284240722656,1994300
2019-05-29,66.72214148653671,67.60951900254358,65.91928102747998,67.3475341796875,1260200
2019-05-30,67.4742927053904,67.80389502211261,65.82631336050822,66.58692169189453,1400600
2019-05-31,65.9277329825942,67.51655433289879,65.9277329825942,67.29682159423828,1919200
2019-06-03,67.0939964693267,68.13349566975272,66.78975311543353,67.44049835205078,1049700
2019-06-04,67.90530337897678,68.04897204674683,67.18695359238095,67.81233978271484,2216400
2019-06-05,67.7700837740939,68.58985010389365,67.35597088831666,68.45462799072266,888700
2019-06-06,68.18251929080495,68.3781068221268,67.03452357299528,67.65528869628906,1274900
2019-06-07,68.0039330061377,68.85430104375294,67.74032099057081,67.76583099365234,761900
2019-06-10,68.1484962885219,69.08389986353994,68.01244077161789,68.19951629638672,828300
2019-06-11,68.68423172480988,69.16894130447456,68.08897662269328,68.37810516357422,733100
2019-06-12,68.55668665201338,69.95128998164907,68.36109911129135,69.91727447509766,1074400
2019-06-13,70.0448151963345,71.21832071246878,69.91725869749982,71.06525421142578,1404700
2019-06-14,71.13327437811844,71.2693298651108,70.31692199278812,71.17578887939453,1365000
2019-06-17,71.22684905207447,71.22684905207447,69.92578661984587,69.976806640625,1074400
2019-06-18,70.58053808155174,71.77105447928098,70.46999258642687,71.00572204589844,1084400
2019-06-19,71.065250746828,71.20131273569645,70.35944377710653,70.89517974853516,852300
2019-06-20,71.72002253334117,71.85608450571696,70.69958369169035,71.43090057373047,932100
2019-06-21,71.44792646352721,71.44792646352721,70.46150281969535,70.60606384277344,1626500
2019-06-24,70.53803336937017,70.9972329353777,70.04482478762336,70.47000885009766,1076600
2019-06-25,70.50401879451105,70.75061982204345,69.28799221220437,70.35945129394531,965200
2019-06-26,70.25741369631628,71.16730729005992,69.81521865783147,70.85266876220703,1229300
2019-06-27,71.11624775027933,72.17070835962674,70.98869778670478,71.57544708251953,1074100
2019-06-28,71.71152638046118,72.58740427717184,71.43090341710955,71.72853088378906,2101100
2019-07-01,72.54487926424042,72.75747122690697,71.21830749329453,71.69451141357422,932700
2019-07-02,71.61799245550229,72.08569095275298,70.64006797900673,71.11627197265625,786200
2019-07-03,71.32886240709142,72.46835885126357,71.32036339867142,72.31529235839844,500500
2019-07-05,71.91562029377125,72.27277329070805,71.37989079836606,72.19624328613281,542300
2019-07-08,72.17073033822945,72.30678583673965,70.89517841170728,71.36287689208984,791000
2019-07-09,70.90370729069184,71.4734589886221,69.90877792592573,70.74214172363281,961000
2019-07-10,70.90367226808219,71.42239719953359,69.8492179020234,69.89173889160156,703100
2019-07-11,69.8237158989404,70.6230638824403,69.33900640608879,70.4444808959961,880100
2019-07-12,70.36798001055521,72.851054001893,70.36798001055521,72.33232879638672,1379900
2019-07-15,72.3578173238067,72.48537383426579,71.66051575279644,71.86460876464844,769800
2019-07-16,71.94965508212015,73.14017187889115,71.3373889301925,72.23877716064453,1698400
2019-07-17,71.94115122057721,71.94115122057721,69.73019511214143,69.94278717041016,2522400
2019-07-18,69.59412258878613,70.29992967290245,69.23696954180936,70.12135314941406,1570600
2019-07-19,70.28294012477382,71.72856361563598,70.01932154445319,71.13330841064453,875800
2019-07-22,71.33736888741666,71.76255287481945,70.7080984026425,70.76762390136719,1012700
2019-07-23,70.99724663933627,71.03976764890871,70.07034831837252,70.9292221069336,860800
2019-07-24,71.13327884425644,73.8374491288548,70.94619686107787,73.03810119628906,2019700
2019-07-25,72.98710550351049,73.43779961974056,70.96322499815257,71.4904556274414,1855100
2019-07-26,71.0737786961178,72.51089660273502,70.96322667328933,72.38334655761719,1344600
2019-07-29,72.153752223838,72.97010505025882,71.95817113914939,72.33232879638672,1232600
2019-07-30,72.15375490363041,73.0296332867643,71.728570718591,72.08572387695312,1437200
2019-07-31,69.52610570372829,71.77958272659218,67.62127626848488,71.20133209228516,3196600
2019-08-01,70.69109581401183,70.82715782029683,68.1655080783336,68.87981414794922,2330500
2019-08-02,69.015871289869,70.26590682359152,68.90531929560596,69.44105529785156,1308200
2019-08-05,68.87982237687402,69.29650096726283,68.51416380104057,69.01588439941406,2238600
2019-08-06,69.49208157473309,69.90025462607193,68.7692699934839,69.16043853759766,1005000
2019-08-07,68.80327222472292,71.15028303670614,68.48012825963227,71.00572204589844,2055800
2019-08-08,71.21832994446127,73.53133226548064,71.09077342909153,73.18267822265625,1821000
2019-08-09,73.20819044254281,74.03304858071745,71.77107269010298,71.83910369873047,1800200
2019-08-12,71.65201643668165,72.37482800913342,71.0737658811615,71.79657745361328,1097500
2019-08-13,71.88159354062059,72.77448238094732,71.26932764871562,71.96662902832031,1104700
2019-08-14,71.14178426061827,71.43941173907301,69.81520587583184,70.06181335449219,1097300
2019-08-15,70.2744240079057,70.71661908291462,69.73018890619794,70.49552154541016,1027700
2019-08-16,71.03126259430734,71.71155982495617,70.47002289364798,71.27787017822266,1075700
2019-08-19,71.95812985897919,72.97006318957352,71.51593494346933,71.69451141357422,1474500
2019-08-20,71.78803900553126,72.14519187912123,71.17577322921099,71.57544708251953,1491200
2019-08-21,72.07718437342852,72.41733282793291,71.55845944006258,71.6520004272461,1140700
2019-08-22,71.79655517237873,72.0516681130344,70.7080854027922,71.19279479980469,1237600
2019-08-23,71.0737615346396,71.0737615346396,69.62813199035004,69.92576599121094,1166200
2019-08-26,70.29992097183765,70.7591204701697,69.83222246472027,70.65707397460938,892300
2019-08-27,71.15878328539269,71.36286975664807,69.90874148434352,70.01078796386719,930500
2019-08-28,70.01931339226557,71.0312536107283,69.46657926103929,70.7251205444336,1004600
2019-08-29,71.43090486956157,72.54488476226715,71.2268183865161,71.53295135498047,881900
2019-08-30,71.9411133020186,72.70644560595535,71.6179758793748,71.84757232666016,819400
2019-09-03,71.15880274309576,71.85610432436484,69.62813757065453,69.772705078125,1355300
2019-09-04,70.29993596320473,70.7846455668423,69.92577837528083,70.37647247314453,917200
2019-09-05,71.11221140211347,71.9677480846485,71.04376690097622,71.81375122070312,853900
2019-09-06,72.07042194823755,72.4126379914603,71.10366766381932,71.24910736083984,1586200
2019-09-09,71.36888498613764,71.69399317806891,70.55612756076624,71.2576675415039,1470700
2019-09-10,71.38598112310044,74.76534832507926,71.36031606761213,74.1750259399414,2586100
2019-09-11,74.09803252383507,76.28820434026325,73.3622704553987,76.20265197753906,2302000
2019-09-12,76.20265980926195,76.20265980926195,73.50771767950292,73.96115112304688,1145700
2019-09-13,74.00394446711655,74.79103687641688,73.89272701598568,74.51726531982422,1040000
2019-09-16,73.88413568438342,74.2862389001874,72.49816414788955,72.96871185302734,982200
2019-09-17,73.14840167501698,73.91838615598913,72.41263945178008,73.79005432128906,1322900
2019-09-18,73.29384104711872,74.3803765118604,72.65218840371683,74.25204467773438,1212200
2019-09-19,73.90126540424951,74.08948454198278,73.13128751676278,73.23394775390625,959600
2019-09-20,73.66171178345351,73.85848810503221,71.91641605591964,72.29285430908203,1623100
2019-09-23,72.09609012951191,72.33564593919542,71.60843436816305,71.77098846435547,858800
2019-09-24,72.06187530773398,72.34419752148885,71.01811925481017,71.16355895996094,1087800
2019-09-25,71.40310014752599,72.6949625359633,71.18065875313962,72.6008529663086,1064700
2019-09-26,72.27575828278107,72.42119798542046,71.88220557517228,71.94209289550781,620400
2019-09-27,72.3698656903326,72.61797218300764,71.31755892292101,71.68544006347656,699200
2019-09-30,72.06187591896172,72.94307788111578,72.01053926647482,72.53241729736328,1073500
2019-10-01,72.90029520200223,73.47350333280498,71.04378177865279,71.4972152709961,1262000
2019-10-02,71.23200014989955,71.9164257154005,70.15402188838102,70.32512664794922,1845600
2019-10-03,70.11125402196556,70.5561369139325,69.19582969980692,70.23958587646484,1252300
2019-10-04,70.47057517818426,71.41166444104283,70.46201798175755,71.2576675415039,759300
2019-10-07,70.9496729707642,71.73676532552328,70.32512818297447,71.37744140625,771600
2019-10-08,70.96676644506567,70.96676644506567,70.24811875225153,70.28234100341797,1046000
2019-10-09,70.86412478668355,71.30044391711964,70.69301348601661,71.02667236328125,578200
2019-10-10,70.89832480131881,72.18162978113388,70.89832480131881,72.14740753173828,867600
2019-10-11,72.68641803890078,73.72161695872681,72.68641803890078,72.93452453613281,954700
2019-10-14,72.92594026892026,73.29382127967513,72.463949707003,72.994384765625,799900
2019-10-15,72.48961348214215,73.79002614335587,72.17306261439256,72.96871185302734,1361500
2019-10-16,72.07899727932242,74.157952595471,72.00200207702014,73.57618713378906,1653500
2019-10-17,73.88417491537474,74.44027526384487,73.80717319218141,74.14083862304688,1085200
2019-10-18,74.2092489369025,74.68835391067304,73.47348687843784,74.05525207519531,1040400
2019-10-21,74.44880408262505,74.85946458892143,73.72159916063526,74.2691421508789,878500
2019-10-22,74.07239167255392,76.06579435882814,73.65317386193091,76.01445770263672,1117900
2019-10-23,76.22833970997831,77.03254651871958,75.70646165671798,76.17700958251953,1529000
2019-10-24,75.7406708461715,75.94599784780029,74.63702760567182,75.01346588134766,1520000
2019-10-25,74.73113906169671,77.16086699669874,74.73113906169671,77.09242248535156,1467300
2019-10-28,77.86239723870291,78.05061635789099,77.07529851053214,77.28063201904297,1533800
2019-10-29,76.85287554995286,77.999291777206,76.53632457080793,77.44319152832031,2433200
2019-10-30,70.23956220174006,71.009546541978,65.26033883783742,65.94477081298828,10644300
2019-10-31,65.95333252115712,66.56076942758386,64.10537632246158,64.71280670166016,4660900
2019-11-01,63.626281452573174,65.00369638049922,63.412397228078184,63.90860366821289,4215900
2019-11-04,63.50648912007922,64.84968141468887,63.50648912007922,64.61868286132812,5813600
2019-11-05,64.92668707718681,65.50845236090825,64.34492179346536,65.31167602539062,4339500
2019-11-06,65.62821741877343,67.36495582103613,65.1576761648433,67.25373840332031,2468800
2019-11-07,67.33074554601328,68.0750649338904,67.03986615845567,67.70718383789062,1964600
2019-11-08,67.64728942622887,67.91250372556557,66.71475751744674,66.78319549560547,1646800
2019-11-11,66.32976938889108,67.03130932843736,65.73089621875206,65.75656127929688,1055100
2019-11-12,65.66243839895489,65.74799075917593,64.55879532859124,64.593017578125,1734500
2019-11-13,64.23371609631509,64.40482087628601,63.737503096278914,63.84872055053711,1689000
2019-11-14,63.83161588328566,64.53315595990065,63.64339669954493,63.8829460144043,1376300
2019-11-15,64.0711369856075,64.3876878849868,63.634811481539046,63.925697326660156,1044900
2019-11-18,63.7460336738537,64.42190836879072,63.651924126000054,64.33634948730469,1161600
2019-11-19,64.62725553517889,65.06358116374899,64.11393472186433,64.93524932861328,1236000
2019-11-20,64.57591017220795,65.01222917057922,64.21657981318369,64.64434814453125,968900
2019-11-21,64.60158544246575,64.84969189714488,63.66049627014245,63.82304382324219,932400
2019-11-22,64.15670787142729,64.772695460434,63.72038876857111,64.67002868652344,791700
2019-11-25,64.95234827199276,65.50844846304207,64.59302440475255,65.20045471191406,841800
2019-11-26,65.04646196649858,66.14154802794108,65.04646196649858,65.91911315917969,2020600
2019-11-27,66.03887641595203,66.78318912756309,65.8934302240688,66.51797485351562,1527500
2019-11-29,66.85165210001539,66.91153942125993,65.70523579984038,65.74800872802734,922600
2019-12-02,65.83354291937334,67.13396228879834,65.74799055941223,66.51797485351562,1674700
2019-12-03,66.48376987102095,66.48376987102095,64.66147867438596,65.03791046142578,1386100
2019-12-04,65.05502506769331,65.94478420519275,65.03791067486404,65.35446166992188,983700
2019-12-05,65.55979757829259,65.75657395912721,64.78126230698703,65.28602600097656,1101800
2019-12-06,66.00467130902753,66.38110309606735,64.87536289345137,65.03791046142578,1129600
2019-12-09,65.0892301233784,65.52554911678243,64.80690146136872,65.25177764892578,821500
2019-12-10,65.08921958986076,65.68809253912205,64.55878460106818,64.84967041015625,1156200
2019-12-11,64.90956602865558,65.32877714689533,64.56735007352607,64.92667388916016,872600
2019-12-12,64.94379155679863,66.80885522563301,64.84968200120447,66.71475219726562,1229600
2019-12-13,66.74919902506146,66.84392812364064,65.55217485595763,65.92247772216797,1063900
2019-12-16,66.0947197957679,66.6114198742685,65.81914598255437,66.35307312011719,827900
2019-12-17,66.00861640376053,67.07646430593455,66.00861640376053,66.9731216430664,1091700
2019-12-18,66.75781508853922,67.0850634992473,66.59419745338296,66.95588684082031,1237800
2019-12-19,67.15396837913934,67.16257533947702,65.9999983846127,66.07750701904297,1616400
2019-12-20,66.31862393032796,66.4908550954982,65.01825695163977,66.13777923583984,2522300
2019-12-23,66.31000939644245,66.5941967278461,65.89664540801921,66.1463851928711,909700
2019-12-24,66.06890405864401,66.78367609294962,65.92250686709701,66.77506256103516,298500
2019-12-26,66.95590636634802,67.14536464459728,66.60282383502899,67.09369659423828,590700
2019-12-27,67.24868450331913,67.6017669493612,66.99033774372069,67.11090087890625,1076900
2019-12-30,67.41232594851014,67.51566862088438,66.66311292694624,66.77506256103516,588300
2019-12-31,66.7664250797384,67.40368823862455,66.46501727284611,67.3434066772461,882300
2020-01-02,67.60175419214781,67.60175419214781,66.2324988851351,67.02477264404297,1258800
2020-01-03,66.40473160613493,66.99894022455645,66.12054430426403,66.947265625,892000
2020-01-06,66.37027577747368,66.84392122146178,65.32826237089604,65.88802337646484,1098300
2020-01-07,65.97417120935563,67.55011238092015,65.62970222433943,67.44676971435547,1147100
2020-01-08,67.45537218241819,68.62656259726647,67.40369757251129,67.86012268066406,1132400
2020-01-09,68.23042537665214,68.57488773369941,67.43814487292778,68.40265655517578,816400
2020-01-10,68.30791892084311,69.24659646631932,68.30791892084311,68.99685668945312,1427100
2020-01-13,68.89351305175501,69.42744014317717,68.60932573356914,69.2896499633789,938800
2020-01-14,69.1432676363668,70.6847611095312,69.1432676363668,70.40057373046875,1377900
2020-01-15,72.00232950382878,72.16595369104078,70.87420039039111,71.90760040283203,2229500
2020-01-16,72.18319012143323,73.13908830067005,71.94206383661647,72.42431640625,2758100
2020-01-17,70.62448843685797,71.97652382772158,69.238005489324,69.53079986572266,2780300
2020-01-21,69.30688295737129,69.79774901710184,68.83323738649183,69.06575012207031,1497500
2020-01-22,69.33272206611113,69.59968236918981,68.39404438495961,69.16048431396484,1045600
2020-01-23,69.04854011721464,69.08298767034513,67.92041067553671,68.72129821777344,1078000
2020-01-24,68.64378624281326,68.9968687175826,68.10125209033696,68.5662841796875,930200
2020-01-27,67.73093840629423,68.51459872474318,67.17979081062532,67.575927734375,1462100
2020-01-28,67.58456261808703,68.02375418546467,67.04202180984457,67.06785583496094,2107400
2020-01-29,62.460585212262934,64.75129785804253,61.79748798702027,63.21841812133789,4850500
2020-01-30,62.13332700117314,63.28728997943683,61.83191925089503,62.5552978515625,1931600
2020-01-31,62.48642071092598,63.11507697355754,61.85777101849249,62.193626403808594,2216500
2020-02-03,62.80505697312032,62.98590167913183,61.77165677585511,62.01278305053711,1542900
2020-02-04,62.589763413583995,62.65004498099834,61.78026244813589,62.202239990234375,1328800
2020-02-05,62.65003198493169,63.24424057632388,62.253895114069124,62.64141845703125,1106300
2020-02-06,62.98588313928902,63.68342773861146,62.314172551764266,63.36479949951172,1699700
2020-02-07,63.39065183262925,65.15605094460172,63.39065183262925,64.05374908447266,1656600
2020-02-10,63.79537603762594,64.13123129008406,62.60695907951678,62.796417236328125,1092000
2020-02-11,62.95144070654993,63.43369972327871,62.555303829727706,62.62419891357422,741500
2020-02-12,62.86535247605175,63.287323550276184,62.57255809766735,63.140926361083984,1240200
2020-02-13,62.94284086003289,63.17536017600702,61.99555624692654,62.116119384765625,965600
2020-02-14,62.0300035400723,62.348638443158215,61.74581618625499,62.01278305053711,904800
2020-02-18,61.883598977875366,62.40029901467579,61.788869871272254,62.391685485839844,731800
2020-02-19,62.52086507905013,63.66622137081232,62.512251549808944,63.2786979675293,814600
2020-02-20,63.40787728097827,64.55323373938934,63.089248924869004,64.43267059326172,1579100
2020-02-21,63.804013609276005,65.10438075210462,63.468158195661786,64.20015716552734,1497200
2020-02-24,63.046191308183246,63.72651571027083,61.67693554323919,62.12474060058594,1657900
2020-02-25,62.27115236352437,62.839527276971076,60.69521747756886,61.87501525878906,2344900
2020-02-26,62.460596767587596,62.805065738149246,61.31524023280474,61.71138381958008,1107400
2020-02-27,60.54878596384076,62.21084227796379,60.16987609863281,60.16987609863281,2325600
2020-02-28,59.36900031758399,60.08376568278449,57.999738021445516,59.33455276489258,3375800
2020-03-02,59.44649222893577,60.38516981138648,58.88673109116583,60.35932922363281,1786200
2020-03-03,59.96319397514481,60.88464452497865,57.81888504519466,58.7920036315918,1492700
2020-03-04,59.52399255903636,61.039644986206255,58.20639871546943,60.96214294433594,1394100
2020-03-05,59.26200545238893,60.21616405692888,57.162855198826016,57.5792121887207,2230200
2020-03-06,56.04389807213707,57.58790161977764,55.60151287681959,57.31900405883789,4034100
2020-03-09,53.71053179734237,55.974493763085405,53.57174502172667,54.3610954284668,3181200
2020-03-10,55.77499579270814,56.416883440911455,54.14424525689971,56.19135284423828,1552300
2020-03-11,55.12442831177502,56.24339532296006,54.58662993121851,55.61018371582031,2163200
2020-03-12,52.51350066430198,54.61265120164406,49.65969388117742,52.14051055908203,3143100
2020-03-13,54.13556574468863,55.75763673278434,51.33380556200054,54.100868225097656,2217500
2020-03-16,50.46639588504785,53.623797900444345,49.39079575999831,52.964561462402344,2906300
2020-03-17,53.77992751130207,58.0389539795032,50.52710931505396,56.035213470458984,3415700
2020-03-18,53.98812354366011,57.475145965036454,52.921195982566836,56.25208282470703,3763400
2020-03-19,56.11328833721822,58.36857444865144,52.53085006202913,55.566810607910156,3296700
2020-03-20,56.00918710448866,60.65854870405854,55.29790451892107,55.43669128417969,2945200
2020-03-23,56.01787422988425,56.312793269131156,52.84312014174844,54.855533599853516,3002900
2020-03-24,56.77251651652651,58.16039088129107,53.988108296990454,55.12442398071289,2409500
2020-03-25,55.41935446277698,56.061242149515415,52.36604166043645,54.03148651123047,3852600
2020-03-26,54.20496989045604,58.07365132454626,53.788606203289284,57.15419006347656,3038600
2020-03-27,54.64734547775286,56.703128951970186,53.962084319680415,54.22230911254883,2576600
2020-03-30,54.274351580851736,56.69444893323762,53.72787723797226,56.54698944091797,1658700
2020-03-31,56.20003172776874,57.87414928993546,55.71427960374153,57.42308807373047,2481700
2020-04-01,56.31278862811438,59.72174245953412,56.12195556297563,57.7440299987793,2847500
2020-04-02,57.06743910198688,60.337602513583825,57.06743910198688,59.78245544433594,2834600
2020-04-03,59.53090089027858,60.51975697939579,58.66348280383368,59.11454391479492,2166500
2020-04-06,60.485075159776514,63.39092486202241,60.2421925000952,62.79240417480469,2201200
2020-04-07,63.755232518129375,64.84818121430234,61.977022705507686,62.31531524658203,2132900
2020-04-08,62.7143430591692,63.71186876727245,61.630070230469016,63.16539764404297,1748900
2020-04-09,63.260818953855484,64.46652990088093,62.41074608017216,63.51237106323242,1584300
2020-04-13,63.26082533982883,64.14558921223013,61.18769585514244,61.82090759277344,1618200
2020-04-14,62.662287092239374,63.61644576090914,61.066240827246375,61.5780143737793,2097500
2020-04-15,60.66722596364499,61.66475151611089,59.5135582656169,61.51729202270508,2478100
2020-04-16,61.64741481689748,64.41448115454668,61.52597679122097,64.3797836303711,2002900
2020-04-17,64.1716189014236,64.81350669200093,62.71435566208756,64.38847351074219,1907500
2020-04-20,63.93740421530346,65.03035316248753,62.58423374023142,62.731693267822266,1728100
2020-04-21,62.03776177442299,62.67098012562052,61.04023589717514,61.55200958251953,1614700
2020-04-22,62.50616653538107,62.86181124884482,61.79488372633063,62.08980941772461,1230100
2020-04-23,62.13316872848682,62.827105996448964,60.86673883965073,61.135643005371094,1557800
2020-04-24,61.59537643274485,62.740368344417,61.2484077829916,62.69699478149414,1768900
2020-04-27,63.191425742082664,64.7441053893168,62.558214049906596,64.2236557006836,1191700
2020-04-28,64.24100641584079,65.48141502788228,63.8072972034889,64.19763946533203,1710800
2020-04-29,63.66848412012581,63.746548565503765,59.383436974954236,61.81221008300781,3867500
2020-04-30,62.48012669637094,62.5928952884427,61.36115651718846,61.49994659423828,3136100
2020-05-01,60.81469726989175,61.49128248199944,60.20750710976343,61.439239501953125,1785400
2020-05-04,62.05509253995636,62.18520658035931,59.96461171300726,60.6672248840332,1886500
2020-05-05,61.25706916168162,62.37603931500572,61.01418653245723,61.69944763183594,1237200
2020-05-06,62.19386490339886,62.237238448421856,60.58914300565544,61.092247009277344,1288800
2020-05-07,61.673431946524545,62.72300716161746,61.413210460414035,62.410736083984375,1380500
2020-05-08,62.88783348361242,64.22365860278889,62.65363342940146,64.0154800415039,1466700
2020-05-11,63.71186034841059,65.20382062241515,63.52103391479106,64.5359115600586,1414300
2020-05-12,64.98698450715916,65.29925565851087,62.89650961836941,63.07866668701172,2097200
2020-05-13,63.30417172818426,63.633788202288244,61.59535712358373,62.271942138671875,2241200
2020-05-14,61.78621141725598,62.688320669273494,61.08359806002599,62.61025619506836,2162200
2020-05-15,63.01792760941738,63.755231686296135,62.436759058526185,62.887813568115234,3587900
2020-05-18,64.29305321514147,67.87548877036188,64.11089614804997,67.51984405517578,3280500
2020-05-19,67.50250564791506,67.90151735338178,65.65490667345178,65.88910675048828,1821800
2020-05-20,66.69579174659944,69.27202512513462,66.43556361261305,67.32901000976562,2144100
2020-05-21,66.99071550611522,67.91885278478807,66.79120639333455,67.57188415527344,1403100
2020-05-22,67.43310071384576,67.82344294229095,67.11216015960677,67.53719329833984,1098300
2020-05-26,68.41326699011734,69.2026140089846,67.77137284006064,67.8754653930664,1491100
2020-05-27,67.92751295547299,69.61030627791781,67.7453559387973,69.53224182128906,2337300
2020-05-28,69.5842801376941,70.99816923990763,69.5842801376941,70.1394271850586,2001700
2020-05-29,70.19147731530012,71.89161614857765,69.01178806480134,70.3736343383789,7262200
2020-06-01,70.17414381599039,70.36497690635042,69.43683956331661,69.9659652709961,1115400
2020-06-02,70.59917025156722,71.4058694820806,68.4739982038725,71.28443145751953,1291200
2020-06-03,71.9956967336978,72.91515773089027,71.56198771722974,72.69830322265625,1706700
2020-06-04,72.33177743219473,72.72450947890997,71.31941525023171,71.82559967041016,1540200
2020-06-05,72.54122934625566,73.8852326657371,72.2444980546956,72.48886108398438,1512700
2020-06-08,72.36669172461544,74.39142286817476,72.36669172461544,74.26924133300781,1418700
2020-06-09,74.06849270239161,74.06849270239161,72.3841259191552,72.51502990722656,1238400
2020-06-10,72.87286973281711,72.97759960729917,71.61613787260708,71.73831939697266,1517300
2020-06-11,71.12741079724513,71.45032291199665,68.0990402169765,68.74485778808594,1678000
2020-06-12,70.0888547037762,70.32449523169562,67.14776261933604,67.83721923828125,1323100
2020-06-15,66.563048345835,68.41323651320096,66.02196054229589,68.18632507324219,1391300
2020-06-16,69.81831312701433,70.28958753962887,67.81976311474637,68.15139770507812,1456400
2020-06-17,68.64012258511119,69.35575994659258,68.22993897699519,68.63139343261719,1189700
2020-06-18,68.30849136825073,68.82340490645262,67.24376765194268,67.95067596435547,1770700
2020-06-19,68.7884949952951,68.7884949952951,67.34849090820292,67.85467529296875,3584900
2020-06-22,67.39214552828344,67.47068795517104,65.96087026557531,67.23505401611328,1277300
2020-06-23,68.07285771015918,68.07285771015918,67.20012876515715,67.47067260742188,1819100
2020-06-24,67.200125116629,69.0415836232756,66.87721302748862,68.54412841796875,1318000
2020-06-25,68.54413874501284,68.59650035607312,66.71140911556853,67.47940826416016,1238500
2020-06-26,67.30485107705456,67.88084865370517,66.28375326569532,66.90339660644531,3362200
2020-06-29,67.38343004817605,68.0641578529376,67.05179530335272,67.86343383789062,1753400
2020-06-30,67.88958487154069,69.29467899409234,67.67140263708724,68.9979476928711,1647800
2020-07-01,69.21611791445225,69.9666652033816,68.32593748207145,69.02411651611328,1579200
2020-07-02,69.67868171142328,69.67868171142328,68.48304721624221,69.1026840209961,2571900
2020-07-06,70.68231441643175,70.86558669334705,69.73104307552943,70.0015869140625,2028500
2020-07-07,68.59649390318395,70.38559090790862,68.56158394629641,69.99285888671875,1517700
2020-07-08,69.91432067116445,70.60377737966378,69.73977753465059,70.25468444824219,1561600
2020-07-09,70.16743003523963,71.13615999404252,70.16743003523963,70.5776138305664,1292900
2020-07-10,70.93539413423585,72.06994421097181,70.93539413423585,71.74703216552734,1138200
2020-07-13,72.14849982931277,72.15722898305778,71.37177160584149,71.61613464355469,1789300
2020-07-14,71.98268097188776,73.256864338031,71.6597688891775,73.1259536743164,1459500
2020-07-15,73.51869813935143,74.69688110260361,73.3092450179364,74.10343170166016,1426700
2020-07-16,73.61469625533316,75.12452048704841,73.50997302754801,74.97615814208984,1345100
2020-07-17,74.96742997986124,75.89252068231903,74.06852008469647,75.29906463623047,1391300
2020-07-20,75.30778646973478,75.63942109386116,74.20814606157737,74.44378662109375,973500
2020-07-21,74.50488382047193,75.2205213984284,74.40888308917582,74.68815612792969,795600
2020-07-22,74.65323766288182,75.27287443896637,73.93760016643552,74.35650634765625,893700
2020-07-23,74.42633051548839,74.74051349854804,73.95505604089891,74.38269805908203,1199300
2020-07-24,74.64450923912631,75.37760505102636,74.19069309529772,75.11578369140625,914700
2020-07-27,75.02851264784304,77.1230635642374,75.02851264784304,76.538330078125,1668100
2020-07-28,76.66049745857623,77.2277725314375,75.96231838754069,76.05831909179688,3185900
2020-07-29,80.56162645279892,86.59218813124524,80.07290025495375,83.15363311767578,5582000
2020-07-30,82.3681567057041,84.27070610155819,80.68378954947367,81.65251922607422,2526300
2020-07-31,81.63508378291793,81.94053764735152,80.1252594552964,81.79217529296875,2037300
2020-08-03,81.74851553284721,82.47288212732379,80.16887833389858,81.63506317138672,1714100
2020-08-04,81.10268899814506,83.59869394029644,80.43941323477252,83.3106918334961,2278300
2020-08-05,83.9914202839952,84.20960249032403,82.40305408825704,83.35433197021484,1364000
2020-08-06,82.58634481561954,83.31944065522862,82.21107107045638,83.04889678955078,691100
2020-08-07,82.95289910135678,84.36671590499823,82.04526008777273,83.59871673583984,1270100
2020-08-10,84.0874381853957,84.63726171916797,83.53762131001733,84.34053039550781,977400
2020-08-11,84.65470274102601,85.08233803485228,83.00524566358881,83.17106628417969,980400
2020-08-12,83.93032076224377,84.5325057194715,83.35432326008875,83.502685546875,1266600
2020-08-13,83.27580703797524,83.60744834904038,82.43798792196947,83.01399230957031,1235200
2020-08-14,83.45033167102679,83.79069537613894,82.63869360689958,82.97905731201172,910400
2020-08-17,81.80090691767,83.72090840211469,81.62635709101454,83.15363311767578,982100
2020-08-18,83.13617288523268,83.47653668909425,82.56016850430119,82.87435150146484,766200
2020-08-19,83.08379242436149,83.68597752364533,82.621247151506,83.2845230102539,785100
2020-08-20,83.08379855032715,84.34053044727061,82.83943549445345,84.2445297241211,1089600
2020-08-21,83.9303522109146,84.52380823881919,83.50271683531103,84.20962524414062,1225200
2020-08-24,84.61107297424327,84.82053272602815,83.56380084889402,84.63726043701172,1051300
2020-08-25,84.9427133186448,85.30925789264988,83.96525446290421,84.2619857788086,1008800
2020-08-26,84.01762774094333,85.0910874663665,83.73835469456898,84.89908599853516,882200
2020-08-27,85.44889495312282,86.38271466615682,84.78561908473432,85.75434875488281,1451900
2020-08-28,85.7979690949144,86.29542426137894,85.17833242499489,86.16452026367188,2159100
2020-08-31,86.33034856712348,86.98489529805609,85.35289637696941,85.78926086425781,1357500
2020-09-01,85.72817088694403,86.6968939318677,85.16961821238091,86.59217071533203,930900
2020-09-02,86.6707184425618,87.21181284195418,86.25181223394343,86.98490142822266,1273300
2020-09-03,86.84453012043673,86.84453012043673,84.8444753460609,85.62519836425781,1107100
2020-09-04,85.97610262995046,86.22172249792708,84.41465630412243,85.87960815429688,1263000
2020-09-08,85.37959077147308,85.37959077147308,83.94095444023473,83.96726989746094,1152200
2020-09-09,84.60764306491212,87.30947514170307,84.60764306491212,86.85332489013672,1122800
2020-09-10,87.26560353176374,88.66037620322696,86.30943293619323,86.44979095458984,1620500
2020-09-11,86.5111980311634,87.3182365787738,85.78310585135367,86.5462875366211,1259600
2020-09-14,87.00243226507287,88.83581363492642,86.8445328467369,88.34457397460938,2157700
2020-09-15,88.76564643398324,91.99380730052076,88.52879394651728,91.28325653076172,2748800
2020-09-16,92.05522619217436,92.73068086623223,90.65167253921699,90.78325653076172,2527100
2020-09-17,89.59901019502252,91.6517029752657,89.43233669995332,90.85343170166016,1267500
2020-09-18,90.57272152931155,91.96749436751391,89.93234970594101,90.46745300292969,2272500
2020-09-21,89.80076373090034,90.09901448785176,87.97614960587417,89.43232727050781,1266800
2020-09-22,90.01131656880442,90.8534448310034,89.40603416146371,89.96745300292969,1260500
2020-09-23,89.85341174583841,90.78326039172478,88.66039510567019,88.74811553955078,1421800
2020-09-24,88.16037275361927,90.09902293344282,87.11648162116064,89.3007583618164,1113100
2020-09-25,88.76565676545574,90.20429318609804,88.57266781028477,89.79199981689453,848300
2020-09-28,90.7920201557889,91.70432724839371,90.07270200293652,90.57271575927734,1043800
2020-09-29,90.88849901681569,92.06396716778046,90.30953229698797,90.96744537353516,1198000
2020-09-30,91.32711644292601,92.63416867236054,89.23934115695474,89.64286041259766,1514700
2020-10-01,90.43236197895237,90.97623931718681,88.45862231767879,88.7919692993164,936400
2020-10-02,87.83578617481626,89.20425003062712,86.84453280567705,88.48493194580078,1241100
2020-10-05,89.66040118674685,91.52887207979802,89.37091780126838,91.23062133789062,1271800
2020-10-06,90.70427441827526,91.46744922182867,89.69547313737152,90.87094116210938,1112600
2020-10-07,91.8096083165722,93.39737022268615,91.41485633331338,93.12543487548828,1261000
2020-10-08,93.40612180834194,93.64296758722087,92.64294017837496,93.10786437988281,848300
2020-10-09,93.51139558086075,93.52016963087097,91.9499493110028,92.50259399414062,1019600
2020-10-12,93.0025989941456,93.23945147361634,91.65168989606222,92.12538146972656,952000
2020-10-13,92.07274897185235,92.8622460687401,91.65168831527119,91.7657241821289,838200
2020-10-14,92.23066054412999,92.57277488242077,91.39730647755282,91.949951171875,978000
2020-10-15,91.41484825252435,92.2920658809251,90.82711404772931,92.21311950683594,880100
2020-10-16,91.14291784214166,91.51134765969559,87.75685707858852,87.92353057861328,1926400
2020-10-19,87.94983442093596,88.97617735968554,87.27437315200106,87.72175598144531,1357200
2020-10-20,88.30950265544094,89.5639242114568,87.69545295360372,88.16915130615234,1019800
2020-10-21,88.10773246369995,89.88848301129445,87.69543914624926,88.39720916748047,1251800
2020-10-22,88.2656396507242,88.63406944621384,86.8445446918707,87.35333251953125,1144700
2020-10-23,87.54630316820028,88.37088301061006,86.99365189784365,88.19544219970703,945200
2020-10-26,88.00247818015421,88.09897266123191,86.0462797914261,87.36210632324219,1544000
2020-10-27,87.20421433397824,89.13409058728467,87.07263034110738,87.74808502197266,1626500
2020-10-28,82.83565514587555,83.36198434771525,77.50217073058498,77.70393371582031,4192600
2020-10-29,77.20393494192642,80.15138707497923,77.19516089061322,79.019775390625,2031700
2020-10-30,78.61624059243769,78.94958085782072,76.1424873265982,77.57234954833984,2411400
2020-11-02,78.92325908535555,78.98466404229175,76.12493313503771,76.61617279052734,1800200
2020-11-03,77.63376777498401,78.59870592292472,76.78286552063918,78.26536560058594,1352300
2020-11-04,78.18640793673555,79.61627701149939,77.20392843692589,77.2916488647461,1173400
2020-11-05,78.66888367664268,78.888188101846,77.16884221136871,77.89693450927734,1399200
2020-11-06,77.93201613295577,79.8004940903307,77.22147194783562,79.49346923828125,1362100
2020-11-09,83.53741927852134,84.20409971041177,80.24785389732212,82.38825988769531,2417500
2020-11-10,81.97599106601164,83.09006128851487,81.14263693134033,82.36196899414062,1404100
2020-11-11,82.28302091877192,82.94093417763426,80.69525236972245,81.8707275390625,1170400
2020-11-12,81.98475248152978,82.16896736629857,78.78290704404031,79.42327880859375,1359200
2020-11-13,79.99347519927221,81.24789663675963,79.98470114932078,80.67770385742188,836700
2020-11-16,81.71283327508222,82.44969295930527,80.41454808377088,81.51107025146484,968200
2020-11-17,81.4145823381363,82.42338415238633,80.08998827132453,82.06372833251953,881500
2020-11-18,81.77423252553223,82.4321457801024,80.91455626146572,81.4759750366211,2039400
2020-11-19,81.05491467447737,82.47600302759743,80.15138153819986,82.25669860839844,1207600
2020-11-20,83.0637195512985,83.2128449063036,80.67768710066592,81.2215576171875,1272000
2020-11-23,81.05492006730549,82.03739964739489,79.9934874108788,80.85315704345703,1211300
2020-11-24,81.46719818986328,83.38830011845666,80.85314187486827,82.8268814086914,1146000
2020-11-25,82.46721234074963,82.64265314942327,81.39700600698204,81.60753631591797,1021300
2020-11-27,81.4408788942993,81.80054132330827,80.52857847844653,81.33561706542969,682600
2020-11-30,81.61633147765038,82.49354913322361,81.25666902639834,82.43214416503906,2328700
2020-12-01,82.47600060396809,83.68656524566249,82.07248128761648,82.30933380126953,1716100
2020-12-02,82.07247531527257,82.3005537618793,80.04610483052248,80.9671859741211,951600
2020-12-03,80.80050032878333,82.04614750885557,80.80050032878333,81.16893005371094,805800
2020-12-04,81.28297539075004,81.88825090454142,80.71278268684483,81.51982116699219,965600
2020-12-07,81.44965801498525,81.80932046638537,81.16894863279181,81.77423095703125,656000
2020-12-08,81.62510471656746,83.03742566340918,81.5461516481783,82.7040786743164,826600
2020-12-09,82.73037681811019,83.45846891884652,82.41457799592666,83.40583801269531,1135700
2020-12-10,82.44968047434783,83.27426716123536,81.03735960080772,81.33561706542969,1110200
2020-12-11,81.70609287081356,82.61463008102024,81.33562530722793,82.18241119384766,875600
2020-12-14,82.98509950046675,83.22325530248185,80.56822424476293,80.95633697509766,1145000
2020-12-15,81.16800233396351,81.90894393866283,79.57145928441021,79.60674285888672,1435700
2020-12-16,79.95957473813439,81.03570024442662,79.78315685943258,80.65641021728516,798100
2020-12-17,81.0974508075986,81.8913077665844,80.57702643906882,81.40617370605469,996900
2020-12-18,81.13274773464533,81.97953356529773,80.47119567354295,81.67962646484375,2250700
2020-12-21,81.10626938353495,83.28498162967861,80.46236256361478,82.45584106445312,946900
2020-12-22,83.02918973606201,83.78776995420195,82.13830449238465,83.25852966308594,1028300
2020-12-23,83.08211528425588,83.97300049370907,82.2617905091602,82.72928619384766,925500
2020-12-24,83.54960321665038,83.79658153812328,82.84394510130963,83.4966812133789,405800
2020-12-28,83.29381365130727,84.29937222821195,83.14386346853239,83.50550842285156,608100
2020-12-29,83.69075390983505,84.20235584823311,82.29708917819592,82.66755676269531,1162000
2020-12-30,82.75573909285573,83.2673408873587,81.82956366245051,82.0677261352539,623600
2020-12-31,82.24415005694938,82.83514167728596,81.8207605079696,82.79985809326172,665200
2021-01-04,82.60579325963201,82.88805517317282,80.97396636167245,81.47674560546875,1138900
2021-01-05,81.08862536891029,82.54404095844544,79.89783324280123,80.70933532714844,1439800
2021-01-06,81.28267961594233,84.14940456849293,81.28267961594233,84.00827026367188,1509400
2021-01-07,84.22879453353109,84.96973623581022,83.30262581775042,84.81978607177734,1088700
2021-01-08,84.91682145708869,87.01615101716035,84.77569384705811,85.87828063964844,1249700
2021-01-11,85.71949507411617,85.73713349911561,83.32026549490784,85.14614868164062,991600
2021-01-12,84.99622628085329,86.60159266641293,84.01712849700385,86.3546142578125,936800
2021-01-13,86.31929409517282,86.46924424691315,84.21997178184597,84.42284393310547,954000
2021-01-14,85.21674829846718,86.18702355471049,84.53755090833678,85.88712310791016,772900
2021-01-15,85.86062438182766,86.35458777721173,83.52314606746275,83.98181915283203,1505700
2021-01-19,84.73159699097985,86.43399145492799,84.2905622254975,85.06678771972656,1608600
2021-01-20,86.00175993446751,88.64796793245114,85.1902577635364,87.14845275878906,2013900
2021-01-21,86.83090809251581,88.11872852298016,86.38987342196002,86.39868927001953,1226700
2021-01-22,85.16380121594098,86.76916721618846,85.12851763322995,86.26638793945312,801500
2021-01-25,86.29285044502458,88.19811683697247,86.16053868997068,87.60713195800781,1377200
2021-01-26,87.47481660262491,88.61268688180688,85.20789862214289,86.00176239013672,2526900
2021-01-27,80.8504703731099,84.1494074710711,78.55708494824009,80.72697448730469,3167100
2021-01-28,81.98833973190223,82.49994154718917,78.42478563902256,78.49534606933594,1789600
2021-01-29,78.48651494372713,78.86580494265648,74.77299794670421,75.46983337402344,2347500
2021-02-01,75.46984855383381,76.5812577767443,75.240515376933,76.23725128173828,1251800
2021-02-02,77.21634063251226,78.327749738422,76.20195967955954,76.40483856201172,1289500
2021-02-03,76.3960141863261,77.19869366138518,76.10492973431012,76.67827606201172,970200
2021-02-04,77.09284797788197,77.613265565873,76.0696444948671,77.01345825195312,888400
2021-02-05,77.07522418168676,78.38068989593344,76.63418946776846,78.36304473876953,766000
2021-02-08,78.6805973277431,79.46563865055276,78.37187434624316,79.35979461669922,1025200
2021-02-09,79.63321193964808,81.07980499173745,79.11279430502096,81.03570556640625,931000
2021-02-10,81.15039293143636,81.41501646981436,79.3156867804777,80.23303985595703,897300
2021-02-11,80.73582670919242,80.86813849069561,78.56593637337303,79.63323974609375,738200
2021-02-12,79.56263933144376,80.68287098663087,79.50971733281109,80.53292083740234,655300
2021-02-16,80.62997389973883,81.15039165949418,77.9220141523707,78.06314849853516,1057600
2021-02-17,77.84261741761568,79.42152230650608,77.03111525908744,79.34213256835938,883700
2021-02-18,78.95401222328678,80.65640596755101,78.80405535187788,80.47998809814453,713600
2021-02-19,80.63877307620251,81.3179701997896,79.86255452175763,80.07424926757812,941700
2021-02-22,80.03014904671076,80.03014904671076,78.83935013035574,79.22746276855469,735400
2021-02-23,79.19217681884766,80.03014665081284,77.93964008899098,79.19217681884766,736000
2021-02-24,79.08635830326139,79.8272934877189,78.70706813131581,79.4127197265625,1080400
2021-02-25,79.67733024365735,80.47119404686383,79.17455095656915,79.38624572753906,904600
2021-02-26,79.38624396209202,81.22094988211097,79.20101020040578,80.13600158691406,1404100
2021-03-01,80.68289219944563,82.11184037545247,80.5770414446965,81.34444427490234,849600
2021-03-02,81.33562682769363,83.187971409905,81.10628687609606,82.13831329345703,1367900
2021-03-03,81.98834391898647,83.73484420428949,81.13274229688308,82.00598907470703,1183200
2021-03-04,82.37849798109367,82.77762268271466,81.32305021927527,81.58912658691406,1229400
2021-03-05,81.5979991399385,83.89515695463027,81.09244658985119,83.39847564697266,1000000
2021-03-08,84.15236317658957,84.5869660582605,81.36738871768226,81.42947387695312,1105200
2021-03-09,82.28094167874168,84.40072216016478,81.68669696322274,83.02597045898438,988500
2021-03-10,83.29203730023947,84.12575128054999,83.00821171248761,83.83306121826172,800700
2021-03-11,83.55813058435417,84.3120238460814,82.78649483640702,83.84194946289062,982900
2021-03-12,84.25880494345324,85.43842983668769,83.77985934544581,85.07478332519531,767200
2021-03-15,85.19007887901708,86.26326903179842,85.11912248045931,86.22779083251953,739600
2021-03-16,85.92624874301458,86.19233191373944,84.11690077570344,85.3053970336914,688400
2021-03-17,85.74884377133344,85.74884377133344,83.81532592896775,84.41844177246094,696600
2021-03-18,84.04593443077277,86.23666423194669,84.04593443077277,84.7998275756836,844100
2021-03-19,85.42067469923023,86.36083003759535,84.66678159370329,85.7665786743164,2266600
2021-03-22,86.28101888575434,86.28101888575434,83.90403327878175,84.78209686279297,1311200
2021-03-23,84.6047096788379,85.19008989245592,83.95725106692458,84.35636901855469,669400
2021-03-24,84.38297750017384,85.7133797186127,84.10802987373133,84.32089233398438,808100
2021-03-25,84.80869251462435,85.80205497836714,83.90401539454517,85.3940658569336,699900
2021-03-26,85.9085043303478,86.80431036325363,85.58920726449573,86.65352630615234,1159500
2021-03-29,86.6535293010305,87.71785514624727,85.79320820879137,86.39632415771484,884600
2021-03-30,86.47615098479332,87.25665124482178,86.38745884995902,86.7510986328125,803900
2021-03-31,87.04378267416591,87.15021728858157,84.32976429093566,84.64019012451172,1259400
2021-04-01,84.79097392512944,86.46728032182433,84.25881434577452,86.16572570800781,919600
2021-04-05,86.89301516136962,87.49613117740667,86.07703665931255,86.63580322265625,800600
2021-04-06,86.03268416745755,87.14135277786293,86.03268416745755,86.52936553955078,812400
2021-04-07,86.27212749089716,86.70673032667821,85.17233045703769,85.38519287109375,620000
2021-04-08,85.20782240563453,85.76658887025197,84.66679165889492,85.59807586669922,658800
2021-04-09,85.90848976459674,86.75107496581694,85.62467095049132,86.43177795410156,547500
2021-04-12,86.46725154332614,87.93069497456314,86.22778218068957,87.84200286865234,762400
2021-04-13,87.6291605267309,88.09036364313927,86.43179313904909,87.10586547851562,882300
2021-04-14,86.91961047959171,87.56707586156583,86.40518667109454,87.38081359863281,736700
2021-04-15,87.84201724973852,89.60701548338434,87.08812407591192,89.36754608154297,1202400
2021-04-16,89.90857681298,92.55163854241093,88.95955691414004,89.36754608154297,1549600
2021-04-19,89.19016453504699,89.19016453504699,87.2211681254444,87.48725128173828,785100
2021-04-20,87.77993068334563,88.40078228319788,87.21229300154502,88.23226928710938,704300
2021-04-21,88.40965712447361,89.20789976162101,87.53159360699907,87.76219177246094,962000
2021-04-22,87.61140194276308,88.72894147475552,87.30097617464692,87.95730590820312,814700
2021-04-23,88.303232927339,88.959569599022,87.66463874233715,88.49835968017578,839300
2021-04-26,89.24336302031938,89.31431264647132,86.69785824998449,87.04376220703125,994700
2021-04-27,87.09698705114936,88.03714245849653,85.45615916772186,85.66902160644531,1755600
2021-04-28,83.28316204952915,84.2587887767472,81.59798492063939,83.04368591308594,2490400
2021-04-29,83.31865441947713,86.42292611299833,83.01709307909763,86.41405487060547,1642600
2021-04-30,86.44954940886207,87.38082703282699,85.37635894689686,86.10364532470703,2316300
2021-05-03,86.13024555603292,88.69348678271119,86.13024555603292,87.86863708496094,1390500
2021-05-04,88.64027726765072,88.64027726765072,87.25665420356958,88.07263946533203,1103600
2021-05-05,88.15244915091641,88.47174621996963,86.80431123351715,87.69124603271484,895300
2021-05-06,87.73557469844863,88.17017755271397,86.1657033320083,86.93733215332031,962000
2021-05-07,86.97279858752819,88.49832707481099,86.32534016450433,88.25885772705078,897400
2021-05-10,88.69349716569465,91.04387619394092,88.6402832327638,90.22789764404297,1398000
2021-05-11,89.60701573001062,89.75779301183591,86.93734026700507,87.88636016845703,954100
2021-05-12,87.05266059585807,87.58482017521298,86.05929108542635,86.16572570800781,1083500
2021-05-13,86.43178326527814,88.41852185287418,86.29874847453374,87.99279022216797,669000
2021-05-14,88.12584866118337,88.94182711234085,87.71785943560464,88.49835968017578,679800
2021-05-17,88.28549141683308,88.68460937289329,87.46951301919522,87.8331527709961,679600
2021-05-18,87.8597804896184,88.25003406189396,86.39634312713937,86.46729278564453,660900
2021-05-19,86.05927938500773,86.44953284797228,84.63131386836957,86.36970520019531,1011800
2021-05-20,86.34309781952248,86.93734248667083,85.50051250143305,85.59807586669922,946200
2021-05-21,85.4739083849919,86.85752449585459,85.44729465712685,85.66016387939453,2444900
2021-05-24,86.58256490541429,86.82203428888918,85.3940689291115,86.67125701904297,821800
2021-05-25,86.66240011100558,86.79544168684001,84.93287992548488,85.26991271972656,1015600
2021-05-26,85.14573163027642,86.34309212797223,85.11912467182593,86.33422088623047,857300
2021-05-27,86.68901053737517,87.24778382485624,85.97946671586043,86.14797973632812,1518800
2021-05-28,86.24554943287785,87.42517449649361,85.84643142694537,86.05042266845703,936300
2021-06-01,86.60030329562161,86.69786665365824,85.26103000811625,85.51824188232422,792100
2021-06-02,85.7931984140179,85.7931984140179,84.5160102522811,84.76435089111328,760100
2021-06-03,84.76435600657133,85.92355992324413,84.13125463158461,85.74522399902344,1332800
2021-06-04,85.44202331517177,86.08404336612352,85.22801889921375,85.90570068359375,971700
2021-06-07,87.90311536854408,88.0457827398264,86.39615171647752,87.8763656616211,1071400
2021-06-08,87.50184517965538,88.36678861197657,87.1362545306896,87.98336029052734,1035500
2021-06-09,88.37570519512519,88.56295993295498,87.62667944072746,88.27761840820312,1165200
2021-06-10,88.59862307730992,88.80370867159787,87.74259855519558,88.42919921875,1106000
2021-06-11,88.54515936796088,89.2317603083211,88.42923486933577,89.16934204101562,760400
2021-06-14,89.30307572993868,89.36549398208763,87.7515314600368,88.01903533935547,897100
2021-06-15,87.99227145086611,88.60754183937658,87.27000224910384,88.43811798095703,742800
2021-06-16,88.60755624792534,88.60755624792534,85.92355779546892,86.02164459228516,986000
2021-06-17,85.95922442133279,86.21781626143265,84.28283687904111,84.72868347167969,990000
2021-06-18,83.77457649987511,84.16692369929042,82.06252712564745,82.82938385009766,1977500
2021-06-21,83.40006035340393,84.78218747573611,83.23063647563859,84.1312484741211,781100
2021-06-22,83.94400867055161,85.18346184213873,83.60516765777791,85.03187561035156,867900
2021-06-23,85.19236551388681,85.37070142505532,84.1134176042358,84.1312484741211,629600
2021-06-24,84.74651893288662,84.74651893288662,83.83698809792202,84.1312484741211,509600
2021-06-25,83.92616484935945,85.53120849722356,83.60515475917082,85.41529083251953,1018800
2021-06-28,85.59363477197822,85.59363477197822,83.91725387956738,84.05992126464844,711100
2021-06-29,84.07775114245872,84.69302161645328,83.39114358099947,84.30067443847656,704600
2021-06-30,84.0063944791278,84.17581832160613,83.06120210125404,83.5248794555664,2089200
2021-07-01,83.94401331580693,84.0955995559825,82.36571904410718,84.00643157958984,1300500
2021-07-02,84.04209039311314,84.39876906043726,83.40898899007571,83.62299346923828,758400
2021-07-06,83.47139856791915,83.47139856791915,81.97335376337669,82.76696014404297,948500
2021-07-07,82.72237934852754,83.64082910550027,82.35678865566463,83.23064422607422,847400
2021-07-08,82.49945933887989,82.65996440153272,81.50968605611389,81.82177734375,782000
2021-07-09,82.6243123168052,83.25741380376427,82.35680158008192,83.07907104492188,829500
2021-07-12,83.07906131733569,83.43573999017694,82.40137932232513,82.69563293457031,686700
2021-07-13,82.0535865477034,82.9185298428338,82.0535865477034,82.58860778808594,1005900
2021-07-14,83.00771949933701,85.03186694077415,82.77588415779859,84.39876556396484,1332400
2021-07-15,84.006417322682,85.2458703525072,83.6586575116133,83.76566314697266,905300
2021-07-16,83.91726150011387,84.00642947427185,83.15932351515042,83.19499206542969,1374800
2021-07-19,82.57971087874613,83.32872992922715,82.22303222481634,83.04338836669922,1135500
2021-07-20,83.25739296922319,84.19366670729787,82.80262755182753,83.02555084228516,1068800
2021-07-21,82.97205038143859,83.85482469563729,82.73128942106149,83.05229949951172,740200
2021-07-22,83.02556873795874,83.10581787434282,81.74152813117013,81.83069610595703,1043000
2021-07-23,82.24086235251018,82.88287570697514,81.358081234348,82.8204574584961,707600
2021-07-26,82.57970758456914,83.65865553743394,82.35678428514055,82.48162078857422,865600
2021-07-27,81.93769298584826,82.29437164989261,81.26892304191996,81.42942810058594,2237400
2021-07-28,77.18496126682895,80.25238805387347,75.49966166194395,78.92376708984375,2734300
2021-07-29,79.49446642448012,80.21673588744643,79.200205975464,79.56580352783203,1174100
2021-07-30,79.36071233922186,79.96706412135264,78.87027824960113,79.51229858398438,1566100
2021-08-02,79.61036344337616,80.50205659449476,79.28935336472716,79.94029235839844,1040900
2021-08-03,80.11863563195553,81.95552831820201,79.73520726960635,81.50968170166016,1256700
2021-08-04,81.12623162222634,81.4026542734999,80.33261859839494,80.57337951660156,798000
2021-08-05,80.98358397058371,81.33134380791248,79.47662014010581,80.02055358886719,934400
2021-08-06,80.65363196843523,81.45615705730621,80.37720930568777,81.1440658569336,1045600
2021-08-09,80.88548605836458,80.89440489486319,79.83328785313385,79.90462493896484,546300
2021-08-10,80.13645827965094,80.3504627106,79.67277407567008,79.71736145019531,604300
2021-08-11,80.19890147931025,81.35809874383766,79.79763539294743,80.98358917236328,692100
2021-08-12,81.1262664141022,81.750449056626,80.6358323356331,81.34918975830078,634800
2021-08-13,81.37591121950567,82.4281093109503,81.24215589880679,81.94659423828125,656300
2021-08-16,81.75935691300737,82.90072319349824,81.6077638889737,82.32112121582031,726800
2021-08-17,81.83066766179678,81.8930859027592,80.67147078634059,81.55424499511719,680500
2021-08-18,81.24215927364651,81.68800582577799,79.09317562689505,79.15559387207031,1078700
2021-08-19,78.71868149226107,79.13777842140806,77.68432082739685,78.263916015625,830600
2021-08-20,77.99639994469422,79.2715214053891,77.99639994469422,79.08426666259766,758100
2021-08-23,79.44093532816404,80.45747172502243,79.31609883791589,79.83328247070312,726600
2021-08-24,79.90463377106123,80.46639807714608,79.57470481493411,79.86004638671875,580600
2021-08-25,79.86004627740101,80.94791314430323,79.63712296215317,80.52881622314453,764200
2021-08-26,80.3237251639576,80.6001478792311,79.8867905973314,80.24346923828125,518200
2021-08-27,80.4218194796355,81.21542595833355,80.09189051537008,80.91224670410156,770200
2021-08-30,81.04600190613755,81.6701844826861,80.67149236020842,80.93008422851562,693100
2021-08-31,80.94790549064466,81.1886664580729,79.91354494329534,80.3058853149414,1727200
2021-09-01,80.3148172068566,80.3148172068566,78.07666506470939,79.50337982177734,1512000
2021-09-02,80.03250056167262,81.44051271391022,79.66480660712294,81.39567565917969,1198100
2021-09-03,81.21630013946715,81.73645919492537,80.68717777914124,80.79479217529297,759700
2021-09-07,80.98313309245444,80.98313309245444,79.28813788820369,79.35987854003906,900900
2021-09-08,79.22535874253265,80.16702584582396,78.80385758312923,79.9159164428711,882300
2021-09-09,79.66479001821429,80.0504241881285,77.8532036973274,78.27471160888672,1152800
2021-09-10,78.91145880854883,79.94280669174418,78.80384442081093,79.27915954589844,1158000
2021-09-13,80.42710099325542,81.42257524490044,79.76345377289798,79.93384552001953,1536500
2021-09-14,80.34637938508527,81.09971435773026,79.92487826956544,80.78582763671875,1132900
2021-09-15,81.0369360634676,81.924789018839,80.62439825751507,81.31494903564453,1119400
2021-09-16,81.37773050836327,82.29249395068035,80.92931893450289,80.95622253417969,1043100
2021-09-17,80.53471592261619,80.53471592261619,77.90702400489424,78.418212890625,4927200
2021-09-20,77.89805636287505,78.472022609441,77.18956528053515,77.8621826171875,1230100
2021-09-21,78.31059288929175,78.68725694950102,77.46757698501813,78.42717742919922,857000
2021-09-22,78.67828971590899,78.99217641707538,78.229878187895,78.48098754882812,806000
2021-09-23,78.76798115747512,79.53027948831473,78.69623366129265,79.33297729492188,752600
2021-09-24,79.07288423166207,80.05938818771884,78.81280473413696,79.3778076171875,859000
2021-09-27,79.5930303511452,80.9382646669392,79.0459678486784,80.4539794921875,772000
2021-09-28,80.79479376695296,80.79479376695296,79.37781839937351,79.54821014404297,698000
2021-09-29,79.66480106514848,79.76345215779811,78.63345308704079,79.3150405883789,699200
2021-09-30,79.44058740775144,79.81725144660336,77.4944830314663,78.02360534667969,1008400
2021-10-01,78.83972252607477,78.83972252607477,76.94742522519698,77.440673828125,914200
2021-10-04,77.74560186601487,78.20297675084223,77.21647264409651,77.5393295288086,1038000
2021-10-05,77.75456710971277,78.81281873771506,77.16266736779575,78.34647369384766,678100
2021-10-06,77.59313191722549,79.67376124400488,77.57519846572809,79.56614685058594,739100
2021-10-07,79.95177870076654,80.90240897308838,79.8710610658657,80.39122009277344,704200
2021-10-08,80.40916895370728,81.4494802761528,80.23877036137365,81.30599212646484,740200
2021-10-11,82.87542599793937,82.938203341283,81.53019134724667,81.84407806396484,772100
2021-10-12,81.75440687092835,82.4718613315182,81.16250026977909,81.47638702392578,712100
2021-10-13,81.41360277229509,82.65122307262438,80.55265338723244,82.05034637451172,718000
2021-10-14,82.43597968607439,84.27446982203472,82.43597968607439,84.24756622314453,886700
2021-10-15,85.18922037368621,86.45374416988007,84.81255633141367,84.86636352539062,1126000
2021-10-18,85.7900946168377,90.2652396354676,85.41342374291145,87.01873779296875,2401400
2021-10-19,87.6824040173196,87.709314461631,86.51653792590037,87.49407196044922,711500
2021-10-20,87.64651167546522,88.23841127640796,87.35055845388572,88.2025375366211,594500
2021-10-21,88.6150805523529,88.98278127537979,87.87968594851573,88.60611724853516,600600
2021-10-22,88.78549554870348,89.65541513519817,88.61509695359521,89.41326904296875,639200
2021-10-25,89.41324155447121,89.54776635966167,87.76309068130153,88.05904388427734,1181400
2021-10-26,88.61508162269091,89.27873559291884,87.14429239725165,88.34603881835938,1758400
2021-10-27,88.32812485214872,88.32812485214872,84.41797471894171,87.56582641601562,2630300
2021-10-28,87.96039874380156,89.00070983346264,87.46714337227068,88.01420593261719,1211900
2021-10-29,87.19810683500317,88.31913563044219,86.39992803781118,86.98286437988281,1257300
2021-11-01,87.43128871308909,87.82589309643117,85.92462551749486,86.09502410888672,1210600
2021-11-02,86.1129518046437,86.32819427692283,84.35517933433475,84.81256103515625,1676500
2021-11-03,84.64216188645447,85.07263998590307,81.91581883585943,84.73184967041016,2267800
2021-11-04,85.26097240616922,86.87525673371296,84.98295943284342,86.13986206054688,966800
2021-11-05,86.70484496525398,86.94698415644469,83.8529476485453,84.13993072509766,944000
2021-11-08,84.48075224848894,85.25202083501107,84.13996185718193,84.71392822265625,854500
2021-11-09,84.660124188896,85.28789778648208,84.31036363563818,84.46282196044922,563600
2021-11-10,84.30137718539922,84.70494487120818,82.77678054765674,83.27899932861328,815800
2021-11-11,83.46732169868035,83.85295588714412,82.90232563558004,83.27001953125,595500
2021-11-12,83.06377431999346,84.98297558403402,82.94718291504628,84.74082946777344,658300
2021-11-15,85.05469892400735,85.81700402744193,84.40002189723442,85.75422668457031,905700
2021-11-16,85.73629749508574,87.70034251420985,85.53899529415953,86.53446960449219,1377200
2021-11-17,86.2026483680027,86.2385221170359,84.66011137066496,84.70494842529297,685600
2021-11-18,84.72286072592438,85.19817576967435,82.79469011637806,84.22064208984375,849100
2021-11-19,84.41794236630022,86.4896080469063,83.89779025202023,86.33714294433594,1189400
2021-11-22,86.9559688404625,88.07699773977058,86.31025509970627,86.79454040527344,932200
2021-11-23,86.58828497907876,87.7182773144648,85.96050461720166,87.68240356445312,763400
2021-11-24,87.42232049385383,88.28326986548313,87.31469925656864,88.12184143066406,732000
2021-11-26,86.89318535326682,88.03215446609127,85.68247559604326,86.34612274169922,614800
2021-11-29,86.6062058867161,86.83938180690375,85.58382810725428,85.75422668457031,837100
2021-11-30,85.12645710233036,85.8528885521627,84.48971344690507,85.27891540527344,2205500
2021-12-01,86.17573321074448,86.6331149331265,84.13994767054837,84.1847915649414,971800
2021-12-02,84.2385853627328,85.26993318973463,83.53906451168255,84.49866485595703,1306300
2021-12-03,85.03676946740897,87.03668807092549,85.03676946740897,86.9918441772461,1573900
2021-12-06,87.54788656092995,88.40883604445116,87.18018575074764,87.79899597167969,1100700
2021-12-07,88.19357209184794,90.13071309029131,87.96040303412971,88.14873504638672,966600
2021-12-08,88.6061278580356,89.64643912944014,88.45366272606172,89.30564880371094,1036700
2021-12-09,89.35946897200401,90.78542151164987,88.75859903065606,90.24732208251953,1160800
2021-12-10,91.47596478323847,93.99603574118855,91.12620428879764,93.89738464355469,2128800
2021-12-13,94.38167651467597,95.33231380836058,91.987160089444,94.157470703125,1620800
2021-12-14,94.0402518122331,95.29340007875437,93.14772328590308,93.42720031738281,1289800
2021-12-15,94.14844388376906,95.12211516106753,93.30098848927783,93.72471618652344,1153400
2021-12-16,94.18450630808056,95.2663586946104,93.88699449439744,94.11238098144531,977400
2021-12-17,94.02222967350197,94.33776938613312,91.1643306104214,91.38971710205078,2359000
2021-12-20,91.08318126343985,91.69623275115514,90.02837421021265,90.83074951171875,1149400
2021-12-21,90.96597864167447,92.21010945219572,90.53323360248282,91.70524597167969,1179200
2021-12-22,92.03881373932455,92.56171199000357,90.93893356554159,91.31758117675781,656300
2021-12-23,91.4618420311396,93.00349179595626,91.4618420311396,92.36338806152344,513400
2021-12-27,92.72398784826893,94.31071044539006,92.40844818134825,94.19351196289062,458600
2021-12-28,94.33775936944487,95.78924877168039,94.12139028636449,95.68106079101562,776400
2021-12-29,95.9244814198324,97.42104397917053,95.47370848729396,96.84405517578125,930500
2021-12-30,96.98831704279365,97.29483937084223,96.10479896631561,96.54655456542969,483400
2021-12-31,96.54655819268697,97.2948430262126,96.1769279080208,97.03339385986328,589800
2022-01-03,98.37668913976907,99.62081998100925,96.73587590932948,97.27680206298828,1383200
2022-01-04,97.13256109107259,100.00849494260609,96.60966965481641,99.51264190673828,1409400
2022-01-05,99.66590068077421,100.96412208242896,98.71927474696932,98.863525390625,1600700
2022-01-06,100.22486098366967,101.10837903557189,98.14229205323905,100.02651977539062,1062300
2022-01-07,99.83721564242583,99.83721564242583,97.34895329759658,97.75464630126953,1321400
2022-01-10,97.4661385568429,97.97100211552618,95.88843305770757,97.22271728515625,1340700
2022-01-11,97.5202270473442,97.94395475864464,96.04169218977465,97.34893798828125,964500
2022-01-12,97.84476919358109,98.40373009214397,96.05069489277687,96.78094482421875,994800
2022-01-13,97.05141149462614,98.22341696502623,96.73587182483568,97.77264404296875,1165600
2022-01-14,96.95225846318606,97.76365124551283,95.64501262547898,97.62841796875,1101300
2022-01-18,96.62769882802755,98.52996140428692,96.18594322183343,98.3586654663086,881200
2022-01-19,97.93493612853011,99.15202868918347,96.86210110271516,96.92520904541016,1019900
2022-01-20,98.70126130561962,98.83648770603254,94.55414411061648,94.69839477539062,1243500
2022-01-21,94.97786233072262,96.8440621303168,94.39185610069072,94.64429473876953,1047300
2022-01-24,94.42792520493417,97.21370589480263,93.88699898579225,96.98831939697266,1226800
2022-01-25,95.93350322500454,96.91618496166073,94.19351935009777,94.78853607177734,1056500
2022-01-26,93.76079466404688,94.65332337965015,91.8134517810024,92.54370880126953,1322200
2022-01-27,93.51734752891335,94.9778473020394,92.50761377112062,92.69693756103516,1245400
2022-01-28,92.85924521761181,93.87798980062509,91.86754591618065,93.85094451904297,841100
2022-01-31,93.49032882662826,94.45498288889824,92.60681749092352,94.3468017578125,1488900
2022-02-01,94.65330584526723,96.62769364511536,93.29197643495834,94.274658203125,1479800
2022-02-02,84.06915867994493,87.4229106682868,83.21269279053757,83.42906188964844,3569600
2022-02-03,83.16760752028655,84.0601360165457,80.60722051986662,80.74244689941406,2275200
2022-02-04,80.15645732540986,81.18421920442877,78.04683613072626,79.99417877197266,2028800
2022-02-07,79.49833058742696,81.1571720100063,78.78610838591177,80.52609252929688,1470400
2022-02-08,80.84162400360216,81.14815320449735,79.24589069225738,79.5253677368164,1273800
2022-02-09,79.67863151650793,80.8506440459306,78.9573988569209,80.5711669921875,2039200
2022-02-10,80.00317640731974,82.71683132830518,79.49831293485694,81.43663787841797,1493100
2022-02-11,81.73415099163462,82.00461062275956,80.43592275183794,80.6883544921875,1541100
2022-02-14,80.7244222036703,80.86866597364714,79.61551769974126,80.42691040039062,855900
2022-02-15,80.68835948490974,81.4997521849889,80.30069446588578,81.0129165649414,1102200
2022-02-16,80.95882263818785,81.90544168363513,80.12038469607786,81.5087661743164,1094800
2022-02-17,80.86867721898172,82.11281515906633,80.30070568867163,81.90545654296875,1097900
2022-02-18,82.34719863593155,83.61838164771525,81.86938041275022,82.9241943359375,1506600
2022-02-22,82.87009521204993,84.06013549239141,82.76191410908655,83.27579498291016,1595500
2022-02-23,83.29382416963924,84.22241533518167,82.75289801166058,83.32086944580078,1377300
2022-02-24,82.1849141859456,87.05325575197016,82.03164618039065,86.72869873046875,2255800
2022-02-25,86.61152874884743,87.68437074939351,85.7640732608026,87.2606430053711,1743600
2022-02-28,86.72870062016227,87.26061620297578,85.50259781849712,87.16144561767578,1638300
2022-03-01,89.59563362951403,95.26635845475056,89.59563362951403,94.50004577636719,3192200
2022-03-02,93.99517795339521,93.99517795339521,91.57001726862305,92.80513763427734,1649300
2022-03-03,93.42147893706688,95.05298129162537,92.57853720641111,92.9682846069336,1963800
2022-03-04,92.99546827002037,97.47303013284528,92.99546827002037,96.51226043701172,2033500
2022-03-07,95.86873110625332,97.50929937868833,94.8445143503021,95.28864288330078,1410200
2022-03-08,94.40944186916238,95.81434007941759,91.98032009376759,92.05282592773438,1266100
2022-03-09,92.94109043266847,93.08610901675907,90.25818093262642,92.08001708984375,1694100
2022-03-10,91.52712859458904,93.52118085142767,91.19176230580946,92.73262023925781,1026900
2022-03-11,92.59666835745145,93.45773481402597,91.83529829099268,92.66917419433594,1603800
2022-03-14,91.99844023157293,92.68729748384747,88.30943901318075,89.57838439941406,1531300
2022-03-15,90.33069425487842,90.58448196504304,88.21880708569975,89.31553649902344,1519100
2022-03-16,89.6509077992439,92.49696770570908,89.45150118289845,92.47883605957031,1294200
2022-03-17,91.5452488314418,94.4728870595297,91.00141705310614,94.28253936767578,945000
2022-03-18,94.18285233553829,95.18893742200316,92.82326929709765,95.08924102783203,2957700
2022-03-21,95.47898040997624,97.25550831146273,95.08923991543834,95.45178985595703,1098900
2022-03-22,95.6693343123158,96.20410034984042,94.05595654568837,96.14971923828125,819800
2022-03-23,96.49414071348767,97.19206388891317,94.74481023606641,94.8717041015625,881600
2022-03-24,95.15269494648435,96.68448724660216,94.98954469328392,96.4125747680664,744800
2022-03-25,96.53038949204368,99.30393649838882,96.35817343877247,99.25862121582031,1159300
2022-03-28,98.84168504241903,100.16501164151296,98.02593387443054,99.8205795288086,977900
2022-03-29,99.82058167508738,100.7722925440698,99.15892181891213,100.26471710205078,1329700
2022-03-30,100.50036503519475,100.98075679984044,98.13469024641469,99.48521423339844,1065600
2022-03-31,99.33112914961978,100.27377417843664,97.36426743252143,97.62712097167969,1355400
2022-04-01,97.50023644176846,97.69057724726001,91.39117827314449,93.47586822509766,2040700
2022-04-04,92.14349334240609,93.6390294051535,91.2642950559388,93.10426330566406,1661900
2022-04-05,92.83232503957285,93.64807621786017,91.16457322191583,92.00751495361328,1825700
2022-04-06,91.65403727929487,92.39727581328482,90.24006605923768,90.39415740966797,1820500
2022-04-07,91.05580651885559,91.61776999335713,89.34273245641333,91.42742919921875,1458200
2022-04-08,94.5725817496878,94.91701383811423,91.38209696946038,92.4878921508789,1668700
2022-04-11,92.13442025210335,94.0106447375118,92.03471693375624,93.01361846923828,1404700
2022-04-12,92.96826956771672,94.30066178920268,91.74464645733828,91.91686248779297,1102700
2022-04-13,92.22505005711163,92.23411588035029,90.35789155137368,92.14347839355469,1344000
2022-04-14,91.672160237901,93.94719800158072,91.672160237901,93.61183166503906,826500
2022-04-18,93.05892645311599,94.21004397813638,92.4516476819115,93.13143920898438,810200
2022-04-19,93.37615866269671,94.33693536471708,92.62386131471817,93.7115249633789,1030600
2022-04-20,94.26442802087438,95.02579123559447,93.42148622446445,93.53931427001953,1124200
2022-04-21,93.96533189986779,94.81733964515088,93.14052162927952,93.5755844116211,907900
2022-04-22,93.09517824582602,94.21003933800189,92.40632092939869,92.57853698730469,797800
2022-04-25,92.20692804611433,93.55744531024354,91.291473497518,93.51212310791016,1150700
2022-04-26,93.58461768875414,94.86262886219964,91.78090641241215,91.87154388427734,1382300
2022-04-27,92.03470675573294,93.71152441900965,91.8171754103038,93.20394897460938,1880300
2022-04-28,96.7479126128641,100.11061332863953,96.3219088847531,100.01091003417969,2138200
2022-04-29,100.01093729842943,101.65150573574743,96.01376626931719,96.21317291259766,1584100
2022-05-02,95.51524300302222,99.67557091863011,95.51524300302222,98.16190338134766,1179900
2022-05-03,98.78731160087975,100.00187616696107,97.88998864125689,98.44288635253906,1379300
2022-05-04,98.88700332572206,100.53663044205594,98.56976867165724,100.2012710571289,1142300
2022-05-05,99.73901985338888,101.01702440746102,95.54244238939661,96.4125747680664,1465700
2022-05-06,96.5394524515333,99.42176849791473,95.79621407052656,96.95639038085938,1327900
2022-05-09,96.43069373160075,98.58789635913202,95.89592771516789,97.84465789794922,973400
2022-05-10,98.74198337478188,100.22846023211827,97.42771566145619,99.96560668945312,1522800
2022-05-11,99.94747427647648,100.31003112272127,97.14673664250877,98.13469696044922,1186000
2022-05-12,98.16189387278003,98.18001860315108,95.27051185723587,97.62712097167969,1285800
2022-05-13,97.97154582423957,98.59695620537927,95.56055561200229,95.88685607910156,1172100
2022-05-16,96.2765861163489,98.06217254070087,95.77806968283096,96.85667419433594,1056600
2022-05-17,97.16486774494038,99.74808112184066,96.76606141159486,99.43083953857422,744700
2022-05-18,99.08641515025441,99.47616257865108,93.30365757364983,93.51212310791016,1715500
2022-05-19,92.7235602005875,93.08611012271967,90.21285980712351,91.71746826171875,1348000
2022-05-20,92.80513892951548,94.97140738073108,91.30053727547815,92.37913513183594,1533100
2022-05-23,92.8232630803023,95.02578081647444,92.39725931702412,94.6632308959961,746300
2022-05-24,94.23723789323262,95.45179547895201,93.20395528845135,94.98047637939453,1420300
2022-05-25,94.86264108652173,96.89294976175708,94.59978754360338,96.24034881591797,1004400
2022-05-26,96.63914581361198,97.84463728120261,96.59382362185183,97.53646850585938,975000
2022-05-27,98.18907534106823,98.74197292138321,96.5303826001233,97.39144897460938,1349700
2022-05-31,96.70262183091823,98.84169991997254,95.3702292085194,98.35224914550781,2447900
2022-06-01,98.67854220210037,99.67556840869898,98.33411006359017,98.74198913574219,990100
2022-06-02,99.5254322431108,99.75317922764881,97.15686499397276,97.9949722290039,1152000
2022-06-03,97.78543519337991,99.48898502220351,97.55768822456699,98.4049072265625,782200
2022-06-06,98.58710468844139,100.33619966486258,97.94030415914872,99.60740661621094,775200
2022-06-07,99.07904859731089,99.07904859731089,97.36638685136825,97.55769348144531,807700
2022-06-08,96.6922576777543,97.01110206103247,94.01395095764512,94.49678039550781,917700
2022-06-09,93.9775186175259,95.48975497397709,92.99364998063302,93.03009033203125,826500
2022-06-10,92.25574412566158,93.53112861098202,91.68182423489623,92.6748046875,856100
2022-06-13,91.17166180744032,92.87520456609843,90.36998808545022,91.39029693603516,1709200
2022-06-14,95.05247258571562,105.66548283612921,94.79739708995882,96.88356018066406,4031200
2022-06-15,96.49183474954523,97.66700995082579,92.98453279549543,93.95928955078125,1765500
2022-06-16,93.15761208060897,93.84995778735849,91.59071199113923,92.09175109863281,1242400
2022-06-17,91.89136288248795,92.16465511475572,89.5683406816338,90.18781280517578,2513800
2022-06-21,91.56340440587243,92.26486209686615,90.73440200259311,92.23753356933594,825300
2022-06-22,91.09880310152066,91.6271778275784,90.13315801273642,91.00770568847656,771900
2022-06-23,91.95511959116917,91.95511959116917,90.08759164162234,91.36297607421875,619200
2022-06-24,92.04620341274897,95.14356316353073,92.04620341274897,94.61518859863281,1215500
2022-06-27,95.225569680449,96.35519279686464,94.96138233986315,95.7812728881836,573000
2022-06-28,94.99783345034179,95.79950738850361,91.82759890486258,92.07356262207031,1053300
2022-06-29,92.29217813660557,93.05741155534392,91.39030209870485,92.41971588134766,585100
2022-06-30,92.20107851415037,93.11206635476083,91.399411716516,92.34683990478516,1482800
2022-07-01,92.41972252803647,93.4400315096381,91.34475649483903,92.97542572021484,955700
2022-07-05,93.15762624495787,93.27605217194592,89.29503247655033,90.60685729980469,1174800
2022-07-06,91.09878306476793,92.40149594060553,89.10371749155813,92.04621124267578,1628300
2022-07-07,92.90254010189432,93.6677665276397,90.58863022597761,91.33563995361328,1481800
2022-07-08,92.20107559467561,93.02096601532098,90.61595874828488,91.33563995361328,1177200
2022-07-11,91.33566229822175,91.90047043150945,88.73023596315306,89.18572998046875,820500
2022-07-12,88.38405391064164,89.75053592933007,86.17946458855984,88.28385162353516,1229200
2022-07-13,88.20184660788563,88.49336245261212,85.59642070489244,86.69871520996094,1095700
2022-07-14,86.06103262742465,87.2088793888894,85.48710577154904,87.06311798095703,805900
2022-07-15,87.73724694233425,90.13314969087789,87.61882101133972,89.71409606933594,1424700
2022-07-18,90.39732693214555,90.97124677248584,89.56832465692389,89.7778549194336,863400
2022-07-19,90.05115032120474,92.26485114204235,89.26770019035449,91.94600677490234,1361100
2022-07-20,91.94602141042208,93.04831608387022,91.7000577024159,92.69303131103516,1103000
2022-07-21,92.574599146208,92.73857725728323,91.74559676513702,92.35595703125,940300
2022-07-22,92.86610638765842,93.2213911035974,92.18286548003947,92.91165161132812,727700
2022-07-25,93.440047270557,93.440047270557,91.5907425765818,91.92781066894531,879200
2022-07-26,91.36297219251506,91.58160733015264,89.79607198049341,90.9621353149414,935600
2022-07-27,90.96214847198664,92.74768407991124,89.65033050613009,92.12821197509766,1656900
2022-07-28,94.87028695856148,99.19747983060176,92.72946661192519,98.45046997070312,3277700
2022-07-29,98.45046354232353,100.9283517793005,98.2682687397225,100.84635925292969,1782900
2022-08-01,100.41820849790548,100.98301659959644,98.26827630042487,99.93537902832031,1368500
2022-08-02,100.09025336524718,100.28156000988083,97.65791013996382,99.32501983642578,1657300
2022-08-03,100.1631152170631,100.19045069186463,98.3593630961772,99.50720977783203,900800
2022-08-04,99.68029553489103,99.9991399136241,97.43015428309647,97.94941711425781,1101500
2022-08-05,97.85831775439995,100.08113043642132,97.73078000545964,99.97180938720703,684600
2022-08-08,99.97181086361743,102.24928062873721,99.87160163792927,101.2927474975586,1264400
2022-08-09,102.17641869139148,104.1623658839025,101.59337996985072,101.99421691894531,1217700
2022-08-10,102.94162886123432,105.66548063457986,102.43147788034976,105.31019592285156,1357600
2022-08-11,106.32140535829481,108.39845682202233,105.38308885935534,106.9773178100586,1346100
2022-08-12,107.13218359622044,107.94296233133515,106.30318815988042,106.84066772460938,1123900
2022-08-15,106.58559120656781,108.30735789311252,105.95700729074507,107.39636993408203,1049500
2022-08-16,107.35993162704068,107.90652302281498,106.78601170402067,107.08663940429688,841800
2022-08-17,105.80213931730455,106.92265754715604,104.99136060272939,105.77481079101562,1227700
2022-08-18,106.0572084144492,108.38934213747625,105.8476850920502,108.19802856445312,848300
2022-08-19,107.93384455654609,108.31645778913024,106.63113164059796,106.69490051269531,881400
2022-08-22,105.92966425040545,106.65845729789122,105.22820667618603,105.6563720703125,1017200
2022-08-23,105.85679571017543,107.30527014704003,105.85679571017543,106.60380554199219,1302000
2022-08-24,106.42160092210878,108.64441351196201,106.42160092210878,108.32556915283203,1144800
2022-08-25,108.99971251968122,110.43907518720515,107.22328179954879,108.90861511230469,1181000
2022-08-26,108.48045692280377,108.85395840316605,104.9367140211435,105.04602813720703,745900
2022-08-29,104.47208734291442,105.87500947168145,103.7524061044393,104.79093170166016,772800
2022-08-30,104.61784797869542,105.21910333388354,103.54288891993998,104.29900360107422,1153300
2022-08-31,104.89114917132733,105.32842643363193,103.10561367163226,103.98927307128906,1434300
2022-09-01,103.66889066156908,105.56376546980054,103.2752689872052,105.1609878540039,967500
2022-09-02,105.83835494197902,106.89105740959612,105.04195589937505,105.60034942626953,1195300
2022-09-06,104.58426666145877,105.25251056294938,102.39646505543938,103.34848022460938,1846400
2022-09-07,103.46749556964848,104.80397659624151,102.09439776348535,104.49274444580078,1037100
2022-09-08,104.19067082367316,104.59344845200815,103.22949947748728,103.65058898925781,938500
2022-09-09,104.66665348764086,105.1701254194167,104.29134376171908,104.62088775634766,972200
2022-09-12,104.74905251373191,104.87720774731633,103.61396030886861,103.9435043334961,903500
2022-09-13,102.3964687437369,103.33932800741368,100.3551271757882,100.74874877929688,1252100
2022-09-14,101.11492251980447,101.11492251980447,99.04611985102316,100.69384002685547,1553600
2022-09-15,100.27274415594312,100.57482731186583,97.91101454698763,98.61587524414062,1252600
2022-09-16,95.34791628618983,96.10769177462622,92.89464789370973,95.00921630859375,3622800
2022-09-19,94.79866235832823,97.09631445026235,94.49658617407874,97.00477600097656,1565000
2022-09-20,96.81256306211453,96.81256306211453,93.74597898512035,93.82836151123047,1725100
2022-09-21,94.35927486636085,95.7140606752007,92.8671709078947,92.88548278808594,1375300
2022-09-22,92.60171532035697,92.6474810548509,91.65884900182292,91.85108184814453,904400
2022-09-23,90.65192443848758,91.10046780786044,88.41834956547318,89.4161376953125,1476700
2022-09-26,89.54427224607743,90.04774416548473,88.3176417281551,88.97672271728516,1291100
2022-09-27,89.33373103413814,91.40253347855632,88.85772691492994,89.76396942138672,1194200
2022-09-28,89.76397916009387,91.54901051464269,89.43443512491368,91.06385040283203,1537900
2022-09-29,90.51460827578475,90.51460827578475,88.92181671617175,90.37730407714844,1078200
2022-09-30,90.55121604528125,90.55121604528125,87.91487093477419,88.16202545166016,1432600
2022-10-03,88.83943485347726,90.91738655412543,88.79366213096901,90.36814880371094,1398900
2022-10-04,90.21253641159302,91.9792560200502,89.36121541924967,91.88771057128906,1554500
2022-10-05,91.17367985654079,91.98838387930648,90.789214202099,91.21029663085938,1150200
2022-10-06,91.35677034996674,91.42084796368492,89.14150073870366,89.24219512939453,1374400
2022-10-07,87.05440686603777,87.87826701610115,85.132071171848,86.7889404296875,2086800
2022-10-10,87.00862167946221,87.31985378662814,85.66298489909452,86.17560577392578,1025700
2022-10-11,85.98337324795514,87.08184855043451,85.67213415576008,86.09322357177734,1105600
2022-10-12,86.18477136788555,87.82333554369839,85.59891687846978,86.48685455322266,949500
2022-10-13,85.13204592174851,87.75924168107719,84.09764830809874,87.23746490478516,1247200
2022-10-14,88.26273376693965,88.61973867205792,86.29462532594319,86.86217498779297,1287300
2022-10-17,87.94233374645033,88.35426027848851,86.92624085122405,88.14372253417969,1265600
2022-10-18,89.4985158188609,90.07522139220974,87.71349138691662,88.06134033203125,979200
2022-10-19,87.53953677075775,87.53953677075775,83.14562912834776,85.5439682006836,2226600
2022-10-20,84.98558166145831,86.34953026669575,84.14341683380434,84.64688873291016,1196300
2022-10-21,84.6285704277708,86.36782860249778,84.34479918833446,86.12067413330078,922500
2022-10-24,86.25800823190208,87.6768717906264,85.94676909400383,86.45024108886719,982700
2022-10-25,86.56009208634369,87.4388739317352,86.14816549704486,86.77979278564453,1083400
2022-10-26,87.42055428460472,89.16896872258614,86.33122786546579,88.33595275878906,1105600
2022-10-27,89.05913143627845,90.0294517261806,88.59227619056036,88.61058807373047,1258400
2022-10-28,88.97672580640372,89.70904735388736,87.86909452918823,89.52597045898438,1123300
2022-10-31,89.52597708723097,91.21946293423986,89.18727712425465,89.45274353027344,1682600
2022-11-01,89.9653538256602,90.41389708711098,87.78670814324947,89.56257629394531,1561300
2022-11-02,81.543709442552,85.34261505162713,80.24384509907075,80.710693359375,6191900
2022-11-03,80.12482896792766,81.7725490487596,79.27350809015387,80.98530578613281,2439800
2022-11-04,81.6077719990353,82.65132565778048,80.77475606965079,82.3583984375,1870500
2022-11-07,82.78864245892481,84.87574991857227,82.75202568090373,84.2715835571289,1727900
2022-11-08,85.00390620496174,86.221387899516,84.18920208970336,84.67436218261719,1376500
2022-11-09,84.12511912820682,86.39530337796353,82.61471028575214,82.66963195800781,1875100
2022-11-10,85.23275667240387,86.17561602965021,84.31735815330077,85.98338317871094,1761300
2022-11-11,86.44108165865816,90.28575261064184,86.06576491692135,89.94705963134766,1943300
2022-11-14,89.61751789800115,92.07993520600564,89.48936266192374,89.67243957519531,1288400
2022-11-15,89.23306076444851,90.37730904219158,87.46634114425571,89.4161376953125,2147100
2022-11-16,88.76619224674621,88.76619224674621,84.37227672324785,84.94898223876953,1903300
2022-11-17,84.39059602974196,87.21001830507437,84.07020094451019,87.17340850830078,1181700
2022-11-18,88.56480545789728,89.18727672135158,87.44801816311723,88.87603759765625,1141700
2022-11-21,88.59226404801515,89.53512336787001,88.21695430171371,89.3154296875,741300
2022-11-22,89.5534362537165,90.61529487403718,88.41833709386883,89.38866424560547,878600
2022-11-23,90.00197497295878,90.61529025591761,89.73650858542378,89.76396942138672,672500
2022-11-25,89.85552453780292,90.43222310698908,89.5168245619044,90.4047622680664,366000
2022-11-28,89.70905033525749,91.2926927661485,89.27881193560759,89.40696716308594,1231400
2022-11-29,89.50768281019482,90.34984792903253,88.50990159016841,89.34291076660156,1172100
2022-11-30,89.5717518817511,92.26302600867947,88.19865397763452,91.74124908447266,2310800
2022-12-01,92.00832195671511,92.7267041160267,90.23999556045513,90.96758270263672,1470000
2022-12-02,89.14401742717818,90.34131894066348,88.44405211014147,89.0703353881836,1467000
2022-12-05,88.61902356390397,89.52160372779429,87.55986734869431,87.88221740722656,1350500
2022-12-06,87.83617437710764,87.95590239525718,86.353357031135,87.8545913696289,1352500
2022-12-07,87.33884624156511,89.69661518421614,86.78624502396949,88.51773071289062,1551600
2022-12-08,88.63744644160178,89.65054970427815,87.77170723072803,88.4900894165039,977600
2022-12-09,88.60059610877842,88.96899917282799,87.53223495240906,87.77169799804688,881200
2022-12-12,88.08485917867354,90.02817900108927,87.6980390218046,89.91765594482422,905600
2022-12-13,92.78196851905157,92.91090855516924,87.81775604840665,88.02037811279297,1514900
2022-12-14,88.02036777199771,89.80711810072457,87.5046076881195,88.60980987548828,1835800
2022-12-15,87.6335593962661,88.00196251675551,86.47309202607121,87.27436828613281,1979900
2022-12-16,86.14152378552151,87.91906221558898,85.85601472516036,86.64807891845703,4376600
2022-12-19,86.70333804810633,87.26515119312191,84.76001855174846,86.12310791015625,1292900
2022-12-20,85.58892207283459,86.09547720230982,84.8152748775183,85.08236694335938,1060700
2022-12-21,86.58361018508748,86.84149024686867,85.4507718831719,85.5797119140625,795900
2022-12-22,85.28500694977832,85.28500694977832,83.56273320038989,85.15606689453125,782200
2022-12-23,85.34947376157984,85.95734002201782,84.76924353483011,85.72708892822266,515300
2022-12-27,85.81917438640822,86.45466955331263,85.02711018689696,85.78233337402344,530200
2022-12-28,85.95732396326079,86.24283301768146,83.85743550442815,83.92190551757812,566400
2022-12-29,84.58503134940375,86.17837187657916,83.94954316198907,84.962646484375,808200
2022-12-30,84.36398181865671,84.68633187759968,83.33246163003918,84.32714080810547,822300
2023-01-03,84.44688912933347,85.38631045266003,81.34310201265164,83.14826965332031,2124200
2023-01-04,80.67074505815701,83.88505439896942,80.07209801962567,83.6271743774414,2246900
2023-01-05,82.07067680483291,83.07456791192243,81.41676472993261,82.89958190917969,1717300
2023-01-06,83.89428070934177,86.04943448675755,83.40614954067857,85.93891143798828,1113800
2023-01-09,86.01257620455964,86.91516335489555,84.63106999243796,85.98494720458984,1954800
2023-01-10,85.08237299574974,85.75470921299805,84.4653018135511,85.46920013427734,1682500
2023-01-11,86.02180879743536,87.62435441948931,85.67182264285985,87.47699737548828,1765000
2023-01-12,87.79011894311297,87.99274098880112,85.71785951954597,86.1138916015625,1269500
2023-01-13,86.05864890000906,86.45468105243997,85.59814672400594,86.23363494873047,917600
2023-01-17,86.19679100306314,86.98885528101599,85.22052867164908,85.35868072509766,1645400
2023-01-18,85.65339268270468,89.25452256508605,85.6349756900068,85.86522674560547,2046100
2023-01-19,85.63496923389661,86.27045732127971,84.1797809858121,85.45997619628906,1974600
2023-01-20,85.6994633093406,86.74940777641928,84.91660393812238,86.15996551513672,1163400
2023-01-23,86.46388416694994,90.41499359481863,86.35336814419067,90.31368255615234,1832600
2023-01-24,89.71503334527601,92.4412052637845,89.45714623565452,91.26231384277344,2187700
2023-01-25,90.51630432946814,90.95838949913666,88.87691774812787,89.19005584716797,1392000
2023-01-26,90.07421631115642,90.36893738305503,88.7940209963433,89.77949523925781,1194800
2023-01-27,89.75186766773386,91.9991204444205,89.74266268381355,90.2584228515625,1268800
2023-01-30,89.8347599854083,90.51630119780813,88.79402765926358,88.97822570800781,1182000
2023-01-31,88.97823055628244,92.45962586486198,88.97823055628244,92.25700378417969,7929600
2023-02-01,91.52941379706562,94.42136702106092,90.74656147049214,94.05297088623047,3374700
2023-02-02,89.62292956602299,99.51452118047101,89.54925455953908,96.13442993164062,4809500
2023-02-03,94.96474177126943,96.29099004193827,93.61086449941237,95.43445587158203,2005300
2023-02-06,96.02391858675237,96.02391858675237,94.47663094792104,94.81739807128906,1286500
2023-02-07,94.31083415932754,97.08305884740541,94.08058310279925,96.90806579589844,1799500
2023-02-08,96.98175629087874,97.70934350955626,94.21874337121501,95.25947570800781,1382200
2023-02-09,95.5541868432526,95.64628585896544,93.04905426631822,93.63849639892578,1013100
2023-02-10,93.67535656010814,95.14896219286844,93.42668846417914,94.9739761352539,783500
2023-02-13,94.14505262800968,96.1067890898161,93.89637755329764,95.66471099853516,1009000
2023-02-14,95.14895536263468,96.93570601661735,94.53188414613534,96.67782592773438,1170100
2023-02-15,95.65549816904671,96.98174648493233,95.19499606233137,96.87122344970703,1040100
2023-02-16,95.43445557971268,96.0791556944804,94.8818474508212,95.5357666015625,941800
2023-02-17,94.63318985390806,95.25026103564599,93.03064437276454,93.1780014038086,1253200
2023-02-21,92.49647044106838,93.1595947209243,91.40968498835025,91.90702819824219,1248000
2023-02-22,92.49647682598822,93.07670709756185,91.63073039789202,91.98992156982422,946000
2023-02-23,92.68986325751277,93.85954254074782,92.30304317519914,92.97537231445312,1050700
2023-02-24,92.33068719907078,92.64382530902199,91.81492700540731,92.41357421875,910700
2023-02-27,93.06747502358171,93.65691713553004,92.60697293445305,92.98458099365234,1054100
2023-02-28,92.45961547995566,93.2700966849474,91.89780232905868,92.06358337402344,1628700
2023-03-01,91.92542814934923,92.71749233378986,91.26230399244967,91.5293960571289,1075800
2023-03-02,91.10311684483965,94.1426664274049,90.62123996447488,93.87393188476562,931900
2023-03-03,94.42996320433967,94.5504306790512,93.24379798529493,93.57740783691406,863600
2023-03-06,93.48473076802584,94.53189774971112,93.01212271427102,93.11405944824219,1032500
2023-03-07,93.13257410856134,94.31873909534477,92.91943177338884,93.64225769042969,974500
2023-03-08,94.05000378366327,95.32884374013078,93.81833069822804,95.13423919677734,1197000
2023-03-09,95.53270913703592,98.56299702271951,95.25470567942459,95.77365112304688,2120300
2023-03-10,96.0794780778882,97.91433232718116,94.65237078846094,94.81917572021484,1526600
2023-03-13,93.7720172217404,95.09718779204138,92.4468466514394,93.86468505859375,984900
2023-03-14,94.58747967930647,95.67170793796053,89.74087599824713,90.61196899414062,1675500
2023-03-15,89.24973361980666,91.16798640808801,88.96246126772867,90.4451675415039,1337700
2023-03-16,89.95402358700107,91.45526769676918,89.81501832441306,91.01045227050781,1081400
2023-03-17,91.36260301456485,92.0668912389469,88.30452224651248,88.87907409667969,2919700
2023-03-20,88.96246150323793,89.31460203478515,88.06356883391611,88.93466186523438,1014000
2023-03-21,89.73161472228969,90.38029648701834,89.05512625041469,89.5370101928711,971000
2023-03-22,89.29608142369331,90.38957875311985,87.9616420874163,87.99871063232422,803000
2023-03-23,87.99869737281395,89.36093614498631,87.32221597295617,87.91529846191406,1053500
2023-03-24,87.72068823006734,88.94392166777962,86.99786236542329,88.48057556152344,892300
2023-03-27,89.3053416242121,89.71308143825897,88.55471603565734,89.38874053955078,544100
2023-03-28,89.19413188029907,90.25056051306544,88.91612136847591,89.43507385253906,711100
2023-03-29,89.833554079851,90.15789497175294,88.74005687993787,89.3609390258789,694700
2023-03-30,89.64820298292783,90.37102178008465,89.42579883074893,89.56480407714844,657000
2023-03-31,89.96329988621571,92.30783052693141,89.74088861974877,92.0854263305664,1117200
2023-04-03,91.83521355346565,91.83521355346565,88.92540004240472,89.89842987060547,996400
2023-04-04,90.04669614126931,90.46371195096584,87.35928684693125,87.72996520996094,1039800
2023-04-05,87.69288303210497,88.43423964289777,86.1082401698835,86.34918212890625,1116300
2023-04-06,86.06191435282577,86.41405487302372,85.39469478183935,85.87657165527344,868000
2023-04-10,85.44103423715237,88.16551208496094,84.82015204207137,88.16551208496094,1114800
2023-04-11,88.36938361239069,89.59261723921071,87.11835034611364,88.6751937866211,853300
2023-04-12,89.25901341764865,89.33315050791207,87.71143877643581,87.78557586669922,726100
2023-04-13,87.90603781601845,89.00880398661023,86.51599927632189,88.57325744628906,1022700
2023-04-14,88.31378390792447,89.56481716817324,88.10064155627839,88.5639877319336,768900
2023-04-17,89.09219968987345,89.09219968987345,87.7392297418117,88.74932098388672,933600
2023-04-18,88.70298529672247,90.24129078987654,88.28596953278061,88.88832092285156,1038700
2023-04-19,88.68445285280663,89.10146864195607,88.04503995493967,88.96246337890625,840300
2023-04-20,88.91612995516337,90.44517377764944,88.91612995516337,89.99109649658203,862400
2023-04-21,90.4173618322813,90.83437051343223,89.49066958963412,90.25055694580078,792000
2023-04-24,90.01889248873258,91.45526843015823,89.98182394707176,91.34406280517578,1012300
2023-04-25,90.32469295413838,90.8251076076636,88.61031373953016,88.83271789550781,1212600
2023-04-26,87.78555909575378,88.41571010240177,85.54295849938549,85.71903228759766,1888900
2023-04-27,88.27671004438356,93.27158095126163,88.00796843029036,92.37268829345703,3024700
2023-04-28,92.53024122295595,94.59676853090124,92.06689499042227,93.47547149658203,2102000
2023-05-01,93.83687784783382,97.09883210471632,93.83687784783382,96.78376007080078,2131700
2023-05-02,96.58915283018328,97.14516686115572,94.78209839189537,96.74668884277344,1512600
2023-05-03,97.3027007853404,98.35912954254454,97.06175878471963,97.36756896972656,1381900
2023-05-04,97.00613619934909,97.46948228225196,95.1434829664515,95.2083511352539,1021200
2023-05-05,95.59759105064653,97.19149603430877,95.59759105064653,96.83935546875,843000
2023-05-08,96.83935381932488,96.913490906633,95.25471069614815,95.41224670410156,941100
2023-05-09,94.83768891982058,95.1064305418394,93.96660294407478,94.14266967773438,1019500
2023-05-10,94.68016134225446,94.97670262911375,92.26149359907954,93.2808609008789,999600
2023-05-11,93.05844450057947,93.44765359247158,91.86301051539522,92.02055358886719,709600
2023-05-12,92.42828908746827,92.87310450743861,91.46452823595024,91.9649429321289,668700
2023-05-15,91.96494811694419,92.83604120052522,91.25139810833747,92.6877670288086,659000
2023-05-16,91.93714428857118,91.93714428857118,89.56481421000292,90.78804779052734,996900
2023-05-17,91.26064420271327,93.5403059973354,91.01970226894349,93.32716369628906,1131600
2023-05-18,93.20672426477545,94.18901595662823,92.55803533592197,94.05001068115234,757300
2023-05-19,94.2631293744019,94.37432791077627,91.48305284343888,93.06769561767578,791200
2023-05-22,93.93880872268417,94.11487546649684,92.53023235157241,93.67932891845703,688900
2023-05-23,93.77199853292397,94.74502123111434,93.51252581340654,94.0314712524414,778200
2023-05-24,93.59592884383562,93.59592884383562,91.17726120612441,92.0390853881836,835800
2023-05-25,92.15028982047215,92.60436709369407,91.50160093148213,92.13175201416016,663900
2023-05-26,91.74254211830129,91.85374774489334,90.20422943256791,90.38957214355469,1569800
2023-05-30,90.51004805417801,91.48307793493264,89.44435034432823,90.39884948730469,1063200
2023-05-31,90.22276925784648,90.69538434381268,87.34075543594355,87.6094970703125,2772600
2023-06-01,88.17844804097382,89.1577897576811,87.23640848069873,88.48624420166016,1530800
2023-06-02,88.37431880683673,91.64813461475134,87.9172926598453,91.09783172607422,1809400
2023-06-05,88.63547713306403,88.80336530667546,85.04454315328127,85.24974060058594,2679100
2023-06-06,85.32435749426108,87.04054135479011,84.40096899928666,85.24040985107422,1641500
2023-06-07,84.79272113050268,85.94928024203698,84.53155619407644,85.71610260009766,1338200
2023-06-08,85.93061095127848,86.15446658217057,84.80203216392412,85.08184814453125,1007100
2023-06-09,85.08183691553242,85.59482332425416,83.43093565666312,83.69210052490234,1177400
2023-06-12,84.47559401875598,84.774061109373,83.06719909927418,84.24241638183594,1170300
2023-06-13,84.36367471902923,85.54822121929038,84.02789831864162,85.19378662109375,1037100
2023-06-14,85.81869793938195,89.01789534496443,85.32436249657458,88.24374389648438,1518600
2023-06-15,88.24374256405756,89.30703198393218,88.02921601414549,88.94327545166016,924000
2023-06-16,89.5308835429755,89.85733081169226,88.05720628476604,88.2530746459961,1841100
2023-06-20,87.74007536377552,88.22508168672194,86.34100963110173,86.42495727539062,944400
2023-06-21,85.79071368886518,87.53487774456389,85.51089769647753,87.1338119506836,666800
2023-06-22,87.05919139307466,87.11515885986927,85.6787838897539,85.84667205810547,897100
2023-06-23,85.38964225058982,85.865319443783,84.09317532919042,84.36365509033203,3115700
2023-06-26,84.13981207918798,86.4156279419111,84.13981207918798,86.33168029785156,843500
2023-06-27,86.67678733777498,88.64480706859845,86.44360971199984,88.0851821899414,694700
2023-06-28,88.19710200186162,88.3370099991115,86.64880628274089,87.56285858154297,646200
2023-06-29,87.12449759281242,88.16912887496433,87.00324066469342,87.93595123291016,593800
2023-06-30,88.3276679046619,88.374306268888,86.87264202580299,88.001220703125,915300
2023-07-03,87.6841111276544,89.23240676957035,87.5628542152766,89.09249877929688,470000
2023-07-05,88.46758324675196,89.46558312654835,87.81468878932101,88.28104400634766,767200
2023-07-06,87.18979511714606,88.80338056452486,86.93795925545129,88.55155181884766,762900
2023-07-07,88.64480103883422,90.00655742681016,88.64480103883422,88.8499984741211,1155000
2023-07-10,89.14846700559596,90.40762469676778,89.14846700559596,89.75473022460938,641600
2023-07-11,89.71742182880637,91.71342165291938,89.66145436206322,91.60149383544922,840300
2023-07-12,92.47825736344974,92.47825736344974,90.5009083307474,91.06986236572266,925700
2023-07-13,91.21908703073044,91.39629718156358,90.2117580128756,90.3330078125,713900
2023-07-14,90.63147707952605,90.63147707952605,88.7287468160514,89.16712188720703,751000
2023-07-17,88.54220888057544,88.88731433058003,87.67478782279437,88.46759033203125,674400
2023-07-18,88.6074966954539,90.23041095823343,88.6074966954539,89.44693756103516,679700
2023-07-19,89.6894504622813,91.93727920145224,89.6614631681529,91.7041015625,959700
2023-07-20,91.70408424063082,92.74872242758256,90.8086831301074,91.92793273925781,1031600
2023-07-21,91.78805319230403,92.31969794752384,91.36832915438285,91.96526336669922,635000
2023-07-24,91.2750518608722,92.38497965441883,90.73407805258756,91.34967041015625,874400
2023-07-25,91.37763201517144,92.02120441891525,90.7433887071962,91.33099365234375,620700
2023-07-26,91.54552877211428,92.44092991773344,91.15379210515884,91.66677856445312,982900
2023-07-27,92.15179026207745,92.15179026207745,90.72473737423996,91.0885009765625,724900
2023-07-28,92.10516079138705,93.87731214374105,91.67611482035672,93.64413452148438,1176200
2023-07-31,93.68144868786382,94.09183648557867,92.78604742555416,93.4389419555664,1201300
2023-08-01,93.17777937412244,93.22441062901261,92.03987143776081,92.70209503173828,835400
2023-08-02,92.01188719980101,92.89795927977846,90.56618315771567,90.88330841064453,1387900
2023-08-03,92.91662068160093,93.28037719991987,90.00656141903319,91.61082458496094,1598300
2023-08-04,91.87198917883566,92.91662755664531,91.45227227772484,91.89064025878906,808100
2023-08-07,92.65546473616735,93.67212295920123,92.56219510224183,93.27105712890625,916400
2023-08-08,92.73938824076224,92.94458565157997,90.75271780296477,91.33099365234375,1057200
2023-08-09,91.20976519472666,92.1051664654306,90.79937027714773,91.36832427978516,916200
2023-08-10,91.83467168177737,92.39429653849918,89.64280350860751,89.95059967041016,875000
2023-08-11,89.43759901402228,89.43759901402228,88.2903692156198,88.82201385498047,872700
2023-08-14,88.64480519542258,89.21375915957252,87.53487744306183,88.97125244140625,923200
2023-08-15,88.71943581779436,88.92462617461581,87.6841264710299,88.19711303710938,781300
2023-08-16,88.1038362260204,88.80336912682452,87.59084970170737,87.96392822265625,660000
2023-08-17,88.3649837223268,88.65412879313217,86.81668811627348,87.04986572265625,692900
2023-08-18,86.564865721656,88.64481342373332,86.38765555225349,88.59817504882812,850300
2023-08-21,88.52356316061244,88.88731971176647,86.798042922144,87.22708892822266,825900
2023-08-22,87.22707350616317,87.58150801253186,86.20109348902272,86.61148834228516,581700
2023-08-23,86.61150008297805,86.99390769861556,86.1358157218526,86.91929626464844,452800
2023-08-24,86.63015865486094,87.24575107144254,86.2197708264904,86.87266540527344,529000
2023-08-25,86.98458013034758,87.93594167548126,86.85400123427073,87.45093536376953,463000
2023-08-28,87.8799871360326,87.95460568615844,86.38765171359856,86.77938842773438,648200
2023-08-29,86.63946881350815,88.06651459232822,86.3783110390856,88.02920532226562,664000
2023-08-30,88.15978379413934,88.57950774335445,87.60015897786816,88.26238250732422,984000
2023-08-31,86.98567688947087,87.48321952648442,84.85468346859805,84.8922348022461,1911000
2023-09-01,85.46487731119517,85.46487731119517,82.54532746575897,82.93960571289062,1402500
2023-09-05,82.9020696381859,83.70002306514394,82.16044680131714,83.22125244140625,1143200
2023-09-06,83.15552546273062,83.85020721855646,81.8788087880221,82.02900695800781,1092000
2023-09-07,81.8975760695203,82.2636925924789,80.75228554654865,80.91188049316406,1691900
2023-09-08,80.9682148701602,81.39065486547834,80.01068087175275,81.03392791748047,1114500
2023-09-11,81.48453024174962,81.72860316237302,80.84617190668764,81.24983978271484,651900
2023-09-12,80.9118883065739,82.45145720875942,80.64903612749607,81.65351104736328,917100
2023-09-13,82.08534347916287,82.33880604281248,81.13719194722849,82.0196304321289,1177800
2023-09-14,82.98654657198884,84.55427709721677,82.7612457399175,84.38529968261719,1015200
2023-09-15,84.3853095976383,85.6714160244368,84.23511141267102,84.9955062866211,2382500
2023-09-18,84.70449746940872,84.82653394966478,82.23554885306574,82.44207763671875,838400
2023-09-19,82.58288641054563,83.3151195547675,82.37635764429125,83.08042907714844,1012000
2023-09-20,83.15552822815147,83.39960115776819,82.16982539901153,82.21676635742188,518300
2023-09-21,82.32002999517604,82.47961779283924,81.42820192869989,81.43759155273438,656300
2023-09-22,81.62534249774075,81.80370954661396,80.60209548768546,80.66780853271484,507800
2023-09-25,80.55516158989116,81.19352000992498,80.0951702343652,80.3486328125,723900
2023-09-26,80.36740426522465,81.09024775377733,79.56945810814621,79.74781799316406,1009800
2023-09-27,79.73844815887462,81.44699474639113,79.60702204923379,81.00577545166016,938400
2023-09-28,81.02453684591447,82.08534237080569,79.90741506142092,81.8037109375,908800
2023-09-29,82.1979901134294,82.74247373727715,80.50822298166783,80.85556030273438,962700
2023-10-02,80.4988430310671,80.86495964505568,79.35355222333425,80.40496826171875,1030900
2023-10-03,80.12331837165036,81.13718283677741,80.0669949554269,80.46127319335938,851100
2023-10-04,80.71475594640457,81.127806335828,79.40048777852833,80.2735366821289,643800
2023-10-05,79.9918984681652,80.2735298953943,78.66824794943173,79.18456268310547,650900
2023-10-06,79.0625155034341,80.30168072338084,78.62129633625437,79.66332244873047,719900
2023-10-09,79.21272593788747,81.48453516177587,79.12824080538228,81.06208801269531,722100
2023-10-10,81.06208803116633,81.74738736444347,80.97760289864188,81.2029037475586,620200
2023-10-11,81.09965022184765,81.80372173586683,79.9168080728834,80.7241439819336,632800
2023-10-12,80.89311188261898,81.02453797674661,78.58375844870997,79.5506820678711,898200
2023-10-13,79.71966207182379,80.9025041193499,78.79028975843158,78.85600280761719,1234000
2023-10-16,79.31599070649233,80.92127269159585,79.31599070649233,80.49883270263672,1268100
2023-10-17,80.49884961720723,81.28740633887325,80.30171043679071,80.93067932128906,924500
2023-10-18,78.13314516337198,79.02496597879892,77.41029459062122,78.64945983886719,1465600
2023-10-19,78.78090497296402,79.09069815051969,77.8045916378158,78.20825958251953,1142600
2023-10-20,78.89355704776568,80.68658869134524,77.94540544989556,80.10456085205078,1581600
2023-10-23,80.01067598074914,80.65841678982862,78.7996723294307,79.03436279296875,1148500
2023-10-24,79.32538648007521,79.80415709027812,78.32091145847174,78.6213150024414,959700
2023-10-25,78.44294719704746,78.44294719704746,76.92215740348739,77.66378021240234,815100
2023-10-26,77.72948915762373,77.85152562776439,75.26993037045689,76.05848693847656,1167600
2023-10-27,76.77194360318977,78.14253505644153,75.99276954210619,76.2837905883789,1511300
2023-10-30,76.80011287864303,77.26011139116225,75.2605438527951,75.68299102783203,1499000
2023-10-31,75.7580878267426,77.18501002655351,75.49523562208938,76.81889343261719,1450000
2023-11-01,77.16623184718546,77.16623184718546,75.48585420666556,76.47154998779297,1377200
2023-11-02,78.7715149405453,78.7715149405453,76.17114045108427,76.4433822631836,2481400
2023-11-03,76.94091675989043,77.40090803941642,75.79562621062702,76.68745422363281,1470900
2023-11-06,76.79072795880862,77.33520442941695,75.88012775000917,76.97847747802734,956400
2023-11-07,76.45277649637798,78.06744821737311,76.09604236692975,77.70132446289062,1152200
2023-11-08,77.50417453909239,77.9641729934328,76.18052408063154,76.41521453857422,850200
2023-11-09,76.86582361445136,76.86582361445136,75.16666682710002,75.21360778808594,951000
2023-11-10,75.78625093856498,75.78625093856498,74.35932884726888,75.06340026855469,1711600
2023-11-13,74.9601334359727,75.57033008023762,73.87117339766179,74.13402557373047,974600
2023-11-14,75.1009413128366,78.43354844846726,74.92257428531975,78.18946838378906,1234800
2023-11-15,78.25518850993515,79.2972147380206,77.81396929380364,78.15192413330078,1076800
2023-11-16,77.82337453815994,78.5368356938778,76.78134810092267,76.84706115722656,1687800
2023-11-17,77.79521782476253,77.91725431940581,76.49972154264056,77.541748046875,1154400
2023-11-20,77.26949741494137,77.35398971871679,76.4339998134649,77.00664520263672,853000
2023-11-21,76.81889138198902,77.35398540208779,76.33073116164809,77.26949310302734,1198700
2023-11-22,77.29765814252373,77.9547958270862,77.05358518403258,77.67316436767578,1064000
2023-11-24,77.67316374569968,77.67316374569968,76.84705578672872,77.4572525024414,405700
2023-11-27,77.13806787940634,77.13806787940634,75.61727810091583,76.42461395263672,895300
2023-11-28,76.4246066195071,77.37275094330751,75.84257168670929,77.34458923339844,1150200
2023-11-29,77.13806190856143,78.02050036706437,76.39643916440029,76.5748062133789,1131400
2023-11-30,76.66939196807057,77.63414782459382,75.74247759816308,77.60577392578125,3134900
2023-12-01,78.05978123998834,79.22316176085141,77.48282116602009,78.750244140625,871300
2023-12-04,78.68402650410292,81.31344700190415,78.49485514906185,81.07698822021484,1941200
2023-12-05,80.62298659457755,80.85944538333605,79.87577595616273,80.46219635009766,1114900
2023-12-06,80.60407150739634,81.63502834268904,80.46219479365575,80.87836456298828,954300
2023-12-07,80.90673622021828,82.06065620964225,80.43381866495594,81.36073303222656,781600
2023-12-08,81.4174785890779,81.56880843678707,79.88522329018795,79.92305755615234,1070000
2023-12-11,79.8284833238241,80.29194049905462,79.18531517168519,79.84739685058594,1043800
2023-12-12,79.97035547856912,79.97035547856912,78.911017636484,79.07180786132812,1265100
2023-12-13,78.88264664292886,80.26356498552289,77.93681156859193,80.25410461425781,1531400
2023-12-14,80.99184654616302,81.88093373440715,80.18788825831267,80.43380737304688,1933300
2023-12-15,80.64190765384429,81.34182365078262,79.90415738461878,80.34869384765625,3614700
2023-12-18,80.88781434995904,81.05806495612735,79.63931231010775,79.83794403076172,1289100
2023-12-19,80.04601890513233,80.89727190635159,79.47851930970243,80.45272827148438,1627000
2023-12-20,79.8474013086223,81.80527977256848,79.53527397850709,80.62298583984375,1016300
2023-12-21,81.06751958612757,81.81473012604897,80.70810487240468,81.19993591308594,872900
2023-12-22,81.28507452877271,82.87407785824875,81.00132109930755,82.54302978515625,758700
2023-12-26,82.55249041591885,83.22403250386562,82.19307565813241,82.52411651611328,626100
2023-12-27,82.43898104408248,82.67543979115779,81.80526611764799,82.15522766113281,511900
2023-12-28,82.17414100901036,82.57139718751492,81.78635241703823,82.18360137939453,530800
2023-12-29,82.04173419971774,82.57140676041523,81.27561008118896,81.710693359375,844100
2024-01-02,81.74852472709561,82.85515001816316,81.53097948765085,82.41060638427734,1250200
2024-01-03,82.28765718702273,84.85086955070355,81.98499023084287,82.60923767089844,2243400
2024-01-04,82.2876389882217,83.64018322805333,82.20251730819176,83.43209838867188,1614200
2024-01-05,83.0916184170692,84.85087241428327,82.845699251827,83.79153442382812,1814600
2024-01-08,83.583460655218,83.583460655218,81.90932828146373,82.845703125,1258600
2024-01-09,82.31603421420284,82.86462034816881,81.63503173288642,81.9282455444336,992500
2024-01-10,81.98498354755499,82.69435984478828,81.94714927909803,82.46736145019531,875100
2024-01-11,82.40116914802287,82.75112357036139,81.2661625242527,82.28766632080078,1152200
2024-01-12,82.7511011853259,83.55505948292343,82.11739347443182,82.16468811035156,951700
2024-01-16,82.0322831700698,82.0322831700698,80.58514937424526,81.162109375,1225700
2024-01-17,80.70810849956347,81.18102603599665,80.1027746302209,80.3392333984375,902700
2024-01-18,80.47165480510779,81.11482298385482,80.1973617507444,80.93511199951172,783600
2024-01-19,81.37019271076373,81.90931843052469,79.80956334846121,81.57827758789062,1219600
2024-01-22,82.2592765266996,82.93081855502645,81.49315243536805,82.41060638427734,876300
2024-01-23,82.68491437187883,83.23350053912638,82.52412411407701,82.57141876220703,882900
2024-01-24,82.97811934946678,82.97811934946678,80.79323528640661,80.93511199951172,684200
2024-01-25,81.37018253898074,82.28764362827047,81.01076784278558,82.21197509765625,709700
2024-01-26,82.49575727481827,82.93084065349504,81.60666977013271,82.65654754638672,917100
2024-01-29,82.5051850407161,82.76055729956396,81.06751189001227,81.19046783447266,1553300
2024-01-30,80.21625914025238,81.35126540060148,79.57309109089893,81.25668334960938,1289000
2024-01-31,81.19994249990708,81.2188632430923,79.42177509640341,79.53527069091797,2906700
2024-02-01,73.33058916125447,74.72096781827966,67.69341321457273,69.51887512207031,7420100
2024-02-02,69.16891109184034,70.98491977977967,68.47845558148938,70.11474609375,2667600
2024-02-05,69.41484586465788,70.19989082513203,68.2041779438134,70.0296401977539,2192100
2024-02-06,69.99180382667596,71.71322357809146,69.99180382667596,70.48363494873047,1671500
2024-02-07,70.86195873448062,70.9092533724526,69.22566817319074,69.67021179199219,1613500
2024-02-08,69.82155304210674,70.67280615152035,68.15688109660343,70.61605834960938,1891800
2024-02-09,70.79575414271936,70.79575414271936,69.60399992395723,70.62550354003906,941700
2024-02-12,70.62550721146411,72.25234478472412,70.51201161454323,71.6564712524414,1069800
2024-02-13,70.68226066249845,70.98492760784104,69.40537749618983,70.07691955566406,1246400
2024-02-14,70.048546611744,70.23771796525456,69.25404857544751,69.84046173095703,931500
2024-02-15,69.8310091442936,70.19988426645773,69.54725571979071,69.70804595947266,1301600
2024-02-16,69.41484518538981,69.49997410632083,68.27038545216108,68.33659362792969,876300
2024-02-20,68.1947115907878,68.66762915690444,67.42858744284668,67.75962829589844,1280800
2024-02-21,68.03391811217438,68.80004222365257,67.55154019717192,68.57304382324219,1108800
2024-02-22,68.12849599767874,69.84991546215119,68.1095824722004,69.66075134277344,1298700
2024-02-23,69.9066714319744,70.27554652113639,68.97028954457977,69.37699890136719,1351400
2024-02-26,69.18784218016519,69.8782977937758,68.95138339432468,69.45267486572266,1115600
2024-02-27,69.61345457992125,70.37958583715694,68.9608333366851,70.19987487792969,1492200
2024-02-28,69.92558872019053,70.52146223101846,69.793172384451,70.36067199707031,1167100
2024-02-29,70.99008305689124,71.54319744697712,70.47510846545087,70.64676666259766,2670300
2024-03-01,71.1903656730529,71.1903656730529,69.2735165885655,70.45604705810547,1402500
2024-03-04,70.37974790118531,70.47511195414084,67.07056360537146,67.18499755859375,2261400
2024-03-05,66.83214531244617,67.3947982798758,65.90709878217405,66.42207336425781,1624600
2024-03-06,69.20674541062115,70.87564171733044,68.05282369450798,68.62501525878906,2525600
2024-03-07,68.72992889145917,69.3688761192101,68.22449280754239,69.24490356445312,1576900
2024-03-08,69.44517071377095,69.85524273691088,68.9397346266986,69.09231567382812,1066000
2024-03-11,69.44517820221294,71.8960720162016,69.44517820221294,71.5241470336914,1802200
2024-03-12,71.4001567828615,72.40149022786993,71.19989009385982,72.17261505126953,1391600
2024-03-13,71.89606497521417,73.83198386787268,71.77209241845593,71.81977081298828,1794900
2024-03-14,71.45737283048908,71.61949244198448,70.0173516749573,71.42876434326172,2175100
2024-03-15,71.00915733457906,72.35381450777443,70.48465139904197,70.51325988769531,10532600
2024-03-18,70.83750096077831,70.9519421941655,69.82662886453058,69.97920989990234,1794600
2024-03-19,70.19855888193167,71.07591990758685,69.61682863592273,70.62770080566406,1748800
2024-03-20,70.40835505041893,70.54186617717964,69.54052545066362,70.52278900146484,1146800
2024-03-21,70.39881508921158,70.9805452483822,69.38794307036912,70.90425109863281,1352000
2024-03-22,71.53366661147048,71.83883593333978,70.65629844476202,71.01869201660156,981100
2024-03-25,71.39062510643865,71.47645057754362,70.46557844686878,71.35247802734375,2006100
2024-03-26,71.44783999735081,71.5336727417566,69.4451656962204,69.45470428466797,1683000
2024-03-27,69.06370230844048,71.09499237833127,69.06370230844048,70.87564849853516,1185200
2024-03-28,71.59088695725717,72.74480873728935,71.01869536128075,72.61129760742188,1461700
2024-04-01,71.26664246226022,71.70532289600114,69.71218013151072,69.94105529785156,1324700
2024-04-02,69.9792066830337,69.99828385896016,68.70131237677043,68.87297058105469,1165700
2024-04-03,69.40701847659237,69.74079631346439,68.34846071121885,68.4438247680664,852200
2024-04-04,68.39614878823016,69.61682622084948,68.1481964110383,68.35800170898438,881300
2024-04-05,68.1005084065315,68.63455288896984,67.7762619166151,67.88116455078125,1034700
2024-04-08,67.57599950552189,69.19721023010973,67.51878252901976,68.72038269042969,1004700
2024-04-09,68.22447664644821,69.63588191144893,68.22447664644821,69.55005645751953,1049600
2024-04-10,68.8538884780805,69.31164608201921,67.71904396922982,68.67269897460938,1055600
2024-04-11,69.33071929142486,70.12225472988146,68.68223356576809,68.80621337890625,945700
2024-04-12,68.3961534813906,68.3961534813906,67.12779029372953,67.213623046875,743300
2024-04-15,67.26128953569282,67.48063339862556,65.29676246027103,65.81173706054688,1285700
2024-04-16,65.64009057936386,65.64009057936386,64.22867765153428,64.74365234375,1643000
2024-04-17,63.01752796399277,65.67822644828341,61.98757875540078,65.62100219726562,2071400
2024-04-18,66.0406280802983,66.6986525511634,65.78314435628853,66.63189697265625,1685900
2024-04-19,66.82261430414259,68.23402709021279,66.67956458025941,67.91931915283203,1570600
2024-04-22,68.33893536424904,68.55827198656429,67.26130032794717,67.48064422607422,1344600
2024-04-23,67.03242077611132,68.29124527198992,67.02288218746816,67.08963775634766,843200
2024-04-24,66.6032714987702,67.69044505233794,66.43162055831411,67.65229797363281,1136000
2024-04-25,67.90023788361049,68.26263146571497,66.46975528261467,67.0038070678711,2364300
2024-04-26,66.81307940382794,67.51878947372467,66.46023164469118,66.96566772460938,1026300
2024-04-29,67.02287907394992,68.47243889629652,67.0038091733608,68.37706756591797,1640700
2024-04-30,68.23402400850155,68.4342907025687,66.90844402695403,67.70951080322266,3140500
2024-05-01,67.661826683981,69.45470293510604,67.14685933079726,68.74899291992188,2855900
2024-05-02,77.24605395894682,81.0606739075368,75.9109355217783,77.1792984008789,6430400
2024-05-03,77.45586764257962,77.88500952313561,76.17796603742532,77.4367904663086,2545800
2024-05-06,78.13295747632353,78.29507708642706,75.00497011893783,75.10033416748047,2101200
2024-05-07,75.25293097160215,76.19704752776516,74.53768961297321,75.84419250488281,1399600
2024-05-08,75.73929220173652,77.28421620349718,75.38644444374151,77.21746063232422,1192800
2024-05-09,77.465402438098,78.15202795820898,76.68340559292301,77.49401092529297,1013300
2024-05-10,78.00899157654177,78.99125518412598,77.58938099628789,78.8863525390625,1289800
2024-05-13,79.11522326147632,80.75551113620712,78.8863480832706,80.55524444580078,1283100
2024-05-14,81.04161284799679,82.38626274310843,79.97351652660745,79.9830551147461,1465200
2024-05-15,80.32636554442193,80.32636554442193,78.2378587221425,79.48714447021484,1832700
2024-05-16,79.34410325634573,79.5920556253437,77.88501208351632,79.29642486572266,1334000
2024-05-17,79.36318443123776,80.64107886696554,79.22967328946952,80.2119369506836,1625400
2024-05-20,80.21193150666484,80.76505321405635,79.58251564463772,80.61246490478516,1268100
2024-05-21,80.38359110551401,80.56478790695142,78.55257501749064,78.77191162109375,1234600
2024-05-22,78.2283332758306,80.59340132433023,77.6179945425039,80.4312744140625,2018200
2024-05-23,80.11656149947547,81.62333092463096,79.96397320153994,80.67921447753906,2228300
2024-05-24,80.86041137093989,82.82493841672883,80.86041137093989,82.70096588134766,2141600
2024-05-28,82.57699038156959,82.72004009959231,81.12743785260628,82.0429458618164,2035500
2024-05-29,81.28002594511022,81.43260697500548,80.02120152627812,80.09748840332031,1411200
2024-05-30,80.12610503269104,81.21327863177949,79.51576629947638,80.9557876586914,1389700
2024-05-31,81.25139806005872,82.55790794847493,80.91762028588225,82.36717987060547,6564000
2024-06-03,82.74865993709767,83.91212046539623,82.64376455702612,83.07290649414062,1295500
2024-06-04,82.96799256420151,83.16825925936261,81.83314068247765,82.00479888916016,1143300
2024-06-05,82.25275100873586,83.63554797044242,81.89036469604726,83.57833099365234,1066500
2024-06-06,84.11237684397487,84.24588797580572,83.2254773106352,83.75952911376953,1023900
2024-06-07,83.15452692414375,85.0943872632732,82.92405100696408,83.52906036376953,1538100
2024-06-10,83.08730099255696,83.32738219983939,81.83888311070652,82.19419860839844,1321000
2024-06-11,81.48356531964528,81.5795963431508,80.66729062980225,81.09943389892578,1172300
2024-06-12,81.8773029716546,82.68397237030953,81.02261439735221,81.42594909667969,772600
2024-06-13,81.12823469445837,81.35871057329798,80.10068754820729,81.16664123535156,818600
2024-06-14,80.89776467686237,80.89776467686237,78.90029452346495,80.28315734863281,1009400
2024-06-17,80.28314011647792,82.59752606405956,79.92782468133744,82.39585876464844,1252200
2024-06-18,82.53990873772679,84.03802031909743,82.14617940294285,82.2710189819336,1211400
2024-06-20,81.93491848470464,84.19168048781061,81.93491848470464,84.0188217163086,1773300
2024-06-21,84.05723411151966,84.73906388525204,83.02968680086704,83.34659576416016,4336700
2024-06-24,83.67309138241475,85.5361237097287,83.21213961333882,84.97913360595703,1310300
2024-06-25,85.48810705280077,86.65970443420935,84.7774687807008,85.94906616210938,1478200
2024-06-26,85.46891850899104,86.5060711886312,85.2288372772242,85.7186050415039,1751400
2024-06-27,85.58414123395339,86.006679126378,84.0092092875711,84.2492904663086,1087500
2024-06-28,84.71986372715766,85.13280372662548,83.80755067746489,84.62383270263672,3426300
2024-07-01,84.80627072117151,85.35365549941449,83.11610454813466,83.36578369140625,907300
2024-07-02,83.34659431519684,83.83636203843557,82.61674538030933,82.73198699951172,1396100
2024-07-03,83.11611397790396,84.33572324439398,82.97206379324533,84.03802490234375,799700
2024-07-05,82.8184133543801,84.1244557419069,82.11738031393679,83.0584945678711,1430300
2024-07-08,83.26017003690242,83.73073453650917,82.3094503901321,83.183349609375,1043200
2024-07-09,84.19167080844193,84.41254872923842,82.98166687373724,83.1161117553711,1388700
2024-07-10,83.55786532637124,83.55786532637124,80.89776145015966,82.05015563964844,1653700
2024-07-11,82.48228586568717,83.6730864128881,82.07895126002659,82.94324493408203,1084800
2024-07-12,83.44262676499672,84.07644469142986,82.79921086515502,83.31778717041016,1702400
2024-07-15,83.6442793202281,83.88436049355062,82.60712689306776,83.57705688476562,1755500
2024-07-16,83.71151861109392,85.57455123574302,83.71151861109392,84.25890350341797,1606800
2024-07-17,83.63468624715698,85.46891019627361,83.10651198465891,85.44010162353516,1279700
2024-07-18,85.18080613953644,86.24676724504015,83.50984305254282,83.93238830566406,1457200
2024-07-19,84.15324721398298,85.37286363362233,83.34657801739581,85.3344497680664,1400300
2024-07-22,87.024634284802,87.73527257120955,86.13153194547628,86.6116943359375,1549400
2024-07-23,85.50732019374503,87.47598161752497,85.08477494153814,87.03423309326172,1254600
2024-07-24,87.05345043630994,87.86011980571274,86.09312557176533,86.63090515136719,1160300
2024-07-25,86.91900387566925,87.97535974108457,85.72819579123285,85.8626480102539,1765000
2024-07-26,86.02589387824126,86.5444701285624,85.02715524725573,85.92025756835938,1379100
2024-07-29,86.03549127485238,86.34280223004959,84.99834610784755,85.708984375,1297400
2024-07-30,85.92986236260688,86.61169205994099,85.13279105697964,85.79541015625,973400
2024-07-31,85.93946757239783,86.41003201753476,84.00921992613145,85.51692962646484,4435500
2024-08-01,94.93771368611458,101.22784428020489,94.38072352392429,98.15480041503906,4117400
2024-08-02,97.52099693955815,98.65418061943528,93.9101732487585,94.71684265136719,2362100
2024-08-05,94.11183348957118,95.43707911946646,92.68095154207226,94.81287384033203,1705400
2024-08-06,94.58239909698007,97.3865534250783,94.17906438993568,95.24502563476562,1626100
2024-08-07,95.32185004586994,96.29177290357484,93.79492967029024,93.89096069335938,1342400
2024-08-08,94.20786399384419,95.54271491625344,93.35317548458063,94.65921783447266,1662200
2024-08-09,95.08176305990281,95.1105716324071,93.9965913175946,94.60160064697266,745100
2024-08-12,94.36151207952983,94.8512724272914,93.64126851631956,94.78404998779297,818700
2024-08-13,94.15984391378804,94.70722872383463,92.54649805364599,94.36151123046875,1169300
2024-08-14,94.36151771155036,94.54397444296679,93.4972239187729,93.91016387939453,798700
2024-08-15,94.71683313639062,96.01327748801376,93.82373077225085,93.95817565917969,771900
2024-08-16,94.04460455110348,95.55231413943167,93.3435642487461,95.2834243774414,1227200
2024-08-19,95.27381594104007,97.08882910140431,94.60159155820007,97.04081726074219,1153300
2024-08-20,96.992816691989,96.992816691989,95.08177215715685,95.24502563476562,770200
2024-08-21,95.71557844618198,96.99281228718294,95.25462660954985,96.6759033203125,755700
2024-08-22,96.6278779555523,97.49216436000867,96.57985878788413,97.30970764160156,663600
2024-08-23,97.21367769871868,98.02995227115207,97.09843609106949,97.75145721435547,605000
2024-08-26,98.32765171391314,98.59654147477984,97.57859957244263,98.25082397460938,628600
2024-08-27,98.40449008126002,99.633704736094,97.82829662764375,99.48965454101562,849900
2024-08-28,99.44164353672998,99.87378679893104,98.59655295934505,99.83537292480469,915300
2024-08-29,100.10426065210338,100.49799735875366,98.81742886555276,98.92306518554688,1028800
2024-08-30,99.36481488598817,99.74894629706539,98.70218838504739,99.40322875976562,1640900
2024-09-03,99.15353480796179,99.96980941610204,98.4332912137151,99.49925231933594,1109300
2024-09-04,99.5184414926609,100.2578955809459,99.09590362605087,99.99860382080078,1213400
2024-09-05,100.07544228087401,100.3539373402563,97.16565943265763,98.12598419189453,1034700
2024-09-06,98.42550563061461,99.05352149586828,96.5414359205807,97.39168548583984,1148400
2024-09-09,97.44965890953968,99.09217449303112,97.44965890953968,97.65255737304688,1032200
2024-09-10,97.56560404786865,98.03903379605212,96.77333069784899,97.65255737304688,859300
2024-09-11,97.42067532261993,97.43033188899692,95.6042383299846,96.68637084960938,876100
2024-09-12,96.61874221460016,97.24676551328007,95.0631798752311,96.09700012207031,974000
2024-09-13,96.35787067859856,97.0052144542432,94.46413692639901,96.68637084960938,744200
2024-09-16,96.72502412971664,97.27575066951952,95.72018831874864,96.91825866699219,1049000
2024-09-17,97.43034009569544,97.9907305926014,95.8747850641312,96.86995697021484,1460200
2024-09-18,97.18878372146484,100.13565813978549,96.60907277547092,98.58975982666016,1649100
2024-09-19,99.50763500045977,100.33855672693882,98.77333790795358,100.13565826416016,1514800
2024-09-20,99.26608700867236,101.0535321450984,97.49796974738689,100.67671966552734,7034200
2024-09-23,100.6767327656121,103.24679500830828,100.54146710772551,102.85065460205078,2095000
2024-09-24,102.66707030156252,105.29510108390944,102.15499218336285,105.1888198852539,1678200
2024-09-25,105.18882654034365,105.54631116623462,103.84582662300873,104.36756134033203,1115000
2024-09-26,104.88930123435898,105.63326965645025,103.59461366344146,103.90379333496094,1137100
2024-09-27,104.82165686247768,105.01489874302676,103.93276632622394,104.67672729492188,982100
2024-09-30,105.25645147545463,106.77336530867788,104.85064718922703,106.63809967041016,1474800
2024-10-01,106.6381059786419,106.6381059786419,104.70573117887876,106.0873794555664,1190500
2024-10-02,105.26611698353963,106.21298390327199,104.57046822967968,104.7347183227539,649900
2024-10-03,104.35791000230095,104.62844131266759,101.71055104474094,101.93277740478516,976100
2024-10-04,103.23712307398633,104.84099770960422,101.89412316653517,103.12118530273438,1224300
2024-10-07,103.23712820483142,103.46901113028473,102.4158703414726,103.11152648925781,632300
2024-10-08,103.0149059622887,104.72505446202598,102.62842951779706,104.28060913085938,1105500
2024-10-09,103.6332617653842,104.87964438606171,102.6187620548671,104.59944915771484,1005100
2024-10-10,104.6960739189003,104.6960739189003,102.94727697242394,104.38689422607422,859900
2024-10-11,104.90862044358973,106.62843268505443,104.80233924921389,106.44485473632812,620900
2024-10-14,106.85066470135648,106.85066470135648,104.95693821681913,106.43521118164062,687300
2024-10-15,106.61876776310088,107.54630669246646,104.70572102485443,105.4110336303711,1181200
2024-10-16,107.25646354334847,109.27579163727647,106.78302641784427,106.89897155761719,1077000
2024-10-17,106.68640893955858,107.25646332801671,105.96176840313831,107.14051818847656,725800
2024-10-18,107.2951098311041,107.2951098311041,105.57529012941892,106.40621185302734,1684000
2024-10-21,106.18399394887645,106.18399394887645,104.79268177051726,105.19847869873047,1056900
2024-10-22,105.16949275168409,105.19847719308095,103.9231101716469,104.43518829345703,924100
2024-10-23,104.31925575306819,105.11152913377279,104.07770890076283,104.21297454833984,832400
2024-10-24,104.2516228009904,104.43519339594764,102.74436543189078,103.12118530273438,1089700
2024-10-25,103.71055523440806,104.7057344796553,103.12118768361177,104.46418762207031,954500
2024-10-28,105.1888292712091,105.4303761312658,104.20331395417962,105.25646209716797,1123500
2024-10-29,105.31442345513237,106.57046998619464,104.25161882115451,104.34823608398438,1091500
2024-10-30,104.2612924835809,106.2613002335461,103.65258966527063,105.93279266357422,2247100
2024-10-31,99.76850874849313,104.86031288669798,97.04386069112977,99.55594635009766,4086800
2024-11-01,99.42068909988213,99.97141564609986,98.13565803489904,98.37720489501953,1570100
2024-11-04,98.8119822535142,100.62841928504493,98.5221304560789,99.17913818359375,1027500
2024-11-05,99.50764354615436,101.46900289288043,99.04387769752493,101.38204956054688,1148000
2024-11-06,103.21780328114149,103.72988143150249,100.00039742106101,102.82166290283203,2331900
2024-11-07,103.05354964765336,105.70090100892794,102.86997168631498,104.26128387451172,1734200
2024-11-08,104.20330534404386,105.64292244702976,104.07770364090567,104.88929748535156,933100
2024-11-11,105.32410142946419,106.7443982337637,105.25646859932733,105.34342193603516,917600
2024-11-12,106.78303848556467,106.78303848556467,105.00525703668514,105.4013900756836,958000
2024-11-13,105.62360575130153,107.98110535451008,105.57529343297027,107.90380859375,1462900
2024-11-14,107.5656417092264,108.44486838309606,106.85065774774817,107.7105712890625,1137000
2024-11-15,107.49800780304271,107.73955464318976,106.3095941060924,106.46418762207031,992100
2024-11-18,106.46419222070212,107.3144344810324,105.88447388216909,106.27095031738281,629400
2024-11-19,105.34341894001518,106.46419994632244,105.10187207190675,105.39173126220703,773700
2024-11-20,105.8748280095573,105.89414851612828,104.51250009639634,105.34342193603516,645400
2024-11-21,105.67191715866511,105.8458311831636,104.58012069375935,104.86997985839844,774000
2024-11-22,104.73471685696212,105.16949824346783,103.16949059697666,103.97142791748047,1265700
2024-11-25,105.12119151656721,105.94244932796973,102.27093427867929,103.90379333496094,2658500
2024-11-26,104.06804630821209,104.45452275118258,102.22263216587993,102.7636947631836,1513800
2024-11-27,103.13084803394709,103.47867611134392,100.86997290229316,101.69123077392578,1315800
2024-11-29,101.86513359319636,102.19363375709825,101.38203991351155,102.01006317138672,499000
2024-12-02,102.38687662262872,103.84582161310901,101.19846291590909,102.58977508544922,1200100
2024-12-03,102.27094105091835,104.4158783891178,101.92311297599815,103.9617691040039,1362900
2024-12-04,103.53664902502801,104.03906324756872,102.08736787319789,103.98109436035156,978200
2024-12-05,104.29027212769763,104.60910837295695,101.91345196695318,102.58011627197266,943800
2024-12-06,103.53254863283753,103.53254863283753,101.61797762442376,102.4635009765625,1013100
2024-12-09,103.01745095253139,105.69979420439937,102.9299868645639,105.09723663330078,1225600
2024-12-10,105.34020357364095,106.73968831557703,103.34788195711941,106.13713073730469,1211200
2024-12-11,106.90490284214354,107.5463358182641,105.60261031204331,106.05937957763672,1236700
2024-12-12,105.60261661270404,111.45322747301998,103.54226478388065,110.85066986083984,2392200
2024-12-13,111.5892811079978,111.5892811079978,107.19646472277812,108.2460708618164,1632100
2024-12-16,108.14889567567701,109.07216982274112,106.50644510295749,107.0118179321289,1064900
2024-12-17,106.63278244758706,107.39083420858589,105.69979509445587,105.81641387939453,792200
2024-12-18,106.12741080761532,106.45784800285986,103.35760341460335,103.45478820800781,947400
2024-12-19,103.98931884765625,104.57243504049256,101.92896705726162,102.04559326171875,1352100
2024-12-20,102.0844679450253,102.43433914121063,100.06299157033776,101.40415954589844,2001800
2024-12-23,101.20006910612838,101.73459660362762,99.95608592801155,101.08345031738281,864000
2024-12-24,100.94738820496947,101.44303287718128,99.9560840310969,101.3458480834961,271800
2024-12-26,101.36530111234657,101.69573093170406,100.51005703452657,101.38473510742188,526100
2024-12-27,101.21951380093996,101.79290930349102,100.28652638705572,100.96682739257812,517600
2024-12-30,100.14075259154296,101.63742232467894,99.29522921202691,100.56837463378906,881700
2024-12-31,100.88907538323886,101.34585208780403,100.15046499026838,100.4128646850586,573300
2025-01-02,101.16119174467539,101.79290402546286,99.37296781446571,99.88805389404297,614000
2025-01-03,101.02512471177654,101.59852756050489,99.9560772245873,101.5013427734375,810800
2025-01-06,101.50134283054759,102.39545473562902,98.86759580150236,100.60722351074219,929200
2025-01-07,100.85992259742471,102.63843334327511,100.68498699267344,101.12232971191406,720500
2025-01-08,101.40415781797867,102.08446620551312,100.16017465928361,100.6947021484375,931500
2025-01-10,100.10187453230036,101.21951830371282,98.82873655901908,98.89676666259766,849800
2025-01-13,98.5371691725266,100.7918905827769,98.08039246797475,100.65583038330078,818100
2025-01-14,100.88908114660816,101.62769899649756,99.62566387715876,99.94637298583984,838000
2025-01-15,101.54993834084507,102.22052602208124,99.70339760254332,100.13101959228516,1074700
2025-01-16,100.34483129521247,101.20978856985764,99.33409312169714,99.80059051513672,748300
2025-01-17,99.32437482746063,100.98626673428362,98.80928873171798,100.6655502319336,1119300
2025-01-21,100.98626876663974,102.52180638068342,100.74330306264693,102.42462158203125,840500
2025-01-22,102.61898875050247,103.89213405130431,101.54022787185386,102.28855895996094,976100
2025-01-23,103.23126705549657,104.04762824252248,101.92896705726162,103.98931884765625,1016000
2025-01-24,104.54328105256104,106.03022994953872,103.84353865051867,105.11668395996094,1083700
2025-01-27,105.43738786435462,106.63278231152121,105.40823316815715,105.98163604736328,1137200
2025-01-28,105.28190686339107,106.9923801821099,104.50441359871866,106.72998046875,1017600
2025-01-29,106.1954428980512,107.14787168663342,104.66961862731125,104.89315032958984,1507800
2025-01-30,96.79753064649776,102.32743219407435,95.24255169362831,97.61389923095703,3351500
2025-01-31,100.05326456068727,100.5586373298713,96.11722497375064,96.69062042236328,2419300
2025-02-03,96.29215801678164,96.447652192998,94.00828215659429,95.33972930908203,1343200
2025-02-04,96.38935246118938,96.63231816033385,95.33973886135126,96.04920196533203,951700
2025-02-05,96.15610710904002,96.15610710904002,94.37759641837329,94.51365661621094,1513300
2025-02-06,95.3688956663321,95.77708368510565,93.44461143883122,93.92082214355469,1139100
2025-02-07,93.94997370277117,94.42619180630855,92.98783162116693,93.87222290039062,1087400
2025-02-10,94.29012421461685,96.89471677711613,94.05687922215077,96.54484558105469,1300600
2025-02-11,96.36991896029457,97.00162384951918,95.5535503513397,96.93359375,1094700
2025-02-12,96.22414039254443,96.86556600147526,94.68859534930026,94.80522155761719,953800
2025-02-13,94.88295856150881,96.28244330820777,94.7760530647624,95.84510803222656,979800
2025-02-14,96.02004018420729,96.83640131404037,95.68960300209093,96.69062042236328,854000
2025-02-18,96.7975399461493,97.18628657539593,95.85483178001192,97.10853576660156,933200
2025-02-19,96.70034596554721,97.61389934537077,95.95201489241323,96.23384857177734,1158100
2025-02-20,96.23385766859272,97.7499687806167,95.33002490718955,97.59446716308594,1087000
2025-02-21,97.58474227158312,98.32335262286819,95.62157536463894,98.04151153564453,1616100
2025-02-24,98.21645026801875,99.40212404710861,97.5264285833258,97.8471450805664,1158800
2025-02-25,98.0415217111225,98.74126414999542,95.75764549488042,95.99089050292969,1281700
2025-02-26,96.04920806839932,97.098821734931,95.27171481584436,95.41749572753906,1541200
2025-02-27,96.1755343475581,98.43997627566674,95.85481786886992,96.4476547241211,1573800
2025-02-28,96.53512979937419,98.88703590072237,96.53512979937419,98.76069641113281,1835500
2025-03-03,99.05225849675543,99.45072581870882,97.19600433506831,97.5458755493164,929500
2025-03-04,97.71108449109876,97.71108449109876,95.30086154161674,95.58270263671875,1469200
2025-03-05,95.3300185179414,96.50597903120767,94.8538078219394,95.15509033203125,1346600
2025-03-06,94.98015075269805,96.03947760153311,94.23181227560362,95.35917663574219,1063600
2025-03-07,95.65259202674957,100.9437998716997,95.53522420054587,100.20048522949219,1709000
2025-03-10,99.56476801201329,102.9585705322957,99.19310694259836,99.33003234863281,2159500
2025-03-11,99.47674314364868,100.19071774875484,95.31027827183956,95.89710998535156,1665800
2025-03-12,96.1709546171884,96.20029470860106,92.99231537498765,94.06816101074219,1325600
2025-03-13,94.84081509077242,95.41785678285989,93.92145243626055,94.20508575439453,1164800
2025-03-14,94.38113832616911,96.35678166904628,93.84321175510415,96.21985626220703,1231200
2025-03-17,96.40568881714371,99.09530680505028,95.97534755127859,98.78233337402344,1122800
2025-03-18,98.55737799604286,98.77254862411414,97.48153231756152,97.86296844482422,988400
2025-03-19,97.6966916459738,97.87273964295439,96.2198449747408,97.12942504882812,1130600
2025-03-20,96.48393764901971,97.17834724189893,95.0266557558471,97.11966705322266,1558000
2025-03-21,96.28831446539725,98.07813465069886,95.9557834820077,97.75537872314453,7028800
2025-03-24,98.09770229109617,98.74320670147146,97.73582374496729,98.27375030517578,1331300
2025-03-25,98.00967124126328,98.81166606455342,97.12943120060955,97.80428314208984,1400400
2025-03-26,98.05858819803055,99.95598644582721,98.05858819803055,99.64301300048828,1075600
2025-03-27,99.64300090609846,100.6699488630901,98.83123102763683,99.44739532470703,1082900
2025-03-28,99.74081968051674,100.27873880624028,98.56716370626715,98.90947723388672,1218400
2025-03-31,98.61605396517878,100.59169707084779,98.42044093469849,100.15158081054688,1662600
2025-04-01,99.60387990773683,100.69929058211238,98.57693939601732,100.5036849975586,1244900
2025-04-02,100.23961435366007,100.73841832010407,99.13442856710292,100.56237030029297,1176100
2025-04-03,98.23462605141808,99.47673718528593,92.05339554987249,92.68911743164062,1683000
2025-04-04,91.22205628913964,92.1609840219826,88.83563673196592,88.94322204589844,1524700
2025-04-07,87.2414220017101,90.13643549596193,84.57136911519154,87.21208190917969,2133600
2025-04-08,88.76716990231606,89.16816358498087,83.89651329484379,85.06038665771484,1976900
2025-04-09,83.9943126033833,91.41766130247396,82.82066423336373,89.92125701904297,2902900
2025-04-10,88.76717209433431,89.18773082275811,85.90150621504533,88.28792572021484,1447600
2025-04-11,87.5837426436644,90.1657752426891,86.73284265417047,89.25619506835938,1142000
2025-04-14,90.38094237218522,91.11447450174765,89.27574918804468,90.3418197631836,722800
2025-04-15,90.48851891068114,91.64260974297376,89.43223833041509,89.54959869384766,1125000
2025-04-16,88.87476547035043,89.62785525792675,87.14362527180563,87.8869400024414,817000
2025-04-17,88.48354511967477,89.82345915891162,88.1999117743937,89.13883209228516,1036100
2025-04-21,88.11187796705268,88.42485884668744,86.33184025444177,87.30988311767578,926800
2025-04-22,88.2683665126365,88.91387837021826,87.44681410685033,88.2977066040039,1109400
2025-04-23,89.87236186302745,91.08513297481647,88.09232407599632,88.62046813964844,1118500
2025-04-24,88.71826115119273,90.12664516557317,88.52265557669516,90.00927734375,1365900
2025-04-25,88.79650035664935,89.34420189767762,86.84041489654969,87.77933502197266,1108200
2025-04-28,87.73044339477349,88.67914618274415,86.80130564306253,87.12406158447266,1513000
2025-04-29,86.4003008737179,87.13383300346165,85.81347666229783,86.3905258178711,2089700
2025-04-30,86.39052876805347,87.260986328125,84.80609662742471,87.260986328125,3008200
2025-05-01,85.68633400605894,90.61567082640012,85.2266526763037,88.2977066040039,1956000
2025-05-02,89.32465374078468,90.75259538173228,87.97494985546292,88.83563232421875,1359600
2025-05-05,88.46398361469448,89.11927807534552,87.58375091156374,87.9651870727539,1118500
2025-05-06,87.05559689401133,87.50549571333924,86.06777151794631,86.38074493408203,1477700
2025-05-07,87.38812157374926,87.53482948425416,84.67894633550597,85.61786651611328,1592700
2025-05-08,85.930847940076,88.03364162215873,85.49073162930577,87.61308288574219,1109500
2025-05-09,87.88692938538122,88.01407226712878,86.70349845536657,87.01647186279297,709600
2025-05-12,91.3296310661996,93.90188832379742,91.00688262351312,93.84320068359375,2228400
2025-05-13,94.1855348854139,94.8310393235611,93.4520027055022,94.16596984863281,1631600
2025-05-14,94.33222356881232,95.95577817258469,93.88232478342191,95.87753295898438,2583700
2025-05-15,95.95577928192819,97.22723790107271,95.564560671278,96.58172607421875,1696600
2025-05-16,97.61845890451046,98.54760413133691,97.16856006850112,98.07814025878906,1634800
2025-05-19,97.10988303469868,98.1955112796958,96.79690959679978,97.88253784179688,1152700
2025-05-20,97.51086318063514,98.85078448924267,97.30547509015504,97.87274169921875,1263100
2025-05-21,96.94360133144872,97.3837175899429,94.94839319998513,95.04619598388672,1202700
2025-05-22,94.76257435383084,94.83103705717805,93.31507506538253,94.40069580078125,1194900
2025-05-23,93.40308756616656,94.06815696982471,93.20748199056834,93.64759826660156,938700
2025-05-27,94.63542258656686,95.32004955580709,93.64759727791366,95.16356658935547,913600
2025-05-28,95.36896152230722,95.38851909631394,93.285725451535,93.48133850097656,1240000
2025-05-29,93.75518575187867,94.24420716412011,93.0118711159468,93.98991394042969,993600
2025-05-30,93.9899205998773,94.24421384158511,93.19770824371557,93.86277770996094,2199700
2025-06-02,93.96057820915928,94.21487144464835,92.08273768987438,94.00948333740234,1089500
2025-06-03,93.3052931576518,94.8701602885938,92.72824397262862,94.17575073242188,1197000
2025-06-04,94.38113786988201,94.76257399592946,93.71606841336018,94.0486068725586,724100
2025-06-05,94.27354731426468,94.4006901952526,93.3248445800195,93.41287231445312,697100
2025-06-06,94.52528484352854,95.31283451012769,94.08229285021041,94.3087158203125,690200
2025-06-09,94.5449744107645,94.99781282450728,94.01337953098906,94.24964141845703,683500
2025-06-10,94.2299511604241,95.06671791430439,93.21598612249377,94.67294311523438,686600
2025-06-11,95.09624834965025,95.13562658005695,92.45796699743666,93.10769653320312,1231000
2025-06-12,92.91081258772849,93.56054217389074,92.46782060489427,93.52116394042969,916500
2025-06-13,92.89112014067243,93.56053503718789,91.90668691112789,92.0838851928711,981500
2025-06-16,93.06832546966534,93.70820861944793,92.25124402472187,92.39891052246094,1159800
2025-06-17,92.16264172282943,92.8222101845673,91.6310468772016,92.13310241699219,1050300
2025-06-18,92.09373741834948,93.02894604096433,91.837782659599,91.95591735839844,1077100
2025-06-20,92.41859087988774,92.79268032198911,90.94194100370994,91.18804931640625,1665300
2025-06-23,91.20775182626372,92.52688891662083,90.92226525209006,92.48751068115234,625800
2025-06-24,92.84190209758516,93.16676688905933,91.69996337538353,92.81237030029297,1396900
2025-06-25,92.66470874318637,92.66470874318637,90.92226501438651,91.26681518554688,818600
2025-06-26,91.67043170518585,92.36937844771356,91.34556691326127,91.73934173583984,732600
2025-06-27,92.01498219767379,95.36205693598583,92.01498219767379,95.15532684326172,1804400
2025-06-30,95.25376353374982,95.25376353374982,93.56053713919117,94.45636749267578,1110900
2025-07-01,94.94858608156173,98.08893062269003,94.74185599571423,96.77963256835938,1253200
2025-07-02,97.06511535751247,97.79359384760043,96.47445691931604,97.59671020507812,801300
2025-07-03,97.74437816974215,98.31535125656872,96.26772829661594,96.50399017333984,478200
2025-07-07,96.24803183644084,96.60242839362547,94.84029204279896,95.22422790527344,1211000
2025-07-08,95.2242323253943,97.03558591452465,95.2242323253943,96.79932403564453,1216700
2025-07-09,97.2029445258234,98.24644895882194,96.68119606463925,97.57703399658203,965200
2025-07-10,98.06925365674473,100.98317549006691,98.06925365674473,99.27025604248047,835000
2025-07-11,99.30962579916097,100.41219376789003,97.59671400844978,97.85266876220703,776800
2025-07-14,97.25216609736513,97.63609448149778,95.94286801269227,96.49414825439453,1006400
2025-07-15,96.47447257662566,96.74026628823067,95.48019274607363,95.54910278320312,734600
2025-07-16,96.49413896257285,96.95682376828911,95.79519229182482,96.41539001464844,933800
2025-07-17,96.43508153149547,97.77391136987718,96.20866608698329,96.99620819091797,1041900
2025-07-18,97.95111454665174,97.95111454665174,95.27345473623843,95.96256256103516,1232700
2025-07-21,95.77550523207192,96.45476653143635,94.7713791799133,95.31282043457031,756100
2025-07-22,95.53926281574284,97.55734674433153,95.53926281574284,97.39984130859375,888100
2025-07-23,97.90189361596916,99.27025537109769,97.3801451423687,99.0241470336914,1063600
2025-07-24,99.03398686321353,101.66242192880804,98.78787854222611,101.56398010253906,1835400
2025-07-25,102.105417067588,102.16448065870979,100.28421707191319,101.11113739013672,1416900
2025-07-28,100.63861941036022,101.16036785686457,99.66402503719134,99.9101333618164,1066400
2025-07-29,99.17181144132032,99.24072147391179,97.04543935661893,98.23660278320312,1540900
2025-07-30,98.33504182100455,98.60084301818674,95.3817419184561,96.12991333007812,2255300
2025-07-31,108.7503415810653,114.35176913843242,103.31626587249579,113.52484130859375,6470000
2025-08-01,112.40258852928666,113.20982349202197,110.0005690013588,112.08757019042969,2339400
2025-08-04,112.1564819079001,114.46989857287295,111.63473348042538,113.2393569946289,1318000
2025-08-05,113.68236457867864,114.6667979114982,112.85543667358247,114.50928497314453,1241000
2025-08-06,113.84971119115266,116.09421788474786,113.58390999759906,115.90717315673828,1244500
2025-08-07,116.56674328286873,117.34443893130913,115.66105899609298,115.98592376708984,1216700
2025-08-08,116.36985225868408,117.13770898325666,114.91289527119496,114.96211242675781,1091800
2025-08-11,114.96211396133391,115.14915868260643,113.90877068216973,114.4305191040039,1104500
2025-08-12,114.97196130049647,117.03926964371999,114.83414124499022,116.92113494873047,1293200
2025-08-13,117.37397792607798,119.15579967821402,116.36985182031978,119.10657501220703,1722200
2025-08-14,118.66359359531398,119.94335240818465,117.78744853914021,119.62833404541016,1375900
2025-08-15,119.84490064143478,120.15008005333488,118.6832691167743,119.3526840209961,1304600
2025-08-18,119.52988863619265,121.22311510189147,119.12627489158118,121.0557632446289,1259800
2025-08-19,121.41999345454315,122.99509266310713,120.85886680244687,121.89252471923828,1247000
2025-08-20,120.96715818981806,121.86299607562691,119.1065798999703,119.19518280029297,1303200
2025-08-21,119.01798769988066,121.19358439576831,118.7718793744097,120.88841247558594,1450200
2025-08-22,121.30187301312374,124.87536320554318,120.59307983200218,123.23136138916016,1577400
2025-08-25,122.87696213960973,124.70800864767423,122.17801540963693,124.44221496582031,1356100
2025-08-26,123.75310544063902,125.35772896652608,123.6448171801147,124.9245834350586,2340200
2025-08-27,124.35361644968859,126.46031066033315,124.00906629045822,126.0665283203125,2326500
2025-08-28,126.00746192472243,127.57270726071619,124.94427216218139,127.27737426757812,1711900
2025-08-29,127.58256271055683,129.1281151928829,125.9287069422527,126.69656372070312,2265000
2025-09-02,126.03699272805005,127.04111888829749,125.52509072269466,126.88360595703125,1366700
2025-09-03,126.3618571473736,127.37582222989623,125.36757742588686,126.78515625,1001500
2025-09-04,126.47015049947903,127.21831441903248,125.19038417237249,125.8499526977539,1285900
2025-09-05,125.60264824700671,126.42371170316217,122.81301741830417,124.77169036865234,1448000
2025-09-08,125.02887991317805,125.41467932048907,123.8813761124466,124.54415893554688,1217700
2025-09-09,124.16825197321847,125.2267286723217,123.77256567418475,124.69255065917969,944100
2025-09-10,123.99019263399977,126.4533829146572,123.95063004108006,126.26542663574219,1180300
2025-09-11,125.86972527248055,129.76728950455387,125.53339042209993,129.60902404785156,1607100
2025-09-12,129.1935642729803,131.4885721597359,129.0451705782052,130.98406982421875,1412300
2025-09-15,131.2808414519831,133.45714644742887,130.59826970509863,131.83480834960938,1599000
2025-09-16,131.80511562819413,132.59648818302938,130.61802660701338,132.32940673828125,2061800
2025-09-17,132.34918973789254,135.55430314909884,131.81501171659065,133.63519287109375,2151900
2025-09-18,134.88162632555338,136.42482396653676,134.5947409391481,135.6136474609375,1809300
2025-09-19,135.77192989636987,136.51385301055768,133.45713340277536,134.60464477539062,4619000
2025-09-22,134.5551946919734,134.75303785814933,131.5380373507758,132.5371551513672,2037000
2025-09-23,132.5371476133852,134.8420573496861,132.1315744288544,132.7943572998047,1687500
2025-09-24,133.3384156981265,134.07045193954798,130.18278205902857,131.86447143554688,2231200
2025-09-25,131.6468411236505,133.05154709577945,130.9741563077993,132.39865112304688,1875500
2025-09-26,132.57672504651902,133.1405787916923,130.2124638777266,130.39051818847656,1701900
2025-09-29,131.91393205828584,131.91393205828584,129.11440710755747,130.44985961914062,1408000
2025-09-30,130.03440052146874,131.06320912409936,128.86711528923436,130.9741668701172,1928000
2025-10-01,131.42921217092038,132.01285475346188,130.37072790934326,131.2313690185547,1408500
2025-10-02,131.4588904161803,133.92208072970996,131.4588904161803,133.3186492919922,1203900
2025-10-03,133.54616245945547,136.28633609340696,133.41755762093248,133.9418487548828,1209200
2025-10-06,133.1999257201309,133.8231459755916,132.2403706038832,132.91305541992188,997500
2025-10-07,133.2197100633878,133.5065954483711,131.86446869722238,132.34918212890625,844800
2025-10-08,131.13243914949214,133.3582085634961,129.14409057365597,132.59649658203125,1560200
2025-10-09,132.1216677582724,132.26015947123742,127.30411842749184,127.51184844970703,1805300
2025-10-10,128.27355718468928,129.09462056745016,123.68352683495853,123.96051025390625,2183200
2025-10-13,124.34632035384516,124.96954064727879,123.00096573425967,123.05043029785156,998000
2025-10-14,123.05042578982435,126.75015463175902,122.30850264652341,126.60176849365234,1569500
2025-10-15,127.42282692996628,127.81852833768988,125.90930489477857,126.63143920898438,1150000
2025-10-16,127.9668968523073,128.46151225215473,124.40566748285217,124.63318634033203,1602400
2025-10-17,124.8805028030899,126.53252409039862,124.47492207131617,126.01811981201172,1417400
2025-10-20,126.40391776930184,127.21509431783039,125.07835204286566,126.08736419677734,1335200
2025-10-21,126.08736007793642,128.7582878343923,125.98843850486004,126.89852905273438,1106200
2025-10-22,126.9282122129818,127.82841593939887,125.52350617012159,125.78070831298828,1549700
2025-10-23,125.58284943223484,126.3346669677746,124.00008163154497,124.05944061279297,1358300
2025-10-24,125.49382605223401,125.9389769151935,124.05944434071345,124.70243835449219,1469400
2025-10-27,125.5927371401951,127.78882310094427,124.8112439294215,127.67012023925781,1557800
2025-10-28,128.47140700085436,128.66926524849242,125.98844297543297,126.69080352783203,1476800
2025-10-29,125.82027632322297,129.6881726338473,125.4641526075101,127.9866943359375,2913700
2025-10-30,147.99883100009725,156.99093598181395,147.6130315647437,153.2120819091797,5571700
2025-10-31,153.1329396177795,154.5475324973485,149.30460593857114,152.3316650390625,2883100
2025-11-03,150.57082587760777,151.88648955120985,148.70118027971677,150.51145935058594,1730200
2025-11-04,150.31362216334736,153.01421811292568,150.21470813665513,151.26329040527344,1672500
2025-11-05,150.60051165151785,152.7471408076807,150.51146940227056,151.48092651367188,1209400
2025-11-06,151.12479868881582,152.08435380504937,146.5941196591935,146.63368225097656,1546800
2025-11-07,146.3962762713823,150.62028105628752,145.377369721912,147.83065795898438,1553700
2025-11-10,148.01861649867655,150.75877507744127,147.15797539736536,150.0861053466797,1081400
2025-11-11,148.75065463297926,151.28308347560093,148.43410857488482,149.0771026611328,2171800
2025-11-12,149.1562308580802,152.23273949823056,148.51323682395582,151.34243774414062,1928700
2025-11-13,151.748016044496,152.10413977702055,149.61128874381464,150.02676391601562,1522100
2025-11-14,148.52312224315187,151.80737597745087,147.47453993588888,151.15447998046875,1379100
2025-11-17,151.1247901340624,153.17248999475834,149.86846281994698,150.99618530273438,1200600
2025-11-18,150.66976060741518,151.35233236456605,149.13644964626656,150.0564422607422,1302700
2025-11-19,150.73898478986138,150.73898478986138,149.05728045853957,149.72996520996094,780400
2025-11-20,151.49080878471548,152.08435332082374,146.8908914605025,146.97003173828125,1090200
2025-11-21,147.4250684036294,150.76867341694742,147.29646356635888,150.04652404785156,1570100
2025-11-24,149.81901538207828,154.50797523814333,149.482680501902,152.90542602539062,2233400
2025-11-25,152.93508711252412,156.40728177277535,152.93508711252412,155.6554718017578,1562700
2025-11-26,154.9432338355487,158.54403354830822,154.9432338355487,157.82188415527344,892900
2025-11-28,158.57369598980316,158.57369598980316,156.9909207146287,157.15908813476562,495300
2025-12-01,156.91180124610375,161.0368923066523,156.6644935199716,158.593505859375,1594100
2025-12-02,158.06919992150168,159.4442302778749,157.54490874856938,157.9109344482422,1254800
2025-12-03,157.70318128275923,159.4244484065403,156.75352811371548,157.82188415527344,1577400
2025-12-04,157.3173882188407,158.2373808014505,156.0808495985615,156.3479461669922,1277800
2025-12-05,155.79174307992002,157.5695460447479,153.37828413339648,156.1492919921875,1388300
2025-12-08,155.29514093711992,155.47390780744473,151.8090505719379,152.365234375,1805200
2025-12-09,151.7296054259306,153.93448792800626,150.6072961361257,151.48130798339844,1296800
2025-12-10,150.60730418894272,158.2151418720816,150.60730418894272,157.2616729736328,1809600
2025-12-11,156.29827189464274,160.11213219354843,156.29827189464274,158.71173095703125,1364500
2025-12-12,159.09906636521703,160.47959949319534,155.33486877595845,156.02017211914062,1298600
2025-12-15,156.0996304398564,156.95377422695265,154.93760025651727,156.53663635253906,1233300
2025-12-16,158.7613750259887,159.4466631691226,156.12941330400906,157.95687866210938,1510200
2025-12-17,157.12261966217005,160.01280554988992,156.93391117979428,159.0096893310547,1749300
2025-12-18,159.0990628299091,164.79003565203826,158.70177785108734,163.90609741210938,2432600
2025-12-19,163.9259690733411,165.96201106455104,163.3697852455686,165.3263702392578,4674800
2025-12-22,165.67397620977198,166.7565493768209,162.83345297966474,163.8663787841797,1443900
2025-12-23,163.86638595391088,164.98868009106582,162.7540031038493,163.46910095214844,1245300
2025-12-24,164.1543993308767,164.9290861171785,163.5684210203179,163.82664489746094,428100
2025-12-26,163.29033187954394,164.20406463904436,162.68448552048818,163.5088348388672,453800
2025-12-29,163.36978950489367,163.9656942695264,161.97931474433778,162.8235321044922,872100
2025-12-30,162.27727927263922,162.34680983231738,160.71797918200159,160.85702514648438,530000
2025-12-31,160.80735368012395,160.82720656332168,159.43674699584616,159.66517639160156,847600
2026-01-02,160.27102428268608,162.8831181612954,158.9202856234463,162.6050262451172,1058000
2026-01-05,162.76393498272336,166.42880744772367,162.1779415344702,166.07125854492188,1395700
2026-01-06,165.84282679799543,167.02472507221356,164.67087012079077,166.51820373535156,1205200
2026-01-07,166.33940520771387,166.45859827594856,160.84706742879445,165.59451293945312,3887900
2026-01-08,164.72052620642833,167.1737061029114,164.3828301735056,164.87942504882812,2316200
2026-01-09,164.99862511444968,169.6467460700489,164.99862511444968,169.60702514648438,2164000
2026-01-12,168.05763608773404,171.70264047427847,167.61068859808478,171.3649444580078,1200200
2026-01-13,171.07693768453723,173.06331722223868,170.67966783894622,172.2389678955078,1451400
2026-01-14,171.66290973158797,172.79514542046587,170.3320391271806,171.1365203857422,1561600
2026-01-15,172.32834324181826,174.25513372765076,170.42142079379389,174.13595581054688,1638900
2026-01-16,173.54004169707466,174.97023736946053,172.04033062235297,174.57296752929688,2072000
2026-01-20,173.22224358288304,176.91691099903454,170.99749288615362,173.9075469970703,1784100
2026-01-21,174.5729705457529,178.98273556018162,174.30480506382867,178.15838623046875,1290800
2026-01-22,178.45632254332597,178.68476709162215,175.98328982678328,176.68844604492188,1551100
2026-01-23,177.7908960565638,178.54572998421386,174.33459988507514,175.4569091796875,1569900
2026-01-26,175.69526738015875,177.16519917744674,174.5531051862663,176.89703369140625,1444500
2026-01-27,177.60219671741802,179.9063890354523,174.24521054408285,179.2012176513672,2269800
2026-01-28,178.96286664308474,183.61098748096975,178.57552323992763,183.02500915527344,3111300
2026-01-29,191.5366560551675,198.9657114018951,184.97167097163177,192.40072631835938,5005800
2026-01-30,190.6129811436209,194.4864303863605,188.51735009739755,193.62234497070312,4240100
2026-02-02,192.87744394069776,197.46599083205203,192.55963110531533,197.14816284179688,2942500
2026-02-03,197.64477362997724,201.4188979664491,197.58518466572292,198.34994506835938,3120600
2026-02-04,200.24691180869382,200.68391772186564,192.06303799792252,197.38653564453125,2866400
2026-02-05,196.3834163251489,198.2704860516653,194.36724222901665,196.09539794921875,2129600
2026-02-06,197.3269418365066,201.95520993339312,196.1947060727279,199.22393798828125,2531600
2026-02-09,199.92909458188177,201.85588507227865,198.01223053297622,198.94583129882812,1681500
2026-02-10,198.1413597078098,199.6212179252917,194.14873257709996,195.2710418701172,1733500
2026-02-11,196.3536155823074,199.1643444655133,194.73472655358154,194.99295043945312,1726400
2026-02-12,195.2909051990618,195.49946655962688,148.34282151959414,166.6373748779297,16431900
2026-02-13,170.71938809120414,178.9529245745024,166.69696651217865,174.8113250732422,6397700
2026-02-17,177.9696680355406,181.6245989243114,175.87403712386714,176.1719970703125,3558300
2026-02-18,175.168877050484,184.99152339100016,174.83119616167974,184.59425354003906,2970100
2026-02-19,184.23668887165547,185.99463887945538,182.49860690116813,183.92880249023438,2469700
2026-02-20,183.87914853847474,189.47081164494494,182.01194697079953,188.76564025878906,2327300
2026-02-23,187.36522874558855,188.64645193097428,175.79457493206525,175.9932098388672,2101000
2026-02-24,176.21172731748473,177.155254568774,171.43448694469654,176.1422119140625,1825100
2026-02-25,178.2676421668163,179.3899363324115,171.94101285292538,174.71202087402344,2166300
2026-02-26,174.9801621539215,183.88907538681022,174.14588640455597,182.8263702392578,1986000
2026-02-27,181.3663829561127,184.35587868251298,180.24407367604343,183.9884033203125,1944900
2026-03-02,182.8362871211503,189.01392822987742,182.74690368586454,185.96484375,2645900
2026-03-03,182.74691280263815,192.93703411511802,182.02188853325293,192.00344848632812,2323500
2026-03-04,192.20208653008535,193.21512917341582,185.23981661584716,188.57693481445312,1528500
2026-03-05,186.2230744004066,189.69923845588087,180.472512531066,183.5513916015625,1622500
2026-03-06,179.5849875731093,183.3720214931138,177.1333918884709,179.0269012451172,1723200
2026-03-09,176.97392597703427,181.43863159753099,173.81474692807814,181.3190460205078,1431200
2026-03-10,180.93037879054003,181.3290075208529,175.13023496220634,175.25979614257812,1767700
2026-03-11,175.28969415257967,178.25951927890267,174.86116902387937,175.18006896972656,1125400
2026-03-12,172.81816574330205,174.94088584077255,170.3366584892117,171.27345275878906,1729100
2026-03-13,173.02743321838122,174.50239295401832,167.43657943850695,168.81187438964844,1613000
2026-03-16,171.1638173314894,172.91780497790856,169.84831519164192,169.8981475830078,1297200
2026-03-17,171.51263432999775,173.40614360855608,170.46621490481076,171.13392639160156,986100
2026-03-18,170.48615753552102,171.22362223576684,169.30021648795483,170.0576171875,1261400
2026-03-19,168.71221415988003,175.14021276560527,167.54620914201618,174.21337890625,1520300
2026-03-20,172.9477033017105,174.422663027707,166.08121940007086,168.30361938476562,2788800
2026-03-23,170.9744763215952,173.62540159330575,166.1211021277335,166.2705841064453,1265100
2026-03-24,166.27058199841562,172.3996015619977,165.35372372494612,168.62252807617188,1224900
2026-03-25,169.3600046750568,172.26007662244425,167.07781182874558,169.1606903076172,1707500
2026-03-26,167.7554952936324,170.42634121425573,167.00805502688482,167.08778381347656,1014400
2026-03-27,166.36026170291427,166.6193840569103,160.3807396636594,161.01856994628906,1877900
2026-03-30,163.43031306359993,163.91863097761666,159.90238644999593,161.36737060546875,1389300
2026-03-31,162.78252599417132,167.6658116901007,162.33406486054304,165.5032196044922,1553200
2026-04-01,167.12763884819034,170.19712866953566,166.01146626105057,167.92491149902344,1468900
2026-04-02,164.90525970501128,169.41979780649447,164.61624094593586,167.2671661376953,1009700
2026-04-06,167.3269543052234,168.63249607295342,166.02142774420452,168.43316650390625,797000
2026-04-07,167.55618202426484,168.49297626444405,164.00833463468416,165.53311157226562,1647200
2026-04-08,165.7822525628395,172.15044284731644,165.7822525628395,171.83152770996094,1593500
2026-04-09,171.83153453894266,174.2931057289076,168.1042935582024,169.61911010742188,1467200
2026-04-10,169.15071554740112,170.93461488064295,162.60314654379297,162.93202209472656,2024900
2026-04-13,162.3838938869398,164.53652553176565,159.41406878105,164.3571319580078,1837400
2026-04-14,164.1677777193633,167.9946834839101,163.24095907771886,167.93487548828125,1581900
2026-04-15,167.9348727743747,168.40326988894097,166.39017506326368,167.50634765625,1228700
2026-04-16,167.50635187559098,182.6245754807619,167.50635187559098,180.99017333984375,3711500
2026-04-17,181.66784391977953,186.45146472913714,180.69119288335557,181.61802673339844,3901600
2026-04-20,179.46540221850626,184.0098368456016,176.89420574123665,183.3221893310547,2403500
2026-04-21,182.62457628900165,184.61775038219676,179.48533317490399,183.01324462890625,1443100
2026-04-22,183.3620479488249,185.08613920418424,181.15958398373525,181.72764587402344,1341500
2026-04-23,183.4019186004971,184.40846607405234,181.42868044552134,183.1129150390625,1526500
2026-04-24,182.37542282010568,183.15275947132665,179.69460133027738,182.4053192138672,1015400
2026-04-27,182.71426768003775,188.3948108728996,181.72765622428724,187.7769317626953,2144200
2026-04-28,187.766973102078,189.50102486783078,186.14253131534468,187.31851196289062,2606400
2026-04-29,186.81023947953446,189.40137189219658,184.90675456444023,185.79371643066406,1902500
2026-04-30,188.65392589553565,189.3515337680758,178.89733045562235,181.18948364257812,3423300
2026-05-01,184.5579563921529,185.03631391352937,176.38594570454413,176.69488525390625,1517800
2026-05-04,170.9844430510058,171.67207532410578,158.5769224336364,160.689697265625,5267100
2026-05-05,162.6729021574402,167.1077115497692,161.4670403260657,166.55960083007812,2027600
2026-05-06,164.95508840613385,169.17064725813339,164.95508840613385,168.0146026611328,1457400
2026-05-07,168.0145998115177,171.47275794133603,166.99809201350604,170.7851104736328,1760700
2026-05-08,170.78511771207928,171.6720795773746,167.745539378157,170.8050537109375,1060800
2026-05-11,170.97446587603278,171.66211334951973,168.692288302426,169.3998565673828,1283100
2026-05-12,168.63250211108084,169.4696315868935,163.05160852557296,166.6393280029297,1355200
2026-05-13,166.21077982955288,167.1675100473329,162.58320373193473,162.70278930664062,1209900
2026-05-14,164.27740829625054,164.6162442490517,149.88668863132614,159.23468017578125,5015900
2026-05-15,162.2543405379492,166.15099968179695,161.49693982934252,163.03167724609375,2785100
2026-05-18,164.45679120573465,170.10743767807116,161.8556985241787,169.1407470703125,1800900
2026-05-19,168.7919374166156,174.09378762157166,167.28709650237374,172.4294891357422,1991300
2026-05-20,176.93405735288115,183.6410991173888,175.9474459102109,180.0234832763672,3211100
2026-05-21,179.3956221883553,179.3956221883553,174.89105985217122,177.5220489501953,1610400
2026-05-22,177.64164499173566,178.14989892234485,172.52914846327312,173.63536071777344,1512700
2026-05-26,175.5089508874826,178.16983656052227,173.30648675449274,177.3028106689453,1133300
2026-05-27,178.65816024940256,180.38225154496422,175.06048048048592,175.8876495361328,1085700
2026-05-28,174.36287919512213,175.07044749393808,172.17037549163445,174.81134033203125,1115100
2026-05-29,173.68518746204765,178.8774126118911,173.56560188384464,178.04026794433594,2720900
2026-06-01,177.96055973287088,180.24273742380186,175.29965888387682,179.2760467529297,1473300
2026-06-02,180.60150276442528,180.60150276442528,176.68490782965807,177.9107208251953,1049600
2026-06-03,177.4522924139317,183.99987680595828,176.90416648049757,180.12315368652344,1568800
2026-06-04,182.4152785572309,187.32846039541081,181.95685705105845,183.95999145507812,1400400
2026-06-05,182.5800018310547,186.61000061035156,181.8300018310547,184.08999633789062,1004500
2026-06-08,184.85000610351562,189.27000427246094,180.36000061035156,188.13999938964844,1156300
2026-06-09,188.3300018310547,192.5,186.4600067138672,191.64999389648438,1586800
2026-06-10,188.69000244140625,190.60000610351562,184.3300018310547,185.0,1153000
2026-06-11,185.97000122070312,191.75,185.97000122070312,191.11000061035156,970900
2026-06-12,194.47999572753906,195.0,191.77000427246094,193.74000549316406,1032700
2026-06-15,192.22000122070312,193.25,188.41000366210938,190.25,1140900
2026-06-16,188.85000610351562,191.02999877929688,187.30999755859375,189.39999389648438,1077200
2026-06-17,188.6999969482422,189.39999389648438,184.5,185.1999969482422,1086900
2026-06-18,186.9600067138672,188.44000244140625,182.77000427246094,185.0399932861328,1737000
2026-06-22,185.0399932861328,189.60000610351562,184.36000061035156,187.07000732421875,1459300
2026-06-23,187.77000427246094,190.0,177.5500030517578,178.83999633789062,1910300
2026-06-24,178.25999450683594,180.91000366210938,175.83999633789062,177.27999877929688,1478600
2026-06-25,179.27999877929688,183.22000122070312,177.52999877929688,180.33999633789062,1137900
2026-06-26,180.33999633789062,181.72000122070312,178.5500030517578,179.3300018310547,4016400
2026-06-29,179.3300018310547,185.0800018310547,178.8699951171875,184.75,1141700
2026-06-30,184.75,188.94000244140625,181.7899932861328,188.33999633789062,1227700
2026-07-01,188.36000061035156,193.3800048828125,186.25,191.27000427246094,1949900
2026-07-02,193.27000427246094,193.97999572753906,187.77000427246094,189.85000610351562,1225900
2026-07-06,191.1699981689453,192.2899932861328,186.75,188.57000732421875,1129500
2026-07-07,189.6999969482422,191.3000030517578,188.38999938964844,190.9499969482422,1152700
2026-07-08,190.75,191.27000427246094,187.1199951171875,189.9499969482422,1017100
2026-07-09,190.80999755859375,195.25999450683594,190.25,192.75999450683594,1491900
2026-07-10,193.3300018310547,195.44000244140625,192.19000244140625,193.5,991100
2026-07-13,193.9499969482422,198.27999877929688,193.86000061035156,196.5,1364300
2026-07-14,198.92999267578125,199.7899932861328,196.52000427246094,199.61000061035156,1842600
2026-07-15,199.66000366210938,200.2100067138672,196.88999938964844,197.5,1161000
2026-07-16,200.44000244140625,208.6999969482422,200.3000030517578,205.75,2621500
2026-07-17,204.80999755859375,208.8300018310547,203.92999267578125,208.5,3798900
2026-07-20,209.0500030517578,209.64999389648438,204.7100067138672,205.8000030517578,1661900
2026-07-21,207.9199981689453,210.27000427246094,205.91000366210938,209.4199981689453,1148700
2026-07-22,210.3300018310547,210.3300018310547,206.24000549316406,207.35000610351562,1349000
2026-07-23,208.74000549316406,209.72999572753906,205.10000610351562,205.50999450683594,1442600
2026-07-24,191.80999755859375,194.8699951171875,186.13999938964844,186.50999450683594,3602100
2026-07-27,185.55999755859375,186.11000061035156,173.75999450683594,174.4600067138672,3139000
2026-07-28,171.7100067138672,172.82000732421875,168.3800048828125,169.33999633789062,2752500
2026-07-29,169.0,174.27000427246094,164.0800018310547,173.75,4086100
2026-07-30,161.88999938964844,164.27000427246094,143.16000366210938,146.9199981689453,7408100
2026-07-31,145.0,151.22999572753906,143.4600067138672,147.72999572753906,4180600
2026-08-03,149.19000244140625,149.83999633789062,144.8699951171875,147.0,2932800
2026-08-04,148.33999633789062,155.2100067138672,147.2100067138672,154.75,1872800
2026-08-05,155.47999572753906,157.6699981689453,152.85000610351562,153.60000610351562,1545000
2026-08-06,152.5800018310547,153.9199981689453,146.4499969482422,146.66000366210938,2397600
2026-08-07,146.08999633789062,150.99000549316406,145.66000366210938,149.35000610351562,1487500
2026-08-10,148.49000549316406,151.52000427246094,148.0399932861328,148.2899932861328,1309400
2026-08-11,147.44000244140625,148.11000061035156,143.17999267578125,145.10000610351562,1441900
2026-08-12,144.9199981689453,148.25,144.91000366210938,146.6999969482422,1170300
2026-08-13,146.97999572753906,150.8000030517578,145.80999755859375,149.35000610351562,1471700
2026-08-14,149.0500030517578,150.2899932861328,147.9499969482422,148.57000732421875,859500
