date,close,volume
2004-08-16,5.04120397567749,188800.0
2004-08-17,5.0452351570129395,153600.0
2004-08-18,5.0452351570129395,149800.0
2004-08-19,5.0533013343811035,126900.0
2004-08-20,5.061367988586426,144900.0
2004-08-23,5.061367988586426,64400.0
2004-08-24,5.234785079956055,382900.0
2004-08-25,5.242851257324219,500200.0
2004-08-26,5.39610481262207,435200.0
2004-08-27,5.4243340492248535,694300.0
2004-08-30,5.436431884765625,119100.0
2004-08-31,5.565487384796143,261900.0
2004-09-01,5.5049943923950195,170900.0
2004-09-02,5.561455726623535,149200.0
2004-09-03,5.5049943923950195,88600.0
2004-09-07,5.565487384796143,101100.0
2004-09-08,5.5049943923950195,93800.0
2004-09-09,5.440467357635498,113900.0
2004-09-10,5.484828948974609,139900.0
2004-09-13,5.574692249298096,223700.0
2004-09-14,5.493367671966553,130000.0
2004-09-15,5.428309440612793,138800.0
2004-09-16,5.420175075531006,126300.0
2004-09-17,5.546229362487793,400200.0
2004-09-20,5.428309440612793,112300.0
2004-09-21,5.477102279663086,243700.0
2004-09-22,5.489302158355713,455800.0
2004-09-23,5.403913974761963,211000.0
2004-09-24,5.489302158355713,67500.0
2004-09-27,5.306324481964111,182200.0
2004-09-28,5.249399185180664,202900.0
2004-09-29,5.23720121383667,159900.0
2004-09-30,5.184340953826904,1156500.0
2004-10-01,5.285996437072754,217900.0
2004-10-04,5.2615966796875,122500.0
2004-10-05,5.229069232940674,128300.0
2004-10-06,5.326656341552734,447600.0
2004-10-07,5.294126510620117,160200.0
2004-10-08,5.3754496574401855,118000.0
2004-10-11,5.326656341552734,90300.0
2004-10-12,5.326656341552734,69000.0
2004-10-13,5.269730567932129,75500.0
2004-10-14,5.310390949249268,44100.0
2004-10-15,5.277862071990967,73600.0
2004-10-18,5.3347883224487305,52000.0
2004-10-19,5.306324481964111,56200.0
2004-10-20,5.326656341552734,57400.0
2004-10-21,5.440510272979736,49500.0
2004-10-22,5.407978057861328,75200.0
2004-10-25,5.407978057861328,99500.0
2004-10-26,5.509632587432861,137200.0
2004-10-27,5.651946544647217,173800.0
2004-10-28,5.6600799560546875,107400.0
2004-10-29,5.635681629180908,233700.0
2004-11-01,5.586888313293457,60200.0
2004-11-02,5.635681629180908,93500.0
2004-11-03,5.651946544647217,84400.0
2004-11-04,5.692608833312988,47500.0
2004-11-05,5.712937831878662,55700.0
2004-11-08,5.712937831878662,63500.0
2004-11-09,5.725140571594238,129100.0
2004-11-10,5.745469093322754,59300.0
2004-11-11,5.753599166870117,44800.0
2004-11-12,5.733271598815918,39100.0
2004-11-15,5.834927558898926,133400.0
2004-11-16,5.733271598815918,74900.0
2004-11-17,5.773932456970215,120700.0
2004-11-18,5.712937831878662,43800.0
2004-11-19,5.712937831878662,22100.0
2004-11-22,5.765800952911377,71600.0
2004-11-23,5.749536514282227,108600.0
2004-11-24,5.684478759765625,80900.0
2004-11-26,5.651946544647217,25400.0
2004-11-29,5.692608833312988,115500.0
2004-11-30,5.651946544647217,83400.0
2004-12-01,5.692608833312988,145900.0
2004-12-02,5.773932456970215,46500.0
2004-12-03,5.834927558898926,75400.0
2004-12-06,5.753599166870117,94800.0
2004-12-07,5.692608833312988,326800.0
2004-12-08,5.712937831878662,621000.0
2004-12-09,5.683180809020996,84700.0
2004-12-10,5.654247283935547,83300.0
2004-12-13,5.658381938934326,98600.0
2004-12-14,5.583983898162842,139100.0
2004-12-15,5.521987438201904,75000.0
2004-12-16,5.53438663482666,192700.0
2004-12-17,5.493052959442139,134800.0
2004-12-20,5.488918781280518,63600.0
2004-12-21,5.521987438201904,112300.0
2004-12-22,5.604650497436523,71200.0
2004-12-23,5.600515365600586,44100.0
2004-12-27,5.550920486450195,31500.0
2004-12-28,5.621184349060059,50400.0
2004-12-29,5.517851829528809,58800.0
2004-12-30,5.538516044616699,98600.0
2004-12-31,5.509586334228516,43700.0
2005-01-03,5.493052959442139,157500.0
2005-01-04,5.546782493591309,74700.0
2005-01-05,5.373191833496094,77800.0
2005-01-06,5.55918550491333,60800.0
2005-01-07,5.687313079833984,68600.0
2005-01-10,5.542651176452637,123200.0
2005-01-11,5.563318252563477,41800.0
2005-01-12,5.579849720001221,120200.0
2005-01-13,5.393854141235352,281100.0
2005-01-14,5.728646278381348,525800.0
2005-01-18,5.476520538330078,790700.0
2005-01-19,5.497184753417969,1628200.0
2005-01-20,5.435187816619873,229000.0
2005-01-21,5.447587966918945,64500.0
2005-01-24,5.468252182006836,161900.0
2005-01-25,5.4186577796936035,246300.0
2005-01-26,5.352522373199463,94400.0
2005-01-27,5.373191833496094,61500.0
2005-01-28,5.348391532897949,114800.0
2005-01-31,5.360790729522705,208200.0
2005-02-01,5.393854141235352,283000.0
2005-02-02,5.356656551361084,162300.0
2005-02-03,5.373191833496094,76800.0
2005-02-04,5.4558539390563965,175800.0
2005-02-07,5.484786510467529,65300.0
2005-02-08,5.517851829528809,65200.0
2005-02-09,5.493052959442139,87300.0
2005-02-10,5.588118076324463,90200.0
2005-02-11,5.720379829406738,84100.0
2005-02-14,5.699712753295898,68000.0
2005-02-15,5.641849517822266,82800.0
2005-02-16,5.798912048339844,135200.0
2005-02-17,5.798912048339844,102200.0
2005-02-18,5.778244972229004,230400.0
2005-02-22,5.6666483879089355,75400.0
2005-02-23,5.703848361968994,60400.0
2005-02-24,5.703848361968994,227200.0
2005-02-25,5.78651237487793,112000.0
2005-02-28,5.745180606842041,102500.0
2005-03-01,5.78651237487793,99000.0
2005-03-02,5.803044319152832,60700.0
2005-03-03,5.745180606842041,51700.0
2005-03-04,5.819579124450684,104600.0
2005-03-07,5.80717658996582,134200.0
2005-03-08,5.827843189239502,36300.0
2005-03-09,5.80717658996582,90700.0
2005-03-10,5.778244972229004,41300.0
2005-03-11,5.77740478515625,70500.0
2005-03-14,5.756396770477295,24600.0
2005-03-15,5.676562309265137,31000.0
2005-03-16,5.621941566467285,49700.0
2005-03-17,5.672360420227051,54400.0
2005-03-18,5.718579292297363,268800.0
2005-03-21,5.647150993347168,137000.0
2005-03-22,5.579922676086426,60600.0
2005-03-23,5.487484931945801,184200.0
2005-03-24,5.44966983795166,54000.0
2005-03-28,5.365634918212891,33100.0
2005-03-29,5.378238201141357,88300.0
2005-03-30,5.613537311553955,74600.0
2005-03-31,5.672360420227051,158700.0
2005-04-01,5.45806884765625,106000.0
2005-04-04,5.45806884765625,60200.0
2005-04-05,5.529501438140869,29800.0
2005-04-06,5.542107582092285,46500.0
2005-04-07,5.588325500488281,302800.0
2005-04-08,5.487484931945801,51400.0
2005-04-11,5.466474533081055,27600.0
2005-04-12,5.5042901039123535,48700.0
2005-04-13,5.592526912689209,509700.0
2005-04-14,5.579922676086426,180600.0
2005-04-15,5.495887279510498,35600.0
2005-04-18,5.516896724700928,53000.0
2005-04-19,5.5253005027771,70800.0
2005-04-20,5.512694358825684,176800.0
2005-04-21,5.5042901039123535,44800.0
2005-04-22,5.386641025543213,120900.0
2005-04-25,5.533702850341797,118400.0
2005-04-26,5.437063217163086,150900.0
2005-04-27,5.479080677032471,31600.0
2005-04-28,5.4286603927612305,29700.0
2005-04-29,5.462275981903076,68800.0
2005-05-02,5.462275981903076,35400.0
2005-05-03,5.466474533081055,80100.0
2005-05-04,5.420257568359375,73200.0
2005-05-05,5.416056156158447,142500.0
2005-05-06,5.390843868255615,441900.0
2005-05-09,5.441264629364014,82800.0
2005-05-10,5.420257568359375,191300.0
2005-05-11,5.382439136505127,381100.0
2005-05-12,5.302608489990234,135800.0
2005-05-13,5.399247169494629,174200.0
2005-05-16,5.407649993896484,98900.0
2005-05-17,5.4286603927612305,67000.0
2005-05-18,5.487484931945801,82600.0
2005-05-19,5.5253005027771,34800.0
2005-05-20,5.550509452819824,203400.0
2005-05-23,5.684967517852783,117400.0
2005-05-24,5.73538875579834,136500.0
2005-05-25,5.72278356552124,144800.0
2005-05-26,5.819423198699951,155900.0
2005-05-27,5.95808219909668,121700.0
2005-05-31,6.05051851272583,796800.0
2005-06-01,5.920266151428223,232300.0
2005-06-02,5.916064262390137,98500.0
2005-06-03,5.945474147796631,104700.0
2005-06-06,6.037912845611572,226200.0
2005-06-07,6.071527004241943,312200.0
2005-06-08,6.05051851272583,31200.0
2005-06-09,5.9832916259765625,50700.0
2005-06-10,5.991693496704102,76400.0
2005-06-13,6.136019706726074,91700.0
2005-06-14,6.153101921081543,69400.0
2005-06-15,6.084782600402832,162000.0
2005-06-16,6.033540725708008,128000.0
2005-06-17,6.020731449127197,210800.0
2005-06-20,5.892629146575928,216300.0
2005-06-21,6.037811279296875,321800.0
2005-06-22,6.076240539550781,48300.0
2005-06-23,5.999379634857178,101900.0
2005-06-24,6.174450874328613,748800.0
2005-06-27,6.18726110458374,85900.0
2005-06-28,6.2683892250061035,67100.0
2005-06-29,6.24704122543335,51100.0
2005-06-30,6.118939399719238,228900.0
2005-07-01,6.221420764923096,26000.0
2005-07-05,6.362329483032227,86900.0
2005-07-06,6.212882041931152,260200.0
2005-07-07,6.340982437133789,67900.0
2005-07-08,6.4477314949035645,56700.0
2005-07-11,6.7594451904296875,163100.0
2005-07-12,6.793604850769043,59700.0
2005-07-13,6.814956188201904,152700.0
2005-07-14,6.686854839324951,107900.0
2005-07-15,6.708203315734863,88700.0
2005-07-18,6.7466349601745605,53100.0
2005-07-19,6.8747334480285645,38100.0
2005-07-20,7.0711565017700195,61600.0
2005-07-21,6.840575218200684,58800.0
2005-07-22,6.8747334480285645,57400.0
2005-07-25,6.814956188201904,138200.0
2005-07-26,6.896082878112793,273100.0
2005-07-27,6.896082878112793,196000.0
2005-07-28,6.934515476226807,245300.0
2005-07-29,6.891812801361084,68700.0
2005-08-01,6.9174346923828125,174800.0
2005-08-02,6.9174346923828125,192100.0
2005-08-03,6.913164138793945,50200.0
2005-08-04,6.708203315734863,59100.0
2005-08-05,6.396491050720215,144200.0
2005-08-08,6.311092853546143,165200.0
2005-08-09,6.276931285858154,60700.0
2005-08-10,6.580102920532227,102200.0
2005-08-11,6.511781215667725,99500.0
2005-08-12,6.319630146026611,123200.0
2005-08-15,6.396491050720215,108400.0
2005-08-16,6.524591445922852,1129400.0
2005-08-17,6.362329483032227,156300.0
2005-08-18,6.417844295501709,112700.0
2005-08-19,6.362329483032227,104700.0
2005-08-22,6.319630146026611,133600.0
2005-08-23,6.319630146026611,194300.0
2005-08-24,6.383683204650879,151400.0
2005-08-25,6.452002048492432,76200.0
2005-08-26,6.370871067047119,233600.0
2005-08-29,6.43492317199707,158800.0
2005-08-30,6.400761604309082,497800.0
2005-08-31,6.370871067047119,1013700.0
2005-09-01,6.400761604309082,105500.0
2005-09-02,6.379412651062012,66600.0
2005-09-06,6.729555130004883,59700.0
2005-09-07,6.652693748474121,241500.0
2005-09-08,6.639885902404785,194300.0
2005-09-09,6.806415557861328,129000.0
2005-09-12,6.72528600692749,307000.0
2005-09-13,6.659427165985107,108100.0
2005-09-14,6.581435203552246,173800.0
2005-09-15,6.607431411743164,94700.0
2005-09-16,6.70708703994751,220100.0
2005-09-19,6.494782447814941,130000.0
2005-09-20,6.551107883453369,124000.0
2005-09-21,6.477452754974365,74400.0
2005-09-22,6.512115478515625,56000.0
2005-09-23,6.594435691833496,41500.0
2005-09-26,6.6334309577941895,55400.0
2005-09-27,6.520778179168701,55300.0
2005-09-28,6.42545747756958,89200.0
2005-09-29,6.564107418060303,50200.0
2005-09-30,6.663757801055908,506700.0
2005-10-03,6.5857696533203125,126400.0
2005-10-04,6.564107418060303,139900.0
2005-10-05,6.481784820556641,109900.0
2005-10-06,6.490447521209717,118200.0
2005-10-07,6.477452754974365,89900.0
2005-10-10,6.468785285949707,86000.0
2005-10-11,6.208819389343262,106500.0
2005-10-12,6.026844024658203,367700.0
2005-10-13,5.987852096557617,213800.0
2005-10-14,6.200158596038818,76400.0
2005-10-17,6.325804233551025,198800.0
2005-10-18,6.221818923950195,299700.0
2005-10-19,6.182825088500977,159700.0
2005-10-20,5.992186069488525,62400.0
2005-10-21,6.022513389587402,77800.0
2005-10-24,6.2174859046936035,50900.0
2005-10-25,6.078840255737305,112800.0
2005-10-26,6.022513389587402,79500.0
2005-10-27,6.039842128753662,56100.0
2005-10-28,6.299808502197266,147600.0
2005-10-31,6.325804233551025,138100.0
2005-11-01,6.204489707946777,81900.0
2005-11-02,6.174160480499268,103000.0
2005-11-03,6.0745062828063965,84000.0
2005-11-04,6.022513389587402,100500.0
2005-11-07,5.844870567321777,108100.0
2005-11-08,5.69322395324707,183400.0
2005-11-09,5.944526195526123,136400.0
2005-11-10,6.087503910064697,93100.0
2005-11-11,6.113500595092773,58200.0
2005-11-14,6.087503910064697,63000.0
2005-11-15,6.070170879364014,56400.0
2005-11-16,5.983518123626709,116900.0
2005-11-17,6.126498699188232,122400.0
2005-11-18,6.24781608581543,82000.0
2005-11-21,6.291143894195557,65600.0
2005-11-22,6.455785751342773,141900.0
2005-11-23,6.516446590423584,110900.0
2005-11-25,6.529444217681885,15000.0
2005-11-28,6.278144359588623,243200.0
2005-11-29,6.551107883453369,184800.0
2005-11-30,6.6031012535095215,475900.0
2005-12-01,6.520778179168701,235000.0
2005-12-02,6.4037957191467285,280400.0
2005-12-05,6.312806129455566,589700.0
2005-12-06,6.507784366607666,2874100.0
2005-12-07,6.451455593109131,662500.0
2005-12-08,6.512115478515625,525000.0
2005-12-09,6.564107418060303,354500.0
2005-12-12,6.624763488769531,408900.0
2005-12-13,6.57550048828125,355000.0
2005-12-14,6.5535101890563965,255300.0
2005-12-15,6.509524822235107,209200.0
2005-12-16,6.540314674377441,362200.0
2005-12-19,6.509524822235107,213300.0
2005-12-20,6.496332168579102,199600.0
2005-12-21,6.685461521148682,286400.0
2005-12-22,6.685461521148682,208300.0
2005-12-23,6.663469314575195,114400.0
2005-12-27,6.698657512664795,243600.0
2005-12-28,6.641475677490234,109500.0
2005-12-29,6.637079238891602,202700.0
2005-12-30,6.773427486419678,798100.0
2006-01-03,6.716249942779541,450100.0
2006-01-04,6.751435279846191,431900.0
2006-01-05,6.681063175201416,240600.0
2006-01-06,6.725045204162598,443300.0
2006-01-09,6.703056812286377,197100.0
2006-01-10,6.742640018463135,241800.0
2006-01-11,6.773427486419678,195400.0
2006-01-12,6.729445934295654,302700.0
2006-01-13,6.601889610290527,217600.0
2006-01-17,6.544714450836182,127400.0
2006-01-18,6.53591775894165,93100.0
2006-01-19,6.601889610290527,106200.0
2006-01-20,6.509524822235107,159000.0
2006-01-23,6.593094348907471,57400.0
2006-01-24,6.588698387145996,135700.0
2006-01-25,6.584300518035889,95600.0
2006-01-26,6.773427486419678,227300.0
2006-01-27,6.865791320800781,131000.0
2006-01-30,6.795421123504639,72400.0
2006-01-31,6.751435279846191,146300.0
2006-02-01,6.685461521148682,209600.0
2006-02-02,6.544714450836182,213400.0
2006-02-03,6.373179912567139,142900.0
2006-02-06,6.461146354675293,130800.0
2006-02-07,6.544714450836182,204700.0
2006-02-08,6.615090847015381,307000.0
2006-02-09,6.491937160491943,148900.0
2006-02-10,6.474340915679932,137700.0
2006-02-13,6.57550048828125,243100.0
2006-02-14,6.597493648529053,183700.0
2006-02-15,6.628284454345703,198400.0
2006-02-16,6.579903602600098,142200.0
2006-02-17,6.641475677490234,414900.0
2006-02-21,6.562310218811035,176500.0
2006-02-22,6.579903602600098,173300.0
2006-02-23,6.478738784790039,147700.0
2006-02-24,6.487536430358887,100600.0
2006-02-27,6.681063175201416,317100.0
2006-02-28,6.597493648529053,255400.0
2006-03-01,6.782223701477051,374900.0
2006-03-02,6.720646381378174,118700.0
2006-03-03,6.615090847015381,178100.0
2006-03-06,6.676661014556885,171300.0
2006-03-07,6.6942572593688965,328200.0
2006-03-08,6.751435279846191,142800.0
2006-03-09,6.843800067901611,162000.0
2006-03-10,6.9625563621521,297800.0
2006-03-13,7.001829147338867,230000.0
2006-03-14,7.024139881134033,189400.0
2006-03-15,7.180331230163574,324500.0
2006-03-16,7.43023681640625,384600.0
2006-03-17,7.537339210510254,907300.0
2006-03-20,7.43023681640625,263800.0
2006-03-21,7.439163684844971,200500.0
2006-03-22,7.590889930725098,262300.0
2006-03-23,7.6489033699035645,563300.0
2006-03-24,7.488251209259033,328900.0
2006-03-27,7.443622589111328,298800.0
2006-03-28,7.474862098693848,264100.0
2006-03-29,7.675678730010986,150600.0
2006-03-30,7.573040008544922,78400.0
2006-03-31,7.671220779418945,290100.0
2006-04-03,7.479325771331787,171700.0
2006-04-04,7.497173309326172,234400.0
2006-04-05,7.546263217926025,141600.0
2006-04-06,7.474862098693848,296200.0
2006-04-07,7.354372024536133,112400.0
2006-04-10,7.278509140014648,94000.0
2006-04-11,7.180331230163574,136700.0
2006-04-12,7.064303874969482,125800.0
2006-04-13,7.0375285148620605,110400.0
2006-04-17,6.975050449371338,152000.0
2006-04-18,7.077690601348877,539900.0
2006-04-19,7.135703086853027,485700.0
2006-04-20,7.1401686668396,122700.0
2006-04-21,7.0330657958984375,311000.0
2006-04-24,7.095540523529053,147600.0
2006-04-25,7.05537748336792,99900.0
2006-04-26,7.198179721832275,157900.0
2006-04-27,7.095540523529053,147400.0
2006-04-28,7.015212535858154,84000.0
2006-05-01,6.854560375213623,226500.0
2006-05-02,6.952738285064697,105400.0
2006-05-03,6.934889793395996,128100.0
2006-05-04,6.890263080596924,57800.0
2006-05-05,7.086615562438965,110600.0
2006-05-08,6.917037010192871,442500.0
2006-05-09,6.805469989776611,224700.0
2006-05-10,6.876872539520264,134000.0
2006-05-11,6.7385334968566895,209500.0
2006-05-12,6.64035701751709,184500.0
2006-05-15,6.792087554931641,201500.0
2006-05-16,6.809934139251709,119200.0
2006-05-17,6.693907737731934,252500.0
2006-05-18,6.649279594421387,318600.0
2006-05-19,6.6448187828063965,275700.0
2006-05-22,6.609117031097412,161500.0
2006-05-23,6.622505187988281,125600.0
2006-05-24,6.595731735229492,237100.0
2006-05-25,6.71621561050415,250600.0
2006-05-26,6.693907737731934,270400.0
2006-05-30,6.609117031097412,243300.0
2006-05-31,6.778698444366455,232200.0
2006-06-01,6.872413635253906,246500.0
2006-06-02,6.961663246154785,293700.0
2006-06-05,6.917037010192871,223700.0
2006-06-06,6.908111572265625,139500.0
2006-06-07,6.809934139251709,173000.0
2006-06-08,6.867946624755859,140400.0
2006-06-09,6.818859100341797,92700.0
2006-06-12,6.809934139251709,192900.0
2006-06-13,6.790908336639404,147500.0
2006-06-14,6.713891983032227,127800.0
2006-06-15,6.827151775360107,93400.0
2006-06-16,6.809030055999756,810000.0
2006-06-19,6.641408920288086,189800.0
2006-06-20,6.704831600189209,152000.0
2006-06-21,6.682182788848877,129100.0
2006-06-22,6.645938873291016,192100.0
2006-06-23,6.6504693031311035,83700.0
2006-06-26,6.795438766479492,171200.0
2006-06-27,6.786380767822266,135800.0
2006-06-28,6.8498029708862305,121600.0
2006-06-29,7.094437599182129,294500.0
2006-06-30,7.35719633102417,1076500.0
2006-07-03,7.3073577880859375,248300.0
2006-07-05,7.343600749969482,302300.0
2006-07-06,7.348134994506836,248600.0
2006-07-07,7.2212815284729,216600.0
2006-07-10,7.2665910720825195,115600.0
2006-07-11,7.311889171600342,167100.0
2006-07-12,7.348134994506836,262800.0
2006-07-13,7.275649070739746,165400.0
2006-07-14,7.194102764129639,338100.0
2006-07-17,7.11708927154541,123400.0
2006-07-18,7.289239883422852,99800.0
2006-07-19,7.429677963256836,146000.0
2006-07-20,7.257529258728027,124200.0
2006-07-21,7.166922569274902,158800.0
2006-07-24,7.271119117736816,90200.0
2006-07-25,7.311889171600342,86900.0
2006-07-26,7.239404678344727,197400.0
2006-07-27,7.248467445373535,259400.0
2006-07-28,7.311889171600342,204100.0
2006-07-31,7.216755390167236,194200.0
2006-08-01,7.216755390167236,160700.0
2006-08-02,7.316422939300537,74600.0
2006-08-03,7.361723899841309,200900.0
2006-08-04,7.361723899841309,310200.0
2006-08-07,7.45686149597168,319300.0
2006-08-08,7.407028675079346,350900.0
2006-08-09,7.470450401306152,178100.0
2006-08-10,7.411557674407959,1111100.0
2006-08-11,7.452332973480225,485600.0
2006-08-14,7.493107318878174,201300.0
2006-08-15,7.633542060852051,282700.0
2006-08-16,7.615419864654541,516800.0
2006-08-17,7.642599105834961,839700.0
2006-08-18,7.633542060852051,380500.0
2006-08-21,7.737740993499756,217600.0
2006-08-22,7.701494216918945,248200.0
2006-08-23,7.656195640563965,138200.0
2006-08-24,7.669785499572754,192800.0
2006-08-25,7.72414493560791,123400.0
2006-08-28,7.864587306976318,327500.0
2006-08-29,7.923477649688721,260100.0
2006-08-30,7.986907482147217,288100.0
2006-08-31,7.928012371063232,233600.0
2006-09-01,7.814752578735352,234500.0
2006-09-05,7.805692672729492,271800.0
2006-09-06,7.72414493560791,262300.0
2006-09-07,7.6516642570495605,144600.0
2006-09-08,7.701494216918945,190200.0
2006-09-11,7.72414493560791,155300.0
2006-09-12,7.8192853927612305,139600.0
2006-09-13,7.841324329376221,313600.0
2006-09-14,7.850501537322998,129600.0
2006-09-15,8.135139465332031,1833900.0
2006-09-18,8.038732528686523,264400.0
2006-09-19,8.125961303710938,165200.0
2006-09-20,7.997409820556641,1294900.0
2006-09-21,8.080046653747559,3416700.0
2006-09-22,8.029548645019531,438500.0
2006-09-25,8.011187553405762,357500.0
2006-09-26,7.988230228424072,246600.0
2006-09-27,8.038732528686523,328200.0
2006-09-28,8.057095527648926,708200.0
2006-09-29,7.946911334991455,805300.0
2006-10-02,7.919366836547852,514300.0
2006-10-03,7.841324329376221,350800.0
2006-10-04,8.093822479248047,931700.0
2006-10-05,8.171870231628418,213600.0
2006-10-06,8.125961303710938,189900.0
2006-10-09,8.181049346923828,192700.0
2006-10-10,8.135139465332031,124500.0
2006-10-11,8.08464241027832,189600.0
2006-10-12,8.135139465332031,141600.0
2006-10-13,8.194825172424316,271900.0
2006-10-16,8.272867202758789,206600.0
2006-10-17,8.259100914001465,126300.0
2006-10-18,8.332551002502441,161000.0
2006-10-19,8.401416778564453,113300.0
2006-10-20,8.295822143554688,102800.0
2006-10-23,8.346319198608398,104800.0
2006-10-24,8.254505157470703,101800.0
2006-10-25,8.327960968017578,116500.0
2006-10-26,8.543732643127441,177500.0
2006-10-27,8.424371719360352,110900.0
2006-10-30,8.493233680725098,198800.0
2006-10-31,8.465685844421387,110900.0
2006-11-01,8.373869895935059,205000.0
2006-11-02,8.268279075622559,324600.0
2006-11-03,7.97445821762085,460500.0
2006-11-06,8.148913383483887,216900.0
2006-11-07,8.047913551330566,119200.0
2006-11-08,8.0708646774292,137000.0
2006-11-09,8.006596565246582,169800.0
2006-11-10,8.075459480285645,116700.0
2006-11-13,8.121368408203125,121400.0
2006-11-14,8.034138679504395,527100.0
2006-11-15,8.098409652709961,781200.0
2006-11-16,8.029548645019531,185300.0
2006-11-17,8.011187553405762,456800.0
2006-11-20,8.259100914001465,199600.0
2006-11-21,8.337145805358887,228800.0
2006-11-22,8.295822143554688,158000.0
2006-11-24,8.410600662231445,102300.0
2006-11-27,8.176460266113281,270100.0
2006-11-28,8.245321273803711,131100.0
2006-11-29,8.346319198608398,300000.0
2006-11-30,8.456507682800293,255000.0
2006-12-01,8.433550834655762,126700.0
2006-12-04,8.676873207092285,366100.0
2006-12-05,8.552913665771484,115700.0
2006-12-06,8.543732643127441,145600.0
2006-12-07,8.484050750732422,186600.0
2006-12-08,8.470281600952148,163700.0
2006-12-11,8.497823715209961,130500.0
2006-12-12,8.493233680725098,164900.0
2006-12-13,8.376102447509766,313300.0
2006-12-14,8.385396957397461,304900.0
2006-12-15,8.399338722229004,422600.0
2006-12-18,8.259896278381348,236700.0
2006-12-19,8.245949745178223,190600.0
2006-12-20,8.320321083068848,560200.0
2006-12-21,8.273838996887207,333100.0
2006-12-22,8.204113960266113,203600.0
2006-12-26,8.259896278381348,225600.0
2006-12-27,8.390042304992676,187900.0
2006-12-28,8.376102447509766,203200.0
2006-12-29,8.487655639648438,198200.0
2007-01-03,8.6131591796875,336300.0
2007-01-04,8.710768699645996,383900.0
2007-01-05,8.464412689208984,193000.0
2007-01-08,8.380749702453613,182200.0
2007-01-09,8.45976734161377,193200.0
2007-01-10,8.534137725830078,374700.0
2007-01-11,8.585268020629883,193600.0
2007-01-12,8.710768699645996,68600.0
2007-01-16,8.692177772521973,295500.0
2007-01-17,8.720067977905273,155700.0
2007-01-18,8.61781120300293,271900.0
2007-01-19,8.720067977905273,211400.0
2007-01-22,8.789787292480469,207200.0
2007-01-23,8.71541976928711,116900.0
2007-01-24,8.738659858703613,121900.0
2007-01-25,8.766547203063965,209200.0
2007-01-26,8.799086570739746,202100.0
2007-01-29,8.910646438598633,124000.0
2007-01-30,9.036148071289062,170600.0
2007-01-31,9.175594329833984,319200.0
2007-02-01,9.184892654418945,235300.0
2007-02-02,9.273205757141113,227500.0
2007-02-05,9.138406753540039,555200.0
2007-02-06,9.157002449035645,164300.0
2007-02-07,9.375467300415039,269700.0
2007-02-08,9.347579002380371,964800.0
2007-02-09,9.157002449035645,588600.0
2007-02-12,9.026847839355469,271200.0
2007-02-13,9.277850151062012,152100.0
2007-02-14,9.222074508666992,162200.0
2007-02-15,9.222074508666992,275000.0
2007-02-16,9.263909339904785,211300.0
2007-02-20,9.31968879699707,123600.0
2007-02-21,9.236018180847168,134500.0
2007-02-22,9.157002449035645,290200.0
2007-02-23,8.971070289611816,455000.0
2007-02-26,8.868810653686523,329900.0
2007-02-27,8.659639358520508,628600.0
2007-02-28,8.831625938415527,610900.0
2007-03-01,8.76190185546875,867400.0
2007-03-02,8.766547203063965,599100.0
2007-03-05,8.455119132995605,521900.0
2007-03-06,8.724714279174805,447700.0
2007-03-07,8.794440269470215,328000.0
2007-03-08,9.087276458740234,361400.0
2007-03-09,9.310389518737793,623000.0
2007-03-12,9.500968933105469,797100.0
2007-03-13,9.363709449768066,665500.0
2007-03-14,9.3543062210083,1486400.0
2007-03-15,9.424819946289062,249400.0
2007-03-16,9.36841106414795,760400.0
2007-03-19,9.457718849182129,216900.0
2007-03-20,9.406015396118164,278500.0
2007-03-21,9.199187278747559,3184400.0
2007-03-22,9.180384635925293,2596500.0
2007-03-23,9.142782211303711,724100.0
2007-03-26,9.07226848602295,842600.0
2007-03-27,8.992358207702637,1145100.0
2007-03-28,8.888941764831543,1065800.0
2007-03-29,8.790226936340332,628600.0
2007-03-30,8.903045654296875,724900.0
2007-04-02,9.020564079284668,879900.0
2007-04-03,8.987658500671387,457800.0
2007-04-04,8.973550796508789,490500.0
2007-04-05,9.015861511230469,289400.0
2007-04-09,8.935953140258789,291700.0
2007-04-10,8.978254318237305,643400.0
2007-04-11,8.856039047241211,634800.0
2007-04-12,8.823132514953613,387700.0
2007-04-13,8.917147636413574,385700.0
2007-04-16,8.959447860717773,358200.0
2007-04-17,9.086371421813965,625200.0
2007-04-18,9.015861511230469,438000.0
2007-04-19,8.959447860717773,297400.0
2007-04-20,9.020564079284668,295900.0
2007-04-23,9.0487642288208,361500.0
2007-04-24,9.053466796875,327400.0
2007-04-25,9.123977661132812,526800.0
2007-04-26,9.067564964294434,926300.0
2007-04-27,9.011161804199219,400200.0
2007-04-30,8.794930458068848,392700.0
2007-05-01,8.771427154541016,363100.0
2007-05-02,8.780829429626465,223700.0
2007-05-03,8.710319519042969,566500.0
2007-05-04,8.639805793762207,802600.0
2007-05-07,8.555196762084961,289300.0
2007-05-08,8.432978630065918,745600.0
2007-05-09,8.484686851501465,510300.0
2007-05-10,8.296660423278809,374500.0
2007-05-11,8.390674591064453,454900.0
2007-05-14,8.34366512298584,352800.0
2007-05-15,8.282557487487793,1180700.0
2007-05-16,8.27785873413086,324500.0
2007-05-17,8.075733184814453,394500.0
2007-05-18,7.995816707611084,719200.0
2007-05-21,8.235557556152344,1186700.0
2007-05-22,8.306061744689941,680700.0
2007-05-23,8.150944709777832,684300.0
2007-05-24,8.075733184814453,481900.0
2007-05-25,8.071028709411621,247900.0
2007-05-29,8.244955062866211,322900.0
2007-05-30,8.437682151794434,503400.0
2007-05-31,8.418875694274902,768700.0
2007-06-01,8.475285530090332,677700.0
2007-06-04,8.494086265563965,261100.0
2007-06-05,8.287260055541992,530000.0
2007-06-06,8.21204948425293,592600.0
2007-06-07,8.085131645202637,561400.0
2007-06-08,8.108633041381836,443900.0
2007-06-11,8.028725624084473,255500.0
2007-06-12,7.854800224304199,577400.0
2007-06-13,7.977752685546875,208100.0
2007-06-14,7.906266212463379,186900.0
2007-06-15,8.025410652160645,575700.0
2007-06-18,8.0635347366333,650700.0
2007-06-19,8.044469833374023,679800.0
2007-06-20,7.806188106536865,484800.0
2007-06-21,7.911032199859619,657700.0
2007-06-22,7.96345853805542,841300.0
2007-06-25,7.9586896896362305,839800.0
2007-06-26,8.025410652160645,751900.0
2007-06-27,8.115958213806152,433500.0
2007-06-28,7.996817111968994,848900.0
2007-06-29,7.863377571105957,1036000.0
2007-07-02,7.972987651824951,505000.0
2007-07-03,7.815718650817871,415100.0
2007-07-05,7.849079132080078,585800.0
2007-07-06,7.953928470611572,432100.0
2007-07-09,7.853848457336426,441300.0
2007-07-10,7.763298034667969,516800.0
2007-07-11,7.758530616760254,507500.0
2007-07-12,7.849079132080078,231400.0
2007-07-13,7.839550018310547,287700.0
2007-07-16,7.739467620849609,325100.0
2007-07-17,7.7537665367126465,304200.0
2007-07-18,7.725170135498047,489400.0
2007-07-19,7.715641021728516,363400.0
2007-07-20,7.496422290802002,641500.0
2007-07-23,7.39157247543335,325800.0
2007-07-24,7.186648368835449,482100.0
2007-07-25,7.08657169342041,740200.0
2007-07-26,6.876879692077637,791700.0
2007-07-27,6.610001564025879,828600.0
2007-07-30,6.595706939697266,594600.0
2007-07-31,6.691017150878906,1039600.0
2007-08-01,6.8387556076049805,634200.0
2007-08-02,6.905474662780762,437400.0
2007-08-03,6.795863628387451,758800.0
2007-08-06,7.148524761199951,851100.0
2007-08-07,7.148524761199951,601300.0
2007-08-08,7.291496276855469,995000.0
2007-08-09,7.39157247543335,1302800.0
2007-08-10,7.177116394042969,922300.0
2007-08-13,7.229541778564453,464300.0
2007-08-14,6.976960182189941,429400.0
2007-08-15,6.814925670623779,542000.0
2007-08-16,7.0436835289001465,783400.0
2007-08-17,7.2247772216796875,871800.0
2007-08-20,7.234304904937744,449000.0
2007-08-21,7.248603343963623,514500.0
2007-08-22,7.248603343963623,457600.0
2007-08-23,7.262901782989502,551100.0
2007-08-24,7.339151382446289,278900.0
2007-08-27,7.12469482421875,172100.0
2007-08-28,6.886409282684326,311700.0
2007-08-29,7.148524761199951,194500.0
2007-08-30,7.153289794921875,207100.0
2007-08-31,7.324853420257568,296200.0
2007-09-04,7.482122898101807,345700.0
2007-09-05,7.31056022644043,381400.0
2007-09-06,7.181883811950684,568900.0
2007-09-07,7.0436835289001465,445400.0
2007-09-10,6.953130722045898,366800.0
2007-09-11,6.976960182189941,509400.0
2007-09-12,7.038924694061279,321400.0
2007-09-13,7.213204383850098,560000.0
2007-09-14,7.329390525817871,277500.0
2007-09-17,7.372960090637207,648700.0
2007-09-18,7.605329513549805,348100.0
2007-09-19,7.585967540740967,713400.0
2007-09-20,7.527871131896973,225300.0
2007-09-21,7.639215469360352,558300.0
2007-09-24,7.706995010375977,168500.0
2007-09-25,7.600492477416992,352100.0
2007-09-26,7.644060134887695,209400.0
2007-09-27,7.566604137420654,467100.0
2007-09-28,7.450416564941406,325700.0
2007-10-01,7.600492477416992,584000.0
2007-10-02,7.682790279388428,522000.0
2007-10-03,7.634378433227539,591900.0
2007-10-04,7.697311878204346,150300.0
2007-10-05,8.036186218261719,438500.0
2007-10-08,7.929680824279785,171700.0
2007-10-09,7.987773418426514,392200.0
2007-10-10,7.992616653442383,217800.0
2007-10-11,7.915159702301025,330700.0
2007-10-12,7.949046611785889,279000.0
2007-10-15,7.83286190032959,531300.0
2007-10-16,7.682790279388428,307400.0
2007-10-17,7.644060134887695,365100.0
2007-10-18,7.585967540740967,443700.0
2007-10-19,7.203522682189941,740500.0
2007-10-22,7.295501708984375,831700.0
2007-10-23,7.261612892150879,539300.0
2007-10-24,7.213204383850098,533100.0
2007-10-25,7.193840503692627,344100.0
2007-10-26,7.184154510498047,388200.0
2007-10-29,7.237409591674805,518400.0
2007-10-30,7.3584394454956055,600800.0
2007-10-31,7.610173225402832,476100.0
2007-11-01,7.3584394454956055,784000.0
2007-11-02,7.305183410644531,927600.0
2007-11-05,7.198681354522705,472200.0
2007-11-06,7.179318904876709,770600.0
2007-11-07,6.932419776916504,592700.0
2007-11-08,6.888851642608643,965600.0
2007-11-09,6.946946620941162,764700.0
2007-11-12,7.092175006866455,458500.0
2007-11-13,7.3584394454956055,696400.0
2007-11-14,7.2519354820251465,565200.0
2007-11-15,7.276139736175537,568400.0
2007-11-16,7.1502685546875,432900.0
2007-11-19,7.058290958404541,363900.0
2007-11-20,6.913058280944824,638800.0
2007-11-21,6.816235065460205,690400.0
2007-11-23,6.95178747177124,213400.0
2007-11-26,6.593545436859131,662700.0
2007-11-27,6.675845623016357,596400.0
2007-11-28,6.825918674468994,638000.0
2007-11-29,6.782349586486816,398700.0
2007-11-30,6.903374195098877,701400.0
2007-12-03,6.888851642608643,221300.0
2007-12-04,6.729095935821533,248900.0
2007-12-05,6.859806060791016,360200.0
2007-12-06,7.058290958404541,415900.0
2007-12-07,7.135746479034424,267900.0
2007-12-10,7.334230422973633,290200.0
2007-12-11,6.961469650268555,441500.0
2007-12-12,6.892489910125732,452900.0
2007-12-13,6.843225955963135,413000.0
2007-12-14,6.577184677124023,405700.0
2007-12-17,6.478649616241455,379900.0
2007-12-18,6.690496921539307,768600.0
2007-12-19,6.7249836921691895,652300.0
2007-12-20,6.779181003570557,615900.0
2007-12-21,7.040297508239746,1566500.0
2007-12-24,7.217657089233398,246600.0
2007-12-26,7.2078022956848145,267600.0
2007-12-27,7.104344844818115,510000.0
2007-12-28,6.8974223136901855,678200.0
2007-12-31,7.040297508239746,5403800.0
2008-01-02,6.872785568237305,1030800.0
2008-01-03,6.66093635559082,532600.0
2008-01-04,6.552548885345459,619100.0
2008-01-07,6.508208751678467,981400.0
2008-01-08,6.301288604736328,687800.0
2008-01-09,6.38503885269165,834900.0
2008-01-10,6.449087619781494,607200.0
2008-01-11,6.488502025604248,399900.0
2008-01-14,6.577184677124023,458800.0
2008-01-15,6.380114555358887,466400.0
2008-01-16,6.601815700531006,457300.0
2008-01-17,6.631377696990967,885000.0
2008-01-18,6.527915000915527,590300.0
2008-01-22,6.591964244842529,608500.0
2008-01-23,7.035369873046875,1062600.0
2008-01-24,6.951616287231445,699700.0
2008-01-25,7.069857120513916,689500.0
2008-01-28,7.459068298339844,929000.0
2008-01-29,7.3654584884643555,681600.0
2008-01-30,7.242290019989014,737800.0
2008-01-31,7.459068298339844,762100.0
2008-02-01,7.675842761993408,611400.0
2008-02-04,7.547747611999512,598000.0
2008-02-05,7.266925811767578,714100.0
2008-02-06,7.025515556335449,617900.0
2008-02-07,7.079710006713867,1015000.0
2008-02-08,6.941761016845703,490900.0
2008-02-11,6.858007431030273,636600.0
2008-02-12,7.010733604431152,599400.0
2008-02-13,7.197953224182129,447500.0
2008-02-14,6.98610258102417,373000.0
2008-02-15,6.931907653808594,717700.0
2008-02-19,7.14375638961792,677100.0
2008-02-20,7.385166168212891,649000.0
2008-02-21,7.306339263916016,650500.0
2008-02-22,7.395022392272949,307300.0
2008-02-25,7.611793518066406,624600.0
2008-02-26,7.621649265289307,476800.0
2008-02-27,7.70047664642334,575300.0
2008-02-28,7.488628387451172,647500.0
2008-02-29,7.424579620361328,621500.0
2008-03-03,7.498480796813965,379200.0
2008-03-04,7.532968997955322,492400.0
2008-03-05,7.483699798583984,306500.0
2008-03-06,7.375313758850098,521800.0
2008-03-07,7.414726257324219,1459000.0
2008-03-10,7.404873371124268,1122100.0
2008-03-11,7.9271087646484375,950400.0
2008-03-12,7.791985034942627,863300.0
2008-03-13,7.982156753540039,682100.0
2008-03-14,7.832024574279785,643400.0
2008-03-17,7.902080535888672,745600.0
2008-03-18,8.34748649597168,767700.0
2008-03-19,8.367501258850098,810400.0
2008-03-20,8.527644157409668,2006600.0
2008-03-24,8.58269214630127,636100.0
2008-03-25,8.30244255065918,841000.0
2008-03-26,8.38752269744873,492000.0
2008-03-27,8.182336807250977,411300.0
2008-03-28,7.932107925415039,753900.0
2008-03-31,8.102265357971191,1273100.0
2008-04-01,8.422551155090332,713300.0
2008-04-02,8.682785034179688,1617200.0
2008-04-03,8.58269214630127,811600.0
2008-04-04,8.482605934143066,734200.0
2008-04-07,8.537653923034668,585900.0
2008-04-08,8.602710723876953,648600.0
2008-04-09,8.322460174560547,451600.0
2008-04-10,8.337471008300781,524200.0
2008-04-11,8.262409210205078,653300.0
2008-04-14,8.267415046691895,507800.0
2008-04-15,8.362495422363281,308100.0
2008-04-16,8.532654762268066,647100.0
2008-04-17,8.562679290771484,484700.0
2008-04-18,8.61772632598877,369700.0
2008-04-21,8.477603912353516,258200.0
2008-04-22,8.312453269958496,388000.0
2008-04-23,8.492615699768066,484500.0
2008-04-24,8.577689170837402,926900.0
2008-04-25,8.63273811340332,241100.0
2008-04-28,8.58269214630127,585300.0
2008-04-29,8.61772632598877,665900.0
2008-04-30,8.422551155090332,486700.0
2008-05-01,8.802894592285156,408200.0
2008-05-02,8.857942581176758,616500.0
2008-05-05,8.797886848449707,414100.0
2008-05-06,8.802894592285156,358700.0
2008-05-07,8.552665710449219,459200.0
2008-05-08,8.4725980758667,314500.0
2008-05-09,8.442567825317383,565900.0
2008-05-12,8.5076265335083,382200.0
2008-05-13,8.392524719238281,1845000.0
2008-05-14,8.207359313964844,9685900.0
2008-05-15,8.287429809570312,1347000.0
2008-05-16,8.397528648376465,782700.0
2008-05-19,8.382513999938965,826000.0
2008-05-20,8.30244255065918,697300.0
2008-05-21,8.242387771606445,883600.0
2008-05-22,8.227376937866211,879900.0
2008-05-23,8.342476844787598,985700.0
2008-05-27,8.442567825317383,593600.0
2008-05-28,8.382513999938965,621000.0
2008-05-29,8.362495422363281,664200.0
2008-05-30,8.332472801208496,1929900.0
2008-06-02,8.30244255065918,735900.0
2008-06-03,8.137296676635742,865300.0
2008-06-04,8.217366218566895,642700.0
2008-06-05,8.30244255065918,537700.0
2008-06-06,8.112272262573242,720500.0
2008-06-09,8.027195930480957,832200.0
2008-06-10,8.027195930480957,745000.0
2008-06-11,7.93569278717041,715300.0
2008-06-12,7.9611101150512695,693500.0
2008-06-13,8.08311653137207,468000.0
2008-06-16,8.118704795837402,526600.0
2008-06-17,7.859432220458984,489900.0
2008-06-18,7.849265098571777,678700.0
2008-06-19,8.108536720275879,600000.0
2008-06-20,8.01702880859375,945600.0
2008-06-23,7.793346881866455,480600.0
2008-06-24,7.900105953216553,594600.0
2008-06-25,7.9966959953308105,592100.0
2008-06-26,7.798430919647217,397600.0
2008-06-27,7.778095245361328,1136500.0
2008-06-30,7.808595657348633,532700.0
2008-07-01,7.834014892578125,616700.0
2008-07-02,7.727262020111084,539000.0
2008-07-03,7.737426280975342,254500.0
2008-07-07,7.625579833984375,623600.0
2008-07-08,8.037365913391113,794100.0
2008-07-09,7.503575325012207,578200.0
2008-07-10,7.727262020111084,715500.0
2008-07-11,7.7120041847229,789500.0
2008-07-14,7.422234535217285,483300.0
2008-07-15,7.254472255706787,809000.0
2008-07-16,7.559492111206055,900100.0
2008-07-17,7.762845039367676,824600.0
2008-07-18,7.656083106994629,699300.0
2008-07-21,7.559492111206055,726000.0
2008-07-22,7.945857048034668,802800.0
2008-07-23,8.01702880859375,729500.0
2008-07-24,7.7170891761779785,729700.0
2008-07-25,7.76792573928833,604700.0
2008-07-28,7.549327850341797,401200.0
2008-07-29,7.762845039367676,664300.0
2008-07-30,7.1172099113464355,2161400.0
2008-07-31,7.203632831573486,1799200.0
2008-08-01,7.2239670753479,796900.0
2008-08-04,7.10704231262207,1341300.0
2008-08-05,7.391732692718506,663500.0
2008-08-06,7.300224304199219,730900.0
2008-08-07,7.066371917724609,990700.0
2008-08-08,7.37139368057251,910400.0
2008-08-11,7.656083106994629,951700.0
2008-08-12,7.701838493347168,2441900.0
2008-08-13,7.671332359313965,1018500.0
2008-08-14,7.7170891761779785,768500.0
2008-08-15,7.798430919647217,798700.0
2008-08-18,7.620499610900879,678100.0
2008-08-19,7.600162506103516,524100.0
2008-08-20,7.651002883911133,565800.0
2008-08-21,7.589995861053467,488800.0
2008-08-22,7.808595657348633,456100.0
2008-08-25,7.640834331512451,407900.0
2008-08-26,7.76792573928833,732300.0
2008-08-27,7.803513050079346,387400.0
2008-08-28,8.098368644714355,296900.0
2008-08-29,8.006861686706543,329700.0
2008-09-02,8.042448997497559,661700.0
2008-09-03,8.179710388183594,651100.0
2008-09-04,7.93569278717041,596100.0
2008-09-05,7.889937400817871,485100.0
2008-09-08,8.235629081726074,752200.0
2008-09-09,8.006861686706543,709200.0
2008-09-10,8.001776695251465,719400.0
2008-09-11,8.058601379394531,476700.0
2008-09-12,8.18257999420166,391000.0
2008-09-15,7.712491035461426,462000.0
2008-09-16,8.296226501464844,958800.0
2008-09-17,7.696996688842773,998600.0
2008-09-18,8.993605613708496,1711800.0
2008-09-19,9.07625961303711,2648200.0
2008-09-22,8.254900932312012,738000.0
2008-09-23,8.105095863342285,725000.0
2008-09-24,7.727993965148926,1102900.0
2008-09-25,7.722827434539795,713400.0
2008-09-26,7.944952964782715,1367200.0
2008-09-29,7.691829204559326,996800.0
2008-09-30,7.9346208572387695,781100.0
2008-10-01,7.74865198135376,1013900.0
2008-10-02,7.412883281707764,1101500.0
2008-10-03,7.3198957443237305,1399800.0
2008-10-06,7.118432998657227,1258300.0
2008-10-07,6.674173355102539,1391600.0
2008-10-08,6.7929887771606445,1844700.0
2008-10-09,5.945801734924316,1884200.0
2008-10-10,6.555363178253174,1732000.0
2008-10-13,6.787820816040039,1048200.0
2008-10-14,6.725829124450684,1135900.0
2008-10-15,5.997457981109619,672500.0
2008-10-16,6.002622127532959,1289900.0
2008-10-17,5.894141674041748,961000.0
2008-10-20,5.914806365966797,730400.0
2008-10-21,5.790829658508301,1076300.0
2008-10-22,5.51704216003418,719400.0
2008-10-23,5.3000807762146,1616100.0
2008-10-24,4.943639755249023,1255500.0
2008-10-27,4.494221210479736,1349100.0
2008-10-28,5.046958923339844,1000300.0
2008-10-29,5.3620710372924805,1211700.0
2008-10-30,5.470550537109375,991000.0
2008-10-31,5.945801734924316,855000.0
2008-11-03,6.0284528732299805,658000.0
2008-11-04,6.317737102508545,914000.0
2008-11-05,5.863150119781494,672800.0
2008-11-06,5.594527244567871,911200.0
2008-11-07,5.801159858703613,1214300.0
2008-11-10,5.434390544891357,733200.0
2008-11-11,5.176102161407471,1444900.0
2008-11-12,4.8506598472595215,1174700.0
2008-11-13,5.160604476928711,1822400.0
2008-11-14,4.540712356567383,1188500.0
2008-11-17,4.571707725524902,1069700.0
2008-11-18,4.365075588226318,1114900.0
2008-11-19,3.786510467529297,982100.0
2008-11-20,3.342254638671875,1433100.0
2008-11-21,3.48172664642334,1783000.0
2008-11-24,4.33408260345459,1820700.0
2008-11-25,4.132615566253662,2294300.0
2008-11-26,4.504550457000732,1497000.0
2008-11-28,4.571707725524902,402200.0
2008-12-01,3.8846595287323,984600.0
2008-12-02,4.251428604125977,1086800.0
2008-12-03,4.385738372802734,1423200.0
2008-12-04,4.308252811431885,652100.0
2008-12-05,4.799001216888428,927800.0
2008-12-08,5.2122626304626465,940000.0
2008-12-09,4.6285295486450195,1099100.0
2008-12-10,4.855822563171387,1253600.0
2008-12-11,4.420656681060791,1335200.0
2008-12-12,4.74437952041626,1011700.0
2008-12-15,4.50556755065918,948300.0
2008-12-16,5.094634056091309,699100.0
2008-12-17,5.354674816131592,1277700.0
2008-12-18,5.317525863647461,1527900.0
2008-12-19,5.779227256774902,2946500.0
2008-12-22,5.46612024307251,1254700.0
2008-12-23,5.2379231452941895,951400.0
2008-12-24,5.163625717163086,288900.0
2008-12-26,5.158317565917969,618500.0
2008-12-29,4.97788143157959,806200.0
2008-12-30,5.0627946853637695,764700.0
2008-12-31,5.4767327308654785,813200.0
2009-01-02,5.391822338104248,524900.0
2009-01-05,5.158317565917969,1162500.0
2009-01-06,5.513882637023926,1509500.0
2009-01-07,5.338754177093506,657000.0
2009-01-08,5.2379231452941895,460200.0
2009-01-09,5.015030860900879,692000.0
2009-01-12,4.739071846008301,801200.0
2009-01-13,4.861130237579346,1181300.0
2009-01-14,4.601092338562012,519600.0
2009-01-15,4.733766555786133,838400.0
2009-01-16,5.004418849945068,715500.0
2009-01-20,4.399429798126221,1205400.0
2009-01-21,4.4418840408325195,1819600.0
2009-01-22,4.484340190887451,1122900.0
2009-01-23,4.532103538513184,903300.0
2009-01-26,4.542716026306152,775800.0
2009-01-27,4.664775371551514,1501500.0
2009-01-28,4.903585433959961,1597200.0
2009-01-29,4.510875225067139,1111300.0
2009-01-30,4.3039069175720215,1017200.0
2009-02-02,4.287983417510986,1059800.0
2009-02-03,4.155311584472656,1125400.0
2009-02-04,4.006717205047607,1687100.0
2009-02-05,3.9058876037597656,1833700.0
2009-02-06,4.081015586853027,1146300.0
2009-02-09,4.118163108825684,574000.0
2009-02-10,3.7997488975524902,1103100.0
2009-02-11,3.8581252098083496,1451900.0
2009-02-12,3.757293701171875,1083500.0
2009-02-13,3.5662457942962646,807600.0
2009-02-17,3.300898790359497,980200.0
2009-02-18,3.332740545272827,833600.0
2009-02-19,3.2531378269195557,1105400.0
2009-02-20,3.269057035446167,1072200.0
2009-02-23,3.178839683532715,1441000.0
2009-02-24,3.5025618076324463,1201800.0
2009-02-25,3.3698887825012207,1014400.0
2009-02-26,3.2796719074249268,872400.0
2009-02-27,3.327432870864868,1622300.0
2009-03-02,3.056781768798828,1009900.0
2009-03-03,2.993098020553589,1890100.0
2009-03-04,3.0302462577819824,1302600.0
2009-03-05,2.9028806686401367,2046100.0
2009-03-06,2.7489798069000244,2239700.0
2009-03-09,2.7224464416503906,1173100.0
2009-03-10,2.9665629863739014,2038000.0
2009-03-11,2.866567373275757,1151900.0
2009-03-12,3.116558074951172,1584800.0
2009-03-13,3.0054502487182617,1238600.0
2009-03-16,2.833235263824463,809600.0
2009-03-17,3.066559076309204,923600.0
2009-03-18,3.2832190990448,1728300.0
2009-03-19,3.1110026836395264,1310000.0
2009-03-20,2.849900960922241,812200.0
2009-03-23,3.249886989593506,884800.0
2009-03-24,3.116558074951172,854700.0
2009-03-25,3.0776712894439697,903200.0
2009-03-26,3.266552209854126,1055900.0
2009-03-27,3.0054502487182617,730700.0
2009-03-30,2.9276764392852783,617400.0
2009-03-31,3.061004877090454,1001800.0
2009-04-01,3.133223533630371,794400.0
2009-04-02,3.433213949203491,917400.0
2009-04-03,3.6109864711761475,1100900.0
2009-04-06,3.622096061706543,1546700.0
2009-04-07,3.2943310737609863,1564800.0
2009-04-08,3.360994577407837,1075100.0
2009-04-09,3.8276453018188477,1923500.0
2009-04-13,3.8165335655212402,1431000.0
2009-04-14,3.4109914302825928,1436700.0
2009-04-15,3.566542387008667,1410800.0
2009-04-16,3.8998637199401855,2539900.0
2009-04-17,4.227630615234375,1875400.0
2009-04-20,3.960972309112549,1386300.0
2009-04-21,4.277630805969238,1135700.0
2009-04-22,4.160965442657471,1020500.0
2009-04-23,4.2942938804626465,1590100.0
2009-04-24,4.4442901611328125,1450700.0
2009-04-27,4.105412006378174,1888600.0
2009-04-28,3.9887502193450928,2065000.0
2009-04-29,4.07763671875,2095400.0
2009-04-30,3.949861526489258,2156300.0
2009-05-01,3.7776448726654053,2819300.0
2009-05-04,4.383180141448975,3138500.0
2009-05-05,3.938750982284546,2166800.0
2009-05-06,3.960972309112549,1991300.0
2009-05-07,3.605431318283081,1782800.0
2009-05-08,3.922086000442505,2096800.0
2009-05-11,3.822089433670044,1236400.0
2009-05-12,3.772092342376709,860300.0
2009-05-13,3.527655601501465,750400.0
2009-05-14,3.7332029342651367,1426700.0
2009-05-15,3.6776504516601562,1521100.0
2009-05-18,3.9943063259124756,768500.0
2009-05-19,4.055413246154785,953400.0
2009-05-20,3.916530132293701,1088100.0
2009-05-21,3.9831933975219727,1243800.0
2009-05-22,3.8331987857818604,632500.0
2009-05-26,4.116523265838623,928000.0
2009-05-27,3.9831933975219727,958000.0
2009-05-28,3.949861526489258,1409000.0
2009-05-29,4.1720781326293945,1304900.0
2009-06-01,4.388735771179199,1351800.0
2009-06-02,4.583175182342529,1291400.0
2009-06-03,4.610950469970703,942400.0
2009-06-04,4.799830913543701,875300.0
2009-06-05,4.827609539031982,1282200.0
2009-06-08,4.672060012817383,1156400.0
2009-06-09,4.699836730957031,1173800.0
2009-06-10,4.699836730957031,1419900.0
2009-06-11,4.683170318603516,1391500.0
2009-06-12,4.738724231719971,798800.0
2009-06-15,4.505398273468018,1117200.0
2009-06-16,4.416512489318848,1359800.0
2009-06-17,4.349849224090576,1030500.0
2009-06-18,4.388735771179199,1050800.0
2009-06-19,4.522064685821533,1222200.0
2009-06-22,4.366515159606934,890100.0
2009-06-23,4.355403900146484,770100.0
2009-06-24,4.477621555328369,1126700.0
2009-06-25,4.48317813873291,1091700.0
2009-06-26,4.677614688873291,1229500.0
2009-06-29,4.594284534454346,496300.0
2009-06-30,4.63872766494751,859400.0
2009-07-01,4.749835968017578,494300.0
2009-07-02,4.466512203216553,488000.0
2009-07-06,4.538731098175049,805600.0
2009-07-07,4.416512489318848,760400.0
2009-07-08,4.260964870452881,1132700.0
2009-07-09,4.16652250289917,459600.0
2009-07-10,4.199853897094727,415200.0
2009-07-13,4.344292640686035,453900.0
2009-07-14,4.416512489318848,365000.0
2009-07-15,4.555397033691406,804000.0
2009-07-16,4.622060298919678,372300.0
2009-07-17,4.499843597412109,810800.0
2009-07-20,4.594284534454346,705600.0
2009-07-21,4.505398273468018,540000.0
2009-07-22,4.505398273468018,603600.0
2009-07-23,4.599842071533203,730000.0
2009-07-24,4.722057342529297,498600.0
2009-07-27,4.644282817840576,522700.0
2009-07-28,4.672060012817383,701400.0
2009-07-29,4.688724994659424,407300.0
2009-07-30,4.888719081878662,766700.0
2009-07-31,4.877607345581055,763200.0
2009-08-03,4.994269371032715,1060700.0
2009-08-04,4.944273471832275,3418900.0
2009-08-05,4.966494560241699,1696600.0
2009-08-06,5.033158302307129,1173200.0
2009-08-07,5.338703155517578,1298600.0
2009-08-10,5.177596092224121,904000.0
2009-08-11,4.960937976837158,757200.0
2009-08-12,5.272039413452148,2089600.0
2009-08-13,5.172042369842529,1560300.0
2009-08-14,5.016493320465088,907800.0
2009-08-17,4.9164958000183105,878600.0
2009-08-18,5.205374240875244,1369800.0
2009-08-19,5.299816608428955,1006400.0
2009-08-20,5.510919094085693,937000.0
2009-08-21,5.683135986328125,1326800.0
2009-08-24,5.560918807983398,529000.0
2009-08-25,5.627583026885986,962900.0
2009-08-26,5.588695049285889,1742600.0
2009-08-27,5.538695812225342,1029200.0
2009-08-28,5.660915374755859,1692900.0
2009-08-31,5.499808311462402,915100.0
2009-09-01,5.22204065322876,1030900.0
2009-09-02,4.955383777618408,1137900.0
2009-09-03,5.138711452484131,1295400.0
2009-09-04,5.21648645401001,911800.0
2009-09-08,5.338703155517578,916400.0
2009-09-09,5.433145046234131,802800.0
2009-09-10,5.483144760131836,841100.0
2009-09-11,5.483144760131836,393300.0
2009-09-14,5.772022724151611,567100.0
2009-09-15,5.966459274291992,634000.0
2009-09-16,6.2164506912231445,831600.0
2009-09-17,6.055343151092529,490500.0
2009-09-18,5.983125686645508,689500.0
2009-09-21,5.927573204040527,382800.0
2009-09-22,6.222005367279053,569900.0
2009-09-23,6.149785995483398,1313100.0
2009-09-24,5.788689613342285,1692100.0
2009-09-25,5.783131122589111,491400.0
2009-09-28,6.199784755706787,572400.0
2009-09-29,6.060897350311279,633300.0
2009-09-30,5.860908031463623,563000.0
2009-10-01,5.627583026885986,1715300.0
2009-10-02,5.660915374755859,967700.0
2009-10-05,5.633141040802002,846800.0
2009-10-06,5.605362415313721,587400.0
2009-10-07,5.610915184020996,335400.0
2009-10-08,5.699801921844482,714600.0
2009-10-09,5.79979944229126,466600.0
2009-10-12,5.82757568359375,251700.0
2009-10-13,5.733134746551514,300600.0
2009-10-14,5.833132743835449,440000.0
2009-10-15,6.027568817138672,826000.0
2009-10-16,5.905351638793945,415400.0
2009-10-19,6.00534725189209,352100.0
2009-10-20,5.849799633026123,352900.0
2009-10-21,5.810909748077393,505600.0
2009-10-22,5.960903644561768,331200.0
2009-10-23,5.816464424133301,506300.0
2009-10-26,5.7275800704956055,285600.0
2009-10-27,5.677581310272217,284000.0
2009-10-28,5.310927867889404,490200.0
2009-10-29,5.510919094085693,433300.0
2009-10-30,5.316482067108154,854500.0
2009-11-02,5.30537223815918,636300.0
2009-11-03,5.655358791351318,508700.0
2009-11-04,5.455366134643555,864700.0
2009-11-05,5.627583026885986,314900.0
2009-11-06,5.7664666175842285,613000.0
2009-11-09,6.055343151092529,451900.0
2009-11-10,6.1553425788879395,691900.0
2009-11-11,6.277561664581299,570800.0
2009-11-12,6.1664533615112305,573100.0
2009-11-13,6.3497796058654785,472100.0
2009-11-16,6.499773979187012,586200.0
2009-11-17,6.266447067260742,606900.0
2009-11-18,6.388668060302734,457000.0
2009-11-19,6.18311882019043,529800.0
2009-11-20,6.149785995483398,618900.0
2009-11-23,6.244227886199951,430100.0
2009-11-24,6.21089506149292,199300.0
2009-11-25,6.233116149902344,289800.0
2009-11-27,5.9331254959106445,162300.0
2009-11-30,6.105345249176025,532700.0
2009-12-01,6.333112716674805,555800.0
2009-12-02,6.438665390014648,421100.0
2009-12-03,6.249780654907227,319500.0
2009-12-04,6.41644287109375,585500.0
2009-12-07,6.288671016693115,333900.0
2009-12-08,6.1818928718566895,430700.0
2009-12-09,6.176271438598633,312000.0
2009-12-10,6.2605719566345215,610600.0
2009-12-11,6.4460272789001465,823600.0
2009-12-14,6.564047813415527,770000.0
2009-12-15,6.580904483795166,457600.0
2009-12-16,6.479747772216797,1108400.0
2009-12-17,6.50222635269165,461900.0
2009-12-18,6.462887763977051,1403800.0
2009-12-21,6.507847309112549,577700.0
2009-12-22,6.524705410003662,1043600.0
2009-12-23,6.698923587799072,691400.0
2009-12-24,6.794459342956543,141000.0
2009-12-28,6.710163116455078,266200.0
2009-12-29,6.597765922546387,349400.0
2009-12-30,6.6371049880981445,463300.0
2009-12-31,6.4909868240356445,556300.0
2010-01-04,6.682064056396484,774400.0
2010-01-05,6.6371049880981445,642600.0
2010-01-06,6.659585952758789,1144200.0
2010-01-07,6.609003067016602,595600.0
2010-01-08,6.462887763977051,412000.0
2010-01-11,6.513467311859131,453400.0
2010-01-12,6.283050537109375,567000.0
2010-01-13,6.395451068878174,415800.0
2010-01-14,6.372968673706055,263400.0
2010-01-15,6.401069164276123,791300.0
2010-01-19,6.586526870727539,584800.0
2010-01-20,6.603381156921387,630700.0
2010-01-21,6.496607780456543,1092600.0
2010-01-22,6.451645851135254,811500.0
2010-01-25,6.474127769470215,635600.0
2010-01-26,6.378590106964111,463000.0
2010-01-27,6.406688690185547,581600.0
2010-01-28,6.350492000579834,601800.0
2010-01-29,6.378590106964111,693800.0
2010-02-01,6.440408706665039,495800.0
2010-02-02,6.586526870727539,844500.0
2010-02-03,6.524705410003662,531700.0
2010-02-04,6.283050537109375,610800.0
2010-02-05,6.378590106964111,420100.0
2010-02-08,6.254951000213623,413200.0
2010-02-09,6.226851463317871,646600.0
2010-02-10,6.254951000213623,517900.0
2010-02-11,6.344870567321777,361200.0
2010-02-12,6.3842082023620605,402800.0
2010-02-16,6.513467311859131,441800.0
2010-02-17,6.519084930419922,575000.0
2010-02-18,6.653964042663574,348000.0
2010-02-19,6.783223628997803,656800.0
2010-02-22,6.743882656097412,868600.0
2010-02-23,6.474127769470215,2374000.0
2010-02-24,6.462887763977051,980100.0
2010-02-25,6.423548221588135,759400.0
2010-02-26,6.339247226715088,1137400.0
2010-03-01,6.372968673706055,631600.0
2010-03-02,6.277430534362793,1617200.0
2010-03-03,6.356110095977783,1791800.0
2010-03-04,6.59214448928833,401500.0
2010-03-05,6.861899375915527,896900.0
2010-03-08,7.013635158538818,685100.0
2010-03-09,7.1147966384887695,1824800.0
2010-03-10,7.1147966384887695,820100.0
2010-03-11,7.11479377746582,1018300.0
2010-03-12,7.205430507659912,784300.0
2010-03-15,7.250748634338379,580000.0
2010-03-16,7.420690059661865,852900.0
2010-03-17,7.437680721282959,533300.0
2010-03-18,7.466005802154541,454200.0
2010-03-19,7.290401458740234,1695600.0
2010-03-22,7.307392120361328,1123600.0
2010-03-23,7.3980255126953125,725100.0
2010-03-24,7.386701583862305,614100.0
2010-03-25,7.307392120361328,854100.0
2010-03-26,7.364039897918701,697600.0
2010-03-29,7.381030082702637,574000.0
2010-03-30,7.403693675994873,513800.0
2010-03-31,7.182773113250732,727500.0
2010-04-01,7.199765205383301,536600.0
2010-04-05,7.386701583862305,330800.0
2010-04-06,7.5906267166137695,574500.0
2010-04-07,7.681262969970703,1028700.0
2010-04-08,7.607621669769287,706000.0
2010-04-09,7.811544418334961,542600.0
2010-04-12,7.720911502838135,673800.0
2010-04-13,7.987149238586426,785300.0
2010-04-14,8.151426315307617,704100.0
2010-04-15,7.754899501800537,713400.0
2010-04-16,7.567967414855957,1328800.0
2010-04-19,7.647273063659668,647800.0
2010-04-20,7.709583759307861,894000.0
2010-04-21,7.98148775100708,556800.0
2010-04-22,8.004145622253418,328400.0
2010-04-23,8.213739395141602,496800.0
2010-04-26,8.400670051574707,556800.0
2010-04-27,8.123101234436035,832400.0
2010-04-28,8.055129051208496,648800.0
2010-04-29,8.587606430053711,647900.0
2010-04-30,8.50830078125,1180700.0
2010-05-03,8.814192771911621,1209000.0
2010-05-04,8.836849212646484,1074100.0
2010-05-05,8.96713638305664,1594800.0
2010-05-06,8.706561088562012,2038700.0
2010-05-07,8.525293350219727,1780900.0
2010-05-10,9.01811695098877,1387400.0
2010-05-11,8.984127044677734,1471900.0
2010-05-12,9.193720817565918,1736300.0
2010-05-13,8.972799301147461,811400.0
2010-05-14,8.865171432495117,995100.0
2010-05-17,8.989792823791504,1269900.0
2010-05-18,8.593265533447266,958300.0
2010-05-19,8.457316398620605,767800.0
2010-05-20,7.941832065582275,1237100.0
2010-05-21,8.293042182922363,1248100.0
2010-05-24,8.179749488830566,622500.0
2010-05-25,8.140096664428711,728500.0
2010-05-26,8.191080093383789,895800.0
2010-05-27,8.64991283416748,772200.0
2010-05-28,8.51962661743164,987400.0
2010-06-01,8.157088279724121,1037900.0
2010-06-02,8.355353355407715,1151300.0
2010-06-03,8.264718055725098,836700.0
2010-06-04,7.862527847290039,977900.0
2010-06-07,7.783224582672119,577300.0
2010-06-08,7.873859882354736,711900.0
2010-06-09,7.953161239624023,784700.0
2010-06-10,8.179749488830566,1294300.0
2010-06-11,8.316651344299316,835200.0
2010-06-14,8.613265037536621,1703000.0
2010-06-15,8.852837562561035,1519900.0
2010-06-16,8.539112091064453,2043200.0
2010-06-17,8.499181747436523,2218000.0
2010-06-18,8.493474960327148,1376600.0
2010-06-21,8.413618087768555,942700.0
2010-06-22,8.328057289123535,1671400.0
2010-06-23,8.31094741821289,631500.0
2010-06-24,8.117002487182617,622400.0
2010-06-25,8.305238723754883,794800.0
2010-06-28,8.242494583129883,480700.0
2010-06-29,7.934471607208252,886100.0
2010-06-30,7.928764343261719,994000.0
2010-07-01,7.900247573852539,1005100.0
2010-07-02,7.683491230010986,1013300.0
2010-07-06,7.438209533691406,964800.0
2010-07-07,7.888838291168213,1150000.0
2010-07-08,7.945879936218262,1076000.0
2010-07-09,8.059956550598145,705500.0
2010-07-12,8.128412246704102,602800.0
2010-07-13,8.367984771728516,869800.0
2010-07-14,8.16263484954834,1083600.0
2010-07-15,8.117002487182617,694600.0
2010-07-16,7.911657333374023,1419800.0
2010-07-19,7.957289218902588,754300.0
2010-07-20,8.09989070892334,645200.0
2010-07-21,8.014328956604004,1290900.0
2010-07-22,8.390801429748535,877500.0
2010-07-23,8.56192684173584,797600.0
2010-07-26,8.80150032043457,922400.0
2010-07-27,8.80150032043457,779400.0
2010-07-28,8.80150032043457,524900.0
2010-07-29,8.761571884155273,635100.0
2010-07-30,8.847131729125977,1468300.0
2010-08-02,9.00684928894043,1150600.0
2010-08-03,9.023963928222656,1443200.0
2010-08-04,9.041072845458984,1021200.0
2010-08-05,9.001147270202637,504900.0
2010-08-06,8.932698249816895,499100.0
2010-08-09,9.143749237060547,418100.0
2010-08-10,8.966923713684082,852000.0
2010-08-11,8.784388542175293,776800.0
2010-08-12,8.653192520141602,1040000.0
2010-08-13,8.522000312805176,720000.0
2010-08-16,8.647493362426758,426100.0
2010-08-17,8.932698249816895,598700.0
2010-08-18,8.92128849029541,458100.0
2010-08-19,8.63608169555664,819100.0
2010-08-20,8.618967056274414,449600.0
2010-08-23,8.459253311157227,380200.0
2010-08-24,8.447844505310059,618500.0
2010-08-25,8.687419891357422,691900.0
2010-08-26,8.556221008300781,405400.0
2010-08-27,8.658900260925293,424100.0
2010-08-30,8.567632675170898,660100.0
2010-08-31,8.721648216247559,543400.0
2010-09-01,9.115232467651367,601400.0
2010-09-02,9.098116874694824,458000.0
2010-09-03,9.292059898376465,745100.0
2010-09-07,9.132340431213379,327500.0
2010-09-08,9.155158996582031,348700.0
2010-09-09,8.955516815185547,672700.0
2010-09-10,9.035370826721191,330000.0
2010-09-13,9.293689727783203,343200.0
2010-09-14,9.38553524017334,533900.0
2010-09-15,9.529047012329102,901000.0
2010-09-16,9.477378845214844,482200.0
2010-09-17,9.523306846618652,1059500.0
2010-09-20,9.804585456848145,1256400.0
2010-09-21,9.511825561523438,1057800.0
2010-09-22,9.419981002807617,3352600.0
2010-09-23,9.201841354370117,1198800.0
2010-09-24,9.586451530456543,612000.0
2010-09-27,9.362574577331543,715500.0
2010-09-28,9.35683536529541,900200.0
2010-09-29,9.328131675720215,792200.0
2010-09-30,9.2075834274292,683900.0
2010-10-01,9.282210350036621,681300.0
2010-10-04,9.31665325164795,442100.0
2010-10-05,9.603670120239258,872800.0
2010-10-06,9.27072811126709,1303400.0
2010-10-07,9.17314338684082,727800.0
2010-10-08,9.213324546813965,515100.0
2010-10-11,9.184621810913086,444300.0
2010-10-12,9.2075834274292,948600.0
2010-10-13,9.40275764465332,989600.0
2010-10-14,9.345356941223145,506700.0
2010-10-15,9.184621810913086,838100.0
2010-10-18,9.305169105529785,497500.0
2010-10-19,9.15018081665039,1332900.0
2010-10-20,9.282210350036621,866600.0
2010-10-21,9.24776554107666,728100.0
2010-10-22,9.253504753112793,415300.0
2010-10-25,9.31665325164795,1165700.0
2010-10-26,9.27072811126709,571900.0
2010-10-27,9.092775344848633,705200.0
2010-10-28,9.081295013427734,586100.0
2010-10-29,9.299430847167969,1369700.0
2010-11-01,9.534786224365234,875400.0
2010-11-02,9.67829704284668,1239400.0
2010-11-03,9.643853187561035,585300.0
2010-11-04,9.902167320251465,942200.0
2010-11-05,9.942354202270508,470600.0
2010-11-08,9.839028358459473,465200.0
2010-11-09,9.517563819885254,841400.0
2010-11-10,9.529047012329102,429300.0
2010-11-11,9.534786224365234,391200.0
2010-11-12,9.40849494934082,366900.0
2010-11-15,9.27072811126709,426200.0
2010-11-16,8.914822578430176,561400.0
2010-11-17,8.99518871307373,325800.0
2010-11-18,9.018150329589844,347600.0
2010-11-19,9.006669044494629,312600.0
2010-11-22,9.058334350585938,302600.0
2010-11-23,8.977968215942383,528000.0
2010-11-24,9.339613914489746,680200.0
2010-11-26,9.351095199584961,148600.0
2010-11-29,9.299430847167969,497500.0
2010-11-30,9.196100234985352,1321200.0
2010-12-01,9.391275405883789,1144000.0
2010-12-02,9.523306846618652,1016600.0
2010-12-03,9.511825561523438,274900.0
2010-12-06,9.626632690429688,682100.0
2010-12-07,9.890691757202148,1607800.0
2010-12-08,9.856042861938477,1638900.0
2010-12-09,9.861820220947266,1206000.0
2010-12-10,9.977300643920898,1242200.0
2010-12-13,10.104329109191895,1234100.0
2010-12-14,9.844500541687012,1664500.0
2010-12-15,9.734794616699219,1836300.0
2010-12-16,9.827177047729492,927400.0
2010-12-17,9.844500541687012,1240800.0
2010-12-20,9.919560432434082,517700.0
2010-12-21,10.07545280456543,335800.0
2010-12-22,10.127425193786621,818400.0
2010-12-23,10.023488998413086,799700.0
2010-12-27,10.081228256225586,250700.0
2010-12-28,10.127425193786621,743100.0
2010-12-29,10.144743919372559,280900.0
2010-12-30,10.127425193786621,360500.0
2010-12-31,10.04658317565918,410300.0
2011-01-03,10.329506874084473,481400.0
2011-01-04,10.219803810119629,734100.0
2011-01-05,10.248668670654297,711400.0
2011-01-06,10.104329109191895,542600.0
2011-01-07,10.20248031616211,1195600.0
2011-01-10,10.317956924438477,668000.0
2011-01-11,10.317956924438477,498300.0
2011-01-12,10.404570579528809,608100.0
2011-01-13,10.42765998840332,350500.0
2011-01-14,10.589337348937988,679100.0
2011-01-18,10.520045280456543,894700.0
2011-01-19,10.520045280456543,855100.0
2011-01-20,10.658615112304688,1051400.0
2011-01-21,10.843385696411133,756600.0
2011-01-24,10.872251510620117,363000.0
2011-01-25,10.970414161682129,535400.0
2011-01-26,11.074339866638184,842700.0
2011-01-27,11.207141876220703,868300.0
2011-01-28,10.98195743560791,1922400.0
2011-01-31,11.103208541870117,890400.0
2011-02-01,11.166717529296875,968300.0
2011-02-02,11.264876365661621,464200.0
2011-02-03,11.282196998596191,589500.0
2011-02-04,11.270648956298828,636900.0
2011-02-07,11.403448104858398,860900.0
2011-02-08,11.31684684753418,435700.0
2011-02-09,11.293745040893555,281800.0
2011-02-10,11.35726261138916,397400.0
2011-02-11,11.403448104858398,486800.0
2011-02-14,11.368807792663574,351400.0
2011-02-15,11.08011531829834,1257600.0
2011-02-16,11.08011531829834,817700.0
2011-02-17,11.166717529296875,414200.0
2011-02-18,11.201364517211914,464800.0
2011-02-22,10.98195743560791,576300.0
2011-02-23,10.7567720413208,688700.0
2011-02-24,10.843385696411133,903100.0
2011-02-25,11.0454683303833,704100.0
2011-02-28,11.403448104858398,1111900.0
2011-03-01,11.12630558013916,1267600.0
2011-03-02,11.085888862609863,969700.0
2011-03-03,11.282196998596191,640000.0
2011-03-04,11.41500186920166,1485300.0
2011-03-07,11.484289169311523,959300.0
2011-03-08,11.622858047485352,1058900.0
2011-03-09,11.542024612426758,984600.0
2011-03-10,11.345710754394531,608900.0
2011-03-11,11.45038890838623,414900.0
2011-03-14,11.403868675231934,671700.0
2011-03-15,11.270115852355957,1099600.0
2011-03-16,11.066574096679688,1341600.0
2011-03-17,11.107283592224121,600500.0
2011-03-18,11.316634178161621,1978000.0
2011-03-21,11.630661010742188,555800.0
2011-03-22,11.619029998779297,843900.0
2011-03-23,11.485278129577637,736800.0
2011-03-24,11.56087875366211,785300.0
2011-03-25,11.648107528686523,882200.0
2011-03-28,11.636476516723633,880900.0
2011-03-29,11.816753387451172,1518700.0
2011-03-30,12.130781173706055,1272200.0
2011-03-31,12.043549537658691,876100.0
2011-04-01,11.915611267089844,972300.0
2011-04-04,11.84001636505127,637700.0
2011-04-05,11.746969223022461,1049400.0
2011-04-06,11.659738540649414,548700.0
2011-04-07,11.473651885986328,778500.0
2011-04-08,11.351532936096191,745000.0
2011-04-11,11.339900016784668,670700.0
2011-04-12,11.258482933044434,539100.0
2011-04-13,11.345712661743164,779600.0
2011-04-14,11.71789264678955,854200.0
2011-04-15,11.84001636505127,549800.0
2011-04-18,11.770230293273926,655100.0
2011-04-19,11.909797668457031,292500.0
2011-04-20,12.090070724487305,665800.0
2011-04-21,12.229641914367676,604000.0
2011-04-25,12.375028610229492,541500.0
2011-04-26,12.47969913482666,672300.0
2011-04-27,12.566932678222656,599300.0
2011-04-28,12.735570907592773,820200.0
2011-04-29,12.584379196166992,723000.0
2011-05-02,12.520410537719727,931600.0
2011-05-03,12.462257385253906,740400.0
2011-05-04,12.345948219299316,449000.0
2011-05-05,12.392471313476562,735000.0
2011-05-06,12.264533996582031,567500.0
2011-05-09,12.421544075012207,639800.0
2011-05-10,12.718130111694336,733800.0
2011-05-11,12.555301666259766,979100.0
2011-05-12,12.311055183410645,2547300.0
2011-05-13,12.345948219299316,1257000.0
2011-05-16,12.398286819458008,1587400.0
2011-05-17,12.357579231262207,623600.0
2011-05-18,12.561117172241211,491400.0
2011-05-19,12.54948616027832,576000.0
2011-05-20,12.264533996582031,869800.0
2011-05-23,12.171488761901855,660800.0
2011-05-24,12.130781173706055,752400.0
2011-05-25,12.247088432312012,855400.0
2011-05-26,12.375028610229492,454100.0
2011-05-27,12.427369117736816,488500.0
2011-05-31,12.654167175292969,1756300.0
2011-06-01,12.206379890441895,796500.0
2011-06-02,12.206379890441895,493000.0
2011-06-03,12.101707458496094,547800.0
2011-06-06,12.01447582244873,689600.0
2011-06-07,12.177306175231934,454700.0
2011-06-08,12.165672302246094,784800.0
2011-06-09,12.06100082397461,878200.0
2011-06-10,11.7411527633667,1007400.0
2011-06-13,11.635753631591797,1128200.0
2011-06-14,11.852418899536133,1137300.0
2011-06-15,11.59475326538086,1016100.0
2011-06-16,11.62989330291748,861300.0
2011-06-17,11.688447952270508,1230400.0
2011-06-20,11.834845542907715,667100.0
2011-06-21,11.9636812210083,696100.0
2011-06-22,12.162784576416016,1030600.0
2011-06-23,11.987098693847656,1543500.0
2011-06-24,11.992965698242188,1342200.0
2011-06-27,12.115933418273926,471200.0
2011-06-28,12.297468185424805,526000.0
2011-06-29,12.426301002502441,732800.0
2011-06-30,12.490718841552734,918500.0
2011-07-01,12.701530456542969,560000.0
2011-07-05,12.84792423248291,479800.0
2011-07-06,12.883065223693848,1249600.0
2011-07-07,12.982611656188965,573800.0
2011-07-08,12.900629997253418,494700.0
2011-07-11,12.713240623474121,641000.0
2011-07-12,12.637112617492676,993400.0
2011-07-13,12.502427101135254,600200.0
2011-07-14,12.467296600341797,686000.0
2011-07-15,12.754233360290527,554800.0
2011-07-18,12.566840171813965,553600.0
2011-07-19,12.883065223693848,414500.0
2011-07-20,12.97089958190918,265500.0
2011-07-21,12.924053192138672,665700.0
2011-07-22,12.9943265914917,507800.0
2011-07-25,12.929912567138672,419400.0
2011-07-26,12.900629997253418,493400.0
2011-07-27,12.490718841552734,691900.0
2011-07-28,12.467296600341797,418000.0
2011-07-29,12.449724197387695,782200.0
2011-08-01,12.525851249694824,1339300.0
2011-08-02,12.227195739746094,1182800.0
2011-08-03,12.303322792053223,1372500.0
2011-08-04,11.600606918334961,1504900.0
2011-08-05,11.401510238647461,1505300.0
2011-08-08,10.446993827819824,1995900.0
2011-08-09,11.501060485839844,3015900.0
2011-08-10,11.056008338928223,1690500.0
2011-08-11,11.723589897155762,1569200.0
2011-08-12,11.805570602416992,1182200.0
2011-08-15,12.373597145080566,1101900.0
2011-08-16,12.29161548614502,884600.0
2011-08-17,12.209626197814941,663400.0
2011-08-18,11.547906875610352,1334900.0
2011-08-19,11.325380325317383,948200.0
2011-08-22,11.424934387207031,793500.0
2011-08-23,11.852418899536133,761100.0
2011-08-24,12.092513084411621,702800.0
2011-08-25,11.97539234161377,1242200.0
2011-08-26,11.9636812210083,1013100.0
2011-08-29,12.162784576416016,914000.0
2011-08-30,12.356024742126465,1088300.0
2011-08-31,12.590265274047852,1034300.0
2011-09-01,12.455581665039062,1186700.0
2011-09-02,12.197917938232422,1163100.0
2011-09-06,12.244766235351562,1045200.0
2011-09-07,12.736662864685059,938700.0
2011-09-08,12.654681205749512,576600.0
2011-09-09,12.133502960205078,1015000.0
2011-09-12,12.192063331604004,845200.0
2011-09-13,12.20974349975586,1087800.0
2011-09-14,12.321762084960938,846300.0
2011-09-15,12.64012622833252,935200.0
2011-09-16,12.7108736038208,1241400.0
2011-09-19,12.48094367980957,810400.0
2011-09-20,12.42788314819336,590200.0
2011-09-21,11.761683464050293,1117900.0
2011-09-22,11.301831245422363,1402400.0
2011-09-23,11.354889869689941,942800.0
2011-09-26,11.573025703430176,513400.0
2011-09-27,11.708622932434082,856800.0
2011-09-28,11.201602935791016,1160300.0
2011-09-29,11.331306457519531,778900.0
2011-09-30,10.983466148376465,1099900.0
2011-10-03,10.458758354187012,995300.0
2011-10-04,11.248764991760254,1300000.0
2011-10-05,10.989362716674805,807900.0
2011-10-06,11.514067649841309,926800.0
2011-10-07,10.989362716674805,779700.0
2011-10-10,11.6083984375,695500.0
2011-10-11,11.29003620147705,631100.0
2011-10-12,11.39615249633789,980500.0
2011-10-13,11.402053833007812,532400.0
2011-10-14,11.755789756774902,548900.0
2011-10-17,11.537650108337402,887900.0
2011-10-18,12.009294509887695,825300.0
2011-10-19,11.861907958984375,652000.0
2011-10-20,11.938549041748047,720600.0
2011-10-21,12.36893367767334,729200.0
2011-10-24,12.76982307434082,1038600.0
2011-10-25,12.62833309173584,1192800.0
2011-10-26,12.816990852355957,947200.0
2011-10-27,13.270956993103027,2234400.0
2011-10-28,13.453712463378906,966500.0
2011-10-31,13.282742500305176,1025200.0
2011-11-01,12.964383125305176,2171900.0
2011-11-02,13.365280151367188,722200.0
2011-11-03,13.506776809692383,647300.0
2011-11-04,13.465506553649902,782900.0
2011-11-07,13.494986534118652,450300.0
2011-11-08,13.601109504699707,627500.0
2011-11-09,12.964383125305176,825800.0
2011-11-10,13.12356185913086,397400.0
2011-11-11,13.500882148742676,981600.0
2011-11-14,13.447822570800781,791900.0
2011-11-15,13.730805397033691,993800.0
2011-11-16,13.7249116897583,1163400.0
2011-11-17,13.483196258544922,854600.0
2011-11-18,13.801555633544922,1024100.0
2011-11-21,13.441925048828125,1577300.0
2011-11-22,13.441925048828125,1448700.0
2011-11-23,13.117668151855469,1330300.0
2011-11-25,13.076397895812988,315200.0
2011-11-28,13.524458885192871,1410300.0
2011-11-29,13.583418846130371,1530400.0
2011-11-30,14.208352088928223,1894200.0
2011-12-01,13.984317779541016,648600.0
2011-12-02,14.196560859680176,1143700.0
2011-12-05,14.367527961730957,1240100.0
2011-12-06,14.367527961730957,658400.0
2011-12-07,14.361602783203125,729000.0
2011-12-08,13.988035202026367,876500.0
2011-12-09,14.148131370544434,886600.0
2011-12-12,13.940591812133789,1391600.0
2011-12-13,13.792357444763184,1259300.0
2011-12-14,13.661901473999023,1204600.0
2011-12-15,13.80421257019043,1008800.0
2011-12-16,14.0354642868042,1410000.0
2011-12-19,13.857583045959473,965000.0
2011-12-20,14.112561225891113,1325800.0
2011-12-21,14.041401863098145,699500.0
2011-12-22,14.189638137817383,1073400.0
2011-12-23,14.397178649902344,540800.0
2011-12-27,14.515765190124512,408800.0
2011-12-28,14.39124870300293,802700.0
2011-12-29,14.480194091796875,514200.0
2011-12-30,14.367535591125488,795800.0
2012-01-03,14.468338966369629,1480200.0
2012-01-04,14.23115062713623,1931800.0
2012-01-05,14.462406158447266,723200.0
2012-01-06,14.468338966369629,879300.0
2012-01-09,14.403108596801758,491700.0
2012-01-10,14.640294075012207,1345500.0
2012-01-11,14.533563613891602,626400.0
2012-01-12,14.527629852294922,480800.0
2012-01-13,14.533563613891602,505300.0
2012-01-17,14.616573333740234,793800.0
2012-01-18,14.669951438903809,757200.0
2012-01-19,14.788541793823242,654700.0
2012-01-20,15.096874237060547,904500.0
2012-01-23,15.061304092407227,1020800.0
2012-01-24,15.061304092407227,620800.0
2012-01-25,15.209538459777832,1105900.0
2012-01-26,15.298480033874512,607600.0
2012-01-27,15.33999252319336,1173600.0
2012-01-30,15.251046180725098,548200.0
2012-01-31,15.606821060180664,1163200.0
2012-02-01,15.648330688476562,1659600.0
2012-02-02,15.849939346313477,963000.0
2012-02-03,16.12863540649414,1438400.0
2012-02-06,15.992252349853516,650900.0
2012-02-07,16.170141220092773,719700.0
2012-02-08,16.098987579345703,792900.0
2012-02-09,15.695770263671875,1549500.0
2012-02-10,15.363709449768066,1202900.0
2012-02-13,15.814359664916992,581700.0
2012-02-14,15.903313636779785,1000400.0
2012-02-15,15.654266357421875,1082400.0
2012-02-16,15.932960510253906,790300.0
2012-02-17,15.867734909057617,468300.0
2012-02-21,15.61868667602539,625100.0
2012-02-22,15.488235473632812,859900.0
2012-02-23,15.938882827758789,717000.0
2012-02-24,15.802506446838379,751400.0
2012-02-27,15.944819450378418,630100.0
2012-02-28,15.713561058044434,540800.0
2012-02-29,15.636481285095215,979600.0
2012-03-01,15.778780937194824,675400.0
2012-03-02,15.642398834228516,716000.0
2012-03-05,15.802506446838379,827900.0
2012-03-06,15.612752914428711,546900.0
2012-03-07,15.778780937194824,816000.0
2012-03-08,15.565317153930664,956000.0
2012-03-09,15.624611854553223,693600.0
2012-03-12,15.832149505615234,750800.0
2012-03-13,16.166719436645508,845800.0
2012-03-14,16.178665161132812,521400.0
2012-03-15,16.28023338317871,537500.0
2012-03-16,16.483362197875977,1113400.0
2012-03-19,16.6685733795166,576300.0
2012-03-20,16.584924697875977,456700.0
2012-03-21,16.525184631347656,284600.0
2012-03-22,16.369844436645508,414400.0
2012-03-23,16.656620025634766,526600.0
2012-03-26,17.009109497070312,836300.0
2012-03-27,16.973262786865234,840100.0
2012-03-28,16.979244232177734,996100.0
2012-03-29,17.02105712890625,593900.0
2012-03-30,17.200288772583008,1139500.0
2012-04-02,17.349651336669922,1119200.0
2012-04-03,17.02105712890625,1305500.0
2012-04-04,16.985204696655273,1420200.0
2012-04-05,17.19431495666504,1182400.0
2012-04-09,16.91351890563965,1077700.0
2012-04-10,16.417646408081055,1335700.0
2012-04-11,16.728313446044922,1099200.0
2012-04-12,16.87169647216797,957700.0
2012-04-13,16.889623641967773,1362800.0
2012-04-16,17.260032653808594,1252500.0
2012-04-17,16.96131706237793,4783500.0
2012-04-18,16.89559555053711,1517900.0
2012-04-19,17.02703285217285,2003800.0
2012-04-20,17.379526138305664,1210200.0
2012-04-23,17.295879364013672,1601700.0
2012-04-24,17.720067977905273,1366200.0
2012-04-25,17.89331817626953,1031600.0
2012-04-26,17.99488067626953,1355100.0
2012-04-27,18.209962844848633,1698600.0
2012-04-30,18.13229751586914,2264100.0
2012-05-01,18.04865264892578,1879500.0
2012-05-02,18.31749725341797,1117300.0
2012-05-03,18.18606948852539,965500.0
2012-05-04,17.970983505249023,926200.0
2012-05-07,18.144245147705078,548000.0
2012-05-08,18.1024227142334,564500.0
2012-05-09,17.90526580810547,748700.0
2012-05-10,17.85747528076172,1358800.0
2012-05-11,17.94708824157715,749000.0
2012-05-14,17.582653045654297,807700.0
2012-05-15,17.55875587463379,711700.0
2012-05-16,17.457183837890625,721700.0
2012-05-17,16.967288970947266,1067800.0
2012-05-18,16.800006866455078,797600.0
2012-05-21,16.91351890563965,1527300.0
2012-05-22,16.794034957885742,988900.0
2012-05-23,16.66259002685547,1653300.0
2012-05-24,16.805986404418945,994100.0
2012-05-25,16.86572265625,1027500.0
2012-05-29,17.18834686279297,1160000.0
2012-05-30,16.746238708496094,908500.0
2012-05-31,16.943384170532227,891500.0
2012-06-01,16.54907989501953,1446900.0
2012-06-04,16.620773315429688,910500.0
2012-06-05,16.89559555053711,902000.0
2012-06-06,17.307828903198242,730900.0
2012-06-07,17.122623443603516,957900.0
2012-06-08,17.313800811767578,712500.0
2012-06-11,16.805986404418945,1129900.0
2012-06-12,17.122623443603516,578300.0
2012-06-13,17.056446075439453,818100.0
2012-06-14,17.399377822875977,652900.0
2012-06-15,17.56182098388672,1560400.0
2012-06-18,17.53774642944336,843900.0
2012-06-19,17.700199127197266,1062000.0
2012-06-20,17.808490753173828,824900.0
2012-06-21,17.471574783325195,1110800.0
2012-06-22,17.399377822875977,10246400.0
2012-06-25,17.543773651123047,1326300.0
2012-06-26,17.56182098388672,1327700.0
2012-06-27,17.441486358642578,1423200.0
2012-06-28,17.64604949951172,1192500.0
2012-06-29,18.410131454467773,1400700.0
2012-07-02,18.40411376953125,1427700.0
2012-07-03,18.560537338256836,603600.0
2012-07-05,18.36801528930664,1054600.0
2012-07-06,18.614688873291016,510900.0
2012-07-09,18.716970443725586,1203600.0
2012-07-10,18.51240348815918,1093000.0
2012-07-11,18.47029685974121,1054800.0
2012-07-12,18.753063201904297,906900.0
2012-07-13,18.951602935791016,396600.0
2012-07-16,19.041852951049805,736300.0
2012-07-17,19.384777069091797,785400.0
2012-07-18,19.33063316345215,663100.0
2012-07-19,19.16819190979004,1037600.0
2012-07-20,19.144128799438477,1029500.0
2012-07-23,18.939565658569336,691900.0
2012-07-24,18.87339210510254,673600.0
2012-07-25,18.95762062072754,659900.0
2012-07-26,19.216325759887695,397400.0
2012-07-27,19.378768920898438,428300.0
2012-07-30,19.29454231262207,414200.0
2012-07-31,19.697635650634766,1766800.0
2012-08-01,19.793893814086914,910000.0
2012-08-02,20.016504287719727,746100.0
2012-08-03,20.124805450439453,696100.0
2012-08-06,19.986421585083008,732400.0
2012-08-07,19.944313049316406,458700.0
2012-08-08,19.842029571533203,588700.0
2012-08-09,19.829992294311523,594100.0
2012-08-10,19.823984146118164,361400.0
2012-08-13,19.836013793945312,806500.0
2012-08-14,19.968379974365234,546400.0
2012-08-15,20.251136779785156,464500.0
2012-08-16,20.347408294677734,477800.0
2012-08-17,20.22106170654297,522100.0
2012-08-20,20.21504020690918,930100.0
2012-08-21,20.106740951538086,1556500.0
2012-08-22,20.070648193359375,608400.0
2012-08-23,19.968379974365234,686000.0
2012-08-24,20.040571212768555,791200.0
2012-08-27,20.227073669433594,625500.0
2012-08-28,20.36545181274414,403300.0
2012-08-29,20.48578643798828,502100.0
2012-08-30,20.479766845703125,442000.0
2012-08-31,20.521879196166992,1114900.0
2012-09-04,20.58806037902832,676000.0
2012-09-05,20.461708068847656,805100.0
2012-09-06,20.630172729492188,519200.0
2012-09-07,20.630172729492188,377000.0
2012-09-10,20.570011138916016,590500.0
2012-09-11,20.53993034362793,424100.0
2012-09-12,20.50984764099121,400200.0
2012-09-13,20.90927505493164,498700.0
2012-09-14,21.096878051757812,642800.0
2012-09-17,20.848752975463867,387900.0
2012-09-18,20.5764217376709,374000.0
2012-09-19,20.491695404052734,588900.0
2012-09-20,20.21935272216797,1018200.0
2012-09-21,20.14673614501953,1493800.0
2012-09-24,20.134628295898438,610700.0
2012-09-25,20.06805419921875,763300.0
2012-09-26,20.110424041748047,651100.0
2012-09-27,20.189096450805664,560100.0
2012-09-28,20.12252426147461,385000.0
2012-10-01,19.92886734008789,644400.0
2012-10-02,19.977279663085938,526700.0
2012-10-03,20.14067840576172,298900.0
2012-10-04,20.237510681152344,399700.0
2012-10-05,20.45537567138672,568100.0
2012-10-08,20.51590347290039,423400.0
2012-10-09,20.5764217376709,792100.0
2012-10-10,20.655088424682617,539300.0
2012-10-11,20.546154022216797,481400.0
2012-10-12,20.540109634399414,476200.0
2012-10-15,20.76402473449707,432800.0
2012-10-16,20.6914005279541,430800.0
2012-10-17,20.51590347290039,526500.0
2012-10-18,20.376699447631836,737500.0
2012-10-19,20.237510681152344,768400.0
2012-10-22,20.14673614501953,931000.0
2012-10-23,20.116472244262695,393700.0
2012-10-24,20.176986694335938,429400.0
2012-10-25,20.043859481811523,676100.0
2012-10-26,20.0317440032959,431600.0
2012-10-31,20.872957229614258,1098900.0
2012-11-01,21.01820945739746,1188200.0
2012-11-02,21.13319206237793,533600.0
2012-11-05,21.090831756591797,327200.0
2012-11-06,21.115034103393555,2199600.0
2012-11-07,21.41157341003418,2572900.0
2012-11-08,21.308692932128906,577700.0
2012-11-09,21.357112884521484,548500.0
2012-11-12,21.326854705810547,334300.0
2012-11-13,21.38132095336914,390400.0
2012-11-14,20.987951278686523,710600.0
2012-11-15,20.94558334350586,656900.0
2012-11-16,20.77008056640625,945100.0
2012-11-19,21.326854705810547,547800.0
2012-11-20,21.56892967224121,716100.0
2012-11-21,21.702068328857422,1415100.0
2012-11-23,21.780746459960938,202700.0
2012-11-26,21.762590408325195,807700.0
2012-11-27,21.51445960998535,784700.0
2012-11-28,21.429731369018555,860900.0
2012-11-29,21.46605110168457,589000.0
2012-11-30,21.27238655090332,1472800.0
2012-12-03,21.67180824279785,531900.0
2012-12-04,21.5628719329834,479300.0
2012-12-05,21.26028823852539,662200.0
2012-12-06,21.45533561706543,744100.0
2012-12-07,21.47361183166504,945500.0
2012-12-10,21.656476974487305,396100.0
2012-12-11,21.46142578125,457800.0
2012-12-12,21.40656852722168,583900.0
2012-12-13,21.357805252075195,644900.0
2012-12-14,21.418760299682617,526200.0
2012-12-17,21.62598991394043,848100.0
2012-12-18,21.802762985229492,656000.0
2012-12-19,22.016103744506836,1146500.0
2012-12-20,22.150190353393555,566700.0
2012-12-21,21.961238861083984,1391000.0
2012-12-24,22.003904342651367,272500.0
2012-12-26,21.967330932617188,578400.0
2012-12-27,22.034378051757812,303500.0
2012-12-28,21.839332580566406,425500.0
2012-12-31,22.1806640625,416300.0
2013-01-02,22.461050033569336,486400.0
2013-01-03,22.64391326904297,680500.0
2013-01-04,22.75362205505371,459100.0
2013-01-07,22.796283721923828,590600.0
2013-01-08,22.64391326904297,446700.0
2013-01-09,23.046192169189453,596000.0
2013-01-10,23.040096282958984,555000.0
2013-01-11,22.94256591796875,600100.0
2013-01-14,22.94256591796875,278700.0
2013-01-15,22.985244750976562,545300.0
2013-01-16,23.11324119567871,538900.0
2013-01-17,23.265626907348633,442200.0
2013-01-18,23.485048294067383,425500.0
2013-01-22,23.515539169311523,521600.0
2013-01-23,23.41191291809082,305000.0
2013-01-24,23.741052627563477,1261300.0
2013-01-25,23.966577529907227,622600.0
2013-01-28,23.887340545654297,501200.0
2013-01-29,24.167720794677734,14499900.0
2013-01-30,24.137245178222656,1032400.0
2013-01-31,24.283525466918945,1092600.0
2013-02-01,24.624860763549805,834000.0
2013-02-04,24.624860763549805,876800.0
2013-02-05,24.47248649597168,1049300.0
2013-02-06,24.478580474853516,829200.0
2013-02-07,24.362768173217773,567800.0
2013-02-08,24.551719665527344,536500.0
2013-02-11,24.630966186523438,463400.0
2013-02-12,24.594396591186523,508000.0
2013-02-13,24.417633056640625,756400.0
2013-02-14,24.10067367553711,1268800.0
2013-02-15,23.588674545288086,2269000.0
2013-02-19,23.466777801513672,1403600.0
2013-02-20,23.40581703186035,945000.0
2013-02-21,23.052282333374023,1372200.0
2013-02-22,23.235143661499023,833800.0
2013-02-25,22.66828727722168,1092000.0
2013-02-26,22.72924041748047,1996200.0
2013-02-27,22.87552833557129,544300.0
2013-02-28,22.820661544799805,1291000.0
2013-03-01,22.86942481994629,1055000.0
2013-03-04,23.430191040039062,860400.0
2013-03-05,24.05191421508789,995900.0
2013-03-06,23.875154495239258,816800.0
2013-03-07,23.789810180664062,736300.0
2013-03-08,23.89952850341797,880600.0
2013-03-11,23.686195373535156,572300.0
2013-03-12,23.71666717529297,629200.0
2013-03-13,23.38539695739746,991200.0
2013-03-14,23.38539695739746,1068300.0
2013-03-15,23.39154052734375,1235200.0
2013-03-18,23.56330680847168,629300.0
2013-03-19,23.440610885620117,618000.0
2013-03-20,23.704404830932617,448000.0
2013-03-21,23.569440841674805,673300.0
2013-03-22,23.9804630279541,596200.0
2013-03-25,24.01113510131836,957400.0
2013-03-26,24.225862503051758,706200.0
2013-03-27,24.164499282836914,483300.0
2013-03-28,24.09088706970215,1021900.0
2013-04-01,24.195178985595703,558600.0
2013-04-02,24.299468994140625,496300.0
2013-04-03,24.041810989379883,661600.0
2013-04-04,24.225862503051758,365900.0
2013-04-05,24.385356903076172,352600.0
2013-04-08,24.612327575683594,517800.0
2013-04-09,24.863849639892578,831000.0
2013-04-10,25.2073974609375,1153600.0
2013-04-11,25.452791213989258,919400.0
2013-04-12,25.48345947265625,570700.0
2013-04-15,25.07857322692871,1073100.0
2013-04-16,25.581607818603516,722000.0
2013-04-17,25.27488136291504,869700.0
2013-04-18,25.287153244018555,497100.0
2013-04-19,25.77179718017578,610500.0
2013-04-22,25.471193313598633,496600.0
2013-04-23,25.550935745239258,545200.0
2013-04-24,25.679777145385742,552500.0
2013-04-25,25.569339752197266,736200.0
2013-04-26,25.759525299072266,636400.0
2013-04-29,26.354576110839844,673800.0
2013-04-30,26.73493766784668,1735000.0
2013-05-01,26.6735897064209,946600.0
2013-05-02,26.992595672607422,661200.0
2013-05-03,27.03553581237793,484300.0
2013-05-06,27.158222198486328,455700.0
2013-05-07,27.109140396118164,395700.0
2013-05-08,27.133686065673828,651900.0
2013-05-09,27.145957946777344,580900.0
2013-05-10,26.820823669433594,425200.0
2013-05-13,26.894432067871094,460300.0
2013-05-14,26.894432067871094,549200.0
2013-05-15,27.195037841796875,600500.0
2013-05-16,27.0109920501709,510800.0
2013-05-17,27.28092384338379,461100.0
2013-05-20,27.2502498626709,520000.0
2013-05-21,27.57538414001465,395500.0
2013-05-22,26.75334358215332,607100.0
2013-05-23,26.612245559692383,1128000.0
2013-05-24,26.649049758911133,450600.0
2013-05-28,26.42820167541504,576500.0
2013-05-29,25.882213592529297,616700.0
2013-05-30,26.066259384155273,776700.0
2013-05-31,25.698165893554688,646200.0
2013-06-03,25.912887573242188,601800.0
2013-06-04,25.66750717163086,1215000.0
2013-06-05,25.704307556152344,617300.0
2013-06-06,26.207353591918945,541800.0
2013-06-07,26.330053329467773,850700.0
2013-06-10,26.1214656829834,973300.0
2013-06-11,25.833127975463867,771400.0
2013-06-12,25.399595260620117,693400.0
2013-06-13,25.994171142578125,709300.0
2013-06-14,26.204755783081055,653500.0
2013-06-17,26.533010482788086,1446900.0
2013-06-18,27.065649032592773,1156300.0
2013-06-19,26.068500518798828,1120300.0
2013-06-20,25.077537536621094,1421400.0
2013-06-21,25.93842887878418,2013100.0
2013-06-24,25.54823112487793,1742700.0
2013-06-25,25.820749282836914,936900.0
2013-06-26,25.913660049438477,825000.0
2013-06-27,26.179973602294922,890200.0
2013-06-28,25.969398498535156,1309900.0
2013-07-01,25.8579158782959,973600.0
2013-07-02,26.712615966796875,1078600.0
2013-07-03,26.51443099975586,540000.0
2013-07-05,26.458683013916016,579900.0
2013-07-08,26.539196014404297,667400.0
2013-07-09,26.77454948425293,561800.0
2013-07-10,26.41533088684082,1000100.0
2013-07-11,26.997514724731445,886900.0
2013-07-12,26.92319107055664,534400.0
2013-07-15,27.127580642700195,335200.0
2013-07-16,27.05326271057129,738500.0
2013-07-17,27.177133560180664,607800.0
2013-07-18,27.251455307006836,1044100.0
2013-07-19,27.50538444519043,583300.0
2013-07-22,27.62925148010254,441100.0
2013-07-23,27.449644088745117,515500.0
2013-07-24,26.830291748046875,1374000.0
2013-07-25,26.91081428527832,1199400.0
2013-07-26,26.73737907409668,622400.0
2013-07-29,26.74358367919922,391000.0
2013-07-30,26.464879989624023,487300.0
2013-07-31,26.04371452331543,1158900.0
2013-08-01,26.799333572387695,1574100.0
2013-08-02,26.446287155151367,1132000.0
2013-08-05,26.929393768310547,662200.0
2013-08-06,26.879837036132812,413800.0
2013-08-07,26.725004196166992,398700.0
2013-08-08,26.81171226501465,319000.0
2013-08-09,27.07803726196289,436600.0
2013-08-12,26.86125373840332,369500.0
2013-08-13,26.71881103515625,466800.0
2013-08-14,26.91081428527832,527800.0
2013-08-15,26.11184310913086,732600.0
2013-08-16,25.49869728088379,773700.0
2013-08-19,25.17043113708496,552100.0
2013-08-20,25.89507484436035,494300.0
2013-08-21,25.77739715576172,446900.0
2013-08-22,26.03752899169922,466200.0
2013-08-23,26.359586715698242,342400.0
2013-08-26,26.149003982543945,234300.0
2013-08-27,25.653522491455078,508200.0
2013-08-28,25.616357803344727,448800.0
2013-08-29,25.709257125854492,247100.0
2013-08-30,25.535846710205078,750400.0
2013-09-03,25.040376663208008,1377400.0
2013-09-04,25.27572250366211,713900.0
2013-09-05,25.399595260620117,661300.0
2013-09-06,26.012752532958984,1180600.0
2013-09-09,26.452478408813477,828700.0
2013-09-10,26.842676162719727,774900.0
2013-09-11,27.23287010192871,886400.0
2013-09-12,27.151611328125,942300.0
2013-09-13,27.53290557861328,625900.0
2013-09-16,27.651643753051758,767700.0
2013-09-17,27.607898712158203,938400.0
2013-09-18,28.782957077026367,677600.0
2013-09-19,29.19548988342285,1167300.0
2013-09-20,29.12047576904297,1380200.0
2013-09-23,28.95173454284668,422500.0
2013-09-24,28.601703643798828,628600.0
2013-09-25,28.926721572875977,664100.0
2013-09-26,29.089235305786133,444100.0
2013-09-27,28.75796890258789,735900.0
2013-09-30,28.595443725585938,906700.0
2013-10-01,29.232990264892578,1312500.0
2013-10-02,29.02049446105957,827000.0
2013-10-03,28.56420135498047,734100.0
2013-10-04,28.751708984375,592500.0
2013-10-07,28.79547691345215,430600.0
2013-10-08,28.607955932617188,589900.0
2013-10-09,28.451690673828125,380100.0
2013-10-10,29.31425666809082,620400.0
2013-10-11,29.851768493652344,632900.0
2013-10-14,29.55177116394043,565600.0
2013-10-15,29.414243698120117,633400.0
2013-10-16,29.91427230834961,883200.0
2013-10-17,30.383054733276367,873200.0
2013-10-18,30.270551681518555,1122800.0
2013-10-21,30.108043670654297,769500.0
2013-10-22,29.976778030395508,718200.0
2013-10-23,30.226802825927734,784400.0
2013-10-24,30.133047103881836,630200.0
2013-10-25,30.40805435180664,568200.0
2013-10-28,30.370559692382812,624700.0
2013-10-29,29.576757431030273,1010600.0
2013-10-30,28.87673568725586,1462100.0
2013-10-31,28.74545669555664,941500.0
2013-11-01,28.826711654663086,740100.0
2013-11-04,29.21424102783203,696200.0
2013-11-05,28.31418228149414,3566300.0
2013-11-06,28.176679611206055,960700.0
2013-11-07,27.276626586914062,1255300.0
2013-11-08,26.601587295532227,1903300.0
2013-11-11,26.751588821411133,940000.0
2013-11-12,26.70784568786621,655300.0
2013-11-13,26.864099502563477,602900.0
2013-11-14,26.90785026550293,589500.0
2013-11-15,26.795347213745117,1166800.0
2013-11-18,26.23281478881836,1439300.0
2013-11-19,25.557777404785156,1873400.0
2013-11-20,25.482763290405273,1696900.0
2013-11-21,25.7640380859375,709700.0
2013-11-22,26.132802963256836,856300.0
2013-11-25,26.239057540893555,1457700.0
2013-11-26,25.989049911499023,1218600.0
2013-11-27,26.407825469970703,682300.0
2013-11-29,26.201560974121094,516400.0
2013-12-02,26.14529800415039,674900.0
2013-12-03,26.132802963256836,960900.0
2013-12-04,26.007793426513672,676300.0
2013-12-05,26.326568603515625,797000.0
2013-12-06,26.539072036743164,857100.0
2013-12-09,26.482826232910156,399900.0
2013-12-10,26.31405258178711,691600.0
2013-12-11,25.701961517333984,618800.0
2013-12-12,25.5063419342041,659900.0
2013-12-13,25.55052375793457,741900.0
2013-12-16,25.720888137817383,855500.0
2013-12-17,25.93544578552246,1033400.0
2013-12-18,26.389793395996094,2151300.0
2013-12-19,26.534923553466797,1341200.0
2013-12-20,26.900920867919922,1903600.0
2013-12-23,26.680063247680664,578500.0
2013-12-24,26.616954803466797,221200.0
2013-12-26,26.52230453491211,346300.0
2013-12-27,26.48444366455078,294100.0
2013-12-30,26.69900131225586,708900.0
2013-12-31,26.585407257080078,746600.0
2014-01-02,26.370868682861328,491100.0
2014-01-03,26.560171127319336,604400.0
2014-01-06,26.673757553100586,759200.0
2014-01-07,26.59172248840332,620300.0
2014-01-08,26.48444366455078,693000.0
2014-01-09,26.812580108642578,742100.0
2014-01-10,27.49409294128418,955800.0
2014-01-13,27.323715209960938,827500.0
2014-01-14,27.74651336669922,627400.0
2014-01-15,28.175607681274414,1243800.0
2014-01-16,28.00523567199707,542800.0
2014-01-17,27.752830505371094,732500.0
2014-01-21,27.84116554260254,1136400.0
2014-01-22,27.708650588989258,381600.0
2014-01-23,27.78437614440918,715800.0
2014-01-24,27.513029098510742,734300.0
2014-01-27,27.544588088989258,758500.0
2014-01-28,28.175607681274414,960200.0
2014-01-29,28.169292449951172,927800.0
2014-01-30,28.61733055114746,787600.0
2014-01-31,28.812946319580078,1040200.0
2014-02-03,28.011539459228516,1366300.0
2014-02-04,28.636255264282227,1662200.0
2014-02-05,28.5794677734375,591200.0
2014-02-06,28.76878547668457,564100.0
2014-02-07,29.040124893188477,742500.0
2014-02-10,29.601736068725586,591800.0
2014-02-11,29.74056625366211,565200.0
2014-02-12,29.74056625366211,728400.0
2014-02-13,29.898334503173828,915300.0
2014-02-14,29.78474235534668,609400.0
2014-02-18,29.96774673461914,476000.0
2014-02-19,29.974063873291016,936100.0
2014-02-20,29.9425106048584,959400.0
2014-02-21,30.043466567993164,1715900.0
2014-02-24,30.0056095123291,1106900.0
2014-02-25,30.144441604614258,1248700.0
2014-02-26,30.49151039123535,1025000.0
2014-02-27,30.302202224731445,574700.0
2014-02-28,30.98370361328125,1180200.0
2014-03-03,30.750234603881836,550800.0
2014-03-04,31.305540084838867,642600.0
2014-03-05,31.311845779418945,851300.0
2014-03-06,31.01526641845703,539700.0
2014-03-07,30.434703826904297,1217800.0
2014-03-10,30.453628540039062,944500.0
2014-03-11,31.078365325927734,1359300.0
2014-03-12,31.313764572143555,1179800.0
2014-03-13,31.250133514404297,727000.0
2014-03-14,31.339204788208008,491300.0
2014-03-17,30.849327087402344,614600.0
2014-03-18,30.88750457763672,511500.0
2014-03-19,30.251306533813477,787200.0
2014-03-20,30.162242889404297,822400.0
2014-03-21,30.537599563598633,1291500.0
2014-03-24,30.28310775756836,572200.0
2014-03-25,30.480323791503906,497000.0
2014-03-26,30.251306533813477,461500.0
2014-03-27,30.28310775756836,346300.0
2014-03-28,30.537599563598633,311600.0
2014-03-31,30.862056732177734,421900.0
2014-04-01,31.460071563720703,690900.0
2014-04-02,31.122896194458008,1115400.0
2014-04-03,30.77935028076172,984100.0
2014-04-04,30.6966495513916,530700.0
2014-04-07,30.537599563598633,1019600.0
2014-04-08,30.550317764282227,1024200.0
2014-04-09,30.690292358398438,768900.0
2014-04-10,30.639385223388672,730100.0
2014-04-11,30.32764434814453,772000.0
2014-04-14,30.86841583251953,759200.0
2014-04-15,31.339204788208008,799600.0
2014-04-16,31.676395416259766,1069500.0
2014-04-17,31.790904998779297,859600.0
2014-04-21,31.98177146911621,640800.0
2014-04-22,32.229881286621094,645000.0
2014-04-23,32.089927673339844,1026100.0
2014-04-24,32.331668853759766,529100.0
2014-04-25,32.12810134887695,592800.0
2014-04-28,32.40165710449219,978900.0
2014-04-29,32.73883819580078,1523400.0
2014-04-30,33.2923469543457,936500.0
2014-05-01,33.152374267578125,644600.0
2014-05-02,33.17146301269531,561600.0
2014-05-05,32.885169982910156,956000.0
2014-05-06,32.73248291015625,495400.0
2014-05-07,33.06330871582031,598900.0
2014-05-08,32.71976089477539,809300.0
2014-05-09,32.80246353149414,394300.0
2014-05-12,33.11420822143555,405700.0
2014-05-13,32.65614318847656,490500.0
2014-05-14,32.56705856323242,588900.0
2014-05-15,32.598876953125,510200.0
2014-05-16,32.99968719482422,433100.0
2014-05-19,33.165103912353516,543900.0
2014-05-20,33.088748931884766,431000.0
2014-05-21,32.967872619628906,364100.0
2014-05-22,32.840641021728516,804900.0
2014-05-23,33.056949615478516,592900.0
2014-05-27,33.53409957885742,523900.0
2014-05-28,33.2477912902832,545300.0
2014-05-29,33.27962112426758,235700.0
2014-05-30,33.3050651550293,740100.0
2014-06-02,33.40049743652344,570300.0
2014-06-03,33.317787170410156,435800.0
2014-06-04,33.5150146484375,506000.0
2014-06-05,34.43113708496094,853000.0
2014-06-06,34.1193962097168,573900.0
2014-06-09,34.10667419433594,1309200.0
2014-06-10,34.023963928222656,1412700.0
2014-06-11,34.139495849609375,679900.0
2014-06-12,33.90201187133789,506400.0
2014-06-13,34.10740661621094,488000.0
2014-06-16,33.69021224975586,833100.0
2014-06-17,33.93411636352539,737400.0
2014-06-18,34.21652603149414,882400.0
2014-06-19,34.83910369873047,646300.0
2014-06-20,34.76850891113281,1071700.0
2014-06-23,34.338478088378906,1013800.0
2014-06-24,34.26144790649414,605000.0
2014-06-25,34.139495849609375,652000.0
2014-06-26,34.15875244140625,500700.0
2014-06-27,34.2421875,2225300.0
2014-06-30,34.1779899597168,1379100.0
2014-07-01,34.30637741088867,1144700.0
2014-07-02,34.299957275390625,476900.0
2014-07-03,34.10740661621094,283400.0
2014-07-07,34.056053161621094,487900.0
2014-07-08,34.03681182861328,415900.0
2014-07-09,33.99828338623047,535500.0
2014-07-10,34.0303955078125,435700.0
2014-07-11,34.017547607421875,574100.0
2014-07-14,34.36414337158203,499300.0
2014-07-15,34.19084548950195,503100.0
2014-07-16,34.133094787597656,789000.0
2014-07-17,33.93411636352539,393100.0
2014-07-18,34.49893569946289,373600.0
2014-07-21,34.19084548950195,349300.0
2014-07-22,34.33204650878906,685100.0
2014-07-23,34.370548248291016,449400.0
2014-07-24,34.4090690612793,851600.0
2014-07-25,34.02396774291992,522600.0
2014-07-28,34.15875244140625,621800.0
2014-07-29,33.97903060913086,660300.0
2014-07-30,34.04322052001953,612700.0
2014-07-31,33.202415466308594,861400.0
2014-08-01,33.36929702758789,985900.0
2014-08-04,33.407814025878906,378900.0
2014-08-05,33.215248107910156,585200.0
2014-08-06,33.38854217529297,593600.0
2014-08-07,33.47840881347656,586500.0
2014-08-08,33.79932403564453,545200.0
2014-08-11,34.139495849609375,711200.0
2014-08-12,34.22294616699219,1238000.0
2014-08-13,34.5952033996582,487500.0
2014-08-14,34.62087631225586,421600.0
2014-08-15,34.563114166259766,782300.0
2014-08-18,34.884037017822266,622700.0
2014-08-19,34.93537139892578,411900.0
2014-08-20,35.0380744934082,636800.0
2014-08-21,34.70432662963867,434300.0
2014-08-22,34.28712844848633,482000.0
2014-08-25,33.7864875793457,1438300.0
2014-08-26,33.837833404541016,392700.0
2014-08-27,33.85066604614258,315200.0
2014-08-28,33.837833404541016,340700.0
2014-08-29,33.82499313354492,686100.0
2014-09-02,34.25503921508789,629600.0
2014-09-03,34.550289154052734,592100.0
2014-09-04,34.47325134277344,457600.0
2014-09-05,34.86478042602539,477900.0
2014-09-08,34.858360290527344,521900.0
2014-09-09,34.63372039794922,506500.0
2014-09-10,34.12665939331055,707200.0
2014-09-11,34.06190872192383,432300.0
2014-09-12,32.83152389526367,948100.0
2014-09-15,32.572505950927734,869000.0
2014-09-16,33.15531539916992,902200.0
2014-09-17,33.511478424072266,980300.0
2014-09-18,33.33662033081055,1366500.0
2014-09-19,33.31721115112305,1218600.0
2014-09-22,33.07760238647461,668300.0
2014-09-23,32.986942291259766,592200.0
2014-09-24,32.941612243652344,637700.0
2014-09-25,32.799156188964844,627900.0
2014-09-26,33.375492095947266,758200.0
2014-09-29,33.52443313598633,660200.0
2014-09-30,33.394920349121094,552000.0
2014-10-01,33.29777908325195,738000.0
2014-10-02,33.47261428833008,519000.0
2014-10-03,33.47909927368164,428500.0
2014-10-06,33.68632125854492,786200.0
2014-10-07,33.40138244628906,574600.0
2014-10-08,34.20437240600586,586200.0
2014-10-09,34.4375,804000.0
2014-10-10,34.573482513427734,643700.0
2014-10-13,34.70947265625,653500.0
2014-10-14,35.693748474121094,960200.0
2014-10-15,35.57720184326172,1019100.0
2014-10-16,35.75853729248047,1111900.0
2014-10-17,35.4995002746582,679200.0
2014-10-20,35.9204216003418,611100.0
2014-10-21,36.425514221191406,682700.0
2014-10-22,36.4514274597168,792900.0
2014-10-23,36.65863800048828,677500.0
2014-10-24,36.39313507080078,850500.0
2014-10-27,36.742828369140625,621500.0
2014-10-28,36.891761779785156,554100.0
2014-10-29,36.703975677490234,692600.0
2014-10-30,36.80757522583008,696300.0
2014-10-31,37.6623649597168,775700.0
2014-11-03,38.08974075317383,929900.0
2014-11-04,37.876068115234375,493900.0
2014-11-05,37.914913177490234,877300.0
2014-11-06,37.740074157714844,597500.0
2014-11-07,37.70121765136719,648900.0
2014-11-10,37.97968292236328,566200.0
2014-11-11,37.81777572631836,392000.0
2014-11-12,37.49399948120117,736000.0
2014-11-13,37.85663604736328,701500.0
2014-11-14,37.43572998046875,455700.0
2014-11-17,37.42276382446289,672300.0
2014-11-18,37.714176177978516,745000.0
2014-11-19,37.040706634521484,449800.0
2014-11-20,36.95005416870117,522200.0
2014-11-21,37.48753356933594,780500.0
2014-11-24,37.66884231567383,719800.0
2014-11-25,37.96671676635742,762300.0
2014-11-26,38.39411163330078,404800.0
2014-11-28,38.38116455078125,428800.0
2014-12-01,38.26459503173828,657600.0
2014-12-02,38.56896209716797,430800.0
2014-12-03,38.93159866333008,812100.0
2014-12-04,38.93159866333008,861300.0
2014-12-05,38.49124526977539,590900.0
2014-12-08,38.62725067138672,567000.0
2014-12-09,38.81503677368164,401500.0
2014-12-10,38.45240020751953,580300.0
2014-12-11,38.485042572021484,534000.0
2014-12-12,38.04117965698242,653800.0
2014-12-15,37.499420166015625,624600.0
2014-12-16,37.401493072509766,1370000.0
2014-12-17,38.26961898803711,864400.0
2014-12-18,38.478519439697266,1132100.0
2014-12-19,38.419761657714844,1533900.0
2014-12-22,39.0202751159668,1080500.0
2014-12-23,38.798336029052734,586300.0
2014-12-24,38.67431640625,446300.0
2014-12-26,38.73959732055664,412800.0
2014-12-29,39.09859848022461,671000.0
2014-12-30,39.05290603637695,551900.0
2014-12-31,38.27616500854492,673500.0
2015-01-02,38.471981048583984,837900.0
2015-01-05,39.320526123046875,1206000.0
2015-01-06,40.17561721801758,1663900.0
2015-01-07,40.756534576416016,1218100.0
2015-01-08,41.37010192871094,983600.0
2015-01-09,41.21343994140625,658600.0
2015-01-12,41.8009033203125,651000.0
2015-01-13,41.84661102294922,559600.0
2015-01-14,42.28391647338867,791400.0
2015-01-15,42.70167922973633,760200.0
2015-01-16,43.53717041015625,946400.0
2015-01-20,43.26301956176758,910400.0
2015-01-21,43.1716423034668,611900.0
2015-01-22,43.70036697387695,1142100.0
2015-01-23,43.406620025634766,761500.0
2015-01-26,43.556758880615234,1228900.0
2015-01-27,43.64160919189453,643700.0
2015-01-28,43.883113861083984,1030300.0
2015-01-29,43.9875602722168,480300.0
2015-01-30,43.080257415771484,717200.0
2015-02-02,43.17817687988281,1303800.0
2015-02-03,43.51759338378906,790700.0
2015-02-04,43.51759338378906,579600.0
2015-02-05,44.36613845825195,532500.0
2015-02-06,43.19121551513672,1136900.0
2015-02-09,42.72125244140625,820700.0
2015-02-10,42.57113265991211,1024300.0
2015-02-11,42.35573196411133,443500.0
2015-02-12,42.851802825927734,984600.0
2015-02-13,42.64292526245117,590200.0
2015-02-17,42.23171615600586,655300.0
2015-02-18,42.72125244140625,566700.0
2015-02-19,41.61814498901367,841300.0
2015-02-20,42.799583435058594,817600.0
2015-02-23,43.12596130371094,811600.0
2015-02-24,42.662506103515625,1054000.0
2015-02-25,43.30218505859375,1236200.0
2015-02-26,42.72125244140625,930500.0
2015-02-27,42.93665313720703,875000.0
2015-03-02,43.40009689331055,679100.0
2015-03-03,43.230384826660156,563200.0
2015-03-04,42.62987518310547,545900.0
2015-03-05,42.98234176635742,414500.0
2015-03-06,41.91839599609375,1133000.0
2015-03-09,41.99020767211914,548800.0
2015-03-10,41.74216079711914,851500.0
2015-03-11,41.781341552734375,1227900.0
2015-03-12,42.688751220703125,968500.0
2015-03-13,42.53093719482422,442100.0
2015-03-16,42.78081130981445,634000.0
2015-03-17,42.81369400024414,607400.0
2015-03-18,43.760581970214844,568200.0
2015-03-19,44.01044845581055,755500.0
2015-03-20,45.51625442504883,1693300.0
2015-03-23,45.5688591003418,1010800.0
2015-03-24,44.99020767211914,748200.0
2015-03-25,44.148536682128906,554200.0
2015-03-26,44.22085189819336,727900.0
2015-03-27,44.043338775634766,453700.0
2015-03-30,44.88500213623047,566600.0
2015-03-31,44.43128204345703,1099100.0
2015-04-01,44.28003692626953,599900.0
2015-04-02,44.62856674194336,935500.0
2015-04-06,44.97706985473633,662200.0
2015-04-07,44.53649139404297,537200.0
2015-04-08,44.852134704589844,510400.0
2015-04-09,43.997314453125,520800.0
2015-04-10,44.10909652709961,384800.0
2015-04-13,43.984153747558594,3343400.0
2015-04-14,44.03675842285156,707300.0
2015-04-15,43.47124099731445,822700.0
2015-04-16,43.53700637817383,595900.0
2015-04-17,43.28055191040039,554100.0
2015-04-20,43.5435791015625,609500.0
2015-04-21,43.977577209472656,485400.0
2015-04-22,44.03675842285156,682400.0
2015-04-23,44.273475646972656,407000.0
2015-04-24,44.45759582519531,620400.0
2015-04-27,43.91838073730469,825400.0
2015-04-28,43.95784378051758,515100.0
2015-04-29,42.8005256652832,916900.0
2015-04-30,43.35289764404297,1433200.0
2015-05-01,43.74742889404297,1051600.0
2015-05-04,43.87236022949219,674000.0
2015-05-05,43.17534255981445,749800.0
2015-05-06,43.116172790527344,815000.0
2015-05-07,44.049903869628906,847000.0
2015-05-08,45.04939270019531,788800.0
2015-05-11,44.746925354003906,834800.0
2015-05-12,45.312408447265625,841900.0
2015-05-13,45.075706481933594,861100.0
2015-05-14,46.40397262573242,1185200.0
2015-05-15,47.48894119262695,2277200.0
2015-05-18,47.09441375732422,1452600.0
2015-05-19,46.778770446777344,1552200.0
2015-05-20,46.69328689575195,1781400.0
2015-05-21,46.33163833618164,842300.0
2015-05-22,46.54204559326172,546200.0
2015-05-26,46.43026351928711,1557300.0
2015-05-27,46.66040802001953,975700.0
2015-05-28,46.45000076293945,930000.0
2015-05-29,46.04888916015625,4217500.0
2015-06-01,46.233001708984375,961200.0
2015-06-02,45.4833984375,888900.0
2015-06-03,44.84553909301758,740500.0
2015-06-04,44.46415710449219,800100.0
2015-06-05,43.78688049316406,838400.0
2015-06-08,43.681671142578125,614600.0
2015-06-09,43.287132263183594,543000.0
2015-06-10,43.754005432128906,609400.0
2015-06-11,44.51694869995117,855400.0
2015-06-12,44.58330154418945,831300.0
2015-06-15,44.51694869995117,612800.0
2015-06-16,45.42588424682617,1141500.0
2015-06-17,45.53866958618164,4362200.0
2015-06-18,46.14239501953125,1118600.0
2015-06-19,45.711151123046875,1265000.0
2015-06-22,45.21356964111328,1292800.0
2015-06-23,44.55677032470703,778700.0
2015-06-24,43.95303726196289,787100.0
2015-06-25,43.395751953125,763300.0
2015-06-26,43.54833984375,718400.0
2015-06-29,43.15027618408203,783000.0
2015-06-30,43.269691467285156,653700.0
2015-07-01,44.33784484863281,1186300.0
2015-07-02,44.722633361816406,1065200.0
2015-07-06,44.66292190551758,916400.0
2015-07-07,45.47231674194336,850000.0
2015-07-08,45.651458740234375,1126600.0
2015-07-09,45.711151123046875,618700.0
2015-07-10,46.16230392456055,606800.0
2015-07-13,46.241920471191406,656700.0
2015-07-14,46.155677795410156,903300.0
2015-07-15,46.155677795410156,513600.0
2015-07-16,46.6864128112793,478300.0
2015-07-17,46.55371856689453,555300.0
2015-07-20,46.958431243896484,735500.0
2015-07-21,46.626708984375,585300.0
2015-07-22,47.044673919677734,582100.0
2015-07-23,47.00486755371094,587300.0
2015-07-24,47.091121673583984,569900.0
2015-07-27,47.2171516418457,628000.0
2015-07-28,47.097747802734375,647700.0
2015-07-29,47.20389938354492,623400.0
2015-07-30,48.3184928894043,781000.0
2015-07-31,48.7762565612793,1041900.0
2015-08-03,49.373355865478516,649900.0
2015-08-04,49.30036163330078,551200.0
2015-08-05,49.55249786376953,617300.0
2015-08-06,49.98373794555664,649100.0
2015-08-07,50.222557067871094,634100.0
2015-08-10,49.95719528198242,949100.0
2015-08-11,50.494564056396484,782700.0
2015-08-12,50.88600540161133,1059200.0
2015-08-13,51.25090408325195,1509200.0
2015-08-14,52.04703140258789,3641400.0
2015-08-17,52.21287536621094,1107100.0
2015-08-18,52.10009002685547,736600.0
2015-08-19,52.04703140258789,752300.0
2015-08-20,51.668861389160156,868300.0
2015-08-21,50.77322006225586,1238300.0
2015-08-24,47.91377258300781,1502000.0
2015-08-25,46.46085739135742,1388000.0
2015-08-26,47.840797424316406,1178300.0
2015-08-27,48.98855209350586,984200.0
2015-08-28,49.180946350097656,836800.0
2015-08-31,48.749717712402344,1761100.0
2015-09-01,48.092918395996094,972100.0
2015-09-02,48.8094367980957,722500.0
2015-09-03,48.63029479980469,707900.0
2015-09-04,47.383033752441406,753500.0
2015-09-08,48.48434829711914,739600.0
2015-09-09,47.701480865478516,619700.0
2015-09-10,47.747928619384766,746000.0
2015-09-11,48.81150436401367,644300.0
2015-09-14,48.86503219604492,461000.0
2015-09-15,50.049034118652344,3229600.0
2015-09-16,49.52056121826172,2489900.0
2015-09-17,50.34335708618164,1339000.0
2015-09-18,50.490516662597656,3577600.0
2015-09-21,51.23971939086914,1121400.0
2015-09-22,50.584163665771484,1151400.0
2015-09-23,51.07247543334961,463800.0
2015-09-24,50.577476501464844,611600.0
2015-09-25,51.01897048950195,563300.0
2015-09-28,50.483821868896484,701600.0
2015-09-29,51.24639892578125,630300.0
2015-09-30,51.61431884765625,826900.0
2015-10-01,51.11262893676758,1291500.0
2015-10-02,51.42033386230469,1247400.0
2015-10-05,52.330055236816406,983800.0
2015-10-06,51.31999206542969,1100600.0
2015-10-07,51.032344818115234,1662200.0
2015-10-08,51.741397857666016,932200.0
2015-10-09,51.57417297363281,987900.0
2015-10-12,52.22304153442383,577600.0
2015-10-13,51.5273323059082,728000.0
2015-10-14,50.891868591308594,669500.0
2015-10-15,51.66781234741211,644800.0
2015-10-16,51.71464538574219,915900.0
2015-10-19,53.20634841918945,1148600.0
2015-10-20,53.98230743408203,1369200.0
2015-10-21,54.04250717163086,880100.0
2015-10-22,54.43717956542969,820200.0
2015-10-23,54.03582000732422,576600.0
2015-10-26,54.002384185791016,641000.0
2015-10-27,54.417118072509766,905200.0
2015-10-28,54.015769958496094,1081500.0
2015-10-29,54.05588150024414,849900.0
2015-10-30,53.00566482543945,1004200.0
2015-11-02,53.828468322753906,1175600.0
2015-11-03,52.94546890258789,892600.0
2015-11-04,52.94546890258789,791000.0
2015-11-05,52.932098388671875,570100.0
2015-11-06,51.84843826293945,726400.0
2015-11-09,51.01228713989258,803400.0
2015-11-10,51.68120574951172,1326900.0
2015-11-11,52.30998611450195,715000.0
2015-11-12,52.89863967895508,1258400.0
2015-11-13,52.758209228515625,1088200.0
2015-11-16,53.09263229370117,534200.0
2015-11-17,54.39704132080078,885200.0
2015-11-18,54.129478454589844,741300.0
2015-11-19,54.16292953491211,584900.0
2015-11-20,55.480709075927734,798700.0
2015-11-23,55.373661041259766,535400.0
2015-11-24,55.13955307006836,711000.0
2015-11-25,55.81515884399414,579800.0
2015-11-27,56.1429443359375,366100.0
2015-11-30,56.02254867553711,1582100.0
2015-12-01,57.33363342285156,1071100.0
2015-12-02,56.90550994873047,996700.0
2015-12-03,56.43057632446289,1064200.0
2015-12-04,57.38714599609375,749500.0
2015-12-07,57.69483184814453,909400.0
2015-12-08,57.89552307128906,700400.0
2015-12-09,57.273441314697266,630700.0
2015-12-10,56.80517578125,902900.0
2015-12-11,57.43837356567383,1007000.0
2015-12-14,58.06480407714844,1075600.0
2015-12-15,58.60369110107422,1336400.0
2015-12-16,59.73536682128906,663700.0
2015-12-17,59.53327178955078,785600.0
2015-12-18,59.04827880859375,3652500.0
2015-12-21,60.01152801513672,1098000.0
2015-12-22,59.97110366821289,751800.0
2015-12-23,59.418785095214844,1025900.0
2015-12-24,59.4322395324707,353100.0
2015-12-28,59.99131774902344,774000.0
2015-12-29,60.772705078125,520800.0
2015-12-30,60.260765075683594,419600.0
2015-12-31,59.418785095214844,592400.0
2016-01-04,59.156063079833984,978600.0
2016-01-05,60.89396667480469,867300.0
2016-01-06,61.399169921875,1100800.0
2016-01-07,60.74577331542969,922700.0
2016-01-08,60.56389617919922,700200.0
2016-01-11,61.17012023925781,1191400.0
2016-01-12,60.968082427978516,1093300.0
2016-01-13,60.32139205932617,1139300.0
2016-01-14,58.751888275146484,3958400.0
2016-01-15,57.950313568115234,22998400.0
2016-01-19,59.614097595214844,1851800.0
2016-01-20,57.15545654296875,2160900.0
2016-01-21,57.067867279052734,1423700.0
2016-01-22,58.839454650878906,892800.0
2016-01-25,59.00785827636719,1140300.0
2016-01-26,60.934383392333984,1471800.0
2016-01-27,59.775787353515625,970700.0
2016-01-28,60.17993927001953,957900.0
2016-01-29,61.08930587768555,1347100.0
2016-02-01,60.28096008300781,1523100.0
2016-02-02,61.365474700927734,1503500.0
2016-02-03,59.519798278808594,1412200.0
2016-02-04,57.997459411621094,1699200.0
2016-02-05,55.04033660888672,2057800.0
2016-02-08,52.82418441772461,2019100.0
2016-02-09,53.40347671508789,1601300.0
2016-02-10,53.794166564941406,1103200.0
2016-02-11,54.481224060058594,1751100.0
2016-02-12,54.824771881103516,1352200.0
2016-02-16,55.89582824707031,1160300.0
2016-02-17,57.20932388305664,1256800.0
2016-02-18,56.95338439941406,931800.0
2016-02-19,58.06480407714844,1330800.0
2016-02-22,57.92335510253906,676600.0
2016-02-23,57.86275863647461,1129700.0
2016-02-24,55.35017776489258,1653300.0
2016-02-25,56.946624755859375,1143700.0
2016-02-26,55.98339080810547,983600.0
2016-02-29,55.33670425415039,1438600.0
2016-03-01,56.744537353515625,1201800.0
2016-03-02,58.12543487548828,1428800.0
2016-03-03,57.1419792175293,1126200.0
2016-03-04,56.56943893432617,1149900.0
2016-03-07,56.31345748901367,1223300.0
2016-03-08,56.21238708496094,1332100.0
2016-03-09,57.22280502319336,1109100.0
2016-03-10,57.3642692565918,1038800.0
2016-03-11,59.066810607910156,1033200.0
2016-03-14,59.20246124267578,798900.0
2016-03-15,59.86042404174805,950800.0
2016-03-16,61.027122497558594,1017200.0
2016-03-17,61.90891647338867,1005900.0
2016-03-18,60.782936096191406,3079700.0
2016-03-21,60.03677749633789,1156700.0
2016-03-22,60.12497329711914,1256800.0
2016-03-23,60.62013626098633,988900.0
2016-03-24,61.101715087890625,879700.0
2016-03-28,61.81394577026367,550900.0
2016-03-29,63.06880187988281,872000.0
2016-03-30,62.75004196166992,810300.0
2016-03-31,63.3944206237793,743100.0
2016-04-01,63.42832565307617,771100.0
2016-04-04,63.41474151611328,948400.0
2016-04-05,62.83140563964844,417000.0
2016-04-06,63.40797424316406,688900.0
2016-04-07,62.87889862060547,845900.0
2016-04-08,63.475826263427734,577900.0
2016-04-11,62.370155334472656,587100.0
2016-04-12,62.49224853515625,994500.0
2016-04-13,62.058143615722656,823900.0
2016-04-14,60.5455436706543,1127600.0
2016-04-15,61.176334381103516,708900.0
2016-04-18,61.427330017089844,945000.0
2016-04-19,59.72478485107422,1657200.0
2016-04-20,59.37205123901367,1309100.0
2016-04-21,57.920494079589844,1138300.0
2016-04-22,58.33424377441406,1121300.0
2016-04-25,58.63947677612305,581100.0
2016-04-26,59.154972076416016,927100.0
2016-04-27,58.354583740234375,642500.0
2016-04-28,58.429195404052734,602800.0
2016-04-29,57.62202072143555,881300.0
2016-05-02,58.92436218261719,706000.0
2016-05-03,60.28774642944336,1239900.0
2016-05-04,61.339149475097656,1421800.0
2016-05-05,61.54265213012695,711400.0
2016-05-06,62.69575119018555,799300.0
2016-05-09,63.31977844238281,719400.0
2016-05-10,63.787818908691406,1081600.0
2016-05-11,62.25487518310547,901800.0
2016-05-12,63.35368728637695,1006100.0
2016-05-13,63.062042236328125,468300.0
2016-05-16,63.46902084350586,579000.0
2016-05-17,62.45834732055664,1147100.0
2016-05-18,61.854652404785156,951800.0
2016-05-19,60.87788772583008,1013400.0
2016-05-20,61.74612808227539,1204500.0
2016-05-23,61.82750701904297,744000.0
2016-05-24,62.38372802734375,923200.0
2016-05-25,62.5804443359375,835900.0
2016-05-26,62.83821105957031,798800.0
2016-05-27,63.034908294677734,548000.0
2016-05-31,63.062042236328125,1435900.0
2016-06-01,63.08237838745117,773100.0
2016-06-02,63.360477447509766,447600.0
2016-06-03,63.462223052978516,855600.0
2016-06-06,62.343040466308594,896600.0
2016-06-07,62.38372802734375,697000.0
2016-06-08,61.72574996948242,764500.0
2016-06-09,60.823631286621094,2051600.0
2016-06-10,60.1046142578125,1632300.0
2016-06-13,59.995121002197266,1056400.0
2016-06-14,58.94808578491211,1194200.0
2016-06-15,59.7487678527832,1250200.0
2016-06-16,60.15935516357422,843100.0
2016-06-17,59.61875534057617,1065600.0
2016-06-20,59.74192428588867,619800.0
2016-06-21,59.75559616088867,571300.0
2016-06-22,59.8582649230957,852300.0
2016-06-23,59.56401062011719,772800.0
2016-06-24,59.44765090942383,1952700.0
2016-06-27,61.801780700683594,1819800.0
2016-06-28,62.6024284362793,895300.0
2016-06-29,62.52030944824219,943500.0
2016-06-30,63.32780456542969,1577300.0
2016-07-01,62.03441619873047,946700.0
2016-07-05,63.813697814941406,1302500.0
2016-07-06,63.273048400878906,916100.0
2016-07-07,62.985660552978516,780300.0
2016-07-08,63.813697814941406,1312300.0
2016-07-11,64.1010971069336,609600.0
2016-07-12,63.9779052734375,988400.0
2016-07-13,64.58698272705078,760800.0
2016-07-14,64.4021987915039,1130500.0
2016-07-15,63.444129943847656,1057100.0
2016-07-18,63.21146774291992,1049100.0
2016-07-19,63.12251663208008,732500.0
2016-07-20,63.533103942871094,856500.0
2016-07-21,63.567317962646484,777600.0
2016-07-22,64.06690216064453,544000.0
2016-07-25,62.86247634887695,1190600.0
2016-07-26,61.86335372924805,605000.0
2016-07-27,61.521209716796875,677100.0
2016-07-28,58.838623046875,3496100.0
2016-07-29,58.865970611572266,2719200.0
2016-08-01,59.24236297607422,1357600.0
2016-08-02,58.2843017578125,1611200.0
2016-08-03,56.83353042602539,2221800.0
2016-08-04,56.10812759399414,1521500.0
2016-08-05,56.443458557128906,1479300.0
2016-08-08,56.31344223022461,1121100.0
2016-08-09,56.73086166381836,847700.0
2016-08-10,57.31938934326172,1787400.0
2016-08-11,57.17570114135742,1217200.0
2016-08-12,57.100425720214844,1376100.0
2016-08-15,56.87459182739258,1407000.0
2016-08-16,56.49820327758789,967300.0
2016-08-17,56.511905670166016,799400.0
2016-08-18,55.95757293701172,637200.0
2016-08-19,55.28693771362305,869800.0
2016-08-22,55.67018127441406,707200.0
2016-08-23,55.553829193115234,800300.0
2016-08-24,55.13640213012695,786800.0
2016-08-25,55.4238166809082,699600.0
2016-08-26,54.66419982910156,1039600.0
2016-08-29,55.14323425292969,504000.0
2016-08-30,55.02005386352539,879000.0
2016-08-31,55.122711181640625,1197500.0
2016-09-01,55.43748092651367,916800.0
2016-09-02,56.0191650390625,656500.0
2016-09-06,56.16290283203125,779000.0
2016-09-07,56.56664276123047,773700.0
2016-09-08,56.026004791259766,1294300.0
2016-09-09,54.69157791137695,1035400.0
2016-09-12,53.74034881591797,2400800.0
2016-09-13,52.648277282714844,1594200.0
2016-09-14,53.31182861328125,1138700.0
2016-09-15,53.747276306152344,1016400.0
2016-09-16,53.36020278930664,1746300.0
2016-09-19,53.60904312133789,1099500.0
2016-09-20,53.44313430786133,1030600.0
2016-09-21,53.67124938964844,1005900.0
2016-09-22,54.901573181152344,968200.0
2016-09-23,55.30937194824219,1017800.0
2016-09-26,56.249393463134766,986100.0
2016-09-27,55.9037971496582,658900.0
2016-09-28,56.40837097167969,609800.0
2016-09-29,55.93144989013672,950800.0
2016-09-30,54.88774490356445,1629100.0
2016-10-03,53.67816925048828,1003100.0
2016-10-04,53.007694244384766,1251400.0
2016-10-05,51.238224029541016,1643400.0
2016-10-06,51.22439956665039,1699400.0
2016-10-07,52.16444778442383,1128100.0
2016-10-10,52.25429916381836,626600.0
2016-10-11,51.78428649902344,514000.0
2016-10-12,52.364898681640625,506100.0
2016-10-13,52.58605194091797,546500.0
2016-10-14,52.482383728027344,431900.0
2016-10-17,52.73122787475586,456100.0
2016-10-18,52.662086486816406,424600.0
2016-10-19,52.73122787475586,701600.0
2016-10-20,52.71738815307617,785200.0
2016-10-21,51.71516799926758,808400.0
2016-10-24,51.90178298950195,773200.0
2016-10-25,52.03310775756836,544200.0
2016-10-26,52.68283462524414,1012400.0
2016-10-27,48.791412353515625,1621600.0
2016-10-28,49.82820129394531,990400.0
2016-10-31,50.56087112426758,1556500.0
2016-11-01,49.25450897216797,1262800.0
2016-11-02,49.4342155456543,916600.0
2016-11-03,48.673912048339844,824400.0
2016-11-04,49.53099060058594,1082100.0
2016-11-07,51.21059036254883,846300.0
2016-11-08,52.10222244262695,892500.0
2016-11-09,52.52386474609375,1499600.0
2016-11-10,50.761314392089844,1396200.0
2016-11-11,50.982486724853516,767500.0
2016-11-14,51.73590850830078,945200.0
2016-11-15,50.72675323486328,1161500.0
2016-11-16,49.67613983154297,861900.0
2016-11-17,48.736106872558594,703300.0
2016-11-18,48.80524444580078,877900.0
2016-11-21,47.54034423828125,1030500.0
2016-11-22,48.252296447753906,1010800.0
2016-11-23,48.13477325439453,587500.0
2016-11-25,48.438907623291016,359800.0
2016-11-28,49.04022979736328,628600.0
2016-11-29,48.97111511230469,756100.0
2016-11-30,48.49419403076172,1059100.0
2016-12-01,47.83756637573242,878000.0
2016-12-02,48.50802993774414,789200.0
2016-12-05,48.680809020996094,891600.0
2016-12-06,49.69686508178711,944000.0
2016-12-07,51.28661346435547,1376200.0
2016-12-08,51.97090530395508,1884500.0
2016-12-09,51.846492767333984,1526200.0
2016-12-12,51.65985870361328,903400.0
2016-12-13,51.245140075683594,1535100.0
2016-12-14,50.74058151245117,1209200.0
2016-12-15,50.56593322753906,1303600.0
2016-12-16,51.83740234375,1375500.0
2016-12-19,52.3543815612793,702000.0
2016-12-20,51.907264709472656,995900.0
2016-12-21,51.404266357421875,1794600.0
2016-12-22,51.94919204711914,694000.0
2016-12-23,52.22864532470703,545500.0
2016-12-27,52.66177749633789,636600.0
2016-12-28,51.93519592285156,810800.0
2016-12-29,52.8084716796875,878400.0
2016-12-30,53.96120834350586,887300.0
2017-01-03,53.82848358154297,906000.0
2017-01-04,54.11489486694336,914000.0
2017-01-05,54.820499420166016,903200.0
2017-01-06,55.33047866821289,944500.0
2017-01-09,54.673797607421875,616600.0
2017-01-10,53.53504180908203,955200.0
2017-01-11,52.15177536010742,1535500.0
2017-01-12,51.56494140625,1246500.0
2017-01-13,50.75455093383789,913700.0
2017-01-17,51.02701950073242,1167900.0
2017-01-18,51.11781311035156,911000.0
2017-01-19,51.068931579589844,761400.0
2017-01-20,51.292484283447266,1007500.0
2017-01-23,52.396297454833984,1190300.0
2017-01-24,52.49409866333008,762200.0
2017-01-25,51.536991119384766,1090600.0
2017-01-26,51.68373107910156,943600.0
2017-01-27,51.1387825012207,809600.0
2017-01-30,50.510047912597656,826700.0
2017-01-31,50.335384368896484,764200.0
2017-02-01,50.048946380615234,801000.0
2017-02-02,50.62180709838867,714900.0
2017-02-03,51.00606155395508,706300.0
2017-02-06,51.145782470703125,551500.0
2017-02-07,51.50205993652344,674700.0
2017-02-08,51.83042526245117,872200.0
2017-02-09,52.053985595703125,323600.0
2017-02-10,52.396297454833984,415900.0
2017-02-13,52.2915153503418,616300.0
2017-02-14,51.34838104248047,642600.0
2017-02-15,51.376319885253906,731600.0
2017-02-16,52.305484771728516,1168900.0
2017-02-17,53.96818923950195,1486800.0
2017-02-21,54.75062561035156,1287300.0
2017-02-22,54.43626403808594,1816900.0
2017-02-23,55.28856658935547,936500.0
2017-02-24,55.53308868408203,661200.0
2017-02-27,55.54705810546875,466600.0
2017-02-28,55.32349395751953,806800.0
2017-03-01,55.763641357421875,644600.0
2017-03-02,55.48418426513672,546100.0
2017-03-03,55.24666213989258,652600.0
2017-03-06,55.512123107910156,856300.0
2017-03-07,55.183753967285156,1026600.0
2017-03-08,54.9252815246582,1051900.0
2017-03-09,53.255592346191406,1169900.0
2017-03-10,52.214656829833984,1308000.0
2017-03-13,51.71341323852539,1706900.0
2017-03-14,52.33467483520508,1177700.0
2017-03-15,53.301883697509766,986700.0
2017-03-16,52.72294998168945,758200.0
2017-03-17,53.20304489135742,1020700.0
2017-03-20,53.2100944519043,585300.0
2017-03-21,53.167728424072266,829800.0
2017-03-22,53.280696868896484,809500.0
2017-03-23,53.301883697509766,1040200.0
2017-03-24,52.977115631103516,573200.0
2017-03-27,52.567649841308594,707400.0
2017-03-28,52.77946090698242,575200.0
2017-03-29,52.28526306152344,826500.0
2017-03-30,52.24290084838867,581000.0
2017-03-31,52.51823043823242,1176000.0
2017-04-03,53.330116271972656,1379400.0
2017-04-04,53.75371170043945,1109800.0
2017-04-05,54.629127502441406,997600.0
2017-04-06,54.84800338745117,686200.0
2017-04-07,55.11627197265625,834100.0
2017-04-10,55.61750411987305,768600.0
2017-04-11,55.54690170288086,565800.0
2017-04-12,55.01742172241211,1377500.0
2017-04-13,55.137454986572266,824700.0
2017-04-17,56.78239440917969,1129000.0
2017-04-18,57.04359436035156,586400.0
2017-04-19,56.81061553955078,455000.0
2017-04-20,56.91652297973633,876000.0
2017-04-21,56.81061553955078,1142600.0
2017-04-24,55.730464935302734,1912700.0
2017-04-25,55.476322174072266,1201300.0
2017-04-26,55.75163650512695,1229600.0
2017-04-27,53.69015884399414,1379800.0
2017-04-28,53.32304000854492,1343500.0
2017-05-01,53.252464294433594,1096200.0
2017-05-02,51.918148040771484,1692700.0
2017-05-03,51.416908264160156,994500.0
2017-05-04,51.755775451660156,957300.0
2017-05-05,51.81224822998047,644400.0
2017-05-08,51.68518829345703,627500.0
2017-05-09,51.63573455810547,790600.0
2017-05-10,51.64280700683594,661800.0
2017-05-11,51.190982818603516,1941600.0
2017-05-12,51.12744903564453,1136300.0
2017-05-15,51.71341323852539,1222600.0
2017-05-16,50.68267822265625,1716100.0
2017-05-17,53.13949203491211,2188700.0
2017-05-18,53.584285736083984,1512300.0
2017-05-19,54.00080871582031,2359300.0
2017-05-22,54.742088317871094,1671700.0
2017-05-23,54.982112884521484,998200.0
2017-05-24,55.553985595703125,953600.0
2017-05-25,55.80107498168945,1914100.0
2017-05-26,55.066829681396484,868400.0
2017-05-30,54.48088455200195,875900.0
2017-05-31,54.69267272949219,1554000.0
2017-06-01,53.49247741699219,1460700.0
2017-06-02,53.97963333129883,1285600.0
2017-06-05,53.428955078125,489600.0
2017-06-06,52.5817756652832,613600.0
2017-06-07,53.534854888916016,735800.0
2017-06-08,53.06890869140625,657400.0
2017-06-09,52.61001205444336,692800.0
2017-06-12,53.266578674316406,973000.0
2017-06-13,53.6446647644043,734700.0
2017-06-14,53.78733444213867,869900.0
2017-06-15,54.778907775878906,655600.0
2017-06-16,55.99873352050781,1533800.0
2017-06-19,55.584983825683594,1102400.0
2017-06-20,55.848934173583984,713900.0
2017-06-21,55.70627212524414,774200.0
2017-06-22,55.14985656738281,614600.0
2017-06-23,56.17708969116211,1117100.0
2017-06-26,56.184207916259766,498900.0
2017-06-27,55.86322784423828,700800.0
2017-06-28,55.60639953613281,971200.0
2017-06-29,55.30678939819336,796800.0
2017-06-30,55.64205551147461,995700.0
2017-07-03,55.99160385131836,745500.0
2017-07-05,55.2069091796875,922500.0
2017-07-06,54.15113830566406,1197900.0
2017-07-07,54.59342575073242,712100.0
2017-07-10,53.33079147338867,1161700.0
2017-07-11,52.88135528564453,1037200.0
2017-07-12,53.80873489379883,828700.0
2017-07-13,53.908607482910156,792100.0
2017-07-14,54.700416564941406,864400.0
2017-07-17,55.21406173706055,1361100.0
2017-07-18,55.27111053466797,1289700.0
2017-07-19,56.20560836791992,1896900.0
2017-07-20,55.80613327026367,1042300.0
2017-07-21,56.33401870727539,668700.0
2017-07-24,56.09861373901367,883400.0
2017-07-25,56.6978645324707,1281200.0
2017-07-26,57.282814025878906,1562000.0
2017-07-27,54.572017669677734,2452300.0
2017-07-28,55.584983825683594,1621000.0
2017-07-31,56.71211242675781,3215800.0
2017-08-01,56.56230163574219,1278000.0
2017-08-02,56.54090118408203,2381800.0
2017-08-03,55.08563995361328,1888800.0
2017-08-04,55.46372604370117,890800.0
2017-08-07,55.549320220947266,1103700.0
2017-08-08,54.9287109375,935000.0
2017-08-09,54.63622283935547,1070100.0
2017-08-10,54.379417419433594,1084600.0
2017-08-11,54.43647003173828,993400.0
2017-08-14,54.835975646972656,673600.0
2017-08-15,54.64335250854492,1176400.0
2017-08-16,54.12260055541992,1461200.0
2017-08-17,54.35087966918945,878000.0
2017-08-18,53.31650924682617,858800.0
2017-08-21,53.8729248046875,880900.0
2017-08-22,54.08694839477539,435300.0
2017-08-23,55.399539947509766,678400.0
2017-08-24,55.30678939819336,877300.0
2017-08-25,54.85736083984375,493800.0
2017-08-28,55.121315002441406,595800.0
2017-08-29,55.699119567871094,670600.0
2017-08-30,55.34958267211914,807500.0
2017-08-31,55.37812423706055,1159400.0
2017-09-01,55.48512649536133,573400.0
2017-09-05,55.92741394042969,892900.0
2017-09-06,56.63364028930664,1041600.0
2017-09-07,57.95335388183594,1351700.0
2017-09-08,58.673851013183594,1283200.0
2017-09-11,56.876182556152344,1558600.0
2017-09-12,55.26399612426758,1021500.0
2017-09-13,55.413780212402344,823100.0
2017-09-14,56.473052978515625,715500.0
2017-09-15,56.977474212646484,1142300.0
2017-09-18,57.21527099609375,695700.0
2017-09-19,57.24410629272461,1063300.0
2017-09-20,57.25850296020508,1018800.0
2017-09-21,57.172054290771484,466000.0
2017-09-22,56.8477668762207,420700.0
2017-09-25,57.42425537109375,626900.0
2017-09-26,57.19365692138672,551000.0
2017-09-27,56.23527908325195,657500.0
2017-09-28,56.98467254638672,490300.0
2017-09-29,57.58998489379883,1250400.0
2017-10-02,57.35939025878906,1312600.0
2017-10-03,56.94144821166992,691500.0
2017-10-04,57.35939025878906,861700.0
2017-10-05,57.979103088378906,708900.0
2017-10-06,57.921470642089844,1069300.0
2017-10-09,57.66204833984375,577000.0
2017-10-10,57.7917594909668,566700.0
2017-10-11,58.058387756347656,1010100.0
2017-10-12,58.80779266357422,1190000.0
2017-10-13,59.600460052490234,961500.0
2017-10-16,58.99515151977539,613200.0
2017-10-17,59.225738525390625,854400.0
2017-10-18,59.03116989135742,712000.0
2017-10-19,58.87263107299805,655700.0
2017-10-20,58.923095703125,979500.0
2017-10-23,58.99515151977539,656400.0
2017-10-24,57.94309616088867,1111500.0
2017-10-25,58.11602783203125,1356700.0
2017-10-26,56.71087646484375,2684300.0
2017-10-27,57.863834381103516,1114900.0
2017-10-30,58.43309020996094,725100.0
2017-10-31,58.79337692260742,913100.0
2017-11-01,58.800575256347656,1310500.0
2017-11-02,59.895877838134766,2279400.0
2017-11-03,61.27943801879883,1251300.0
2017-11-06,61.98560333251953,1222200.0
2017-11-07,61.74061965942383,1331700.0
2017-11-08,61.97842025756836,1289900.0
2017-11-09,61.57487106323242,750000.0
2017-11-10,61.97119903564453,653800.0
2017-11-13,62.5981330871582,917200.0
2017-11-14,62.21623229980469,782200.0
2017-11-15,61.7334098815918,693000.0
2017-11-16,62.83591079711914,1578000.0
2017-11-17,62.83591079711914,1581600.0
2017-11-20,62.94402313232422,869400.0
2017-11-21,63.16739273071289,824100.0
2017-11-22,62.994441986083984,860600.0
2017-11-24,62.965641021728516,283000.0
2017-11-27,62.98004913330078,1075200.0
2017-11-28,61.40192413330078,1402000.0
2017-11-29,61.29384231567383,1134400.0
2017-11-30,61.51002883911133,1637100.0
2017-12-01,61.394752502441406,1160700.0
2017-12-04,61.142520904541016,1091800.0
2017-12-05,61.15693283081055,682800.0
2017-12-06,61.56766891479492,890500.0
2017-12-07,61.43075942993164,900000.0
2017-12-08,62.172969818115234,883400.0
2017-12-11,63.282676696777344,907700.0
2017-12-12,63.31150817871094,1087900.0
2017-12-13,63.12416076660156,961700.0
2017-12-14,62.96421813964844,906300.0
2017-12-15,63.66217803955078,1543000.0
2017-12-18,63.67673110961914,710700.0
2017-12-19,62.67336654663086,1172000.0
2017-12-20,62.28074264526367,901500.0
2017-12-21,61.924503326416016,708900.0
2017-12-22,62.61519241333008,563500.0
2017-12-26,63.109596252441406,504900.0
2017-12-27,63.55312728881836,438900.0
2017-12-28,63.807613372802734,632200.0
2017-12-29,63.582218170166016,631200.0
2018-01-02,62.2952995300293,1135300.0
2018-01-03,62.42616271972656,722500.0
2018-01-04,61.29194641113281,702500.0
2018-01-05,61.001121520996094,806600.0
2018-01-08,61.924503326416016,1129500.0
2018-01-09,60.42674255371094,1044700.0
2018-01-10,59.88142776489258,1056900.0
2018-01-11,59.80144500732422,838400.0
2018-01-12,59.80144500732422,835100.0
2018-01-16,60.135902404785156,882500.0
2018-01-17,60.681217193603516,1169300.0
2018-01-18,60.128631591796875,1083100.0
2018-01-19,60.812076568603516,1020200.0
2018-01-22,61.90995407104492,1252400.0
2018-01-23,63.051429748535156,1231100.0
2018-01-24,62.19350051879883,808700.0
2018-01-25,61.800880432128906,865000.0
2018-01-26,61.22651672363281,1022600.0
2018-01-29,60.19407272338867,1210500.0
2018-01-30,60.28132247924805,1009900.0
2018-01-31,60.69575881958008,4801600.0
2018-02-01,59.66331481933594,1202900.0
2018-02-02,59.50333786010742,1219500.0
2018-02-05,58.07101821899414,1111800.0
2018-02-06,57.96921920776367,1321000.0
2018-02-07,58.470890045166016,1103100.0
2018-02-08,56.39149856567383,1216400.0
2018-02-09,58.4490852355957,2314900.0
2018-02-12,58.74720001220703,1196400.0
2018-02-13,60.041385650634766,971600.0
2018-02-14,58.99439239501953,1056900.0
2018-02-15,59.99049377441406,1124800.0
2018-02-16,59.76508712768555,1212000.0
2018-02-20,58.710872650146484,1226600.0
2018-02-21,59.25615310668945,2656900.0
2018-02-22,61.386474609375,1446600.0
2018-02-23,62.96421813964844,959100.0
2018-02-26,63.00783157348633,1326600.0
2018-02-27,61.713653564453125,974400.0
2018-02-28,61.83724594116211,1953900.0
2018-03-01,62.42616271972656,975100.0
2018-03-02,61.83724594116211,843900.0
2018-03-05,62.68793487548828,869400.0
2018-03-06,62.7097282409668,703600.0
2018-03-07,62.66612243652344,647000.0
2018-03-08,63.2913818359375,576700.0
2018-03-09,64.12024688720703,730100.0
2018-03-12,63.66217803955078,1119200.0
2018-03-13,63.916664123535156,1716000.0
2018-03-14,63.205116271972656,1029800.0
2018-03-15,63.25642776489258,925700.0
2018-03-16,63.07305908203125,1650400.0
2018-03-19,62.42750549316406,1343400.0
2018-03-20,62.735599517822266,920300.0
2018-03-21,62.4935302734375,834600.0
2018-03-22,61.84797286987305,973800.0
2018-03-23,60.87229919433594,868800.0
2018-03-26,61.88467025756836,1378300.0
2018-03-27,62.757598876953125,1217000.0
2018-03-28,64.08538055419922,1135900.0
2018-03-29,64.08538055419922,1180000.0
2018-04-02,62.91167449951172,935400.0
2018-04-03,63.42515563964844,770800.0
2018-04-04,64.33480834960938,956600.0
2018-04-05,64.39349365234375,1071300.0
2018-04-06,63.68925857543945,598200.0
2018-04-09,63.725921630859375,683000.0
2018-04-10,64.24678039550781,731200.0
2018-04-11,64.17339324951172,1173600.0
2018-04-12,62.713584899902344,861000.0
2018-04-13,63.87997817993164,787300.0
2018-04-16,64.07804107666016,653000.0
2018-04-17,65.38381958007812,1013700.0
2018-04-18,65.6992416381836,968200.0
2018-04-19,64.11473846435547,948600.0
2018-04-20,63.153724670410156,738700.0
2018-04-23,63.021705627441406,612500.0
2018-04-24,63.60123825073242,651600.0
2018-04-25,63.293121337890625,616700.0
2018-04-26,64.89966583251953,1058200.0
2018-04-27,65.85330963134766,658300.0
2018-04-30,65.72126007080078,765000.0
2018-05-01,66.32279205322266,1327200.0
2018-05-02,65.6992416381836,1472800.0
2018-05-03,67.29846954345703,1967000.0
2018-05-04,67.6285629272461,873600.0
2018-05-07,68.5455322265625,803100.0
2018-05-08,68.6115493774414,781700.0
2018-05-09,69.18374633789062,482800.0
2018-05-10,69.80728149414062,590300.0
2018-05-11,69.8733139038086,794600.0
2018-05-14,69.20574951171875,819900.0
2018-05-15,67.87065887451172,1055400.0
2018-05-16,67.6285629272461,775200.0
2018-05-17,67.50386047363281,549200.0
2018-05-18,67.47452545166016,563600.0
2018-05-21,68.20809936523438,676100.0
2018-05-22,67.9146728515625,944600.0
2018-05-23,68.7656021118164,1114800.0
2018-05-24,69.76327514648438,1404900.0
2018-05-25,69.79997253417969,868100.0
2018-05-29,70.16674041748047,1160800.0
2018-05-30,71.1130599975586,684900.0
2018-05-31,70.60691833496094,1017500.0
2018-06-01,70.87096405029297,603300.0
2018-06-04,72.49952697753906,896500.0
2018-06-05,71.6485824584961,1063200.0
2018-06-06,71.51652526855469,995200.0
2018-06-07,71.69258880615234,726700.0
2018-06-08,71.90534210205078,599800.0
2018-06-11,71.78795623779297,651800.0
2018-06-12,72.20609283447266,769900.0
2018-06-13,71.12773895263672,1241900.0
2018-06-14,72.1861343383789,713300.0
2018-06-15,71.57923126220703,1078700.0
2018-06-18,71.92707824707031,669500.0
2018-06-19,72.04552459716797,754900.0
2018-06-20,72.68203735351562,770100.0
2018-06-21,73.78486633300781,855600.0
2018-06-22,73.47398376464844,769100.0
2018-06-25,74.02169799804688,1384100.0
2018-06-26,74.7248306274414,1654400.0
2018-06-27,73.75524139404297,1072500.0
2018-06-28,74.08830261230469,890800.0
2018-06-29,73.87366485595703,1503900.0
2018-07-02,73.16313934326172,926200.0
2018-07-03,73.48139953613281,551500.0
2018-07-05,74.51019287109375,971800.0
2018-07-06,74.57679748535156,686400.0
2018-07-09,73.50360107421875,978400.0
2018-07-10,73.44438934326172,1165400.0
2018-07-11,73.1927261352539,984400.0
2018-07-12,73.02249145507812,1158900.0
2018-07-13,71.65324401855469,1324000.0
2018-07-16,71.57923126220703,1220400.0
2018-07-17,70.07671356201172,1392600.0
2018-07-18,69.86207580566406,1599600.0
2018-07-19,70.40241241455078,739800.0
2018-07-20,69.99530029296875,468300.0
2018-07-23,69.55863189697266,478800.0
2018-07-24,69.2847671508789,1089700.0
2018-07-25,69.75846862792969,975200.0
2018-07-26,70.09153747558594,1472900.0
2018-07-27,68.75927734375,723000.0
2018-07-30,69.21076965332031,1135000.0
2018-07-31,69.55123138427734,973000.0
2018-08-01,68.55941009521484,1430900.0
2018-08-02,67.31600952148438,2337300.0
2018-08-03,68.2411880493164,1496400.0
2018-08-06,69.1441421508789,1211400.0
2018-08-07,69.31439208984375,647600.0
2018-08-08,69.26258087158203,375100.0
2018-08-09,69.05535125732422,640900.0
2018-08-10,68.75927734375,495100.0
2018-08-13,68.68526458740234,615900.0
2018-08-14,68.50763702392578,859200.0
2018-08-15,68.79627227783203,599100.0
2018-08-16,69.77325439453125,648000.0
2018-08-17,70.44681549072266,643200.0
2018-08-20,70.23213958740234,495400.0
2018-08-21,69.31439208984375,993400.0
2018-08-22,67.84890747070312,1061700.0
2018-08-23,67.73046875,499200.0
2018-08-24,68.48542785644531,454500.0
2018-08-27,67.82670593261719,789100.0
2018-08-28,68.36699676513672,787900.0
2018-08-29,68.13017272949219,552800.0
2018-08-30,67.97472381591797,684100.0
2018-08-31,68.24858856201172,732500.0
2018-09-04,68.01911926269531,585600.0
2018-09-05,68.37440490722656,718700.0
2018-09-06,68.61865234375,1039700.0
2018-09-07,66.70906829833984,671700.0
2018-09-10,67.2863998413086,962900.0
2018-09-11,66.8719253540039,1208400.0
2018-09-12,66.88671112060547,1056900.0
2018-09-13,67.27527618408203,784600.0
2018-09-14,66.06473541259766,1387600.0
2018-09-17,66.74474334716797,1180800.0
2018-09-18,65.69857025146484,651500.0
2018-09-19,64.89154052734375,1017500.0
2018-09-20,65.29508209228516,1607400.0
2018-09-21,65.5267105102539,1517300.0
2018-09-24,65.03352355957031,1011800.0
2018-09-25,64.93637084960938,1072500.0
2018-09-26,64.58518981933594,962200.0
2018-09-27,63.912628173828125,747900.0
2018-09-28,64.74211120605469,1701200.0
2018-10-01,64.06957244873047,777100.0
2018-10-02,64.12187194824219,810400.0
2018-10-03,63.51658630371094,868700.0
2018-10-04,63.3746337890625,715900.0
2018-10-05,63.74824905395508,730400.0
2018-10-08,64.29373931884766,900000.0
2018-10-09,65.08583068847656,870900.0
2018-10-10,64.50297546386719,976900.0
2018-10-11,63.22516632080078,1352000.0
2018-10-12,63.4119758605957,709200.0
2018-10-15,63.912628173828125,682100.0
2018-10-16,64.82427978515625,871500.0
2018-10-17,64.30868530273438,767600.0
2018-10-18,64.54032897949219,579100.0
2018-10-19,65.1456298828125,642200.0
2018-10-22,64.21155548095703,583900.0
2018-10-23,64.59265899658203,495400.0
2018-10-24,65.5640640258789,890700.0
2018-10-25,65.9601058959961,651000.0
2018-10-26,65.5267105102539,1486500.0
2018-10-29,67.70121765136719,1139300.0
2018-10-30,67.97769927978516,2085500.0
2018-10-31,67.29769134521484,1552200.0
2018-11-01,67.53682708740234,1119900.0
2018-11-02,65.17549896240234,1382900.0
2018-11-05,66.40850067138672,1338700.0
2018-11-06,66.28143310546875,882200.0
2018-11-07,66.90164947509766,788000.0
2018-11-08,67.46208953857422,730700.0
2018-11-09,67.8133316040039,673600.0
2018-11-12,68.2840805053711,791800.0
2018-11-13,68.5829849243164,743200.0
2018-11-14,69.49462890625,1329700.0
2018-11-15,69.39000701904297,890400.0
2018-11-16,70.9443130493164,2493500.0
2018-11-19,71.28805541992188,2792200.0
2018-11-20,70.61551666259766,1026300.0
2018-11-21,69.41242980957031,654500.0
2018-11-23,69.56189727783203,196400.0
2018-11-26,69.21068572998047,905400.0
2018-11-27,69.67398834228516,937300.0
2018-11-28,70.0849609375,804000.0
2018-11-29,70.5333023071289,787100.0
2018-11-30,71.72142028808594,1996400.0
2018-12-03,72.49111938476562,1462100.0
2018-12-04,72.40892791748047,1117400.0
2018-12-06,74.59092712402344,1333600.0
2018-12-07,73.75396728515625,995400.0
2018-12-10,72.99178314208984,684500.0
2018-12-11,73.46256256103516,675900.0
2018-12-12,72.70780944824219,1452700.0
2018-12-13,73.43158721923828,1379200.0
2018-12-14,73.37126922607422,1351700.0
2018-12-17,70.26514434814453,1410300.0
2018-12-18,70.64962005615234,1083700.0
2018-12-19,70.70240783691406,807100.0
2018-12-20,70.14450073242188,1231600.0
2018-12-21,69.79771423339844,1659100.0
2018-12-24,66.79708862304688,424300.0
2018-12-26,68.08628845214844,757900.0
2018-12-27,68.38033294677734,742400.0
2018-12-28,67.82242584228516,775000.0
2018-12-31,68.2144775390625,537300.0
2019-01-02,65.9225845336914,845700.0
2019-01-03,66.69155883789062,711800.0
2019-01-04,66.22413635253906,831200.0
2019-01-07,66.11856842041016,864300.0
2019-01-08,67.1665267944336,1063500.0
2019-01-09,66.72926330566406,520200.0
2019-01-10,67.82997131347656,948300.0
2019-01-11,67.64906311035156,673800.0
2019-01-14,67.87521362304688,780300.0
2019-01-15,69.04378509521484,483300.0
2019-01-16,69.36798095703125,746000.0
2019-01-17,69.46597290039062,497600.0
2019-01-18,69.6092300415039,549600.0
2019-01-22,69.62432098388672,677500.0
2019-01-23,69.45844268798828,692000.0
2019-01-24,69.38304138183594,522900.0
2019-01-25,70.22745513916016,835300.0
2019-01-28,71.44879150390625,898200.0
2019-01-29,72.79075622558594,694900.0
2019-01-30,73.52959442138672,1332600.0
2019-01-31,74.34383392333984,998100.0
2019-02-01,73.5974349975586,709500.0
2019-02-04,73.89147186279297,397900.0
2019-02-05,73.90656280517578,710400.0
2019-02-06,74.07241821289062,678900.0
2019-02-07,75.09021759033203,710000.0
2019-02-08,75.67826080322266,776700.0
2019-02-11,75.3615951538086,654900.0
2019-02-12,74.63783264160156,704200.0
2019-02-13,74.8791275024414,675600.0
2019-02-14,74.622802734375,665600.0
2019-02-15,75.1806869506836,802700.0
2019-02-19,74.72076416015625,731100.0
2019-02-20,72.37610626220703,1672500.0
2019-02-21,69.57151794433594,2699300.0
2019-02-22,71.29047393798828,1418200.0
2019-02-25,70.47623443603516,1393600.0
2019-02-26,70.4837646484375,935300.0
2019-02-27,71.13968658447266,1030900.0
2019-02-28,72.33086395263672,1764000.0
2019-03-01,72.0594711303711,1130300.0
2019-03-04,72.60227966308594,918100.0
2019-03-05,73.73316192626953,979500.0
2019-03-06,73.31851196289062,622500.0
2019-03-07,73.07723236083984,703700.0
2019-03-08,73.17524719238281,469200.0
2019-03-11,74.55492401123047,709700.0
2019-03-12,75.12035369873047,523500.0
2019-03-13,75.50486755371094,630500.0
2019-03-14,76.08280181884766,1352100.0
2019-03-15,75.87747192382812,1792400.0
2019-03-18,75.39839935302734,814100.0
2019-03-19,75.23112487792969,909400.0
2019-03-20,75.4896469116211,1046100.0
2019-03-21,76.54667663574219,547500.0
2019-03-22,76.5086441040039,866200.0
2019-03-25,77.06378936767578,492300.0
2019-03-26,77.4059829711914,668500.0
2019-03-27,76.91929626464844,673300.0
2019-03-28,78.14362335205078,510900.0
2019-03-29,77.49722290039062,848000.0
2019-04-01,76.9421157836914,1001900.0
2019-04-02,77.63410949707031,1988900.0
2019-04-03,77.71016693115234,880700.0
2019-04-04,76.74440002441406,442500.0
2019-04-05,77.29191589355469,439400.0
2019-04-08,76.14363861083984,1102900.0
2019-04-09,76.7976303100586,644600.0
2019-04-10,77.55806732177734,805400.0
2019-04-11,77.261474609375,700100.0
2019-04-12,77.71016693115234,448100.0
2019-04-15,77.32232666015625,469600.0
2019-04-16,76.0676040649414,440700.0
2019-04-17,75.88506317138672,751200.0
2019-04-18,76.57708740234375,625100.0
2019-04-22,75.46684265136719,773700.0
2019-04-23,76.11321258544922,570800.0
2019-04-24,77.42119598388672,497200.0
2019-04-25,77.5960922241211,604000.0
2019-04-26,78.75196075439453,1107700.0
2019-04-29,78.05998992919922,1468100.0
2019-04-30,78.850830078125,1337300.0
2019-05-01,80.599853515625,1650000.0
2019-05-02,80.95726776123047,1075200.0
2019-05-03,80.82038879394531,624300.0
2019-05-06,80.79759216308594,396800.0
2019-05-07,79.20823669433594,954900.0
2019-05-08,78.65312194824219,1428200.0
2019-05-09,78.92687225341797,1012900.0
2019-05-10,80.51622772216797,523500.0
2019-05-13,81.83939361572266,1529000.0
2019-05-14,81.08656311035156,1241800.0
2019-05-15,81.01050567626953,688800.0
2019-05-16,80.79759216308594,710200.0
2019-05-17,80.599853515625,1131700.0
2019-05-20,80.50862121582031,546200.0
2019-05-21,80.99528503417969,775600.0
2019-05-22,80.79759216308594,476800.0
2019-05-23,81.13218688964844,1104600.0
2019-05-24,81.35271453857422,750800.0
2019-05-28,80.07516479492188,1584600.0
2019-05-29,79.67211151123047,1051900.0
2019-05-30,80.3488998413086,599100.0
2019-05-31,81.4896011352539,657600.0
2019-06-03,81.40595245361328,948000.0
2019-06-04,80.88882446289062,835500.0
2019-06-05,83.44392395019531,787800.0
2019-06-06,82.82037353515625,742700.0
2019-06-07,83.25382232666016,803000.0
2019-06-10,82.98007202148438,441300.0
2019-06-11,82.97245025634766,604900.0
2019-06-12,82.75951385498047,541100.0
2019-06-13,82.85155487060547,880100.0
2019-06-14,82.85919952392578,913000.0
2019-06-17,83.3959732055664,737400.0
2019-06-18,83.08159637451172,1014100.0
2019-06-19,83.64899444580078,765500.0
2019-06-20,83.64134979248047,886100.0
2019-06-21,82.61382293701172,1681600.0
2019-06-24,82.22277069091797,800500.0
2019-06-25,81.57867431640625,798900.0
2019-06-26,80.558837890625,1229900.0
2019-06-27,80.98059844970703,614600.0
2019-06-28,81.35630798339844,1194800.0
2019-07-01,81.05725860595703,717000.0
2019-07-02,82.28413391113281,1801300.0
2019-07-03,83.19660186767578,519800.0
2019-07-05,83.19660186767578,378700.0
2019-07-08,83.90204620361328,568400.0
2019-07-09,84.77619934082031,491200.0
2019-07-10,85.45098114013672,547100.0
2019-07-11,84.80685424804688,510500.0
2019-07-12,85.00623321533203,337400.0
2019-07-15,85.8726806640625,788900.0
2019-07-16,85.42029571533203,518600.0
2019-07-17,85.374267578125,417700.0
2019-07-18,85.18260192871094,524500.0
2019-07-19,83.34232330322266,650000.0
2019-07-22,83.34232330322266,450900.0
2019-07-23,84.34675598144531,327000.0
2019-07-24,84.20875549316406,664400.0
2019-07-25,84.3084487915039,517600.0
2019-07-26,84.54615783691406,456700.0
2019-07-29,85.4279556274414,568400.0
2019-07-30,85.8036880493164,699400.0
2019-07-31,86.17939758300781,1424200.0
2019-08-01,87.52898406982422,713900.0
2019-08-02,88.03504943847656,716300.0
2019-08-05,87.50597381591797,1041500.0
2019-08-06,88.37242889404297,995300.0
2019-08-07,89.698974609375,840900.0
2019-08-08,91.02549743652344,841300.0
2019-08-09,90.97184753417969,1288300.0
2019-08-12,91.32457733154297,667400.0
2019-08-13,91.25556945800781,761100.0
2019-08-14,90.45809173583984,565100.0
2019-08-15,92.62811279296875,771500.0
2019-08-16,92.49010467529297,944900.0
2019-08-19,93.32588958740234,619400.0
2019-08-20,92.75080108642578,730500.0
2019-08-21,92.6051025390625,1000100.0
2019-08-22,93.06517791748047,1305600.0
2019-08-23,92.78145599365234,805300.0
2019-08-26,93.1801986694336,567900.0
2019-08-27,92.95783233642578,676500.0
2019-08-28,92.78145599365234,616700.0
2019-08-29,92.9424819946289,821300.0
2019-08-30,93.48690795898438,678600.0
2019-09-03,93.90097045898438,906100.0
2019-09-04,94.71379089355469,1050800.0
2019-09-05,92.93482208251953,1009100.0
2019-09-06,91.8153305053711,917800.0
2019-09-09,90.6957778930664,1292700.0
2019-09-10,88.77881622314453,1088300.0
2019-09-11,89.36158752441406,841100.0
2019-09-12,89.71430206298828,965000.0
2019-09-13,89.72979736328125,1073500.0
2019-09-16,90.50253295898438,1031200.0
2019-09-17,90.96614074707031,845200.0
2019-09-18,90.27839660644531,693200.0
2019-09-19,90.29386138916016,791100.0
2019-09-20,89.62157440185547,1712700.0
2019-09-23,89.4361343383789,996100.0
2019-09-24,89.89977264404297,1399100.0
2019-09-25,90.46385955810547,791900.0
2019-09-26,91.16705322265625,939200.0
2019-09-27,90.17022705078125,631500.0
2019-09-30,90.27069091796875,763800.0
2019-10-01,89.38204193115234,806000.0
2019-10-02,89.01886749267578,818900.0
2019-10-03,90.13932037353516,1337600.0
2019-10-04,90.75749206542969,573400.0
2019-10-07,90.21659088134766,509600.0
2019-10-08,90.42522430419922,930300.0
2019-10-09,90.30159759521484,472700.0
2019-10-10,89.8533935546875,545000.0
2019-10-11,89.38204193115234,709800.0
2019-10-14,89.04975891113281,440300.0
2019-10-15,88.86430358886719,606300.0
2019-10-16,88.99566650390625,755600.0
2019-10-17,88.32339477539062,579400.0
2019-10-18,88.27701568603516,906900.0
2019-10-21,89.35884857177734,970900.0
2019-10-22,89.0343246459961,911700.0
2019-10-23,89.38976287841797,975900.0
2019-10-24,89.28932189941406,622900.0
2019-10-25,86.72383880615234,795500.0
2019-10-28,86.6001968383789,965000.0
2019-10-29,87.1102294921875,783600.0
2019-10-30,85.657470703125,2113200.0
2019-10-31,86.75473022460938,1152500.0
2019-11-01,85.9433822631836,925100.0
2019-11-04,84.23563385009766,1048100.0
2019-11-05,82.76744842529297,1522500.0
2019-11-06,84.15064239501953,917100.0
2019-11-07,83.4319839477539,803400.0
2019-11-08,82.13378143310547,735500.0
2019-11-11,81.64696502685547,829300.0
2019-11-12,80.72743225097656,716100.0
2019-11-13,81.4151611328125,772600.0
2019-11-14,82.76744842529297,714900.0
2019-11-15,82.83697509765625,801800.0
2019-11-18,82.29608917236328,948600.0
2019-11-19,82.52790069580078,1219400.0
2019-11-20,82.65927124023438,630100.0
2019-11-21,81.63151550292969,833200.0
2019-11-22,81.60061645507812,933800.0
2019-11-25,81.1833267211914,1277900.0
2019-11-26,82.68245697021484,2357400.0
2019-11-27,82.07198333740234,580200.0
2019-11-29,81.94835662841797,449600.0
2019-12-02,80.83561706542969,762200.0
2019-12-03,82.09515380859375,812500.0
2019-12-04,82.25743103027344,1006600.0
2019-12-05,82.7442626953125,612100.0
2019-12-06,83.06880950927734,932700.0
2019-12-09,82.39653015136719,899800.0
2019-12-10,81.46150207519531,1008100.0
2019-12-11,81.1060562133789,1368200.0
2019-12-12,79.12786102294922,1590900.0
2019-12-13,79.74372863769531,1153100.0
2019-12-16,80.48433685302734,1134100.0
2019-12-17,80.05558013916016,1002600.0
2019-12-18,80.6948471069336,901400.0
2019-12-19,80.95989990234375,621400.0
2019-12-20,81.44322967529297,1564100.0
2019-12-23,80.92091369628906,462500.0
2019-12-24,81.38866424560547,171000.0
2019-12-26,81.54456329345703,374700.0
2019-12-27,81.47441101074219,446700.0
2019-12-30,81.32630920410156,688800.0
2019-12-31,82.3397445678711,1026800.0
2020-01-02,81.64592742919922,950900.0
2020-01-03,83.04138946533203,745000.0
2020-01-06,82.98680877685547,1207800.0
2020-01-07,82.61262512207031,893600.0
2020-01-08,82.77630615234375,791200.0
2020-01-09,82.5424575805664,639800.0
2020-01-10,84.01587677001953,817400.0
2020-01-13,84.28873443603516,1045700.0
2020-01-14,84.4680404663086,1062600.0
2020-01-15,85.43470001220703,1268300.0
2020-01-16,86.46376037597656,863800.0
2020-01-17,86.97049713134766,1616400.0
2020-01-21,87.89820098876953,728900.0
2020-01-22,85.52824401855469,1184000.0
2020-01-23,86.19090270996094,790600.0
2020-01-24,86.47933959960938,353500.0
2020-01-27,86.53392028808594,427800.0
2020-01-28,86.15972137451172,593000.0
2020-01-29,85.32554626464844,1283400.0
2020-01-30,86.20649719238281,568200.0
2020-01-31,86.28445434570312,668300.0
2020-02-03,85.42691802978516,611700.0
2020-02-04,85.9180679321289,511800.0
2020-02-05,85.34115600585938,803000.0
2020-02-06,85.76995086669922,426600.0
2020-02-07,85.9180679321289,387900.0
2020-02-10,86.72881317138672,413700.0
2020-02-11,86.96270751953125,449400.0
2020-02-12,87.43824005126953,620200.0
2020-02-13,88.12427520751953,596100.0
2020-02-14,89.98750305175781,665400.0
2020-02-18,89.964111328125,857200.0
2020-02-19,83.789794921875,2034300.0
2020-02-20,83.65725708007812,1284200.0
2020-02-21,85.13065338134766,929500.0
2020-02-24,84.82662200927734,1114600.0
2020-02-25,83.41559600830078,1138300.0
2020-02-26,83.93012237548828,1376200.0
2020-02-27,78.49640655517578,1480900.0
2020-02-28,78.2391586303711,2162400.0
2020-03-02,82.16825103759766,1287500.0
2020-03-03,82.36314392089844,1211800.0
2020-03-04,85.59064483642578,1457600.0
2020-03-05,86.19090270996094,979600.0
2020-03-06,85.76995086669922,972100.0
2020-03-09,82.55805206298828,1380900.0
2020-03-10,83.86773681640625,1597100.0
2020-03-11,81.38866424560547,1371100.0
2020-03-12,75.05841827392578,2108700.0
2020-03-13,76.00275421142578,2030500.0
2020-03-16,64.24586486816406,2025200.0
2020-03-17,67.85794067382812,1931300.0
2020-03-18,70.80109405517578,2893700.0
2020-03-19,68.22779846191406,2297200.0
2020-03-20,62.73491668701172,2037600.0
2020-03-23,58.71366500854492,1702900.0
2020-03-24,61.633201599121094,1945200.0
2020-03-25,65.34760284423828,1057700.0
2020-03-26,70.69091796875,1469600.0
2020-03-27,75.56207275390625,1769000.0
2020-03-30,76.13654327392578,2442400.0
2020-03-31,75.35749053955078,2695600.0
2020-04-01,73.97245788574219,2317900.0
2020-04-02,75.51486206054688,2234900.0
2020-04-03,75.64864349365234,1733400.0
2020-04-06,78.59965515136719,1448700.0
2020-04-07,76.70314025878906,1406800.0
2020-04-08,77.2697525024414,1788900.0
2020-04-09,80.98411560058594,1660000.0
2020-04-13,75.90045166015625,1313000.0
2020-04-14,75.24732208251953,1680000.0
2020-04-15,73.1855239868164,1456900.0
2020-04-16,71.91068267822266,1198600.0
2020-04-17,73.26421356201172,1106100.0
2020-04-20,70.32106018066406,1099100.0
2020-04-21,69.89610290527344,955900.0
2020-04-22,72.00511932373047,793800.0
2020-04-23,69.18785858154297,1211200.0
2020-04-24,69.95118713378906,1285900.0
2020-04-27,72.13101196289062,913500.0
2020-04-28,72.92581176757812,1309800.0
2020-04-29,70.46270751953125,1177000.0
2020-04-30,69.43968200683594,1018300.0
2020-05-01,68.58979034423828,1386000.0
2020-05-04,67.1260757446289,983100.0
2020-05-05,67.59825134277344,699700.0
2020-05-06,66.1030502319336,840800.0
2020-05-07,69.38457489013672,1296400.0
2020-05-08,72.15460968017578,847300.0
2020-05-11,72.30414581298828,901500.0
2020-05-12,67.13394165039062,1205500.0
2020-05-13,66.40995788574219,1036700.0
2020-05-14,66.26043701171875,786100.0
2020-05-15,64.37964630126953,1113000.0
2020-05-18,68.5661849975586,988000.0
2020-05-19,68.8180160522461,754800.0
2020-05-20,68.95178985595703,754400.0
2020-05-21,68.40878295898438,510600.0
2020-05-22,67.85794067382812,523000.0
2020-05-26,72.54808807373047,1017000.0
2020-05-27,74.27149963378906,942300.0
2020-05-28,76.50641632080078,885200.0
2020-05-29,76.13654327392578,1352200.0
2020-06-01,77.76551055908203,940700.0
2020-06-02,78.83576202392578,1504000.0
2020-06-03,80.56700134277344,1280900.0
2020-06-04,79.8430404663086,771300.0
2020-06-05,81.32249450683594,1247700.0
2020-06-08,82.28254699707031,905300.0
2020-06-09,81.01556396484375,806600.0
2020-06-10,79.2135009765625,657600.0
2020-06-11,74.06689453125,1260000.0
2020-06-12,76.83981323242188,811600.0
2020-06-15,77.40393829345703,918000.0
2020-06-16,77.56285858154297,942800.0
2020-06-17,77.06230163574219,637300.0
2020-06-18,75.89433288574219,667100.0
2020-06-19,73.8682632446289,2966900.0
2020-06-22,73.74906921386719,759200.0
2020-06-23,72.83534240722656,809300.0
2020-06-24,71.88985443115234,1023300.0
2020-06-25,72.93070220947266,721300.0
2020-06-26,72.31096649169922,1124700.0
2020-06-29,72.96247100830078,512500.0
2020-06-30,73.39154052734375,1201800.0
2020-07-01,77.03845977783203,853000.0
2020-07-02,77.26888275146484,755800.0
2020-07-06,76.44255065917969,543700.0
2020-07-07,75.54473876953125,609000.0
2020-07-08,76.01351928710938,933900.0
2020-07-09,75.64801025390625,429700.0
2020-07-10,76.47433471679688,804000.0
2020-07-13,76.27570343017578,811500.0
2020-07-14,77.3086166381836,740600.0
2020-07-15,77.92835235595703,870800.0
2020-07-16,76.83187103271484,951400.0
2020-07-17,78.40508270263672,1124100.0
2020-07-20,77.04641723632812,991200.0
2020-07-21,76.88748931884766,762600.0
2020-07-22,77.81710815429688,575900.0
2020-07-23,77.03845977783203,564500.0
2020-07-24,75.79899597167969,802200.0
2020-07-27,75.92609405517578,556800.0
2020-07-28,79.12810516357422,916500.0
2020-07-29,80.13716888427734,895700.0
2020-07-30,80.65361022949219,1665600.0
2020-07-31,82.10762023925781,1047700.0
2020-08-03,80.97937774658203,965900.0
2020-08-04,83.52188873291016,1051500.0
2020-08-05,81.2574691772461,1142600.0
2020-08-06,80.32786560058594,1145400.0
2020-08-07,82.44135284423828,1024800.0
2020-08-10,83.45040130615234,646300.0
2020-08-11,81.82953643798828,632900.0
2020-08-12,82.226806640625,711900.0
2020-08-13,81.86129760742188,603900.0
2020-08-14,82.79886627197266,622200.0
2020-08-17,83.17230987548828,687300.0
2020-08-18,83.49807739257812,616100.0
2020-08-19,81.20184326171875,500500.0
2020-08-20,82.75914764404297,627400.0
2020-08-21,83.6728515625,807800.0
2020-08-24,84.41178894042969,510800.0
2020-08-25,84.2687759399414,821400.0
2020-08-26,84.06219482421875,608200.0
2020-08-27,84.6422119140625,581900.0
2020-08-28,84.80906677246094,619300.0
2020-08-31,84.65809631347656,816600.0
2020-09-01,84.89643859863281,436300.0
2020-09-02,86.17564392089844,904100.0
2020-09-03,85.92935180664062,462800.0
2020-09-04,86.08826446533203,710300.0
2020-09-08,85.83399200439453,643200.0
2020-09-09,88.05078125,940900.0
2020-09-10,87.30390930175781,449800.0
2020-09-11,88.34476470947266,650900.0
2020-09-14,89.17782592773438,783600.0
2020-09-15,89.03363037109375,615100.0
2020-09-16,89.94680786132812,1096100.0
2020-09-17,89.08170318603516,770400.0
2020-09-18,87.5677490234375,1310000.0
2020-09-21,86.15796661376953,1038000.0
2020-09-22,86.38225555419922,976100.0
2020-09-23,83.61872863769531,1224000.0
2020-09-24,83.24225616455078,853900.0
2020-09-25,84.46778106689453,1453300.0
2020-09-28,86.60652923583984,797000.0
2020-09-29,85.90161895751953,630500.0
2020-09-30,85.70135498046875,1056000.0
2020-10-01,87.503662109375,1061500.0
2020-10-02,90.02688598632812,1405300.0
2020-10-05,90.34729766845703,1198400.0
2020-10-06,89.6744384765625,1716200.0
2020-10-07,90.13905334472656,1069100.0
2020-10-08,91.11628723144531,1029800.0
2020-10-09,90.79589080810547,1137100.0
2020-10-12,91.24445343017578,723300.0
2020-10-13,90.63568115234375,2469000.0
2020-10-14,90.81190490722656,887400.0
2020-10-15,92.06950378417969,1357800.0
2020-10-16,91.82118225097656,1310200.0
2020-10-19,91.10028076171875,869600.0
2020-10-20,91.6129150390625,800600.0
2020-10-21,92.39793395996094,1171000.0
2020-10-22,94.08806610107422,930700.0
2020-10-23,95.04931640625,920300.0
2020-10-26,95.00924682617188,1360400.0
2020-10-27,93.79170227050781,1021300.0
2020-10-28,92.67826843261719,1132200.0
2020-10-29,93.17491149902344,1494200.0
2020-10-30,92.8785400390625,785300.0
2020-11-02,92.7984390258789,1158500.0
2020-11-03,93.59945678710938,1889500.0
2020-11-04,93.99998474121094,1469500.0
2020-11-05,91.23644256591797,1509600.0
2020-11-06,90.29124450683594,1876000.0
2020-11-09,85.64530181884766,2201900.0
2020-11-10,92.52609252929688,1700100.0
2020-11-11,94.51261138916016,1294500.0
2020-11-12,92.58214569091797,603700.0
2020-11-13,94.29634857177734,837700.0
2020-11-16,94.44853973388672,1012800.0
2020-11-17,94.41651153564453,865900.0
2020-11-18,90.61164855957031,697700.0
2020-11-19,90.21113586425781,664800.0
2020-11-20,90.2672119140625,685200.0
2020-11-23,88.82536315917969,1024800.0
2020-11-24,88.1124267578125,1121400.0
2020-11-25,89.70647430419922,727100.0
2020-11-27,88.1124267578125,253100.0
2020-11-30,90.29926300048828,1072400.0
2020-12-01,91.04420471191406,1044700.0
2020-12-02,89.24989318847656,582400.0
2020-12-03,90.91602325439453,876800.0
2020-12-04,91.59688568115234,612200.0
2020-12-07,92.1175537109375,1192800.0
2020-12-08,90.9801254272461,694900.0
2020-12-09,90.11499786376953,653600.0
2020-12-10,88.12847137451172,1072400.0
2020-12-11,88.43286895751953,1067600.0
2020-12-14,88.73974609375,1107000.0
2020-12-15,90.16920471191406,1950400.0
2020-12-16,89.70081329345703,2194600.0
2020-12-17,92.20437622070312,1076900.0
2020-12-18,90.84762573242188,1431900.0
2020-12-21,92.24476623535156,745600.0
2020-12-22,93.02814483642578,635200.0
2020-12-23,91.1221923828125,604800.0
2020-12-24,92.38207244873047,123300.0
2020-12-28,91.90557098388672,464000.0
2020-12-29,91.91363525390625,362200.0
2020-12-30,92.64049530029297,622300.0
2020-12-31,93.56922912597656,603100.0
2021-01-04,89.07088470458984,772900.0
2021-01-05,87.93214416503906,794800.0
2021-01-06,87.79484558105469,948900.0
2021-01-07,88.00482940673828,885000.0
2021-01-08,90.49224853515625,731000.0
2021-01-11,89.92691802978516,504300.0
2021-01-12,90.3711166381836,601300.0
2021-01-13,90.33882141113281,946100.0
2021-01-14,89.06280517578125,1021700.0
2021-01-15,90.59725952148438,1147900.0
2021-01-19,90.17729949951172,560400.0
2021-01-20,92.72124481201172,820100.0
2021-01-21,92.62434387207031,631300.0
2021-01-22,93.20582580566406,960500.0
2021-01-25,93.64192199707031,659200.0
2021-01-26,94.47378540039062,818600.0
2021-01-27,92.97161102294922,760900.0
2021-01-28,91.48561096191406,724600.0
2021-01-29,91.89749145507812,1106700.0
2021-02-01,94.18301391601562,775200.0
2021-02-02,94.58683013916016,811200.0
2021-02-03,93.69037628173828,569300.0
2021-02-04,94.44146728515625,600300.0
2021-02-05,94.18301391601562,679900.0
2021-02-08,94.6352767944336,435200.0
2021-02-09,96.63006591796875,403800.0
2021-02-10,95.5478744506836,537900.0
2021-02-11,95.07947540283203,663100.0
2021-02-12,94.39297485351562,468500.0
2021-02-16,94.64335632324219,939800.0
2021-02-17,95.11985778808594,642100.0
2021-02-18,95.56400299072266,692200.0
2021-02-19,96.6138916015625,2001200.0
2021-02-22,97.5103530883789,1224300.0
2021-02-23,102.16218566894531,1260300.0
2021-02-24,102.646728515625,864000.0
2021-02-25,104.60922241210938,941100.0
2021-02-26,101.51609802246094,1144400.0
2021-03-01,99.97355651855469,900400.0
2021-03-02,100.73270416259766,985700.0
2021-03-03,99.64242553710938,854200.0
2021-03-04,98.5440902709961,1076100.0
2021-03-05,99.98163604736328,622300.0
2021-03-08,102.25099182128906,625000.0
2021-03-09,103.155517578125,646000.0
2021-03-10,104.23773193359375,821200.0
2021-03-11,104.46383666992188,842000.0
2021-03-12,107.19853210449219,771200.0
2021-03-15,108.66355895996094,1069600.0
2021-03-16,109.02165985107422,625400.0
2021-03-17,106.89738464355469,824600.0
2021-03-18,107.51597595214844,877100.0
2021-03-19,102.83604431152344,2427300.0
2021-03-22,104.30921173095703,615400.0
2021-03-23,106.13232421875,1088200.0
2021-03-24,106.59624481201172,1025500.0
2021-03-25,106.62067413330078,679300.0
2021-03-26,107.9147720336914,629000.0
2021-03-29,108.41124725341797,858600.0
2021-03-30,108.24846649169922,654800.0
2021-03-31,107.8822250366211,1374300.0
2021-04-01,110.24253845214844,1114800.0
2021-04-05,109.8844223022461,866500.0
2021-04-06,111.6343002319336,886100.0
2021-04-07,111.99240112304688,732600.0
2021-04-08,111.97615051269531,596300.0
2021-04-09,112.62724304199219,464200.0
2021-04-12,113.35162353515625,728700.0
2021-04-13,114.88172912597656,707700.0
2021-04-14,113.15628051757812,924100.0
2021-04-15,115.72003173828125,604100.0
2021-04-16,116.07003784179688,559400.0
2021-04-19,117.14437103271484,623800.0
2021-04-20,119.14659881591797,1084500.0
2021-04-21,119.13843536376953,490500.0
2021-04-22,119.64307403564453,577700.0
2021-04-23,120.08255004882812,556900.0
2021-04-26,119.30933380126953,622800.0
2021-04-27,119.85464477539062,457600.0
2021-04-28,119.30121612548828,540600.0
2021-04-29,119.4965591430664,1259400.0
2021-04-30,121.01851654052734,1125600.0
2021-05-03,118.51986694335938,730400.0
2021-05-04,120.65229034423828,694500.0
2021-05-05,118.70707702636719,767400.0
2021-05-06,118.4710464477539,660700.0
2021-05-07,119.8384017944336,630600.0
2021-05-10,120.32672119140625,527600.0
2021-05-11,118.09664154052734,553800.0
2021-05-12,115.4107666015625,533400.0
2021-05-13,118.00712585449219,475900.0
2021-05-14,117.71409606933594,497200.0
2021-05-17,118.51174926757812,455600.0
2021-05-18,118.21871185302734,507600.0
2021-05-19,117.95826721191406,723300.0
2021-05-20,118.86170959472656,740600.0
2021-05-21,118.6907730102539,563900.0
2021-05-24,119.56981658935547,509600.0
2021-05-25,120.26976013183594,497200.0
2021-05-26,119.87906646728516,557100.0
2021-05-27,119.88719940185547,767000.0
2021-05-28,121.93013763427734,890600.0
2021-06-01,123.72069549560547,627500.0
2021-06-02,125.34033203125,677300.0
2021-06-03,125.16127014160156,606600.0
2021-06-04,125.47870635986328,558700.0
2021-06-07,127.44017028808594,877400.0
2021-06-08,129.010986328125,661700.0
2021-06-09,129.05987548828125,462000.0
2021-06-10,129.54005432128906,461300.0
2021-06-11,129.7760772705078,487300.0
2021-06-14,130.9964599609375,644000.0
2021-06-15,131.0291748046875,512700.0
2021-06-16,130.66065979003906,1219400.0
2021-06-17,132.15943908691406,989000.0
2021-06-18,130.5623321533203,1358800.0
2021-06-21,134.043212890625,554400.0
2021-06-22,133.4453582763672,429400.0
2021-06-23,134.9605712890625,654900.0
2021-06-24,134.10055541992188,732700.0
2021-06-25,136.27920532226562,2392300.0
2021-06-28,135.62396240234375,556100.0
2021-06-29,134.83770751953125,554800.0
2021-06-30,134.17428588867188,1007500.0
2021-07-01,135.0670623779297,830200.0
2021-07-02,136.66416931152344,549600.0
2021-07-06,139.92391967773438,736400.0
2021-07-07,140.4644775390625,1265700.0
2021-07-08,138.84278869628906,865000.0
2021-07-09,141.8487091064453,546700.0
2021-07-12,143.06898498535156,543400.0
2021-07-13,140.53817749023438,591000.0
2021-07-14,141.16885375976562,746200.0
2021-07-15,141.47186279296875,1108000.0
2021-07-16,140.82481384277344,1073800.0
2021-07-19,137.99098205566406,1381300.0
2021-07-20,139.76829528808594,1138900.0
2021-07-21,137.1474151611328,1088600.0
2021-07-22,138.22853088378906,754000.0
2021-07-23,140.39076232910156,433300.0
2021-07-26,139.85838317871094,737400.0
2021-07-27,140.71022033691406,861100.0
2021-07-28,141.34085083007812,871700.0
2021-07-29,142.29913330078125,524000.0
2021-07-30,142.6267547607422,765500.0
2021-08-02,143.56858825683594,995500.0
2021-08-03,144.60061645507812,1408600.0
2021-08-04,143.9290008544922,722400.0
2021-08-05,144.02731323242188,638700.0
2021-08-06,143.74879455566406,583400.0
2021-08-09,143.6095733642578,617600.0
2021-08-10,142.22540283203125,740100.0
2021-08-11,142.03701782226562,629500.0
2021-08-12,143.0526580810547,555300.0
2021-08-13,143.8880157470703,617800.0
2021-08-16,143.57679748535156,918700.0
2021-08-17,144.4613800048828,827700.0
2021-08-18,142.89703369140625,915900.0
2021-08-19,144.55963134765625,781300.0
2021-08-20,145.4278106689453,737000.0
2021-08-23,145.29676818847656,509000.0
2021-08-24,145.6243896484375,743900.0
2021-08-25,147.61465454101562,718800.0
2021-08-26,148.65480041503906,883200.0
2021-08-27,150.251953125,484800.0
2021-08-30,152.05381774902344,521200.0
2021-08-31,153.08583068847656,841700.0
2021-09-01,155.4364471435547,866000.0
2021-09-02,156.93527221679688,886200.0
2021-09-03,158.65525817871094,896800.0
2021-09-07,156.353759765625,596900.0
2021-09-08,157.58230590820312,597700.0
2021-09-09,153.27418518066406,961000.0
2021-09-10,153.20046997070312,751100.0
2021-09-13,152.70901489257812,529100.0
2021-09-14,151.35678100585938,472800.0
2021-09-15,151.8350067138672,403800.0
2021-09-16,150.8455352783203,428800.0
2021-09-17,148.51202392578125,1301000.0
2021-09-20,148.56149291992188,664700.0
2021-09-21,148.2069549560547,448800.0
2021-09-22,147.74517822265625,549800.0
2021-09-23,146.112548828125,525800.0
2021-09-24,142.3278045654297,1026500.0
2021-09-27,139.74688720703125,700400.0
2021-09-28,141.28062438964844,788100.0
2021-09-29,141.8330535888672,425800.0
2021-09-30,138.5183563232422,808300.0
2021-10-01,139.30165100097656,514300.0
2021-10-04,138.77394104003906,633300.0
2021-10-05,138.4358367919922,447900.0
2021-10-06,140.6127166748047,447500.0
2021-10-07,142.17938232421875,585100.0
2021-10-08,141.05796813964844,336300.0
2021-10-11,142.13818359375,529200.0
2021-10-12,145.6672821044922,563000.0
2021-10-13,148.22341918945312,470900.0
2021-10-14,151.47219848632812,483600.0
2021-10-15,150.87025451660156,757300.0
2021-10-18,151.8597412109375,595200.0
2021-10-19,151.27430725097656,380100.0
2021-10-20,152.53591918945312,408500.0
2021-10-21,152.64308166503906,310600.0
2021-10-22,153.31100463867188,528300.0
2021-10-25,155.4053955078125,355300.0
2021-10-26,154.42416381835938,381900.0
2021-10-27,151.60411071777344,564400.0
2021-10-28,159.63540649414062,802200.0
2021-10-29,162.74398803710938,1310800.0
2021-11-01,162.50485229492188,551000.0
2021-11-02,166.59469604492188,763400.0
2021-11-03,164.434326171875,623400.0
2021-11-04,163.9890899658203,413200.0
2021-11-05,160.4599609375,570300.0
2021-11-08,162.79342651367188,433600.0
2021-11-09,163.02432250976562,413800.0
2021-11-10,162.56259155273438,409400.0
2021-11-11,163.5850372314453,278400.0
2021-11-12,163.23048400878906,401300.0
2021-11-15,164.8548583984375,445800.0
2021-11-16,163.90660095214844,586200.0
2021-11-17,165.9597930908203,596100.0
2021-11-18,167.64187622070312,811300.0
2021-11-19,166.69363403320312,805800.0
2021-11-22,164.8301239013672,540900.0
2021-11-23,165.23416137695312,959100.0
2021-11-24,168.47471618652344,524000.0
2021-11-26,163.9148406982422,458700.0
2021-11-29,167.4275360107422,936100.0
2021-11-30,164.91259765625,3263800.0
2021-12-01,164.53329467773438,796700.0
2021-12-02,169.3734893798828,710200.0
2021-12-03,166.13291931152344,794400.0
2021-12-06,169.19207763671875,833600.0
2021-12-07,172.0862579345703,625400.0
2021-12-08,172.63047790527344,448400.0
2021-12-09,169.46417236328125,473400.0
2021-12-10,172.09457397460938,576200.0
2021-12-13,175.50823974609375,715800.0
2021-12-14,173.98204040527344,753100.0
2021-12-15,177.8389129638672,572900.0
2021-12-16,177.8389129638672,539100.0
2021-12-17,178.4526824951172,1784400.0
2021-12-20,178.9918670654297,709600.0
2021-12-21,178.93377685546875,824100.0
2021-12-22,181.68748474121094,432300.0
2021-12-23,180.8166046142578,378300.0
2021-12-27,183.92697143554688,302400.0
2021-12-28,184.59054565429688,414500.0
2021-12-29,186.9709930419922,336100.0
2021-12-30,187.09544372558594,393000.0
2021-12-31,188.0575408935547,539500.0
2022-01-03,181.8367919921875,607700.0
2022-01-04,183.79428100585938,752700.0
2022-01-05,180.6009521484375,688200.0
2022-01-06,180.5262908935547,663800.0
2022-01-07,172.89549255371094,890200.0
2022-01-10,172.94525146484375,818000.0
2022-01-11,174.23086547851562,554900.0
2022-01-12,175.59942626953125,489100.0
2022-01-13,171.36935424804688,594500.0
2022-01-14,168.88104248046875,886900.0
2022-01-18,166.06097412109375,758400.0
2022-01-19,164.5679931640625,679500.0
2022-01-20,162.0548553466797,529300.0
2022-01-21,162.1377410888672,603900.0
2022-01-24,161.73963928222656,988300.0
2022-01-25,162.1294403076172,1344500.0
2022-01-26,160.12220764160156,831800.0
2022-01-27,157.8744659423828,869300.0
2022-01-28,163.32382202148438,825900.0
2022-01-31,164.38551330566406,822400.0
2022-02-01,163.86297607421875,861600.0
2022-02-02,171.53524780273438,1076400.0
2022-02-03,169.6523895263672,784500.0
2022-02-04,167.0977783203125,606100.0
2022-02-07,165.679443359375,507100.0
2022-02-08,165.19007873535156,760100.0
2022-02-09,170.3076934814453,442400.0
2022-02-10,164.94125366210938,509900.0
2022-02-11,163.33212280273438,795300.0
2022-02-14,161.08438110351562,542600.0
2022-02-15,159.4005889892578,601500.0
2022-02-16,158.2228240966797,641500.0
2022-02-17,156.5390625,559100.0
2022-02-18,155.50222778320312,435500.0
2022-02-22,153.67752075195312,672800.0
2022-02-23,154.7807159423828,992400.0
2022-02-24,157.37680053710938,947300.0
2022-02-25,161.05946350097656,594100.0
2022-02-28,156.05796813964844,898300.0
2022-03-01,158.737060546875,770100.0
2022-03-02,160.6779327392578,707200.0
2022-03-03,161.93869018554688,502200.0
2022-03-04,166.62498474121094,702600.0
2022-03-07,166.0941619873047,1036600.0
2022-03-08,163.05841064453125,942300.0
2022-03-09,164.2030029296875,598500.0
2022-03-10,162.80128479003906,574800.0
2022-03-11,162.99205017089844,632000.0
2022-03-14,159.9329833984375,841800.0
2022-03-15,158.54551696777344,998400.0
2022-03-16,161.65476989746094,981700.0
2022-03-17,163.84458923339844,759600.0
2022-03-18,162.49891662597656,1458600.0
2022-03-21,163.75262451171875,488500.0
2022-03-22,163.60226440429688,649200.0
2022-03-23,161.78012084960938,408300.0
2022-03-24,162.86672973632812,403900.0
2022-03-25,165.12342834472656,455300.0
2022-03-28,167.68931579589844,815300.0
2022-03-29,174.93582153320312,882200.0
2022-03-30,174.64332580566406,585400.0
2022-03-31,171.8433380126953,1088000.0
2022-04-01,175.1614990234375,501200.0
2022-04-04,172.3364715576172,607200.0
2022-04-05,171.73463439941406,748700.0
2022-04-06,177.50177001953125,804500.0
2022-04-07,178.32925415039062,659000.0
2022-04-08,178.6217803955078,447500.0
2022-04-11,176.0224151611328,406600.0
2022-04-12,177.90298461914062,435100.0
2022-04-13,177.702392578125,366100.0
2022-04-14,177.65223693847656,373800.0
2022-04-18,177.560302734375,372500.0
2022-04-19,182.4748992919922,947000.0
2022-04-20,183.8372802734375,612100.0
2022-04-21,181.3799285888672,543600.0
2022-04-22,177.66061401367188,674200.0
2022-04-25,174.30064392089844,801200.0
2022-04-26,170.89886474609375,476300.0
2022-04-27,170.48931884765625,514600.0
2022-04-28,173.88270568847656,455400.0
2022-04-29,158.80465698242188,1320900.0
2022-05-02,152.9121856689453,1436300.0
2022-05-03,153.02919006347656,923700.0
2022-05-04,163.46009826660156,1594000.0
2022-05-05,158.55386352539062,928800.0
2022-05-06,151.8339385986328,984300.0
2022-05-09,141.61195373535156,1333700.0
2022-05-10,146.50144958496094,1279500.0
2022-05-11,146.2340087890625,886200.0
2022-05-12,146.03335571289062,885800.0
2022-05-13,149.57723999023438,567900.0
2022-05-16,149.3432159423828,536800.0
2022-05-17,149.47694396972656,868200.0
2022-05-18,143.04953002929688,659900.0
2022-05-19,141.7958221435547,647400.0
2022-05-20,143.24176025390625,583400.0
2022-05-23,145.71578979492188,541800.0
2022-05-24,146.40951538085938,679800.0
2022-05-25,144.1361083984375,927800.0
2022-05-26,145.9916229248047,530200.0
2022-05-27,150.4715576171875,612000.0
2022-05-31,148.94203186035156,1359700.0
2022-06-01,149.3181610107422,589500.0
2022-06-02,150.30441284179688,584500.0
2022-06-03,149.02561950683594,483500.0
2022-06-06,146.34263610839844,640600.0
2022-06-07,150.48829650878906,999300.0
2022-06-08,143.85191345214844,854400.0
2022-06-09,141.52835083007812,590200.0
2022-06-10,139.5140380859375,855900.0
2022-06-13,133.2872314453125,769100.0
2022-06-14,133.93690490722656,795700.0
2022-06-15,136.26565551757812,1061000.0
2022-06-16,134.94943237304688,688200.0
2022-06-17,134.55284118652344,1287900.0
2022-06-21,136.53570556640625,607900.0
2022-06-22,138.93190002441406,843800.0
2022-06-23,141.6488037109375,711200.0
2022-06-24,145.43722534179688,781100.0
2022-06-27,145.09971618652344,556500.0
2022-06-28,144.2981719970703,468000.0
2022-06-29,144.23910522460938,423200.0
2022-06-30,143.5387725830078,738500.0
2022-07-01,147.13319396972656,497400.0
2022-07-05,145.01535034179688,380100.0
2022-07-06,147.03192138671875,473400.0
2022-07-07,146.01943969726562,347400.0
2022-07-08,146.0447540283203,252000.0
2022-07-11,145.15879821777344,360400.0
2022-07-12,140.90628051757812,504500.0
2022-07-13,141.42941284179688,332700.0
2022-07-14,141.30284118652344,358800.0
2022-07-15,143.0747528076172,403600.0
2022-07-18,142.25628662109375,408200.0
2022-07-19,145.22628784179688,408300.0
2022-07-20,145.79159545898438,263400.0
2022-07-21,148.0191192626953,436100.0
2022-07-22,150.11163330078125,543400.0
2022-07-25,150.22129821777344,496800.0
2022-07-26,151.13255310058594,324000.0
2022-07-27,152.72723388671875,410800.0
2022-07-28,158.74319458007812,561600.0
2022-07-29,159.90757751464844,711600.0
2022-08-01,159.47723388671875,619100.0
2022-08-02,157.7812957763672,863100.0
2022-08-03,163.97445678710938,1233600.0
2022-08-04,164.74227905273438,645800.0
2022-08-05,166.40444946289062,567100.0
2022-08-08,169.0538330078125,562800.0
2022-08-09,171.62725830078125,690000.0
2022-08-10,174.5212860107422,735900.0
2022-08-11,175.03598022460938,589600.0
2022-08-12,178.84132385253906,696700.0
2022-08-15,180.38536071777344,707700.0
2022-08-16,179.4994659423828,566400.0
2022-08-17,181.44851684570312,746400.0
2022-08-18,179.8116455078125,596100.0
2022-08-19,178.57974243164062,553000.0
2022-08-22,176.3606719970703,572900.0
2022-08-23,173.50881958007812,737600.0
2022-08-24,175.2300567626953,552200.0
2022-08-25,177.81195068359375,635000.0
2022-08-26,174.7659912109375,516200.0
2022-08-29,173.24728393554688,623000.0
2022-08-30,169.65286254882812,649400.0
2022-08-31,167.6785125732422,1000900.0
2022-09-01,169.54319763183594,499800.0
2022-09-02,168.41256713867188,454500.0
2022-09-06,170.83413696289062,537500.0
2022-09-07,173.070068359375,690600.0
2022-09-08,171.66941833496094,691900.0
2022-09-09,170.31100463867188,718300.0
2022-09-12,168.78379821777344,786100.0
2022-09-13,164.10943603515625,940100.0
2022-09-14,162.9615020751953,1155600.0
2022-09-15,158.70997619628906,859100.0
2022-09-16,156.61817932128906,1532100.0
2022-09-19,155.01963806152344,838300.0
2022-09-20,152.27313232421875,917800.0
2022-09-21,150.7255859375,872600.0
2022-09-22,148.3787078857422,1136600.0
2022-09-23,146.87367248535156,948300.0
2022-09-26,144.3652801513672,969800.0
2022-09-27,141.97592163085938,932600.0
2022-09-28,145.12208557128906,942000.0
2022-09-29,143.55746459960938,742300.0
2022-09-30,146.856689453125,1128900.0
2022-10-03,147.61346435546875,816500.0
2022-10-04,152.604736328125,1294800.0
2022-10-05,151.44833374023438,961800.0
2022-10-06,146.34646606445312,769100.0
2022-10-07,140.4453582763672,981300.0
2022-10-10,140.82797241210938,523400.0
2022-10-11,143.03880310058594,848600.0
2022-10-12,141.83132934570312,766800.0
2022-10-13,141.82286071777344,727800.0
2022-10-14,136.738037109375,658300.0
2022-10-17,142.77523803710938,584100.0
2022-10-18,145.30059814453125,547100.0
2022-10-19,141.08309936523438,635800.0
2022-10-20,140.96405029296875,440500.0
2022-10-21,141.1171112060547,699200.0
2022-10-24,140.30929565429688,796100.0
2022-10-25,147.41787719726562,863200.0
2022-10-26,145.7768096923828,945000.0
2022-10-27,146.1424102783203,720400.0
2022-10-28,151.95851135253906,881300.0
2022-10-31,150.878662109375,786000.0
2022-11-01,151.26129150390625,676700.0
2022-11-02,134.7397918701172,3179700.0
2022-11-03,131.1600341796875,1470500.0
2022-11-04,130.83685302734375,1197500.0
2022-11-07,129.24681091308594,1330000.0
2022-11-08,130.7433319091797,1168300.0
2022-11-09,128.9322052001953,1724500.0
2022-11-10,138.67674255371094,1371500.0
2022-11-11,134.62925720214844,1264900.0
2022-11-14,131.22801208496094,993300.0
2022-11-15,131.67018127441406,997900.0
2022-11-16,133.43881225585938,1045100.0
2022-11-17,132.05282592773438,534300.0
2022-11-18,134.46768188476562,722100.0
2022-11-21,134.00003051757812,819200.0
2022-11-22,133.2772674560547,1243300.0
2022-11-23,133.06468200683594,1120100.0
2022-11-25,132.3249053955078,362400.0
2022-11-28,129.71446228027344,1495700.0
2022-11-29,130.53927612304688,1212000.0
2022-11-30,136.635986328125,1593400.0
2022-12-01,136.091796875,1296200.0
2022-12-02,135.198974609375,978400.0
2022-12-05,133.37083435058594,1508400.0
2022-12-06,132.68202209472656,1511700.0
2022-12-07,133.63438415527344,928600.0
2022-12-08,133.88951110839844,1385700.0
2022-12-09,133.14122009277344,702600.0
2022-12-12,134.8758544921875,1002500.0
2022-12-13,135.32220458984375,1292400.0
2022-12-14,133.92298889160156,1298200.0
2022-12-15,133.5882110595703,1472300.0
2022-12-16,128.16297912597656,2549400.0
2022-12-19,125.93965148925781,697200.0
2022-12-20,125.32156372070312,667700.0
2022-12-21,126.16282653808594,548700.0
2022-12-22,125.39883422851562,598500.0
2022-12-23,126.11132049560547,492100.0
2022-12-27,126.652099609375,608900.0
2022-12-28,124.75499725341797,557100.0
2022-12-29,127.91400146484375,541700.0
2022-12-30,126.34306335449219,589400.0
2023-01-03,123.86223602294922,760800.0
2023-01-04,124.0167465209961,782400.0
2023-01-05,121.07235717773438,752000.0
2023-01-06,123.6133041381836,875900.0
2023-01-09,126.44612121582031,1210100.0
2023-01-10,125.7421875,718000.0
2023-01-11,132.0430450439453,987700.0
2023-01-12,132.29197692871094,921900.0
2023-01-13,130.39483642578125,726600.0
2023-01-17,131.42498779296875,980700.0
2023-01-18,129.46780395507812,696300.0
2023-01-19,128.76385498046875,682800.0
2023-01-20,129.5450439453125,1387000.0
2023-01-23,129.86264038085938,792800.0
2023-01-24,130.55795288085938,1536400.0
2023-01-25,130.24893188476562,1167400.0
2023-01-26,134.1290283203125,1175100.0
2023-01-27,135.27931213378906,844100.0
2023-01-30,131.33912658691406,1101100.0
2023-01-31,135.48533630371094,1660600.0
2023-02-01,136.0089569091797,631500.0
2023-02-02,141.7346649169922,725400.0
2023-02-03,140.0349884033203,938900.0
2023-02-06,144.20692443847656,2506700.0
2023-02-07,143.91505432128906,2332500.0
2023-02-08,142.76475524902344,1522100.0
2023-02-09,142.21539306640625,1574100.0
2023-02-10,138.85035705566406,877200.0
2023-02-13,139.86329650878906,848900.0
2023-02-14,137.31378173828125,977500.0
2023-02-15,139.219482421875,535600.0
2023-02-16,136.3523712158203,570700.0
2023-02-17,136.4811248779297,776700.0
2023-02-21,136.07762145996094,648200.0
2023-02-22,132.455078125,1202700.0
2023-02-23,136.18067932128906,1663300.0
2023-02-24,138.02626037597656,1461600.0
2023-02-27,138.96194458007812,989800.0
2023-02-28,141.3397979736328,1680000.0
2023-03-01,140.48992919921875,1709600.0
2023-03-02,143.28842163085938,1398000.0
2023-03-03,145.16839599609375,1029000.0
2023-03-06,143.58889770507812,642600.0
2023-03-07,140.59295654296875,670000.0
2023-03-08,140.5586395263672,640900.0
2023-03-09,137.7000732421875,688600.0
2023-03-10,131.81124877929688,1156900.0
2023-03-13,135.27931213378906,977000.0
2023-03-14,136.49359130859375,1554700.0
2023-03-15,136.67575073242188,855400.0
2023-03-16,138.74002075195312,898600.0
2023-03-17,138.35838317871094,1253300.0
2023-03-20,139.06956481933594,794000.0
2023-03-21,137.61244201660156,752300.0
2023-03-22,129.7022705078125,1814700.0
2023-03-23,129.46812438964844,713400.0
2023-03-24,132.8767547607422,681700.0
2023-03-27,133.0068817138672,690700.0
2023-03-28,131.0900421142578,511300.0
2023-03-29,135.0104217529297,653700.0
2023-03-30,137.75990295410156,668900.0
2023-03-31,141.3159942626953,1041500.0
2023-04-03,134.01296997070312,11954200.0
2023-04-04,138.92213439941406,5085200.0
2023-04-05,138.79208374023438,3308400.0
2023-04-06,141.194580078125,2199500.0
2023-04-10,142.4348602294922,2025300.0
2023-04-11,142.83384704589844,1805700.0
2023-04-12,141.7410125732422,1198900.0
2023-04-13,137.72520446777344,2060700.0
2023-04-14,134.5333709716797,1623500.0
2023-04-17,135.57420349121094,1260100.0
2023-04-18,134.42063903808594,1387400.0
2023-04-19,132.76402282714844,1828000.0
2023-04-20,131.76657104492188,1701300.0
2023-04-21,131.10739135742188,1237300.0
2023-04-24,132.02676391601562,1170100.0
2023-04-25,130.39614868164062,990500.0
2023-04-26,129.57220458984375,687800.0
2023-04-27,131.0726776123047,1185600.0
2023-04-28,131.8706512451172,974200.0
2023-05-01,132.1829071044922,770500.0
2023-05-02,131.1507568359375,1094600.0
2023-05-03,127.72474670410156,2144000.0
2023-05-04,130.78646850585938,1296700.0
2023-05-05,134.2124786376953,1586900.0
2023-05-08,136.1553192138672,1145900.0
2023-05-09,135.67828369140625,983300.0
2023-05-10,135.9991912841797,1101600.0
2023-05-11,132.33035278320312,642800.0
2023-05-12,133.1716766357422,513900.0
2023-05-15,132.02676391601562,874800.0
2023-05-16,129.33799743652344,624500.0
2023-05-17,129.4074249267578,809300.0
2023-05-18,129.39004516601562,732400.0
2023-05-19,128.4533233642578,724600.0
2023-05-22,128.93032836914062,584900.0
2023-05-23,128.44464111328125,514100.0
2023-05-24,127.03092193603516,866000.0
2023-05-25,126.10282897949219,650200.0
2023-05-26,127.13495635986328,679000.0
2023-05-30,126.77937316894531,943100.0
2023-05-31,125.13140869140625,2091200.0
2023-06-01,124.34210205078125,1016700.0
2023-06-02,126.67528533935547,828300.0
2023-06-05,125.27884674072266,659500.0
2023-06-06,124.30744171142578,1022100.0
2023-06-07,129.6676025390625,1179400.0
2023-06-08,126.76200103759766,981300.0
2023-06-09,125.3309097290039,1089800.0
2023-06-12,126.08549499511719,1208300.0
2023-06-13,126.53646850585938,2155800.0
2023-06-14,125.70328521728516,1210800.0
2023-06-15,127.86090087890625,843200.0
2023-06-16,127.42234802246094,1573700.0
2023-06-20,126.12428283691406,1070200.0
2023-06-21,128.06260681152344,841700.0
2023-06-22,125.6068115234375,887300.0
2023-06-23,124.51044464111328,1199900.0
2023-06-26,127.79952239990234,1147800.0
2023-06-27,129.04493713378906,944900.0
2023-06-28,129.8080291748047,1488000.0
2023-06-29,129.7816925048828,854300.0
2023-06-30,130.5535430908203,1444700.0
2023-07-03,131.93052673339844,482100.0
2023-07-05,131.2552032470703,1046700.0
2023-07-06,130.20269775390625,1176100.0
2023-07-07,129.91323852539062,992700.0
2023-07-10,131.1411895751953,976200.0
2023-07-11,133.28126525878906,1228700.0
2023-07-12,134.10240173339844,1664900.0
2023-07-13,136.37159729003906,992800.0
2023-07-14,137.52825927734375,1155500.0
2023-07-17,138.11102294921875,1612200.0
2023-07-18,132.71615600585938,4987300.0
2023-07-19,131.52418518066406,5960300.0
2023-07-20,129.63465881347656,2171800.0
2023-07-21,128.97244262695312,17569500.0
2023-07-24,129.2550048828125,2380500.0
2023-07-25,128.17782592773438,3196800.0
2023-07-26,127.63920593261719,1815900.0
2023-07-27,125.37004089355469,1601100.0
2023-07-28,124.35462951660156,1353700.0
2023-07-31,123.23329162597656,2400900.0
2023-08-01,121.45855712890625,1535100.0
2023-08-02,120.83168029785156,2052800.0
2023-08-03,123.12733459472656,2298700.0
2023-08-04,110.98677825927734,6340700.0
2023-08-07,115.75472259521484,2812700.0
2023-08-08,113.67977905273438,1991100.0
2023-08-09,114.88941192626953,2294900.0
2023-08-10,114.6775131225586,2078900.0
2023-08-11,115.67523956298828,2072400.0
2023-08-14,114.93355560302734,1970300.0
2023-08-15,113.84754943847656,2239700.0
2023-08-16,113.0528793334961,2031800.0
2023-08-17,111.64016723632812,2322700.0
2023-08-18,112.01100158691406,2241000.0
2023-08-21,112.42599487304688,1521300.0
2023-08-22,111.69314575195312,1645900.0
2023-08-23,112.58490753173828,1688700.0
2023-08-24,112.54077911376953,1936300.0
2023-08-25,112.95574951171875,1243300.0
2023-08-28,113.48553466796875,1114800.0
2023-08-29,115.29557037353516,1095600.0
2023-08-30,115.3397216796875,905400.0
2023-08-31,113.61795806884766,1148700.0
2023-09-01,113.75042724609375,967600.0
2023-09-05,112.75267791748047,1333100.0
2023-09-06,111.7461166381836,1659500.0
2023-09-07,112.3465347290039,1245800.0
2023-09-08,111.59600067138672,1132400.0
2023-09-11,111.9491958618164,923000.0
2023-09-12,111.9580307006836,909900.0
2023-09-13,110.0596694946289,1078700.0
2023-09-14,111.985107421875,1709600.0
2023-09-15,113.6265869140625,2479600.0
2023-09-18,112.3311538696289,1091500.0
2023-09-19,113.29830169677734,1158700.0
2023-09-20,113.16519927978516,851100.0
2023-09-21,108.77310943603516,1424300.0
2023-09-22,110.07742309570312,1807600.0
2023-09-25,108.6400146484375,917200.0
2023-09-26,107.15824127197266,958000.0
2023-09-27,106.92755126953125,1082300.0
2023-09-28,107.20260620117188,850900.0
2023-09-29,107.876953125,1399200.0
2023-10-02,105.82730102539062,943900.0
2023-10-03,103.62681579589844,1395200.0
2023-10-04,103.254150390625,1693300.0
2023-10-05,103.4316177368164,1212700.0
2023-10-06,105.16183471679688,1087500.0
2023-10-09,107.06951141357422,811200.0
2023-10-10,107.56639099121094,759400.0
2023-10-11,108.47142791748047,1120000.0
2023-10-12,106.57262420654297,916900.0
2023-10-13,104.76255798339844,1305000.0
2023-10-16,106.02252197265625,1266400.0
2023-10-17,105.40142059326172,1069200.0
2023-10-18,102.92584991455078,746800.0
2023-10-19,99.82034301757812,1222300.0
2023-10-20,97.23831939697266,1111800.0
2023-10-23,95.94287872314453,1377800.0
2023-10-24,94.46997833251953,1367000.0
2023-10-25,91.46205139160156,1228800.0
2023-10-26,93.36085510253906,1710800.0
2023-10-27,92.62439727783203,1256900.0
2023-10-30,92.21623229980469,1439100.0
2023-10-31,91.91456604003906,1457000.0
2023-11-01,91.68387603759766,1402200.0
2023-11-02,93.49394226074219,1888700.0
2023-11-03,94.91360473632812,3401400.0
2023-11-06,93.89321899414062,1666500.0
2023-11-07,95.11768341064453,2180700.0
2023-11-08,105.17070770263672,3495300.0
2023-11-09,104.78916931152344,2398000.0
2023-11-10,105.68534851074219,1878100.0
2023-11-13,104.32777404785156,1182300.0
2023-11-14,114.94865417480469,2725100.0
2023-11-15,115.34794616699219,1787200.0
2023-11-16,115.43668365478516,1789100.0
2023-11-17,113.80404663085938,1445700.0
2023-11-20,114.88655853271484,1060800.0
2023-11-21,113.57337188720703,826200.0
2023-11-22,112.52635192871094,756600.0
2023-11-24,112.79254150390625,282400.0
2023-11-27,112.44650268554688,826600.0
2023-11-28,112.9433822631836,823700.0
2023-11-29,114.930908203125,866900.0
2023-11-30,115.49877166748047,1310200.0
2023-12-01,119.22538757324219,1067700.0
2023-12-04,121.62110137939453,1226000.0
2023-12-05,120.82254028320312,865800.0
2023-12-06,121.22181701660156,1259500.0
2023-12-07,121.65658569335938,940200.0
2023-12-08,123.04961395263672,994300.0
2023-12-11,122.55274963378906,842700.0
2023-12-12,123.36905670166016,946800.0
2023-12-13,129.54461669921875,2047000.0
2023-12-14,138.8131866455078,2976600.0
2023-12-15,137.93389892578125,3261500.0
2023-12-18,136.03170776367188,1378900.0
2023-12-19,137.8082733154297,1255300.0
2023-12-20,136.570068359375,1192600.0
2023-12-21,140.06036376953125,933300.0
2023-12-22,140.4551544189453,806300.0
2023-12-26,143.06613159179688,710300.0
2023-12-27,144.53761291503906,1133200.0
2023-12-28,145.4976806640625,848600.0
2023-12-29,143.85569763183594,1018100.0
2024-01-02,147.50750732421875,1183300.0
2024-01-03,142.4829559326172,1356700.0
2024-01-04,140.82298278808594,1141200.0
2024-01-05,141.83689880371094,796300.0
2024-01-08,143.41607666015625,1101800.0
2024-01-09,141.7920379638672,1055600.0
2024-01-10,140.7243194580078,1098900.0
2024-01-11,135.25111389160156,2673800.0
2024-01-12,136.66876220703125,1563500.0
2024-01-16,134.99090576171875,1383800.0
2024-01-17,132.9451904296875,1438100.0
2024-01-18,131.3929443359375,1439500.0
2024-01-19,131.68006896972656,1143300.0
2024-01-22,133.41175842285156,794300.0
2024-01-23,132.11074829101562,858700.0
2024-01-24,131.81466674804688,874800.0
2024-01-25,133.537353515625,881800.0
2024-01-26,132.31710815429688,547600.0
2024-01-29,132.8375244140625,706200.0
2024-01-30,130.60336303710938,743200.0
2024-01-31,129.5984344482422,1752700.0
2024-02-01,131.06097412109375,1393600.0
2024-02-02,128.781982421875,944200.0
2024-02-05,125.32755279541016,1101600.0
2024-02-06,128.06414794921875,974100.0
2024-02-07,127.77702331542969,947100.0
2024-02-08,128.7281036376953,808000.0
2024-02-09,128.64739990234375,756900.0
2024-02-12,127.42711639404297,866200.0
2024-02-13,124.31366729736328,1190100.0
2024-02-14,125.25576782226562,1219600.0
2024-02-15,127.20279693603516,1550000.0
2024-02-16,127.02336120605469,1788100.0
2024-02-20,126.88874816894531,1043200.0
2024-02-21,128.40512084960938,1237900.0
2024-02-22,126.86183166503906,1032600.0
2024-02-23,125.66850280761719,986800.0
2024-02-26,124.89686584472656,1362500.0
2024-02-27,125.81208038330078,1310900.0
2024-02-28,124.08036804199219,2507000.0
2024-02-29,126.48500061035156,1788800.0
2024-03-01,128.62942504882812,1165600.0
2024-03-04,132.32608032226562,1492900.0
2024-03-05,127.92955780029297,933000.0
2024-03-06,129.23056030273438,815700.0
2024-03-07,131.410888671875,1123700.0
2024-03-08,135.12550354003906,1126900.0
2024-03-11,134.0577850341797,1248700.0
2024-03-12,135.12550354003906,1161400.0
2024-03-13,132.64907836914062,1173200.0
2024-03-14,129.10195922851562,1208600.0
2024-03-15,126.39857482910156,2428600.0
2024-03-18,125.25553131103516,938000.0
2024-03-19,125.55486297607422,839100.0
2024-03-20,127.4599838256836,1828500.0
2024-03-21,129.13829040527344,1376300.0
2024-03-22,128.2401580810547,1200900.0
2024-03-25,127.4599838256836,922800.0
2024-03-26,127.42367553710938,798100.0
2024-03-27,133.12989807128906,1116600.0
2024-03-28,133.35671997070312,1214500.0
2024-04-01,133.12083435058594,843800.0
2024-04-02,131.98683166503906,1231300.0
2024-04-03,131.5967254638672,1091300.0
2024-04-04,131.10687255859375,1033500.0
2024-04-05,132.73980712890625,946100.0
2024-04-08,135.2345733642578,932300.0
2024-04-09,138.24642944335938,963600.0
2024-04-10,129.27435302734375,1296000.0
2024-04-11,129.9093475341797,827300.0
2024-04-12,127.6323471069336,687200.0
2024-04-15,124.94705963134766,1490500.0
2024-04-16,123.20526123046875,1171100.0
2024-04-17,123.46835327148438,891800.0
2024-04-18,121.74468231201172,1013500.0
2024-04-19,120.16617584228516,1481500.0
2024-04-22,120.42018127441406,1221000.0
2024-04-23,120.91006469726562,1162800.0
2024-04-24,122.14385986328125,1147500.0
2024-04-25,121.4090347290039,998700.0
2024-04-26,121.08243560791016,716500.0
2024-04-29,124.6295394897461,1101100.0
2024-04-30,121.81727600097656,1800200.0
2024-05-01,125.8270263671875,2020500.0
2024-05-02,126.81584167480469,1586900.0
2024-05-03,128.70281982421875,969200.0
2024-05-06,129.4376220703125,1070700.0
2024-05-07,130.00010681152344,1129000.0
2024-05-08,127.86819458007812,632800.0
2024-05-09,132.64907836914062,945100.0
2024-05-10,133.05734252929688,710300.0
2024-05-13,134.16409301757812,609300.0
2024-05-14,134.85354614257812,720400.0
2024-05-15,137.9652099609375,943100.0
2024-05-16,137.30294799804688,718700.0
2024-05-17,137.7928466796875,566900.0
2024-05-20,136.3413543701172,735500.0
2024-05-21,132.52207946777344,1856700.0
2024-05-22,132.78517150878906,768000.0
2024-05-23,129.39227294921875,593500.0
2024-05-24,129.34693908691406,459700.0
2024-05-28,129.1473388671875,816700.0
2024-05-29,125.55486297607422,610200.0
2024-05-30,128.53045654296875,539400.0
2024-05-31,131.3336639404297,1248900.0
2024-06-03,131.4969482421875,545700.0
2024-06-04,134.3183135986328,739300.0
2024-06-05,134.68118286132812,873400.0
2024-06-06,134.69931030273438,553000.0
2024-06-07,134.3546142578125,1015500.0
2024-06-10,135.88775634765625,1182000.0
2024-06-11,137.24855041503906,1004100.0
2024-06-12,140.40554809570312,1560900.0
2024-06-13,143.81658935546875,1233800.0
2024-06-14,143.5049591064453,1284200.0
2024-06-17,141.98345947265625,1318100.0
2024-06-18,145.9888153076172,1500400.0
2024-06-20,144.81564331054688,865900.0
2024-06-21,145.6680145263672,1574800.0
2024-06-24,146.0346221923828,926600.0
2024-06-25,144.08236694335938,776400.0
2024-06-26,143.88990783691406,1114600.0
2024-06-27,142.74420166015625,1318100.0
2024-06-28,142.44174194335938,2310700.0
2024-07-01,139.2429656982422,796000.0
2024-07-02,140.8927764892578,637100.0
2024-07-03,141.3327178955078,261400.0
2024-07-05,141.4793701171875,484500.0
2024-07-08,141.67185974121094,462000.0
2024-07-09,140.7186279296875,584200.0
2024-07-10,140.8927764892578,726100.0
2024-07-11,145.6497039794922,890500.0
2024-07-12,148.4084930419922,804100.0
2024-07-15,148.8484649658203,669000.0
2024-07-16,151.0573272705078,825500.0
2024-07-17,153.80702209472656,1034300.0
2024-07-18,153.26625061035156,1054300.0
2024-07-19,150.40660095214844,754100.0
2024-07-22,151.93727111816406,714200.0
2024-07-23,152.58798217773438,854100.0
2024-07-24,148.36268615722656,852300.0
2024-07-25,147.28115844726562,1013000.0
2024-07-26,150.87403869628906,742300.0
2024-07-29,150.3057861328125,1024200.0
2024-07-30,149.49005126953125,1142100.0
2024-07-31,146.30044555664062,1687700.0
2024-08-01,146.52041625976562,1286400.0
2024-08-02,151.1856689453125,1446400.0
2024-08-05,145.49388122558594,1797400.0
2024-08-06,149.58168029785156,1502900.0
2024-08-07,148.14271545410156,1155300.0
2024-08-08,149.5633544921875,701800.0
2024-08-09,150.6724090576172,500700.0
2024-08-12,150.41575622558594,546500.0
2024-08-13,152.09304809570312,494400.0
2024-08-14,152.77130126953125,870000.0
2024-08-15,152.30386352539062,816400.0
2024-08-16,153.3120880126953,871000.0
2024-08-19,155.1085205078125,450700.0
2024-08-20,155.22769165039062,477100.0
2024-08-21,156.7491455078125,439300.0
2024-08-22,159.20553588867188,675000.0
2024-08-23,163.34832763671875,792900.0
2024-08-26,162.87171936035156,722700.0
2024-08-27,163.40333557128906,507600.0
2024-08-28,160.1312713623047,709400.0
2024-08-29,160.89198303222656,516600.0
2024-08-30,162.2301788330078,767400.0
2024-09-03,161.4052734375,753000.0
2024-09-04,161.07530212402344,889500.0
2024-09-05,159.07720947265625,808100.0
2024-09-06,159.09555053710938,993200.0
2024-09-09,160.15875244140625,906800.0
2024-09-10,162.64259338378906,837100.0
2024-09-11,161.33192443847656,854700.0
2024-09-12,162.4867706298828,744500.0
2024-09-13,163.0550537109375,791600.0
2024-09-16,164.3037872314453,1274000.0
2024-09-17,165.36749267578125,1637900.0
2024-09-18,168.02215576171875,1419400.0
2024-09-19,166.57920837402344,1263700.0
2024-09-20,166.87521362304688,2421600.0
2024-09-23,169.40037536621094,1086300.0
2024-09-24,168.49391174316406,727800.0
2024-09-25,167.7354278564453,636300.0
2024-09-26,163.3602752685547,2348100.0
2024-09-27,163.9337615966797,1558800.0
2024-09-30,166.6717071533203,1609400.0
2024-10-01,164.90499877929688,762800.0
2024-10-02,163.9337615966797,565800.0
2024-10-03,163.0828094482422,641700.0
2024-10-04,156.7651824951172,991900.0
2024-10-07,156.69119262695312,833400.0
2024-10-08,158.13418579101562,1263300.0
2024-10-09,159.10537719726562,895900.0
2024-10-10,157.033447265625,1187400.0
2024-10-11,157.7456817626953,630400.0
2024-10-14,158.30067443847656,527400.0
2024-10-15,158.29141235351562,938400.0
2024-10-16,159.20713806152344,1016400.0
2024-10-17,157.27392578125,1260600.0
2024-10-18,158.43016052246094,980900.0
2024-10-21,152.43630981445312,676700.0
2024-10-22,153.68502807617188,629400.0
2024-10-23,156.376708984375,815300.0
2024-10-24,155.6552276611328,597800.0
2024-10-25,153.91627502441406,462100.0
2024-10-28,154.89674377441406,564900.0
2024-10-29,153.1947784423828,1336300.0
2024-10-30,152.38079833984375,1525200.0
2024-10-31,151.04885864257812,1332500.0
2024-11-01,149.0416259765625,749600.0
2024-11-04,151.25234985351562,1162200.0
2024-11-05,155.89572143554688,778100.0
2024-11-06,148.95838928222656,1678500.0
2024-11-07,151.8258056640625,747300.0
2024-11-08,155.11874389648438,708800.0
2024-11-11,153.06529235839844,858000.0
2024-11-12,150.36431884765625,1422300.0
2024-11-13,151.73330688476562,709400.0
2024-11-14,151.16909790039062,872500.0
2024-11-15,152.2143096923828,1131200.0
2024-11-18,152.52882385253906,769800.0
2024-11-19,153.09304809570312,922300.0
2024-11-20,152.6582794189453,710600.0
2024-11-21,154.3602752685547,686000.0
2024-11-22,155.5257568359375,547200.0
2024-11-25,157.62542724609375,1359200.0
2024-11-26,158.80014038085938,623500.0
2024-11-27,159.7251434326172,614100.0
2024-11-29,158.13418579101562,1274000.0
2024-12-02,156.99644470214844,633700.0
2024-12-03,153.12075805664062,1085500.0
2024-12-04,151.69631958007812,598200.0
2024-12-05,151.36334228515625,516600.0
2024-12-06,151.27081298828125,632700.0
2024-12-09,152.16806030273438,997800.0
2024-12-10,148.347900390625,1379900.0
2024-12-11,147.55242919921875,725200.0
2024-12-12,146.99742126464844,876100.0
2024-12-13,146.3314666748047,876100.0
2024-12-16,145.4156036376953,796200.0
2024-12-17,144.37823486328125,1124500.0
2024-12-18,137.99530029296875,1061100.0
2024-12-19,133.03286743164062,1462900.0
2024-12-20,137.3784942626953,3596100.0
2024-12-23,138.23825073242188,1034800.0
2024-12-24,139.77093505859375,435700.0
2024-12-26,139.80833435058594,570100.0
2024-12-27,138.3971405029297,594000.0
2024-12-30,137.61212158203125,830000.0
2024-12-31,139.80833435058594,932600.0
2025-01-02,138.1167755126953,774300.0
2025-01-03,141.154052734375,810200.0
2025-01-06,138.8363800048828,991900.0
2025-01-07,138.71487426757812,807400.0
2025-01-08,138.32237243652344,961000.0
2025-01-10,137.18223571777344,1449900.0
2025-01-13,137.75230407714844,1454600.0
2025-01-14,139.08871459960938,1172200.0
2025-01-15,139.70550537109375,1173400.0
2025-01-16,141.67739868164062,1685300.0
2025-01-17,140.7428741455078,1183700.0
2025-01-21,141.96710205078125,870500.0
2025-01-22,140.24755859375,1192500.0
2025-01-23,141.58395385742188,2274600.0
2025-01-24,142.0792694091797,2334800.0
2025-01-27,145.7894287109375,1522900.0
2025-01-28,144.94833374023438,1136400.0
2025-01-29,143.00445556640625,1230300.0
2025-01-30,144.58384704589844,2228500.0
2025-01-31,143.92031860351562,2292200.0
2025-02-03,142.74281311035156,894500.0
2025-02-04,142.05123901367188,1153400.0
2025-02-05,144.85487365722656,1202900.0
2025-02-06,145.83616638183594,767400.0
2025-02-07,145.7894287109375,1192100.0
2025-02-10,146.31275939941406,810800.0
2025-02-11,147.19122314453125,942700.0
2025-02-12,144.66796875,764300.0
2025-02-13,145.74269104003906,816100.0
2025-02-14,144.7801055908203,1409700.0
2025-02-18,144.7987823486328,751000.0
2025-02-19,143.7053680419922,1233600.0
2025-02-20,145.7333526611328,1461800.0
2025-02-21,145.74269104003906,1124700.0
2025-02-24,148.63043212890625,1550900.0
2025-02-25,150.7238311767578,1438100.0
2025-02-26,143.83621215820312,2297300.0
2025-02-27,143.4063262939453,1340900.0
2025-02-28,142.5745849609375,3524100.0
2025-03-03,143.91099548339844,2069400.0
2025-03-04,143.3782958984375,1188200.0
2025-03-05,146.8080596923828,1251700.0
2025-03-06,144.90159606933594,1054900.0
2025-03-07,146.97630310058594,1807200.0
2025-03-10,145.5651092529297,1506400.0
2025-03-11,141.91104125976562,1889000.0
2025-03-12,139.4532012939453,909000.0
2025-03-13,135.0421142578125,1233200.0
2025-03-14,137.036376953125,1543800.0
2025-03-17,138.58641052246094,1125200.0
2025-03-18,139.80564880371094,1336600.0
2025-03-19,138.73764038085938,1192100.0
2025-03-20,137.8680877685547,1288200.0
2025-03-21,135.91165161132812,1769800.0
2025-03-24,137.98153686523438,1248200.0
2025-03-25,136.6583251953125,1034900.0
2025-03-26,137.59400939941406,532700.0
2025-03-27,137.2254180908203,650400.0
2025-03-28,137.48057556152344,612700.0
2025-03-31,140.34439086914062,1355000.0
2025-04-01,139.7300262451172,830000.0
2025-04-02,139.3803253173828,1442500.0
2025-04-03,136.2519073486328,1530000.0
2025-04-04,130.6282958984375,1378900.0
2025-04-07,125.11812591552734,1775800.0
2025-04-08,119.66464233398438,1634700.0
2025-04-09,128.24655151367188,1864000.0
2025-04-10,124.60772705078125,2067900.0
2025-04-11,126.52638244628906,1346100.0
2025-04-14,130.11790466308594,1139900.0
2025-04-15,130.65664672851562,1171000.0
2025-04-16,130.6377410888672,632800.0
2025-04-17,133.4353790283203,714500.0
2025-04-21,130.6188507080078,946700.0
2025-04-22,134.0497283935547,789700.0
2025-04-23,133.5487823486328,798300.0
2025-04-24,134.0780792236328,906100.0
2025-04-25,133.3125,730000.0
2025-04-28,134.12533569335938,804100.0
2025-04-29,133.67166137695312,1154400.0
2025-04-30,138.48243713378906,1782900.0
2025-05-01,140.14590454101562,1467700.0
2025-05-02,141.3556671142578,838100.0
2025-05-05,141.18556213378906,833000.0
2025-05-06,139.14404296875,654900.0
2025-05-07,139.15350341796875,996000.0
2025-05-08,139.34251403808594,925200.0
2025-05-09,140.27821350097656,522300.0
2025-05-12,140.72242736816406,876100.0
2025-05-13,138.9550018310547,914500.0
2025-05-14,137.8114013671875,1001700.0
2025-05-15,140.42945861816406,687100.0
2025-05-16,143.43499755859375,646600.0
2025-05-19,144.21946716308594,699200.0
2025-05-20,143.71852111816406,928200.0
2025-05-21,137.433349609375,849100.0
2025-05-22,136.83790588378906,1425900.0
2025-05-23,137.73577880859375,829200.0
2025-05-27,139.80564880371094,844700.0
2025-05-28,140.34439086914062,753100.0
2025-05-29,142.537109375,759500.0
2025-05-30,142.85845947265625,1450400.0
2025-06-02,144.5975341796875,1123000.0
2025-06-03,141.70538330078125,1008000.0
2025-06-04,141.4596405029297,1105900.0
2025-06-05,141.23281860351562,694800.0
2025-06-06,141.61087036132812,692700.0
2025-06-09,142.18739318847656,1219500.0
2025-06-10,143.3026885986328,776100.0
2025-06-11,142.02674865722656,789200.0
2025-06-12,142.25355529785156,812500.0
2025-06-13,141.3935089111328,945900.0
2025-06-16,142.3394317626953,874400.0
2025-06-17,141.30747985839844,635800.0
2025-06-18,139.93157958984375,948200.0
2025-06-20,139.56849670410156,2164100.0
2025-06-23,142.3394317626953,993300.0
2025-06-24,141.9189910888672,1224400.0
2025-06-25,138.96653747558594,1051400.0
2025-06-26,139.1671905517578,1328400.0
2025-06-27,139.3678436279297,1431500.0
2025-06-30,140.8775177001953,1396200.0
2025-07-01,143.8013153076172,1598400.0
2025-07-02,145.02435302734375,1326100.0
2025-07-03,146.0753936767578,836000.0
2025-07-07,142.35855102539062,1225500.0
2025-07-08,143.16116333007812,998900.0
2025-07-09,142.09100341796875,798400.0
2025-07-10,142.19610595703125,1052900.0
2025-07-11,143.55288696289062,1142700.0
2025-07-14,143.7535400390625,1078400.0
2025-07-15,141.36480712890625,1488900.0
2025-07-16,142.32029724121094,1041200.0
2025-07-17,140.715087890625,1231100.0
2025-07-18,141.5177001953125,761300.0
2025-07-21,141.2215118408203,1146300.0
2025-07-22,144.59437561035156,689300.0
2025-07-23,144.25994873046875,908100.0
2025-07-24,143.8108673095703,889400.0
2025-07-25,144.14527893066406,866700.0
2025-07-28,141.70880126953125,939100.0
2025-07-29,145.1485595703125,1125400.0
2025-07-30,142.69296264648438,1423400.0
2025-07-31,128.37969970703125,4363500.0
2025-08-01,133.09983825683594,3193400.0
2025-08-04,131.91500854492188,1309600.0
2025-08-05,132.44053649902344,1484200.0
2025-08-06,131.90545654296875,1106600.0
2025-08-07,132.13478088378906,828500.0
2025-08-08,130.29067993164062,839500.0
2025-08-11,129.21096801757812,1321600.0
2025-08-12,129.50718688964844,1049600.0
2025-08-13,132.058349609375,1183300.0
2025-08-14,130.5486602783203,1475700.0
2025-08-15,130.94996643066406,1195000.0
2025-08-18,130.7684326171875,1217100.0
2025-08-19,133.25271606445312,912400.0
2025-08-20,133.42469787597656,1085300.0
2025-08-21,132.8418426513672,725900.0
2025-08-22,136.3962860107422,940400.0
2025-08-25,133.95021057128906,562100.0
2025-08-26,134.30374145507812,1295900.0
2025-08-27,135.26881408691406,1086800.0
2025-08-28,135.9854278564453,649000.0
2025-08-29,137.18934631347656,857300.0
2025-09-02,134.5904083251953,1185700.0
2025-09-03,136.8262176513672,925800.0
2025-09-04,137.437744140625,1435500.0
2025-09-05,140.72462463378906,1229000.0
2025-09-08,140.47621154785156,1434000.0
2025-09-09,138.43145751953125,1206000.0
2025-09-10,138.546142578125,944900.0
2025-09-11,141.70880126953125,959000.0
2025-09-12,140.60043334960938,1176600.0
2025-09-15,138.86138916015625,892900.0
2025-09-16,138.5618896484375,981500.0
2025-09-17,138.3300323486328,738100.0
2025-09-18,137.85662841796875,875100.0
2025-09-19,134.60079956054688,2182100.0
2025-09-22,133.90518188476562,884100.0
2025-09-23,133.85687255859375,1113300.0
2025-09-24,132.99700927734375,797400.0
2025-09-25,133.0453338623047,800300.0
2025-09-26,135.093505859375,896100.0
2025-09-29,136.6586151123047,1099500.0
2025-09-30,136.16590881347656,828000.0
2025-10-01,136.34947204589844,889600.0
2025-10-02,136.67794799804688,922500.0
2025-10-03,137.9822235107422,812400.0
2025-10-06,136.78424072265625,1144800.0
2025-10-07,138.030517578125,973200.0
2025-10-08,137.5861053466797,1064500.0
2025-10-09,138.23341369628906,859800.0
2025-10-10,137.17068481445312,1040400.0
2025-10-13,140.10769653320312,1162700.0
2025-10-14,142.83216857910156,1284300.0
2025-10-15,144.13645935058594,1161300.0
2025-10-16,146.8512725830078,961100.0
2025-10-17,146.40682983398438,1191200.0
2025-10-20,146.33920288085938,742300.0
2025-10-21,145.4503936767578,789300.0
2025-10-22,146.93821716308594,715700.0
2025-10-23,145.7015838623047,575500.0
2025-10-24,145.17019653320312,604100.0
2025-10-27,144.4456024169922,889800.0
2025-10-28,141.94334411621094,685700.0
2025-10-29,136.9581298828125,1228400.0
2025-10-30,130.23388671875,3030400.0
2025-10-31,129.0165557861328,2550800.0
2025-11-03,126.75582122802734,1575500.0
2025-11-04,126.96837615966797,1333800.0
2025-11-05,128.5045166015625,1380700.0
2025-11-06,126.62056732177734,1055300.0
2025-11-07,128.6687469482422,866900.0
2025-11-10,126.07954406738281,953800.0
2025-11-11,129.3933563232422,1247900.0
2025-11-12,128.1374053955078,1745200.0
2025-11-13,127.47075653076172,1202000.0
2025-11-14,128.4079132080078,1171300.0
2025-11-17,126.12784576416016,1138700.0
2025-11-18,125.9249496459961,878400.0
2025-11-19,125.03612518310547,838100.0
2025-11-20,124.44678497314453,1490700.0
2025-11-21,127.00703430175781,1154200.0
2025-11-24,125.93462371826172,1126400.0
2025-11-25,127.88619232177734,980900.0
2025-11-26,128.77503967285156,936600.0
2025-11-28,128.6591033935547,371000.0
2025-12-01,127.47075653076172,992900.0
2025-12-02,128.0311279296875,997300.0
2025-12-03,127.76061248779297,991500.0
2025-12-04,126.6495590209961,974500.0
2025-12-05,125.17137145996094,1158200.0
2025-12-08,124.18592834472656,1103900.0
2025-12-09,122.39860534667969,1538600.0
2025-12-10,125.374267578125,1924900.0
2025-12-11,128.51417541503906,1351100.0
2025-12-12,129.92471313476562,1728900.0
2025-12-15,130.35501098632812,1625600.0
2025-12-16,127.81244659423828,1337700.0
2025-12-17,128.9663848876953,1571700.0
2025-12-18,127.99825286865234,1224900.0
2025-12-19,127.19637298583984,2880500.0
2025-12-22,127.87110900878906,1152700.0
2025-12-23,126.5411605834961,1330600.0
2025-12-24,127.38216400146484,496700.0
2025-12-26,127.90045166015625,532400.0
2025-12-29,127.8515625,708800.0
2025-12-30,128.6534423828125,734800.0
2025-12-31,127.34305572509766,806800.0
2026-01-02,128.07647705078125,1429400.0
2026-01-05,128.20361328125,1597300.0
2026-01-06,132.46728515625,1583000.0
2026-01-07,130.9221954345703,1501700.0
2026-01-08,133.33763122558594,1621800.0
2026-01-09,136.12464904785156,1307900.0
2026-01-12,137.26881408691406,1137100.0
2026-01-13,137.39593505859375,1157600.0
2026-01-14,141.522705078125,1729000.0
2026-01-15,143.8794708251953,1270800.0
2026-01-16,145.5810089111328,1677400.0
2026-01-20,142.31480407714844,1657600.0
2026-01-21,142.2072296142578,1681300.0
2026-01-22,140.5839080810547,1202100.0
2026-01-23,138.39340209960938,1229200.0
2026-01-26,136.9949951171875,968600.0
2026-01-27,136.7016143798828,1189000.0
2026-01-28,134.1297149658203,958800.0
2026-01-29,135.80194091796875,1660400.0
2026-01-30,134.9218292236328,2288800.0
2026-02-02,132.21302795410156,1091500.0
2026-02-03,135.06851196289062,1887900.0
2026-02-04,138.57920837402344,1737300.0
2026-02-05,135.47923278808594,1300300.0
2026-02-06,136.916748046875,1260000.0
2026-02-09,137.259033203125,912800.0
2026-02-10,138.31517028808594,1071300.0
2026-02-11,139.33218383789062,1052300.0
2026-02-12,141.15109252929688,2230800.0
2026-02-13,143.12648010253906,2160700.0
2026-02-17,144.57376098632812,1324500.0
2026-02-18,141.9725341796875,1627900.0
2026-02-19,142.8624267578125,1321800.0
2026-02-20,149.3752899169922,2266000.0
2026-02-23,147.08700561523438,1701800.0
2026-02-24,146.37310791015625,1130900.0
2026-02-25,143.6251983642578,1087700.0
2026-02-26,144.37818908691406,945900.0
2026-02-27,147.69329833984375,1793900.0
2026-03-02,149.2775115966797,1211300.0
2026-03-03,146.45135498046875,851600.0
2026-03-04,147.03810119628906,913900.0
2026-03-05,144.2412872314453,831300.0
2026-03-06,143.38070678710938,1051100.0
2026-03-09,143.05801391601562,889200.0
2026-03-10,143.43939208984375,985000.0
2026-03-11,138.39340209960938,1271200.0
2026-03-12,137.08299255371094,1504700.0
2026-03-13,138.24671936035156,839300.0
2026-03-16,137.99940490722656,1533700.0
2026-03-17,136.87167358398438,2117800.0
2026-03-18,134.90306091308594,1159800.0
2026-03-19,134.52716064453125,1088500.0
2026-03-20,128.85879516601562,2102300.0
2026-03-23,130.4119110107422,1380300.0
2026-03-24,128.3938446044922,1481200.0
2026-03-25,128.59170532226562,1250600.0
2026-03-26,129.08633422851562,1007300.0
2026-03-27,127.57278442382812,1106500.0
2026-03-30,126.90009307861328,998200.0
2026-03-31,129.7194366455078,1493600.0
2026-04-01,131.0648193359375,1129300.0
2026-04-02,132.42007446289062,858300.0
2026-04-06,132.617919921875,535800.0
2026-04-07,131.5198516845703,1163100.0
2026-04-08,136.24844360351562,1701400.0
2026-04-09,137.7125244140625,1299200.0
2026-04-10,137.3761749267578,971500.0
2026-04-13,138.24671936035156,828100.0
2026-04-14,139.90863037109375,1024800.0
2026-04-15,139.54261779785156,1274800.0
2026-04-16,140.1163787841797,799900.0
2026-04-17,143.79637145996094,1140700.0
2026-04-20,145.3692626953125,1082800.0
2026-04-21,142.09486389160156,1266900.0
2026-04-22,139.7701416015625,1201200.0
2026-04-23,141.1254119873047,1446900.0
2026-04-24,140.56153869628906,1277100.0
2026-04-27,138.03897094726562,1137800.0
2026-04-28,139.5030517578125,2524900.0
2026-04-29,139.01832580566406,1987400.0
2026-04-30,141.7882080078125,1914900.0
2026-05-01,140.49229431152344,1084100.0
2026-05-04,137.83123779296875,782100.0
2026-05-05,138.28627014160156,1019100.0
2026-05-06,142.3026123046875,1143200.0
2026-05-07,141.72885131835938,1262600.0
2026-05-08,141.75852966308594,647400.0
2026-05-11,143.02476501464844,938900.0
2026-05-12,143.2324981689453,770100.0
2026-05-13,140.8780975341797,761000.0
2026-05-14,140.66046142578125,953300.0
2026-05-15,135.4273681640625,1010200.0
2026-05-18,137.77188110351562,908600.0
2026-05-19,138.80068969726562,936300.0
2026-05-20,140.71981811523438,1072500.0
2026-05-21,142.36196899414062,1852400.0
2026-05-22,141.75852966308594,801900.0
2026-05-26,142.4411163330078,967700.0
2026-05-27,142.87635803222656,822300.0
2026-05-28,144.2415313720703,796300.0
2026-05-29,142.75765991210938,1286000.0
2026-06-01,138.8105926513672,729300.0
2026-06-02,140.75938415527344,818300.0
2026-06-03,141.50131225585938,1214500.0
2026-06-04,144.30087280273438,747300.0
2026-06-05,143.7469024658203,1321500.0
2026-06-08,143.44024658203125,858100.0
2026-06-09,146.63548278808594,1662500.0
2026-06-10,147.9907684326172,1305200.0
2026-06-11,148.64364624023438,1307000.0
2026-06-12,148.98001098632812,890100.0
2026-06-15,146.64999389648438,1249100.0
2026-06-16,146.39999389648438,1382100.0
2026-06-17,143.9199981689453,1561900.0
2026-06-18,145.3300018310547,2606900.0
2026-06-22,146.0800018310547,1381400.0
2026-06-23,147.75999450683594,1272200.0
2026-06-24,145.86000061035156,1696700.0
2026-06-25,147.19000244140625,1320400.0
2026-06-26,149.2100067138672,1668000.0
2026-06-29,148.25999450683594,1001200.0
2026-06-30,145.3000030517578,1358500.0
2026-07-01,147.2899932861328,971200.0
2026-07-02,149.33999633789062,782300.0
2026-07-06,146.13999938964844,716400.0
2026-07-07,147.72999572753906,561400.0
2026-07-08,143.99000549316406,716800.0
2026-07-09,142.67999267578125,758700.0
2026-07-10,143.9600067138672,876900.0
2026-07-13,145.32000732421875,871000.0
2026-07-14,145.5,1092900.0
2026-07-15,144.63999938964844,1175500.0
2026-07-16,150.3300018310547,1169400.0
2026-07-17,148.16000366210938,843500.0
2026-07-20,147.27999877929688,770900.0
2026-07-21,145.5500030517578,1189800.0
2026-07-22,145.0500030517578,1827200.0
2026-07-23,145.4199981689453,1672000.0
2026-07-24,147.7100067138672,1048400.0
2026-07-27,148.2899932861328,1500300.0
2026-07-28,152.2100067138672,1974500.0
2026-07-29,152.85000610351562,2782900.0
2026-07-30,148.2100067138672,2020500.0
2026-07-31,148.0399932861328,1575500.0
2026-08-03,149.72999572753906,1689100.0
2026-08-04,149.86000061035156,1209100.0
2026-08-05,150.0399932861328,898500.0
2026-08-06,149.5399932861328,965000.0
2026-08-07,149.5399932861328,872600.0
2026-08-10,146.66000366210938,810400.0
2026-08-11,146.5500030517578,561300.0
2026-08-12,146.75999450683594,821400.0
