date,open,high,low,close,volume
2004-01-02,9.15966275937757,9.224529518776565,9.051552868408795,9.086688041687012,5713400
2004-01-05,9.1758782860836,9.243447344109219,9.129930790494736,9.229933738708496,5815400
2004-01-06,9.221827008122002,9.338045898857814,9.0272287744662,9.065067291259766,5210600
2004-01-07,9.132636000823924,9.243449237442912,8.975875259204654,9.194799423217773,3459600
2004-01-08,9.354260953180132,9.381288165123284,9.175878673698016,9.365072250366211,4092000
2004-01-09,9.265068745525792,9.35966604373083,9.181283774884228,9.283987998962402,6234400
2004-01-12,9.327230667118856,9.427233597651737,9.227228767607796,9.370474815368652,3625800
2004-01-13,9.39210283925938,9.394805149016497,8.775873112394859,8.873172760009766,7600000
2004-01-14,8.875871081037097,9.043442048278893,8.85424848860747,8.975872993469238,4568000
2004-01-15,8.973173694353786,9.17317758629547,8.813710630281324,9.032633781433105,3686400
2004-01-16,9.105606061817456,9.2272305747848,9.046145990717218,9.154255867004395,3184800
2004-01-20,9.151553735476446,9.173175298743715,8.913710353404232,8.967765808105469,3797400
2004-01-21,8.90289938821591,8.935333280859219,8.521810428855774,8.597487449645996,5895000
2004-01-22,8.689378925804476,8.93533018929736,8.60559294533175,8.648837089538574,4864200
2004-01-23,8.513699984131511,8.527213587425763,7.851523112494691,8.235315322875977,17417200
2004-01-26,8.313699158291872,8.321807632981633,7.940717570741065,8.027206420898438,8167400
2004-01-27,7.983964054822228,8.02720823190158,7.724498476834854,7.743417739868164,6429400
2004-01-28,7.86234027297376,7.986667165665738,7.681255069979261,7.7353105545043945,6837800
2004-01-29,7.778549277302371,7.85422628391745,7.583950081981438,7.740710258483887,4758800
2004-01-30,7.732604015940201,7.8407144175702745,7.683954206328904,7.75692892074585,5661000
2004-02-02,7.821794573052408,7.910985712123539,7.610978919106545,7.651520252227783,7541000
2004-02-03,7.643412201999308,7.938013342882789,7.62179012356341,7.810983180999756,8041600
2004-02-04,7.743416770451856,7.767741681452606,7.581250868950579,7.659631252288818,5276400
2004-02-05,7.662331805071485,7.921796758116153,7.659628980705057,7.838011264801025,5026000
2004-02-06,7.910985534908685,8.224505926772547,7.905579886477341,8.151531219482422,5809200
2004-02-09,8.148826168248632,8.21369238516425,8.00828244050936,8.013688087463379,3243000
2004-02-10,7.996101455677227,8.161164971559785,7.996101455677227,8.142223358154297,3831200
2004-02-11,8.139514746348192,8.269400496420747,8.098925513965531,8.228811264038086,2856200
2004-02-12,8.253166754241104,8.420936272731684,8.139516568455926,8.223401069641113,3797800
2004-02-13,8.226104907139332,8.437169629392669,8.128690856662466,8.20445728302002,3474600
2004-02-17,8.24234252467605,8.34787516983481,8.217989393153472,8.28293228149414,2839000
2004-02-18,8.212579625722018,8.372231130546202,8.209873606778517,8.274816513061523,3020600
2004-02-19,8.491293410088346,8.496705448321277,8.074576272439735,8.136813163757324,6706000
2004-02-20,8.088104458077881,8.155753375970457,7.86351007131934,7.998807907104492,6666800
2004-02-23,7.982571762304406,7.998807356968305,7.565854209009101,7.647033214569092,5663200
2004-02-24,7.665974841090643,7.84186191259755,7.536089051312025,7.787743091583252,6483800
2004-02-25,7.828331356777384,7.887862207279807,7.676797954331099,7.749858379364014,3239000
2004-02-26,7.776917716446041,7.906803484491698,7.641619912368441,7.8310370445251465,3970400
2004-02-27,7.817505357003619,7.868918656560877,7.617264709820688,7.7850341796875,5068400
2004-03-01,7.744450413124324,8.163873609483582,7.730920316264735,8.158461570739746,6401400
2004-03-02,7.9663385858697415,8.169285387195048,7.849982337197301,7.890571594238281,7235200
2004-03-03,7.801273681077034,7.841862931139764,7.576679280201585,7.614562511444092,5829000
2004-03-04,7.644327266998058,7.749859407472471,7.598325984923525,7.722800254821777,4027000
2004-03-05,7.571266772238663,7.84727448131231,7.549619139141924,7.755271911621094,5802200
2004-03-08,7.771511561656335,7.806689306365244,7.287145324887459,7.338558673858643,4375600
2004-03-09,7.338555354158057,7.576679334727996,7.176197836618393,7.373732566833496,5360200
2004-03-10,7.3060832667079,7.473852813258566,7.300671229308135,7.311495304107666,5626200
2004-03-11,7.262788394980435,7.490088816936987,7.178903875200379,7.200551509857178,4784800
2004-03-12,7.224903517638553,7.473851517545355,7.2113734264848,7.460321426391602,4000200
2004-03-15,7.37102881726435,7.398088497871702,7.176200045908283,7.184317588806152,4907800
2004-03-16,7.30608418887278,7.3602035374607215,6.951603952370801,7.024664402008057,9543400
2004-03-17,7.122077852672785,7.122077852672785,6.986780019556295,7.011133670806885,8587800
2004-03-18,7.157256370534573,7.381850777723096,7.151844332741999,7.279024124145508,10074400
2004-03-19,7.2790221882450155,7.325023465006914,7.116664710490069,7.138312339782715,3676800
2004-03-22,7.030076736953385,7.1870222351413995,6.940780169296763,6.978663921356201,4413600
2004-03-23,7.0679620550826066,7.092315200639158,6.797366273000311,6.843367576599121,4804000
2004-03-24,6.873130716978136,7.21408136290686,6.802775772632177,7.0787835121154785,5922400
2004-03-25,7.178903471835858,7.3223188498338825,7.105842515429152,7.273611545562744,6803400
2004-03-26,7.360201105198823,7.365612625373031,7.1410182803574305,7.1680779457092285,3318000
2004-03-29,7.219492571438644,7.398085672677028,7.178903324088154,7.227610111236572,3775400
2004-03-30,7.246551684034987,7.246551684034987,7.0354868914870865,7.1545491218566895,5495400
2004-03-31,7.1356074441983415,7.246551618267586,7.062546495580965,7.149137020111084,4873800
2004-04-01,7.20055172068774,7.40620451400896,7.178904085397102,7.319613456726074,3404600
2004-04-02,7.603740805926344,7.62809446512499,7.430559172055922,7.54150390625,4974200
2004-04-05,7.525266188542585,7.747154577488185,7.457617264297204,7.739037036895752,3458000
2004-04-06,7.5631486515486435,7.655151214174012,7.522558891004323,7.609149932861328,3154000
2004-04-07,7.590210114047815,7.703860342700057,7.427853086933527,7.565856456756592,3785000
2004-04-08,7.733623351139129,7.733623351139129,7.438674062990011,7.4792633056640625,2818000
2004-04-12,7.473853132073741,7.517148400878139,7.373732500388373,7.438675403594971,3171200
2004-04-13,7.457616581527437,7.522559480922824,7.254669827371746,7.268199920654297,3174800
2004-04-14,7.222198751492714,7.408909396701971,7.216786714092948,7.311495304107666,2409000
2004-04-15,7.641619282706246,7.641619282706246,7.2979627647972745,7.3060808181762695,8566000
2004-04-16,7.27361172623282,7.362908280907855,7.146431941126044,7.251964092254639,4825400
2004-04-19,7.22490183159603,7.517145022754966,7.211371743599733,7.473849773406982,4195200
2004-04-20,7.460322434536205,7.641621551534565,7.230316015042722,7.254669666290283,5460600
2004-04-21,7.338554353729312,7.576678301836993,7.292553071966206,7.509029388427734,4392000
2004-04-22,7.463026490222066,7.733622085249871,7.29796301209666,7.66597318649292,6040400
2004-04-23,8.21528684438342,8.948601053190398,8.117872212672813,8.82953929901123,24348200
2004-04-26,8.659060092037198,8.767298756083823,8.361404798149378,8.458819389343262,8267600
2004-04-27,8.483170856602273,8.631998207231057,8.17198606775659,8.236928939819336,6395600
2004-04-28,8.190935661891094,8.272114202103145,7.9501050291702775,7.974458694458008,7438600
2004-04-29,8.012341362048222,8.071872248967425,7.695744272833293,7.820218086242676,6381000
2004-04-30,7.825623971909191,7.9311560799524585,7.552322381939612,7.587500095367432,6019800
2004-05-03,7.671389744562485,7.817511183633919,7.362910233419781,7.54150390625,6908400
2004-05-04,7.5442081151951434,7.958219734416721,7.5442081151951434,7.833745956420898,10051200
2004-05-05,7.84456423321591,8.253163539223335,7.590204294378704,8.199044227600098,9674800
2004-05-06,8.069159466567191,8.301871811882082,8.02586421852536,8.236928939819336,8648200
2004-05-07,8.226108582811742,8.629296084765244,8.161165681435369,8.299169540405273,10671400
2004-05-10,8.207170419787127,8.358703920068695,8.088108125791349,8.166581153869629,8158000
2004-05-11,8.264120031826407,8.264120031826407,8.09883746581222,8.228896141052246,7474000
2004-05-12,8.155737070105879,8.169284599208993,7.86310599695468,8.05819320678711,7006000
2004-05-13,7.998586246475001,8.033810144958633,7.7845316949962315,7.914589881896973,7348200
2004-05-14,7.88749553488476,7.9660721695179175,7.724922527995549,7.768275260925293,3952400
2004-05-17,7.657183152948244,7.849560824009849,7.575896398163032,7.711373805999756,4085200
2004-05-18,7.833300447567396,7.947101443865437,7.752014243128118,7.901039123535156,3930000
2004-05-19,8.02839105180273,8.413146915082429,8.001295983373206,8.16928768157959,8976600
2004-05-20,8.223479657426424,8.223479657426424,7.993167935582469,8.02839183807373,5999600
2004-05-21,8.161156069283196,8.228894746589711,8.066321817693057,8.174703598022461,3750400
2004-05-24,8.272248876156732,8.318311205290065,8.060903980696997,8.115095138549805,4905600
2004-05-25,8.115094180652763,8.380629685816597,7.96064955404429,8.342696189880371,8913000
2004-05-26,8.470043693610842,8.529653539517218,8.326437521484728,8.445657730102539,6351800
2004-05-27,8.497140656869997,8.627198805665726,8.470045080002933,8.613651275634766,6842800
2004-05-28,8.532369950665856,8.610947121681924,8.434826018868108,8.575722694396973,4661400
2004-06-01,8.486303383524325,8.602814018271642,8.45920780294038,8.581137657165527,3391600
2004-06-02,8.54049616511346,8.59468681975794,8.144901853862734,8.16115951538086,6047400
2004-06-03,8.112382221984138,8.153025315403097,7.917294546685179,7.952518939971924,5385800
2004-06-04,8.117805416061978,8.218058917679507,8.058195547168337,8.082581520080566,5398000
2004-06-07,8.12864349318472,8.391469446747807,8.112386350903817,8.361664772033691,4777200
2004-06-08,8.285799194415965,8.467338962442957,8.280379973446717,8.396890640258789,4445000
2004-06-09,8.237023280035613,8.39688660414989,8.10696514012047,8.142189025878906,6147800
2004-06-10,8.18283423690746,8.364373952951333,8.177415017489983,8.307473182678223,6318000
2004-06-14,8.174708514440045,8.25870438011133,7.944396769723224,8.041940689086914,3538400
2004-06-15,8.155740196696248,8.293927217104944,8.147611366035042,8.2343168258667,2848000
2004-06-16,8.212642754908456,8.288510311855545,8.115099343754142,8.193675994873047,1894200
2004-06-17,8.120512441372014,8.147608015628668,7.892910444504271,7.947101593017578,3260400
2004-06-18,7.85768950709629,8.288507697278062,7.817046388868919,8.022972106933594,5494000
2004-06-21,7.993167400360108,8.136773644789374,7.982328959208321,7.993167400360107,2938200
2004-06-22,7.990459191019053,8.337281616603953,7.914591640070836,8.296638488769531,3644400
2004-06-23,8.321019898318523,8.426692599374494,8.155737856737407,8.383339881896973,3876400
2004-06-24,8.399597480648854,8.470045779599952,8.21534816290063,8.264120101928711,3121200
2004-06-25,8.261410920533805,8.432112715979713,8.234315340024352,8.31831169128418,2288000
2004-06-28,8.423982328056494,8.51881658388935,8.315600542878283,8.415853500366211,5250400
2004-06-29,8.434820173071083,8.529654428059567,8.383339148572999,8.494430541992188,2879200
2004-06-30,8.480885043099434,8.548623743177881,8.34811725296231,8.545914649963379,4750200
2004-07-01,8.532361319975543,8.532361319975543,8.163862854200712,8.29392147064209,4418400
2004-07-02,8.329149502090635,8.331859111785889,8.041937592861359,8.128643035888672,3474000
2004-07-06,8.06632439608405,8.10425790212347,7.662601812304389,7.76014518737793,7794000
2004-07-07,7.7953682260384305,7.976907927918266,7.787239397546437,7.854978084564209,6045000
2004-07-08,7.681567164328798,7.779110521611988,7.5758944617980255,7.592152118682861,6569600
2004-07-09,7.668020429656759,7.803497826059213,7.58402458859271,7.665311336517334,5510000
2004-07-12,7.491899301486715,7.502737740373972,6.90392742878848,7.123401165008545,13634600
2004-07-13,7.199263081513332,7.334740371016571,7.104428875500096,7.169457912445068,6072200
2004-07-14,6.958115911501919,7.126107515154357,6.874120109675699,6.966244220733643,6681800
2004-07-15,7.082759251811957,7.2317847217824704,6.9635394960019505,7.12611198425293,4360600
2004-07-16,7.183009395955324,7.196556924680173,6.958117008209228,6.9581170082092285,5093000
2004-07-19,7.01501988440432,7.353713397815967,6.949990791845919,7.25346040725708,6058200
2004-07-20,7.296812658662203,7.551510308804546,7.153206432312799,7.5162858963012695,8135600
2004-07-21,7.676149067506152,7.746597373890108,7.112563133239746,7.112563133239746,11730400
2004-07-22,7.101723004628526,7.752014749872237,7.101723004628526,7.649051666259766,11358200
2004-07-23,7.586731266866587,7.619246056833096,7.378096032994543,7.3970627784729,5142200
2004-07-26,7.394355124613533,7.513574838467677,7.215524520222009,7.258877754211426,4779000
2004-07-27,7.315781011418924,7.516287540085613,7.19656073171252,7.453968048095703,3603000
2004-07-28,7.394358330496235,7.4946113386483955,7.26971882694917,7.416034698486328,3951200
2004-07-29,7.472930215950837,7.844138363003273,7.4648013893245615,7.811623573303223,6503800
2004-07-30,7.776401441383036,7.952521923475997,7.703243535699675,7.8495588302612305,4287600
2004-08-02,7.754726476804025,7.96607088659861,7.697825700994151,7.909170627593994,4379400
2004-08-03,7.79536944293628,7.841431777971142,7.5921533501598715,7.654472827911377,3099800
2004-08-04,7.668020582365051,7.762854865096439,7.448547340527747,7.651763439178467,3626000
2004-08-05,7.632795227284621,7.781820131092793,7.58673289972125,7.592152118682861,3819200
2004-08-06,7.544928670843678,7.558498997404151,7.219248598217744,7.268100738525391,4668800
2004-08-09,7.251816897015975,7.458081217493961,7.219249146109227,7.390231132507324,4674400
2004-08-10,7.425512564369847,7.569354395765152,7.15953987012069,7.325094223022461,7440400
2004-08-11,7.064551084389407,7.137828783267714,6.823004428148465,7.110689163208008,8153400
2004-08-12,6.991273039317003,7.113402885546129,6.9315651490042125,7.007556915283203,5136400
2004-08-13,7.010268210041754,7.189392327835467,6.966844212858725,7.156824588775635,5293000
2004-08-16,7.154110186648102,7.387514031079021,7.154110186648102,7.306094169616699,4681400
2004-08-17,7.357665164367759,7.566643083344241,7.357665164367759,7.428229331970215,4730400
2004-08-18,7.382091375311408,7.569357285911869,7.3250970199052485,7.553073406219482,6372800
2004-08-19,7.561215391810523,7.585641469488354,7.373948968832218,7.4662251472473145,5056600
2004-08-20,7.466225532558134,7.642635700048017,7.3848050968784245,7.585641860961914,4790400
2004-08-23,7.585641860961913,7.699630056789336,7.48250941263199,7.585641860961914,5467200
2004-08-24,7.620921718523323,7.67248792936609,7.35223543727166,7.449939727783203,5267600
2004-08-25,7.34138192754975,7.387520024517847,7.148687857518758,7.297957897186279,8143800
2004-08-26,7.3088119373328935,7.314240068888731,7.09711946555127,7.235533714294434,4221400
2004-08-27,7.306098351654998,7.354950503557489,7.240962321670061,7.262674331665039,2615600
2004-08-30,7.235534754207025,7.273530645248539,7.113404364923316,7.116118431091309,2714800
2004-08-31,7.137829213520267,7.183967295119969,6.947849273375397,7.16225528717041,3354800
2004-09-01,7.097116500919452,7.314237013560589,7.094402436275262,7.2843828201293945,4255400
2004-09-02,7.295243993718347,7.463512503381083,7.227393880051246,7.425516605377197,7135400
2004-09-03,7.075404371921558,7.238244624008264,6.8474281225311495,6.855570316314697,8982200
2004-09-07,6.950562403333176,7.021126549083085,6.842001860545603,6.9342780113220215,5075400
2004-09-08,6.888140818793006,7.23010533003168,6.885427270765048,7.053695201873779,6947200
2004-09-09,7.21924836536281,7.422798598309194,7.0645502711483585,7.3549485206604,7997600
2004-09-10,7.330524764460933,7.544930808306915,7.230106390085227,7.487936973571777,5743600
2004-09-13,7.341378810761152,7.808187715467258,7.330523066606737,7.639919281005859,7488400
2004-09-14,7.591068576148947,7.7240547025761765,7.534074743818057,7.707770824432373,7275400
2004-09-15,7.623631308783252,7.664341233379944,7.395655109856041,7.433650970458984,4623400
2004-09-16,7.43636840677695,7.487934610733437,7.306096381928465,7.3549485206604,3953600
2004-09-17,7.4092340189730805,7.4635143302552835,7.3278140697051874,7.422804355621338,4879400
2004-09-20,7.420086278986003,7.8434707181908765,7.273529828306355,7.658918380737305,5958200
2004-09-21,7.7539062819950875,7.829898550330213,7.686056208799254,7.794616222381592,4310000
2004-09-22,7.707772224558618,7.710486291018125,7.474368203248795,7.490652084350586,3606800
2004-09-23,7.496078912699559,7.667060928649853,7.425514749998676,7.574784755706787,4538800
2004-09-24,7.558497928517958,7.63177612861678,7.354947717791199,7.4119415283203125,5172600
2004-09-27,7.118831474119504,7.36580576570384,7.091691333995432,7.235533714294434,5501800
2004-09-28,7.227389993216868,7.2599582580304425,6.991272014524739,7.086262226104736,5785200
2004-09-29,7.091687158694284,7.259955514269776,7.034693363879,7.170393466949463,5105600
2004-09-30,7.183964498913946,7.422797011053707,7.167680628703704,7.2843828201293945,4665000
2004-10-01,7.414657003385924,7.661631264625488,7.341378789350874,7.626349449157715,3609600
2004-10-04,7.6317770510818015,7.916747173482073,7.629062985825463,7.718625068664551,5331400
2004-10-05,7.702341348024982,7.791903438665212,7.577497441289234,7.656203269958496,3207200
2004-10-06,7.588355409594878,7.648063832624374,7.449941652484278,7.585641860961914,4841400
2004-10-07,7.542217016883398,7.8000470744079164,7.477080468348725,7.615494728088379,3737000
2004-10-08,7.509648975782734,7.544930799483917,7.327810689810851,7.365806579589844,4428600
2004-10-11,7.24910433499694,7.544930808306915,7.24910433499694,7.487936973571777,3204800
2004-10-12,7.335954499472656,7.534076707776091,7.265390318914867,7.479796409606934,3149600
2004-10-13,7.620922658702198,7.7511947170189535,7.520504290215234,7.569356441497803,4904200
2004-10-14,7.5449268479965355,7.577495106218183,7.346804786974982,7.430938720703125,3509800
2004-10-15,7.41737385991639,7.599212171878259,7.354951884170364,7.5042219161987305,4503000
2004-10-18,7.501504263388115,7.620920542513012,7.36309004574096,7.6046366691589355,3788400
2004-10-19,7.7213396916117185,7.968313953571554,7.60735153088756,7.639919281005859,5958600
2004-10-20,7.653492281057644,7.897752562866881,7.547645762071294,7.783764362335205,4680000
2004-10-21,7.843468986775131,8.38626961586206,7.789189234459449,8.266853332519531,8463800
2004-10-22,8.190861733552968,8.212573738428551,7.800045128137441,7.816329002380371,6869200
2004-10-25,7.726768460671157,8.05244911650147,7.699628837397908,7.927604675292969,6357600
2004-10-26,7.938457172280495,7.952026977478849,7.7729028570551675,7.8896050453186035,4285000
2004-10-27,7.843472933951319,8.274999692650834,7.835331251716979,8.264143943786621,6827000
2004-10-28,8.147439177036539,8.410697347816448,8.144725111236111,8.312993049621582,5066800
2004-10-29,8.212577729354962,8.3591337040707,8.098589518951485,8.209863662719727,4161000
2004-11-01,8.231573473218631,8.277711558348418,8.063305010493778,8.133869171142578,4780800
2004-11-02,8.079588686028316,8.147438774723236,7.973742195658776,8.060590744018555,5134000
2004-11-03,8.261429525803827,8.331993702213644,8.04159479703104,8.131156921386719,6402800
2004-11-04,8.036165116226428,8.29399515696898,7.995454646628281,8.23428726196289,3395000
2004-11-05,8.367271162427024,8.39712536084161,8.139294870809243,8.226142883300781,4212200
2004-11-08,8.264142393548951,8.266855942014523,8.101302049890096,8.152868270874023,3492400
2004-11-09,8.15015449323843,8.16643837288415,8.00631208967817,8.052450180053711,4001000
2004-11-10,8.023086619201342,8.052993241301326,7.778397536154523,7.816460132598877,4939200
2004-11-11,7.9360836692770755,7.93880249941295,7.843645518912664,7.854520320892334,3839000
2004-11-12,7.8518001103068755,7.903456836678899,7.753924835442301,7.830049991607666,5444600
2004-11-15,7.756647973737523,7.911617720371943,7.748491480233177,7.819179534912109,5869400
2004-11-16,7.830053083385602,7.8708350257930615,7.7213024469482345,7.759365558624268,4612200
2004-11-17,7.903459054269379,8.063866419145317,7.859958804665451,7.955115795135498,4366200
2004-11-18,7.963269233703613,7.963269233703613,7.827330876161908,7.963269233703613,3074000
2004-11-19,7.97142760254551,7.979584093135908,7.713144956615601,7.756645202636719,4953600
2004-11-22,7.702271320441773,7.8409285794221475,7.702271320441773,7.789271831512451,2511200
2004-11-23,7.70770778682127,7.849083854670476,7.617988458871556,7.704988956451416,2570600
2004-11-24,7.76480245322289,7.8218968596292235,7.683239608144039,7.7783966064453125,2743000
2004-11-26,7.802865645292022,7.808302788073937,7.696833323303816,7.702270984649658,656400
2004-11-29,7.775676990376018,7.843646193930767,7.617988458871556,7.704988956451416,4516800
2004-11-30,7.713147191950732,7.762084593984084,7.522833171530854,7.661490440368652,4516800
2004-12-01,7.340675654847692,7.495645391257572,7.131330335791123,7.47933292388916,17150000
2004-12-02,7.550017832453846,7.816456935720492,7.517392392727997,7.536423683166504,7504400
2004-12-03,7.661485958584105,7.802861975705082,7.6043915784313825,7.617985725402832,6110800
2004-12-06,7.585362720020902,7.634300627660368,7.482049762776136,7.59351921081543,2867800
2004-12-07,7.612553665853195,7.612553665853195,7.324364279415262,7.327083110809326,4683600
2004-12-08,7.392329917371369,7.392329917371369,7.095984180716382,7.242797374725342,6747400
2004-12-09,7.085111367180685,7.1449246128269275,6.94101695226346,7.104142665863037,12091000
2004-12-10,7.06879914981726,7.139487203543115,7.019861226579052,7.085111618041992,3174200
2004-12-13,7.093265080482903,7.229203467585199,7.090546250513202,7.210172176361084,6598000
2004-12-14,7.104142799998894,7.310769295498942,7.104142799998894,7.278144359588623,3964000
2004-12-15,7.3760181600149135,7.386893482111258,7.210173646556845,7.34067440032959,3704600
2004-12-16,7.308049010815611,7.346112119892106,7.12861034330782,7.19929838180542,4599200
2004-12-17,7.272709658623391,7.297178629801094,7.068801911185353,7.082395553588867,3409000
2004-12-20,7.144925500759917,7.188425765600983,7.036174320093191,7.076956272125244,2342000
2004-12-21,7.095985187177517,7.231923598738144,7.074235062070372,7.180266857147217,3463000
2004-12-22,7.128608273785858,7.218327581493144,7.104139324541712,7.1693902015686035,3002400
2004-12-23,7.1748337739125825,7.180271438299676,7.04433294000765,7.082395553588867,2517000
2004-12-27,7.0851113874489435,7.1340493090944115,6.979079569593097,7.079674243927002,2703400
2004-12-28,7.044334653390074,7.139491729052241,7.019865676260821,7.117741584777832,1942600
2004-12-29,7.112295384726103,7.185702228029906,7.109576555133697,7.1829833984375,1636200
2004-12-30,7.131329764264274,7.226486766987809,7.125892102722599,7.150361061096191,2021000
2004-12-31,7.128607182339469,7.248233080488093,7.1258883529993104,7.229201793670654,2754200
2005-01-03,7.245517913102398,7.283581024538412,6.998110022306019,7.068798065185547,4665800
2005-01-04,7.109581743306916,7.120457069612743,6.8512989663127275,6.946455478668213,5362800
2005-01-05,6.9111096329170625,6.976360015493555,6.707201992904046,6.734389781951904,6521200
2005-01-06,6.775172651379974,6.79964161488586,6.655546665191651,6.65554666519165,4903600
2005-01-07,6.660980987941249,6.772450424213529,6.587574134231075,6.669137477874756,3545200
2005-01-10,6.660983274761967,6.728952491851375,6.541357307486697,6.666420936584473,5978200
2005-01-11,6.633794994417077,6.669139275089802,6.55495097806796,6.601170063018799,3272000
2005-01-12,6.693607291890148,6.747982342764195,6.554950056530955,6.652825355529785,3806800
2005-01-13,6.663699582929145,6.726231114522854,6.5848550720436885,6.63651180267334,5015200
2005-01-14,6.674576347737706,7.112298234811071,6.671858035619723,6.845859050750732,6532600
2005-01-18,6.756138394814745,6.892076791013981,6.747981904359813,6.848576545715332,3193200
2005-01-19,6.851295925791546,6.886639683472157,6.728951151966606,6.772451400756836,2961600
2005-01-20,6.742544364288816,6.911108206749763,6.731669562052149,6.761576175689697,5202800
2005-01-21,6.7969229371485405,6.875767492130215,6.745266177628273,6.777891635894775,5233400
2005-01-24,6.780608329687451,6.83226455435885,6.699044969016355,6.7588582038879395,5940800
2005-01-25,6.799638521904955,7.115015554119396,6.796919691800577,6.935576915740967,7598400
2005-01-26,7.161237713050613,7.166675375601325,6.924704577735055,7.030736923217773,6709200
2005-01-27,7.014422163811937,7.212892648269478,6.943734642763616,7.163954734802246,4659000
2005-01-28,7.147644075237874,7.21561330142965,6.913829771197673,7.030736923217773,4222000
2005-01-31,7.098708546750148,7.155802467121974,7.030739297604135,7.082395553588867,2653400
2005-02-01,7.060647131954794,7.1286163976328645,7.025303341970509,7.117741584777832,4575800
2005-02-02,7.1476435788193315,7.3053321518898935,7.1231746176045885,7.278144359588623,5447800
2005-02-03,7.416798979391018,7.438549101735585,7.123172068457446,7.207453727722168,4234200
2005-02-04,7.245515357066699,7.558173519016101,7.207452777622142,7.555455207824707,3650600
2005-02-07,7.536425435033004,7.598957499163015,7.411362343900766,7.454862594604492,3715000
2005-02-08,7.460298889321572,7.647893491664288,7.430392277978329,7.585361957550049,3632000
2005-02-09,7.56355793073304,7.593539768167636,7.3727652704789906,7.383667945861816,5564800
2005-02-10,7.446357543996155,7.522674720007028,7.383668713630919,7.495418548583984,3251200
2005-02-11,7.495418055955444,7.833393207730706,7.454534061442053,7.724369049072266,4530200
2005-02-14,7.724370369734573,7.765254371238043,7.618071861851895,7.688937187194824,1789200
2005-02-15,7.6753103201908885,7.8824565429072315,7.6426033228436685,7.748901844024658,3681800
2005-02-16,7.7107407690320695,7.748899092343021,7.590813941652867,7.702563762664795,3282600
2005-02-17,7.672581736830245,7.729819740254714,7.413649446663617,7.4409050941467285,2558400
2005-02-18,7.4463601226238945,7.476341973558591,7.296451907687233,7.301903247833252,3274200
2005-02-22,7.263739896470854,7.391843711370631,7.184697592688606,7.228307247161865,4518200
2005-02-23,7.331882715590369,7.35913888952523,7.138364868402591,7.2392120361328125,3916800
2005-02-24,7.2364867667525905,7.530852317810059,7.222858938966015,7.530852317810059,4862200
2005-02-25,7.487241913307587,7.721644271379871,7.487241913307587,7.664406776428223,3822800
2005-02-28,7.678033521714506,7.732545859593762,7.438180378755782,7.484515190124512,5266200
2005-03-01,7.533578612037337,7.781608841371878,7.530852942280343,7.748901844024658,3560000
2005-03-02,7.653504099369859,7.836119781151422,7.593540935153619,7.664406776428223,4056000
2005-03-03,7.64805572481407,7.705293761816345,7.389123282748745,7.620799541473389,4212000
2005-03-04,7.6725838520230365,7.830669042399817,7.631699849659236,7.680760860443115,7246600
2005-03-07,7.6834883804555885,7.836122268646944,7.634427357855547,7.765256404876709,3917000
2005-03-08,7.789785428877452,7.836120772500886,7.552657371541451,7.582639217376709,4960600
2005-03-09,7.558109674874487,7.697115723476432,7.449085475932291,7.479067325592041,5503000
2005-03-10,7.45726184827835,7.544481199975678,7.318255811560105,7.487243175506592,2961000
2005-03-11,7.48724051138571,7.571734683162457,7.3182532075685325,7.416374683380127,3429200
2005-03-14,7.394568841878164,7.5117699829400895,7.353684855892584,7.438179016113281,1615000
2005-03-15,7.454538078283534,7.481794262602055,7.258293967084963,7.263745307922363,2242600
2005-03-16,7.20650612562537,7.236487453575056,7.075676575062867,7.0893049240112305,4424000
2005-03-17,7.07294904025816,7.132912195807287,7.004808878097169,7.007534027099609,2888200
2005-03-18,7.06477376459677,7.1301882739144435,7.004810594355979,7.056596755981445,4456200
2005-03-21,7.048419455604142,7.094754792685487,6.933943947513068,6.988455772399902,2498800
2005-03-22,7.00208095157794,7.102928067934356,6.857623667220788,6.917586803436279,4906000
2005-03-23,7.070221290295355,7.094751783042311,6.950294494628906,6.950294494628906,4118600
2005-03-24,7.018434020648991,7.062043666178148,6.955745220184326,6.955745220184326,3097000
2005-03-28,6.969373039461694,7.05114151472985,6.953019552355256,6.955745220184326,2765000
2005-03-29,6.9502931089240345,7.10292685124327,6.876701645355361,6.991177082061768,4538000
2005-03-30,7.002083110570861,7.201052256509221,6.991180435241988,7.198326587677002,2851800
2005-03-31,7.192877776677007,7.19560344646668,7.029341748243502,7.0893049240112305,2904800
2005-04-01,7.149269358469079,7.154720699008179,6.838550225898627,6.893062591552734,5277200
2005-04-04,6.849447425554698,6.936667251395288,6.789484282665609,6.8194661140441895,3786000
2005-04-05,6.8549017487554496,6.8794322542314195,6.754054577237173,6.835822582244873,3880800
2005-04-06,6.895789444782111,6.909417799495213,6.732253347173505,6.762234687805176,2896800
2005-04-07,6.7513302758924745,7.081128552106958,6.745878935822383,7.021165370941162,3810000
2005-04-08,7.018437294290163,7.1628946374028715,6.985729784953395,7.042967796325684,2743800
2005-04-11,7.06750061880681,7.083854118910365,6.955750748340462,6.985732078552246,1454200
2005-04-12,6.953024072664999,7.067499596569019,6.846725557564236,7.048420429229736,2406400
2005-04-13,7.029342985819556,7.053872978508613,6.85490372764748,6.893062591552734,2284800
2005-04-14,6.950299407858093,6.9639272379653585,6.781311507238665,6.80039119720459,3153000
2005-04-15,6.73224990042613,6.775859573443815,6.595969542278785,6.704993724822998,4609600
2005-04-18,6.694089127235551,6.906686612139836,6.661382141784529,6.789485454559326,3713400
2005-04-19,6.841275330862619,7.034793225193957,6.841275330862619,6.958476543426514,3822200
2005-04-20,7.0211627361868265,7.075674556826482,6.8767053977487365,6.928492069244385,3915400
2005-04-21,6.991179293114487,7.2201302389360595,6.98572795634062,7.124733924865723,4670200
2005-04-22,7.067495028817938,7.078397180307858,6.8358184611423285,6.912135601043701,5092000
2005-04-25,6.963924749146695,7.03206491506738,6.863077594710279,6.969376087188721,4047200
2005-04-26,6.953020162697238,7.1683427414151515,6.898507841066663,6.950294494628906,4370200
2005-04-27,6.920317682674387,7.023891064885068,6.816744820332111,6.958476543426514,3385000
2005-04-28,7.340062941827281,7.767983344651954,7.329160259525975,7.609898090362549,17741400
2005-04-29,7.6616803128272,7.817039805723974,7.35913781411146,7.7625274658203125,7220200
2005-05-02,7.770705278406001,7.797961451183657,7.623522257327611,7.664406776428223,4629800
2005-05-03,7.658954482165048,7.79523480917913,7.607167812336603,7.645326137542725,3206000
2005-05-04,7.680760486716139,7.795235999685661,7.658955651858529,7.7788825035095215,2823600
2005-05-05,7.7489007795998255,7.795236119367176,7.650778761299961,7.732547283172607,3814400
2005-05-06,7.759801752269416,7.817039760826331,7.705289932547048,7.8061370849609375,2456800
2005-05-09,7.770708429975213,7.773434100345255,7.645330192295597,7.757080078125,2838200
2005-05-10,7.737996711019588,7.751625055482552,7.596265567682062,7.669856548309326,4214200
2005-05-11,7.706780619975003,7.758742735581907,7.455175272864505,7.643879413604736,5859400
2005-05-12,7.690369592760648,8.013080244514795,7.632937686866152,7.906421661376953,7833000
2005-05-13,7.950178858865961,8.05136815644823,7.868133877194381,7.952913761138916,4359400
2005-05-16,7.90915760811662,8.032225621549244,7.862665305445335,8.021286010742188,2897200
2005-05-17,7.98846946632572,8.204522132873535,7.974795471422718,8.204522132873535,4987800
2005-05-18,8.171699042711642,8.209987145013583,8.043161792146488,8.177168846130371,4593200
2005-05-19,8.204519922855212,8.218193914074908,8.089656623070066,8.141618728637695,3333800
2005-05-20,8.092386887270125,8.209985022220534,8.089651986267903,8.201780319213867,2246600
2005-05-23,8.190844575427528,8.212723270734047,8.040428088769625,8.196313858032227,3357800
2005-05-24,8.14982390487404,8.18537712097168,8.089657605916472,8.18537712097168,2749200
2005-05-25,8.185374654791323,8.185374654791323,7.999405486515916,8.081450462341309,2697000
2005-05-26,8.122477120196587,8.22640083769602,8.081454092228643,8.204522132873535,3779200
2005-05-27,8.18810932801184,8.212722924397355,8.056836640079354,8.117003440856934,1619200
2005-05-31,8.136149393710793,8.193580786107836,8.051369495664481,8.108800888061523,2782800
2005-06-01,8.149818243429705,8.31117375115761,8.067773299879155,8.201780319213867,3531600
2005-06-02,8.1771691352846,8.240070311936753,8.141616455064005,8.223661422729492,3025000
2005-06-03,8.231862474715172,8.261945337972364,8.13067323931657,8.182635307312012,2407800
2005-06-06,8.16349648882434,8.199049174884841,8.034958690971079,8.168966293334961,2752800
2005-06-07,8.188110334941241,8.390488413286773,8.127943526764675,8.160761833190918,3888600
2005-06-08,8.234605219398071,8.245544310558564,7.991204051116343,8.070514678955078,3387600
2005-06-09,8.092389689900124,8.193578453881813,8.010344717935014,8.174434661865234,3836400
2005-06-10,8.253748756204587,8.253748756204587,7.917363498112849,8.051370620727539,3542800
2005-06-13,8.051362588585306,8.207248258937238,7.974786942785713,8.100589752197266,2302600
2005-06-14,8.13067860439747,8.185375609077365,8.059572706965325,8.092391014099121,2150200
2005-06-15,8.125210006417621,8.16349812403209,7.914627706870224,8.084187507629395,2894400
2005-06-16,8.289299497533484,8.349466308498965,8.201784705179303,8.322117805480957,5018400
2005-06-17,8.40962859639036,8.456120872910365,8.264681964503513,8.390484809875488,4831000
2005-06-20,8.324849796127396,8.354932669458611,8.22366052684296,8.267417907714844,1658600
2005-06-21,8.215456192442632,8.357667416839108,8.20451658661184,8.33578872680664,1881200
2005-06-22,8.302974009857143,8.382284094817129,8.25648171121532,8.322117805480957,1739200
2005-06-23,8.335792528553156,8.683117347650208,8.283830942045865,8.308444023132324,5401000
2005-06-24,8.297499767775529,8.42056770473038,8.177166731822897,8.201780319213867,4161200
2005-06-27,8.179902577274973,8.199046364871837,7.9474411815364325,8.029486656188965,3476800
2005-06-28,8.070514420868289,8.111536924259818,8.013082498816605,8.051370620727539,2047000
2005-06-29,8.026753761319785,8.125207625232624,7.974791666547118,8.117003440856934,2403800
2005-06-30,8.136142413900952,8.231861840743216,8.095119951433956,8.100589752197266,2429600
2005-07-01,8.136149197916595,8.226398899246798,8.092391798582517,8.188111305236816,3567800
2005-07-05,8.152556433294574,8.467062872620298,8.1388824443962,8.406896591186523,4861600
2005-07-06,8.395958110096856,8.661237373919496,8.36860960869789,8.543639183044434,5206400
2005-07-07,8.475271202707345,8.47800610598223,8.302976469425316,8.4588623046875,3690000
2005-07-08,8.505353660849428,8.811656012016089,8.431512845617814,8.800716400146484,4123400
2005-07-11,8.69405536815843,8.770630543374446,8.49441168024562,8.735077857971191,5416800
2005-07-12,8.72414018967794,8.874556714621148,8.639360288989927,8.81712532043457,2833200
2005-07-13,8.773362640871365,8.942922340244959,8.729604743814985,8.890959739685059,3566600
2005-07-14,8.956598702336171,8.992151905328026,8.784303534423154,8.91831111907959,3724600
2005-07-15,8.91557900379883,8.940192608348175,8.762428613944046,8.869087219238281,1979400
2005-07-18,8.869086710977335,8.869086710977335,8.737814508656571,8.819859504699707,1625000
2005-07-19,8.828064407151851,8.888231229316196,8.74601940445608,8.855413436889648,2621800
2005-07-20,8.803446603364076,8.882757186889648,8.707727653080326,8.882757186889648,2310800
2005-07-21,8.85814534555891,8.866349530560717,8.570987394651977,8.762426376342773,2565800
2005-07-22,8.735078070062036,8.855411161846552,8.620214782819831,8.672176361083984,1899800
2005-07-25,8.658501605352262,8.694054810102681,8.554577936388661,8.631153106689453,2519400
2005-07-26,8.66944263251175,8.770631416009058,8.472533827212233,8.647563934326172,4503400
2005-07-27,8.231867158832273,8.800713764989473,8.155291463561962,8.549108505249023,11260200
2005-07-28,8.546374407827756,8.696790388753804,8.499882110184,8.633889198303223,3423800
2005-07-29,8.560048753178462,8.614745760308338,8.442451074619072,8.497147560119629,3798400
2005-08-01,8.549106753624887,8.549106753624887,8.415099705580449,8.480735778808594,2394400
2005-08-02,8.494410056851962,8.58192482416176,8.450652673197062,8.527228355407715,2194800
2005-08-03,8.46979909781579,8.540904998779297,8.36040560465244,8.540904998779297,2653200
2005-08-04,8.478002737060711,8.478002737060711,8.390487953558186,8.436980247497559,2729000
2005-08-05,8.412367377079537,8.480738372808439,8.390488679311462,8.423306465148926,1820600
2005-08-08,8.426038717710576,8.467061197921101,8.395955843758397,8.398690223693848,2564600
2005-08-09,8.395959213560335,8.480739109573229,8.395959213560335,8.447920799255371,2025800
2005-08-10,8.515196277675745,8.517942292223376,8.372406663691322,8.40535831451416,3152000
2005-08-11,8.408100879341127,8.528922327373241,8.402608852499165,8.523430824279785,1909400
2005-08-12,8.487733417073404,8.493225444072934,8.347689871076497,8.44929027557373,2642800
2005-08-15,8.430073298606223,8.512451653495363,8.424581268613931,8.484992027282715,3121400
2005-08-16,8.454784415106703,8.47400599065929,8.333962409670747,8.441054344177246,3243600
2005-08-17,8.413593143128455,8.54539918050991,8.413593143128455,8.517939567565918,2564200
2005-08-18,8.471261704522991,8.567370125639702,8.441056066065203,8.490483283996582,2154400
2005-08-19,8.468514144777291,8.567368562605004,8.4328164833401,8.44654655456543,1811200
2005-08-22,8.457529079992273,8.58109708755247,8.383388799204758,8.51244831085205,1911800
2005-08-23,8.484987403573639,8.531668585572607,8.399863080074997,8.44929027557373,1682200
2005-08-24,8.457531558934662,8.682700052458811,8.405358850449268,8.55638599395752,3138400
2005-08-25,8.572858706214985,8.677205135965519,8.56462118853634,8.611302375793457,2182800
2005-08-26,8.589335672254597,8.600319204871681,8.408102932209303,8.474005699157715,1804800
2005-08-29,8.430070339813911,8.506956637725152,8.383389148761248,8.468513488769531,1617400
2005-08-30,8.435566118158793,8.435566118158793,8.320236089109308,8.399868965148926,2274600
2005-08-31,8.380644373134528,8.553639092746828,8.333963175183795,8.545401573181152,2384200
2005-09-01,8.517942665261577,8.517942665261577,8.08957380454815,8.306504249572754,7839800
2005-09-02,8.314740169943974,8.380642933895153,8.119777368308366,8.259820938110352,3785200
2005-09-06,8.259820599305534,8.361421016905663,8.224123466701949,8.358675003051758,2028200
2005-09-07,8.331216091907242,8.454784107026448,8.237853707983538,8.364167213439941,2042800
2005-09-08,8.301009086929113,8.325722685862956,8.163711547851562,8.163711547851562,3784200
2005-09-09,8.213139411286328,8.358675003051758,8.12252304910182,8.358675003051758,2953400
2005-09-12,8.350438635291807,8.372406226777747,8.268060298156707,8.270806312561035,1793400
2005-09-13,8.457530261149177,8.457530261149177,8.301011112212935,8.34220027923584,2779800
2005-09-14,8.33396683090665,8.364171955478211,8.191177159981155,8.19941520690918,1779000
2005-09-15,8.213140481549518,8.270805732498767,8.125270121768434,8.158221244812012,3012800
2005-09-16,8.136251853114771,8.22686820704084,8.097808710160846,8.188425064086914,3213600
2005-09-19,8.17195113395861,8.18568068096303,7.993464404157911,8.004447937011719,3372200
2005-09-20,8.037399583070432,8.20215676586671,7.935799154492324,8.004447937011719,3550600
2005-09-21,7.99895614219709,7.99895614219709,7.746328594201666,7.861658573150635,4070600
2005-09-22,7.834199816236684,7.894610560673179,7.784772605448333,7.858913421630859,3473000
2005-09-23,7.856165598955629,8.064857927720542,7.8232139580986155,7.955019474029541,3104000
2005-09-26,7.976990954821753,8.026418178366068,7.889120567964669,7.944039821624756,2306200
2005-09-27,7.963259923477416,7.976989472466681,7.702394302691598,7.834200382232666,4169800
2005-09-28,7.853420913066947,7.963258861580395,7.779280101414626,7.831453323364258,2247200
2005-09-29,7.806739519820658,8.20215664810482,7.7875179447909835,8.136253356933594,3130600
2005-09-30,8.15273031191835,8.317487509937244,8.13076272043241,8.270806312561035,2840600
2005-10-03,8.290029508642833,8.361424325852353,8.232364242387579,8.24884033203125,2941200
2005-10-04,8.232365422403397,8.262571067330965,8.064862677006836,8.08957576751709,2636800
2005-10-05,8.059366547460563,8.10604773690321,7.957766126762351,7.974242210388184,2418800
2005-10-06,7.979735277669514,8.001702869725262,7.716124173000539,7.7875189781188965,5121000
2005-10-07,7.828707576996009,7.894610348358553,7.765550819908821,7.7847723960876465,3049000
2005-10-10,7.738090176195579,7.757311749829007,7.573333007732676,7.6474738121032715,4360400
2005-10-11,7.6886619369077,7.6886619369077,7.477223607943091,7.496445178985596,4467600
2005-10-12,7.485464347144257,7.663951101704541,7.405831496975782,7.614523887634277,5881800
2005-10-13,7.589808984821969,7.740836615779969,7.521160204499778,7.713376998901367,3983800
2005-10-14,7.69689588998074,7.754560572484562,7.609025074560998,7.691403865814209,2703800
2005-10-17,7.661202859177944,7.795754389601398,7.658456845444988,7.727105617523193,3284600
2005-10-18,7.721616085802647,7.7490751826477595,7.680426393037578,7.688664436340332,2903200
2005-10-19,7.641982438752345,7.795755564737769,7.6062853023400425,7.773787975311279,4252800
2005-10-20,7.82046775537673,7.9797328808812935,7.779278598112344,7.856165409088135,7368400
2005-10-21,8.215885396107428,8.33670738650935,8.106047461082314,8.155474662780762,9355200
2005-10-24,8.152728216184839,8.235106532143838,8.103301017110017,8.224123001098633,3275000
2005-10-25,8.224125087591261,8.237854635818149,8.07858946714228,8.174697875976562,3092800
2005-10-26,8.12801267099094,8.251580115350276,8.08133149678894,8.23510456085205,2977600
2005-10-27,8.229615815891364,8.232361830027301,8.108794336402,8.18018913269043,4231400
2005-10-28,8.218633627784465,8.369660763730733,8.040146869734679,8.366914749145508,4271400
2005-10-31,8.372402691943654,8.424575896100958,8.265310794132557,8.279040336608887,5342400
2005-11-01,8.281801043606068,8.281801043606068,8.102362126303149,8.10788345336914,4447000
2005-11-02,8.091322200829463,8.284564500964981,8.08856153636548,8.21554946899414,6286200
2005-11-03,8.28180302785982,8.491608767750744,8.25971824084724,8.447439193725586,4061000
2005-11-04,8.46676624995567,8.502653843831222,8.345299616031499,8.436399459838867,2143600
2005-11-07,8.447439475931402,8.613075647330621,8.41431203103441,8.577187538146973,2505400
2005-11-08,8.566146625274252,8.607555542374874,8.475046797035706,8.505413055419922,2464600
2005-11-09,8.535780102127369,8.709697769900966,8.45848306837079,8.693134307861328,3328400
2005-11-10,8.695892780140918,8.762147138137804,8.626877758076308,8.701414108276367,3509800
2005-11-11,8.682090827017191,8.695893622149482,8.499891193247967,8.533018112182617,3545600
2005-11-14,8.538537209372848,8.57166411965004,8.486085653800759,8.557861328125,2945600
2005-11-15,8.557863788042491,8.579948576756369,8.494370086307955,8.535778999328613,3296000
2005-11-16,8.524738638495341,8.557866093763039,8.408793334872959,8.436399459838867,3280800
2005-11-17,8.47504701995123,8.571667653546402,8.42811677225802,8.566146850585938,2921000
2005-11-18,8.657246927569282,8.902940305490619,8.604795348880094,8.897418975830078,4692800
2005-11-21,8.806319050629407,9.046491622924805,8.806319050629407,9.046491622924805,3924200
2005-11-22,9.016124935018835,9.339115875252327,8.982998010126103,9.162436485290527,5761600
2005-11-23,8.944348804375268,9.109984464310209,8.933306146223382,9.0133638381958,4727800
2005-11-25,8.985757608405661,9.05201250729542,8.977476140951651,9.040969848632812,850000
2005-11-28,9.06857290377129,9.06857290377129,8.84220372998147,8.85600757598877,2493800
2005-11-29,8.864293337063994,9.007844769807933,8.847729345679118,8.872574806213379,1608400
2005-11-30,9.060296676804095,9.372245031996922,9.04925401484823,9.212129592895508,7241200
2005-12-01,9.2259322094907,9.562726020812988,9.217650739732345,9.562726020812988,6159200
2005-12-02,9.515794151364707,9.656584371074263,9.397088197080635,9.438496589660645,4715600
2005-12-05,9.386041983896625,9.413647568497394,9.209363715046376,9.286660194396973,1937200
2005-12-06,9.333594274439312,9.441257567027435,9.248015246776122,9.292184829711914,3262000
2005-12-07,9.300468782370011,9.372245031996922,9.162438667180325,9.212129592895508,2913800
2005-12-08,9.231450089521335,9.3418745594235,9.049250451342814,9.093420028686523,3316000
2005-12-09,9.12378818403822,9.275621063195931,8.97195530488051,9.23697280883789,2736200
2005-12-12,9.25905863791671,9.369482077444664,9.12654987863156,9.231451988220215,1899800
2005-12-13,9.242496490478516,9.355681144081114,9.109987704779344,9.242496490478516,2044200
2005-12-14,9.212126887674673,9.34739682419531,9.154154509059786,9.167957305908203,2095600
2005-12-15,9.2121282810678,9.236973740387342,9.093422314661769,9.109986305236816,3363600
2005-12-16,9.12654873719623,9.173478456181874,8.91674243808687,8.94710922241211,4782200
2005-12-19,8.949870565504678,9.010604142332332,8.671050245960126,8.690374374389648,2567400
2005-12-20,8.71797934358975,8.913982320017238,8.693133888457492,8.80907917022705,2494000
2005-12-21,8.858770306588921,8.969194788458564,8.792515933392906,8.869812965393066,2184600
2005-12-22,8.869812152874115,8.982996762533569,8.867050961883065,8.963672637939453,1308600
2005-12-23,8.958151298251295,9.14863240605774,8.958151298251295,9.101702690124512,1907400
2005-12-27,9.132070202970493,9.25077509779291,9.038209710510106,9.040969848632812,1878600
2005-12-28,9.087897832254638,9.129307267786011,8.958150303555344,9.06029224395752,1284200
2005-12-29,9.052008945287282,9.063051599604554,8.93882437124894,8.974711418151855,2122000
2005-12-30,8.925022776667497,8.94434689777119,8.833922445962413,8.87533187866211,1801400
2006-01-03,8.850488839028765,8.913982547523743,8.646203863495694,8.869812965393066,4403600
2006-01-04,8.847725839705234,9.040968116944079,8.781471480048648,8.922262191772461,3159800
2006-01-05,8.941587172385388,9.109984015097584,8.930544514778013,9.093420028686523,2076800
2006-01-06,9.134832072111223,9.35015869140625,9.040971561864605,9.35015869140625,3149200
2006-01-09,9.352916754788765,9.477144014017664,9.317028645881363,9.363958358764648,3057400
2006-01-10,9.363957969549627,9.416410061869279,9.272858685292155,9.399846076965332,1954600
2006-01-11,9.441252827843448,9.62621253445432,9.394322077170958,9.54615592956543,2831200
2006-01-12,9.557203023009476,9.6455421953114,9.510273298449206,9.571005821228027,2584800
2006-01-13,9.601373264028515,9.642782714594524,9.289426001285905,9.394328117370605,2587800
2006-01-17,9.416408091672455,9.471620310047854,9.259053953808126,9.410886764526367,2509200
2006-01-18,9.341875672135698,9.51303267309338,9.341875672135698,9.504751205444336,3029800
2006-01-19,9.53787419826586,9.97957089536209,9.499225961050604,9.97404956817627,7191800
2006-01-20,9.800135188379851,9.824980643656927,9.466102664277095,9.656583786010742,8628000
2006-01-23,9.631736664217403,9.772527904122601,9.455058369743643,9.717315673828125,4427600
2006-01-24,9.703512300280254,9.910557361710822,9.681426988246553,9.893993377685547,6599800
2006-01-25,9.905037664727667,9.976812834484864,9.755964943209861,9.960249900817871,5085600
2006-01-26,10.076195819218494,10.321889192618016,9.89951748567663,10.308086395263672,5719800
2006-01-27,10.305323775474637,10.534453105022363,10.048587804780047,10.186617851257324,5260400
2006-01-30,10.241830192165164,10.42402983211299,10.136928103133792,10.35501480102539,3912600
2006-01-31,10.366113763535873,10.454902660394872,10.255127113238554,10.407732963562012,7710400
2006-02-01,10.368887919819164,10.482648759703263,10.269000146565391,10.471550941467285,4215000
2006-02-02,10.371666878833697,10.504850271338048,10.196863213100947,10.266229629516602,3234000
2006-02-03,10.288421567100766,10.416055447031468,10.09974493657411,10.160786628723145,3151800
2006-02-06,10.2357072593336,10.391088398305373,10.102523879549542,10.282876968383789,2976800
2006-02-07,10.249579344004058,10.34114350417747,10.06090264284125,10.202410697937012,3296400
2006-02-08,10.260675372824528,10.266224810546573,10.12194260511444,10.18021011352539,3093800
2006-02-09,10.169115034747904,10.263453384530965,10.010959721647964,10.016508102416992,2770400
2006-02-10,10.005405458484056,10.058123517951092,9.788981667181563,10.02482795715332,2662000
2006-02-13,9.969337411061014,10.085872435349351,9.838928262355134,9.888872146606445,1917200
2006-02-14,9.891647533824786,10.052577006547542,9.88609809566923,10.022055625915527,2621400
2006-02-15,9.98876377171195,10.15524274452815,9.941595117511442,10.010961532592773,1914600
2006-02-16,10.03592600195598,10.26344867155809,10.022052939509305,10.15523624420166,2308800
2006-02-17,10.177436869913608,10.221831317369563,10.094197413239582,10.185760498046875,2321000
2006-02-21,10.182988082629453,10.219058908237809,9.963789997047806,10.099748611450195,3042800
2006-02-22,10.083096625016964,10.216279942133381,9.94436387071483,10.160786628723145,4400000
2006-02-23,10.127494707865115,10.158016094144495,9.927719131089024,9.952691078186035,3129600
2006-02-24,9.999860713191083,10.002634903539526,9.800085137789896,9.858352661132812,3166200
2006-02-27,9.91662026801742,9.919394458093132,9.77788747839374,9.869450569152832,3231800
2006-02-28,9.830606398010456,9.891649169367653,9.725169172515464,9.766789436340332,3031400
2006-03-01,9.791761635615659,10.099748632214691,9.777888566798477,10.016508102416992,2200200
2006-03-02,9.947140796879248,10.13304328918457,9.92494410047624,10.13304328918457,2620800
2006-03-03,10.08864606220268,10.302294630841596,10.030378559423044,10.160786628723145,2755200
2006-03-06,10.174663366540376,10.19686112329886,9.944367461631256,10.013733863830566,1828200
2006-03-07,10.047032307741247,10.09975146586398,9.822285777883625,9.927721977233887,4386600
2006-03-08,9.775110318580209,9.922166708124825,9.741814751945896,9.844476699829102,4191200
2006-03-09,9.836158746341471,10.019286056129669,9.750144002938079,9.780665397644043,3853800
2006-03-10,9.764011222506634,9.808405663163004,9.591982897269068,9.677997589111328,3371400
2006-03-13,9.683553678280706,9.691877310856732,9.589215294777567,9.608637809753418,2531200
2006-03-14,9.636380343131016,9.850028986183027,9.594761137412698,9.78343677520752,3412600
2006-03-15,9.802862332000753,9.930496282304379,9.772340939874343,9.922171592712402,3755200
2006-03-16,10.005406018554352,10.013729644608025,9.655798906044108,9.661348342895508,2919200
2006-03-17,9.71129597861918,9.714070168896274,9.519845096081701,9.603084564208984,5257000
2006-03-20,9.63638024190025,9.727944398723775,9.569789090071572,9.711296081542969,3053000
2006-03-21,9.73349380493164,10.038705543085362,9.594761004234991,9.73349380493164,4675800
2006-03-22,9.680773694118187,9.711295076567517,9.578111728245393,9.672450065612793,3172000
2006-03-23,9.653028581459278,9.819507519864189,9.597535249175214,9.766789436340332,3653000
2006-03-24,9.791762466749612,9.949917793273926,9.73071968863588,9.949917793273926,3147200
2006-03-27,9.985990476483103,10.04425801635012,9.830609311723464,9.836158752441406,3062400
2006-03-28,9.897194657461894,10.038702666351808,9.683547137046398,9.761237144470215,2895600
2006-03-29,9.79453374957249,9.969337343263309,9.764012369576799,9.81950569152832,3655000
2006-03-30,9.861127977795192,9.974888834915511,9.838930221065716,9.952691078186035,2566400
2006-03-31,9.94158957461699,10.091420143235124,9.908292951860156,10.07199764251709,2673000
2006-04-03,10.099749688874784,10.357792817971212,10.008185519896575,10.282876968383789,3996200
2006-04-04,10.299524220367747,10.449355919412255,10.280101710319096,10.288426399230957,2935200
2006-04-05,10.299520583349254,10.482647798032156,10.185759753901497,10.393858909606934,2312000
2006-04-06,10.449349195206327,10.449349195206327,10.22737703859946,10.28564453125,2039000
2006-04-07,10.349466106738126,10.391086367858675,10.102521905489128,10.13304328918457,2632200
2006-04-10,10.105294208282658,10.22460447220128,10.08309751602527,10.163562774658203,2645800
2006-04-11,10.180212854733266,10.221833119632116,9.96379001753278,10.016508102416992,2887600
2006-04-12,10.080327030384316,10.141368750356916,10.027607882313443,10.049805641174316,1511800
2006-04-13,10.09419625183122,10.127491818980518,9.952688239164463,9.977660179138184,3462600
2006-04-17,9.930493217244702,10.12471933209849,9.72516822532563,9.80285930633545,2622000
2006-04-18,9.87777624120811,10.102523787932197,9.805635641397085,10.047030448913574,2232200
2006-04-19,10.041481184973449,10.293974876403809,9.936045003284235,10.293974876403809,3462600
2006-04-20,10.2689992319321,10.471550008793317,10.25512616653741,10.454901695251465,3461600
2006-04-21,10.532599369634575,10.543698253402473,10.11362656265062,10.230161666870117,3226200
2006-04-24,10.293973897323163,10.368889740417423,10.094199374185793,10.310622215270996,2580600
2006-04-25,10.366112874817244,10.699071738716473,10.352239809331245,10.565888404846191,5967000
2006-04-26,10.321718285919737,10.532591630321724,10.29397109688853,10.349464416503906,6733600
2006-04-27,10.19131012667785,10.63525566797827,10.141366240050964,10.471550941467285,5747800
2006-04-28,10.382761914411295,10.549241904195819,10.318944955450426,10.338367462158203,3054200
2006-05-01,10.310618170232363,10.416055358975774,10.110842667023148,10.144139289855957,2459800
2006-05-02,10.141367115152772,10.396636008655996,10.096972663036633,10.360565185546875,2449800
2006-05-03,10.321717262268066,10.391083640296149,10.244026199132701,10.321717262268066,2751000
2006-05-04,10.343916082333083,10.626931089965218,10.324493577162487,10.585311889648438,3119800
2006-05-05,10.586704681903164,10.70948212194253,10.396958696793083,10.589495658874512,2385000
2006-05-08,10.511366676780062,10.659257621189761,10.480673374189292,10.483463287353516,1883800
2006-05-09,10.447188136839006,10.4974150898795,10.126294897353732,10.184892654418945,3765600
2006-05-10,10.134662208765175,10.212792524593477,10.025837536162692,10.05095100402832,3158400
2006-05-11,10.045373067015444,10.092809040008921,9.65471924418643,9.7523832321167,5216800
2006-05-12,9.763546153529532,9.886322566598599,9.668673132016021,9.68820571899414,3403200
2006-05-15,9.587754462041147,9.716111801864908,9.451025250874826,9.529156684875488,3710800
2006-05-16,9.467765261712056,9.624027021242513,9.417538305593201,9.562638282775879,2889800
2006-05-17,9.49287441671946,9.607279972568564,9.336612728350525,9.347774505615234,2721600
2006-05-18,9.347777710708012,9.45102152469184,9.211048553448865,9.213839530944824,2746000
2006-05-19,9.269649337254991,9.548687537033203,9.213841484410098,9.453814506530762,4480800
2006-05-22,9.794238081393116,9.797029058823956,9.448231391189642,9.598912239074707,4920200
2006-05-23,9.674251679201939,9.774705578629222,9.392423629760742,9.392423629760742,4866000
2006-05-24,9.361731389669748,9.562639234132861,9.13850104273643,9.453814506530762,5397400
2006-05-25,9.43985918593706,9.531941203006093,9.278016581254848,9.487295150756836,2841400
2006-05-26,9.487294799262603,9.529150937390616,9.350565670564134,9.517989158630371,2184400
2006-05-30,9.476133048248577,9.515198209578008,9.297548845345009,9.305919647216797,3569400
2006-05-31,9.364520106687273,9.621234677565104,9.236161756802357,9.57100772857666,4673800
2006-06-01,9.571010421995236,9.86958122253418,9.495669977310694,9.86958122253418,4426000
2006-06-02,9.88353219097533,9.914226562224334,9.582171498918132,9.718900680541992,3106000
2006-06-05,9.674251718542065,9.791448289832479,9.47892587380141,9.506829261779785,2737600
2006-06-06,9.49567088039804,9.49567088039804,9.211051750447565,9.280811309814453,5483000
2006-06-07,9.27243883912718,9.403587127821726,9.110597243954912,9.244535446166992,5855600
2006-06-08,9.166401875028434,9.286388352553882,9.029673791440993,9.171982765197754,4653200
2006-06-09,9.22778932455794,9.425906108126224,9.208256743893225,9.305919647216797,5446600
2006-06-12,9.291968808320208,9.364519312683624,9.074319424121779,9.077109336853027,4643400
2006-06-13,9.065950518442948,9.233372992943103,8.848300024257387,8.870623588562012,6062800
2006-06-14,8.937592745022782,9.093854512174758,8.828768022939489,9.004562377929688,3788000
2006-06-15,8.99618939267368,9.333825259986558,8.990608502580168,9.258484840393066,3593400
2006-06-16,9.23616027005876,9.269645606958258,9.085480511794325,9.144078254699707,3665000
2006-06-19,9.141289467387947,9.183145616315393,8.929220938455897,8.976656913757324,2476600
2006-06-20,8.985027819692926,9.091062605023058,8.865041341030242,8.878993034362793,2848800
2006-06-21,8.920850245942555,9.21942153968404,8.867833375995437,9.138500213623047,4120800
2006-06-22,9.105015273726652,9.22779167842983,8.90689790739868,8.976656913757324,2197600
2006-06-23,9.079900166367343,9.27522705220152,9.051995717279095,9.060367584228516,4210000
2006-06-26,9.0436241371217,9.135707214525937,8.993397197527718,9.08827018737793,2059000
2006-06-27,9.124546969227742,9.138498662693804,8.95433354138224,9.107804298400879,4411800
2006-06-28,9.163614084724314,9.244535414254207,9.043627579406529,9.227792739868164,4070200
2006-06-29,9.297550504472586,9.484506607055664,9.116175292281868,9.484506607055664,4726000
2006-06-30,9.557059458453967,9.604495447021518,9.339409977833185,9.361732482910156,3515600
2006-07-03,9.342195767824338,9.42590698769105,9.294759800196701,9.409165382385254,1076200
2006-07-05,9.406372215177468,9.431485681735063,9.024090392641332,9.043622970581055,4591200
2006-07-06,9.375681372262274,9.60728354665989,9.305921835074471,9.584959983825684,7810600
2006-07-07,9.596123534940979,9.836096557433743,9.562639248960625,9.677044868469238,6152200
2006-07-10,9.716109797858769,9.827725500868903,9.517992936239699,9.604494094848633,4200400
2006-07-11,9.56263434104874,9.749589328303337,9.498455715672726,9.724475860595703,5479800
2006-07-12,9.713317328639468,9.738430801986897,9.414746625756658,9.470553398132324,4718600
2006-07-13,9.467765783187126,9.476136588185941,9.19709840079922,9.244535446166992,4746800
2006-07-14,9.208257893997404,9.358938733184388,9.1273365843104,9.258484840393066,3480600
2006-07-17,9.225000689583299,9.420326523279643,9.152450181828119,9.171982765197754,3775400
2006-07-18,9.208259215307258,9.238953583002992,8.859461517757742,9.135709762573242,5641400
2006-07-19,9.138497026178634,9.325452026925255,9.068737506894827,9.266854286193848,5030600
2006-07-20,9.23895154817999,9.275226798780645,8.940380869991673,8.998978614807129,4725800
2006-07-21,8.778537726581492,8.81481297496536,8.546936141859593,8.680874824523926,6729600
2006-07-24,8.775748719787288,9.063157630741864,8.759006050087114,8.979446411132812,4184400
2006-07-25,8.957123239518237,9.105014167161025,8.892945131779458,9.057577133178711,3805400
2006-07-26,8.996191548875602,9.09664440129746,8.77296068163804,8.88736629486084,5154800
2006-07-27,8.929222085808728,9.124549031825039,8.859462538263347,8.918060302734375,4043800
2006-07-28,8.951545710158365,9.099435611293329,8.884576075723041,9.054789543151855,3436400
2006-07-31,9.018512128389684,9.099433440228257,8.90968742978759,8.987817764282227,3473200
2006-08-01,8.994844733657576,9.03419700780428,8.68283588539578,8.795271873474121,5159200
2006-08-02,8.851486935574357,9.031384146126767,8.80370181441527,8.935813903808594,2961400
2006-08-03,8.916140521262001,9.180364261272944,8.879599196856828,9.08198356628418,3661400
2006-08-04,9.180364033604405,9.332152306910643,8.885220883688362,8.994845390319824,2964600
2006-08-07,9.028579400068534,9.06512127443351,8.814952207725451,8.918954849243164,3580000
2006-08-08,8.949873658304773,9.03138972433254,8.744678820292046,8.843059539794922,3290000
2006-08-09,8.913328911610906,9.09884754584126,8.82056959449573,8.854300498962402,3273000
2006-08-10,8.854302937649281,9.090417725544038,8.820572023892309,9.034199714660645,2971200
2006-08-11,8.972358124867242,9.028575585789405,8.753108579707517,8.786839485168457,3683600
2006-08-14,8.935816421897314,9.121335053703149,8.806515248621851,8.961113929748535,2297800
2006-08-15,9.107283037072762,9.250637939662042,9.04544312068126,9.225339889526367,3009600
2006-08-16,9.368691661027208,9.424908571867029,9.236579561562177,9.416476249694824,5543200
2006-08-17,9.422100878758862,9.559833851305513,9.34901715791157,9.377126693725586,4191000
2006-08-18,9.408041782895104,9.408041782895104,9.202847102752532,9.35744571685791,1989800
2006-08-21,9.275939708147606,9.304048187446211,9.11571901715209,9.174747467041016,1869000
2006-08-22,9.118525109050053,9.30966567993164,9.110092783715915,9.30966567993164,7048800
2006-08-23,9.346210882763005,9.551405759937778,9.084797981313177,9.129772186279297,5147400
2006-08-24,9.152252248921235,9.180360701656566,9.022950578439989,9.143818855285645,3196800
2006-08-25,9.110091290619042,9.267501462096119,9.081982829265916,9.14663314819336,1927800
2006-08-28,9.098847174392452,9.329339981079102,9.087604433586762,9.329339981079102,4564400
2006-08-29,9.306854525756172,9.402424803634121,9.264690757883574,9.38555908203125,4080800
2006-08-30,9.35464056269423,9.59075533998672,9.326532094649375,9.579512596130371,3934600
2006-08-31,9.604803977050071,9.630102012456375,9.514855644998484,9.601993560791016,3363400
2006-09-01,9.601997445404644,9.722865766548207,9.554212843787909,9.621673583984375,4088600
2006-09-05,9.585132887800292,9.717245039103956,9.534536790376304,9.708812713623047,3399800
2006-09-06,9.559832289537496,9.658214040410424,9.489560069886396,9.492371559143066,3295200
2006-09-07,9.45583193119175,9.489562304331233,9.267502852871296,9.287178993225098,3566000
2006-09-08,9.259066533182272,9.343394047820691,9.180361996606564,9.27312183380127,4750400
2006-09-11,9.247824683505094,9.621672340472776,9.219715151831851,9.542967796325684,3729200
2006-09-12,9.548592357243622,9.838113644218744,9.523294307839146,9.781895637512207,3417600
2006-09-13,9.81562315712532,9.838110782173684,9.686322529904164,9.804380416870117,2828000
2006-09-14,9.7425431554413,9.880277215444703,9.694758547692105,9.72848892211914,3726600
2006-09-15,9.784703407313515,9.821244186350548,9.382746259755093,9.514857292175293,9186600
2006-09-18,9.486749955990712,9.666646672482011,9.453019589715845,9.5935640335083,5129000
2006-09-19,9.607615922588744,9.607615922588744,9.396799308264418,9.444583892822266,4285200
2006-09-20,9.242203404313116,9.304042233652423,9.076360909128987,9.1241455078125,13036200
2006-09-21,9.166310410380053,9.228150319668103,8.786840238068713,8.868355751037598,10020200
2006-09-22,8.859922112119092,8.893652479333431,8.710944804541287,8.764351844787598,6527200
2006-09-25,8.76997145602908,8.963922357085625,8.758727645810762,8.935813903808594,6286600
2006-09-26,8.944248645336225,9.115713044617118,8.893652557933043,9.090415000915527,4916000
2006-09-27,9.045439867149316,9.202850019404977,9.039817961111371,9.084792137145996,6738800
2006-09-28,9.048248019364607,9.287174140966695,8.941434512050142,9.261876106262207,4858400
2006-09-29,9.250636689480789,9.281556643497849,9.098848409180226,9.112902641296387,4088400
2006-10-02,9.152251195267695,9.157873099621288,8.949866927612847,8.986408233642578,4800200
2006-10-03,8.980789180277771,9.025763354430264,8.761539679183526,8.975167274475098,4110000
2006-10-04,8.91614139117701,9.129769059673977,8.865545830018329,9.062308311462402,4586800
2006-10-05,9.087603921698022,9.169118881225586,8.966735082491148,9.169118881225586,3321800
2006-10-06,9.12414463107233,9.222526380747507,9.065116224628602,9.149442672729492,4058400
2006-10-09,9.11571794827794,9.275938620486592,9.084797981313177,9.129772186279297,3945800
2006-10-10,9.045441741326508,9.045441741326508,8.775596093073407,8.91614055633545,10119200
2006-10-11,8.95268056206109,9.171930072330746,8.868353579895315,9.084792137145996,5256600
2006-10-12,9.053870304845027,9.107277864950342,8.859919412131221,9.101655960083008,5578200
2006-10-13,9.084794808558803,9.365883759497551,9.04544252699046,9.346207618713379,4676400
2006-10-16,9.363072603117327,9.486751345756211,9.284366973920612,9.422101020812988,4432600
2006-10-17,9.346204464583156,9.377124410314725,9.112900199349607,9.27312183380127,3631200
2006-10-18,9.32372074417524,9.349018794702367,8.87397881510338,8.938629150390625,7293400
2006-10-19,8.9414387524128,9.118524543190544,8.857112287496653,8.977980613708496,3986400
2006-10-20,8.944248415255581,9.062306306915787,8.904896142125187,9.003276824951172,3380800
2006-10-23,9.008898677570636,9.225337250762694,8.98360063467107,9.011710166931152,4887600
2006-10-24,8.989223452863184,9.00327768428418,8.784028671763094,8.826191902160645,4117400
2006-10-25,8.786839767091935,8.989223597947346,8.73343272178796,8.871166229248047,8054200
2006-10-26,8.938629712825833,9.571079943529586,8.938629712825833,9.475509643554688,17024800
2006-10-27,9.41928857061608,9.486750378438922,9.101658885534663,9.110091209411621,8757200
2006-10-30,9.084795410833896,9.337775912357774,9.081984992936665,9.242205619812012,3499000
2006-10-31,9.3237216315337,9.32653312200948,9.200042857335502,9.256260871887207,3309400
2006-11-01,9.323718147951125,9.399612278399498,9.00889888526342,9.059494972229004,3708200
2006-11-02,9.000464271356797,9.138197194618812,8.944246292114258,8.944246292114258,3227200
2006-11-03,8.994845460153364,9.081983411565488,8.941438415116025,9.014521598815918,3642600
2006-11-06,9.161836020132528,9.377141523058013,9.099510259501704,9.249658584594727,3961400
2006-11-07,9.221327061386502,9.490459717268632,9.201496336492461,9.351643562316895,3825000
2006-11-08,9.272321707585236,9.462131485279775,9.209995947641719,9.405471801757812,3270800
2006-11-09,9.413972305894339,9.450801269837536,9.252492877204514,9.272323608398438,4075600
2006-11-10,9.314817281319549,9.445133804502152,9.212830061196245,9.433801651000977,2424200
2006-11-13,9.405471901067365,9.634942054748535,9.405471901067365,9.634942054748535,4683800
2006-11-14,9.629273102145698,9.867242813110352,9.541450573812298,9.867242813110352,4288600
2006-11-15,9.870080888927957,9.994731348675796,9.779425812621572,9.853082656860352,5517000
2006-11-16,9.858747506493568,9.915407192302593,9.717098832317818,9.838916778564453,3179000
2006-11-17,9.83042022364706,9.867249189093673,9.71143475093256,9.816255569458008,2931800
2006-11-20,9.75959478698036,9.93523885692376,9.736930478242515,9.858748435974121,2787800
2006-11-21,9.875745146798538,9.915406600288724,9.705766099520313,9.773757934570312,3564400
2006-11-22,9.770926425492032,9.816253959880925,9.660439547268794,9.810587882995605,2264200
2006-11-24,9.748262117950754,9.83325110984322,9.685936352905902,9.810587882995605,960400
2006-11-27,9.81058669371294,9.82191776541631,9.504625063157686,9.547120094299316,3363600
2006-11-28,9.54712366870053,9.714269196706075,9.527292934928171,9.705769538879395,3638600
2006-11-29,9.762426486577501,9.773758640019357,9.450799831781874,9.606613159179688,4588400
2006-11-30,9.615110143173919,9.7737570230322,9.447964689987078,9.657605171203613,5095400
2006-12-01,9.742593463438679,9.753925614211138,9.496125127951284,9.671769142150879,3498400
2006-12-04,9.708602193968066,9.84458481861386,9.54712275965782,9.742597579956055,3734600
2006-12-05,9.753929138183594,9.81908740762603,9.660440481574597,9.753929138183594,2321000
2006-12-06,9.711436970056807,9.714270549958414,9.572621814312571,9.640612602233887,2522000
2006-12-07,9.717100998610519,9.745431388177707,9.518792594415638,9.583951950073242,3702400
2006-12-08,9.572616552582861,9.762425235283988,9.436633970790973,9.668937683105469,3563600
2006-12-11,9.603782682423345,9.680272032520103,9.535790828155951,9.583951950073242,2613400
2006-12-12,9.623612942804252,9.632111518910683,9.473464587196501,9.595282554626465,2661600
2006-12-13,9.677437924723794,9.683104001695062,9.490461707446622,9.50179386138916,2171800
2006-12-14,9.532956323194885,9.74542933710835,9.493293786148387,9.606613159179688,2453600
2006-12-15,9.646272618630025,9.787921265249244,9.583947948989088,9.685934066772461,4337400
2006-12-18,9.688768826455613,9.72559778166212,9.447965449420499,9.487627983093262,3243600
2006-12-19,9.490456625208811,9.490456625208811,9.396968026287498,9.430964469909668,3415200
2006-12-20,9.481960468780024,9.629275186570137,9.439465443779525,9.51878833770752,2210600
2006-12-21,9.510295878961847,9.609449560115737,9.39414396074126,9.453636169433594,2416000
2006-12-22,9.513127042557748,9.566953158556423,9.272323608398438,9.272323608398438,3135600
2006-12-26,9.283655980688458,9.413972526065987,9.280822401483741,9.38280963897705,1571400
2006-12-27,9.45079826748055,9.530121167056711,9.351643562316895,9.351643562316895,2411800
2006-12-28,9.348808997150893,9.37147329527067,9.28365076109636,9.29498291015625,2208600
2006-12-29,9.303479218539184,9.413964943264473,9.243987071486023,9.26381778717041,2380400
2007-01-03,9.360147981540807,9.651944008413626,9.25816072691116,9.408308029174805,4556200
2007-01-04,9.428132479850563,9.60094398159743,9.311980646319709,9.552783966064453,3437200
2007-01-05,9.598115223169348,9.609446296671619,9.37714253912264,9.498960494995117,4021800
2007-01-08,9.53296034124279,9.75959810213732,9.507463525598775,9.640612602233887,4499600
2007-01-09,9.632112619129362,9.87574858181837,9.62361404205219,9.802090644836426,4527600
2007-01-10,9.728430719708655,9.997563409425034,9.674604614042815,9.957901954650879,3195000
2007-01-11,10.000395381911087,10.255363407339912,9.974898579368205,10.161874771118164,5431400
2007-01-12,10.130715781232082,10.238369108925946,10.059891422613951,10.159046173095703,3398600
2007-01-16,10.167540316753197,10.224199995080046,10.017393087776503,10.190204620361328,4874000
2007-01-17,10.057059899698725,10.2072072087172,10.04289524273937,10.139216423034668,4350600
2007-01-18,10.127882284392548,10.195874137471383,9.810589491643617,9.816255569458008,7171600
2007-01-19,9.787918855660038,9.95789783817373,9.756755988164537,9.867242813110352,5233800
2007-01-22,9.844582866828096,9.912574706017859,9.657606659923278,9.762426376342773,6396800
2007-01-23,9.773757888736819,9.977732312236741,9.72559786135131,9.813419342041016,3485400
2007-01-24,9.836081102399135,9.994726874571203,9.827581449823294,9.960731506347656,3822200
2007-01-25,9.940904608116087,10.071221137004052,9.819086654379259,9.884244918823242,3739000
2007-01-26,9.853077401901869,10.076882474974434,9.810583465436853,9.938067436218262,4234600
2007-01-29,9.898409035988553,9.98056552698814,9.83041827706682,9.912574768066406,2913200
2007-01-30,9.986234406597353,9.994732983674528,9.793592067759251,9.802090644836426,3565200
2007-01-31,9.773758138194989,9.892742501144443,9.705766301728458,9.84741497039795,6028600
2007-02-01,10.025889378547804,10.2496944626006,9.98622793695733,10.142041206359863,7496800
2007-02-02,10.076888825180754,10.170377489565759,9.989066238700342,10.07972240447998,7724800
2007-02-05,9.909740464398942,10.071219855891623,9.858746858591404,9.966400146484375,5754000
2007-02-06,9.974900357348307,10.011729318851183,9.827585592030534,9.952237129211426,4300000
2007-02-07,10.020228421359613,10.173209271931524,9.92957334265636,10.113717079162598,3524600
2007-02-08,10.150544811539472,10.156209807664311,10.057056165074838,10.0995512008667,3909000
2007-02-09,10.204374425065819,10.292197024875483,10.01739814861139,10.031562805175781,5181200
2007-02-12,10.204245204314866,10.221371602235344,9.97304373217799,10.075799942016602,3186400
2007-02-13,10.13288402557373,10.224222611372964,10.024419046621453,10.13288402557373,3139400
2007-02-14,10.198538652605391,10.389779660583121,10.167140793919318,10.329837799072266,4437800
2007-02-15,10.3155691392601,10.366947269434075,10.244210746112099,10.30415153503418,2523000
2007-02-16,10.335547781834501,10.335547781834501,10.221375024003224,10.281315803527832,1962200
2007-02-20,10.238496965379452,10.361233429019018,10.141449554335196,10.346961975097656,2715800
2007-02-21,10.32127525924583,10.32127525924583,10.195684911925113,10.287023544311523,3203200
2007-02-22,10.418324400114534,10.678068882700673,10.392635337492056,10.632399559020996,6523000
2007-02-23,10.666647281267515,10.777966147957128,10.606706520564208,10.700900077819824,5225800
2007-02-26,10.740859613393672,10.763693720187604,10.575307711558935,10.612414360046387,3062800
2007-02-27,10.55247728882221,10.561039945754052,10.278460289736445,10.289877891540527,5628000
2007-02-28,10.215662452345006,10.406902322771082,10.132886498499946,10.161429405212402,5259400
2007-03-01,9.96162973575579,10.207101634829835,9.953065990213824,10.092928886413574,6242400
2007-03-02,10.061530537266025,10.224227539697406,10.027278823291617,10.038695335388184,5018400
2007-03-05,9.927375710770615,10.261333435946867,9.89312399934099,10.115761756896973,7806000
2007-03-06,10.47826070023981,10.558182799117088,10.324126390450164,10.375504493713379,6515400
2007-03-07,10.332690521176293,10.446863241389329,10.249914564053398,10.346961975097656,4022200
2007-03-08,10.44686229555571,10.529638245184273,10.375503943567375,10.472551345825195,3350200
2007-03-09,10.526783662474108,10.563889218976652,10.438298920142424,10.549617767333984,5321400
2007-03-12,10.563894734577696,10.583876083920414,10.48111983629516,10.561040878295898,3299000
2007-03-13,10.503952781985072,10.56103970083917,10.409760291391859,10.426885604858398,4505600
2007-03-14,10.455428903470281,10.478263016166274,10.2327900438409,10.43544864654541,5219000
2007-03-15,10.461134524792623,10.5410555282047,10.401192683391558,10.489677429199219,3599000
2007-03-16,10.48111475721363,10.526784057489076,10.37835855938338,10.401192665100098,4282200
2007-03-19,10.466846726187796,10.495390731685351,10.272752933016795,10.292733192443848,3574800
2007-03-20,10.329840276888374,10.401198667803486,10.267045633296066,10.321277618408203,3332400
2007-03-21,10.372651908244073,10.541057692033517,10.261333033828416,10.535348892211914,4424600
2007-03-22,10.538205095770518,10.578166703425772,10.386925677738574,10.475410461425781,2917800
2007-03-23,10.523929295306118,10.549618345206866,10.421173095703125,10.421173095703125,2757800
2007-03-26,10.461137877627852,10.515369848918745,10.326983788467528,10.455429077148438,2654600
2007-03-27,10.435449295475841,10.438303151424432,10.355527173964047,10.364090919494629,1880000
2007-03-28,10.37265159331828,10.37265159331828,10.232788724041013,10.24991512298584,2219600
2007-03-29,10.252772528217836,10.298442941216564,9.987320330139479,10.090075492858887,3905800
2007-03-30,10.104347215043406,10.198539712044102,10.013008574200464,10.14145278930664,4343600
2007-04-02,10.132890317079088,10.201394843383847,10.030134072043204,10.124327659606934,2365600
2007-04-03,10.16143177480626,10.232790147069906,10.118617404753483,10.158577919006348,3373800
2007-04-04,10.198537440259441,10.221372639804743,10.07580096480905,10.189974784851074,2810000
2007-04-05,10.16714110492734,10.364090919494629,10.138598190071818,10.364090919494629,2605400
2007-04-09,10.36694741020858,10.38692767345392,10.18427009548392,10.318424224853516,2994600
2007-04-10,10.289874314643182,10.495386720308046,10.289874314643182,10.492531776428223,3958400
2007-04-11,10.469701251034564,10.492535365673854,10.309858093189805,10.409760475158691,5264400
2007-04-12,10.381213169034455,10.566745327365947,10.361232916763935,10.538201332092285,3037800
2007-04-13,10.561039366433603,10.569602022895744,10.463991934107273,10.532496452331543,3451000
2007-04-16,10.549627299252347,10.726596943813325,10.526793173761124,10.663801193237305,2373800
2007-04-17,10.640960785869048,10.718027963371894,10.51537043485094,10.541059494018555,2824000
2007-04-18,10.566745296513337,10.789383014787404,10.538201301323019,10.569599151611328,5581800
2007-04-19,10.501104102056656,10.729450801183622,10.42689074431355,10.663801193237305,3441000
2007-04-20,10.77797212904057,10.812224944600997,10.606712406609486,10.689488410949707,2542400
2007-04-23,10.66093914689743,10.749423910247556,10.581018127640688,10.723734855651855,3193400
2007-04-24,10.81793032788859,10.889288704487216,10.680921286637902,10.81222152709961,5586800
2007-04-25,10.846471012525784,10.972061337529736,10.71517188790681,10.954936027526855,3033000
2007-04-26,11.029146166432334,11.077670409594711,10.903555865095452,11.06054401397705,5181600
2007-04-27,11.131905468925527,12.119505026128564,11.131905468925527,11.80552864074707,9811600
2007-04-30,11.4915509769105,11.702772222951939,11.488697121312574,11.514386177062988,7415800
2007-05-01,11.494407560342987,11.602872598848844,11.457300899225274,11.594308853149414,5930200
2007-05-02,11.56005446503802,11.788401002134533,11.54863686597265,11.702771186828613,4575800
2007-05-03,11.67423537055863,11.745593774806927,11.600022020388412,11.679943084716797,3540800
2007-05-04,11.757006581116494,11.80267590186714,11.66281408343688,11.731317520141602,2850000
2007-05-07,11.691359983310214,11.811242661391892,11.594312515850861,11.688506126403809,2653800
2007-05-08,11.711492818341988,11.740232239483445,11.562045416461405,11.68850040435791,3471600
2007-05-09,11.639641484079226,11.806333172315918,11.59940586177064,11.777592658996582,4192600
2007-05-10,11.757478388852439,11.81783184049202,11.536181303168496,11.613779067993164,3308400
2007-05-11,11.679878435597963,11.76609779269106,11.550548851789014,11.71436595916748,2420800
2007-05-14,11.748857986260674,11.777597414846644,11.507443058586176,11.533308982849121,3325600
2007-05-15,11.567790192270875,11.677001934601208,11.444208743503523,11.470074653625488,3081000
2007-05-16,11.470083822111247,11.613783194022608,11.378116311795113,11.60803508758545,2877000
2007-05-17,11.562043291331358,11.616648619998998,11.507437962663719,11.521807670593262,2458000
2007-05-18,11.576414569594286,11.731610067497778,11.567792962934734,11.679878234863281,4643400
2007-05-21,11.674132856135257,11.682755561145752,11.559174053937479,11.625275611877441,3245600
2007-05-22,11.585039082257973,11.668383851109407,11.507441321184904,11.605156898498535,2870800
2007-05-23,11.582161566098641,11.596531274604352,11.424092579858858,11.455706596374512,3873800
2007-05-24,11.49019438880518,11.51031220045842,11.205670426087359,11.26314926147461,4848400
2007-05-25,11.24590646921828,11.352243634260612,11.225788656814016,11.271772384643555,1834600
2007-05-29,11.260277944712385,11.495944723844092,11.260277944712385,11.481575012207031,2802600
2007-05-30,11.467205834860785,11.47870094690279,11.283269789784633,11.472952842712402,4160600
2007-05-31,11.5361806599349,11.668383764632747,11.438465083345458,11.662636756896973,4571800
2007-06-01,11.691375150886564,11.912672204734523,11.64251681872703,11.797712326049805,3255600
2007-06-04,11.714363404785644,11.886803177708996,11.714363404785644,11.800583839416504,2722400
2007-06-05,11.783341461078221,11.812080879764943,11.510312598200162,11.593658447265625,2838800
2007-06-06,11.570670308087585,11.648268082803469,11.467207704805361,11.510316848754883,2613600
2007-06-07,11.438464017605046,11.536179585090169,11.323505235841676,11.329252243041992,3309600
2007-06-08,11.352242349902408,11.665506802905151,11.340746145161031,11.636767387390137,3925400
2007-06-11,11.668386459350586,11.731614522433622,11.564923851131532,11.668386459350586,2998200
2007-06-12,11.57353763680874,11.720110388283242,11.524679322091732,11.654008865356445,3180400
2007-06-13,11.708622148798826,11.929918157097061,11.677008120087963,11.875312805175781,4671200
2007-06-14,11.915540850971333,12.105223806039682,11.904044648521564,12.007508277893066,4001200
2007-06-15,12.13109129804496,12.139713999177758,11.990266636823353,12.087982177734375,4739600
2007-06-18,12.082235252494115,12.10235306319941,11.964401891360906,11.970149993896484,2786800
2007-06-19,11.093585476527503,11.251655582958128,10.806186877691674,10.895280838012695,21658600
2007-06-20,10.872286310432955,10.935513238000397,10.696973041485748,10.76882266998291,10001600
2007-06-21,10.788946192839436,11.10508428714058,10.731466240328619,11.0504789352417,8250800
2007-06-22,11.056225131314255,11.056225131314255,10.823431857188762,10.863667488098145,5758200
2007-06-25,10.961380692607491,10.984373103208686,10.742958273588545,10.777445793151855,6252800
2007-06-26,10.780322329326115,10.834928771698106,10.616505194887718,10.717095375061035,5524200
2007-06-27,10.691226931086584,10.869413735975444,10.671109119067125,10.843547821044922,6380000
2007-06-28,10.791818484952282,10.803314693430949,10.622253247077698,10.68260669708252,5365800
2007-06-29,10.742962092854613,10.751583701725918,10.538908213409822,10.645246505737305,5478800
2007-07-02,10.71709392147714,10.811934888180657,10.673983693487317,10.765951156616211,4654800
2007-07-03,10.791817266901052,10.791817266901052,10.6653622769248,10.7228422164917,1823400
2007-07-05,10.760202331549735,10.832051975822115,10.625125745827885,10.817682266235352,3728800
2007-07-06,10.863667488098145,10.863667488098145,10.751582203039517,10.863667488098145,2651400
2007-07-09,10.875163891426965,10.880911995422906,10.742960788536534,10.820558547973633,3966400
2007-07-10,10.79181545023351,10.849295380124381,10.73146201720041,10.797563552856445,4104000
2007-07-11,10.780322235464574,10.909651839510632,10.780322235464574,10.906778335571289,3549800
2007-07-12,10.932640961676816,11.105079650878906,10.901026946177462,11.105079650878906,3626800
2007-07-13,11.105082312149202,11.105082312149202,10.855045823984803,10.93839168548584,4226000
2007-07-16,10.949886796872523,10.978627316186007,10.857919327746796,10.93839168548584,3785600
2007-07-17,10.978629268687904,11.090714573097602,10.949888744263042,11.0504789352417,3557800
2007-07-18,11.027486055958416,11.027486055958416,10.837802988017966,10.929770469665527,8204400
2007-07-19,10.961382640290246,11.033232291677924,10.86654167055462,10.96425724029541,5140000
2007-07-20,10.978626152175934,10.978626152175934,10.814809046643292,10.849296569824219,4401400
2007-07-23,10.92689553457787,10.964257661710318,10.837801568750868,10.863667488098145,2541600
2007-07-24,10.82055837929671,10.872290218115017,10.708471997631232,10.748708724975586,4398400
2007-07-25,10.768826374119447,10.857919242444535,10.691228617090733,10.75445556640625,3456200
2007-07-26,10.625127847366755,10.725716930708126,10.435444792823896,10.68260669708252,5811200
2007-07-27,10.42107036023995,10.757327215109106,10.314733209636858,10.642367362976074,9256000
2007-07-30,10.625127260134501,10.817683807985372,10.59063863660463,10.711346626281738,5880400
2007-07-31,10.826306054535406,10.826306054535406,10.418200519065659,10.435444831848145,6861200
2007-08-01,10.435447608769582,10.751585752869486,10.346353613526592,10.699853897094727,7253600
2007-08-02,10.645244524658132,10.903902609710851,10.639496421034028,10.834927558898926,7876800
2007-08-03,10.852172862106903,10.852172862106903,10.564774203619189,10.57052230834961,12365200
2007-08-06,10.645248102634817,10.78607285157269,10.556154111023792,10.650996208190918,7669800
2007-08-07,10.551044392487452,10.959529070698427,10.536559378859248,10.846543312072754,7442400
2007-08-08,10.976912145927999,11.21446993834729,10.950838675777792,11.162322998046875,7525400
2007-08-09,11.139142157299139,11.985079063867055,11.069612566625922,11.452022552490234,11409000
2007-08-10,11.359319265456572,11.605568885464345,11.08120306168983,11.249232292175293,6631400
2007-08-13,11.25212825823858,11.353524440152238,10.901585909182218,10.994291305541992,6104800
2007-08-14,11.060923944542377,11.127555883348588,10.80888120120835,10.832056999206543,4570000
2007-08-15,10.823367785423331,11.040646310756607,10.756735836937413,10.791500091552734,5404600
2007-08-16,10.74804433706139,10.907382812235063,10.582912740186648,10.701691627502441,6975400
2007-08-17,10.73935342802122,11.014573121414449,10.5973987400979,10.96242618560791,4691600
2007-08-20,10.997185355527204,11.055126491310626,10.863921516820003,11.008773803710938,3166800
2007-08-21,10.921868079446384,11.0812054531707,10.895794610645257,11.011675834655762,2693600
2007-08-22,11.069616607679064,11.078308500395858,10.748044205551615,10.87551498413086,3922200
2007-08-23,10.884203844629155,10.89579229610927,10.675616138529326,10.762528419494629,2969600
2007-08-24,10.733554787316564,10.80308437484472,10.71327555452404,10.777010917663574,2687800
2007-08-27,10.719070131774279,10.782805497011921,10.69299667373482,10.739349365234375,1723000
2007-08-28,10.710380613537993,10.785703331702855,10.606086769051668,10.666924476623535,2651200
2007-08-29,10.704583583581119,11.037743160471248,10.64374589194925,10.936347007751465,3214800
2007-08-30,10.930555001711957,11.084098094164412,10.846540398049692,10.863923072814941,3308000
2007-08-31,11.10148362282211,11.194189035131364,11.040645903207105,11.159424781799316,5186800
2007-09-04,11.153626090185375,11.385389528175164,11.124656074862369,11.3216552734375,3949600
2007-09-05,11.237642610817817,11.31586299177921,11.086996073981293,11.113069534301758,5321600
2007-09-06,11.179701805114748,11.283995649568642,11.095687196511836,11.179701805114746,61793800
2007-09-07,11.121759078418908,11.136244086950638,10.869716393533814,10.872612953186035,9328800
2007-09-10,10.924764553509883,11.005882625321705,10.797294876570998,10.881309509277344,4335200
2007-09-11,10.88999999847784,10.9624261753485,10.779911900196426,10.87551498413086,4071000
2007-09-12,10.82916493869397,10.834959166885069,10.675620654469913,10.713282585144043,3241000
2007-09-13,10.788603275489454,10.788603275489454,10.608985569766977,10.681411743164062,3784400
2007-09-14,10.672719955444336,10.748042682456173,10.61767646667167,10.672719955444336,3978600
2007-09-17,10.61767650032165,10.672719989268764,10.53076421600907,10.568426132202148,2575200
2007-09-18,10.652439466030538,10.779909106438563,10.574219082665795,10.666924476623535,5650600
2007-09-19,10.707483598049711,10.794394772016778,10.600293186994847,10.687204360961914,3173800
2007-09-20,10.753833316815891,10.753833316815891,10.594496024522906,10.643746376037598,3139000
2007-09-21,10.661133434998069,10.687206903905738,10.594501482264208,10.620574951171875,6262800
2007-09-24,10.62057527693982,10.643752185629014,10.481517140212155,10.574222564697266,3520000
2007-09-25,10.545246177181841,10.681406565676467,10.516275058784455,10.580010414123535,3079000
2007-09-26,10.632160779275862,10.762528091616645,10.597396531030164,10.669822692871094,2575000
2007-09-27,10.745145511985138,10.820468234720453,10.637955100930272,10.687204360961914,1892400
2007-09-28,10.719072042322974,10.727762828173379,10.510484340828993,10.522072792053223,3238000
2007-10-01,10.594499009111505,10.753836346291596,10.545249748857977,10.695895195007324,3756000
2007-10-02,10.66982339503971,10.759631134345872,10.664029169094862,10.672719955444336,2575000
2007-10-03,10.652442587774905,10.742251447987107,10.580016408449648,10.637957572937012,2960000
2007-10-04,10.623468054671767,10.664027630433564,10.542351113419054,10.58290958404541,2138600
2007-10-05,10.60609026157699,10.646648746647246,10.530766413472943,10.574222564697266,3353800
2007-10-08,10.56842646930401,10.666926103549262,10.519177204749202,10.60898494720459,2610200
2007-10-09,9.82388535264894,9.907899972499235,9.102520787928846,9.264755249023438,32080200
2007-10-10,9.253164241553234,9.48492823212535,9.206811553952337,9.450162887573242,14705400
2007-10-11,9.450165057927759,9.464650068916853,9.166254643026594,9.17784309387207,8722200
2007-10-12,9.177843237257312,9.25316651122643,9.140181323988873,9.20681381225586,7130400
2007-10-15,9.244477446827055,9.308212838014448,9.117007217020163,9.19522762298584,5353600
2007-10-16,9.174948583540123,9.227095522000207,9.090933948783789,9.093831062316895,5460000
2007-10-17,9.195228112533577,9.235786598126392,9.09672845960709,9.125699043273926,6049000
2007-10-18,9.082237740738757,9.119899089058123,8.922899906913557,9.02139949798584,5880600
2007-10-19,9.009814275278414,9.041681409439878,8.708521189101992,8.714315414428711,8518200
2007-10-22,8.68824383404997,8.888140230557804,8.601332645603708,8.879448890686035,4927800
2007-10-23,8.66796038008742,8.899723804995803,8.659269044440508,8.88813591003418,5538200
2007-10-24,8.980844169855118,9.386431122806016,8.922903018699913,9.270548820495605,10379400
2007-10-25,9.36035888277555,9.522592801039904,9.218403099158559,9.380638122558594,9901200
2007-10-26,9.374841956078187,9.432783102811438,9.21840119143905,9.29372501373291,3670400
2007-10-29,9.348767986828204,9.464649168856505,9.279238393502908,9.325591087341309,2771000
2007-10-30,9.256062599151406,9.383532230923155,9.235782812100371,9.325591087341309,3127600
2007-10-31,9.322697655698812,9.681930877203053,9.322697655698812,9.609504699707031,5253400
2007-11-01,9.580537944439957,9.641375689092333,9.37774435712922,9.39802360534668,4996600
2007-11-02,9.506243852347039,9.59691919539525,9.371694207151547,9.555968284606934,3552600
2007-11-05,9.44481911838015,9.649569208229545,9.412643960801189,9.564743995666504,3070000
2007-11-06,9.599844835126817,9.675895419764927,9.51794523548426,9.632019996643066,3049600
2007-11-07,9.567668734351853,9.593993762480968,9.386319160461426,9.386319160461426,3212800
2007-11-08,9.38047057787543,9.506245609043575,9.169870875995722,9.32197093963623,5648400
2007-11-09,9.178647593866335,9.330747691957775,9.172798019246928,9.216672897338867,6254800
2007-11-12,9.199122488066866,9.278097040582468,8.962197156822137,8.96512222290039,3711400
2007-11-13,9.01192302282112,9.064573101446458,8.886147958971563,9.038248062133789,4767600
2007-11-14,9.131846049293788,9.134771115040587,8.88907117130181,8.89492130279541,3860400
2007-11-15,8.76329454828347,9.049944802719182,8.76329454828347,8.979744911193848,4070000
2007-11-16,9.044094351990509,9.070419380117611,8.912469211355,8.997294425964355,3848000
2007-11-19,8.9066196301765,8.99144428680245,8.810094713106077,8.85396957397461,2328800
2007-11-20,8.836415528990866,8.903690882926496,8.456166148184284,8.561466217041016,5302400
2007-11-21,8.46787172662536,8.540996696430762,8.21339658622689,8.222171783447266,7344000
2007-11-23,8.25434414673677,8.400594046587592,8.24556950980114,8.342094421386719,2188000
2007-11-26,8.289446417487122,8.388896418603562,8.055446743036224,8.064221382141113,5447200
2007-11-27,8.067147935196125,8.233872803719828,8.043747963436646,8.154897689819336,5352400
2007-11-28,8.198770667460382,8.412295415499301,8.12272064256313,8.339170455932617,6496200
2007-11-29,8.24849641824528,8.523445889727363,8.146121353889551,8.49712085723877,5748600
2007-11-30,8.497120523532507,8.555620717409516,8.374270562710146,8.42107105255127,5529000
2007-12-03,8.423991370635038,8.865665996840889,8.377191461968092,8.687241554260254,8350800
2007-12-04,8.532218157842914,8.687243233963535,8.421068492742544,8.570242881774902,90537000
2007-12-05,8.628744402558366,8.739894084980119,8.546844254842945,8.725269317626953,12450000
2007-12-06,8.684319044516723,8.994368670103677,8.65214388863255,8.950493812561035,11284800
2007-12-07,8.91832021700456,9.017770209046919,8.889070120892246,8.927095413208008,5919000
2007-12-10,8.97974410334558,9.067493820383199,8.897843958317798,8.976819038391113,5006800
2007-12-11,8.909543643478074,9.017768814993392,8.821793926605508,8.833494186401367,11850800
2007-12-12,9.172795075761034,9.359994793095206,9.08796985515701,9.248845100402832,11577600
2007-12-13,9.213744778766511,9.46529481474628,9.213744778766511,9.424345016479492,9562200
2007-12-14,9.301494083957166,9.430194719298605,9.228369128712536,9.240069389343262,8848200
2007-12-17,9.152318033163018,9.351217407303562,9.152318033163018,9.193267822265625,4770000
2007-12-18,9.143542750186816,9.307342462900673,9.076267937916716,9.123067855834961,7028800
2007-12-19,9.125995408249656,9.324894834673996,9.11137008122635,9.254694938659668,6840600
2007-12-20,9.354141141570713,9.558891173761767,9.321966550951341,9.550116539001465,7069200
2007-12-21,9.649567993649976,9.66126713655304,9.386317751864572,9.561817169189453,10907800
2007-12-24,9.591069436150239,9.658344261349368,9.494543959256964,9.567668914794922,946200
2007-12-26,9.50039366912309,9.579368751504562,9.444819107061262,9.474068641662598,2512000
2007-12-27,9.488694592040764,9.515019622783536,9.248845365749526,9.254694938659668,3303800
2007-12-28,9.316116964546362,9.345367050546777,9.161091899273456,9.231291770935059,2966400
2007-12-31,9.184494679907566,9.269319899595065,9.155244584915355,9.19034481048584,3455600
2008-01-02,9.175718350673066,9.210818011874832,8.868593246712805,8.90954303741455,6013800
2008-01-03,8.93001849066448,8.994368241467088,8.8159431970111,8.90954303741455,4631800
2008-01-04,8.891994943120292,8.900770139083761,8.643369969813646,8.728195190429688,7632200
2008-01-07,8.707720195114364,8.900770040989796,8.649220005134286,8.760370254516602,7278600
2008-01-08,8.839348808467383,8.839348808467383,8.41814925736184,8.423998832702637,6112200
2008-01-09,8.482495822459814,8.5702455560842,8.283595831152057,8.491271018981934,6907600
2008-01-10,8.418148383679839,8.514673340527725,8.263123216300174,8.482498168945312,7600400
2008-01-11,8.397669840162187,8.435695130434334,8.21924532347468,8.283595085144043,6361600
2008-01-14,8.497120002656562,8.783770265603122,8.453245138887945,8.698945045471191,6863600
2008-01-15,8.529294225144918,8.684319321838448,8.45324420928955,8.45324420928955,10436400
2008-01-16,8.514672814518665,8.631672670454993,8.149047916030565,8.432772636413574,11081600
2008-01-17,8.34209376174542,8.523443310796946,8.222168897982591,8.233868598937988,6875800
2008-01-18,8.146118096391305,8.50589265266855,8.140267967533383,8.333317756652832,7594400
2008-01-22,8.061294990289088,8.131494881075596,7.669345181640062,7.856545448303223,14189000
2008-01-23,7.955991446734401,8.111015918667905,7.745391321996267,8.087615966796875,13381200
2008-01-24,8.219243888093546,8.625818401713682,8.137343749263273,8.52051830291748,12821600
2008-01-25,9.327821823393306,9.418497195936727,8.824722185939647,8.856897354125977,15072600
2008-01-28,8.82764455464477,9.020694388977432,8.693094348895237,8.997294425964355,6507800
2008-01-29,9.008997656117987,9.281022681347087,8.997297948979831,9.216672897338867,9336800
2008-01-30,9.187418232113794,9.535492575709096,9.184493167306389,9.50039291381836,11351400
2008-01-31,9.327817625744025,9.441892359215892,9.181567738565104,9.333667755126953,10565200
2008-02-01,9.330740698866249,9.529641150138824,9.21374092567555,9.479915618896484,9190400
2008-02-04,9.41849729444315,9.512097176074002,9.32782192095137,9.354146957397461,6450000
2008-02-05,9.188689559973739,9.286190100699027,9.046870694107517,9.079370498657227,6943800
2008-02-06,9.162096186541385,9.235960231356904,8.937549422677659,8.952322006225586,5593200
2008-02-07,8.925729725493728,9.215277171196343,8.825275156274374,9.091185569763184,7104800
2008-02-08,8.990736326729353,9.209373946093157,8.990736326729353,9.188692092895508,8540200
2008-02-11,9.159142134739692,9.27732450119003,9.156187505136188,9.23891544342041,10414800
2008-02-12,9.327552501998587,9.540281334831377,9.256643078900325,9.33346176147461,8271200
2008-02-13,9.342326921028167,9.504827070411016,9.309826553028751,9.368917465209961,11294000
2008-02-14,9.425052600137443,9.425052600137443,9.200505822112817,9.23891544342041,11591800
2008-02-15,9.197553107455464,9.268463105627223,9.043916280851567,9.094143867492676,5222600
2008-02-19,9.209369984088314,9.29800662067068,8.940504881112078,8.943459510803223,7024400
2008-02-20,8.940506229962399,9.230053220922482,8.91686975240521,9.182780265808105,5625200
2008-02-21,9.23005199432373,9.454598783045624,9.188688304980065,9.23005199432373,5156600
2008-02-22,9.29505111224341,9.318688147537966,8.993686238231021,9.159141540527344,6299400
2008-02-25,9.218234238752501,9.448689728421604,9.114824449613229,9.401416778564453,6120600
2008-02-26,9.336419049334918,9.797330712466339,9.336419049334918,9.572784423828125,6716200
2008-02-27,9.525509822912106,9.865283827995475,9.475281675244748,9.723464965820312,8299600
2008-02-28,9.628919028127656,9.628919028127656,9.354144631295979,9.404372215270996,5492400
2008-02-29,9.283235693182453,9.33937254026089,9.052779607969468,9.094143867492676,17908800
2008-03-03,9.339371880296934,9.365962986847768,9.12959765790014,9.274371147155762,13439000
2008-03-04,9.218236126014455,9.475282773045965,9.12664427381874,9.442782402038574,10395000
2008-03-05,9.428009486616906,9.528464663031137,9.368918007477438,9.498919486999512,8105800
2008-03-06,9.490055565119873,9.513692608932681,9.277327242647871,9.283236503601074,5160600
2008-03-07,9.235962084103475,9.5402822126641,9.153234134441098,9.274371147155762,7017000
2008-03-10,9.268465438262071,9.389602490023933,9.188692092895508,9.188692092895508,5439400
2008-03-11,9.330511311106578,9.643694877624512,9.277329079076726,9.643694877624512,7561600
2008-03-12,9.667328473310706,9.776646965849176,9.513691094217561,9.563918113708496,5671600
2008-03-13,9.433915050035425,9.717552686254264,9.398460063739126,9.673234939575195,3798600
2008-03-14,9.711648441614742,9.726421031467488,9.33641936209606,9.4752836227417,5414800
2008-03-17,9.498916750232643,9.628917065223643,9.312779039048799,9.507780075073242,4767600
2008-03-18,9.679146324921366,9.998239618253136,9.55505524000978,9.965739250183105,6514600
2008-03-19,9.99528512077683,10.187331000158041,9.738237380981445,9.738237380981445,6238000
2008-03-20,9.800285659856378,9.909605310492664,9.67619454561163,9.862332344055176,6693000
2008-03-24,9.927331680979357,10.329152447599125,9.906649829204198,10.083924293518066,8149800
2008-03-25,10.131191859190395,10.26119216207608,10.021872269981737,10.210965156555176,5714800
2008-03-26,10.137103770468304,10.210967828794745,9.980511200404509,10.001193046569824,6027200
2008-03-27,10.021874067517201,10.021874067517201,9.741191570649457,9.747100830078125,5609000
2008-03-28,9.871193447806359,9.942103445015697,9.584600519404699,9.602328300476074,4830600
2008-03-31,9.602326618626888,9.764827305219226,9.572781449092272,9.670281410217285,4437000
2008-04-01,9.87414787510446,10.09869526857225,9.767784566019742,10.07801342010498,5488600
2008-04-02,10.104601371079045,10.34982940929495,10.03073732761659,10.240510940551758,8612600
2008-04-03,10.255285038897497,10.261194298496603,9.950965495537694,10.095738410949707,5626800
2008-04-04,10.119378599973507,10.131197122851368,9.948013399473645,10.048468589782715,6665800
2008-04-07,10.095735883126324,10.228691373126056,10.013008523604599,10.066190719604492,3982800
2008-04-08,10.095741052251217,10.095741052251217,9.939149576672696,9.986422538757324,3185800
2008-04-09,10.015965680913482,10.086874538105512,9.909601268049471,9.992328643798828,4121600
2008-04-10,9.980508167485137,10.181418435245678,9.894826742441527,10.066190719604492,4988200
2008-04-11,9.948013729596047,10.107560412512566,9.74414927503144,9.761877059936523,4501600
2008-04-14,9.800283950849813,9.883012472996258,9.717556555779597,9.755966186523438,3415400
2008-04-15,9.753012161592615,9.88005846329243,9.623011792747473,9.865285873413086,4008000
2008-04-16,9.980511456865692,10.258241044638403,9.971648130303112,10.243467330932617,4308600
2008-04-17,10.273011933089156,10.27892119217942,10.095737541609086,10.205057144165039,2872200
2008-04-18,10.414832558309671,10.444377731758115,10.219831483152024,10.352787017822266,4379800
2008-04-21,10.308469391217635,10.544834188939095,10.290742735811188,10.521198272705078,4283800
2008-04-22,10.420736308921871,10.450281466749649,10.210962757948273,10.255280494689941,3673200
2008-04-23,10.338017795668346,10.577336708886445,10.213925547230843,10.497563362121582,5457600
2008-04-24,10.538922506763297,10.68074247988888,10.28483111201363,10.565513610839844,5956400
2008-04-25,10.663016125939368,10.663016125939368,10.376423202281632,10.636425018310547,4525200
2008-04-28,10.609831518528978,10.728014442916697,10.40301196438842,10.459149360656738,9723200
2008-04-29,11.032334832131811,11.061880002048735,10.754606402854371,10.896425247192383,14468600
2008-04-30,10.858016967773438,10.961426202350353,10.748698473066966,10.858016967773438,10318600
2008-05-01,10.778241441899329,11.27460792048671,10.754605533292066,11.227334976196289,9072800
2008-05-02,11.24210885226505,11.274609216527432,10.863925254468649,11.014607429504395,6334200
2008-05-05,10.917110858966735,11.050066423626886,10.80779234005789,10.920064926147461,3324800
2008-05-06,10.813696993109238,11.115062466959955,10.787105888737822,11.097335815429688,4666000
2008-05-07,11.055970097726,11.27756224040483,11.050061965748041,11.088470458984375,7202200
2008-05-08,11.189822002165531,11.210687321989349,10.826167335965295,11.052706718444824,6461000
2008-05-09,10.921546936035156,11.052701613869187,10.841065966566308,10.921546936035156,3237200
2008-05-12,10.924527268908669,11.04971911770832,10.808276233070977,11.043757438659668,3469600
2008-05-13,10.981168759769192,11.076553413335555,10.924534477050027,11.025880813598633,4078600
2008-05-14,11.040780702296216,11.177895953089598,10.942414672113328,10.957318305969238,8067200
2008-05-15,10.903664274400281,11.329913614620688,10.882797824765387,11.29116439819336,6758400
2008-05-16,11.332899637436956,11.38655364503044,11.14213033802666,11.36568832397461,4896400
2008-05-19,11.392509254151678,11.437220145259989,11.109335728835925,11.186835289001465,4003200
2008-05-20,11.13318257091674,11.222606637409436,10.912606087489497,11.082509994506836,3992400
2008-05-21,11.109337384035392,11.1480877384287,10.757606196955898,10.814240455627441,4937000
2008-05-22,10.811262074782114,10.939435384206392,10.718857717244418,10.861934661865234,2980200
2008-05-23,10.796356551349206,10.879817803512381,10.614529277358622,10.814240455627441,3384800
2008-05-27,10.876837154895664,11.005009300386998,10.850010162333701,10.987125396728516,4838800
2008-05-28,10.999048745326174,11.106355578383779,10.954336712079826,11.082509994506836,4998400
2008-05-29,11.067607864716141,11.168954168366476,10.951357926985487,10.975203514099121,3479600
2008-05-30,11.046741325754232,11.097413903428343,10.909624951012558,10.98116397857666,9080200
2008-06-02,10.948373925858105,11.100393913879527,10.832124015650033,10.921546936035156,4515800
2008-06-03,10.933475451663599,10.96924440927189,10.528090141854097,10.677128791809082,9078600
2008-06-04,10.59068161492196,11.013951792743615,10.587701343498379,10.909624099731445,6598200
2008-06-05,10.614527995465844,10.817220558018494,10.611546587063343,10.796355247497559,7109000
2008-06-06,10.802319610411088,10.805299882479714,10.376069068908691,10.376069068908691,6660000
2008-06-09,10.387985687504948,10.504236702776375,10.155485931109718,10.495293617248535,7143800
2008-06-10,10.322413157906134,10.346258741249605,10.08395163910035,10.188278198242188,6017200
2008-06-11,9.669627302291161,9.69645430505058,9.246358077725537,9.279146194458008,23342800
2008-06-12,9.365586985794353,9.535490923120573,9.249337043105303,9.323856353759766,11057600
2008-06-13,9.407316283584576,9.574239356585368,9.341739504182835,9.463951110839844,6572600
2008-06-16,9.389436519501775,9.657706589174625,9.365590354257236,9.556360244750977,5185400
2008-06-17,9.535489154797556,9.62491265212197,9.302988743998618,9.308950424194336,6592800
2008-06-18,9.29702979203046,9.329817903649317,8.987029172285718,9.195683479309082,11752000
2008-06-19,9.204621055082661,9.592121645453895,9.079428644122258,9.580198287963867,13853400
2008-06-20,9.607031162425345,9.657704894281533,9.305973023711786,9.446069717407227,12541800
2008-06-23,9.526546280491981,9.553373271838687,9.264238615536193,9.30596923828125,5618600
2008-06-24,9.23443354631066,9.55933781110313,9.18972207020488,9.389433860778809,5717400
2008-06-25,9.502703220358375,9.687511379916257,9.41924194771834,9.523569107055664,5616400
2008-06-26,9.398376457367561,9.44010709292302,9.168856824738013,9.198664665222168,5759400
2008-06-27,9.171836108363507,9.258278205699648,9.001932185550082,9.201643943786621,6149800
2008-06-30,9.168851098679804,9.326832156608663,9.061543167366848,9.10327434539795,7445000
2008-07-01,9.043664486867765,9.130106600193496,8.876741373573843,9.07943344116211,7536600
2008-07-02,9.127125170822751,9.147990486272429,8.82606709574417,8.846932411193848,5025400
2008-07-03,8.837989291885108,8.885681600698756,8.656162577734516,8.802220344543457,2717200
2008-07-07,8.799239328981896,9.02875891591355,8.67106603839572,8.832027435302734,4516200
2008-07-08,8.867796073023694,8.89760390462363,8.665103500388645,8.88866138458252,4479200
2008-07-09,8.924431694029723,8.939335326893485,8.572700500488281,8.572700500488281,3988200
2008-07-10,8.614430760335916,8.724719571855436,8.495199996893952,8.712796211242676,4412400
2008-07-11,8.644239922531513,8.98106695211516,8.56077809101988,8.8677978515625,6362600
2008-07-14,8.915487549932003,8.987025998019813,8.620391238368391,8.671064376831055,5031000
2008-07-15,8.715778100184718,8.832028037462104,8.569720326325717,8.674047470092773,7148800
2008-07-16,8.748566508995314,9.1211630334965,8.62933573486237,9.070489883422852,11253600
2008-07-17,9.341742027159361,9.612992307245154,9.204626182331355,9.565299987792969,10903000
2008-07-18,9.502699413779686,9.604046260100148,9.362603356155347,9.571257591247559,6195400
2008-07-21,9.538475201096203,9.604052581967691,9.302993821671176,9.359628677368164,3866000
2008-07-22,9.210585234554522,9.30298900604248,8.981065657388402,9.30298900604248,6526000
2008-07-23,9.323859713745012,9.505686510660459,9.210590002351037,9.359628677368164,5699400
2008-07-24,9.252317235907872,9.362605489573241,8.987028121948242,8.987028121948242,8320800
2008-07-25,9.386453079529952,9.40731839727605,9.02876069987412,9.35366439819336,7632600
2008-07-28,9.30001097849323,9.374530295408922,9.064529664141755,9.106260299682617,5005400
2008-07-29,9.121165915487072,9.425204911995358,9.118185074124753,9.374531745910645,4399000
2008-07-30,9.455011643272087,9.797800420647135,9.395396525075782,9.601069450378418,6785200
2008-07-31,9.538470140346929,9.717316000648735,9.499720355558104,9.51760482788086,4659600
2008-08-01,9.5086638136352,9.559336967023969,9.24337525276664,9.410298347473145,4577000
2008-08-04,9.392412180376072,9.532508252843659,9.377507979983491,9.440104484558105,5524200
2008-08-05,9.575086953431372,9.734772370371642,9.466621343836433,9.725732803344727,5754000
2008-08-06,9.674515020833036,9.816123048957346,9.581113809827892,9.776954650878906,4330200
2008-08-07,9.782975432376341,10.04509978891611,9.6805358569306,9.785987854003906,6302800
2008-08-08,9.792016781348009,10.060167210850377,9.746822398005422,10.039076805114746,4451800
2008-08-11,9.987854690937318,10.262031035624117,9.975802705616001,10.117410659790039,6448800
2008-08-12,10.12343666835337,10.204785854624976,10.020997080012169,10.159592628479004,5429800
2008-08-13,10.093311484450917,10.174660700007726,9.95471703543167,10.0782470703125,5720600
2008-08-14,9.978817119828804,10.271071500854424,9.960740287577856,10.234916687011719,5513600
2008-08-15,10.277098350004236,10.292162761247326,10.111387527648425,10.213827133178711,3990600
2008-08-18,10.301199805865531,10.301199805865531,9.942661808942107,10.048113822937012,3623400
2008-08-19,9.867340466007727,9.969780077124653,9.719706469355907,9.798043251037598,4439600
2008-08-20,9.861313436924947,9.888429835533355,9.656434236181616,9.737783432006836,6004400
2008-08-21,9.644382241999779,9.728745009473414,9.557007626837901,9.641369819641113,4698600
2008-08-22,9.641373143938042,9.752851199099277,9.611243737929112,9.689579963684082,3243800
2008-08-25,9.64137033143735,9.71970595967028,9.60822793702849,9.623292922973633,5116800
2008-08-26,9.602200021777842,9.665471796962654,9.505785860797637,9.581109046936035,3360000
2008-08-27,9.523867828295364,9.734773067688433,9.523867828295364,9.665475845336914,3204200
2008-08-28,9.683545159703453,9.882398253953074,9.587131607906072,9.858295440673828,5316400
2008-08-29,9.746823043411952,9.761888605084353,9.57809978635454,9.644383430480957,4680000
2008-09-02,9.737783178599507,9.86733917420813,9.541942974045488,9.569059371948242,5969000
2008-09-03,9.541943678476215,9.593163481110434,9.198470045911716,9.234624862670898,9435400
2008-09-04,9.252700139200403,9.282829529338121,8.851980801978618,8.89416217803955,8778400
2008-09-05,8.812813749208964,9.02974434230816,8.71941314901394,8.948395729064941,6829800
2008-09-08,9.038785050426375,9.07494044348309,8.794738014972596,8.933332443237305,6136800
2008-09-09,8.954422222953086,8.963461214252176,8.574793208447835,8.641077995300293,7782200
2008-09-10,8.71339103216764,8.800765677760163,8.662171214175258,8.707365036010742,5842000
2008-09-11,8.610948470420398,8.791724271010338,8.526586276899645,8.782685279846191,6573400
2008-09-12,8.650115192956392,8.927304565692223,8.583830990115128,8.867046356201172,5001200
2008-09-15,8.650117774988988,8.864036005412574,8.619988948585283,8.629027366638184,10193600
2008-09-16,8.526585342263944,9.065899687862485,8.526585342263944,8.918266296386719,10831600
2008-09-17,8.75255621962041,8.981538832526176,8.586845397949219,8.586845397949219,8626600
2008-09-18,8.78569892242952,9.394310580109499,8.650116918357579,9.17436695098877,9766800
2008-09-19,9.31898556834151,9.752846748048226,8.933330611709627,9.52386474609375,11232800
2008-09-22,9.520857074732369,9.650412556968277,9.02372383575299,9.02673625946045,5235600
2008-09-23,9.090003683587202,9.198469274104738,8.845956679593147,8.987564086914062,5240800
2008-09-24,8.954422474481932,9.18039209127273,8.897177251990989,9.002629280090332,5256400
2008-09-25,9.0869900333737,9.306933620848158,8.954421051679764,9.186416625976562,5890600
2008-09-26,8.897175059926507,9.261739009353457,8.897175059926507,9.237635612487793,4179200
2008-09-29,9.099045256354795,9.25571711807447,8.424148695699998,8.44825267791748,9396800
2008-09-30,8.601908395495407,8.906214163636838,8.475365408492737,8.867046356201172,7544200
2008-10-01,8.903202631750432,8.903202631750432,8.647104193606054,8.683259010314941,5917400
2008-10-02,8.496455562672956,8.523571955453406,8.041503452842475,8.252408027648926,11328600
2008-10-03,8.363890558984151,8.493446591518985,8.0987524982918,8.119843482971191,9146600
2008-10-06,7.975217578332024,8.014385951226974,7.571485313537634,7.884829998016357,8996800
2008-10-07,7.8908577036917205,8.050542501907874,7.592577934265137,7.592577934265137,9713800
2008-10-08,7.478086720883001,7.948103297606852,7.3605827203696315,7.550396919250488,11766400
2008-10-09,7.595588367935913,7.845661849977706,7.4268646240234375,7.4268646240234375,10943400
2008-10-10,7.3696252236061115,7.713099574699875,6.996022037484192,7.294301986694336,17375600
2008-10-13,7.574498626462074,8.092722460989824,7.463020644385927,8.035476684570312,6135600
2008-10-14,8.327730969725298,8.421132130869312,7.812520671301845,7.911947250366211,9320600
2008-10-15,7.809507265060949,7.830597663350792,6.863448315463424,6.875499725341797,14747600
2008-10-16,6.842359756230308,7.267183166707034,6.535041512543325,7.215963363647461,10360000
2008-10-17,7.071340650221363,7.2762198125917,6.863449066054684,6.881526470184326,12977000
2008-10-20,6.92973444437615,7.083393842320593,6.884540639020823,7.068328857421875,6658800
2008-10-21,6.935760723448633,6.971915539350969,6.685687710554129,6.697739124298096,6555200
2008-10-22,6.628441315084947,6.761010302294354,6.327148528035631,6.483820915222168,7635200
2008-10-23,6.360290918505579,6.6254283182540075,6.236760921788991,6.483820915222168,13567400
2008-10-24,5.896300583082011,6.8393474615066525,5.875210176958154,6.74293327331543,14153400
2008-10-27,6.637481210224212,7.221988883001883,6.586261406458079,6.974928855895996,11215400
2008-10-28,7.074355247650095,7.631747077375767,6.89357944143225,7.619695663452148,14409800
2008-10-29,7.619694540306271,7.7221335549040395,7.34551758690955,7.45097017288208,9027800
2008-10-30,7.6046283001801935,7.722132278883365,7.3846847491362135,7.532318115234375,10208800
2008-10-31,7.529309708939108,7.55040012057136,7.2762236200108505,7.420844078063965,8901200
2008-11-03,7.450968016010934,7.559433567289766,7.390709823377291,7.4268646240234375,4467400
2008-11-04,7.517253570953561,7.646808957435626,7.441930391183165,7.616680145263672,5587200
2008-11-05,7.095444795559171,7.321414382356219,6.917682007971862,6.9538373947143555,10351400
2008-11-06,6.884541560628964,6.962877768577636,6.532028912195186,6.5561323165893555,8225200
2008-11-07,6.643504188765567,6.67965956770828,6.513948803007287,6.673633575439453,5242600
2008-11-10,6.748956941423355,6.812228712655245,6.369328038042819,6.417534828186035,5093800
2008-11-11,6.339199590094644,6.544078172661133,6.339199590094644,6.396444797515869,6297200
2008-11-12,6.362459752605026,6.4420671124349935,6.06852484061779,6.096081256866455,7990600
2008-11-13,6.096081284766052,6.515550724252263,5.921557703722835,6.500241279602051,9576400
2008-11-14,6.3195956329084915,6.41451246346945,6.034846309217134,6.047093868255615,9007800
2008-11-17,5.949113842848141,6.120575526970604,5.930743094119627,5.964422702789307,5726200
2008-11-18,5.924617612775016,6.120573766848662,5.639868461389621,5.8297014236450195,9361600
2008-11-19,5.845011495713099,5.903186210059964,5.361244201660156,5.361244201660156,7684600
2008-11-20,5.3520611933517035,5.578635802150805,5.205093974238094,5.241836071014404,11476600
2008-11-21,5.3398115640981425,5.376553058624268,4.984640669036128,5.376553058624268,11799400
2008-11-24,5.5663863426773235,5.575571424776996,5.290822783771581,5.548015594482422,9230400
2008-11-25,5.575572496380633,5.633747224840262,5.404110784284308,5.532707214355469,9885400
2008-11-26,5.456161955138005,5.783776530159846,5.440853092079219,5.774591445922852,7409000
2008-11-28,5.780715132809083,5.811333445528608,5.587820755468833,5.664366245269775,2507800
2008-12-01,5.593942580863479,5.750095395593153,5.257142426583529,5.260204315185547,5980200
2008-12-02,5.358185051885776,5.4898434066000155,5.22040291695324,5.3520612716674805,5981800
2008-12-03,5.263267604851544,5.670489553392388,5.251020047183215,5.649056911468506,8851400
2008-12-04,5.492902731910161,5.6276223298331525,5.266328225589981,5.3398118019104,7516200
2008-12-05,5.241832272633062,5.575569871869325,5.064246865555288,5.566384792327881,7906600
2008-12-08,5.590883195016039,5.927683500064387,5.590883195016039,5.826643466949463,9417800
2008-12-09,5.725602359380574,6.1420093895931265,5.691922159997351,5.9583001136779785,12780800
2008-12-10,5.985855943032427,6.212431064145856,5.927681802201874,6.071587085723877,7496000
2008-12-11,6.040968170486281,6.172626468364369,5.93686628769875,5.964422702789307,8096200
2008-12-12,5.866444632066259,6.35633574500616,5.7929610527246105,6.270604610443115,9370800
2008-12-15,6.33184255533182,6.33184255533182,6.04403137081791,6.175689697265625,7730800
2008-12-16,6.209370697044897,6.377770550613429,6.18487616227137,6.359399795532227,8729000
2008-12-17,6.264480362643166,6.405324317140104,6.233862644878883,6.298160552978516,8558800
2008-12-18,6.319594515965529,6.319594515965529,5.759281636892953,5.869507312774658,7456800
2008-12-19,5.8970624444629065,6.093018639702999,5.799084346842861,6.004226207733154,8765000
2008-12-22,6.007290143696597,6.007290143696597,5.694984413095561,5.808271408081055,5275200
2008-12-23,5.698045247365677,5.857259388776362,5.593943356445834,5.615375995635986,6344800
2008-12-24,5.603127493120836,5.707229366457116,5.575571080532084,5.65824031829834,1597400
2008-12-26,5.65824043930955,5.664364216459244,5.600066308374049,5.624560832977295,1174800
2008-12-29,5.645993940546688,5.658240911873386,5.551077138785779,5.612313747406006,3952600
2008-12-30,5.652118647682659,5.903188343058174,5.59088260666081,5.887878894805908,4688800
2008-12-31,5.8695068463060185,6.004227041233047,5.811332123770045,5.979732513427734,3537800
2009-01-02,5.967488394944371,6.007292390553322,5.851139466848247,5.991982936859131,5917600
2009-01-05,5.942991859468755,6.025661129698362,5.866446368662619,5.924621105194092,4957800
2009-01-06,5.976672723323827,6.148134478174483,5.927683650509355,6.126701831817627,7022800
2009-01-07,5.8970646043441315,5.970548204473547,5.615377178516832,5.664366245269775,11959400
2009-01-08,5.642932415008545,5.664365054206785,5.492903356625245,5.642932415008545,9432200
2009-01-09,5.698044253013883,5.713353111479447,5.42554201716182,5.489840507507324,6378800
2009-01-12,5.502090894162697,5.526585433315499,5.23877474426904,5.2969489097595215,9602000
2009-01-13,5.3153168094593255,5.5173967725843465,5.284698509350429,5.367367744445801,7281000
2009-01-14,5.290823331192708,5.352059359510087,5.168350106566718,5.226524829864502,8870200
2009-01-15,5.293885702623705,5.348997957932875,5.0826200132870465,5.281638145446777,8750200
2009-01-16,5.367368337697978,5.446975693181867,5.226524375227848,5.422480583190918,9105800
2009-01-20,5.422480796231525,5.422480796231525,5.076495529954077,5.079557418823242,7108400
2009-01-21,5.10405393809801,5.251021157211619,5.006075792022271,5.241836071014404,8269600
2009-01-22,5.097929000854492,5.189783929948365,4.9693325673196185,5.097929000854492,6527400
2009-01-23,4.987702873503105,5.330626236113685,4.987702873503105,5.269389629364014,11050800
2009-01-26,5.296945478996687,5.483716584065009,5.238771351184833,5.367367744445801,8672400
2009-01-27,5.480655213608298,5.621499173821596,5.3306261712911365,5.590880870819092,6368600
2009-01-28,5.8052091633457445,5.936867487838609,5.704169148920287,5.84501314163208,10756000
2009-01-29,5.814393121297621,5.838887645347498,5.597004293354399,5.630683898925781,8468200
2009-01-30,5.707231387474335,5.964424273381573,5.661304211561412,5.808271408081055,15104600
2009-02-02,5.73784840870531,5.903186905594368,5.645994077541785,5.860321044921875,10762600
2009-02-03,5.789899590736548,5.946052427347098,5.719477895008932,5.936866760253906,7745400
2009-02-04,5.851137496614466,6.1848758828219355,5.8388899377831915,5.939929962158203,11321800
2009-02-05,5.9001261918921335,6.2124319144469435,5.823580706010801,6.129762649536133,9404200
2009-02-06,6.154257500795041,6.368584521979543,6.096082764989705,6.31653356552124,10413200
2009-02-09,6.337967521273621,6.353276387403981,6.184876523986778,6.30734920501709,7870400
2009-02-10,6.233861957480833,6.386952865403287,5.900123731490249,5.952174663543701,11267400
2009-02-11,6.026653020621044,6.067162835963905,5.9207035412808775,6.001723766326904,12768400
2009-02-12,5.964328745162318,6.222969944812506,5.877076664638537,6.154414653778076,16805400
2009-02-13,6.148182359423112,6.319571483202877,6.092091395071924,6.201157093048096,12407200
2009-02-17,5.895776002743239,6.042235340048062,5.845917479645406,5.973680019378662,14096800
2009-02-18,5.973677963684992,6.179344449278631,5.930051919577333,6.06716251373291,15067600
2009-02-19,6.0983220815216415,6.151296799727586,5.79917115120106,5.827216625213623,17247000
2009-02-20,5.8022893447695285,5.964329189687871,5.736849685139209,5.877077102661133,11985400
2009-02-23,5.933168524553455,5.954981547982499,5.658946130233255,5.674526691436768,8563200
2009-02-24,5.699456768394086,5.8895421189962365,5.699456768394086,5.852148532867432,13409800
2009-02-25,5.839679701696309,6.051578529219366,5.758659526798673,5.926932334899902,15528600
2009-02-26,5.933170048603208,6.132604136166186,5.808523149515883,5.824104309082031,8950600
2009-02-27,5.824101721656838,5.973677220878409,5.75242960821466,5.8490309715271,9837600
2009-03-02,5.74619789695373,5.873960380289863,5.546763298236667,5.565460681915283,11660400
2009-03-03,5.577924936074312,5.66829383957584,5.468859243502202,5.534298896789551,10638600
2009-03-04,5.546764029176696,5.833450745398701,5.537415930465733,5.746198654174805,7788000
2009-03-05,5.655829130045969,5.811637098335722,5.609086858431089,5.665177822113037,12851200
2009-03-06,5.727500167478114,5.8677275648004485,5.565460345901414,5.683874130249023,13271200
2009-03-09,5.612201790286562,5.802287657803704,5.5779238550004955,5.590388774871826,7600000
2009-03-10,5.721268656671853,5.908237738911673,5.671410155493206,5.895773410797119,10709000
2009-03-11,6.113905047780554,6.2572480959066255,5.964328943803479,6.129485607147217,17680200
2009-03-12,6.095208027333916,6.447334395908949,6.085859928899716,6.425521373748779,10882800
2009-03-13,6.369429510138642,6.450449719884889,6.22608587924599,6.356964588165283,8572600
2009-03-16,6.397477396799648,6.4379872197315215,6.210507657386993,6.235436916351318,7262600
2009-03-17,6.251017902522052,6.39436159701889,6.216740540606219,6.391245365142822,8077400
2009-03-18,6.388127309184753,6.615606821938522,6.31022331760933,6.562632083892822,12762600
2009-03-19,6.628074711966202,6.668584544195164,6.437988697262833,6.490963459014893,7521000
2009-03-20,6.547051907018672,6.5875617234934865,6.229203460116634,6.288410663604736,7277400
2009-03-23,6.388125144497805,6.624953269958496,6.36007966948535,6.624953269958496,8760400
2009-03-24,6.715326199044631,6.743371693429248,6.51589210063002,6.528357028961182,9329200
2009-03-25,6.4691486973141705,6.752719230191723,6.462916234218745,6.621840476989746,12308400
2009-03-26,6.684162174133759,6.824388991008307,6.643651768950269,6.7869954109191895,10368000
2009-03-27,6.721556731128806,6.864900393931185,6.705976169553913,6.752718448638916,7639200
2009-03-30,6.802576799340561,6.802576799340561,6.481612126927952,6.58756160736084,5181800
2009-03-31,6.63742057105987,6.721557033817955,6.559516570956537,6.603143215179443,6692000
2009-04-01,6.612490753290153,6.743369486124374,6.481612020455932,6.727788925170898,9074600
2009-04-02,6.768295062115051,7.005123144940289,6.768295062115051,6.9334516525268555,9693600
2009-04-03,6.980196387034557,7.157817363739014,6.886711850145955,7.157817363739014,7751800
2009-04-06,7.051868438720702,7.098611305063327,6.902292930632965,7.051868438720703,6252800
2009-04-07,6.942804791155778,7.061218611294792,6.799461120081856,6.858668327331543,6006400
2009-04-08,6.936571152017334,7.061217413750747,6.874247723970498,7.039404392242432,5733600
2009-04-09,7.092375464744769,7.344784088687405,7.061213766815567,7.210789203643799,9081000
2009-04-13,7.092379127774165,7.19832859883763,6.8835964164856005,7.039404392242432,8421200
2009-04-14,6.961501397450048,7.1515873451851855,6.861784373838285,6.967733860015869,10896800
2009-04-15,6.924108767230613,6.96773542060222,6.7994624597984705,6.949038028717041,9424200
2009-04-16,7.045633871640348,7.207673646125392,7.011355941287738,7.185860633850098,9077600
2009-04-17,7.142238376155372,7.2388391647623225,7.0612181490023325,7.201445579528809,6196200
2009-04-20,7.0861501634508,7.1609379574021945,6.892948510999838,6.914761543273926,5493600
2009-04-21,6.930338459934473,7.067449640462956,6.780762950827167,6.942803382873535,9248000
2009-04-22,6.942803953261367,7.126657421195382,6.7558342543365715,6.9583845138549805,9578400
2009-04-23,6.86490190654746,6.945922152181663,6.7184419802869755,6.886714935302734,8537600
2009-04-24,6.914754870671173,6.983310133715329,6.758946968367199,6.9334516525268555,7334000
2009-04-27,6.8867138063932245,7.011360089105246,6.811926036766011,6.8773651123046875,6135400
2009-04-28,6.805692729408165,6.939687689579048,6.712208177566299,6.874248027801514,7443200
2009-04-29,6.945921401276638,7.098613180416916,6.886714190798442,6.9833149909973145,9749400
2009-04-30,6.977082650682702,7.25442131873261,6.949037160718549,7.167168617248535,10240600
2009-05-01,7.170283834316633,7.235722905400412,6.970849795554274,7.117309093475342,7640400
2009-05-04,7.1640502223652875,7.503711636600512,7.12354041262761,7.435156345367432,10620800
2009-05-05,7.382179015158792,7.400875798122719,7.086143745489878,7.179628849029541,13249400
2009-05-06,7.204558831211195,7.3354375141236146,7.095493163057498,7.276230335235596,9820400
2009-05-07,7.257537054338632,7.316743667451927,6.91475932937166,7.064334869384766,12550400
2009-05-08,6.9708488228269925,6.9708488228269925,6.5532834166660425,6.702858924865723,18766600
2009-05-11,6.596908194550997,6.752716134342602,6.528352915012333,6.556398391723633,11525800
2009-05-12,6.637420805502158,6.637420805502158,6.238552691275179,6.319572925567627,15281600
2009-05-13,6.291527958167384,6.319573449067242,6.138836171246169,6.1637654304504395,9830800
2009-05-14,6.188690387263696,6.31022036710156,6.169993010088633,6.219851493835449,11566200
2009-05-15,6.216738384650818,6.335152183073388,6.126369474666021,6.282177448272705,8944400
2009-05-18,6.322686076576395,6.456680396941915,6.3164536167379755,6.453564167022705,7021200
2009-05-19,6.598976747481544,6.665505392083199,6.399392022178673,6.560960292816162,10450800
2009-05-20,6.716197600915123,6.950630832453009,6.6433327363718195,6.668676853179932,10894000
2009-05-21,6.61798829108044,6.662340946481751,6.427907726579938,6.497603893280029,6198200
2009-05-22,6.500767927732472,6.741537177380082,6.41523136451865,6.65600061416626,10652000
2009-05-26,6.608484236225971,6.918949784494633,6.58947569749425,6.842917442321777,8790200
2009-05-27,6.950626357344683,7.029826746908886,6.804897326336021,6.808065414428711,12368400
2009-05-28,6.865090064158044,6.87459432881346,6.671840912588541,6.833409786224365,9759000
2009-05-29,6.8175699493830475,6.8619219759395715,6.690849441899375,6.833409786224365,7127000
2009-06-01,6.896772192627846,7.185061651100927,6.890436014490784,7.156549453735352,9272200
2009-06-02,7.102695800322575,7.162888306599014,6.956966670008791,6.98547887802124,6842400
2009-06-03,6.9379565985730105,7.001317175610707,6.858756179401512,6.922116756439209,6631400
2009-06-04,6.9062758663738775,7.061509209718445,6.8714280950679925,7.010820388793945,7643200
2009-06-05,7.115364553119489,7.115364553119489,6.811235268385626,6.887267589569092,15509000
2009-06-08,6.823907674992927,6.937955855494086,6.74787474899058,6.8967719078063965,6306000
2009-06-09,7.128038333243492,7.381479454502741,7.090021862928956,7.308615207672119,13572600
2009-06-10,7.381481713877588,7.381481713877588,7.16605699699419,7.349802017211914,8724200
2009-06-11,7.381478756001376,7.444839332446093,7.280102317090818,7.333958625793457,7718000
2009-06-12,7.286440063308883,7.302279908702485,7.0963588973288125,7.207239627838135,6090200
2009-06-15,7.067845961876229,7.153382568366196,6.9823099596375675,7.137542724609375,6064800
2009-06-16,7.194567821637922,7.216744452847046,7.020327091897571,7.064679145812988,6683600
2009-06-17,7.09635696993567,7.245254134900609,7.007652893021617,7.156549453735352,6309800
2009-06-18,7.210405856453109,7.210405856453109,7.036164580845763,7.067844867706299,5276000
2009-06-19,7.153380552331401,7.213573029295647,7.0520041306554955,7.118532180786133,8089000
2009-06-22,7.036164307936087,7.124868986854785,6.852419376373291,6.852419376373291,7168800
2009-06-23,6.842915893670041,6.861923823848647,6.713027262989021,6.779555320739746,7513200
2009-06-24,6.801730599276291,6.972803765007365,6.78589075989429,6.89993953704834,8731800
2009-06-25,6.8872692239565625,7.061510530070219,6.8397490874715,7.055174350738525,6053800
2009-06-26,6.99181424318565,7.166055561193024,6.969638218262306,7.099526882171631,6655800
2009-06-29,7.080514262019346,7.1787225663754946,7.039329725054826,7.150210380554199,6119200
2009-06-30,7.1312052775167185,7.295942282004062,7.036164419119621,7.143877029418945,6467800
2009-07-01,7.102691335384222,7.375140883233594,7.067842968775287,7.210403919219971,5400000
2009-07-02,7.131203268569262,7.254755685002938,7.032994953051495,7.226243495941162,7973600
2009-07-06,7.188226443169666,7.257922557956452,7.0234895126726125,7.166050434112549,5865000
2009-07-07,7.169219413951129,7.264260249499839,6.915778394323346,6.934786319732666,8332600
2009-07-08,6.97597449100673,6.97597449100673,6.804901260601285,6.918950080871582,5527200
2009-07-09,6.906276652832396,7.137542347522495,6.906276652832396,7.09002161026001,8441000
2009-07-10,7.032999345674646,7.223079919137684,7.02349507530093,7.20090389251709,7971000
2009-07-13,7.210404725649331,7.333957160352431,7.048835831825445,7.327620983123779,6460600
2009-07-14,7.3339573973738235,7.56839052415033,7.254756992209417,7.492358207702637,10625600
2009-07-15,7.574726781984017,7.799656249248988,7.574726781984017,7.733127593994141,7279200
2009-07-16,7.761639778317086,7.954888962076367,7.657095266697555,7.916872501373291,6905600
2009-07-17,7.891528265544473,8.170314028100877,7.891528265544473,8.141801834106445,9687000
2009-07-20,8.173480402479878,8.274857414164625,8.097448096904607,8.25584888458252,8691800
2009-07-21,8.300202864334395,8.309706526418202,8.043593111550914,8.19882583618164,9057400
2009-07-22,8.208332441445997,8.464941663098031,8.17348405920574,8.385741233825684,7789600
2009-07-23,8.369900333269813,8.575821302537461,8.259019625433003,8.515628814697266,7678400
2009-07-24,8.490284608073752,8.569485026448511,8.322380107840054,8.563149452209473,9679800
2009-07-27,8.56948472763779,8.597996925598606,8.430092431219597,8.572652816772461,5027200
2009-07-28,8.509293809921749,8.66452656958267,8.474445429747423,8.575821876525879,7649200
2009-07-29,8.553642290854917,8.594826228607095,8.426921785173938,8.55681037902832,6445400
2009-07-30,8.648684696303974,8.778573322856985,8.506124318118347,8.53780460357666,7047600
2009-07-31,8.534637434405155,8.582157565588396,8.44593274641219,8.531469345092773,5147800
2009-08-03,8.591660027351825,8.667692342111435,8.509291535299464,8.632843971252441,6688600
2009-08-04,8.601164868804602,8.680365283073984,8.550476652012295,8.610669136047363,4616000
2009-08-05,8.655022437092628,8.715214929907326,8.521965697542468,8.686702728271484,7250200
2009-08-06,8.677194273044252,8.76589892469631,8.426921362411415,8.464937210083008,7391000
2009-08-07,8.328713920157194,8.436425902634939,8.201992803357834,8.373065948486328,12033600
2009-08-10,8.312874984903846,8.455435965012713,8.281194699962857,8.430091857910156,5839800
2009-08-11,8.37940513876567,8.509293786372512,8.31604455757884,8.335052490234375,4615800
2009-08-12,8.36673341181306,8.607502792529067,8.341389298277235,8.493453979492188,7797800
2009-08-13,8.512464821612905,8.69937733186781,8.411087735781972,8.683537483215332,9154600
2009-08-14,8.642349870584232,8.642349870584232,8.490284608073752,8.563149452209473,5692400
2009-08-17,8.493450284344437,8.493450284344437,8.363561683451056,8.373065948486328,5069000
2009-08-18,8.46902447535195,8.552463215515814,8.401631999894068,8.523580551147461,6196200
2009-08-19,8.382372001026724,8.546039516862685,8.347070852225771,8.533203125,5482600
2009-08-20,8.520369115590942,8.581343681649331,8.475440810128053,8.529996871948242,4727200
2009-08-21,8.610227403475141,8.632691558984805,8.462605460353165,8.57813549041748,7399400
2009-08-24,8.571715131578804,8.63910819563501,8.44013886739052,8.47544002532959,4915400
2009-08-25,8.50111359318782,8.53320549992929,8.392001477528153,8.420884132385254,4652600
2009-08-26,8.411256612126845,8.507532335045592,8.385583208435623,8.488277435302734,6461400
2009-08-27,8.507530836307238,8.507530836307238,8.340653435661327,8.47864818572998,4889400
2009-08-28,8.55567204926296,8.754641437151523,8.533207891877653,8.619855880737305,5240000
2009-08-31,8.568509619872849,8.600600925603016,8.430514801664412,8.520371437072754,3795400
2009-09-01,8.504324950116917,8.623064850820947,8.266845760811218,8.279682159423828,6125400
2009-09-02,8.176984907087308,8.334234546211823,8.176984907087308,8.225122451782227,3963800
2009-09-03,8.250797455127014,8.433721139922724,8.19624200939939,8.420884132385254,6230400
2009-09-04,8.420884989159376,8.574925422668457,8.398420835785418,8.574925422668457,3617800
2009-09-08,8.613436170643785,8.712920544624719,8.607017665973455,8.69045639038086,8785000
2009-09-09,8.786731670204643,8.934354219768245,8.581344413875081,8.860543251037598,12018600
2009-09-10,8.815614318249931,9.001746672083712,8.793150163630695,8.976073265075684,5310800
2009-09-11,8.969653617945855,8.972862257604735,8.767475041714029,8.805985450744629,4223800
2009-09-14,8.786730292009038,8.831659206360774,8.71612858674518,8.78352165222168,4163600
2009-09-15,8.72896813738865,8.879799347528019,8.72896813738865,8.818824768066406,4306800
2009-09-16,8.799569407110836,8.84449772012093,8.667993108636391,8.793150901794434,12124400
2009-09-17,8.799569569144312,8.825242978780306,8.655156257377868,8.67441177368164,5029400
2009-09-18,8.725755224982912,8.770683521478865,8.635898019888874,8.700081825256348,4745400
2009-09-21,8.722545623779297,8.796356568520997,8.651943318285403,8.722545623779297,4172000
2009-09-22,8.793148230462645,8.857332039923097,8.716128026371404,8.825240135192871,3940800
2009-09-23,8.822034020890953,9.021003411296135,8.812406262417312,8.818824768066406,6515000
2009-09-24,8.850914091255193,8.876587494227927,8.404838485065623,8.420884132385254,11818800
2009-09-25,8.456186512091843,8.485069171119626,8.31177321695293,8.436931610107422,8051200
2009-09-28,8.47864854622127,8.64231670241713,8.430510997246524,8.594179153442383,3359200
2009-09-29,8.536412328582188,8.658360805059603,8.433718745842882,8.446555137634277,7001400
2009-09-30,8.465812594438797,8.59097097188392,8.279680266345819,8.50432300567627,5747400
2009-10-01,8.46581118699395,8.497903089006181,8.096755844108584,8.09996509552002,6356400
2009-10-02,8.08713209603724,8.15131531489642,7.952346540699874,8.022948265075684,8106400
2009-10-05,8.080712835693417,8.154523805932788,7.939508788029426,8.119222640991211,5058200
2009-10-06,8.13526750591298,8.270053025508187,8.112803354664146,8.180195808410645,5910600
2009-10-07,8.122428395976815,8.237958986328001,8.09675499946567,8.199448585510254,6262200
2009-10-08,8.22512068518917,8.260421829364432,8.096753722872705,8.193029403686523,10406400
2009-10-09,8.193030443958365,8.411254001553292,8.14489229138836,8.395208358764648,5218400
2009-10-12,8.43692663555267,8.529992450356113,8.385579240365674,8.456181526184082,4390000
2009-10-13,8.475440764054678,8.504323420867314,8.363119388905792,8.379165649414062,5609400
2009-10-14,8.581342314802084,8.684035917847092,8.565296668864612,8.677618026733398,9849600
2009-10-15,8.623058251928573,8.661568030398719,8.424089022826504,8.485063552856445,7069000
2009-10-16,8.43693206268787,8.449768460665299,8.24117194368785,8.375957489013672,6995600
2009-10-19,8.414466137708597,8.529996764126837,8.327818779997164,8.48185920715332,5102600
2009-10-20,8.478646699160207,8.520365735955982,8.366325367953406,8.417672157287598,6254800
2009-10-21,8.375957099316013,8.50753338600021,8.225125298408052,8.247590065002441,7289600
2009-10-22,8.231544180532957,8.295728006683467,8.128850548374004,8.28930950164795,5476000
2009-10-23,8.282888413737371,8.282888413737371,8.08071046498291,8.116011619567871,4568000
2009-10-26,8.122426788577847,8.234748105624398,7.9780141913196525,8.03898811340332,5348600
2009-10-27,8.03899335657049,8.106386435594098,7.900999170193259,7.949136734008789,5154400
2009-10-28,7.971598208987513,8.032572762437448,7.804720805915126,7.8175578117370605,5503800
2009-10-29,7.910622241697882,7.997270179203257,7.856066200909538,7.981224536895752,5318600
2009-10-30,7.917045786524035,7.9363006919785875,7.653893167602993,7.6891937255859375,13143800
2009-11-02,7.6763561414358366,7.807932430592661,7.6057544242621775,7.730912208557129,6477600
2009-11-03,7.698817711369595,7.788674912958122,7.557613712331084,7.75016450881958,9035800
2009-11-04,7.7854634654073,7.9106211723732,7.75658082347641,7.833600997924805,8242800
2009-11-05,8.270052493360518,8.286098139762288,7.949134668507744,8.141685485839844,16541000
2009-11-06,8.064661626113086,8.298932015053886,8.064661626113086,8.212284088134766,4788800
2009-11-09,8.27325941696948,8.404835639165448,8.250794661385532,8.369534492492676,5363400
2009-11-10,8.382370808396736,8.440135481713215,8.257212485956153,8.414462089538574,6174400
2009-11-11,8.523576852221963,8.63910745955925,8.50432195503313,8.571714401245117,5284400
2009-11-12,8.552460560646447,8.66478193031167,8.494695249841346,8.50432300567627,5636800
2009-11-13,8.478650700783867,8.632691141488092,8.478650700783867,8.587762832641602,4826600
2009-11-16,8.672272206140988,8.818543290230087,8.646268416526533,8.740531921386719,5287800
2009-11-17,8.740531354541593,8.821793269314137,8.662519990757454,8.812042236328125,4754800
2009-11-18,8.786038151072358,8.802290285485196,8.68527293377936,8.701525688171387,4007800
2009-11-19,8.480495231519978,8.490246886504707,8.213956195064094,8.350476264953613,7941200
2009-11-20,8.29196653360173,8.330971908683221,8.24320950476024,8.298467636108398,4032000
2009-11-23,8.399231053261978,8.49674509710851,8.356974512943756,8.405732154846191,4929400
2009-11-24,8.418737263778045,8.617016605281197,8.40573567514376,8.60401439666748,7102200
2009-11-25,8.633268799541536,8.633268799541536,8.545506370773095,8.584511756896973,3834800
2009-11-27,8.392730338178518,8.532500928779966,8.376478203448713,8.467491149902344,1918200
2009-11-30,8.428490260468722,8.532505466000384,8.39273480107489,8.529254913330078,4575400
2009-12-01,8.57150764551445,8.730780935266903,8.526000548457139,8.721029281616211,8730600
2009-12-02,8.763286438263895,8.857550576855374,8.737282644855787,8.831546783447266,6634400
2009-12-03,8.857552809327384,9.033078924056506,8.82829845687253,8.994072914123535,7678400
2009-12-04,9.075334038834571,9.150094879410142,8.890056903504055,9.02657699584961,5654800
2009-12-07,9.055831345636474,9.114340045210204,8.964817744079625,9.02657699584961,4119400
2009-12-08,9.02007289007355,9.101334808002141,8.873801189810393,9.039575576782227,4267400
2009-12-09,9.046077392165767,9.124088765129791,8.968066019201745,9.101335525512695,5579400
2009-12-10,9.107838181543105,9.312617993000257,9.107838181543105,9.202101707458496,6599800
2009-12-11,9.250854955511466,9.2606066072912,9.104583898690244,9.182595252990723,4784000
2009-12-14,9.267111433163947,9.371126614037582,9.218354394626854,9.322369575500488,3733200
2009-12-15,9.296358472987858,9.442629473624523,9.247601472775637,9.267104148864746,6420800
2009-12-16,9.322369044779792,9.55315263670728,9.315867941350453,9.364624977111816,6862400
2009-12-17,9.332120822137004,9.384129033728648,9.234606742858887,9.234606742858887,5369600
2009-12-18,9.302867621794475,9.312618658287516,9.137093181639019,9.237857818603516,9580600
2009-12-21,9.273613564210002,9.384129861125075,9.26386190743063,9.374378204345703,5380200
2009-12-22,9.413381576538086,9.491393574115422,9.38412785242073,9.413381576538086,5567000
2009-12-23,9.455638361398032,9.491393809509466,9.403630775042858,9.452387809753418,2689600
2009-12-24,9.4913944213775,9.527149251814555,9.458889522815236,9.507646560668945,1218200
2009-12-28,9.543399423619675,9.549899905586178,9.426382068513746,9.471888542175293,2113200
2009-12-29,9.458886094388678,9.494640911866199,9.377624187426541,9.432882308959961,2490800
2009-12-30,9.423134765106276,9.575906993606228,9.416633660920045,9.569406509399414,2906800
2009-12-31,9.588909187616535,9.608411880166603,9.44263744354248,9.44263744354248,2675800
2010-01-04,9.575908701094944,9.582409806440396,9.458891904774486,9.484895706176758,3037400
2010-01-05,9.497892949475458,9.527147290160043,9.306114769422836,9.335369110107422,15591000
2010-01-06,9.328871365469045,9.40038165258464,9.241108317659387,9.257360458374023,5567600
2010-01-07,9.325622227445862,9.325622227445862,9.140345067294541,9.20860481262207,3577000
2010-01-08,9.198852799697002,9.299618067452684,9.127342504497694,9.263862609863281,4100200
2010-01-11,9.260609007517681,9.286612799024345,9.159844392926777,9.25085735321045,4489600
2010-01-12,9.215102778399618,9.276862017402529,9.016823475273037,9.098085403442383,4669000
2010-01-13,9.140339238984868,9.192346807970857,8.977815430908871,9.176094055175781,4033600
2010-01-14,9.137092548224407,9.153344687905777,9.007072950855894,9.111088752746582,4517400
2010-01-15,9.03307765356614,9.137092838785136,8.864052667595569,8.903058052062988,4669400
2010-01-19,8.916059241432613,9.052579311428254,8.916059241432613,9.023324966430664,3039400
2010-01-20,8.935562657605425,9.023325699730446,8.79904257651519,8.938813209533691,8036600
2010-01-21,8.948564112928615,9.081833630885363,8.805542940006982,8.851049423217773,7321600
2010-01-22,8.85104659449261,8.85104659449261,8.506496288913619,8.519497871398926,8878600
2010-01-25,8.545504139519618,8.652769853322074,8.53900303686995,8.594261169433594,7806400
2010-01-26,8.565005353869228,8.691773733830757,8.509747230812813,8.591009140014648,6810800
2010-01-27,8.548756846572038,8.68527694664562,8.503250353207335,8.659273147583008,6090400
2010-01-28,8.646269952760916,8.678774850549138,8.382981458637103,8.578009605407715,10336800
2010-01-29,8.581260725850997,8.76003736554378,8.376480910179678,8.389482498168945,7683400
2010-02-01,8.451239542768748,8.639767169308266,8.386229759832679,8.617013931274414,6384800
2010-02-02,8.646268654128766,8.675522995746356,8.526000736369875,8.63326644897461,6929400
2010-02-03,8.59751293465879,8.769787839343966,8.473994446792334,8.750285148620605,8873200
2010-02-04,8.646271834510513,8.649522386994711,8.30172133091885,8.434990882873535,11150800
2010-02-05,8.42523989021353,8.571511663646568,8.353729589857124,8.542257308959961,7526800
2010-02-08,8.591014360111126,8.685277909672774,8.451243692159455,8.542257308959961,4732200
2010-02-09,8.656022044777037,8.672274805644848,8.454492769851658,8.584511756896973,7003800
2010-02-10,8.581260898168424,8.698278292318621,8.519501649035885,8.665773391723633,4906200
2010-02-11,8.643021083886369,8.857552583089443,8.571510790811837,8.83804988861084,6176400
2010-02-12,8.756785905141228,8.932311354653807,8.652770732099798,8.851049423217773,5386200
2010-02-16,8.923796251281317,8.969879836688888,8.877712038031985,8.953421592712402,5623400
2010-02-17,8.999502094776815,9.006085641248507,8.778958310707477,8.907334327697754,7716200
2010-02-18,8.910629086777007,8.989629787384855,8.848086630021802,8.976463317871094,5354000
2010-02-19,9.009381251153977,9.065340164310529,8.913921670187346,9.022547721862793,3394400
2010-02-22,9.08179711812254,9.08179711812254,8.90075393369046,8.913920402526855,4593800
2010-02-23,8.894171527239283,8.946838665030043,8.788837251657766,8.848087310791016,6541400
2010-02-24,8.917209462982026,9.058752569988334,8.917209462982026,8.983043670654297,3486000
2010-02-25,8.881002623061375,8.940253297988757,8.746043031434196,8.92708683013916,4543200
2010-02-26,8.904042554461908,8.976460309967436,8.805291868752702,8.907334327697754,3695600
2010-03-01,8.979757091454815,9.062049584723066,8.91721462077521,9.048882484436035,3405600
2010-03-02,8.976460124318763,9.088377900656702,8.943543020482627,8.983043670654297,5809400
2010-03-03,9.035712633487117,9.052170874850178,8.861252386967005,8.890877723693848,3652400
2010-03-04,8.936965785025272,8.953424662486617,8.782256103940501,8.887590408325195,6103000
2010-03-05,8.933669621791907,9.029129180657138,8.841502464643872,8.973170280456543,4047800
2010-03-08,8.956712521989287,8.969879619124518,8.894170694122183,8.91721248626709,2131600
2010-03-09,8.877711982276441,8.904045549178491,8.811878378942199,8.86125373840332,3557800
2010-03-10,8.854671424181022,8.996214601453273,8.844796727617183,8.979756355285645,5025000
2010-03-11,8.953424129103073,9.081800226443903,8.834922729808802,9.055466651916504,8108400
2010-03-12,9.052170428325782,9.302339577322327,9.019253319381725,9.292464256286621,10706000
2010-03-15,9.21676208662295,9.299054605253513,9.127886015819842,9.164094924926758,7171400
2010-03-16,9.331969261169434,9.4241364557516,9.154217166746243,9.331969261169434,9134200
2010-03-17,9.325384186960024,9.463635584084672,9.325384186960024,9.41755199432373,6348200
2010-03-18,9.397801159363366,9.407676483190796,9.279300412643257,9.371467590332031,4313400
2010-03-19,9.391214283135119,9.443881399018483,9.249671173757996,9.299046516418457,7191000
2010-03-22,9.2858855278906,9.509721231460988,9.282594380345705,9.476804733276367,5138600
2010-03-23,9.51300796927972,9.585425733758104,9.466924393951022,9.56896686553955,5123200
2010-03-24,9.48009515636701,9.519595830148717,9.38134441367561,9.401094436645508,4436000
2010-03-25,9.470221806678301,9.522888960655301,9.381345748901367,9.381345748901367,4237800
2010-03-26,9.424134771679535,9.486677233856893,9.299050475166629,9.358301162719727,3395400
2010-03-29,9.38134441367561,9.466928683667716,9.371469088269706,9.401094436645508,2744800
2010-03-30,9.38134295724775,9.460343664704608,9.305634024415154,9.358301162719727,5313400
2010-03-31,9.285882682525765,9.384634030346279,9.243090871292779,9.269424438476562,9270200
2010-04-01,9.335259085700946,9.450468054854769,9.256258380634698,9.345133781433105,3778800
2010-04-05,9.378051897347767,9.496553281485241,9.371468347597494,9.437302589416504,4303600
2010-04-06,9.430717751845838,9.457051319409066,9.364884146858659,9.44388484954834,4359200
2010-04-07,9.401094598507312,9.536054242168763,9.355011001503478,9.450469970703125,3757000
2010-04-08,9.384633423744585,9.387925197910006,9.2760073876526,9.36817455291748,6161400
2010-04-09,9.391217123800324,9.440592481395896,9.335258217767548,9.427425384521484,4810600
2010-04-12,9.466927555063574,9.516302920522966,9.420843964347052,9.457052230834961,3935400
2010-04-13,9.466926255902953,9.595302314048501,9.443884463706752,9.57884407043457,3682400
2010-04-14,9.631510942679576,10.016639734532347,9.601885602703076,10.00676441192627,10623200
2010-04-15,9.977136650096512,10.079179742064143,9.878385959373439,9.963970184326172,8097800
2010-04-16,9.954097841130531,9.954097841130531,9.802679986357777,9.921180725097656,8864800
2010-04-19,9.934344539029947,9.957386324284386,9.661133633592998,9.835593223571777,7058200
2010-04-20,10.135139350204467,10.20097293938998,10.03967979829928,10.056138038635254,9966800
2010-04-21,10.072599207712177,10.09564100058266,9.796096437582849,9.921180725097656,7331200
2010-04-22,9.786220800266456,10.042973543670575,9.671011211770693,10.033098220825195,7171800
2010-04-23,10.062722182170392,10.082472197312166,9.871803694888817,10.07259750366211,5022200
2010-04-26,10.095642779160578,10.171351719884813,10.033100310464006,10.079184532165527,5573400
2010-04-27,10.049559139600856,10.079184486330728,9.763180997159385,9.77963924407959,5546400
2010-04-28,9.888263107423036,9.957388478138661,9.750011738150087,9.871804237365723,8052600
2010-04-29,9.960679301422664,9.996888184250988,9.842177959687517,9.98701286315918,4759000
2010-04-30,10.01663989239761,10.01663989239761,9.601885754031688,9.615052223205566,5751600
2010-05-03,9.634805897799266,9.776349096008003,9.605180548041998,9.766473770141602,4918000
2010-05-04,9.687470367681307,9.720387483624197,9.410967598307844,9.489968299865723,11599000
2010-05-05,9.499841256065903,9.624925512073375,9.38133991933343,9.542633056640625,7385400
2010-05-06,9.72696930844005,9.72696930844005,8.60120833937537,9.18713092803955,15999600
2010-05-07,9.12788383702967,9.318802409567374,8.841506292144084,9.150925636291504,12457200
2010-05-10,9.48009611390079,9.50972146526889,9.348428234399218,9.503138542175293,6401400
2010-05-11,9.447178823353068,9.58213846701452,9.378052800005396,9.450469970703125,6092400
2010-05-12,9.45046727756076,9.624927545967282,9.414259016451286,9.615052223205566,5776800
2010-05-13,9.5656773640876,9.651261615628533,9.417551281985112,9.44388484954834,6427600
2010-05-14,9.401093968501312,9.443886415287393,9.134466474238193,9.24309253692627,5567600
2010-05-17,9.203768902955533,9.427031961601523,9.187107101216132,9.420367240905762,6180400
2010-05-18,9.467023391334106,9.493681650858846,9.103804208070109,9.18044662475586,6768200
2010-05-19,9.143789439707708,9.290409509608725,9.013829903572567,9.227096557617188,5845400
2010-05-20,9.020495784076159,9.133793529830871,8.86387861110133,8.943853378295898,7205800
2010-05-21,8.787235120905944,9.233760690408394,8.780570398899807,9.117131233215332,7956400
2010-05-24,9.080475567712085,9.123794988011689,8.927190780639648,8.927190780639648,4818400
2010-05-25,8.727253822934802,8.957181010028021,8.557307226659685,8.947184562683105,8954200
2010-05-26,8.9805105914196,9.123798348624064,8.867212822033311,8.89720344543457,6338200
2010-05-27,9.097136294472493,9.373715878405433,9.02382626538065,9.357054710388184,8257600
2010-05-28,9.333731094641388,9.36372171284445,9.180445642094298,9.280414581298828,9531200
2010-06-01,9.187107209574963,9.347056694663275,9.103800106643623,9.113797187805176,5623000
2010-06-02,9.190438733675823,9.317065238952637,9.097134558073167,9.317065238952637,4597400
2010-06-03,9.330394408353687,9.420366221259798,9.253752035396339,9.407036781311035,4038800
2010-06-04,9.210434961949039,9.383713923677588,9.057150166592704,9.100469589233398,6208000
2010-06-07,9.170447279202738,9.223763781418103,8.84388354423791,8.867209434509277,4951800
2010-06-08,8.903864534220876,9.003833457071691,8.73725029838572,8.970510482788086,8529800
2010-06-09,9.063816409560888,9.24709184964498,8.91719567614382,8.997170448303223,6746600
2010-06-10,9.1604494097364,9.340393065941761,9.083807023833872,9.240424156188965,7043200
2010-06-11,9.09047324924216,9.437030541218881,9.09047324924216,9.417037010192871,5361600
2010-06-14,9.413701160509975,9.58364770020857,9.413701160509975,9.450356483459473,6573600
2010-06-15,9.49700992390261,9.843567784100188,9.477016396762831,9.830238342285156,7705800
2010-06-16,9.8135770192913,9.903548207778648,9.706943393217788,9.88022232055664,5826400
2010-06-17,9.940202420041615,9.940202420041615,9.780252952272269,9.896883010864258,3699400
2010-06-18,9.876888850706075,9.980190104775295,9.810243556926856,9.896883010864258,4911800
2010-06-21,9.980193947340712,9.996855118304714,9.693617230562772,9.773591995239258,4260200
2010-06-22,9.81690947653673,9.936871917580458,9.63030172925534,9.65029525756836,3713000
2010-06-23,9.63696736206224,9.810246318718733,9.563657327591969,9.72693920135498,4208600
2010-06-24,9.686949755146108,9.760260411953627,9.487012582480757,9.576984405517578,4586200
2010-06-25,9.566988149116657,9.640298812243648,9.470352232607631,9.616972923278809,6202600
2010-06-28,9.663624603685339,9.776922322299308,9.55032688507137,9.713608741760254,4260600
2010-06-29,9.556988607987057,9.556988607987057,9.240421440191284,9.300402641296387,7027200
2010-06-30,9.33706337055887,9.427035224343076,9.207103814342915,9.243759155273438,7344800
2010-07-01,9.237089367491121,9.367048852449111,9.06714283760961,9.310400009155273,6820200
2010-07-02,9.367051994604536,9.443694386069641,9.06048179316128,9.197105407714844,4481600
2010-07-06,9.307069936925819,9.450358260214124,9.16711397413059,9.29040813446045,6739600
2010-07-07,9.31373296005567,9.730268412015537,9.250419393394626,9.716938972473145,6001600
2010-07-08,9.776923540155781,9.813578875915308,9.576986327368262,9.700281143188477,5341800
2010-07-09,9.703612105035425,9.756928602679896,9.636966165188445,9.740266799926758,3172600
2010-07-12,9.753594571981566,9.883553433288728,9.72693632772413,9.836901664733887,6175400
2010-07-13,9.870227704995978,10.010183689860298,9.850233538884735,9.966863632202148,4733800
2010-07-14,9.980195010245897,10.160138091036456,9.920213771454712,9.990191459655762,5840000
2010-07-15,9.93020514142869,10.043502837729163,9.826904525007437,10.033506393432617,4299200
2010-07-16,10.000189490530817,10.040176563118509,9.776926322569848,9.7869234085083,5515000
2010-07-19,9.800247710463616,10.096820798731876,9.763592381142274,10.073494911193848,5205200
2010-07-20,9.910216571855324,10.060169667099158,9.736937580814224,10.053504943847656,5231200
2010-07-21,10.090154294818852,10.090154294818852,9.816906524003185,9.84689712524414,5759600
2010-07-22,9.970196834853917,10.193459957279858,9.943538580038116,10.186795234680176,5218000
2010-07-23,10.136811479553536,10.260106310098536,10.073497883566484,10.256773948669434,4603000
2010-07-26,10.230115382569537,10.513359104040841,10.173466511158688,10.503362655639648,9366800
2010-07-27,10.566674053462268,10.566674053462268,10.400059825166116,10.426718711853027,4752000
2010-07-28,10.426721382968084,10.490034348320478,10.266771199784817,10.330084800720215,3717000
2010-07-29,10.35340667199381,10.383397279957645,9.993520012010555,10.123478889465332,5708000
2010-07-30,10.006846978205429,10.186789945893409,9.940201057975747,10.14680290222168,5567200
2010-08-02,10.256772395608309,10.270101203723545,10.106819331919048,10.213452339172363,5340400
2010-08-03,10.193457381058469,10.240109156299955,10.103485555450373,10.196789741516113,3626600
2010-08-04,10.183460170033273,10.200121972109363,9.960197106875746,10.136808395385742,7548200
2010-08-05,10.033509387834384,10.250107765197754,10.026844665925882,10.250107765197754,7879600
2010-08-06,10.290093709307206,10.45337620043976,10.056834188057318,10.166799545288086,7735000
2010-08-09,10.16680017387221,10.276765537901822,10.0301765590349,10.266768455505371,4549000
2010-08-10,10.196791019275768,10.196791019275768,10.006850898468018,10.130145072937012,5113400
2010-08-11,9.896883439489594,9.910212244589621,9.673620392715382,9.756927490234375,6375800
2010-08-12,9.6136415447203,9.696948662723798,9.550327957074437,9.640299797058105,5169400
2010-08-13,9.616972381952502,9.696947126294345,9.570319971066017,9.586981773376465,3537600
2010-08-16,9.57032050976632,9.716941200437498,9.497010482222136,9.616972923278809,3615600
2010-08-17,9.665196993180178,9.867538999940928,9.594377644589045,9.816953659057617,5470400
2010-08-18,9.796719207414167,9.928241868259311,9.752878749284132,9.857421875,3885200
2010-08-19,9.800093817166411,9.84393492822198,9.675316655729375,9.698923110961914,5257000
2010-08-20,9.698922715235087,9.783231848041483,9.624730909927408,9.648337364196777,6222200
2010-08-23,9.705667092266236,9.759624882980116,9.607868194580078,9.607868194580078,3455800
2010-08-24,9.526931806146374,9.692177625773633,9.42576110620401,9.638219833374023,5292800
2010-08-25,9.57414491566146,9.68880538773637,9.462856886086124,9.648337364196777,3593200
2010-08-26,9.685431372338332,9.688803814290225,9.462855349333646,9.510068893432617,3114200
2010-08-27,9.57077008328981,9.729271625052846,9.381917853064627,9.685430526733398,4399000
2010-08-30,9.641593908499807,9.668572809268191,9.526933419427243,9.530305862426758,3193400
2010-08-31,9.51006785295728,9.547163423914494,9.260512321640762,9.351566314697266,7873000
2010-09-01,9.445991109555175,9.695545954322633,9.425757106797638,9.564023971557617,5858800
2010-09-02,9.540420429186767,9.648336001015501,9.533675545140586,9.628101348876953,3784600
2010-09-03,9.715783032473114,9.904635928746659,9.6449636787912,9.8978910446167,5887600
2010-09-07,9.870910958528603,9.870910958528603,9.65845163670123,9.685430526733398,4217400
2010-09-08,9.69555374226134,9.712415317565432,9.5674040975578,9.661829948425293,4392000
2010-09-09,9.76637257894748,9.904640190190694,9.678691620443733,9.793352127075195,8206600
2010-09-10,9.526933186885604,9.776488173708733,9.348197571640462,9.456113815307617,13080200
2010-09-13,9.560657302399928,9.789978282852626,9.560657302399928,9.739392280578613,5557200
2010-09-14,9.695551136965705,9.941733672329665,9.655082466591228,9.89452075958252,3934600
2010-09-15,9.843931902576633,9.874283233754687,9.756250350643091,9.847304344177246,3670000
2010-09-16,9.806837488369009,9.931615277586404,9.78997592049825,9.90463638305664,2731000
2010-09-17,9.948474198071228,10.053017306150675,9.89451642337039,10.022665977478027,6505200
2010-09-20,10.073256814350964,10.23175777360671,9.98220278440017,10.214896202087402,4825000
2010-09-21,10.184541247337647,10.238499028939296,10.120466140475376,10.177796363830566,4359200
2010-09-22,10.208151058481238,10.214895944209774,9.911382518702736,9.934988975524902,5832000
2010-09-23,9.82370093391489,10.137331044787027,9.786605348863358,9.934988975524902,3869200
2010-09-24,10.096862609735611,10.336300254394427,10.036159927081917,10.322811126708984,3852800
2010-09-27,10.673529983621831,10.687019745909332,10.38350716994055,10.386878967285156,8292400
2010-09-28,10.47119490788148,10.585855389489733,10.309321513809016,10.565621376037598,6389200
2010-09-29,10.555502141429573,10.724120390610413,10.525150805118814,10.643183708190918,5824800
2010-09-30,10.767962979120465,10.78819699170611,10.494801557917437,10.60608959197998,5469400
2010-10-01,10.720753012223263,10.744359473925972,10.521783344689238,10.592602729797363,4368200
2010-10-04,10.606090455044992,10.629696912187152,10.400375940130091,10.538642883300781,3495000
2010-10-05,10.542013317659112,10.633067329197118,10.481310643300441,10.59597110748291,8564400
2010-10-06,10.55212901905447,10.575735468062692,10.383510791021468,10.423978805541992,4878200
2010-10-07,10.37339336536047,10.46107492027615,10.289084252160103,10.4037446975708,9357000
2010-10-08,10.450959705654542,10.477938601597826,10.255362549258823,10.444214820861816,5763800
2010-10-11,10.440840279678907,10.54875648498667,10.390254940357215,10.481308937072754,4341200
2010-10-12,10.42735195531383,10.595970194796118,10.295829934350458,10.504916191101074,6492800
2010-10-13,10.488055014841521,10.508289024228858,10.26547898189814,10.275595664978027,9572400
2010-10-14,10.211523339034995,10.380141620201988,10.208150896224332,10.272225379943848,7895000
2010-10-15,10.346415821979463,10.471192965554726,10.251989371338736,10.454331398010254,10646600
2010-10-18,10.508292523723775,10.538643869526233,10.305950432783316,10.41386604309082,4507800
2010-10-19,10.332927154328571,10.444215184371439,10.238501336854405,10.305948257446289,5622000
2010-10-20,10.346419425636425,10.413866362533646,10.25199294210696,10.366653442382812,3297600
2010-10-21,10.42060635474826,10.42397879649329,10.25198812686163,10.346414566040039,4009600
2010-10-22,10.396996976782827,10.59933892188976,10.356528330470516,10.572360038757324,3513200
2010-10-25,10.622947194884434,10.707256299605739,10.592595865726569,10.629692077636719,5079000
2010-10-26,10.622949751953653,10.622949751953653,10.454331501922642,10.599343299865723,5665400
2010-10-27,10.548756978303608,10.848896586551472,10.508288319017227,10.845524787902832,5177600
2010-10-28,10.869132908750998,10.875877793540225,10.683653079640584,10.818548202514648,4372000
2010-10-29,10.845527148471042,10.906229828999011,10.764590455509635,10.852272033691406,3619200
2010-11-01,10.896110968240931,10.902855852114218,10.740981855292981,10.808428764343262,3082000
2010-11-02,10.909601071906613,10.966931950127734,10.8623881642276,10.95007038116455,3349800
2010-11-03,10.987168078187896,11.101827277095982,10.94669876350283,11.084965705871582,4779400
2010-11-04,11.223235195380585,11.55035515448737,11.213118507641024,11.44918441772461,10774600
2010-11-05,11.25695158071954,11.466037792013623,11.213110487778028,11.452548027038574,7463200
2010-11-08,11.29405284777824,11.482904496162933,11.290679761796872,11.391850471496582,4723400
2010-11-09,11.368244977963,11.442437438370275,11.334521834026319,11.408714294433594,4227800
2010-11-10,11.401964992745626,11.435688123622437,11.219856998518885,11.42557144165039,5375000
2010-11-11,11.283936292390603,11.361500555776315,11.132179565568327,11.321032524108887,6694400
2010-11-12,11.260324637818627,11.405336411378032,11.186132208614762,11.314282417297363,4704400
2010-11-15,11.364868811406126,11.594189704138497,11.314282828482373,11.334517478942871,4920600
2010-11-16,11.243888645672088,11.325662953170726,11.114413200365297,11.192779541015625,4988800
2010-11-17,11.247292984479724,11.342696540105235,11.162112027524458,11.250700950622559,4156000
2010-11-18,11.36654911028988,11.526689753553553,11.339290575369047,11.438100814819336,3591200
2010-11-19,11.441510181495135,11.61868548112497,11.434695546931119,11.553948402404785,4425600
2010-11-22,11.598243713378906,11.622094286193171,11.414252466161374,11.598243713378906,4366000
2010-11-23,11.472171981062802,11.53691034765543,11.404028247451368,11.502837181091309,4036800
2010-11-24,11.591429731803451,11.81289953467277,11.577800460924438,11.758383750915527,3474400
2010-11-26,11.66979186899914,11.772008764104397,11.639126670491727,11.68342113494873,1115600
2010-11-29,11.594830674597192,11.656161063511538,11.465356564451945,11.611867904663086,4162200
2010-11-30,11.451726913452148,11.57779435318044,11.417653754229555,11.451726913452148,5433800
2010-12-01,11.605058202526973,11.809492052581449,11.605058202526973,11.754976272583008,4461000
2010-12-02,11.734525909524947,12.0888789343744,11.70386071891763,12.075249671936035,6427600
2010-12-03,12.000294263680297,12.167248220239296,12.000294263680297,12.150212287902832,4422200
2010-12-06,12.11954811238241,12.11954811238241,11.962815442049285,12.092290878295898,3972400
2010-12-07,12.262651597177825,12.262651597177825,12.1059176426588,12.13999080657959,4519000
2010-12-08,12.139992676755615,12.405756897487457,12.122956742049972,12.371685028076172,6926400
2010-12-09,12.39404405607373,12.431883424852051,12.11885043617688,12.17388916015625,5960800
2010-12-10,12.173887551093115,12.23580627141424,12.063810117683676,12.094769477844238,5315400
2010-12-13,12.122291833761205,12.160129892620173,11.919336280668698,11.93309497833252,6037800
2010-12-14,11.943409577016451,11.991568274951824,11.87461087472616,11.898690223693848,4127600
2010-12-15,11.898690101278769,11.946848798718678,11.778293357678992,11.82301139831543,4402200
2010-12-16,11.857413488001944,11.926210889442759,11.798934122105667,11.850533485412598,3132400
2010-12-17,11.809254334655776,11.840212376795366,11.70949626922953,11.730134963989258,8333400
2010-12-20,11.754216162284289,11.778296830330149,11.620059376368717,11.64069938659668,4000800
2010-12-21,11.688855571727652,11.88837169079378,11.668215565960958,11.857412338256836,3925000
2010-12-22,11.87117260532096,11.87805260815625,11.716377134319227,11.812694549560547,1884400
2010-12-23,11.78173867798687,11.860856765656505,11.747339965861551,11.778299331665039,1663000
2010-12-27,11.626935881000625,11.946848726020267,11.623496536444168,11.905570030212402,2645600
2010-12-28,11.905577384408582,11.922776742267239,11.795499919440918,11.83677864074707,1570000
2010-12-29,11.871177356464381,11.915896736678398,11.826459288477254,11.83677864074707,1475400
2010-12-30,11.81957698246065,11.867735699982576,11.781737615200095,11.840215682983398,1146400
2010-12-31,11.829896441127497,11.878055159090737,11.730138346931271,11.767977714538574,1936200
2011-01-03,11.82645437450014,12.025969204769098,11.82301371702189,11.967491149902344,3402800
2011-01-04,12.00876796706567,12.025967315075263,11.8677312138252,11.94340991973877,3661600
2011-01-05,11.874618167352137,12.029415014515022,11.76454070097562,11.977815628051758,3078600
2011-01-06,11.964052100581707,12.108529552882212,11.964052100581707,12.046610832214355,2982000
2011-01-07,12.07413088717876,12.094770900455693,11.895256021018682,12.032852172851562,2951800
2011-01-10,12.081010514382928,12.21172796993527,11.981253733892597,12.170449256896973,2657600
2011-01-11,12.191083463899353,12.31148152487232,12.084446718502493,12.253002166748047,5134400
2011-01-12,12.294282517973105,12.321801213210552,12.187644457390817,12.297721862792969,3068800
2011-01-13,12.314926984462813,12.394045074671265,12.201410181025224,12.387165069580078,3065600
2011-01-14,12.394041025852722,12.751793300365062,12.359642323860768,12.738033294677734,5734600
2011-01-18,12.758673513701108,12.910029642079692,12.741474162421376,12.88939094543457,5642800
2011-01-19,12.879074208202763,12.879074208202763,12.631400587428432,12.693319320678711,4662400
2011-01-20,12.6210767143991,12.624517372164094,12.411242518660373,12.524759292602539,4495200
2011-01-21,12.590121548555603,12.682999655744975,12.528202810429356,12.545403480529785,3254600
2011-01-24,12.56947982730157,12.83435407410983,12.538520465668746,12.789634704589844,4236600
2011-01-25,12.727713075682491,12.837790489196777,12.69331437604413,12.837790489196777,4541800
2011-01-26,12.837791971091617,12.95131005500915,12.789633261148333,12.875631332397461,5763000
2011-01-27,12.89283010430826,13.078586244785779,12.882510756134966,13.033866882324219,4660000
2011-01-28,13.133626966982666,13.157706324559289,12.607319133912796,12.689876556396484,7021200
2011-01-31,12.652040286681851,12.727719035997687,12.528202810429356,12.545403480529785,5699800
2011-02-01,12.648595626706229,12.83435176305445,12.638276278762328,12.793071746826172,4314600
2011-02-02,12.720836567421905,12.8756333827661,12.720836567421905,12.76899528503418,2991400
2011-02-03,12.7345949050842,12.765554264090966,12.579798110050369,12.7483549118042,3575800
2011-02-04,12.775874686435314,12.940990844268825,12.72771597109553,12.937551498413086,3273000
2011-02-07,12.910031155664363,12.975390535307087,12.796514374128204,12.892831802368164,3402400
2011-02-08,12.882513046264648,12.916911754441616,12.755236251337948,12.882513046264648,3192800
2011-02-09,12.872193448889512,12.937552836949886,12.762115998945076,12.81027603149414,2106600
2011-02-10,12.710518843132695,12.958192467140385,12.652039455532082,12.94787311553955,7213800
2011-02-11,12.91346894547705,13.116424418637921,12.824030228639376,13.064825057983398,2772800
2011-02-14,13.04418973741601,13.209307225938625,13.04418973741601,13.123309135437012,2712400
2011-02-15,13.057947588467597,13.092347606318258,12.937550806556548,13.030428886413574,2155200
2011-02-16,13.057946867978687,13.171464952282605,13.009788157871487,13.147385597229004,3921400
2011-02-17,13.140507267657146,13.216184687938519,13.085468547349512,13.178346633911133,3336400
2011-02-18,13.168025247936745,13.185225913271584,13.082027170168658,13.137065887451172,2969200
2011-02-22,13.006351407253952,13.1233088603738,12.758676491887993,12.782755851745605,4833800
2011-02-23,12.789636108175717,12.799955459110286,12.345885646815137,12.490363121032715,6532600
2011-02-24,12.483478573342214,12.665794038713813,12.369960505466603,12.63139533996582,3991000
2011-02-25,12.700192320432247,12.85498908416772,12.686433628720582,12.841230392456055,3085400
2011-02-28,12.879068001466461,12.899708006678562,12.596994491365182,12.696752548217773,2489200
2011-03-01,12.755234242338622,12.796512948094746,12.486919374357829,12.521319389343262,3204200
2011-03-02,12.469722494264207,12.772436124996707,12.469722494264207,12.648598670959473,2565200
2011-03-03,12.748356568384972,12.937552092577281,12.741476564130952,12.92723274230957,3325600
2011-03-04,12.889390673381632,12.92723003273421,12.696754531325945,12.796512603759766,2104200
2011-03-07,12.865312138894039,12.892830839667845,12.45940113272544,12.596997261047363,3201200
2011-03-08,12.54883640343572,12.782751225009596,12.510997048147855,12.662354469299316,2019600
2011-03-09,12.600441532883677,12.607321538107083,12.280528507242742,12.356205940246582,3447400
2011-03-10,12.153248587839217,12.273645367938423,12.056929851533365,12.149807929992676,3790800
2011-03-11,12.094767396670814,12.290842873206396,12.077568046702591,12.249564170837402,3027000
2011-03-14,12.142929759158372,12.318366593467578,12.142929759158372,12.197968482971191,2638200
2011-03-15,11.891813609232765,12.184206536962343,11.795496185929181,12.084449768066406,5726000
2011-03-16,12.129169662703916,12.418123288694693,12.056931584262891,12.132610321044922,7320200
2011-03-17,12.356199051027302,12.363079052414752,12.129164254145765,12.191082954406738,3584800
2011-03-18,12.314925824858232,12.383724557065038,12.156689659341247,12.280527114868164,4934800
2011-03-21,12.425002979642153,12.55915978256949,12.36308425333313,12.473161697387695,3183600
2011-03-22,12.435325662528566,12.521323761682353,12.373406926159689,12.411246299743652,1945800
2011-03-23,12.40435957516462,12.658913075926542,12.332120213713562,12.621073722839355,3311600
2011-03-24,12.707071225010555,12.996024721620499,12.700191223635784,12.985705375671387,5155200
2011-03-25,12.992588832488957,13.078586904206073,12.954749470977196,12.97538948059082,2988200
2011-03-28,13.03730984293159,13.126747271427629,12.978830464424233,13.020109176635742,2879400
2011-03-29,13.040749387901103,13.078588754766962,12.899712582818024,13.023550033569336,10003600
2011-03-30,13.1301832238064,13.171463237575539,12.978827109998345,13.140503883361816,2940400
2011-03-31,13.116424782319928,13.192102184558301,13.044185412955349,13.07514476776123,2641400
2011-04-01,13.202424037761906,13.202424037761906,13.002907886038194,13.04418659210205,2507400
2011-04-04,13.109544416402235,13.13706311311873,12.87218893206293,13.064825057983398,4263800
2011-04-05,13.095782085473358,13.346896217447517,13.07858273905272,13.102662086486816,6372400
2011-04-06,13.185221809094582,13.27121986009397,13.116423105849847,13.216179847717285,3507600
2011-04-07,13.174907761464478,13.260905855615327,13.016671583161346,13.126749038696289,2945400
2011-04-08,13.174905553420574,13.223064268117621,12.982270694632389,13.057948112487793,2445600
2011-04-11,13.088904581437772,13.154263947421265,12.851550406210338,12.910028457641602,4578400
2011-04-12,12.813709506639002,12.851548858762436,12.614193399888574,12.758670806884766,4279800
2011-04-13,12.851556340569337,12.920355083371314,12.724279519333152,12.879075050354004,10009000
2011-04-14,12.803391702154883,12.947867814321251,12.713952984143663,12.910028457641602,3860000
2011-04-15,12.937551068202433,12.989149127682172,12.768994257891606,12.965069770812988,2241400
2011-04-18,12.83435176305445,12.848110456237533,12.703634336117588,12.793071746826172,4146200
2011-04-19,12.79651784602557,12.882515948065759,12.751798465541139,12.858436584472656,2181200
2011-04-20,13.078589587771726,13.401941931374484,13.033870213879558,13.36754322052002,4072800
2011-04-21,13.415697431079344,13.467296792243232,13.329699370623707,13.450096130371094,1923800
2011-04-25,13.456980309420334,13.508579686599516,13.36754287616665,13.47074031829834,1884600
2011-04-26,13.518892706010435,13.728728150337036,13.463854008500675,13.68744945526123,3000000
2011-04-27,13.749376219000675,13.945451775905948,13.673697473448877,13.921372413635254,5959400
2011-04-28,13.900734132805791,14.038331630577506,13.856014749195934,14.017691612243652,3400000
2011-04-29,14.041766262480204,14.13464434545483,13.969528190908788,14.11744499206543,3966000
2011-05-02,14.213766107132718,14.217206766038855,13.96265180828724,13.976411819458008,4322200
2011-05-03,14.01425007777673,14.03144943425675,13.821613873410868,13.948890686035156,3200000
2011-05-04,13.904169374149566,14.103685555783072,13.904169374149566,13.983288764953613,4060200
2011-05-05,13.900734259780489,14.120889208444622,13.807856144770243,13.945453643798828,4800000
2011-05-06,14.127763683778312,14.248160464124258,13.955767533440396,14.186243057250977,5961600
2011-05-09,13.979848340171973,14.07960643265403,13.759693454850623,13.952329635620117,5539800
2011-05-10,13.976409192609358,14.227523444258225,13.880090444743873,14.217204093933105,6866800
2011-05-11,14.144967842808004,14.275685328905864,13.942012263956169,14.028010368347168,5600000
2011-05-12,13.993604046333154,14.224078210975579,13.959205348162298,14.210319519042969,3800000
2011-05-13,14.162165998062791,14.213765381204427,14.021129171332724,14.058968544006348,2551000
2011-05-16,14.010800501895385,14.08303854047125,13.842245078551697,13.866324424743652,4017800
2011-05-17,13.82330104023573,13.82330104023573,13.570012802461676,13.6185884475708,7943000
2011-05-18,13.625533382057597,13.982912617789527,13.622062935418649,13.923928260803223,4112000
2011-05-19,13.975971104040248,13.989850241490288,13.795546287951918,13.906578063964844,3308000
2011-05-20,13.889228446685141,13.937804104055116,13.778197994528801,13.86841106414795,2518800
2011-05-23,13.649824779632874,13.701870904111345,13.570021692730366,13.642885208129883,2200000
2011-05-24,13.66716679497594,13.66716679497594,13.462454161834872,13.469393730163574,2789400
2011-05-25,13.455519061458991,13.587368256310668,13.410413837726065,13.521444320678711,3206400
2011-05-26,13.469395693378365,13.552669201872886,13.37918393913119,13.5040922164917,3819800
2011-05-27,13.51103245244621,13.63594205955709,13.493684190033607,13.576957702636719,2927600
2011-05-31,13.670640705715964,13.764321592928264,13.56307935474098,13.71574592590332,4902600
2011-06-01,13.639414532296199,13.698398897978562,13.282033920288086,13.282033920288086,5188000
2011-06-02,13.361837954192433,13.420823647683187,13.254277909407678,13.30285358428955,6368800
2011-06-03,13.160595447240174,13.23692940559181,12.94547403794393,12.966291427612305,4336800
2011-06-06,12.931588596483053,13.094665128581983,12.893421635899285,13.011391639709473,5519800
2011-06-07,13.028746243793126,13.08426148888854,12.966291427612305,12.966291427612305,3549600
2011-06-08,12.973229253093201,12.987108393396518,12.77892658319745,12.827502250671387,4212400
2011-06-09,12.837910970165476,12.907305348235255,12.765047468806658,12.824031829833984,2612400
2011-06-10,12.782395254962386,12.820562227654486,12.50828819979878,12.650546073913574,4307600
2011-06-13,12.60890600942154,12.667890349680345,12.452769044637641,12.54298210144043,3588400
2011-06-14,12.622790094576565,12.75116883881174,12.577683548487771,12.667895317077637,5043600
2011-06-15,12.539515468597688,12.64707681561815,12.466651970739123,12.522167205810547,3688800
2011-06-16,12.515225954306672,12.539513783662636,12.324392442115188,12.435422897338867,3138600
2011-06-17,12.53257160548902,12.542981618465241,12.324389876184789,12.383374214172363,4882400
2011-06-20,12.372969395012447,12.57074249679047,12.366029825386676,12.480530738830566,3740600
2011-06-21,12.549921930978744,12.806680674791043,12.435422358064216,12.78586196899414,4253000
2011-06-22,12.709527937630673,12.837906633359848,12.692179679870605,12.692179679870605,3059600
2011-06-23,12.595029499446333,12.935060447196568,12.497878178256977,12.921182632446289,6137600
2011-06-24,12.869136630380343,12.896893583694652,12.640136140290457,12.681772232055664,4122400
2011-06-27,12.695654324908595,12.862200054313732,12.57768426779815,12.813624382019043,3040600
2011-06-28,12.824034681258675,12.865672111511232,12.733822896220737,12.86567211151123,4489200
2011-06-29,12.869138160399007,12.966289493930699,12.713001143231896,12.928122520446777,9024400
2011-06-30,13.007925209957474,13.212637867069327,12.980166933392319,13.15365219116211,5532200
2011-07-01,13.177940511832096,13.354896222552378,13.101606572024327,13.306319236755371,2864200
2011-07-05,13.327138066418875,13.341017205344516,13.115485830359239,13.15018367767334,3114800
2011-07-06,13.105074355491439,13.21610479614752,13.042619567173984,13.205696105957031,2932800
2011-07-07,13.306315109890143,13.389588593270767,13.236922084591257,13.320194244384766,3106200
2011-07-08,13.167533557446054,13.26121577132366,13.046093062306477,13.139775276184082,2875400
2011-07-11,13.004453659057617,13.17793890209241,12.948938434229978,13.004453659057617,3063200
2011-07-12,11.665150417090453,11.734544797142291,11.162042816199271,11.425741195678711,33015200
2011-07-13,11.502071416597436,11.682494893207885,11.186328347148232,11.245312690734863,14869600
2011-07-14,11.307765068056284,11.42920417517532,11.03712792549065,11.106521606445312,11251400
2011-07-15,11.17244886155408,11.245312339089903,11.009372324946746,11.221024513244629,5625000
2011-07-18,11.123873702059063,11.162039341799458,10.908751720294314,11.092645645141602,6344200
2011-07-19,11.241843138618268,11.401449228371664,11.221024435072822,11.397978782653809,6245200
2011-07-20,11.397981561378336,11.415331147022828,11.238375432714413,11.34593677520752,6138000
2011-07-21,11.384102430657444,11.633920287308031,11.304299375545288,11.571465492248535,7938600
2011-07-22,11.561057055074661,11.921906695886909,11.543708794640645,11.835164070129395,6366600
2011-07-25,11.692907651631886,11.762302025470557,11.57493761318242,11.699847221374512,3692400
2011-07-26,11.713724887108292,11.914968436301843,11.713724887108292,11.880271911621094,7679800
2011-07-27,11.758833128952114,11.783120964459334,11.550651303579441,11.637393951416016,10940400
2011-07-28,11.661677148324257,11.977420207914559,11.59228279294004,11.748419761657715,7490600
2011-07-29,11.973949723136482,11.973949723136482,11.564525807237562,11.71025276184082,8762800
2011-08-01,11.880272063920021,11.994771655704378,11.543710211134398,11.699847221374512,7930400
2011-08-02,11.550649499774782,11.724134768355643,11.37716423119392,11.380633354187012,7625600
2011-08-03,11.318179550712134,11.49513528149424,11.103058169286752,11.477787017822266,8170400
2011-08-04,11.290417966368963,11.352872748862186,11.023250579833984,11.023250579833984,9782800
2011-08-05,11.127347056947206,11.280013644741443,10.52708807665385,10.818543434143066,14558400
2011-08-08,10.561779893094108,10.790780320017333,10.443809895976864,10.485445976257324,11469000
2011-08-09,10.64505234248173,10.933037757873535,10.235627150571888,10.933037757873535,15352000
2011-08-10,10.707510278923104,10.974677071867344,10.530555237283421,10.655464172363281,12251000
2011-08-11,10.73873842702764,11.245315095375439,10.714449933435509,11.130815505981445,7463600
2011-08-12,11.10652129589302,11.221022156763949,10.953854804985406,11.120400428771973,6580400
2011-08-15,11.189797119502527,11.280008854986798,11.116933641966703,11.221024513244629,5150600
2011-08-16,10.785061359635444,11.21997107077181,10.785061359635444,10.999009132385254,7790800
2011-08-17,10.970957665981647,11.195427169049298,10.806112289315939,10.890288352966309,6568600
2011-08-18,10.592158689107649,10.623724777656385,10.304556474666779,10.42029857635498,8765200
2011-08-19,10.329110607061263,10.644770891111602,10.276500002243184,10.381720542907715,6250800
2011-08-22,10.5851469039917,10.651786517792228,10.455375094903477,10.5851469039917,5086400
2011-08-23,10.637755753800981,11.125275504615598,10.602682241237915,11.118261337280273,6411800
2011-08-24,11.114752513222745,11.167362440926913,10.96744431426816,11.132288932800293,4828000
2011-08-25,11.174376523818946,11.202435194636355,11.009531247416634,11.0305757522583,6341800
2011-08-26,10.928862962349482,11.32519245147705,10.739467096204127,11.32519245147705,4601800
2011-08-29,11.465486621052836,11.718015367149771,11.433920527790718,11.707493782043457,4765200
2011-08-30,11.665405519096243,11.837265668609609,11.507576380536056,11.514591217041016,8314200
2011-08-31,11.602276194492278,11.700481242609092,11.419894435172884,11.507577896118164,4830200
2011-09-01,11.605779017151761,11.62682352231737,11.405860900878906,11.405860900878906,6557400
2011-09-02,11.139302479691914,11.244522991900494,10.918339872333908,10.999009132385254,5692400
2011-09-06,10.704396165897169,11.058637398382071,10.697381329062619,11.037592887878418,4373800
2011-09-07,11.212957384863772,11.444442267848308,11.202435800845056,11.440934181213379,4137400
2011-09-08,11.416387220263264,11.55668130367849,11.255049960896228,11.304152488708496,4407600
2011-09-09,11.202434709511675,11.45496273593254,11.146317370307038,11.244523048400879,4440600
2011-09-12,11.044604024750642,11.476006979951515,11.044604024750642,11.472498893737793,5900400
2011-09-13,11.542646842098078,11.823233554652072,11.476007915973687,11.795175552368164,5188000
2011-09-14,11.854802375260125,12.244117113992653,11.7916701831444,12.082779884338379,10677000
2011-09-15,12.237102887626982,12.247624474189921,11.977560607489867,12.037184715270996,5094000
2011-09-16,12.124869910050606,12.261655906759607,12.044201279631029,12.117855072021484,5664800
2011-09-19,11.935472185142288,12.093302681234585,11.861818399613691,11.991589546203613,4201200
2011-09-20,12.061736935810686,12.12136238628045,11.8057013848369,11.830252647399902,3984400
2011-09-21,11.893383610393975,11.977560314669658,11.637348086056123,11.640854835510254,3475400
2011-09-22,11.405860850464695,11.553168372143913,11.132288305264387,11.2655668258667,6743400
2011-09-23,11.230495388125608,11.57772106846198,11.191914459656424,11.546154975891113,3718200
2011-09-26,11.59175273579621,11.598767572902142,11.188408967808622,11.402356147766113,5159800
2011-09-27,11.63383952582464,11.854802194867315,11.535634489780461,11.644362449645996,3637800
2011-09-28,11.66891220382674,11.718014715516539,11.335714868576266,11.367280960083008,3565600
2011-09-29,11.53212572924376,11.612794328774612,11.100722721245653,11.230494499206543,6144200
2011-09-30,11.11124452477605,11.216464374779694,10.907818990856576,10.91132640838623,5389600
2011-10-03,10.872746815172842,11.01304018867108,10.641262581657857,10.672828674316406,5873200
2011-10-04,10.546566327096821,11.125277021912998,10.546566327096821,11.111248016357422,9025600
2011-10-05,11.156838019065468,11.483021112957577,10.942890932127279,11.454961776733398,5040800
2011-10-06,11.451458705745244,11.682942952153239,11.279598561044766,11.675928115844727,5396200
2011-10-07,11.696968946678655,11.945990903009083,11.609285517279437,11.812711715698242,5491600
2011-10-10,12.016138603228814,12.131881391773558,11.914426824804163,12.047704696655273,4302000
2011-10-11,12.044197732434082,12.107329918159254,11.949499453846325,12.033676147460938,4319200
2011-10-12,12.124869390684225,12.219567693105663,12.058230439177358,12.086288452148438,5221400
2011-10-13,12.05471651942822,12.461567545255884,12.026658520031233,12.384407043457031,7503400
2011-10-14,12.27568425916813,12.359860968497525,11.59876784869853,11.732047080993652,20531200
2011-10-17,11.732046469209772,11.823236673113254,11.647869764269888,11.703987121582031,5718000
2011-10-18,11.710997029694315,11.861812614861485,11.595255614300195,11.82323169708252,5505600
2011-10-19,11.784656829361786,11.921444154786979,11.668915354547805,11.72853946685791,4721000
2011-10-20,11.728540613846949,11.74607837842357,11.440938935645729,11.581233024597168,7526400
2011-10-21,11.753089008896152,11.900397900120181,11.693464905313917,11.854802131652832,6969000
2011-10-24,11.903904645199184,12.240610108759233,11.865325051217827,12.16695499420166,4085000
2011-10-25,12.082782781946037,12.324788684463595,11.872341645112689,12.110840797424316,4189200
2011-10-26,12.205533936303228,12.398437226534748,12.037181900940643,12.349334716796875,4160400
2011-10-27,12.640447963652928,12.812306796670086,12.545749665933025,12.75268268585205,5237800
2011-10-28,12.675522185505498,12.850889125178666,12.633434494608139,12.78775691986084,4141600
2011-10-31,12.707086824138445,12.833351220226753,12.56679409132965,12.689550399780273,4480600
2011-11-01,12.335307623610095,12.377396644702923,12.037184416224175,12.093301773071289,7387200
2011-11-02,12.180980707285006,12.289708631185421,12.058224452835205,12.142399787902832,4494600
2011-11-03,12.223072905422546,12.57731480746868,12.093301768625674,12.545748710632324,5478800
2011-11-04,13.008718361107016,13.32788610645437,12.878947213115703,12.984167098999023,7867000
2011-11-07,12.84737764096995,12.924538156191756,12.626415003779742,12.822826385498047,7296800
2011-11-08,12.885959156968353,12.991179019224091,12.721113858737041,12.949090003967285,4135000
2011-11-09,12.6649978988887,12.68604107088218,12.384411122781588,12.433513641357422,4373400
2011-11-10,12.531721415550464,12.622912973916891,12.366876063233631,12.542243003845215,2965800
2011-11-11,12.640446473632226,12.977150600539847,12.640446473632226,12.892973899841309,3276600
2011-11-14,12.843873984976835,12.977153230618185,12.735147341220385,12.77723503112793,2376000
2011-11-15,12.749172118057016,13.012222447903667,12.721114111937153,12.931553840637207,3651600
2011-11-16,12.780737977917333,13.110428574925484,12.749171885394066,12.843870162963867,4319800
2011-11-17,12.843166561124743,13.020216001420183,12.3084764949957,12.319100379943848,5852400
2011-11-18,12.358046249935898,12.41824238582067,12.15975047433181,12.244734764099121,3279800
2011-11-21,12.127887276475384,12.15975623137908,11.943755687118497,12.042902946472168,2745000
2011-11-22,12.014573362206173,12.117262346685159,11.73483496343093,11.75253963470459,4091000
2011-11-23,11.674636371538694,11.688799295130389,11.522373798996671,11.525914192199707,3707800
2011-11-25,11.43030818975782,11.628603992901073,11.423226052062027,11.437390327453613,1292800
2011-11-28,11.724211043843697,11.798571464864096,11.61798167798889,11.710046768188477,5767000
2011-11-29,11.688797855318803,11.812733214631681,11.632142115592151,11.67463493347168,2323200
2011-11-30,11.929584768925524,12.372208145862526,11.851683973114568,12.36158561706543,5862000
2011-12-01,12.308477581124052,12.382839379202816,12.19870778295376,12.343888282775879,2433800
2011-12-02,12.435952033297692,12.535100636202367,12.237657529048345,12.269526481628418,2975400
2011-12-05,12.453650685125412,12.528012439043135,12.30847027152125,12.36158561706543,2933600
2011-12-06,12.333262583293607,12.414705150026657,12.227031856374161,12.358049392700195,3035600
2011-12-07,12.336798661487423,12.528012282116093,12.195158642330039,12.432405471801758,3937000
2011-12-08,12.347427315106376,12.474903125426671,12.241197923432797,12.269526481628418,3614800
2011-12-09,12.145588363032932,12.393457788968238,11.993325773563232,12.326179504394531,5546400
2011-12-12,12.20224422916868,12.294310672891232,12.028736574951102,12.276604652404785,3896800
2011-12-13,12.329723086139257,12.389920599085213,11.936673107074649,12.032279968261719,3916800
2011-12-14,11.989781983501521,12.071224520950137,11.890634781525696,11.929584503173828,3294000
2011-12-15,12.053521623910903,12.103095232168123,11.915423329257356,11.968537330627441,2070400
2011-12-16,12.00748959356845,12.340341960981188,11.993325318160336,12.209325790405273,6163800
2011-12-19,12.333265286028102,12.393461450412802,12.007493596925885,12.042902946472168,3908200
2011-12-20,12.283686374737506,12.669654104713052,12.276604236938546,12.641326904296875,4986400
2011-12-21,12.68027690009942,12.729850509664013,12.28722706600935,12.552801132202148,3019000
2011-12-22,12.63069950281577,12.903355653594907,12.56696298194387,12.850241661071777,2927600
2011-12-23,12.945851419161784,12.995425030460554,12.797129234485876,12.960014343261719,1634800
2011-12-27,12.967101277850471,13.083954562666829,12.910445508152264,13.002511978149414,1236200
2011-12-28,13.02020886854852,13.023749261071679,12.8325369968974,12.850241661071777,1675600
2011-12-29,12.906898927245775,13.055619744879259,12.821914638041319,13.044997215270996,1842400
2011-12-30,13.048539085727032,13.098114047997788,12.970638275146484,12.970638275146484,1788600
2012-01-03,12.910445215086298,13.059167451405672,12.641330652823719,12.662575721740723,6184000
2012-01-04,12.634243301724384,12.705063320723683,12.556341145747204,12.683816909790039,2835600
2012-01-05,12.772344881308314,12.800673436506868,12.481983944422437,12.79004955291748,4105600
2012-01-06,12.76880329994666,12.807753033553004,12.559884952513835,12.612998962402344,3227600
2012-01-09,12.807752986853092,12.878573017225944,12.705065361131172,12.740474700927734,2762800
2012-01-10,12.79713257317345,12.82191938528955,12.651952094730595,12.7440185546875,3153400
2012-01-11,12.76525865109459,12.76525865109459,12.59529142671932,12.67673397064209,2466800
2012-01-12,12.719228972712617,12.740475388204516,12.60945920295398,12.659032821655273,3622600
2012-01-13,12.5988335326066,12.690898608581241,12.485520695652438,12.609456062316895,3629200
2012-01-17,12.75817994467042,12.878573596485479,12.676737378851378,12.807753562927246,4145200
2012-01-18,13.232672272259588,13.59031283006053,13.190180792890091,13.53365707397461,12123400
2012-01-19,13.615098566835245,13.615098566835245,13.392015953846899,13.413262367248535,11920400
2012-01-20,13.434508913217302,13.455755328964823,13.19018121062999,13.232672691345215,6171200
2012-01-23,13.214964371223745,13.34598052187302,13.133521826183413,13.161849021911621,3683000
2012-01-24,13.087493233718767,13.275166543636834,13.002510265753536,13.21142864227295,2631600
2012-01-25,13.218508787863815,13.246835989320113,12.913983605225237,13.027295112609863,4714400
2012-01-26,13.253924004134992,13.4097270581766,13.030841284091078,13.14769458770752,4488400
2012-01-27,12.924606136923884,13.154770896112497,12.924606136923884,13.027295112609863,2856600
2012-01-30,12.917521900711051,13.112275937971338,12.811292548639939,13.055620193481445,3295600
2012-01-31,13.168936539841297,13.232674444749676,12.963559896854294,13.066248893737793,3024600
2012-02-01,13.243294849171715,13.335359937189729,13.094572659875361,13.29995059967041,3543200
2012-02-02,13.289324901470808,13.569063222290945,13.289324901470808,13.345980644226074,4910200
2012-02-03,13.554899505913138,13.767359563060511,13.434505878763481,13.604473114013672,4446000
2012-02-06,13.473462614806582,13.547823058184203,13.381397496926683,13.46284008026123,3444600
2012-02-07,13.399103299479574,13.40972583491922,13.183102740338795,13.207889556884766,5571800
2012-02-08,13.165391561196023,13.250374504295584,13.073325130262049,13.200800895690918,5250400
2012-02-09,13.222051975808759,13.278707741474516,13.098117910533663,13.218511581420898,3945600
2012-02-10,13.126439260498655,13.126439260498655,12.935225630160454,12.991881370544434,2791200
2012-02-13,13.122900700049408,13.122900700049408,12.871489550635124,12.977720260620117,6771800
2012-02-14,12.899819258204797,13.080409049987793,12.84670389844407,13.080409049987793,7809400
2012-02-15,13.1583151636482,13.243299494596485,12.988347852531748,12.995429992675781,3714600
2012-02-16,13.005798045504328,13.35614647202439,13.005798045504328,13.273921966552734,3572400
2012-02-17,13.284637439379617,13.363287505721463,13.188112729891312,13.288211822509766,2893600
2012-02-21,13.3311150855849,13.345415348264748,13.034390771844567,13.095166206359863,2271800
2012-02-22,13.045116536635652,13.155940162064926,12.945016062500313,12.977190971374512,2197800
2012-02-23,12.991493661360934,13.080868273405589,12.86994413443027,12.984343528747559,2672000
2012-02-24,13.005794948596126,13.041544250723863,12.934294980592192,13.002219200134277,2210400
2012-02-27,12.912843132740011,13.066567569394513,12.80201949032512,12.991493225097656,4827800
2012-02-28,13.04869546635247,13.205994318011067,12.962895224880505,13.141644477844238,2740800
2012-02-29,13.14879158634618,13.163091850592739,12.880667768590355,12.894968032836914,3375600
2012-03-01,12.984342270435294,13.012942798117116,12.884243151045355,12.919992446899414,2421800
2012-03-02,12.84491979476455,12.959319193023784,12.694769732206554,12.7626953125,2962600
2012-03-05,12.748395099406785,12.8449198477893,12.519596301943817,12.573220252990723,3709600
2012-03-06,12.512445543660737,12.701919282636702,12.512445543660737,12.630420684814453,3723400
2012-03-07,12.66616952401703,12.809169441968134,12.587519432769094,12.751968383789062,2470000
2012-03-08,12.784144549134625,12.902119697560229,12.726944849102084,12.816319465637207,3357800
2012-03-09,12.769844723270179,12.948593943411147,12.726943928537555,12.91641902923584,2810600
2012-03-12,12.916414732695593,12.937863759178738,12.75196446842022,12.819890022277832,3321000
2012-03-13,12.880671909464077,13.08087158203125,12.852072735525166,13.08087158203125,2911600
2012-03-14,13.084442082770659,13.223867616981119,13.009367739252307,13.062993049621582,3613000
2012-03-15,13.041542723723463,13.227442073267834,13.027242459047365,13.188117027282715,2801000
2012-03-16,13.163093494349164,13.213143061713861,13.012944792255077,13.041543960571289,5374400
2012-03-19,12.984342824900583,13.198841336681014,12.962892428223228,13.134492874145508,1908200
2012-03-20,13.073721447609348,13.116620890392065,12.962896409692908,13.08087158203125,3365200
2012-03-21,13.080868147639734,13.188117408312502,13.023668451031035,13.159518241882324,1941400
2012-03-22,13.06657291694514,13.245322208185835,13.037973739496037,13.120198249816895,2798200
2012-03-23,13.091593675525903,13.159519258070985,12.98434440657126,13.073719024658203,2033600
2012-03-26,13.166665306606218,13.256039896967385,13.09158961425434,13.216714859008789,2869400
2012-03-27,13.195270524461613,13.256045982958836,13.163095602609824,13.198844909667969,2897400
2012-03-28,13.173818667547284,13.184544549479474,12.962894506194154,13.084444046020508,2384000
2012-03-29,13.020092122281229,13.145217390610046,12.923568746603829,13.134492874145508,2540000
2012-03-30,13.238169019114993,13.381168964619972,13.155944527761624,13.298944473266602,2988000
2012-04-02,13.288213536565525,13.363289229461286,13.105889970957033,13.341838836669922,2640000
2012-04-03,13.288217779117796,13.291793527598676,13.080869370926244,13.12376880645752,2332200
2012-04-04,13.005796079652148,13.030820866067549,12.85207161238692,12.923571586608887,2247400
2012-04-05,12.923568194733752,12.959317490587809,12.837767975436504,12.919992446899414,2442800
2012-04-09,12.780576235393095,12.809176780869052,12.648302121939466,12.669751167297363,3948000
2012-04-10,12.633999408977427,12.766273496882661,12.530324497275224,12.537474632263184,4568600
2012-04-11,12.68762307463659,12.855646451684706,12.68762307463659,12.70907211303711,2730400
2012-04-12,12.705493088547794,12.959316617761644,12.705493088547794,12.93429183959961,2589000
2012-04-13,12.948599206854903,13.002223176445673,12.802024841308594,12.802024841308594,4857600
2012-04-16,12.894969361034414,12.970043710439214,12.73409478106099,12.7626953125,4535000
2012-04-17,12.880668299777112,13.0772935319053,12.791293690172779,13.005793571472168,3279600
2012-04-18,12.905695199122725,12.966470652775726,12.791295789156706,12.948596000671387,2832800
2012-04-19,12.955750662267752,13.198848470596262,12.784150123596191,12.784150123596191,4842000
2012-04-20,12.862792258639818,12.891392785217347,12.608968722130994,12.612543106079102,4146600
2012-04-23,12.494572721324676,12.548196677532957,12.398047963651525,12.405198097229004,4739600
2012-04-24,12.469546747360011,12.498145915195956,12.355147348519422,12.358721733093262,4211600
2012-04-25,12.46239287970993,12.508868047732529,12.380168421668715,12.480267524719238,3331000
2012-04-26,12.473117230350457,12.701915956463537,12.426642062937495,12.641141891479492,3430400
2012-04-27,12.694771637152607,12.741246825840747,12.573222087794194,12.659022331237793,3899800
2012-04-30,12.648295825793719,12.712645657333104,12.587520378785017,12.644720077514648,3600000
2012-05-01,12.619695078246332,12.7769952698679,12.591095911245917,12.594670295715332,4312200
2012-05-02,12.508869946715631,12.748393226448202,12.419495344353054,12.483843803405762,8274200
2012-05-03,12.505296705362227,12.630421991997656,12.40162181854248,12.40162181854248,6787400
2012-05-04,12.28364709465255,12.322972142782726,12.069147204055687,12.079873085021973,6792000
2012-05-07,12.004797688985478,12.022672337371006,11.911847335383523,11.961896896362305,4674000
2012-05-08,11.861795077525926,11.893969982803943,11.672321392970904,11.69019603729248,8485400
2012-05-09,11.572227888025395,11.579378022802757,11.404203812003686,11.439953804016113,9196200
2012-05-10,11.472128147853644,11.54362812825875,11.332703936125467,11.414928436279297,11669800
2012-05-11,11.414923843853543,11.579372778000486,11.40419864654541,11.40419864654541,8357800
2012-05-14,11.314824446219692,11.361299620983477,11.23975010804233,11.3326997756958,5534600
2012-05-15,11.289320318753603,11.480910059656686,11.256786198798613,11.329084396362305,4725600
2012-05-16,11.408610497970738,11.477293708495154,11.30016390407882,11.325468063354492,6470200
2012-05-17,11.30739464440149,11.390537084779,11.19894735350821,11.20256233215332,4336600
2012-05-18,11.231483079709905,11.282091409013109,10.98567001254558,11.021819114685059,6438200
2012-05-21,11.076042800851505,11.253172648939746,11.025434469822521,11.166415214538574,4560800
2012-05-22,11.14833864792639,11.253170267081481,11.115804530726308,11.188102722167969,8454000
2012-05-23,11.144724853131745,11.311010435314767,11.097731506343969,11.274861335754395,5869000
2012-05-24,11.26040455066955,11.29655366027983,11.068815441862832,11.155572891235352,3948800
2012-05-25,11.18448884972786,11.267631295467416,11.141109792675596,11.18087387084961,2778800
2012-05-29,11.29655257690098,11.383310017953157,11.217025094974863,11.332701683044434,2809600
2012-05-30,11.303785302891912,11.358008630636089,11.137499649724479,11.314629554748535,8579800
2012-05-31,11.285707901992303,11.307397779877443,11.097733786729167,11.213410377502441,10784600
2012-06-01,11.03989257391093,11.180873295474054,10.963979400347695,10.989283561706543,4180400
2012-06-04,11.018204935077193,11.115807311090435,10.927832517913856,11.02904987335205,3040000
2012-06-05,11.03628163862595,11.177262411840772,10.935064266620445,11.130269050598145,3208800
2012-06-06,11.23871293932873,11.470066087810643,11.191718900114111,11.459221839904785,3615800
2012-06-07,11.578512127849597,11.621891875262307,11.441146375143024,11.47368049621582,4925200
2012-06-08,11.415843366755256,11.596588885158063,11.415843366755256,11.571283340454102,3629400
2012-06-11,11.643584101989035,11.654429731805182,11.397771659909985,11.41584587097168,4497800
2012-06-12,11.44115188802503,11.668890155782824,11.44115188802503,11.661660194396973,2784800
2012-06-13,11.614661687458316,11.690574175467734,11.470065290225046,11.517059326171875,3188600
2012-06-14,11.538745392461609,11.65803690530856,11.386919767975803,11.506211280822754,3404600
2012-06-15,11.538750213880693,11.74118423461914,11.473681963414485,11.74118423461914,4148600
2012-06-18,11.69780757657005,11.925546486608518,11.676117696908436,11.878552436828613,3512400
2012-06-19,11.943619863543047,12.03760657757163,11.83517323074891,11.947234153747559,3146200
2012-06-20,12.01591682434082,12.084599362848424,11.90385453406394,12.01591682434082,3095600
2012-06-21,12.001453027919197,12.033987141743522,11.705031714841203,11.755640029907227,4089200
2012-06-22,11.835167596266134,12.033986558230675,11.780943616197124,12.001452445983887,4488600
2012-06-25,11.8604774722615,11.925545728134098,11.535136192898518,11.611048698425293,3992600
2012-06-26,11.643580591305138,11.817095447333573,11.517059773046956,11.70141887664795,5760800
2012-06-27,11.766486200053382,11.860474268245314,11.694188004284216,11.744797706604004,3896400
2012-06-28,11.69057690030272,11.733955277993939,11.506217071397833,11.654428482055664,2939800
2012-06-29,11.856859398244746,11.99784013105031,11.759257034231627,11.958077430725098,4044400
2012-07-02,12.019529518268051,12.044833680620215,11.773716473441237,11.860474586486816,2480000
2012-07-03,11.838785344362954,11.954461915272438,11.809865512148834,11.950847625732422,1098200
2012-07-05,11.950848697287809,12.04845107130159,11.773718156527918,11.965307235717773,2256400
2012-07-06,11.914700443370581,11.96892445115393,11.596590493227913,11.639968872070312,4091200
2012-07-09,11.592975181502828,11.636353561683213,11.412230321948403,11.484528541564941,3420000
2012-07-10,11.506218166304635,11.589361328850478,11.26402001777315,11.358007431030273,4207400
2012-07-11,11.376080441018749,11.466452864670115,11.217025471822893,11.347161293029785,5282200
2012-07-12,11.235099966230708,11.282093324349246,11.068815033440766,11.217025756835938,5015600
2012-07-13,11.224252145130093,11.484525106307093,11.20979291922399,11.433916091918945,3715800
2012-07-16,11.423074631621747,11.495372157763315,11.296553099015398,11.404999732971191,3186800
2012-07-17,11.488142421895137,11.506216630325818,11.260403534542148,11.426689147949219,2806400
2012-07-18,11.441146445389428,11.842399458606323,11.404997345143624,11.773716926574707,2604600
2012-07-19,11.806253576184146,11.914700210658923,11.759259528954692,11.864091873168945,3707800
2012-07-20,11.8568613035724,11.8568613035724,11.614663878340265,11.708650588989258,3381600
2012-07-23,11.549592948888668,11.549592948888668,11.332699051872194,11.495368957519531,2683200
2012-07-24,11.509827179790497,11.52790138126444,11.282088380093901,11.376075744628906,4482200
2012-07-25,11.383308093650468,11.66527024652061,11.35438895152174,11.538748741149902,3981400
2012-07-26,11.788178141187636,11.932773179127613,11.6725015592462,11.737569808959961,2645000
2012-07-27,11.856860346768485,11.932772842971477,11.737569478302866,11.893010139465332,5685000
2012-07-30,11.896625026429376,12.077369862065785,11.81348256751347,12.059295654296875,6595600
2012-07-31,12.06290979039769,12.193046291031786,11.994227250162425,12.06652545928955,5643000
2012-08-01,12.171355435140692,12.232809390594161,12.03399036572429,12.142436981201172,4602000
2012-08-02,11.903849980572462,12.16412287573341,11.885775780402524,12.073750495910645,3617800
2012-08-03,12.29064952859907,12.576226716246687,12.088214804638657,12.543692588806152,5200800
2012-08-06,12.543688275950588,12.558148189613286,12.438855970355933,12.521998405456543,3866600
2012-08-07,12.540078940896597,12.69913531356458,12.518390438422937,12.612377166748047,4094000
2012-08-08,12.590688354184936,12.662985199281861,12.558154222301747,12.626836776733398,3478600
2012-08-09,12.565380280808851,12.681058243481248,12.525617575578499,12.601530075073242,4316800
2012-08-10,12.583455708937754,12.691902332417722,12.561765832652306,12.673828125,2708600
2012-08-13,12.637679744555498,12.691903751846569,12.54730731838624,12.652139663696289,2591000
2012-08-14,12.652142166245914,12.767818784305094,12.64129791423226,12.742514610290527,3437400
2012-08-15,12.706363934972552,12.829270492275182,12.691904015531346,12.778660774230957,2273600
2012-08-16,12.78227392157122,12.908794744284048,12.775043963277122,12.87264633178711,1920200
2012-08-17,12.91241182536185,12.97386440912344,12.836497944456653,12.91602611541748,2943600
2012-08-20,12.912738508602326,12.912738508602326,12.7521055602729,12.803215980529785,2692400
2012-08-21,12.857977179046413,12.923690970527234,12.781310160549173,12.784961700439453,3049200
2012-08-22,12.763060252990101,12.806870388152005,12.624332336275184,12.741156578063965,3863400
2012-08-23,12.777661914392315,12.777661914392315,12.598774034822787,12.602425575256348,3212400
2012-08-24,12.62067933939643,12.719250043157118,12.485601586533855,12.679091453552246,4958600
2012-08-27,12.704646585936903,12.75575701141749,12.56226714562537,12.613377571105957,2214600
2012-08-28,12.56956718248524,12.72654997878175,12.558615347793912,12.690041542053223,5907200
2012-08-29,12.642580680038053,12.759404873934127,12.624327160864462,12.6827392578125,3039200
2012-08-30,12.595122454113143,12.657184707876658,12.522106972949711,12.573217391967773,1910400
2012-08-31,12.68274549657304,12.763061298975778,12.544016175833866,12.686395645141602,2505400
2012-09-04,12.69734172539891,12.69734172539891,12.401631082524311,12.565914154052734,3285600
2012-09-05,12.500202684255896,12.595121830208372,12.438139040912263,12.441790580749512,3026600
2012-09-06,12.565917099299943,12.774011731141595,12.434490889803891,12.752106666564941,5599000
2012-09-07,12.690045322042888,12.693696863130658,12.59147599515113,12.657188415527344,4457800
2012-09-10,12.657180535292145,12.686387275190969,12.445437241641704,12.463690757751465,5400800
2012-09-11,12.4856021027333,12.533062382651657,12.255603784449411,12.438141822814941,4514200
2012-09-12,12.500204476229172,12.50385462393529,12.306713224094535,12.343221664428711,3669000
2012-09-13,12.32131727471574,12.565917571398815,12.32131727471574,12.540362358093262,4441000
2012-09-14,12.547664046559802,12.690043490020658,12.467348258737205,12.540362358093262,3952600
2012-09-17,12.529411997858666,12.606077646807604,12.405286064613074,12.481951713562012,3461400
2012-09-18,12.456395819279031,12.55861807163545,12.423538915424247,12.529411315917969,2684800
2012-09-19,12.503853557994216,12.558615517499778,12.376077509353877,12.489250183105469,3866000
2012-09-20,12.492903273172681,12.529410322269566,12.397982717273333,12.496553421020508,4680800
2012-09-21,12.529410841997707,12.562267744609692,12.416236756855382,12.438141822814941,5866800
2012-09-24,12.405283083478247,12.416234918509144,12.29941070266456,12.32131576538086,3614800
2012-09-25,12.376077323157253,12.401632532500846,12.003699625023456,12.025603294372559,3067400
2012-09-26,12.01465068702888,12.018300834134166,11.821160859398132,11.945286750793457,5075400
2012-09-27,11.985446458807171,12.087667299216008,11.905129288397656,12.018301963806152,4194600
2012-09-28,11.956241090253007,12.025605041023987,11.839416861241533,11.952590942382812,4029200
2012-10-01,11.981797690974245,12.109573771049284,11.963544164199929,12.011004447937012,5477200
2012-10-02,12.24830142522244,12.24830142522244,12.054811560797727,12.182587623596191,4556800
2012-10-03,12.200840347155976,12.244650473801288,12.087667668291948,12.131476402282715,1992200
2012-10-04,12.15338297909008,12.178938193155016,12.043860434146831,12.10592269897461,2587800
2012-10-05,12.138779640197756,12.211795134609588,12.0840176712252,12.138779640197754,4997600
2012-10-08,12.062112050629905,12.127825845727214,12.018301925462035,12.043858528137207,2094400
2012-10-09,11.978143063682838,12.018300250508391,11.81750874576342,11.85036563873291,3457800
2012-10-10,11.839414770800348,11.857668292237685,11.682431979661295,11.700685501098633,3307600
2012-10-11,11.781002666608218,11.832113083694528,11.686082126886996,11.700685501098633,1867400
2012-10-12,11.700688812084161,11.795609378665393,11.56926188862513,11.576562881469727,3737800
2012-10-15,11.634973280379961,11.773701864178536,11.598465538434887,11.755448341369629,2176400
2012-10-16,11.744494737872932,12.018301749211457,11.591163479997507,11.912430763244629,7103600
2012-10-17,11.850365524785978,11.94528605585371,11.817508632132423,11.872270584106445,3737800
2012-10-18,11.86862232388145,11.875924012339075,11.572911600948325,11.580212593078613,6286000
2012-10-19,11.59481528581519,11.60576781785535,11.372118675289697,11.445134162902832,4511800
2012-10-22,11.426880319009866,11.50354665316025,11.335611304652511,11.423230171203613,3065200
2012-10-23,11.335610450112455,11.602116481154017,11.317356927147962,11.551005363464355,3734000
2012-10-24,11.587513080687295,11.609417447462818,11.452435339856422,11.503545761108398,4451400
2012-10-25,11.565610774493242,11.634975427355863,11.44513569127258,11.467040061950684,3189800
2012-10-26,11.474339773841104,11.609417515463173,11.44878456306543,11.5838623046875,3783600
2012-10-31,11.594817399850397,11.649578677380998,11.419581033221506,11.441485404968262,3661400
2012-11-01,11.488940746519297,11.868619400542453,11.45243370587783,11.864969253540039,4169400
2012-11-02,11.846718429665582,11.868622101974253,11.664180399601875,11.73354434967041,3974400
2012-11-05,11.67147903954354,11.850366189397116,11.598464260028488,11.824810981750488,5863200
2012-11-06,11.883221814859846,12.171632147676847,11.850364923872412,12.10226821899414,4043800
2012-11-07,11.963542494516279,11.963542494516279,11.689735453150753,11.7225923538208,3819200
2012-11-08,11.737196008893093,11.850368697378485,11.638624608215649,11.649577140808105,3004800
2012-11-09,11.34656453773394,11.496245674817025,11.087360855189644,11.178629875183105,10307000
2012-11-12,11.17497891488134,11.240692720007216,10.952282285583065,11.080059051513672,7251000
2012-11-13,11.021647575133612,11.142122659418755,10.948632077124932,10.99974250793457,5888600
2012-11-14,11.02894947775092,11.145774423468238,10.886570010847954,10.919426918029785,6205400
2012-11-15,10.915773884823944,10.959583317726047,10.77704529056736,10.80990219116211,5026000
2012-11-16,10.802602722136648,10.828157939776304,10.558001687642507,10.722286224365234,7460600
2012-11-19,10.800618682657127,11.096222768930465,10.796923552291629,11.062967300415039,5082000
2012-11-20,11.007538919761162,11.09252478195944,10.85973656230031,10.944723129272461,3806200
2012-11-21,10.966894766285945,11.018625175916398,10.867128372192383,10.867128372192383,5210000
2012-11-23,10.963198643604661,11.081439971923828,10.915163368265215,11.081439971923828,1715200
2012-11-26,11.048187531099902,11.118393603275795,10.904080960905162,10.974287033081055,3894200
2012-11-27,10.985371946943378,11.092528622727919,10.922556134704813,10.989067077636719,3709000
2012-11-28,10.974284372220575,11.23663223945504,10.822787577524123,11.181206703186035,7511200
2012-11-29,11.192292934990832,11.247718475432697,11.103611224555065,11.14795207977295,3657400
2012-11-30,11.159037092170593,11.27727842905191,11.118391368327407,11.240327835083008,4470800
2012-12-03,11.292059623136549,11.332705351944742,11.040796399184158,11.051881790161133,3247800
2012-12-04,11.05557681119097,11.070356627573444,10.92255493987852,11.01862621307373,3514600
2012-12-05,11.018622283829604,11.066658255684587,10.937331560779203,11.0592679977417,3418000
2012-12-06,11.066659198214195,11.280971763394081,11.055573810355739,11.273581504821777,3674200
2012-12-07,11.340096923096194,11.417692554580093,11.247720768601576,11.39921760559082,3989000
2012-12-10,11.362265793557668,11.517457744782588,11.336400585815856,11.450946807861328,4811800
2012-12-11,11.513763023760113,11.742856180769824,11.476812423626408,11.62830924987793,5164800
2012-12-12,11.705902816325153,11.824144145011442,11.665257095299024,11.713293075561523,5295200
2012-12-13,11.805670754302488,11.872181686629105,11.632003163277652,11.731769561767578,6239200
2012-12-14,11.69481909254663,11.79089036197608,11.639393549930338,11.691123962402344,3495200
2012-12-17,11.7132963874223,11.805672539673978,11.58027450265217,11.772417068481445,5966000
2012-12-18,11.761331365493115,11.997814788250583,11.728075895179941,11.942388534545898,7992000
2012-12-19,11.975639934021414,12.119746453210144,11.909129016003892,11.994114875793457,4653200
2012-12-20,11.997812733643617,12.086493032926924,11.890656079924003,12.056933403015137,3422400
2012-12-21,11.946085633718482,12.071715857583508,11.861098326500572,12.042156219482422,6380200
2012-12-24,12.00520740232506,12.04215730567134,11.86109939635827,12.031072616577148,1308400
2012-12-26,12.016292091419253,12.097583570239218,11.971951925494027,12.031072616577148,2154000
2012-12-27,12.027374423224412,12.060629893537586,11.824147175554211,11.942388534545898,2815800
2012-12-28,11.861094128346325,11.994115976589853,11.805669297943412,11.864789962768555,1790800
2012-12-31,11.8130630336186,12.042156219482422,11.750247216911921,12.042156219482422,3218800
2013-01-02,12.256466088644055,12.470779418945312,12.234296716232265,12.470779418945312,4988800
2013-01-03,12.467085165995238,12.481864277958346,12.308198083619907,12.341453552246094,2966600
2013-01-04,12.37840550187105,12.37840550187105,12.193653180947601,12.271248817443848,4806600
2013-01-07,12.226903425103645,12.359925264796887,12.186257706358738,12.256463050842285,3444200
2013-01-08,12.212125970278153,12.241687012978488,11.964558580629294,12.038459777832031,4209200
2013-01-09,12.101271024408389,12.230597021155525,12.075405825058962,12.171476364135742,4856800
2013-01-10,12.234293912993753,12.396875381469727,12.21581897036772,12.396875381469727,4645000
2013-01-11,12.363621349358269,12.437522537948368,12.308196515076645,12.411657333374023,4499200
2013-01-14,12.334062242424736,12.396877339182554,12.18625985898,12.234295845031738,5599400
2013-01-15,12.215821742893201,12.237991115256936,12.082799870518437,12.201041221618652,5494200
2013-01-16,12.204736314826922,12.37101366439163,12.130836523507647,12.32667350769043,4044800
2013-01-17,12.378401632227325,12.455997244466207,12.330365649130343,12.419047355651855,5004400
2013-01-18,12.363621108795133,12.411657091876236,12.271244977241887,12.389486312866211,3896800
2013-01-22,12.411660733717431,12.441220371522975,12.226908416400736,12.27863883972168,4249400
2013-01-23,12.311892901035568,12.319283162026366,12.186261283288342,12.249077796936035,3135600
2013-01-24,12.271246324852697,12.337757259639003,12.178870183154833,12.282332420349121,2727400
2013-01-25,12.297111273182106,12.385792987548413,12.27124606681444,12.3045015335083,3648800
2013-01-28,12.393182976758691,12.544679786261431,12.330366470134237,12.459693908691406,2749000
2013-01-29,12.41534878654646,12.444909818725414,12.297107476925834,12.407959938049316,1537200
2013-01-30,12.404270141702536,12.52251150887401,12.38948961841903,12.478171348571777,2643200
2013-01-31,12.467082870660272,12.537288220590778,12.356230389283468,12.359926223754883,3504800
2013-02-01,12.533594077699936,12.755297660827637,12.448608197509467,12.755297660827637,4858600
2013-02-04,12.884626684448664,12.884626684448664,12.544683084783173,12.56315803527832,3539800
2013-02-05,12.618580215074248,12.707260512588359,12.533592933097012,12.644445419311523,2561200
2013-02-06,12.552071030482983,12.73312748529028,12.515119726763455,12.729433059692383,3516000
2013-02-07,12.847675566550377,12.847675566550377,12.504036163605724,12.540986061096191,4075800
2013-02-08,13.67167186264993,13.808388186602889,13.257827054994609,13.446273803710938,12082400
2013-02-11,13.37237032961972,13.468442310390675,13.316945487988587,13.464746475219727,7098800
2013-02-12,13.4019306427443,13.534952510689838,13.387150121961897,13.531256675720215,5879400
2013-02-13,13.479526609209119,13.623633166673708,13.479526609209119,13.58668327331543,4462600
2013-02-14,13.50169533801244,13.904455316389313,13.486914819097283,13.789908409118652,5981600
2013-02-15,13.760351681382431,13.834251472439826,13.590378497125199,13.701231002807617,4241200
2013-02-19,13.709804926760896,13.881410306750249,13.616540947667284,13.859027862548828,5245600
2013-02-20,13.832922342392605,13.892611267817434,13.582973988797468,13.597896575927734,3616600
2013-02-21,13.627735149404623,13.627735149404623,13.366597089322278,13.482243537902832,4850600
2013-02-22,13.635199801793464,13.79188409956793,13.560588299191147,13.75457763671875,3999800
2013-02-25,13.803069822375189,13.89633380766151,13.463588972856808,13.471050262451172,4078600
2013-02-26,13.534474025550292,13.631469402556947,13.441210006249431,13.594162940979004,6877200
2013-02-27,13.575504869438268,13.773224054099419,13.519547334601645,13.702343940734863,4384200
2013-02-28,13.72099788599542,13.836645747027324,13.601620091489517,13.605351448059082,3241000
2013-03-01,13.575514484156814,13.676239825914923,13.42256150365667,13.601628303527832,4624400
2013-03-04,13.657578571751372,13.668769794872736,13.497164399232764,13.556853294372559,3144600
2013-03-05,13.627741731918656,13.791887361080198,13.620280437584368,13.773233413696289,3631200
2013-03-06,13.784420938083679,13.803073455431308,13.642659244669169,13.721000671386719,2796600
2013-03-07,13.765771035385967,13.803076077166887,13.635200542960497,13.713541984558105,3276000
2013-03-08,13.79188480023485,13.87768753450292,13.713541935819554,13.747117042541504,3625600
2013-03-11,13.665040311865386,13.795609329569274,13.646387798349911,13.784418106079102,2723200
2013-03-12,13.728461892188053,13.859032359140194,13.638929240142549,13.739654541015625,4175000
2013-03-13,13.728459803474031,13.780687413070389,13.642657098694924,13.665040969848633,3806200
2013-03-14,13.735920358855,13.944832209157271,13.694883975483522,13.706076622009277,3287600
2013-03-15,13.631469752359461,13.743386293773229,13.471055521197847,13.53447437286377,5324400
2013-03-18,13.355405285368306,13.512089554411487,13.295716378850852,13.437478065490723,2792800
2013-03-19,13.497168773022306,13.50089870757295,13.273335699488316,13.44120979309082,3518000
2013-03-20,13.549395120256817,13.605354094922346,13.456131111211494,13.56431770324707,2739600
2013-03-21,13.426282862783161,13.478510462626856,13.306903662017817,13.3292875289917,2399400
2013-03-22,13.418831153492018,13.51955649213924,13.336758339091384,13.504633903503418,2008600
2013-03-25,13.571779594486255,13.601623338689732,13.415095312356316,13.512090682983398,3560800
2013-03-26,13.568048048189635,13.73965491158089,13.553126887843517,13.694887161254883,1950600
2013-03-27,13.568047042467036,13.646389888182492,13.515819427387251,13.616544723510742,3621200
2013-03-28,13.612812775407281,13.724729280176316,13.549392521410967,13.717267990112305,3150200
2013-04-01,13.73965163329465,13.74711150013984,13.482242111173722,13.530739784240723,2881200
2013-04-02,13.541935874535582,13.553128525017062,13.388982933518557,13.463594436645508,3872400
2013-04-03,13.474782154615148,13.474782154615148,13.146493903310706,13.194990158081055,5199400
2013-04-04,13.176341561506169,13.333025866172107,13.079347600024288,13.303180694580078,4633000
2013-04-05,13.094268672066166,13.284528081907826,12.922663205888428,13.258414268493652,3371800
2013-04-08,13.232300105784963,13.344216649333731,13.13530472443892,13.318102836608887,2795400
2013-04-09,13.333021558039999,13.50462696995714,13.191259884975747,13.40017032623291,3694000
2013-04-10,13.459859744875963,13.717267845439478,13.437475874920006,13.706076622009277,4098200
2013-04-11,13.64266060625697,13.80307483302904,13.612816860141418,13.691158294677734,3059200
2013-04-12,13.672504855388341,13.672504855388341,13.444940436300051,13.545665740966797,2621400
2013-04-15,13.456130807800026,13.594161139607932,13.35167557541521,13.381519317626953,2737800
2013-04-16,13.430015594020363,13.590429783018813,13.351674177931535,13.541932106018066,2687000
2013-04-17,13.392708441842794,13.392708441842794,12.94504104170489,13.030843734741211,6745800
2013-04-18,13.16887456578247,13.172605922163651,12.743591016439284,12.769704818725586,5459600
2013-04-19,12.717484063855625,12.848053145612313,12.579453688413373,12.810748100280762,4297800
2013-04-22,12.82939652314086,13.03084711898602,12.698827483109259,12.948774337768555,3534000
2013-04-23,13.027117176399035,13.262142897073108,12.997273431049287,13.206185340881348,2772600
2013-04-24,13.243487938300714,13.385249616107066,13.19872161697607,13.336751937866211,2195200
2013-04-25,13.403903789432956,13.556856710716467,13.336753587591817,13.538204193115234,3414000
2013-04-26,13.530740481386427,13.530740481386427,13.262139722063026,13.280792236328125,3995600
2013-04-29,13.299449809046447,13.448671387052046,13.25468205485836,13.415096282958984,2164400
2013-04-30,13.4001733580339,13.586701393127441,13.336754509188163,13.586701393127441,2770600
2013-05-01,13.545666157994875,13.597893779112391,13.441209492663896,13.467323303222656,2103000
2013-05-02,13.46359390545629,13.676235755966147,13.430018801528629,13.657583236694336,4650600
2013-05-03,14.067941045352992,14.142552527993319,13.885144407134641,14.008252143859863,8316000
2013-05-06,13.918719141119908,14.127629579363928,13.914987784382333,13.956024169921875,5872800
2013-05-07,13.944833317086953,13.98586970371881,13.788149061137656,13.862760543823242,3898800
2013-05-08,13.866487668034198,14.01571060317087,13.825452712812222,13.974674224853516,3009200
2013-05-09,13.933639892650676,13.974676276994105,13.799340939020714,13.840375900268555,9948600
2013-05-10,13.851571622946773,13.918721826220958,13.78442141967259,13.881415367126465,9247600
2013-05-13,13.803071642293906,13.944833317086953,13.754573965083924,13.862760543823242,8665600
2013-05-14,13.911256062058614,13.963483664904297,13.814260722691962,13.952292442321777,3338000
2013-05-15,13.914992947663995,14.164941287288734,13.885149198167758,14.038102149963379,4498600
2013-05-16,14.011985081570433,14.153745349175658,14.008253724314818,14.01944637298584,2876000
2013-05-17,14.110954864665368,14.133549548778662,13.862403283290652,13.964083671569824,5995200
2013-05-20,13.93772496907392,14.031873345196411,13.790853732177267,13.81344985961914,4040800
2013-05-21,13.805914682955969,13.937721804968865,13.775787956462972,13.809679985046387,3976400
2013-05-22,13.817215672026828,13.956556308170775,13.610089524238322,13.677876472473145,4618200
2013-05-23,13.61008960080722,13.760727583641023,13.542302652191035,13.685408592224121,3948000
2013-05-24,13.621386870080704,13.700472600748173,13.485814410201325,13.677876472473145,2893000
2013-05-28,13.790853273436593,13.892533688657398,13.666578168115716,13.723066329956055,2139200
2013-05-29,13.828515745969169,13.91513209089422,13.674112446478352,13.779558181762695,4057200
2013-05-30,13.824746065443978,14.073297700455146,13.798384637229923,14.024341583251953,3255200
2013-05-31,13.93772466274202,14.016810388755278,13.738130569458008,13.738130569458008,3560400
2013-06-03,13.745662115054955,13.88500130137329,13.68540721530188,13.873703956604004,3370200
2013-06-04,14.389631986387272,14.442354827099889,13.83604072231514,13.96784782409668,9652200
2013-06-05,13.89630042806752,13.967852674368014,13.711768984906021,13.723066329956055,3579800
2013-06-06,13.768256470407414,13.775788511481595,13.459449969315662,13.63644790649414,4213600
2013-06-07,13.711769517675792,13.83227932485911,13.591259710492473,13.820981979370117,2577600
2013-06-10,13.820979120306559,13.952786245712714,13.790850956448052,13.866169929504395,3950200
2013-06-11,13.738125305937729,13.971612781887908,13.610083508818668,13.84733772277832,5321000
2013-06-12,13.975385775395514,13.975385775395514,13.685408592224121,13.685408592224121,3984400
2013-06-13,13.696704966359988,14.054469072764494,13.61762067744883,14.028107643127441,3078200
2013-06-14,14.016814023284963,14.095898333214434,13.877473359210503,13.949027061462402,2552600
2013-06-17,14.054469292165196,14.242766041992265,14.028107862116622,14.141085624694824,3242400
2013-06-18,14.118492582226303,14.344448133759162,14.118492582226303,14.325618743896484,2743800
2013-06-19,14.31431724883755,14.370806844313908,14.07706439565307,14.088361740112305,2678400
2013-06-20,13.892533688657398,13.952788589907858,13.65904612588564,13.723066329956055,3813600
2013-06-21,13.760726085486844,13.903830573349623,13.700471186231434,13.839810371398926,5118400
2013-06-24,13.753193467098667,13.794618977961232,13.613854287770993,13.670342445373535,3032400
2013-06-25,13.82098216818032,13.900066460864087,13.715535008011724,13.862407684326172,2864400
2013-06-26,13.99797733329011,14.050701621091031,13.79085123070847,13.915127754211426,2223400
2013-06-27,13.990443942940516,14.084592283238662,13.888763563027757,13.96784782409668,6139200
2013-06-28,13.896300494942178,14.1373201011039,13.8624070230388,14.028107643127441,5648800
2013-07-01,14.148615522769852,14.216402457361289,14.001744310018395,14.073296546936035,2644200
2013-07-02,14.02434359099889,14.321851385804935,14.013044808296677,14.10342788696289,2837200
2013-07-03,14.058236289358362,14.295489164144689,14.005511991704514,14.235234260559082,1443200
2013-07-05,14.336912312175212,14.434827412201368,14.197573140004124,14.397167205810547,1794600
2013-07-08,14.468723329305925,14.487554155854209,14.031874873966615,14.099661827087402,3611000
2013-07-09,14.208872830027268,14.261595691090896,14.126021798875726,14.235234260559082,2297800
2013-07-10,14.182511579720654,14.32561751627633,14.167447494485268,14.321850776672363,3302000
2013-07-11,14.517681354813114,14.702212830094329,14.427299705500594,14.657020568847656,3781800
2013-07-12,14.664546583265919,14.890503486829031,14.619355777189226,14.852843284606934,3686200
2013-07-15,14.841549718571896,14.916868705590696,14.777529513389537,14.826485633850098,2115200
2013-07-16,14.856612359722329,14.939461944461602,14.834016234835229,14.91686725616455,3665800
2013-07-17,14.97712174399259,15.108928877429522,14.901802766347197,15.059972763061523,5284800
2013-07-18,15.116460603886168,15.116460603886168,14.905569194781215,15.075035095214844,3434400
2013-07-19,15.033607519489593,15.075033022465094,14.894268366690905,15.014778137207031,3359600
2013-07-22,15.093867561419353,15.11646225109127,14.928165508677896,14.980888366699219,2450000
2013-07-23,15.078806527547185,15.210613699263858,15.003487528027472,15.06750774383545,3029000
2013-07-24,15.165418605698095,15.165418605698095,14.788825150686739,14.86790943145752,3523600
2013-07-25,14.901803210848517,14.965824846563287,14.822718928427378,14.943228721618652,3015400
2013-07-26,14.800119595536186,14.909332020878226,14.679609828465571,14.796354293823242,4850400
2013-07-29,14.721040716825437,14.845315831082443,14.698444588510405,14.766231536865234,3332000
2013-07-30,14.807652431171853,14.852843237104015,14.736100202063444,14.781291007995605,4362800
2013-07-31,14.818957142892472,15.018552721814448,14.773766314487162,14.965829849243164,6205600
2013-08-01,15.440328282664227,15.73407065369889,15.297222398774904,15.700177192687988,7602200
2013-08-02,15.51941904642464,15.621099472045898,15.455398835805871,15.621099472045898,6066400
2013-08-05,15.54577888348595,15.703948897086038,15.54577888348595,15.696416854858398,3178600
2013-08-06,15.628636359355,15.696423330780666,15.489297112131462,15.557084083557129,2729800
2013-08-07,15.545780807717565,15.549547547592706,15.383845471254645,15.444100379943848,2714800
2013-08-08,15.564610525394054,15.579673174050829,15.376313769577083,15.383844375610352,3130800
2013-08-09,15.38007908867142,15.444099296152801,15.252037237118422,15.293462753295898,2045400
2013-08-12,15.252038057783682,15.421505434632675,15.252038057783682,15.34995174407959,2581600
2013-08-13,15.398906904198503,15.440332416145015,15.214376906642345,15.3951416015625,2693600
2013-08-14,15.36501350137138,15.36501350137138,15.184248805659964,15.19554615020752,2307200
2013-08-15,15.067508304755382,15.067508304755382,14.800127211267485,14.841552734375,4068000
2013-08-16,14.781291097185571,15.007246564799612,14.769993754781819,14.879204750061035,3114800
2013-08-19,14.812330215114477,14.97572956318174,14.781931111760041,14.789529800415039,2305600
2013-08-20,14.819927686567077,14.930127496750499,14.789527139104937,14.861727714538574,1785000
2013-08-21,14.808532564630818,14.827532187597841,14.614732641463561,14.759132385253906,2512400
2013-08-22,14.766726795496808,14.873125802496519,14.622327107727378,14.842726707458496,1259600
2013-08-23,14.842728308460842,14.876928200053666,14.70212794881373,14.85032844543457,3869600
2013-08-26,14.873126772561037,14.971927099428575,14.785727375456892,14.884526252746582,2051400
2013-08-27,14.74013162188291,14.816131557449408,14.641331270773,14.645132064819336,3057000
2013-08-28,14.664131174061978,14.876930696298922,14.645131553228607,14.81233024597168,2165400
2013-08-29,14.78193537567719,14.918733554599433,14.751534813975425,14.831334114074707,2373800
2013-08-30,14.607128936745072,14.869328598253043,14.607128936745072,14.747729301452637,3036400
2013-09-03,14.892130851745605,15.108729737640747,14.766732183396023,14.892130851745605,4228200
2013-09-04,14.66792894091287,15.146727452058348,14.664129596986061,15.036527633666992,4656600
2013-09-05,14.99092714209689,15.028926376846675,14.78192845181729,14.861727714538574,5489400
2013-09-06,14.971928096271148,14.97572744006001,14.694528163612071,14.781929016113281,4087200
2013-09-09,14.850332511774782,14.903532035580145,14.732532530792689,14.797131538391113,2444400
2013-09-10,14.922527266958495,15.002326529182847,14.876927895627132,14.98332691192627,2202200
2013-09-11,14.933926747396866,15.055526037332415,14.90732699332208,14.98332691192627,1987800
2013-09-12,14.990928343055385,15.059328130746977,14.869329042620999,14.998528480529785,1911400
2013-09-13,15.013725106586403,15.059325924752878,14.941525985522839,15.047924995422363,991000
2013-09-16,15.230329915502976,15.256929675918439,15.120130079737072,15.226529121398926,2793400
2013-09-17,15.29492643117445,15.386126630317506,15.291127087266734,15.306325912475586,1771400
2013-09-18,15.302527373599279,15.367126370474779,15.165727792476972,15.363327026367188,1687400
2013-09-19,15.389927431162162,15.42032798361381,15.291128534850557,15.370927810668945,2019600
2013-09-20,15.370927432424038,15.43172708625306,15.291128158569336,15.291128158569336,4361200
2013-09-23,15.329121493894487,15.401320602012445,15.230322638071096,15.325322151184082,2556600
2013-09-24,15.568532703369277,15.6293323807613,15.393732362485892,15.55713176727295,3356000
2013-09-25,15.560921700058369,15.576121971190354,15.298722096553378,15.332921981811523,2946600
2013-09-26,15.469723132601404,15.519123294132044,15.325324890554597,15.424123764038086,2584000
2013-09-27,15.336726154826556,15.378526184864043,15.275926506475109,15.313925743103027,1839600
2013-09-30,15.196130932162514,15.393728750133524,15.097330573598697,15.31013011932373,3792400
2013-10-01,15.317726536512595,15.43932583321549,15.234126476437622,15.313925743103027,2731200
2013-10-02,15.184730408488065,15.287330114575218,15.089730841693854,15.158130645751953,1994400
2013-10-03,15.10493209090414,15.158131619794899,14.884532385981345,15.009932518005371,2759000
2013-10-04,14.98332752492968,15.07452627132356,14.941527495508344,14.968127250671387,3689400
2013-10-07,14.865530232717568,15.066930278718514,14.751531054545787,15.00232982635498,2957200
2013-10-08,14.990932958398972,15.040333142402682,14.702133443769455,14.778133392333984,3702400
2013-10-09,14.835130718765555,14.884529443209976,14.614731057417252,14.751530647277832,2765600
2013-10-10,14.846530977806191,15.116329377708245,14.819931217228707,15.08212947845459,2682600
2013-10-11,15.040330587214697,15.283529221641633,14.990930411603538,15.23792839050293,1671200
2013-10-14,15.188525038770278,15.38992357477279,15.188525038770278,15.348123550415039,1704600
2013-10-15,15.234129661691448,15.313928945041823,15.009930639722588,15.032731056213379,3265600
2013-10-16,15.097328774967231,15.177128051515306,14.994729083871931,15.165728569030762,3805400
2013-10-17,15.051728949048528,15.310127841274278,14.945329916806665,15.272127151489258,2064200
2013-10-18,15.298725468620676,15.313925743103027,15.142926279121472,15.313925743103027,2417200
2013-10-21,15.363328104720336,15.435527244456745,15.302528447684896,15.389927864074707,1489200
2013-10-22,15.420321423621099,15.439321036031648,15.215122130601134,15.397521018981934,2970600
2013-10-23,15.291130429905609,15.329129675601353,14.728731736476131,14.797131538391113,5334800
2013-10-24,14.86552840418019,14.930128848597532,14.793329271787176,14.816129684448242,5423600
2013-10-25,14.880729573795042,14.89212905602181,14.648930437996746,14.770529747009277,4193200
2013-10-28,14.774328525021168,15.07452596279978,14.774328525021168,14.975727081298828,3809400
2013-10-29,15.021326982418577,15.355725773140515,15.021326982418577,15.313925743103027,6186800
2013-10-30,15.351923850849424,15.427922311340806,15.108723848712762,15.180924415588379,5419600
2013-10-31,16.14992157937705,16.757918047240075,15.887723374406981,16.32472038269043,21116600
2013-11-01,16.3855231106412,16.43872263038571,16.070125336622365,16.165124893188477,8290200
2013-11-04,16.176526499155738,16.195526123046875,16.054927166758393,16.195526123046875,4036800
2013-11-05,16.123320666874324,16.29051932113754,16.028321134992943,16.21072006225586,3383600
2013-11-06,16.22211746601604,16.377916620378315,16.153717695849423,16.32851791381836,2298800
2013-11-07,16.36272423561158,16.36652358008091,16.00552497321043,16.02072525024414,2926600
2013-11-08,16.04352243275038,16.32092090961312,15.994122267134903,16.298120498657227,3082800
2013-11-11,16.23732098103374,16.35512093087254,16.172721990513637,16.32472038269043,2147800
2013-11-12,16.241122603419957,16.564120471664676,16.22972167248071,16.52992057800293,4204800
2013-11-13,16.408326932963988,16.514725994544893,16.290526936514773,16.507125854492188,4887000
2013-11-14,16.469124056910587,16.529923718351277,16.33612525050229,16.499523162841797,4672400
2013-11-15,16.51091667448179,16.57171630859375,16.35891686441308,16.57171630859375,3071200
2013-11-18,16.203121121555608,16.602118894988113,16.18792084743412,16.472919464111328,5392600
2013-11-19,16.466795227679352,16.47445794163845,16.263738423059674,16.294387817382812,2925200
2013-11-20,16.175613357045357,16.47445178215385,16.1679506459512,16.39016342163086,3720800
2013-11-21,16.45146957613403,16.800115018210846,16.371013272927048,16.79245376586914,3323200
2013-11-22,16.539583836072214,16.819267696038253,16.539583836072214,16.784786224365234,3627400
2013-11-25,16.83842409141908,16.853749515036874,16.593223159585715,16.796279907226562,3510400
2013-11-26,16.76562670269029,16.826926927029625,16.654521050865185,16.66218376159668,4320000
2013-11-27,16.60470696139226,16.677500489506293,16.42846907552965,16.627695083618164,2474400
2013-11-29,16.585561752319336,16.727318278151746,16.566405702046787,16.585561752319336,1595000
2013-12-02,16.650691339068388,16.650691339068388,16.355683510645655,16.378671646118164,3373800
2013-12-03,16.39782901609565,16.47445467899823,16.206265589595667,16.336528778076172,5847600
2013-12-04,16.32886296831423,16.428476749646357,16.121975617687273,16.25223731994629,3702000
2013-12-05,16.34036055980829,16.378672659787416,16.114315662300413,16.21776008605957,3762400
2013-12-06,16.451463335861483,16.704326951106705,16.34801893032762,16.689002990722656,3762800
2013-12-09,16.635366295503886,16.754136139222897,16.539584587782617,16.593223571777344,4152600
2013-12-10,16.570237838977906,16.639200795460017,16.432311926013682,16.478286743164062,1699200
2013-12-11,16.474457186246816,16.51276929277235,16.076004847723265,16.148799896240234,4810400
2013-12-12,16.336530204114588,16.34802354302371,16.07600380441187,16.079835891723633,3247400
2013-12-13,16.087493350086135,16.114312106456183,15.830797660028042,15.911253929138184,4725200
2013-12-16,15.941909097788468,16.060677490654303,15.911258247040506,15.999377250671387,3675600
2013-12-17,15.976388775300014,16.164120099698597,15.915088542219051,16.06833839416504,4274400
2013-12-18,16.056846770997048,16.305879816569735,15.888271477409889,16.302047729492188,6634000
2013-12-19,16.355680465698242,16.424643397764054,16.25606815355461,16.355680465698242,4341800
2013-12-20,16.332701096835653,16.673683823630988,16.313545043035067,16.6353702545166,22229200
2013-12-23,16.74264267362205,16.930374000869275,16.627704917540278,16.88823127746582,4157400
2013-12-24,16.880565212093543,17.05297108121025,16.80010748345817,17.022321701049805,2115600
2013-12-26,17.133424710374012,17.13725533391031,16.922703878072117,16.991666793823242,2289800
2013-12-27,17.010833377494357,17.0453148537783,16.91505166131818,16.96485710144043,1567800
2013-12-30,16.94186767709141,17.12959899190092,16.91121683136011,17.033817291259766,1402200
2013-12-31,17.10660826255484,17.221545983766017,17.075957424091904,17.144920349121094,1631000
2014-01-02,17.072134949967367,17.072134949967367,16.86141398872136,16.922714233398438,2300600
2014-01-03,16.984008308138375,17.106608742404294,16.930369339323633,17.064464569091797,2266200
2014-01-06,17.052977828739913,17.121940788278916,16.98401633071406,17.029991149902344,2725400
2014-01-07,17.125764846801758,17.263690701216902,17.03381379002084,17.125764846801758,3036200
2014-01-08,17.144925433577523,17.382463656059354,17.064469151021026,17.35181427001953,3901800
2014-01-09,17.347983624303197,17.432272000561493,17.190901671330085,17.324996948242188,2863400
2014-01-10,17.38630031451223,17.420781796319517,17.1985674776696,17.26753044128418,3139800
2014-01-13,17.22921856925438,17.56253859028119,17.221555855246336,17.298181533813477,4461000
2014-01-14,17.397792174978097,17.67364400597601,17.34032255634916,17.66598129272461,3777800
2014-01-15,17.66214210960354,17.777081300684767,17.61233668574837,17.754093170166016,2445600
2014-01-16,17.7425974519783,17.76175349408075,17.623827652523378,17.727272033691406,11764600
2014-01-17,17.623838571262134,17.90352105146797,17.60468251729167,17.700464248657227,4822600
2014-01-21,17.85370782076073,17.865202618283817,17.623832331476983,17.719614028930664,2830400
2014-01-22,17.738769677401017,17.815395325944174,17.63149464634821,17.646820068359375,4628800
2014-01-23,17.616172200428604,17.66597909962298,17.20622659220573,17.23687744140625,7144600
2014-01-24,17.15258826260518,17.202395159462,16.87290585358482,16.88823127746582,4075600
2014-01-27,16.92653853293857,17.037645632018556,16.8077687241104,16.880563735961914,2680400
2014-01-28,16.918880264788726,17.2636949864166,16.865242743982794,17.259862899780273,4595200
2014-01-29,17.114276196578505,17.38246529185118,17.052975957217296,17.091289520263672,4020200
2014-01-30,17.25220472879791,17.485912383689413,17.148760285082986,17.378637313842773,5854000
2014-01-31,17.19089956424531,17.344150872928598,16.888230494940643,17.187068939208984,5760000
2014-02-03,17.221549694338677,17.236875116872177,16.635364705290545,16.711990356445312,12269000
2014-02-04,16.7503045832884,16.777123343039204,16.54341575534266,16.708160400390625,13090200
2014-02-05,16.658349289814545,16.80776847389865,16.528086149059508,16.742637634277344,2811400
2014-02-06,16.765635090079503,16.884404973566067,16.68517877941765,16.746479034423828,12919800
2014-02-07,16.872907509835915,17.037652178945905,16.784788506139666,17.02615737915039,14068600
2014-02-10,17.09128978139221,17.19473421092841,17.02615745397474,17.148757934570312,2538600
2014-02-11,17.03381407020506,17.213884101043693,16.922706967708354,17.1832332611084,3757600
2014-02-12,18.003131050692268,18.003131050692268,17.187070463383,17.451427459716797,3701000
2014-02-13,17.36713994596633,17.566364611900052,17.32116367396974,17.551040649414062,2868200
2014-02-14,17.531888961791992,17.59702130466412,17.44760202482849,17.531888961791992,2740600
2014-02-18,17.374800443300686,17.46675152179515,17.317332298065352,17.432270050048828,3326800
2014-02-19,17.275879490622486,17.515285535095458,17.241126881505032,17.337661743164062,3457400
2014-02-20,17.349256207156383,17.47282078881693,17.221829403753066,17.453514099121094,4713000
2014-02-21,17.472808565487508,17.56162045436364,17.3878574226473,17.476669311523438,2808800
2014-02-24,17.534592888785745,17.634988500659155,17.47281063386246,17.480533599853516,4448800
2014-02-25,17.534596101444812,17.580932432875652,17.3067737184855,17.507566452026367,6560600
2014-02-26,17.523014471608,17.777866534306327,17.422617356390287,17.580934524536133,4614000
2014-02-27,17.553902517479546,17.65429961923147,16.993999909571137,17.61182403564453,3757600
2014-02-28,17.64272051049125,17.70450279708478,17.45737365071068,17.588661193847656,2124200
2014-03-03,17.438064519023627,17.492123828092762,17.19093540727575,17.356975555419922,2285200
2014-03-04,17.35697945231838,17.897574137386936,17.295197160510373,17.882129669189453,6207800
2014-03-05,17.820339463393598,18.001824036416682,17.7933098147943,17.974794387817383,4348600
2014-03-06,17.967074664188736,18.136977026633865,17.924599073577454,18.013412475585938,2456600
2014-03-07,18.08678100489305,18.098364722864638,17.940047527560942,17.986385345458984,3001600
2014-03-10,17.978660652062022,18.04044293033004,17.839650157707553,17.959352493286133,1688400
2014-03-11,17.99410415131866,18.040441962287485,17.777866925486645,17.839649200439453,1323600
2014-03-12,17.781723676622217,17.997962326858197,17.68518880164272,17.92459487915039,2134000
2014-03-13,18.017273287031248,18.086778531367013,17.770144184062154,17.824203491210938,6320600
2014-03-14,17.828066882156268,17.893711388430425,17.735394191306224,17.789453506469727,3759400
2014-03-17,17.828055976713486,18.086770149176314,17.828055976713486,18.02884864807129,2149400
2014-03-18,18.067471125083518,18.30301650226159,17.994103662877215,18.29915428161621,2082800
2014-03-19,18.245092279438555,18.411132390509856,18.152418146722223,18.25281524658203,2346600
2014-03-20,18.21420310955835,18.577175254054346,18.15628305690866,18.5694522857666,2423000
2014-03-21,18.7161834342889,18.7161834342889,18.31073575060144,18.32232093811035,4167000
2014-03-24,18.399552235901282,18.41499670017077,18.16786759579108,18.35707664489746,2465200
2014-03-25,18.411132925253526,18.534697457127276,18.31845878984551,18.403409957885742,2445200
2014-03-26,18.472919650929676,18.573315304937623,18.17559196401331,18.206483840942383,2689600
2014-03-27,18.179454212453848,18.237374272274256,17.86281836547807,17.936185836791992,3432000
2014-03-28,17.994109288717507,18.248961429784973,17.947772937525073,18.117673873901367,1571000
2014-03-31,18.252814788856792,18.492220872279475,18.252814788856792,18.4420223236084,3041600
2014-04-01,18.526970849875298,18.5501397474268,18.384099664153847,18.47677230834961,2906800
2014-04-02,18.476780476101087,18.646682853908032,18.380245569803787,18.638959884643555,3464600
2014-04-03,18.727767332368124,18.93242081329825,18.646678384037937,18.754796981811523,3357400
2014-04-04,18.92469991795339,18.92469991795339,18.14469927289095,18.21806526184082,3383000
2014-04-07,18.214205239038346,18.341632021175595,18.00569096291357,18.11380958557129,3109200
2014-04-08,18.113802152995003,18.430436394859782,18.09063325492984,18.37637710571289,2226600
2014-04-09,18.49222240579042,18.67370846164771,18.43430235837171,18.654401779174805,2574600
2014-04-10,18.658261949592305,18.700737533522705,18.13311195373535,18.13311195373535,2830200
2014-04-11,17.982518080384246,18.171727101217183,17.889845416592735,17.94004249572754,3224200
2014-04-14,18.136969404908104,18.337762084232985,17.828056684097504,17.994096755981445,2670800
2014-04-15,18.02113875649921,18.26054642660707,17.91688233568524,18.214208602905273,2413800
2014-04-16,18.237374272274256,18.237374272274256,17.63499592830396,17.936185836791992,3745000
2014-04-17,17.974797741244934,18.37638327107735,17.955491056215724,18.27598762512207,2688400
2014-04-21,18.24895199866058,18.44588396721386,18.1331104440438,18.380239486694336,1979200
2014-04-22,18.49222389999554,18.55786839331415,18.384105291006744,18.49608612060547,2127200
2014-04-23,18.507664803733768,18.631229315550893,18.44974329437973,18.550140380859375,2107400
2014-04-24,18.654402798588205,18.71232284917209,18.48450044832886,18.685293197631836,4878600
2014-04-25,18.608063751492484,18.66212452397888,18.16400416789503,18.21034049987793,5131400
2014-04-28,18.295297211582227,18.45747515915399,17.982523561686268,18.125394821166992,3486200
2014-04-29,18.225787116249318,18.418856891902372,18.125390008026656,18.264400482177734,3006800
2014-04-30,18.237372840523577,18.368660361350994,18.1022245718802,18.35707664489746,2949200
2014-05-01,18.368665745744924,18.44589398175285,17.97866528976373,18.01727867126465,4162200
2014-05-02,17.963210907176883,18.20647922073968,17.963210907176883,18.05974578857422,2883600
2014-05-05,17.94004374066058,18.08291643951228,17.816479198360295,18.055885314941406,3343800
2014-05-06,18.08291795839646,18.21420400673811,17.843510348700647,17.89756965637207,3876200
2014-05-07,17.95162609195004,18.133110656204458,17.665882212413802,18.106081008911133,4220200
2014-05-08,18.036576400242772,18.434301102515334,17.99796303792754,18.1794490814209,2566000
2014-05-09,18.202612323314572,18.22578121917847,17.920730718826412,18.102216720581055,3196800
2014-05-12,18.175587305949644,18.434301553406804,18.160141371443615,18.407270431518555,2710600
2014-05-13,18.426577502539548,18.457467896729643,18.106081008911133,18.106081008911133,3011400
2014-05-14,18.14856233547835,18.14856233547835,17.93232361566717,17.936185836791992,2617600
2014-05-15,17.905292968571715,17.928461875020698,17.550045241054768,17.704500198364258,3034800
2014-05-16,17.700635275053227,17.94390357986304,17.63885301210212,17.916873931884766,3583800
2014-05-19,18.024275847620565,18.121557129822488,17.86862520233966,18.05540657043457,3236800
2014-05-20,18.055409967165716,18.098212492495488,17.853064683991523,17.89975929260254,2230200
2014-05-21,17.954229594137384,18.102097528970713,17.91531768284169,18.032054901123047,1983000
2014-05-22,18.074860710086835,18.33168320986536,18.012600755122175,18.070968627929688,3479400
2014-05-23,18.05151410329781,18.176034023111807,17.97758086478154,18.156578063964844,1991000
2014-05-27,18.238294146527604,18.38616210928033,18.156578226741047,18.374488830566406,2278600
2014-05-28,18.38616029033996,18.47955096399586,18.2888790189625,18.390050888061523,2154800
2014-05-29,18.460094854817473,18.50679093721356,18.331684339214508,18.409509658813477,7206400
2014-05-30,18.444530293661305,18.557375444276207,18.35113961673077,18.522354125976562,1913400
2014-06-02,18.30833458453531,18.475658486475126,18.218835994910766,18.386159896850586,2395000
2014-06-03,18.304446802103776,18.530138609695467,18.304446802103776,18.456205368041992,2689600
2014-06-04,18.34724874006324,18.59239648004098,18.331683380078942,18.584613800048828,1812400
2014-06-05,18.63909373266882,18.82587361104831,18.483443091821982,18.783069610595703,2662600
2014-06-06,18.872565552806464,19.043780046120077,18.806415004615175,18.93093490600586,4830600
2014-06-09,18.89980348623802,19.19553935434855,18.849216814304384,19.18386459350586,3252600
2014-06-10,19.12160575782417,19.257800423356272,19.0865844420467,19.230560302734375,7470600
2014-06-11,19.20332408156486,19.347301444753832,19.141064121729865,19.24612808227539,2863800
2014-06-12,19.15274448701415,19.28115504231208,19.055463178541945,19.129396438598633,2327800
2014-06-13,19.187756950510302,19.27336345301731,19.06712764936706,19.121604919433594,2007000
2014-06-16,19.032105885393314,19.148843101976553,18.915368668810075,19.01654052734375,3125600
2014-06-17,18.97373721902467,19.230559698525525,18.97373721902467,19.199430465698242,1927600
2014-06-18,19.218888308839066,19.23834426681576,18.930936568237367,19.148845672607422,2611800
2014-06-19,19.19165037028427,19.19165037028427,19.02043585569679,19.141063690185547,5523000
2014-06-20,19.187750776509937,19.246118625202783,19.125490847267955,19.20720672607422,4442600
2014-06-23,19.207226883950284,19.327854788483414,19.11772823451122,19.253921508789062,2010600
2014-06-24,19.2500157087608,19.29671029672959,18.950389257538873,18.973735809326172,3522000
2014-06-25,18.942609506015415,19.028217500849035,18.821980193694813,19.00486946105957,1678800
2014-06-26,19.00098031954987,19.01654419620793,18.68967903607618,18.849220275878906,1918200
2014-06-27,18.783067357016005,18.950391256312862,18.744153959275838,18.934825897216797,1669000
2014-06-30,18.93093463028956,19.028215894608838,18.899803913198127,18.993194580078125,1828400
2014-07-01,19.11382453000609,19.471820394521213,18.96206597824214,19.366756439208984,3517800
2014-07-02,19.316169226428855,19.40566781898453,19.261691951342303,19.30060386657715,1600400
2014-07-03,19.33562553335808,19.43679888982751,19.331734935522075,19.390104293823242,995000
2014-07-07,19.405669322127213,19.436800044241973,19.21888944262224,19.24612808227539,3276000
2014-07-08,19.24612454188793,19.285037937373136,19.106039286929708,19.18386459350586,2176200
2014-07-09,19.211103886601204,19.320059913299946,19.14106125672141,19.3161678314209,2013400
2014-07-10,19.043777744761503,19.316165552784597,18.930932618284135,19.172189712524414,2252400
2014-07-11,19.144955476519417,19.18775947560303,18.985414242731526,19.0982608795166,2477800
2014-07-14,19.218888712140085,19.2616927112237,19.05545688043299,19.0982608795166,2073600
2014-07-15,19.12938668955859,19.156625323297398,18.77139236933755,18.911476135253906,2918200
2014-07-16,19.00097935333466,19.109933906373307,18.958175354813918,18.9698486328125,2400000
2014-07-17,18.899811500570312,19.012658168737858,18.732487540017026,18.736379623413086,1814800
2014-07-18,18.83364531137635,19.008750324748377,18.814187879318432,18.88812255859375,2392400
2014-07-21,18.802528289350477,18.96985223292581,18.802528289350477,18.892026901245117,1460600
2014-07-22,19.004866161397533,19.08658205988136,18.91536758433513,19.020431518554688,2044800
2014-07-23,18.911473790360294,18.919256468234128,18.308330356881427,18.33167839050293,3365400
2014-07-24,18.36670412430808,18.4912240315052,18.33168280763424,18.362812042236328,2794400
2014-07-25,18.21494551423223,18.2733133855477,17.654604449479724,17.860841751098633,6479800
2014-07-28,17.891974717807813,17.96590796398744,17.615696209858232,17.95034408569336,3715400
2014-07-29,17.981472525577928,18.164361818036305,17.946451203285786,17.997037887573242,3221200
2014-07-30,18.082645894152844,18.137123176741817,17.919212561991298,17.997037887573242,2383400
2014-07-31,18.28888510601376,18.28888510601376,17.425026653659508,17.518417358398438,7424000
2014-08-01,18.347240715440055,18.347240715440055,17.77133452306345,17.915311813354492,5949800
2014-08-04,17.888082931780115,18.02038553706199,17.72075900497084,17.993146896362305,3306400
2014-08-05,17.93866991611384,18.109885942576444,17.868627266087277,17.981473922729492,2800600
2014-08-06,17.90753407332641,18.21883380070136,17.899751394592762,18.15268325805664,3919000
2014-08-07,18.105991166729975,18.249968528368353,17.68184473104875,17.732431411743164,4030600
2014-08-08,17.810255283199538,17.92310191388004,17.712974012142773,17.888080596923828,2786600
2014-08-11,17.98146992303279,18.156576509149485,17.891971331105236,18.004817962646484,1865000
2014-08-12,17.997030547386924,18.148789053959145,17.938661205908062,18.125442504882812,2294000
2014-08-13,18.14489905071999,18.29665756225586,18.09042178856804,18.29665756225586,2062200
2014-08-14,18.362809831093298,18.37059250990527,18.21883398405731,18.32000732421875,2009000
2014-08-15,18.41339583725052,18.553481082026632,18.23050660274902,18.432851791381836,1625800
2014-08-18,18.428966280126513,18.460095518448476,18.1877091166517,18.300554275512695,4244200
2014-08-19,18.32642918199754,18.475423458934554,18.302903061352424,18.44797706604004,2540200
2014-08-20,18.42445467826827,18.679314285479823,18.408770595933785,18.659709930419922,2943600
2014-08-21,18.702840225062005,18.749890975886366,18.57344879064951,18.738128662109375,2338400
2014-08-22,18.663638549402638,18.812634406777416,18.577379049421104,18.730295181274414,2066400
2014-08-25,18.820469677113977,18.820469677113977,18.65579128538317,18.706762313842773,2165200
2014-08-26,18.769495636314197,18.82046815637164,18.6910767198527,18.74989128112793,1271400
2014-08-27,18.76558325608395,18.796949938431045,18.557774311418637,18.687164306640625,1439200
2014-08-28,18.604817075311036,18.851836136239886,18.569528638035486,18.828310012817383,1791600
2014-08-29,18.934175819180822,19.16551080387018,18.9145714636749,19.145906448364258,4268800
2014-09-02,19.165514841453522,19.212565603723167,18.992992886936868,19.126304626464844,4049000
2014-09-03,19.091011321582844,19.149825881237362,19.02043444828398,19.043960571289062,2228400
2014-09-04,19.075328109511922,19.208639810734546,19.000829470298015,19.06356430053711,1858000
2014-09-05,19.102778434192047,19.153749465942383,19.000833379258083,19.153749465942383,1369200
2014-09-08,19.1066969381547,19.2478506960893,19.067488225713536,19.2007999420166,2338200
2014-09-09,19.208644331572238,19.220406647599024,19.03612238602368,19.059648513793945,1475200
2014-09-10,19.00475045204719,19.020433037170715,18.785177807438846,18.934173583984375,2557200
2014-09-11,18.879280222528568,19.040038306956184,18.83222798144032,18.96946144104004,1398200
2014-09-12,18.961619524350517,18.996907957538415,18.640103353401333,18.69107437133789,1944000
2014-09-15,18.749891670664482,18.79694242323231,18.522478453489597,18.549924850463867,1796400
2014-09-16,18.45190479225809,18.87144435707942,18.432298937531506,18.843997955322266,2108000
2014-09-17,18.87536065618497,19.114537674607504,18.800863509346968,18.981225967407227,2614800
2014-09-18,19.043956821568067,19.3262642591777,18.98906404108088,19.28705406188965,2168200
2014-09-19,19.36939782571133,19.36939782571133,18.973382996213445,18.98906707763672,2790000
2014-09-22,19.000835221853777,19.024361351208427,18.753817594355496,18.820472717285156,2383000
2014-09-23,18.781259910163385,18.94201801981008,18.62050180051669,18.624422073364258,4094400
2014-09-24,18.67539979198639,18.81263181558952,18.620506982545137,18.73421287536621,1619400
2014-09-25,18.730285020966143,18.75773141457875,18.400926801898567,18.56560516357422,2472200
2014-09-26,18.640102999976648,18.734204489549345,18.522475390152675,18.66362762451172,1580800
2014-09-29,18.49895905249902,18.722452078066752,18.49895905249902,18.63227081298828,3006400
2014-09-30,18.61265576116109,18.734203637641645,18.408767215403476,18.518552780151367,5166000
2014-10-01,18.487191534940134,18.53032052250495,17.99707512622716,18.063730239868164,6033000
2014-10-02,18.07549739363937,18.181362745746235,17.738298470582706,18.146074295043945,5362600
2014-10-03,18.2127289938777,18.3421189689416,18.07549547980268,18.08725929260254,4249800
2014-10-06,18.23624548020907,18.271533911408373,17.902967015550455,18.0284366607666,3367400
2014-10-07,17.871600330955328,18.036278679213083,17.61281750532259,17.61673927307129,4211400
2014-10-08,17.581453497444688,18.173513381051166,17.530480979025683,18.114700317382812,4756200
2014-10-09,18.099016170476524,18.153908961323143,17.836314529791604,17.855918884277344,5231400
2014-10-10,15.80135487781908,16.10326680634383,15.299476085319121,15.66804313659668,27492800
2014-10-13,15.593540433860898,15.707247774823465,14.94658631735165,15.170079231262207,12524800
2014-10-14,15.319075689540737,15.54649038161651,14.85640576044259,14.9818754196167,13544600
2014-10-15,14.687802510351878,15.056370864758124,14.527044450147876,14.793667793273926,9553800
2014-10-16,14.495684106909797,15.620991018733017,14.476078253008533,15.366129875183105,12413600
2014-10-17,15.542568404370204,15.691564183528998,15.025005693309447,15.052452087402344,7293600
2014-10-20,14.989715815222242,15.350442167546866,14.899534601070124,15.338678359985352,7313600
2014-10-21,15.522969707892543,15.942509308453138,15.475918943117415,15.91506290435791,7921600
2014-10-22,15.977790036520691,16.009158195026924,15.668036201994187,15.671957969665527,4278800
2014-10-23,15.766063153373189,16.017002497443304,15.7543008390313,15.817035675048828,3882000
2014-10-24,15.797427665009298,16.13854816346499,15.797427665009298,16.09149742126465,3510000
2014-10-27,16.056213750505876,16.17776166186564,15.89153386041159,16.142473220825195,6338800
2014-10-28,16.181673850087147,16.42869279111867,16.087570897788957,16.42085075378418,3748600
2014-10-29,16.350278256120806,16.573771144508537,16.158152029686327,16.554166793823242,8774800
2014-10-30,16.42085886215346,16.42085886215346,15.864085902204199,16.11110496520996,7155200
2014-10-31,17.699087879925415,17.699087879925415,16.679646096510282,16.903139114379883,14865000
2014-11-03,16.899206569707363,17.134463251378175,16.83255148211603,16.942337036132812,4412000
2014-11-04,16.93057774825543,17.048205362233517,16.703163064943702,16.812950134277344,3113200
2014-11-05,16.8756919616586,17.103105243587454,16.773746890397796,17.09134292602539,2559400
2014-11-06,17.134461842460507,17.24816915446577,16.922731295081572,17.05996322631836,3736000
2014-11-07,17.071724223696958,17.08740829774884,16.74628641784069,16.914886474609375,4179800
2014-11-10,16.94626253244496,17.110940899707106,16.867843621298846,17.052127838134766,2645200
2014-11-11,17.099182020626987,17.11878637842165,16.94626593582535,17.009000778198242,2319400
2014-11-12,16.9619485246311,17.083497936104607,16.863925239941167,17.009000778198242,7514200
2014-11-13,17.075651074432407,17.146227939146964,16.79334511129039,16.816869735717773,3275600
2014-11-14,16.78158695976797,17.009001710659852,16.707089797777545,17.00115966796875,2865200
2014-11-17,16.98940158286521,17.118791580200195,16.863930364276655,17.118791580200195,3272600
2014-11-18,17.091334592240145,17.338353610614405,17.056046161043824,17.26385498046875,7633200
2014-11-19,17.234992731932795,17.31800646054627,17.009672985572475,17.057109832763672,2960600
2014-11-20,17.009677670033355,17.2231390173542,16.918759283124697,17.09269142150879,2609000
2014-11-21,17.35754152493738,17.38916610041969,17.108503270813824,17.30615234375,2971200
2014-11-24,17.393117354750817,17.49194188517554,17.23895132855908,17.41683578491211,3422800
2014-11-25,17.507757048369562,17.55124009017127,17.35754331522082,17.440555572509766,3326400
2014-11-26,17.41683742970397,17.82399405096277,17.41683742970397,17.808181762695312,2872600
2014-11-28,17.867478077915017,17.899101148256086,17.673781305782978,17.847713470458984,1501800
2014-12-01,17.80818169111277,18.01373691393505,17.650063332902192,17.681686401367188,3818400
2014-12-02,17.661924839958317,17.673783304184212,17.401028071387206,17.650066375732422,5265000
2014-12-03,17.764701824373432,18.48019215994971,17.76074950558818,18.41694450378418,6389000
2014-12-04,18.428803941252408,18.428803941252408,18.120471789656253,18.191625595092773,3162600
2014-12-05,18.21138901094697,18.314167393363633,18.128376746032544,18.298355102539062,2428400
2014-12-08,18.258828489133805,18.310217691919963,17.79633018788856,17.903060913085938,3200000
2014-12-09,17.780510717983933,18.00187822623695,17.709356929900565,17.950489044189453,9757800
2014-12-10,17.942584137252084,17.970254889198646,17.49589677191878,17.582862854003906,4452800
2014-12-11,18.195572118985506,18.195572118985506,17.63029568246515,17.66587257385254,2715600
2014-12-12,17.503802566300465,17.62634554242866,17.270576584600256,17.2745304107666,2694000
2014-12-15,17.42079320989767,17.73307917949907,17.037353436894854,17.049213409423828,4342400
2014-12-16,17.037355422973633,17.499855198997334,16.989920051157426,17.037355422973633,3674800
2014-12-17,17.03735219584716,17.306155098462565,16.871327671966288,17.278484344482422,4860600
2014-12-18,17.657964954555382,17.95443852202294,17.440551306667682,17.851661682128906,4467600
2014-12-19,17.871426696328573,17.982111189464668,17.681683789735725,17.899097442626953,5818000
2014-12-22,17.96630622694026,18.11651998803418,17.81214014673951,18.041412353515625,2450600
2014-12-23,18.211391040030524,18.393227880943915,18.080943396051172,18.1007080078125,3471200
2014-12-24,18.17186688766664,18.262785333495625,18.033511550840554,18.1204776763916,1104200
2014-12-26,18.128373772328626,18.215339849655162,18.05721998323288,18.06907844543457,965000
2014-12-29,17.997930819805994,18.128379980468665,17.93073083372643,17.99397850036621,1791200
2014-12-30,17.90305794839588,18.00978865591899,17.863527218974465,17.87538719177246,2422400
2014-12-31,17.986067602760045,18.10070443949712,17.823995405558385,17.83190155029297,2249000
2015-01-02,17.930728741344996,18.025599476262308,17.55914742374662,17.737031936645508,1968600
2015-01-05,17.654016030800946,17.701451388490394,17.3298716553612,17.34173011779785,2004000
2015-01-06,17.298253395162753,17.408937947447804,16.91481505957481,17.005733489990234,2809600
2015-01-07,17.171755000113627,17.20337958312148,16.9029520763193,17.100601196289062,2087200
2015-01-08,17.20337699477165,17.65006436092063,17.191518531899433,17.64611053466797,3038200
2015-01-09,17.73307429086755,17.76469735702642,17.46427144277503,17.59867286682129,2050400
2015-01-12,17.487991559511205,17.567049986502397,17.22314100367363,17.404977798461914,2125400
2015-01-13,17.744931540544123,17.993969766789956,17.2547627389806,17.381258010864258,4722400
2015-01-14,17.282436352867762,17.855617488964835,17.219188706432224,17.792369842529297,6163200
2015-01-15,18.045364656235666,18.116518457693687,17.551241872745567,17.57495880126953,3416200
2015-01-16,17.51171252895501,17.78051546504802,17.452418695017048,17.725173950195312,3386800
2015-01-20,17.87538642144577,17.950492542195107,17.677737306685668,17.891197204589844,2652000
2015-01-21,17.863525374031184,18.298354305098805,17.780513112734422,18.250917434692383,3010800
2015-01-22,18.42880172187513,18.448566330350992,17.993974303634275,18.397178649902344,3582000
2015-01-23,18.44066187872765,18.44066187872765,18.195575905745223,18.389272689819336,2265600
2015-01-26,18.302305425642395,18.503908341815848,18.1876685915785,18.496002197265625,1977600
2015-01-27,18.28649716790087,18.385321734650738,18.04141266458529,18.1007080078125,3433200
2015-01-28,18.243010600087644,18.464376603547475,18.061172301319175,18.06907844543457,4229800
2015-01-29,17.99792866259491,18.298356174082468,16.800175459440158,18.12442398071289,3875400
2015-01-30,18.49600647481093,18.713420222422915,17.80423450008165,17.827951431274414,6774200
2015-02-02,17.859574352027636,17.94654044614327,17.436605361826658,17.69750213623047,5274000
2015-02-03,17.80027894633302,18.045364936469152,17.717266679323888,18.02164649963379,5434400
2015-02-04,17.922819259812623,18.448565046818818,17.922819259812623,18.314165115356445,7229400
2015-02-05,18.77271545957285,19.436815164229934,18.77271545957285,19.385427474975586,36340800
2015-02-06,19.385424343866813,19.55935501128594,19.12452758876663,19.227304458618164,55782000
2015-02-09,19.07313596312141,19.258926578360864,18.867580741736706,18.926876068115234,6856400
2015-02-10,19.073132049005125,19.3340287172334,18.911059899165476,19.32217025756836,7348000
2015-02-11,19.32217587223068,19.393329666781852,19.17986828312834,19.318222045898438,5018800
2015-02-12,19.56725894078266,19.776766483263483,19.3379852839266,19.757001876831055,8938000
2015-02-13,20.36180861638265,20.42901009120562,19.776767490129068,20.045570373535156,7701400
2015-02-17,19.958603573514623,20.172063421168207,19.836060608351698,20.1246280670166,6692000
2015-02-18,20.02975808440706,20.08905341466598,19.891404324393434,20.045570373535156,4364800
2015-02-19,20.056326950175624,20.135947446538353,19.9050481589499,20.11604118347168,5048400
2015-02-20,20.028457853332927,20.275279998779297,19.901065680287417,20.275279998779297,6270800
2015-02-23,20.1518611907959,20.219539113530253,20.040393457626337,20.1518611907959,3811200
2015-02-24,20.19565499925259,20.549964496297243,20.143901465941322,20.514135360717773,5594600
2015-02-25,20.450444195405296,20.51812214268734,20.315089819475723,20.442481994628906,4398200
2015-02-26,20.49422615834058,20.52607494686613,20.33100491373169,20.490245819091797,4049200
2015-02-27,20.458400945757663,20.569868689661394,20.323046605888514,20.410629272460938,3278200
2015-03-02,20.54597594261002,20.876398710965372,20.50218462567091,20.864456176757812,3866400
2015-03-03,20.701244453186924,20.77290272855408,20.37878221403472,20.474327087402344,5262600
2015-03-04,20.41461360160741,20.51812068571601,20.243430093656922,20.494234085083008,4692000
2015-03-05,20.569873476017605,20.593760077541145,20.13594493809851,20.255374908447266,8892000
2015-03-06,20.11603822566,20.37480442113188,20.10409568448372,20.20362091064453,5102200
2015-03-09,20.295176912458494,20.47034070317017,20.19565172074265,20.434513092041016,3657800
2015-03-10,20.18371241630361,20.263332886155002,19.717933654785156,19.717933654785156,5781800
2015-03-11,19.630351715579906,19.757743854767316,19.427319449689037,19.514902114868164,11333600
2015-03-12,19.343722990039893,19.8134821783462,19.339742649198236,19.781633377075195,8082400
2015-03-13,19.80551219320363,19.865227912797476,19.41537364278965,19.71394920349121,6241000
2015-03-16,19.88513517252558,20.116032845776893,19.78560997298204,20.076223373413086,4282800
2015-03-17,20.016513024915465,20.016513024915465,19.66618532180137,19.797557830810547,4005600
2015-03-18,19.73385934098718,20.03641684245087,19.4233411587893,19.988643646240234,4780600
2015-03-19,19.96077901398371,20.12400032330925,19.809500245773513,20.02447509765625,4221000
2015-03-20,20.163811199144295,20.394708931531014,20.04039937339496,20.251392364501953,8357600
2015-03-23,20.303146140837136,20.390728825839062,20.05234214564445,20.056324005126953,3662000
2015-03-24,20.080203826355618,20.19167308314369,19.741818753454268,19.753761291503906,8547800
2015-03-25,19.757746177509762,19.83736665352069,19.128746087521158,19.144670486450195,5894800
2015-03-26,18.97348111604565,19.29594326059689,18.66694336548964,19.19243621826172,5123600
2015-03-27,19.14864966720299,19.702011106717915,19.080973253804533,19.59054183959961,3420600
2015-03-30,19.630352234809337,19.972717668784878,19.582579042374874,19.861249923706055,4107400
2015-03-31,19.765700465521764,19.797547731998336,19.439258011310223,19.467124938964844,5884000
2015-04-01,19.427320682074292,19.455187619374666,19.053106439302002,19.23225212097168,4341800
2015-04-02,19.26011476241423,19.407411615095942,19.132722643559692,19.18049430847168,2643400
2015-04-06,19.05708707313836,19.30789103134036,18.78239803610183,19.23623275756836,3137600
2015-04-07,19.276044084119754,19.570639406628402,19.20040546282973,19.479076385498047,3355400
2015-04-08,19.391489224959724,19.522863215339328,19.299926224983338,19.47509002685547,4104600
2015-04-09,19.391489139628025,19.70200878887065,19.391489139628025,19.666179656982422,2815400
2015-04-10,19.745801699675212,19.9488339851232,19.642296146103035,19.90504264831543,3719800
2015-04-13,19.920965928837916,19.96475726318789,19.63433284482656,19.717933654785156,4025000
2015-04-14,19.63035082972674,19.67812250010772,19.399451638722976,19.427318572998047,3993000
2015-04-15,19.46314995164345,20.004567340558445,19.395473537346177,19.948833465576172,3675600
2015-04-16,19.79755387758938,20.05233816302715,19.76968694128426,20.008546829223633,3493200
2015-04-17,19.805512499142274,19.837361288386656,19.48305034189529,19.586557388305664,3405200
2015-04-20,19.72589787061641,19.841347487774005,19.622392312270012,19.749784469604492,1912200
2015-04-21,19.853285461510545,19.865229517574495,19.491013812672538,19.598501205444336,4745400
2015-04-22,19.69006171759898,19.69006171759898,19.355657044056628,19.626365661621094,3316200
2015-04-23,19.144662429011838,19.46314268038208,19.04115691680412,19.335750579833984,4558200
2015-04-24,19.236230528975987,19.24419272720978,18.71869979285166,18.842111587524414,5078000
2015-04-27,18.885901994581097,19.096896457835815,18.790358650034953,18.850072860717773,2884000
2015-04-28,18.846095300227443,19.120784354601533,18.738607882785153,19.0849552154541,3689600
2015-04-29,18.905809477362197,19.100878037676477,18.85405594317029,18.957561492919922,2794400
2015-04-30,18.88590897164958,19.057092505722434,18.842119141758424,18.973491668701172,5315000
2015-05-01,19.144665291032087,19.403431388185908,19.05310229998959,19.34371566772461,2894600
2015-05-04,19.455187473225568,19.487036269120566,19.367606321782677,19.44324493408203,3228800
2015-05-05,19.34372202484742,19.4352850459812,18.91775420022602,18.925716400146484,3498600
2015-05-06,19.009312302645494,19.073008366893294,18.603249323578037,18.754528045654297,4274800
2015-05-07,18.802302223324393,19.09689750893005,18.802302223324393,18.873960494995117,3170800
2015-05-08,19.108840624959104,19.901061977401252,19.04514455028794,19.494998931884766,8235200
2015-05-11,19.494987951295194,19.709961133079926,19.32778490031445,19.662189483642578,4676600
2015-05-12,19.57461957385498,19.658221912958872,19.27604391334858,19.54277229309082,4157800
2015-05-13,19.662204037514417,19.89310329819996,19.41538189431929,19.769691467285156,3021800
2015-05-14,19.82143848740229,19.956792815305636,19.70200855540145,19.84532356262207,3334800
2015-05-15,19.893093879140785,19.920960808631122,19.542764813018856,19.610441207885742,4158400
2015-05-18,19.590538749687852,19.654234812865795,19.435279690606237,19.49897575378418,4114200
2015-05-19,19.550310632963438,19.618485340859145,19.309692037099406,19.377866744995117,3770200
2015-05-20,19.446049848469066,19.6585964008527,19.353811106678464,19.522245407104492,3374400
2015-05-21,19.530261498028104,19.530261498028104,19.22547627775894,19.405941009521484,6848800
2015-05-22,19.321717026931886,19.478119222858265,19.317705851243094,19.409944534301758,1868200
2015-05-26,19.31369937819223,19.377864431416167,19.08912092700067,19.15328598022461,2683000
2015-05-27,19.173338848154767,19.50218493794031,19.117193087861036,19.450050354003906,4940600
2015-05-28,19.42999792997177,19.64254437006394,19.405935462675966,19.602441787719727,2743400
2015-05-29,19.626512113354252,19.823018532394975,19.558337384795262,19.702709197998047,3866200
2015-06-01,19.75082965197046,19.85108767050838,19.58239691513841,19.686664581298828,2882600
2015-06-02,19.51822624475324,19.554319185093508,19.33375189626548,19.365835189819336,3037000
2015-06-03,19.462082563138267,19.522237975351,19.237505621150852,19.257556915283203,1680000
2015-06-04,19.117192406925973,19.401926255347828,18.90464596202481,18.972822189331055,3735600
2015-06-05,18.9046460477472,19.07708991017874,18.83647134994731,19.032976150512695,2197200
2015-06-08,18.99688676150406,19.077093473166403,18.65601014920883,18.712154388427734,2702800
2015-06-09,18.407368487109736,18.932719401633207,17.749674755108188,18.784337997436523,3018400
2015-06-10,18.8485005894675,19.093130309973606,18.828449299058803,19.05302619934082,2058000
2015-06-11,19.073081810832882,19.149277337462987,19.016936047730276,19.10516357421875,2472200
2015-06-12,19.024955907268488,19.097141783499442,18.91266744638281,18.992874145507812,2648000
2015-06-15,18.808399714061853,19.18135956277942,18.760274776938882,19.089120864868164,3297600
2015-06-16,19.000890049439505,19.213436446753416,18.996878874123123,19.145261764526367,2580400
2015-06-17,19.209428787231445,19.293645119800495,19.093129168074967,19.209428787231445,4373800
2015-06-18,19.293649380330184,19.690670195722472,19.277607733494065,19.654577255249023,5171600
2015-06-19,19.714730589067752,19.97941161471752,19.566349196004445,19.91925621032715,9706400
2015-06-22,20.019519921468195,20.24810960561748,19.939314732437197,20.216026306152344,4764800
2015-06-23,20.2801906649082,20.33633490718969,20.09571628889306,20.13180923461914,4317600
2015-06-24,20.13582234000713,20.139833517896587,19.8350482505753,19.843069076538086,3547000
2015-06-25,19.911242947643704,20.003480140444744,19.78291280724087,19.786922454833984,4497200
2015-06-26,19.72275780196519,19.814994996717964,19.365839495803943,19.417972564697266,4225800
2015-06-29,19.16531988158684,19.32172211872945,18.896627642796034,18.9287109375,3795600
2015-06-30,19.11719331900743,19.289637188884328,18.948760625536355,19.020946502685547,3660200
2015-07-01,19.209431293706835,19.23349223197161,18.603872183784915,18.704130172729492,4928400
2015-07-02,18.788347121144984,18.8244400595196,18.435440090166022,18.660017013549805,3978200
2015-07-06,18.459496034600722,18.459496034600722,18.11460839007445,18.355228424072266,5610400
2015-07-07,18.495589156650766,18.495589156650766,17.902062180952814,18.31512451171875,4973000
2015-07-08,18.122633207588404,18.238932839845102,17.749673372982777,17.922117233276367,5936800
2015-07-09,18.182791212476545,18.327162979401052,17.713582969971892,17.717594146728516,3523400
2015-07-10,17.898056359892337,18.10659315750566,17.88201471473389,17.986282348632812,3433000
2015-07-13,18.070505755822303,18.138680473904458,17.922122787380058,18.026391983032227,2955200
2015-07-14,18.094564230515424,18.19883341193087,18.02237834486342,18.134668350219727,3214800
2015-07-15,18.086543537955244,18.16675024813073,17.89805952833097,18.03441047668457,2950800
2015-07-16,18.062481624272966,18.395337388347134,17.66947044834874,17.849933624267578,5633000
2015-07-17,17.76972688535068,17.81785029270881,17.59327184201165,17.781757354736328,4512400
2015-07-20,17.857949721247362,17.882012185581743,17.569207798311155,17.641393661499023,4124600
2015-07-21,17.641401693872808,17.886029975152923,17.529111672333777,17.565204620361328,5164400
2015-07-22,17.05589387207533,17.192244840461704,16.71501721601738,16.879440307617188,11137200
2015-07-23,16.991730237831582,17.489010732193606,16.899493035211226,17.11203956604004,6638800
2015-07-24,17.13208441579837,17.300517090874344,16.40621607699072,16.79120635986328,7461200
2015-07-27,16.698967475110617,16.8513600200188,16.502462707821998,16.755111694335938,5364600
2015-07-28,16.546573666129905,17.1962463727733,16.49845027187247,17.10801887512207,5149800
2015-07-29,17.08396342485284,17.248386491713717,17.019798362902637,17.15213966369629,5000000
2015-07-30,17.1320869440408,17.284477997365453,17.06792188742631,17.208282470703125,7370000
2015-07-31,17.224321963924545,17.232342786225544,17.120052803826972,17.180208206176758,3512000
2015-08-03,16.919545582764336,17.180217087954013,16.84735967455231,17.160165786743164,5954200
2015-08-04,16.879442980342642,17.164175435058844,16.61877147515297,17.160165786743164,14268000
2015-08-05,17.296507792898286,17.713579842831468,17.272445326053603,17.57723045349121,9822400
2015-08-06,17.593270994027257,17.593270994027257,17.200259871611767,17.336610794067383,5171200
2015-08-07,17.292495254940075,17.484990385090864,17.18822763312247,17.468950271606445,4256200
2015-08-10,17.645410048198126,17.89806066587304,17.58926580645167,17.8138427734375,3699400
2015-08-11,17.641399942340946,17.661451238184128,17.432863099977066,17.53312110900879,5421000
2015-08-12,17.340624524468716,17.677491468990063,17.188231934614475,17.58525276184082,4760000
2015-08-13,17.5531723255089,17.581244445525627,17.356665955576005,17.400779724121094,3315200
2015-08-14,17.336613340805776,17.400778400221554,17.087973926796597,17.360675811767578,3614200
2015-08-17,17.288488331774335,17.480983492241048,17.164167871345278,17.452911376953125,3455800
2015-08-18,17.380731697552918,17.44489677391952,17.18021564268028,17.21630859375,4235400
2015-08-19,17.216306830031634,17.30854402224591,16.899491128633073,17.11604881286621,4911400
2015-08-20,16.899485452640352,17.059898838153714,16.65084608192852,16.654855728149414,4720600
2015-08-21,16.590699394395067,16.783194640232566,16.362111194349524,16.37815284729004,6405800
2015-08-24,15.239218965907213,16.727047608317584,15.146981771533586,16.097427368164062,10347600
2015-08-25,16.58267288618488,16.658869946636727,15.868836402893066,15.868836402893066,7894600
2015-08-26,16.27387746750832,16.53053767392675,15.969092325024809,16.478403091430664,9333200
2015-08-27,16.775169076912576,17.140108130990498,16.694962371988886,17.136096954345703,5745400
2015-08-28,17.043855761573315,17.368692151527394,17.02380447252276,17.340620040893555,4735200
2015-08-31,17.252394368363586,17.33661070922287,17.035836752026466,17.04385757446289,4151600
2015-09-01,16.622775195136885,16.74308447823897,16.10544359500084,16.177629470825195,6894000
2015-09-02,16.378145102684996,16.490433560539184,16.129505718944078,16.478403091430664,7566400
2015-09-03,16.558610018814658,16.783186937648175,16.49845461280395,16.73907470703125,5024200
2015-09-04,16.482409093259243,16.63079198525946,16.38215112668269,16.442306518554688,3791600
2015-09-08,17.452916180305746,18.046443470881258,17.095997876429983,17.990299224853516,11262600
2015-09-09,18.20374383229821,18.494810191079626,17.900550222608377,17.936933517456055,11532400
2015-09-10,17.880335180770047,18.04203903402703,17.532672975753094,17.868207931518555,6696400
2015-09-11,17.72672633113217,18.050134213824588,17.637790551302523,17.742897033691406,5936000
2015-09-14,17.807574141579817,17.916724045170326,17.694382334355314,17.755020141601562,5370200
2015-09-15,17.856078324650895,17.928844901081035,17.698417923092972,17.791397094726562,6048800
2015-09-16,17.775226878517802,17.799481374459436,17.67011892236383,17.7509708404541,5973400
2015-09-17,17.74288397372586,17.787352601970298,17.419477871205334,17.51650047302246,6366600
2015-09-18,17.306293353862284,17.512464348473316,17.180972762080625,17.302249908447266,5048400
2015-09-21,17.46395047256893,17.532673610310983,17.20522553169154,17.273948669433594,2482000
2015-09-22,16.995016527836427,17.33459350608867,16.881823173670494,16.974803924560547,2679600
2015-09-23,16.946501013434975,17.096077640195688,16.675648791465115,16.716073989868164,3902800
2015-09-24,16.566493743957984,16.7807500045633,16.206704347046422,16.68777084350586,3061800
2015-09-25,16.817142399908896,16.95863371114089,16.58267341936758,16.728206634521484,1895000
2015-09-28,16.76862976168143,16.873737756083784,16.505862859920814,16.517990112304688,5433600
2015-09-29,16.57458012695518,16.885859011955088,16.46947371200089,16.84543228149414,3887600
2015-09-30,17.055652112180372,17.447783041481454,16.849481118271886,17.419485092163086,3994200
2015-10-01,17.41948366115343,17.488206806103126,16.809054536132017,17.05565071105957,5092400
2015-10-02,16.821181282875706,17.540760271355737,16.716073303944803,17.536718368530273,5392400
2015-10-05,17.666084113969085,18.39779048829284,17.662040668273846,18.223960876464844,5914400
2015-10-06,18.14714685550339,18.385659209242714,17.997571782110974,18.337148666381836,4444800
2015-10-07,18.393742033874148,18.71714817879256,18.240123536742097,18.587785720825195,3773400
2015-10-08,18.551405532530673,18.878855176411427,18.434170303498036,18.858642578125,4246000
2015-10-09,18.798000074694524,19.040554297519147,18.652466924150897,18.705020904541016,2410000
2015-10-12,18.63225979839495,18.814176289972423,18.494811953883374,18.709068298339844,2810800
2015-10-13,18.603959843182956,18.680768334847315,18.50289530788239,18.62013053894043,3341400
2015-10-14,18.583747957302265,19.473114668359784,18.583747957302265,19.12545394897461,7240800
2015-10-15,19.295243459883945,19.553968457911992,19.0850290134555,19.133541107177734,5378400
2015-10-16,19.141619700242348,19.16991764281125,18.87076752361938,18.975873947143555,3632400
2015-10-19,18.951619418244572,19.20225899864317,18.91119268455305,19.093109130859375,2901200
2015-10-20,19.0001346411038,19.22651977922576,18.97992204033565,19.16183853149414,2346000
2015-10-21,19.27502995784543,19.501415091602386,19.036517572285934,19.064815521240234,4100600
2015-10-22,19.376092126121744,19.796520947782586,19.210346355945003,19.752052307128906,7051200
2015-10-23,19.96631260837831,20.030993859850295,19.64290635101839,19.853120803833008,4584400
2015-10-26,19.812698145562408,20.051210598722882,19.54993118192246,19.61056900024414,3202000
2015-10-27,19.45694293245602,19.909711576097916,19.319495115728017,19.37609100341797,4337600
2015-10-28,19.3882215308871,19.646946513852203,19.21439039380945,19.63077735900879,3787400
2015-10-29,19.416521874621065,19.497373827301704,19.080988352862107,19.15779685974121,3854800
2015-10-30,19.1658798042659,19.574179877991217,19.1658798042659,19.52162742614746,5110200
2015-11-02,19.48523980181641,19.788433362398234,19.44077116619152,19.764177322387695,3358800
2015-11-03,19.776312735382838,19.804612231472152,19.553971007593567,19.73588752746582,2809200
2015-11-04,19.7075847570963,19.85715984038151,19.57417882775256,19.804607391357422,4368000
2015-11-05,20.11184468879244,20.148227987100285,19.129497176603223,19.368009567260742,5380800
2015-11-06,19.234603563652904,19.47311439229113,19.16183697310744,19.343751907348633,5911000
2015-11-09,19.218429401662824,19.355877209892267,18.967788282930073,19.331621170043945,5819400
2015-11-10,19.206305266011732,19.23460475708859,18.975878229028115,19.064815521240234,3222400
2015-11-11,19.089068036462507,19.250770351705732,19.032472149021263,19.040555953979492,2144800
2015-11-12,18.91524213200438,19.157796442642734,18.73736753155507,18.745452880859375,3755400
2015-11-13,18.737370912938047,18.983968713791427,18.4058792422534,18.450347900390625,3070000
2015-11-16,17.791402628605116,18.587791772733397,17.791402628605116,18.575664520263672,3523600
2015-11-17,18.535242652048183,18.721202644207672,18.446306873665524,18.628223419189453,2866000
2015-11-18,18.61151064297249,19.177841384245188,18.607435448934353,19.141172409057617,3342200
2015-11-19,19.1778403507312,19.38563171700638,18.91708389866365,19.222658157348633,2284000
2015-11-20,19.29192369135001,19.397856986669705,19.16154544651906,19.304147720336914,2172000
2015-11-23,19.348963301464465,19.348963301464465,18.917084443885702,18.986347198486328,2395200
2015-11-24,18.93745251807069,19.263398036907457,18.591135695724905,19.243026733398438,3159800
2015-11-25,19.22672816211245,19.320437397219003,19.10042515377485,19.210432052612305,2184000
2015-11-27,19.21451553885515,19.475272075264098,19.100434942734122,19.43045425415039,1441800
2015-11-30,19.438591615314266,19.772685924646538,19.418220314351203,19.670827865600586,4334000
2015-12-01,19.780840286263633,19.833806926960676,19.524157470519114,19.75639533996582,3369200
2015-12-02,19.593427977267147,19.719732605280434,18.94561027348829,19.010799407958984,6016600
2015-12-03,19.169695222416856,19.320444783986748,18.770411633736565,18.91708755493164,3651200
2015-12-04,18.941528591348302,19.348960897381573,18.803001545127756,19.300067901611328,5700200
2015-12-07,19.24710841114069,19.344891322620132,18.965979043616738,19.018945693969727,2878400
2015-12-08,18.811146413369457,18.884484343397585,18.640025612790968,18.827444076538086,3355800
2015-12-09,18.745962043166667,18.855968965955594,18.46076063693364,18.542245864868164,3536200
2015-12-10,18.530026969763604,18.6074385729424,18.334459587339747,18.477060317993164,3040200
2015-12-11,18.28556099572636,18.50557324371534,18.1633316236812,18.187776565551758,4328200
2015-12-14,18.26111659770016,18.32630570722941,17.99221132661314,18.175556182861328,3360200
2015-12-15,18.293709799173364,18.86411405256971,18.293709799173364,18.770404815673828,6661200
2015-12-16,18.9007895507368,19.271552987542897,18.672628392229246,19.194141387939453,6480800
2015-12-17,19.37340604264566,19.51600828377984,18.92115592956543,18.92115592956543,4716200
2015-12-18,18.758189327906834,18.876345104851957,18.550397919592122,18.778560638427734,12320400
2015-12-21,18.823373356658546,19.100427456563093,18.823373356658546,19.08820343017578,3813200
2015-12-22,19.177837638933884,19.25524921399803,19.047459431335934,19.21858024597168,2290800
2015-12-23,19.287847702148913,19.37748331739039,19.177840780051945,19.275625228881836,1829400
2015-12-24,19.210442292378346,19.393785667271096,19.210442292378346,19.255258560180664,742200
2015-12-28,19.198213859472656,19.377485106507667,18.957828686228538,19.36526107788086,3586000
2015-12-29,19.45081537542472,19.69934773057175,19.365253425771492,19.60563850402832,2085200
2015-12-30,19.560822452508297,19.630086746090143,19.393775285227168,19.450817108154297,1993800
2015-12-31,19.414150838877674,19.495636060203015,18.96190071105957,18.96190071105957,2316200
2016-01-04,18.603365409311316,18.77856148530854,18.44039180933157,18.73374366760254,4940400
2016-01-05,18.733741924574492,18.868195365182657,18.513728051341836,18.59521484375,3602800
2016-01-06,18.236668700837015,18.472980176160164,18.13481062786618,18.305932998657227,3655800
2016-01-07,17.922947249574385,18.216297443602457,17.271054648357982,17.381061553955078,6741000
2016-01-08,17.519597743697897,17.519597743697897,16.88807767075977,16.920671463012695,5630600
2016-01-11,17.071415095812014,17.173273177399842,16.729171879507682,16.9084415435791,5237600
2016-01-12,17.108084389078602,17.193644806205942,16.835103917089587,17.051042556762695,4182800
2016-01-13,17.16105296974408,17.874059699531013,16.81066084242892,16.83103370666504,10078200
2016-01-14,16.892146491192722,17.324025383471888,16.704727965087717,17.12845802307129,8390600
2016-01-15,16.69250202883432,16.831029074667292,16.150616317295334,16.509157180786133,8426800
2016-01-19,17.185496539483655,17.971841094387106,16.680279744792685,16.98992919921875,10197000
2016-01-20,17.4503278338544,17.75997572778275,16.92473974327434,17.45847511291504,17610600
2016-01-21,17.64996788153971,18.094069170080306,17.450326916200815,17.768123626708984,9032000
2016-01-22,18.045179375962878,18.15111110440118,17.26290844616282,17.576631546020508,8170600
2016-01-25,17.52774198466594,17.86591006750407,17.348472288698964,17.6010799407959,5421400
2016-01-26,17.564408453353707,18.248894909955165,17.564408453353707,18.028881072998047,7372600
2016-01-27,17.95554418442924,18.163335560754458,17.572558321210405,17.65404510498047,5817000
2016-01-28,17.796642812444986,17.87405438915677,17.376988044946533,17.58477783203125,4733600
2016-01-29,17.64589532436425,18.29778645108434,17.64589532436425,18.257043838500977,8056200
2016-02-01,18.114443009167385,18.338530504443522,17.894429153777214,18.10222053527832,5097600
2016-02-02,17.792576617760353,17.878138624403388,17.572564247878457,17.59293556213379,4798800
2016-02-03,17.13660292438304,17.609224325438664,17.022520824658674,17.242534637451172,11816000
2016-02-04,17.291427201993127,17.845535409097558,16.51323152842966,17.413658142089844,12037800
2016-02-05,17.372916431542606,17.80479531379174,17.136606459383362,17.20179557800293,6776800
2016-02-08,17.01844858481615,17.112157834066412,16.615089894865804,16.794361114501953,7051400
2016-02-09,16.680275492914166,17.132525531972245,16.631384058868353,16.810653686523438,5366600
2016-02-10,16.839177842804688,17.01029866417393,16.39507657000193,16.407299041748047,6194200
2016-02-11,16.166917985683643,16.293222590998663,15.893937465610865,16.154695510864258,5916200
2016-02-12,16.297296794681966,16.521384314762575,16.04061393498095,16.464344024658203,3494000
2016-02-16,16.7169464006504,17.14067635626206,16.62731235351663,16.961406707763672,7717200
2016-02-17,17.018447061929937,17.40143285775509,17.018447061929937,17.381061553955078,4534600
2016-02-18,17.429963353316786,17.561449673086962,17.21630180631723,17.24917221069336,4026200
2016-02-19,17.236843078357527,17.508030529959022,17.134120535062692,17.40941619873047,4065600
2016-02-22,17.536793632738203,17.836743286736667,17.495705240242625,17.697040557861328,4462400
2016-02-23,17.581990612415304,17.795653687228064,17.3354555718983,17.36421775817871,3168400
2016-02-24,17.072490433604145,18.083280123315472,17.064272440099742,17.94768714904785,7820200
2016-02-25,18.025751039480365,18.046295234177446,17.701149001454684,18.0010986328125,3551200
2016-02-26,18.09560046638069,18.469510396464983,18.021640122634672,18.44074821472168,5156400
2016-02-29,18.358568963185217,18.564014003894613,18.181886102781437,18.280500411987305,5782800
2016-03-01,18.32569707793691,18.600994248652626,18.112035614071427,18.5804500579834,5898400
2016-03-02,18.448974787024483,18.83931931152898,18.399666823308944,18.79412269592285,5001600
2016-03-03,18.814657710155963,18.966686605490068,18.69139099590071,18.95025062561035,3314600
2016-03-04,18.979019968052274,19.44332638661273,18.859862987516042,19.24199104309082,5843000
2016-03-07,19.254313570923365,19.677529943435946,19.233769375956836,19.60767936706543,5683600
2016-03-08,19.426888006598002,19.595352924619217,19.143374335027193,19.176244735717773,4634600
2016-03-09,19.32416193708869,19.52138900756836,19.205004992942783,19.52138900756836,4826800
2016-03-10,19.541933070531087,19.64054581349641,19.126933205573273,19.352922439575195,4080800
2016-03-11,19.55836781894847,20.014456073411672,19.44742887306079,19.97336769104004,4398000
2016-03-14,19.96925999426717,19.973369773385592,19.64054819875993,19.76381492614746,3293400
2016-03-15,19.607685158028218,19.759714126586914,19.431002207775382,19.759714126586914,3935000
2016-03-16,19.714506010733096,19.85010049059868,19.472080798863548,19.735050201416016,4504200
2016-03-17,19.722725466093305,19.92406231155842,19.537824601364402,19.8994083404541,5398600
2016-03-18,19.911738495016404,20.23634212559807,19.796689741867137,20.178817749023438,9760800
2016-03-21,20.088419604574877,20.129509560890696,19.809014171313564,20.030895233154297,4321600
2016-03-22,19.90762583466895,20.096634906160578,19.776141126899002,19.850101470947266,3659600
2016-03-23,19.87476186833288,19.948722242130565,19.677534727346377,19.706296920776367,2743200
2016-03-24,19.546044421107176,19.83366784122488,19.447431662303217,19.77203369140625,2366400
2016-03-28,19.866541805123738,19.887087570366358,19.702186655135527,19.726839065551758,3327600
2016-03-29,19.644655717915025,20.100742400037547,19.562477386636818,20.055545806884766,3482200
2016-03-30,20.150057081921474,20.33084821729329,20.035006752665023,20.06787872314453,3446400
2016-03-31,20.067874374913682,20.067874374913682,19.79257716777455,19.80490493774414,5576600
2016-04-01,19.685752943787158,19.858327673743766,19.533723981446386,19.83778190612793,4260200
2016-04-04,19.79669164988252,19.9733745763458,19.6569889072702,19.878870010375977,4596600
2016-04-05,19.72272789502581,20.252776583385806,19.677529726145586,19.98980712890625,7538200
2016-04-06,19.94871851995236,20.100747452204498,19.525502123516187,19.985698699951172,10016800
2016-04-07,19.92406125196672,19.92406125196672,19.640546085319702,19.673418045043945,4689400
2016-04-08,19.80491026576563,20.055553567816446,19.767930080751217,19.90763282775879,3774600
2016-04-11,20.04321825317877,20.182920947622573,19.874753377592537,19.887081146240234,4019000
2016-04-12,19.96104526308795,20.002133653226604,19.698074236967088,19.84599494934082,2935400
2016-04-13,19.87886835812741,20.236342394027062,19.85421438180195,20.224016189575195,2329800
2016-04-14,20.1788178727221,20.32262881504026,19.993916970154665,20.24456024169922,3399200
2016-04-15,20.207578345662146,20.215796337014336,19.977479290065645,20.035003662109375,5224200
2016-04-18,19.998028876600806,20.154167619547305,19.932286495479435,20.0925350189209,4485000
2016-04-19,20.166488967408725,20.252775521243045,19.89119175658587,19.936389923095703,4135600
2016-04-20,19.911740722723874,20.429463304661315,19.86243433263236,20.376047134399414,4529800
2016-04-21,20.326736809682668,20.544508093903136,20.281538641088627,20.310300827026367,3861800
2016-04-22,20.289759141429776,20.766391725451413,20.2856493615467,20.425352096557617,4192600
2016-04-25,20.41713284539652,20.499311196351847,20.33906427407088,20.367826461791992,3122600
2016-04-26,20.445896728497424,20.82391654726878,20.396590340804394,20.577383041381836,5386400
2016-04-27,20.400696189727,20.758170174607283,20.265101690421876,20.6842098236084,4662800
2016-04-28,20.54451087697281,20.807480365410576,20.29797737341785,20.34317398071289,6003000
2016-04-29,20.273322294232738,20.273322294232738,19.776145534212926,19.96515464782715,4633200
2016-05-02,20.07609049516458,20.310297726285302,19.874753656916614,20.27742576599121,3427400
2016-05-03,20.162379815411242,20.18703378902574,19.956934737555066,20.05143928527832,4238400
2016-05-04,19.936389866127595,20.096636770625285,19.829557551514803,19.895299911499023,3930400
2016-05-05,20.063769361376384,20.063769361376384,19.39401789172433,19.64876937866211,5598600
2016-05-06,19.500845909023738,19.70218276977539,19.340599003232377,19.70218276977539,4984600
2016-05-09,19.673419900810824,19.800794838204098,19.517281212234938,19.546043395996094,2958000
2016-05-10,19.644663060234446,19.87065238014851,19.53783071941711,19.86243438720703,3092400
2016-05-11,19.747381058537147,20.063766660289495,19.685746909426637,19.854211807250977,2353800
2016-05-12,19.882972170395117,19.9939126881761,19.39401350380905,19.447429656982422,4623600
2016-05-13,19.45564729685653,19.640548171390908,19.303618385537813,19.377578735351562,5068200
2016-05-16,19.373470967200614,19.86653788735202,19.32416302124826,19.70218276977539,3340200
2016-05-17,19.73094617874626,19.809014746882323,19.56658948355058,19.63233184814453,3036200
2016-05-18,19.537830506711025,20.022681113026554,19.537830506711025,19.858325958251953,3471000
2016-05-19,19.672041404888493,19.883167415010103,19.514730868822546,19.721717834472656,2317800
2016-05-20,19.83762045864704,20.292992510880612,19.83762045864704,20.21019744873047,3498200
2016-05-23,20.164662258808068,20.462723882998,20.148102928756487,20.22675895690918,2741200
2016-05-24,20.305409098310843,20.748360818523256,20.29712943504149,20.682125091552734,4044200
2016-05-25,20.752510010089825,20.94293760637453,20.71939134333512,20.769067764282227,4073400
2016-05-26,20.727665896768023,21.005029135269314,20.727665896768023,20.97191047668457,3529800
2016-05-27,21.013312758276477,21.133365558506327,20.909819291702807,21.10852813720703,2989400
2016-05-31,21.16647600220062,21.419000215199038,20.839436395885148,21.394161224365234,5199600
2016-06-01,21.269975154955496,21.43556373420822,21.174761366568607,21.406585693359375,2831600
2016-06-02,21.336207331636544,21.50179588317614,21.311368338272572,21.410722732543945,3316400
2016-06-03,21.40244351487833,21.52249628320026,21.249273667230945,21.447980880737305,3536400
2016-06-06,21.44383975489124,21.60942988518071,21.41486171896826,21.42728042602539,3695600
2016-06-07,21.489372988716774,21.915765360346438,21.47695428404693,21.861949920654297,4210600
2016-06-08,21.899210426410807,22.010981941162907,21.750179634495453,21.93646812438965,3323200
2016-06-09,21.849540807860738,21.857820474935203,21.476965264619952,21.845401763916016,3136200
2016-06-10,21.667388472503607,21.808139625834812,21.543196649960706,21.630130767822266,5738200
2016-06-13,21.53077472009254,21.704644521739052,21.460399938386878,21.489377975463867,2865600
2016-06-14,21.381741289337736,21.646684192929726,21.30308527914468,21.609426498413086,3341400
2016-06-15,21.667389536154868,21.7170659517737,21.439704253785038,21.568035125732422,3140600
2016-06-16,21.46039675797583,21.57630888910571,21.20373350510923,21.547330856323242,3765600
2016-06-17,21.510076732856383,21.510076732856383,21.112662292242018,21.199596405029297,7348800
2016-06-20,21.46454061658893,21.650829139980708,21.34862845944947,21.472820281982422,3527600
2016-06-21,21.53905438485519,21.59701045900917,21.398303242259285,21.489377975463867,2794000
2016-06-22,21.468678081115208,21.630127584579395,21.29894891347536,21.356904983520508,2999200
2016-06-23,21.481098986564028,21.882654054671594,21.423142910586574,21.874374389648438,3023000
2016-06-24,20.988470920825076,21.390024412794872,20.76906374400824,20.89325714111328,6314000
2016-06-27,20.65314784936212,20.698685209492503,19.7920833658231,19.9245548248291,6462200
2016-06-28,20.197785176755882,20.50826557434378,20.12326975499999,20.43375015258789,3953200
2016-06-29,20.557935986849518,20.706966786800674,20.44202384430284,20.574495315551758,5473000
2016-06-30,20.607613472084928,21.03400752296433,20.491701323473038,21.013307571411133,6714400
2016-07-01,20.942936875905247,20.99675391791208,20.71525157705541,20.872560501098633,2901800
2016-07-05,20.76493116474491,20.76493116474491,20.44203202180322,20.63245964050293,4295000
2016-07-06,20.533103701641572,20.58278170397732,20.27230129571146,20.487567901611328,5027200
2016-07-07,20.562072789882393,21.53905096832242,20.562072789882393,20.864274978637695,3915600
2016-07-08,21.05884648741612,21.497659278162892,21.017449739633367,21.472820281982422,3122000
2016-07-11,21.775015563483716,21.775015563483716,21.49351332664123,21.67152214050293,4399000
2016-07-12,21.80813974368399,22.031685972980057,21.80813974368399,21.98200798034668,3653800
2016-07-13,22.081359414956825,22.234529257002677,21.998564350894245,22.04410171508789,3557200
2016-07-14,22.271786842416468,22.37114123461788,22.097918630044607,22.193132400512695,3028000
2016-07-15,22.23453752366979,22.342171620724205,22.102066003591343,22.259376525878906,11689800
2016-07-18,22.602965718941483,22.631943754594694,22.300765076283383,22.37114143371582,3109400
2016-07-19,22.26765197327226,22.33388772075895,22.126900812464953,22.234533309936523,2682200
2016-07-20,22.333885108329394,22.569850029848578,22.20555267169184,22.49533462524414,2981200
2016-07-21,22.416675565290532,22.491190954562505,22.20140906063642,22.27178382873535,3437000
2016-07-22,22.317326693445484,22.445659135343725,22.07722271924337,22.424959182739258,3231800
2016-07-25,22.222111694455087,22.573988760860658,22.222111694455087,22.46635627746582,3468200
2016-07-26,22.665066653751428,24.316822891030515,22.482918741387625,23.737258911132812,12398200
2016-07-27,23.820054812620747,23.820054812620747,23.331565561648016,23.629627227783203,6445200
2016-07-28,23.596506426274566,23.724838871836237,23.302585409442845,23.46817398071289,3337600
2016-07-29,23.530267570530075,23.571664313077534,23.033498764038086,23.033498764038086,7444000
2016-08-01,23.199091804397607,23.281886879068928,23.00038457269726,23.103878021240234,4318200
2016-08-02,23.008663922388173,23.07903870842315,22.56571051585194,22.760278701782227,3626000
2016-08-03,22.731300628593775,22.925868814230228,22.694042924518385,22.905170440673828,3169600
2016-08-04,22.934150321626273,23.112159191041915,22.913450367222516,23.07904052734375,3575200
2016-08-05,23.170113539685875,23.418497182098264,23.116296504795475,23.414358139038086,4005000
2016-08-08,23.430914292764783,23.65032146042571,23.397797212987495,23.443334579467773,3906400
2016-08-09,24.685250419977383,25.65394887234592,24.61487407479979,25.099224090576172,16461000
2016-08-10,25.090946655065395,25.1902994604858,24.912937834570766,24.983312606811523,7084400
2016-08-11,24.991600156014446,25.194448031460578,24.90466602904533,25.157190322875977,5149200
2016-08-12,25.467669261888943,25.467669261888943,24.958481659469207,25.0495548248291,2941200
2016-08-15,25.161325637633603,25.364173483018718,25.057832193478568,25.33933448791504,4751200
2016-08-16,25.20686523488799,25.368314769378014,25.082673406756026,25.18202781677246,2795200
2016-08-17,25.153046773823927,25.252401178218836,24.962619209517094,25.23170280456543,2234600
2016-08-18,25.314990294082627,25.53569951848978,25.194224210001607,25.498220443725586,3473600
2016-08-19,25.523199189153857,25.743908345817868,25.423254490936575,25.527362823486328,3411400
2016-08-22,25.381622539037842,25.539867716307743,25.369128453616693,25.514881134033203,2469600
2016-08-23,25.63979695401275,25.781384332929363,25.556509980197053,25.56900405883789,3481800
2016-08-24,25.464905300504142,25.589835013853985,25.35246808191904,25.410768508911133,2914800
2016-08-25,25.41909441781672,25.66479018059877,25.360793997591706,25.456573486328125,3540800
2016-08-26,25.49405420574825,25.91881648019461,25.481560123057164,25.643970489501953,3074000
2016-08-29,25.681450095391963,25.818873896385142,25.635643750295113,25.652299880981445,2232800
2016-08-30,25.723092246482263,25.918816459959846,25.506546679959012,25.581504821777344,3032600
2016-08-31,25.63981131497305,25.81471421680651,25.464910001707374,25.78139877319336,4529400
2016-09-01,25.860515777399304,26.152019500732422,25.63564292894689,26.152019500732422,6825400
2016-09-02,26.127031741746258,26.23530372481556,25.931307538949742,26.10620880126953,3732000
2016-09-06,26.156190865547508,26.281120608144377,25.739757331179366,25.931316375732422,5510400
2016-09-07,25.602325230796183,25.760570367529674,25.215042041870774,25.310821533203125,10122200
2016-09-08,25.30248788099277,25.381611228653185,25.110928934619132,25.260845184326172,3503400
2016-09-09,25.0526328213247,25.14424867598723,24.286395315824624,24.36968231201172,5893600
2016-09-12,24.311388189717697,24.98184637929996,24.215608675287047,24.927709579467773,3907200
2016-09-13,24.811098317280322,24.96934183733902,24.5154294486084,24.623703002929688,4871400
2016-09-14,24.602882769193247,24.802770584035855,24.402993365783498,24.740304946899414,2819800
2016-09-15,24.76945765213785,25.35662866388601,24.706993597268564,25.169233322143555,5869400
2016-09-16,25.156735926332022,25.294159679684412,24.82775323367053,25.115093231201172,6765400
2016-09-19,25.290001321651626,25.52320460795837,25.110934824563262,25.231700897216797,2464600
2016-09-20,25.314985922476456,25.335807274068163,25.015153376140535,25.069290161132812,2975000
2016-09-21,25.202546554772752,25.473227279370292,25.119259566986138,25.45240592956543,2848800
2016-09-22,25.631481684060994,25.75224778067898,25.223377043466716,25.477401733398438,3381600
2016-09-23,25.50238829058482,25.544031005242005,25.235869515648506,25.252527236938477,1968800
2016-09-26,25.194226581657862,25.298334955962233,25.027652547343777,25.181734085083008,1912200
2016-09-27,25.115100869433167,25.56484815018214,24.986005933558822,25.53569793701172,3059400
2016-09-28,25.57317388083191,25.727253787106488,25.43575169106466,25.673118591308594,2670000
2016-09-29,25.67312264959698,25.977118875357263,25.356632340197553,25.806381225585938,3943600
2016-09-30,25.864681882259553,26.122870176945668,25.75640829545833,25.877174377441406,5265200
2016-10-03,25.843858369324213,25.997938288448196,25.673120732303737,25.743913650512695,2433600
2016-10-04,25.727256934579476,25.902159802169475,25.452410932853027,25.53569793701172,2563400
2016-10-05,25.677284090571813,26.06873092551317,25.61065480827185,25.86884307861328,2803800
2016-10-06,25.86884513933254,26.068733002155547,25.73142292864001,26.060405731201172,3033800
2016-10-07,26.0687315592465,26.0687315592465,25.618984289930204,25.84385871887207,2369400
2016-10-10,25.943804339676465,26.052077929289105,25.498220662854855,25.531536102294922,2724800
2016-10-11,25.444087631774238,25.56901895958693,24.602893312860456,24.856916427612305,4868600
2016-10-12,24.78195472357716,24.815270163182596,24.348865128679684,24.5695743560791,5796800
2016-10-13,24.373852725474702,24.373852725474702,23.953255581182013,24.323881149291992,4045400
2016-10-14,24.477958485731754,24.87773581815899,24.353028764346565,24.5695743560791,4057600
2016-10-17,24.527928111729196,24.740308448632458,24.427983395878186,24.44464111328125,2694800
2016-10-18,24.7403047282381,24.83192057161058,24.482116501585892,24.511266708374023,3481000
2016-10-19,24.452971605827038,25.09844310693341,24.328040305524055,24.990169525146484,6165200
2016-10-20,24.906886304354142,25.019323531393674,24.61121733462755,24.86524200439453,2602400
2016-10-21,24.740303377993847,24.84441170757446,24.4821151654327,24.777782440185547,2008200
2016-10-24,24.956859832596322,25.27751381887343,24.956859832596322,25.252527236938477,2318600
2016-10-25,25.2608475620666,25.477393099963322,25.231697353942735,25.36495590209961,3309000
2016-10-26,25.20671134889065,25.30249083325289,25.031810096203227,25.21504020690918,3104000
2016-10-27,25.29833217752726,25.57734182750773,25.044307517952475,25.135923385620117,3226200
2016-10-28,25.17756067082347,25.410763925293914,25.02348077177066,25.110931396484375,2126000
2016-10-31,25.273340624471654,25.489886167251726,25.20671134889065,25.21504020690918,4822000
2016-11-01,25.31915672674168,25.35663580564625,24.777793489228394,25.06096839904785,3987200
2016-11-02,25.07762589373061,25.2691849225919,24.894394136934817,24.927709579467773,4126200
2016-11-03,24.977675495113793,25.0609624940068,24.727816087002147,24.831924438476562,2423400
2016-11-04,24.7861177436069,25.202551170236248,24.756967530828245,25.077621459960938,4218400
2016-11-07,25.452408641058565,25.95629425599224,25.360794374443895,25.914649963378906,6885200
2016-11-08,27.163956434192837,27.322200007790038,26.314430192194287,26.63508415222168,10176600
2016-11-09,25.906328277080664,26.951577276828527,25.631482224010252,26.780838012695312,6642400
2016-11-10,26.876613024094265,27.24307328605392,25.86467969710034,26.00210189819336,10097000
2016-11-11,26.00210251446246,26.322756442702453,25.885501663672443,26.297771453857422,4819400
2016-11-14,26.5184860170886,26.57262281813287,26.276953819020136,26.45602035522461,4827600
2016-11-15,26.497658307077476,27.176445209765927,26.42686380136524,27.147294998168945,4592400
2016-11-16,26.972388522335084,27.372167361496842,26.859952908100837,27.338851928710938,3663400
2016-11-17,27.34764819414651,27.594704104935502,27.146656695415327,27.40627098083496,3157400
2016-11-18,27.284838563704817,27.40626918911918,26.907975534843853,27.037782669067383,6136800
2016-11-21,27.17597296260852,27.473275204048555,27.058727368204316,27.301591873168945,5826400
2016-11-22,27.29321139604432,27.494206072789652,27.150839501120124,27.456518173217773,4657800
2016-11-23,27.427207054218208,27.686824515358502,27.335084626242555,27.682636260986328,3424600
2016-11-25,27.619826898832574,27.741260725372054,27.569577427425887,27.670076370239258,1251800
2016-11-28,27.62820141215213,27.975749848158316,27.485829517469618,27.594701766967773,4067200
2016-11-29,27.53608208246067,27.77476149051698,27.423021565922102,27.649139404296875,3885000
2016-11-30,27.64076974939862,27.954821811831,27.44396327912188,27.71195411682129,6499600
2016-12-01,27.77476056135167,27.799883699874286,25.446587749638528,25.639205932617188,17624800
2016-12-02,25.622457402573804,26.254749709841036,25.480087086802147,25.98257064819336,5464800
2016-12-05,26.26730137301952,26.677662340805128,26.124931110942832,26.476669311523438,5873600
2016-12-06,26.472487593965223,26.673480660741678,26.371990261901548,26.585546493530273,4300400
2016-12-07,26.59810759084635,27.046153329767634,26.397114527622932,27.008468627929688,3257200
2016-12-08,27.03358814248113,27.33089024218695,26.87865790718027,27.297393798828125,3643400
2016-12-09,27.351836072312267,27.368585896093006,26.857727452238226,27.021034240722656,2911400
2016-12-12,26.954037758532493,27.041971936109235,26.359431801546958,26.63579750061035,3341000
2016-12-13,26.874475876450273,27.385334293700577,26.803291525115938,27.25971221923828,2651200
2016-12-14,27.20109307008772,27.46908388301844,27.175969929719994,27.238780975341797,3201600
2016-12-15,27.351835286833513,27.758009716420986,27.175966934239597,27.565391540527344,6317800
2016-12-16,27.716137551463355,27.73707243516261,26.97497302400118,27.021034240722656,5762600
2016-12-19,27.03778386676137,27.42302022679427,27.000099159556985,27.222028732299805,2013400
2016-12-20,27.368588946173542,27.54445732341755,27.22203196513687,27.34346580505371,2216600
2016-12-21,27.410460092226685,27.51514409954257,27.11734614962316,27.289026260375977,2086000
2016-12-22,27.439769886713943,27.439769886713943,27.146655961199325,27.3769588470459,2381600
2016-12-23,27.263894499396386,27.393701605115055,27.167583837452582,27.38532829284668,1040600
2016-12-27,27.368578473608565,27.66169232352213,27.347640400885584,27.38532829284668,1796200
2016-12-28,27.431400369661095,27.49421141802418,27.075475355207136,27.079660415649414,1687400
2016-12-29,27.071282687609504,27.217839646767057,26.970786943430337,27.11734390258789,2484000
2016-12-30,27.23878056913581,27.23878056913581,26.719547178812327,26.86191749572754,2012800
2017-01-03,27.012666875971835,27.20947335536619,26.451558837185626,26.736299514770508,5107400
2017-01-04,26.82841216734828,26.853535302023708,26.568796325813263,26.72372817993164,4460600
2017-01-05,26.606484419749098,26.72791823670716,26.04956480240067,26.20868492126465,5424800
2017-01-06,26.27569065009797,26.769799382939727,26.179381537405288,26.665115356445312,2737200
2017-01-09,26.635794757496996,27.142464887374782,26.635794757496996,26.9749698638916,3907400
2017-01-10,26.974970792158633,27.20946511098529,26.849351916249816,27.155027389526367,2316600
2017-01-11,27.088032380399945,27.85013175905387,27.00847151951067,27.837570190429688,6496600
2017-01-12,27.787320721230866,27.900378033550595,27.414645943437044,27.837570190429688,4881800
2017-01-13,27.89619086073688,27.929687309630054,27.732884091588453,27.778942108154297,2763600
2017-01-17,27.644950642497548,27.69101186028667,27.083845908997013,27.196903228759766,2971800
2017-01-18,27.305769897516836,27.90875066532771,27.230397301540478,27.84593963623047,6319400
2017-01-19,27.76220032388729,28.134875138461105,27.469083183352353,27.506771087646484,3190600
2017-01-20,27.61983029947732,28.042754617124288,27.573769077025542,28.026004791259766,3904200
2017-01-23,27.938065866029024,28.13905735293022,27.791508907933967,28.067873001098633,3516400
2017-01-24,28.197676569922947,28.45729400192965,28.0804310182753,28.432170867919922,3504800
2017-01-25,28.64154875639687,28.901163083611983,28.57873770491803,28.81741714477539,4255800
2017-01-26,28.867662964755684,28.867662964755684,28.298181707703815,28.319116592407227,5307800
2017-01-27,28.45309818990395,28.800649693324733,28.402851935231627,28.79227638244629,2840800
2017-01-30,28.746229508687517,28.930471192119274,28.377739752419153,28.917909622192383,3304200
2017-01-31,28.8215987230589,28.834160291503988,27.99250006396077,28.201868057250977,4797400
2017-02-01,28.352617634418507,28.691792813478397,28.210248910512764,28.645734786987305,3876000
2017-02-02,28.402863171571827,28.821599164566717,28.23955638987999,28.800661087036133,3521000
2017-02-03,28.984909366095994,29.1984656422368,28.67923064947474,29.072843551635742,3699000
2017-02-06,28.955604496654686,29.072850103798054,28.8216090606761,28.963977813720703,4488200
2017-02-07,29.010029071653932,29.164962539091352,28.90534507344808,29.152400970458984,4644400
2017-02-08,32.03330349461404,32.03330349461404,30.576100831935225,30.90271759033203,23618800
2017-02-09,30.190865258612703,30.777096303330868,29.571137761538036,29.700944900512695,60882200
2017-02-10,29.53763409119069,29.738625556761576,29.211020563611683,29.688379287719727,35279600
2017-02-13,29.747009172823688,29.952188941409958,29.48320661321277,29.587890625,14991800
2017-02-14,29.57532676943861,29.86425567316036,29.386896820308625,29.638137817382812,10793800
2017-02-15,29.71350574991543,30.17411470436012,29.613010005875267,30.107118606567383,11276800
2017-02-16,30.111746793747958,30.19591530818722,29.867653606721884,30.179080963134766,6523000
2017-02-17,30.10754333071131,30.1748775133512,29.905534361144348,30.166461944580078,4589800
2017-02-21,30.254825544423248,30.52416856913802,30.195906958443278,30.503128051757812,7802000
2017-02-22,30.515752568038554,30.77667681341287,30.402121574686063,30.738801956176758,8645800
2017-02-23,30.738810747466783,30.764060659512324,30.44421452670248,30.599929809570312,8552400
2017-02-24,30.40213568965066,30.684107004660852,30.23379542074906,30.65043830871582,5587200
2017-02-27,30.599937493764855,30.785112124127497,30.477890870191644,30.77669334411621,6677200
2017-02-28,30.696728971258413,30.81456618475815,30.343214119935944,30.519969940185547,11334800
2017-03-01,30.822988901575197,31.058666594060853,30.397933598696007,30.991329193115234,11052800
2017-03-02,30.852449103247533,31.071292451820142,30.616774614776197,30.7261962890625,6169400
2017-03-03,30.772486933269377,30.87769920685175,30.59993726339887,30.84823989868164,4747200
2017-03-06,30.667260514135126,31.22698711118832,30.562048289082842,31.109149932861328,7180000
2017-03-07,31.07970606370552,31.344843057355874,30.89032524894717,31.075496673583984,8834400
2017-03-08,31.193328976863157,31.40795965466437,30.886107794682427,30.945026397705078,7071800
2017-03-09,30.902946512366942,30.98290886099276,30.730396857084596,30.92399024963379,3430600
2017-03-10,31.189123507082996,31.30696072793579,31.03761759146556,31.12178611755371,3061800
2017-03-13,31.17648710773425,31.38691155655402,31.088109224528623,31.353242874145508,3232800
2017-03-14,31.273286197646726,31.273286197646726,31.020777455676377,31.138614654541016,3572000
2017-03-15,31.214367321086307,31.416376239362823,31.00815222490401,31.361663818359375,4494800
2017-03-16,31.458468340690125,31.52159634407363,31.079703531212743,31.193334579467773,3393600
2017-03-17,31.34484336473719,31.504764871860857,31.201752996616925,31.260671615600586,6808800
2017-03-20,31.311162903227753,31.471084350277867,31.23120057429134,31.290119171142578,2861200
2017-03-21,31.407966293776237,31.487928647990973,30.397931050841834,30.44422149658203,5158600
2017-03-22,30.515765807334592,31.012367819532514,30.44842841749323,30.932405471801758,4473200
2017-03-23,30.881899700672296,30.881899700672296,30.503138154164425,30.61676597595215,3572800
2017-03-24,30.970278045601436,31.19753690320448,30.700934927884475,30.785106658935547,4031400
2017-03-27,30.553650990166165,30.898747202484028,30.25063905528715,30.646238327026367,3799400
2017-03-28,30.642018597051948,31.15966434628116,30.55785007057371,30.932405471801758,4062400
2017-03-29,30.780896967382738,31.092324342155138,30.726187750854255,31.008155822753906,5091400
2017-03-30,30.987114853863964,31.298545467262507,30.93240563245132,31.092327117919922,2651800
2017-03-31,31.02078597722542,31.28171356840571,30.72198350921546,31.05024528503418,4746200
2017-04-03,31.117569629747855,31.33640965157064,30.494711826245116,30.810348510742188,4203400
2017-04-04,31.041827084277056,31.395338748011387,30.822983778402353,30.911361694335938,4397800
2017-04-05,30.94503594766035,31.340635156461033,30.642024060989534,30.73040199279785,3890800
2017-04-06,30.679886881992527,31.06285772921319,30.351625238425544,30.940811157226562,4130000
2017-04-07,30.95766243072272,31.25225876206676,30.835615791986157,31.168087005615234,4978000
2017-04-10,31.168074799527233,31.298540168228005,30.83981310498112,30.8945255279541,3816600
2017-04-11,30.738807476078218,30.776682340115684,30.04861545982138,30.578886032104492,7022000
2017-04-12,30.56626930666254,30.595728615547213,30.179088901085763,30.3642635345459,6462800
2017-04-13,30.309540933916875,30.675680688002615,30.263250501895843,30.402128219604492,5444000
2017-04-17,30.532605599221554,30.797739394646495,30.452643237232298,30.73040199279785,2862200
2017-04-18,30.553634250383244,31.27328559602468,30.536799906466022,31.197532653808594,4660800
2017-04-19,31.37009297043653,31.744648420583935,31.340633661239224,31.504764556884766,6558200
2017-04-20,31.778308007138744,31.967688767553945,31.626802114477396,31.828807830810547,6418400
2017-04-21,31.462670530052883,31.563673385857214,31.08811519607321,31.323789596557617,5927800
2017-04-24,31.76568366448937,32.02660798735901,31.60996837990814,31.96347999572754,3223800
2017-04-25,31.984519280054847,32.32119971470025,31.883516433990263,32.29174041748047,5482400
2017-04-26,32.29175024177807,32.32541572682678,31.879316744401663,32.04765701293945,4638400
2017-04-27,32.21599855156485,32.54005093234614,32.17812046450935,32.300167083740234,4140800
2017-04-28,32.28753159407526,32.28753159407526,31.736220503247967,31.807764053344727,4434800
2017-05-01,31.95085473933572,32.0939450664107,31.58471817079508,32.05186080932617,2480400
2017-05-02,32.02660370787036,32.04764743920993,31.61417354452452,31.85405731201172,4387800
2017-05-03,31.786729130333914,31.88352582732949,31.55105468314265,31.66889190673828,4904200
2017-05-04,31.70676983817077,31.83723524329371,31.492139107709136,31.56789207458496,4613800
2017-05-05,31.719389390744404,31.719389390744404,31.37429334891627,31.635217666625977,4296000
2017-05-08,31.702559685074096,31.912984209927913,31.504760117979753,31.75726890563965,4429000
2017-05-09,31.757268577764144,32.186536402095115,31.639431358794354,32.17390823364258,7676600
2017-05-10,33.6216297451078,33.752091920806315,32.68734435711919,33.04085922241211,13076600
2017-05-11,32.99035208573181,33.482744633680525,32.81359628044093,33.2639045715332,7412000
2017-05-12,33.247066497802734,33.360694299653524,33.087145055355016,33.247066497802734,3844600
2017-05-15,33.27232500486369,33.72684275136459,33.23445013140034,33.722633361816406,4538800
2017-05-16,33.634257012100015,34.39599601461275,33.54587909241428,34.35390853881836,5177800
2017-05-17,34.0466864375052,34.18135799577819,32.927226500567095,32.96931076049805,5799200
2017-05-18,32.990350554423294,33.56270541140844,32.775716680348154,33.39015579223633,5232600
2017-05-19,33.60239880564203,33.99980795529448,33.55589296490499,33.89834213256836,3533400
2017-05-22,33.94483760517172,34.380298321301765,33.898331778639445,34.2915153503418,3380000
2017-05-23,34.35915947583364,34.64242312817509,34.092810552569944,34.392982482910156,3845000
2017-05-24,34.46908084683407,34.58745813991762,34.27883208659825,34.524044036865234,3742400
2017-05-25,34.667797002675094,34.8199973451203,34.4902310116691,34.570556640625,4767000
2017-05-26,34.4521678092892,34.57900246082199,34.2703731957131,34.540950775146484,3613200
2017-05-30,34.591689791532296,35.03137922183068,34.5409552791957,34.88340759277344,4985400
2017-05-31,35.128617206697086,35.51334667729348,34.87072563284657,35.217403411865234,5153000
2017-06-01,35.35270588533812,35.50490625939062,35.183594000219685,35.272377014160156,4030800
2017-06-02,35.40342690688863,35.77969904854612,35.04406627138361,35.6570930480957,4600400
2017-06-05,35.74588489749062,36.16866294133774,35.68669622939526,35.728973388671875,5237000
2017-06-06,35.64864615724822,36.18980156201591,35.327333926089665,36.01646423339844,6482600
2017-06-07,36.17289020060096,36.574531297579576,36.071424368176544,36.485748291015625,5534600
2017-06-08,36.604114910608736,36.73940372272451,36.20670261384501,36.72249221801758,3471800
2017-06-09,36.887382149027076,36.98884797041179,34.54942022059639,35.29351043701172,8614800
2017-06-12,34.59592101656211,35.1328476030424,33.949071258043546,35.124393463134766,8241600
2017-06-13,35.35691337387586,35.72473129515025,34.688926766749184,35.31463623046875,6534400
2017-06-14,35.471083915264956,35.55563824666991,34.40568127653298,34.794639587402344,4520000
2017-06-15,34.27038238582401,34.60014869759397,34.12241073638108,34.486000061035156,4930200
2017-06-16,34.58747492650026,34.74390398287539,34.147785320549886,34.34226608276367,8133600
2017-06-19,34.65088714581562,35.10748819490274,34.587469795852336,34.92569351196289,4948200
2017-06-20,34.967967348714105,35.02292732650711,33.93638801554622,33.970211029052734,4661600
2017-06-21,34.10551068978318,34.32112843744437,33.7757442672079,34.17315673828125,9588400
2017-06-22,34.152009176207955,34.29152670198977,33.83069696622148,33.851837158203125,5496600
2017-06-23,33.915249668801835,34.5451879483675,33.73768369344077,34.49445343017578,5425600
2017-06-26,34.498679365176066,34.967963138065016,33.91524696737291,33.94906997680664,3350200
2017-06-27,33.84337965710686,33.999805450297096,33.25571850440705,33.27685546875,4958800
2017-06-28,33.420607464377476,33.81379119544806,32.78644036429852,33.75037384033203,6462000
2017-06-29,33.50516141425199,33.54320989157333,32.262192879771085,32.71456527709961,6508200
2017-06-30,32.90481506391245,33.090835204959774,32.5369970142159,32.630008697509766,4849600
2017-07-03,32.86253265336185,32.972452601922214,32.0465710515259,32.05079650878906,2264800
2017-07-05,32.13957693877282,33.02318449303635,32.13957693877282,32.95131301879883,6206400
2017-07-06,32.5961797805691,33.05278074743188,32.34251365193639,32.604637145996094,3314000
2017-07-07,32.75683612211656,33.403685852486134,32.64268427232211,33.12887954711914,3702400
2017-07-10,33.14156749821449,33.43328535334714,32.955544144154224,33.297996520996094,3534600
2017-07-11,33.29798937390254,33.66580409434083,33.234572041762995,33.445960998535156,2765800
2017-07-12,33.79264459259029,34.35071140579202,33.627761435885695,33.88988494873047,6263400
2017-07-13,33.98288907601186,34.06744659789251,33.547428321330315,33.60661697387695,4478000
2017-07-14,33.77150925513783,34.25347597098816,33.70809512847899,34.17737579345703,2835000
2017-07-17,34.20273808471214,34.39298687914169,33.97443759607274,34.25769805908203,2911200
2017-07-18,34.1646878897162,34.50291156747721,33.98712191038468,34.486000061035156,2386600
2017-07-19,34.69739662202967,34.87073718171766,34.54519625639072,34.79886245727539,4198600
2017-07-20,34.88341110281732,35.251225871264275,34.68893362426768,35.10748291015625,3423200
2017-07-21,34.667791172295935,34.6889313595681,34.10127027944675,34.194278717041016,5266800
2017-07-24,34.24501640959097,34.34648222172744,33.982892900570064,34.05476760864258,3605200
2017-07-25,34.03361933978875,34.40989139494328,33.87296490658388,34.219642639160156,3005000
2017-07-26,34.47754042119375,35.19203290754916,34.41412308853653,34.95950698852539,4457400
2017-07-27,35.08212759469784,35.1709106072093,33.737693129234145,34.215431213378906,4167200
2017-07-28,34.1055079386958,34.202748319182696,33.85184172837202,34.11819076538086,2504400
2017-07-31,34.245012083210725,34.39721239495705,33.80109396969401,33.83914566040039,3707800
2017-08-01,34.080138812327625,34.16046767386809,33.834926769602376,33.961761474609375,2395000
2017-08-02,34.10972886112844,34.287294845396,33.45865035994061,33.74613952636719,3678800
2017-08-03,33.76727683661751,34.2450147703678,33.64044215836317,34.10972595214844,6185200
2017-08-04,34.42682284570208,35.4414909907493,34.16469924702303,35.29774475097656,10037400
2017-08-07,35.33578353624143,35.95303898589216,35.09902567947654,35.92767333984375,4677800
2017-08-08,35.90653469260303,36.33354136414254,35.61059139086678,35.775474548339844,5263600
2017-08-09,35.47952710505656,35.60213310562189,35.13707797538307,35.34423828125,2762400
2017-08-10,35.069423473706486,35.20048680844525,34.29151373124057,34.346473693847656,4574000
2017-08-11,34.41412741444589,34.972194206008155,34.4014445914281,34.75657653808594,2814400
2017-08-14,35.251219586473816,35.71204916750767,35.099019286824046,35.52179718017578,4129800
2017-08-15,35.53871165301483,35.69936933026015,35.21317406716548,35.63595199584961,3376200
2017-08-16,35.67822694896037,35.838881390783854,35.369600886307445,35.580989837646484,2672600
2017-08-17,35.407763755497555,35.4714550689663,34.6477214242467,34.66895294189453,3590600
2017-08-18,34.78359276640129,34.974666696105864,34.533077717456436,34.63922882080078,2698000
2017-08-21,34.75386949424971,34.78359167267257,34.35898727264637,34.61799621582031,1824800
2017-08-22,34.770854515762906,35.21244348632813,34.770854515762906,35.1190299987793,2659200
2017-08-23,34.82180558323655,35.293116697053236,34.73263905352451,35.199703216552734,2485000
2017-08-24,35.22092946632679,35.450216203605486,34.966167504730706,35.11053466796875,2913400
2017-08-25,35.165743638540576,35.33558608198315,35.00863881144804,35.08506774902344,1540600
2017-08-28,35.26763630863418,35.637043259703766,35.11902543388461,35.56486129760742,2312400
2017-08-29,35.19544872701455,35.66675973987797,35.1827111168518,35.59457778930664,3039800
2017-08-30,35.66676856408082,36.409826242499165,35.66252161315131,36.380104064941406,5708800
2017-08-31,36.44802890637618,36.927833803745635,36.32489651906784,36.85565185546875,4217000
2017-09-01,36.92359695465314,37.36518590407458,36.81744585833474,37.30149459838867,3401800
2017-09-05,36.936331717267606,37.26752259390484,36.295181477407986,36.724029541015625,4230000
2017-09-06,36.57965502800591,36.745250418392374,36.09135951607032,36.566917419433594,4308600
2017-09-07,36.59664677448112,37.15287738788527,36.39283527887053,37.106170654296875,3018600
2017-09-08,37.067958182351454,37.19958448403407,36.673076037829745,36.75799560546875,3243600
2017-09-11,37.28025936926115,37.56899042697177,36.889620945671176,37.526527404785156,3892000
2017-09-12,37.6284443677171,37.74308613422829,37.25903736100398,37.55625915527344,3091800
2017-09-13,37.37792947287489,37.594478650920784,37.29300987807938,37.50955581665039,2878200
2017-09-14,37.45435113194833,38.09975158919462,37.44161351914959,37.891693115234375,6377800
2017-09-15,38.12097455607334,38.456412350788895,37.92990391174842,38.05303955078125,8153800
2017-09-18,38.214398136687464,38.74090671507336,38.18467595660458,38.64324951171875,4656800
2017-09-19,38.685705826762494,38.99142150267553,38.3842371017578,38.63050842285156,4393200
2017-09-20,38.56257540872654,38.60079149314826,36.842926117669734,37.50106430053711,6607800
2017-09-21,37.564743476858354,37.69212282499689,37.106170048822584,37.526527404785156,3543200
2017-09-22,37.4034016406362,38.12523109519046,37.4034016406362,38.08277130126953,2593000
2017-09-25,37.811011065693876,37.95112801103901,37.19108598852197,37.3948974609375,3210200
2017-09-26,37.70487173735489,37.91292698476563,37.021258399245134,37.263282775878906,3562600
2017-09-27,37.57324121245686,38.01058321174854,37.46709011595016,37.755821228027344,3540200
2017-09-28,37.63268638603052,37.90867989084696,37.488322446588526,37.84923553466797,3871200
2017-09-29,37.83649894870024,38.2101496604694,37.7345947981222,38.1209831237793,4388200
2017-10-02,38.37149665429392,38.73665665805461,38.27808317805642,38.44792556762695,3909400
2017-10-03,38.44792149948896,38.61776063161484,38.32478586106605,38.520103454589844,3441800
2017-10-04,38.49888602887889,38.89801526224599,38.22289247898622,38.893768310546875,5118400
2017-10-05,38.98293004252882,38.987176993703166,38.532850402285504,38.76638412475586,3668200
2017-10-06,38.600781561551045,38.88950939879594,38.33752570824224,38.872528076171875,2699000
2017-10-09,38.99990753293612,39.05935188069509,38.74939253016245,38.847049713134766,2197000
2017-10-10,39.06360933116802,39.203729576895086,38.6814646789464,39.029640197753906,2194200
2017-10-11,38.94894733235532,39.11878643229312,38.79608955083275,39.03386688232422,2244000
2017-10-12,38.83856182421753,39.2334440136466,38.83856182421753,38.97018814086914,2239000
2017-10-13,39.165504901588626,39.28014989184694,38.81308574800819,38.96169662475586,2105600
2017-10-16,39.16125863568194,39.18673385875557,38.89375583551308,39.01689147949219,1667600
2017-10-17,38.97443433839554,39.00840346444732,38.711178470705505,38.93621826171875,1920000
2017-10-18,38.88951611651669,39.21646332430108,38.37999212345666,39.114559173583984,3325400
2017-10-19,38.893766797016376,39.534920420683044,38.447934070208305,39.50944519042969,3082800
2017-10-20,39.86610120882376,40.193048364609325,39.275901435598094,39.37356185913086,3618000
2017-10-23,39.534911121863594,39.65379982104916,39.18673568590267,39.322608947753906,3374200
2017-10-24,39.33109999599854,39.66229411202373,39.288640208654016,39.61983108520508,1754200
2017-10-25,39.433008028203204,39.573125004820874,38.88102106513034,39.1994743347168,3275200
2017-10-26,39.4202659293883,39.759950701992544,39.4202659293883,39.53915786743164,2510400
2017-10-27,39.83214097183516,40.25674540642067,39.373570644483614,40.21853256225586,3938800
2017-10-30,40.00198550878263,40.54547869547488,39.89583439452321,40.42658996582031,3971800
2017-10-31,40.43506715324398,40.630384734000195,40.17605828236705,40.25248718261719,2465800
2017-11-01,40.04018538498584,40.39685142956051,39.28438703626947,39.483951568603516,5893000
2017-11-02,39.2249553468113,39.87460283377347,39.118804241287854,39.683528900146484,2799800
2017-11-03,39.79391546792074,39.92129481408799,39.28863531487824,39.76844024658203,2785000
2017-11-06,40.04444418813997,40.60067821416652,39.98499982497299,40.49028015136719,6139800
2017-11-07,40.337423188753085,40.72805850952808,38.42670314297004,38.82583236694336,9491400
2017-11-08,38.78760221864008,39.53915364493767,38.60077852918583,39.40752410888672,9210200
2017-11-09,39.20371950292041,39.25042623949411,38.036057567525866,38.558319091796875,6634200
2017-11-10,38.588046528672066,38.92348439186936,38.367253667054264,38.87677764892578,3653600
2017-11-13,38.64324011489988,38.77911336787791,38.413953393098105,38.647483825683594,2797600
2017-11-14,38.49888232311999,38.689956257488234,38.21864508797778,38.64324951171875,3018400
2017-11-15,38.409713080180886,38.51161722765535,37.90867976584264,38.040306091308594,2982800
2017-11-16,38.11249435592588,38.66447816851931,38.057293707034255,38.545589447021484,3571600
2017-11-17,38.647492168196216,38.88951655354068,38.48614365779144,38.76638412475586,4198400
2017-11-20,38.99785272005765,39.17263370292706,38.852909299049166,38.9594841003418,2921000
2017-11-21,39.193956725175056,39.48384036479265,39.05327718262415,39.16411590576172,3136000
2017-11-22,39.07459066129863,39.33036955980393,38.53318879459736,38.537452697753906,3269400
2017-11-24,38.49056146528096,38.81028591767042,38.460720646487495,38.78044509887695,1455800
2017-11-27,38.567298435586146,38.631243981472146,37.782906027368625,37.910797119140625,5142800
2017-11-28,38.004573545057,38.65681078719273,37.876682486738154,38.61418151855469,4336200
2017-11-29,38.45645402183298,38.494822644655414,36.640418350094954,36.90898895263672,8779600
2017-11-30,37.169044023581776,37.83407001633843,36.947366524392116,37.08378219604492,7330800
2017-12-01,36.832252889839815,37.220183484906585,36.27806260842454,37.08803176879883,6198800
2017-12-04,37.271347928012574,37.48876148167981,36.538112611649005,36.78963088989258,5029000
2017-12-05,36.64895174234913,37.77864555018985,36.4741674662822,36.75126266479492,4868000
2017-12-06,36.69584488811406,37.01556936628149,36.35906804748903,36.79389190673828,3023400
2017-12-07,36.83652763082841,37.36513790319371,36.71716108328256,37.25429916381836,3661000
2017-12-08,37.556965485692054,37.71896129176889,37.19887565576393,37.262821197509766,3713800
2017-12-11,37.28413998760335,37.69765086891392,37.05393795308801,37.25429916381836,3252600
2017-12-12,36.998522730088325,37.10509757263873,36.51680561262667,36.593536376953125,3796400
2017-12-13,36.836516405227265,37.062454466804745,36.6361552555552,36.832252502441406,2965000
2017-12-14,36.85357396117936,36.93457187065715,36.39317317929897,36.4358024597168,3963400
2017-12-15,36.75979397221071,37.19461787331001,36.38891237097462,36.981468200683594,6469000
2017-12-18,37.21165464186013,38.10688224121655,37.21165464186013,37.92783737182617,4364400
2017-12-19,38.03442526622787,38.2987287590261,37.693384514507095,38.19215393066406,3517800
2017-12-20,38.3925220427569,38.74635131721989,38.14100696368004,38.460731506347656,3587200
2017-12-21,38.503359360308636,38.64403893441836,38.10263690765891,38.136741638183594,2829800
2017-12-22,38.08131655858081,38.20067984003004,37.56549480522921,37.906532287597656,1858600
2017-12-26,37.595328507770034,37.90652511085817,37.4162803670894,37.78289794921875,1175200
2017-12-27,37.91932674055739,37.991800103527694,37.63797085443467,37.68486404418945,1638400
2017-12-28,37.89800308541247,37.940632358930245,37.59106711223631,37.774375915527344,2322400
2017-12-29,37.812745830700514,37.940636919030226,37.44186752887422,37.46318054199219,1808000
2018-01-02,37.76158163055288,38.59712762168172,37.62516602490745,38.541709899902344,3266200
2018-01-03,38.58434810691455,39.29626711219212,38.528927119889424,39.121482849121094,5060000
2018-01-04,39.31757751869889,39.581880947019236,38.98080075294423,39.21526336669922,3292600
2018-01-05,39.466787494019265,39.59467532453796,39.036224317407374,39.33037185668945,2962000
2018-01-08,39.19396108521506,39.59041958861272,38.93817888761211,39.48384475708008,2168600
2018-01-09,39.53074087738612,39.65862873327455,39.083125250761654,39.436954498291016,4446600
2018-01-10,39.19821468523305,39.330369664195594,38.401037170315746,38.771915435791016,3984400
2018-01-11,38.8699676345578,39.364473097344934,38.673870360314176,39.26642608642578,2155200
2018-01-12,39.36021963331378,39.922934643319486,39.13001759480155,39.833412170410156,2542600
2018-01-16,40.08492249000918,40.2298659426504,39.50941908791098,39.78651428222656,3517000
2018-01-17,40.234131202391325,41.08672989646332,40.038033893043476,40.93326187133789,5706600
2018-01-18,40.93324197830667,41.60679539986263,40.869299709251116,41.47464370727539,4833200
2018-01-19,41.71338229440426,41.837009471141705,41.325451655763885,41.54286193847656,7529800
2018-01-22,41.611068217694765,42.079996721534556,41.449075680704304,42.07147216796875,3495600
2018-01-23,42.07147389342065,42.27609571144222,41.80716718837054,41.999000549316406,3262000
2018-01-24,41.29135794038293,41.69208039576552,40.45154764682042,40.65190887451172,6566800
2018-01-25,41.05689176756073,41.07394413285033,39.32611734574298,39.42416763305664,5448800
2018-01-26,40.03801577531079,41.38085876130111,39.85044635912861,41.312652587890625,6504400
2018-01-29,40.984412793412176,41.47465761917561,40.66042442776945,41.29987335205078,3917400
2018-01-30,41.07393073428184,41.142140173189894,40.45153424006859,40.494163513183594,4091200
2018-01-31,40.83521077993423,41.01425570729771,40.29380884171843,40.592220306396484,3888000
2018-02-01,40.46006956396341,40.87784107148308,40.11902881086494,40.302337646484375,3865000
2018-02-02,40.07213600485612,40.47285840567451,39.74814761159008,39.77798843383789,3890600
2018-02-05,39.68846643707805,40.09345274655781,38.14100106092113,38.15378952026367,7048200
2018-02-06,37.57402153637063,39.18543243408203,37.47171061097462,39.18543243408203,10956200
2018-02-07,37.32251930011245,37.940652220723315,35.30185750302868,35.34449005126953,27250400
2018-02-08,35.38284076632731,35.47236322617033,33.779954539010525,34.06131362915039,16232400
2018-02-09,34.43219198783574,34.94801698734095,33.39202393895267,34.54729461669922,11433600
2018-02-12,34.74765173021765,35.60025020450409,34.74765173021765,35.391361236572266,10039800
2018-02-13,35.003435844818775,35.259214774787985,34.159361798274276,34.44924545288086,8593000
2018-02-14,34.1210012655207,35.11854020971367,34.10394890078158,35.04607009887695,7374200
2018-02-15,35.42974258383662,35.50221269960156,34.53025061021747,35.165435791015625,7161000
2018-02-16,35.054591531999456,35.73240583197213,35.054591531999456,35.55762481689453,7107200
2018-02-20,35.383359808149365,37.04462965188458,35.383359808149365,36.33388137817383,8053000
2018-02-21,36.49230460551142,36.753480820360146,35.79439738564475,36.02988815307617,6471600
2018-02-22,36.04273112940827,36.66356565013162,35.64453974394617,35.9314079284668,4396400
2018-02-23,36.312466536922976,36.488014758700444,35.82436146817655,36.46232604980469,4127600
2018-02-26,36.58649264419882,37.01893778226247,36.500861431360306,36.984683990478516,4429200
2018-02-27,37.575554222795624,39.50656537834529,37.51132917343412,37.91380310058594,12217000
2018-02-28,38.286310204303334,38.75300927464501,37.97803251868725,38.07651138305664,8231000
2018-03-01,38.11503982543945,38.534640683529325,37.48992271301239,38.11503982543945,7676800
2018-03-02,39.55795343629397,40.140254996777,38.106482076940296,39.08697509765625,17057200
2018-03-05,39.275367183069136,40.63692474392592,39.00134004088268,40.44853210449219,7874800
2018-03-06,40.671166159132255,41.42901582211335,40.13596288676429,41.34766387939453,9563000
2018-03-07,40.70969968993697,41.137862278346184,40.34147960257535,40.919498443603516,6008200
2018-03-08,41.53177742172868,41.600285014320306,40.487059501059,40.82102584838867,7787800
2018-03-09,41.49325282705628,42.4437713687724,41.29629509143195,42.375267028808594,8548800
2018-03-12,42.615026527669954,43.03034480617007,42.51655095095402,42.91902160644531,5845800
2018-03-13,43.240139199104405,43.4499412208979,41.73729085497025,41.9727783203125,7340800
2018-03-14,42.1868683561733,42.25965522781582,41.42902184955585,41.63882064819336,4691200
2018-03-15,41.72017206641725,41.882872706812826,41.47183693111191,41.758705139160156,3396800
2018-03-16,41.78867127330916,42.30246837992104,41.63453246798776,42.03700637817383,5334600
2018-03-19,41.634538645058086,41.7330175000881,40.62835698693326,41.51893615722656,5297400
2018-03-20,41.67306668139337,42.34956437402217,41.536054779928676,42.19114303588867,4514600
2018-03-21,41.98563197180313,42.93187111649867,41.98135269690816,42.47801971435547,5029400
2018-03-22,41.810081943710536,42.31531398346558,41.317694260340694,41.33910369873047,4391400
2018-03-23,41.40333088672535,41.50180974290645,40.2515754699707,40.2515754699707,7190800
2018-03-26,41.0993363794917,41.9941981150637,40.50847303348462,41.95566177368164,3415600
2018-03-27,42.24680138039896,42.426628881694576,40.131680436685954,40.418548583984375,5599600
2018-03-28,40.277250911807016,40.41426279701962,38.9328207673393,39.03129959106445,7351000
2018-03-29,39.360992121888394,39.65214285142232,38.72730996938924,39.116939544677734,8538800
2018-04-02,38.95851651972754,39.17688037417206,37.3486273940242,37.51988983154297,8732200
2018-04-03,37.8452922959186,38.19210295974524,37.40000279588535,38.11931610107422,4797200
2018-04-04,37.31864871169705,38.71017697256312,37.21160807624582,38.611698150634766,4231000
2018-04-05,38.80009557888398,38.928542397556825,37.866700990060636,38.37193298339844,3983800
2018-04-06,37.84529757558161,38.41047216088826,36.770608375254355,36.937591552734375,4923400
2018-04-09,37.305803163584294,38.11931269152322,36.87336132430896,36.90761184692383,7409000
2018-04-10,37.70828252691291,38.209232017811495,37.233021748381965,37.99087142944336,4582400
2018-04-11,37.51560928183181,38.53463512355999,37.45138423663491,37.892391204833984,4221200
2018-04-12,38.174979060150136,38.49610101079088,37.90951707163674,38.13216018676758,6104000
2018-04-13,38.35052858514198,38.39762673816245,37.25015070085069,37.39144515991211,4903400
2018-04-16,37.76394506763715,37.76394506763715,36.80486162992845,36.920467376708984,7588600
2018-04-17,37.181632582038304,38.376206434172666,37.14309952226987,38.136436462402344,5950400
2018-04-18,37.96517087695445,38.21350592916662,37.46422149918296,37.67830276489258,4493400
2018-04-19,36.950436085361254,37.13026360504598,36.16689769250713,36.453765869140625,6391000
2018-04-20,37.03607175139215,37.507050045195285,36.15833695236932,36.68497848510742,7182400
2018-04-23,36.74920128266598,37.08316762927094,36.10695730331126,36.13692855834961,6629400
2018-04-24,36.53941039580716,36.61220055167512,34.80107053916991,35.2977409362793,8681800
2018-04-25,35.39193017549466,36.004199697518864,34.92094859451889,35.5289421081543,5411400
2018-04-26,35.922846722069956,36.547963794442076,35.67451160292135,36.351009368896484,4950800
2018-04-27,36.64216173735172,36.843398713015205,35.76442696547285,36.248252868652344,3114200
2018-04-30,36.28679859229196,36.53513380912549,35.71734126402221,35.82010269165039,3582800
2018-05-01,35.6188505739467,36.44092204737986,35.537498628153685,36.40238571166992,3376400
2018-05-02,36.462329278465184,36.667845501071604,35.97850344061221,36.299625396728516,4647600
2018-05-03,35.95709820153232,36.95471462174145,35.38335859310044,36.869083404541016,6321200
2018-05-04,36.59507248970511,37.57556562540563,36.59507248970511,37.46852493286133,4377600
2018-05-07,37.896672137693066,38.410465944225486,37.52845204525034,37.995147705078125,7332800
2018-05-08,38.49182432013505,38.945675700698345,37.044632418664776,38.81294631958008,8977600
2018-05-09,38.96279644466563,39.356705251106085,38.149286854584595,39.331016540527344,5472800
2018-05-10,39.236817711282455,39.926159711327834,39.236817711282455,39.88762664794922,3539800
2018-05-11,40.03320114384286,40.341478723438804,39.60932110520906,39.79771041870117,2881600
2018-05-14,40.29010661126173,40.547003560049475,39.90048028003507,40.016082763671875,3318000
2018-05-15,40.542731467170135,40.55985836900615,39.54082894280955,39.97327423095703,5983400
2018-05-16,39.857652451593246,40.2344376074067,39.844808097030736,40.03748321533203,2941200
2018-05-17,39.9090467181465,40.247295658762695,39.66499409854017,39.97755432128906,3268600
2018-05-18,39.7600433206544,40.215670875783864,39.515035617314176,39.88899612426758,2869800
2018-05-21,40.37041785778108,40.675602698897066,39.966372030642134,40.32313537597656,2610000
2018-05-22,40.21136521502917,40.83462929781264,40.15118812894271,40.54663848876953,3407000
2018-05-23,40.07812401699185,40.46497916066483,39.85890883508227,40.43918991088867,3125800
2018-05-24,40.396222364468784,40.821761547451075,40.168405212145686,40.770179748535156,2732600
2018-05-25,40.752977157006036,41.23869664189583,40.744381832049946,41.18281555175781,2756000
2018-05-29,40.77447224746197,41.25589245211888,40.555253737910256,40.93351364135742,3792200
2018-05-30,41.53957554770243,42.592678134270194,40.95929446368741,41.913536071777344,6312600
2018-05-31,41.79318525564777,42.442238819160835,41.70291631401911,41.85765838623047,5184600
2018-06-01,42.27889922561559,43.45235605293121,41.97801370051063,43.43516540527344,5899400
2018-06-04,43.43516653167055,43.72745674052655,43.15147164686635,43.589908599853516,8583000
2018-06-05,44.16588049069541,44.187373715105196,43.58989880585602,43.90367889404297,3981400
2018-06-06,43.9638679557848,44.43239348434304,43.71026489161787,44.40660095214844,4407400
2018-06-07,44.28194857116749,44.45388457946235,43.52973140435827,43.938079833984375,4916800
2018-06-08,43.572719888586015,44.78916007102863,43.323412828956236,43.90799331665039,3072200
2018-06-11,43.86500294940008,44.24325949974104,43.72315551324488,44.015445709228516,2502800
2018-06-12,44.067031181061544,44.28195038035925,43.770444916027294,44.140106201171875,6230800
2018-06-13,44.2260633359892,44.31202968599827,43.740347227566474,43.87789535522461,5326400
2018-06-14,44.118600969195604,44.389397906067366,43.877892580865144,44.0885124206543,3172600
2018-06-15,44.07133194997849,44.07133194997849,43.340607959810455,43.834922790527344,5110200
2018-06-18,43.51683809538539,43.791934405224836,43.19875860202229,43.68877410888672,3287800
2018-06-19,43.048313569945975,43.58991083637473,42.78611190092766,43.1557731628418,3626000
2018-06-20,43.512542724609375,43.66298550889976,43.13428283335727,43.512542724609375,2706400
2018-06-21,43.71026014659362,43.71026014659362,42.39495264727516,42.42504119873047,2933200
2018-06-22,42.54540039447164,42.72593171046166,41.42352206318096,41.65993118286133,5691200
2018-06-25,41.268782939455555,41.393436460639315,39.85461430459962,40.078128814697266,6389200
2018-06-26,40.30164577114475,40.51656495231428,39.846014877068946,40.0351448059082,3536400
2018-06-27,40.112517824091995,40.542356207667524,38.76282556201737,38.81440734863281,5619600
2018-06-28,38.655361912432305,39.22704768969409,38.655361912432305,38.87458038330078,5163400
2018-06-29,38.999234096110925,39.52793341872422,38.86168595825802,39.09379577636719,6352000
2018-07-02,38.78001997644963,39.343107216573806,38.34158298324526,39.317317962646484,3264400
2018-07-03,39.467754131525744,39.467754131525744,38.65535997483547,38.728431701660156,2120000
2018-07-05,39.21414988969473,39.691267389750706,39.042213912332635,39.60100173950195,3441600
2018-07-06,39.41187690027405,40.348924575946796,39.282924091562535,40.15119934082031,3344000
2018-07-09,40.29733555153343,40.40909441369657,39.69986065210847,40.1382942199707,2926400
2018-07-10,40.30164563345455,40.73148399432508,40.07812784933427,40.6627082824707,3115000
2018-07-11,40.14690206952902,40.49507007948789,39.36889243526396,39.5494270324707,4490800
2018-07-12,39.876097367108876,40.563841265788064,39.64828359441893,40.52515411376953,4392200
2018-07-13,40.55094291297207,40.63261323790185,40.25005742018747,40.417694091796875,2968000
2018-07-16,40.404797300989216,40.76156385144895,40.34032090473415,40.45207977294922,2161000
2018-07-17,40.08674025638638,40.8905361691712,40.03085915141113,40.85615158081055,2985800
2018-07-18,40.71429879211717,41.24729755559338,40.71429879211717,41.16133117675781,2220400
2018-07-19,41.109731237694305,41.20859548118708,40.4778684659686,40.7486686706543,2272200
2018-07-20,40.75726486961403,40.86472443774521,40.293038748229996,40.563838958740234,2762200
2018-07-23,40.35751580068221,40.662700585604405,39.863201123366494,40.49076461791992,2219000
2018-07-24,40.77875941648296,41.10113813132351,39.97496064022775,40.08671951293945,2899800
2018-07-25,39.944881439208984,40.310243412315366,39.04651750499482,39.944881439208984,5637600
2018-07-26,40.24146273873629,40.71858351304718,39.953468586016456,40.69279098510742,4337800
2018-07-27,41.08825355705486,41.65564342746509,40.77877264511329,40.967899322509766,4724000
2018-07-30,40.9893805084821,41.092540782143054,39.893291532839356,40.06522750854492,4012800
2018-07-31,40.35752675185293,40.82605230894423,40.108219695030286,40.1598014831543,3518800
2018-08-01,40.14691720323104,40.57245640685856,40.009369012189445,40.22858428955078,2723800
2018-08-02,39.84601086801224,40.81314708596794,39.79443236854119,40.6670036315918,2476800
2018-08-03,40.65411774859278,40.903424814331856,40.4048106828537,40.87333297729492,3382400
2018-08-06,40.71000003382897,41.320369858183426,40.606839721965144,41.09255599975586,8112800
2018-08-07,41.290264328946044,41.90063718187396,41.05385524143552,41.80607223510742,5529600
2018-08-08,41.861950930673,42.08546867863402,41.61694323578881,42.020992279052734,3700800
2018-08-09,41.67283455155592,42.23592512586362,41.51379643099085,42.15855407714844,6251400
2018-08-10,37.99770543105626,38.629568241049746,36.43739034203416,37.572166442871094,38479000
2018-08-13,37.688224301252745,38.083674771454284,37.335757007480744,37.40882873535156,10821200
2018-08-14,37.40453058427517,37.73980724131183,35.89150108334133,36.14080810546875,14471200
2018-08-15,36.06344103856302,36.450296239669775,34.96735184866166,35.39289093017578,9769400
2018-08-16,35.72386149384439,36.21387689511723,35.06191011612005,35.15647506713867,7668800
2018-08-17,35.03182094369386,35.771143333713574,34.283903230736996,35.680877685546875,9127600
2018-08-20,35.77758927754952,35.920058163994156,35.151576649217695,35.61784744262695,8978800
2018-08-21,35.88551587604998,37.13321938365445,35.88551587604998,36.70580291748047,10125600
2018-08-22,36.364743675430155,36.89577154639308,36.00640575980004,36.878501892089844,5461200
2018-08-23,36.91735580525965,37.616758619549316,36.82237436286243,36.98643112182617,5882200
2018-08-24,37.31023010785616,37.60380761765803,37.059825083114966,37.552001953125,4979600
2018-08-27,37.78082172708448,38.35502207680856,37.672888859969845,38.1521110534668,5525400
2018-08-28,38.42410173688616,38.42410173688616,37.60381126575571,37.77650451660156,5742600
2018-08-29,37.53905313974616,37.763555367485466,37.185033436480325,37.48292922973633,5558000
2018-08-30,37.310231793187626,37.76786937828116,36.79647359821462,36.934627532958984,5781400
2018-08-31,36.98643735612994,37.2152545274649,36.71444769293272,37.14186096191406,4496800
2018-09-04,36.76625562881901,37.197987123038956,36.641053100233236,37.167762756347656,4314000
2018-09-05,37.059836361076265,37.16776925349858,36.6410595053121,36.757625579833984,4665200
2018-09-06,36.58924205604086,36.69717492346281,35.665336974416945,36.22227096557617,8450600
2018-09-07,36.09275892206795,36.71013520454683,35.6912484265558,35.855308532714844,7008600
2018-09-10,36.12298060390441,36.29567389513265,35.70420044317736,36.274085998535156,3666000
2018-09-11,36.07116786319171,36.235224646135215,35.54445491025478,35.933013916015625,7363800
2018-09-12,35.42788947919375,36.11866258530934,34.98320651548079,36.0366325378418,10794200
2018-09-13,36.37337405182433,36.87418410646398,35.9416426090727,36.166141510009766,7187400
2018-09-14,36.390657858804126,36.79216838848311,36.028001593037246,36.0927619934082,6226400
2018-09-17,35.59625230342789,35.74736092719537,34.90980096443499,34.918434143066406,7492600
2018-09-18,34.98320565369518,35.384716111847574,34.702579497980025,34.7068977355957,5605400
2018-09-19,34.8752625661339,35.22496395213001,34.741426883858686,35.12998580932617,4632000
2018-09-20,35.53150468804339,36.24385904641817,35.28109962103224,35.997772216796875,5453400
2018-09-21,36.10138806588265,36.14024231859709,35.56172370807207,35.72578048706055,8202600
2018-09-24,35.34585710370216,35.66101923642832,35.10840347451142,35.53150177001953,3490800
2018-09-25,34.84937054743632,35.00910910968379,33.925465312385136,34.00749206542969,10137400
2018-09-26,33.951371957497855,34.42627604749561,33.94705371932179,34.01613235473633,7343800
2018-09-27,34.00317973699964,34.25358154693555,33.82616821036943,33.938419342041016,5018000
2018-09-28,33.85638512649029,34.15859916785914,33.61893476596845,34.067935943603516,9762600
2018-10-01,34.23630587275091,34.40899582054744,33.3037643441715,33.312400817871094,10320800
2018-10-02,33.58871286954354,33.97295365078211,33.398749950693,33.52395248413086,8353000
2018-10-03,33.446235564663716,33.52394735650259,32.39280978503666,32.43166732788086,10387000
2018-10-04,32.40576724404475,32.50506694418557,30.493196454677104,30.83858299255371,19029200
2018-10-05,30.847209112078417,31.01126916224496,29.616775205076262,29.91035270690918,12238000
2018-10-08,29.62542705195937,30.044203986234738,28.848308763286443,29.22823143005371,9690200
2018-10-09,29.055530893560515,29.301617713639086,28.606529744077704,29.09006690979004,13803600
2018-10-10,28.658336118415086,28.774905469330438,28.118671737121755,28.684242248535156,19449800
2018-10-11,29.068492827385622,29.94922578993124,28.718787950557257,29.22823143005371,15483000
2018-10-12,30.14781387679064,30.316188911917077,29.046897145102196,29.469995498657227,10817000
2018-10-15,29.245491880458637,29.664271976690095,28.97350221201194,29.45272445678711,8467200
2018-10-16,29.798103683319166,30.039875538817334,29.491574744414862,29.854230880737305,6254800
2018-10-17,30.03124639887721,30.126227869533878,29.530439499756273,29.811065673828125,6590200
2018-10-18,29.638373390027716,29.6599579925457,28.99077602517868,29.163469314575195,8544600
2018-10-19,29.124605700104198,29.659951821381743,28.856930992540505,28.938961029052734,6449600
2018-10-22,29.241172410914853,29.357738452535532,28.71445951754461,28.85261344909668,5885600
2018-10-23,28.24819063365737,29.185047146956293,27.933025206579742,29.0209903717041,10410000
2018-10-24,28.442464610910044,28.70582103920221,26.452184158826338,26.46513557434082,13701200
2018-10-25,26.85802204999982,27.743073134664133,26.814849549398048,26.98754119873047,17007200
2018-10-26,26.279496248355805,27.39336432178594,26.206102683029396,26.927093505859375,16485800
2018-10-29,27.49266175176018,27.88553569967126,26.434919258917038,26.892555236816406,7482400
2018-10-30,26.952996186527514,28.040958057080314,26.771668110152127,27.997785568237305,6554000
2018-10-31,28.494275344366613,28.6065264422435,28.097083205847813,28.399293899536133,9935800
2018-11-01,28.602203152922787,30.63997573853176,28.35179816875836,30.380937576293945,11146600
2018-11-02,30.652930255363742,30.652930255363742,29.57791996164357,30.10894775390625,7012400
2018-11-05,29.996713830702,30.143500997634025,29.27140459128008,29.93195343017578,5986000
2018-11-06,29.733339461575067,30.38525143291726,29.690163691203733,30.234146118164062,4289000
2018-11-07,30.484557050781998,30.644298868366295,29.815372005437727,30.35072135925293,6673400
2018-11-08,30.65294513086795,32.81160323867555,30.350734313315233,32.142417907714844,14473200
2018-11-09,31.702039305941003,31.887683954171905,30.7738160647865,31.14078712463379,8716800
2018-11-12,30.782456492932774,30.90334078287486,30.018289912606228,30.074417114257812,5655800
2018-11-13,30.31618139222326,31.43004926665818,30.29891173984643,30.59248924255371,7564600
2018-11-14,31.06739893660979,31.296216108953043,30.69610957602828,31.09330177307129,7178800
2018-11-15,30.92924787711179,32.53960800262748,30.87312396158187,32.53097152709961,9987000
2018-11-16,32.18558841917142,32.89794284267856,32.060385874218255,32.64322280883789,9482000
2018-11-19,32.612998126270895,32.74251560083863,31.693411210825097,31.89632225036621,5570600
2018-11-20,31.642512861216854,32.10675911054219,31.000376222516035,31.672883987426758,5953800
2018-11-21,32.202212167260306,32.34539175233748,31.638173183128444,31.672883987426758,5327400
2018-11-23,31.265033177038898,32.514595364963625,31.25201745594864,32.24993133544922,3120600
2018-11-26,32.74888160659522,32.89205781963706,32.40612001013154,32.86168670654297,4734000
2018-11-27,32.46253771879782,32.69683069073035,31.74230671044634,31.98093605041504,5537800
2018-11-28,32.32802677048868,32.944128468295325,31.642503484656956,32.92677307128906,10498800
2018-11-29,32.58402142527209,33.13070501298175,32.27163080372372,32.28898620605469,5479800
2018-11-30,32.45384904136648,32.59268889919273,32.011294718780555,32.54062271118164,5718600
2018-12-03,33.88564843840972,34.97467598808561,33.36499958425163,33.73813247680664,10028600
2018-12-04,33.347635271443366,33.460443706779785,32.27596341125691,32.31501388549805,6110000
2018-12-06,31.373498654632627,32.05468223887252,31.061108140295254,31.846424102783203,6466400
2018-12-07,31.5817635748422,31.85076728293433,30.349556778327642,30.484060287475586,5336000
2018-12-10,30.379928581751727,31.230326565781557,30.17601009528533,31.195615768432617,6574600
2018-12-11,31.77700943453735,32.30633755347778,31.182602702779747,31.32577896118164,5161400
2018-12-12,32.06770194033921,32.32802627100404,31.455936618583582,31.924522399902344,4457600
2018-12-13,32.01997370531509,32.410458525216285,31.2606925174132,31.42556381225586,4226800
2018-12-14,30.874543692101412,31.65551663270469,30.870204015651584,31.082801818847656,5684000
2018-12-17,31.08714630526643,31.898490486147498,30.70099779656604,30.896240234375,4924200
2018-12-18,31.208637902628244,32.14580645219185,31.104508799388846,31.29975128173828,6722600
2018-12-19,31.165239698133387,31.29973987874223,29.585935081849666,29.76816177368164,7229400
2018-12-20,29.733458216894782,30.37125510370525,29.25185662114827,29.811555862426758,6701800
2018-12-21,29.850599842751155,30.458022164445097,29.351642955471082,29.49915885925293,10553000
2018-12-24,29.31693854591566,29.63800517303157,28.492575245295363,28.51861000061035,3102200
2018-12-26,28.830992482645126,30.56649248605982,28.6357500563424,30.536121368408203,6066000
2018-12-27,29.920023533611733,31.039421975125038,29.802878724711032,31.01772689819336,4619200
2018-12-28,31.0350753085093,31.590434726770273,30.549137472632566,31.082801818847656,3807800
2018-12-31,31.34312643120632,31.47762992080733,30.770411611889042,31.204286575317383,3148200
2019-01-02,30.488397726753387,31.364827164787336,30.371252921972623,30.95698356628418,5305000
2019-01-03,30.392946741181714,30.462365023683567,28.705173163420998,28.77459144592285,9572200
2019-01-04,29.230160491900527,30.09357083129633,29.10433634230759,29.941715240478516,7479400
2019-01-07,29.976423344754533,31.152227554161588,29.811552029917685,30.81814193725586,5781000
2019-01-08,31.156566329851536,31.67287869942245,30.748726033153815,31.6555233001709,9193600
2019-01-09,32.215205697935716,33.24349022299717,32.1718188775547,32.90940475463867,8838000
2019-01-10,32.73153845191043,33.3519799744496,32.64476144618911,33.24351119995117,5767600
2019-01-11,33.13937263709884,34.15464189911341,32.948469880382724,33.464778900146484,9098800
2019-01-14,33.17842695155031,33.25218491859899,32.189192326979054,32.21088409423828,6500600
2019-01-15,32.42780813404831,32.84866730415543,32.288968302588486,32.54495620727539,4740600
2019-01-16,32.64475091357697,33.04391839069771,32.505911059422914,32.57533264160156,4447800
2019-01-17,32.33671008728827,33.21313962711804,31.781350498986438,33.039588928222656,4357400
2019-01-18,33.3129252429615,33.85526904624025,32.861694801409115,33.686058044433594,4886600
2019-01-22,33.364986500776304,33.451760172374364,32.27595937814268,32.61872100830078,4674000
2019-01-23,33.39102148403484,33.39102148403484,31.99394337569051,32.26294708251953,4922600
2019-01-24,32.72284927744881,34.52777073241765,32.518927512947656,34.03315353393555,10098000
2019-01-25,34.28046955034418,35.3174306829476,34.07220806424709,34.98334503173828,5853600
2019-01-28,33.92902861242661,34.97032942597151,33.850930968655646,34.81847381591797,5291000
2019-01-29,35.15254032881996,35.46059439790249,34.40193866132153,34.488712310791016,4085800
2019-01-30,34.72735735555188,35.421556732658104,33.93336526632863,34.92259979248047,5543600
2019-01-31,34.8618650775172,35.29140051758171,34.62757211651717,34.87054443359375,4467800
2019-02-01,34.944300013331876,35.53871007605167,34.67095989934178,35.52135467529297,6895000
2019-02-04,35.46494615519057,35.98125853116292,35.04408682118325,35.829402923583984,5959600
2019-02-05,35.69489390467533,36.34137002192405,35.69489390467533,36.115753173828125,6837800
2019-02-06,38.39793670617903,39.80803042702741,38.18533888743117,38.74937438964844,20278200
2019-02-07,38.02479839479434,38.68862650447272,37.547536636415366,38.21136474609375,9428800
2019-02-08,37.62998315502099,38.07253423320791,37.32626864510103,37.925018310546875,5673200
2019-02-11,38.07253810301998,38.797108688993134,37.747131794447164,38.59752655029297,6017800
2019-02-12,39.13119583526039,39.829735002276,39.12251647965533,39.70391082763672,8304800
2019-02-13,39.62580189298453,39.83839970190207,39.309071707688204,39.565059661865234,6560400
2019-02-14,39.330769475972154,39.80803131470723,39.00536322544321,39.30907440185547,8360600
2019-02-15,39.63448882258475,39.72560219429042,39.08346891459213,39.52602005004883,4570200
2019-02-19,39.31775815142413,39.63882476098521,39.07478587292576,39.34812927246094,3182000
2019-02-20,39.32416840419744,39.85128161518455,38.988736048058804,39.054080963134766,6307000
2019-02-21,39.05843992426526,39.23704582164319,38.540041118008716,38.77092361450195,4172000
2019-02-22,39.08020782177442,39.206540406357796,38.535672538352784,38.78833770751953,3206800
2019-02-25,39.3198140397393,39.70316577407287,39.07150602430884,39.123779296875,4726400
2019-02-26,38.8841857658398,39.21961811842222,38.736070404999225,38.79705810546875,3445600
2019-02-27,38.526964812486526,38.670719613987224,37.73847539295895,37.930152893066406,7908000
2019-02-28,37.61214324724358,38.04341762764454,37.603432144216264,37.8430290222168,5710400
2019-03-01,38.28736876011431,38.73171146107926,37.956290341063166,38.61408996582031,4123800
2019-03-04,38.91903527308233,39.019231256162186,38.15668565902701,38.58360290527344,3277400
2019-03-05,38.51389990222579,38.55310485421666,37.99985837122635,38.01728057861328,3646000
2019-03-06,38.06956155298302,38.36578896635685,37.63829041354689,37.67314147949219,3627400
2019-03-07,37.437903209442986,37.47710816745367,36.70169020004463,36.788814544677734,4267400
2019-03-08,36.35318200056119,37.198302005511174,36.17893333130086,37.05018997192383,3604600
2019-03-11,37.28542121243939,37.96064634549354,37.14166641242762,37.81253433227539,2697600
2019-03-12,37.94758830007888,37.94758830007888,37.46839774865898,37.594730377197266,2230000
2019-03-13,37.79947432662904,37.93452138895275,37.019702425261535,37.05455017089844,4986200
2019-03-14,37.04147773153714,37.23315526733807,36.55793000155245,36.59278106689453,3995200
2019-03-15,36.893364654532554,37.85174565949844,36.74089207883216,37.507598876953125,6032400
2019-03-18,37.4422485027893,37.6557087482135,36.92385312116755,37.17216110229492,4583800
2019-03-19,37.33334687871012,37.61214874646675,37.2244397952558,37.507598876953125,3414400
2019-03-20,37.57728597141235,37.77767452596534,36.449007309975954,36.71474075317383,3214800
2019-03-21,36.68860971091779,38.20024018631001,36.68860971091779,38.06519317626953,3466400
2019-03-22,37.773329466204586,38.05213131211176,37.20265745717274,37.211368560791016,4034600
2019-03-25,36.97611952307021,37.14166036214769,36.16149693591056,36.51435470581055,3852600
2019-03-26,36.88029223676351,37.20701345080891,36.50129443198202,36.701683044433594,2602200
2019-03-27,36.72346590328625,36.902071772596145,35.35123613527674,35.44707489013672,6911600
2019-03-28,35.52549024057979,35.89141642803704,34.86333334387583,35.35123825073242,5987600
2019-03-29,35.75201579571717,36.261700128270306,35.699739201257756,36.13972473144531,5226400
2019-04-01,36.653762342874565,38.17410407336769,36.64069402655771,38.10004806518555,8222800
2019-04-02,38.08697004745429,38.27864750082443,37.6861929391159,38.21330261230469,8129800
2019-04-03,39.00181021117459,39.79901098269299,38.6184584147698,39.33724594116211,8496800
2019-04-04,39.31109949528774,39.94276256675802,39.2893200729766,39.759796142578125,7013200
2019-04-05,39.890486699125525,40.60055969217759,39.78157961484009,40.47858428955078,5748200
2019-04-08,40.46987350624466,41.05361388732698,40.05602458852854,40.97520065307617,5548400
2019-04-09,40.80094997421185,40.84451214141858,40.32175616419681,40.469871520996094,4963600
2019-04-10,40.45679851063429,41.14508864925915,40.186707787551676,41.05796432495117,4511400
2019-04-11,40.988274104300785,41.118963952278,40.522151854434014,40.93600082397461,3771400
2019-04-12,41.55021882305527,41.77239014797468,41.22785486778565,41.541507720947266,4175200
2019-04-15,41.528450383760664,41.84645721024944,41.2801423632991,41.64606857299805,6371200
2019-04-16,41.88130057752967,42.6392928180064,41.85516394552077,42.591373443603516,9866400
2019-04-17,43.68480515229922,43.68480515229922,42.27772761223214,43.24481964111328,9054600
2019-04-18,43.44522019320014,43.51927622081138,42.700292731903254,43.000877380371094,4823600
2019-04-22,42.88760594036479,43.005227445681925,42.465049269991376,42.5173225402832,5048200
2019-04-23,42.569591131140314,43.23610179070028,42.499889019081415,42.761268615722656,4608600
2019-04-24,42.460682773267926,43.549753313985455,42.4432572457869,43.057491302490234,4524400
2019-04-25,42.47811042962864,42.813542710605546,41.646058899502265,42.46504211425781,4435200
2019-04-26,41.820327416605394,42.89633012253476,41.423903967649935,42.87019348144531,2957200
2019-04-29,42.800476506766756,43.24917308239316,42.75691434552164,43.00522232055664,2590000
2019-04-30,43.475714321522176,43.57154977478702,42.93553272904306,43.51491928100586,3934800
2019-05-01,43.85469564595282,44.06815588394242,43.07927788359994,43.109771728515625,5194000
2019-05-02,43.10978181518673,44.15093332265819,42.74385559058046,43.6151123046875,3927600
2019-05-03,43.85469819527586,43.93311141870012,43.35372500804197,43.889549255371094,2754400
2019-05-06,42.13831965885796,42.42147534619209,41.77239022166402,42.24722671508789,7532400
2019-05-07,41.71141665739497,41.7288421911207,40.38274879213966,41.01441192626953,11424800
2019-05-08,39.18476773136469,40.97520046906741,39.09764339306859,39.877418518066406,8452600
2019-05-09,39.0192290331455,39.258825941916136,37.79946839071739,38.936458587646484,9035200
2019-05-10,38.92774198129475,39.184761062029345,37.88223348178714,38.875465393066406,6645600
2019-05-13,37.346415263722655,37.75154971178604,36.113586388869756,36.422882080078125,9680200
2019-05-14,36.68426006360574,37.028406831813406,36.37496435831081,36.88029479980469,8457000
2019-05-15,36.46644996858168,37.6600707558946,36.340117344133205,37.376914978027344,6792200
2019-05-16,36.94998722224135,37.259282874133085,36.51435898178881,37.06325149536133,6276400
2019-05-17,36.462082798248204,37.18522728068654,36.18328098717263,36.270408630371094,4609200
2019-05-20,35.21415989837755,35.76984905088664,34.44844447526989,34.802860260009766,7699000
2019-05-21,35.33229261219493,35.99299647996378,35.08726477811011,35.85735321044922,5866600
2019-05-22,35.43730641818643,36.3517910824346,35.301666477915596,35.80485153198242,5479200
2019-05-23,35.22291833658059,35.73048000441429,34.88600493436731,35.69984817504883,5790400
2019-05-24,35.94048596881722,36.233644721788274,35.16602115279972,35.187896728515625,3570800
2019-05-28,35.240410762872465,35.38042715921478,33.98026319579158,34.61471176147461,7644800
2019-05-29,34.37842788732637,35.53356380424293,34.212159486858596,35.244781494140625,5903400
2019-05-30,35.28418058880495,35.84862287064645,35.24480252503389,35.5904655456543,6416000
2019-05-31,34.95163189098255,35.848614295890734,34.81161546730591,35.01726531982422,8179800
2019-06-03,35.17478535891157,35.86174148154229,34.715354680317255,34.894752502441406,5377800
2019-06-04,35.41543168036668,36.90748107354972,35.201028967953626,36.86810302734375,4931000
2019-06-05,37.183144715367725,37.253151251062164,35.4373110391288,36.02363204956055,3939800
2019-06-06,36.13302862649172,36.53557548333037,35.70860284424116,36.373680114746094,3887400
2019-06-07,36.6405718698843,37.19188784798912,36.39116757902205,36.60994338989258,3794800
2019-06-10,37.08250221497116,37.918227466071734,37.016868800037194,37.52005386352539,4620800
2019-06-11,38.172005084768735,38.250764515450506,36.60557271182657,37.34065628051758,4389000
2019-06-12,37.135014506558555,37.135014506558555,36.404300620139075,36.671207427978516,2874600
2019-06-13,36.85497191694744,37.2268901010229,36.59681474279849,36.79808807373047,5221000
2019-06-14,35.621083777697855,36.5443147488814,35.06976772763319,36.399925231933594,6846000
2019-06-17,36.18989867641526,36.51368598154184,35.49419311480155,35.54232406616211,3902000
2019-06-18,36.0542644759575,37.51568570271826,35.81360968077001,37.191898345947266,6121800
2019-06-19,37.52005980500078,37.52005980500078,37.01249820994114,37.0825080871582,3662200
2019-06-20,38.0669975025724,38.13700737620366,37.29253247048998,37.445674896240234,3224400
2019-06-21,37.31002827460084,37.6206928883269,36.98186453228144,37.23564529418945,6570400
2019-06-24,37.24002591690099,37.45004886608873,37.051878550032406,37.248775482177734,3635800
2019-06-25,37.99698555582397,37.99698555582397,36.693083444000486,36.72808837890625,4430400
2019-06-26,37.52005770665139,38.30327563837786,37.218145969983254,38.141380310058594,4969200
2019-06-27,38.50017220500438,38.998980863722814,38.066996967328784,38.12825393676758,4601800
2019-06-28,38.50453302207984,38.78894217227992,37.89633668799588,37.93571472167969,12360200
2019-07-01,39.49342451526637,40.04473735337454,39.37966011799184,39.99223327636719,8118600
2019-07-02,39.99223340142707,40.03161145930573,39.07337533011826,39.26589584350586,4317200
2019-07-03,39.14775108053141,39.44966282136728,38.714575832824586,39.279014587402344,1867400
2019-07-05,38.780206176159545,39.165253810697074,38.42579036550984,39.04273986816406,2536400
2019-07-08,38.635829559307126,38.89398354756912,38.41705363504889,38.473934173583984,2715400
2019-07-09,38.1370052222626,39.07773864370579,38.12387586800739,39.038360595703125,3582600
2019-07-10,39.38401856906255,39.974712533190235,39.00772394398046,39.099609375,2760600
2019-07-11,39.05149028053605,39.40153298529929,38.63581748960251,39.26151657104492,3666800
2019-07-12,39.515295564301255,40.16287359183298,39.30964571762048,40.12786865234375,3164800
2019-07-15,40.29851614424743,40.61793039562779,40.08849317035088,40.51729202270508,3007000
2019-07-16,40.03598085513785,40.132242763992245,39.47591520898999,39.70781707763672,3217400
2019-07-17,39.72531473609303,39.97034259204909,39.39277454711397,39.712188720703125,2364600
2019-07-18,39.878460045593705,40.68355687667235,39.78219814139637,40.64855194091797,2874200
2019-07-19,41.024848082337535,41.0729790361112,40.36414408456189,40.39039611816406,3855800
2019-07-22,40.6835547281393,41.20423893240665,40.57853992642209,40.93733215332031,3053600
2019-07-23,41.21737493211589,41.825571618470676,41.00297550195432,41.81682205200195,3531400
2019-07-24,42.63940581280858,43.781415855718755,42.29811606908905,43.68515396118164,8132000
2019-07-25,43.16884615802463,43.3307381274167,42.47751376959505,42.901939392089844,3347400
2019-07-26,43.160105482210525,43.19948687663349,42.62629179912267,42.92820358276367,2339200
2019-07-29,43.04633712768555,43.18198043126382,42.62191476227718,43.04633712768555,3435200
2019-07-30,42.36813432903951,42.604412661108384,41.97433710892474,42.438140869140625,4210800
2019-07-31,42.35500038263734,42.35500038263734,40.6354222919168,41.31362533569336,5266000
2019-08-01,41.3267564718136,42.30249822555684,39.57217656930569,40.079734802246094,5248200
2019-08-02,39.887212744085524,39.887212744085524,38.44329086503994,38.530799865722656,7086200
2019-08-05,37.53756401575196,37.53756401575196,36.264286855397806,36.588077545166016,8928200
2019-08-06,37.33628810861647,37.843846354871324,36.758719986599786,37.21814727783203,8469800
2019-08-07,37.6294495670435,38.86334533792101,37.393171227311015,38.688323974609375,7966400
2019-08-08,38.81958605971456,39.742820382895324,38.50892476369585,39.72969436645508,4087400
2019-08-09,39.283386248398166,39.283386248398166,38.14137618514298,38.43891143798828,3756400
2019-08-12,38.04948436098357,38.460783907558195,37.861337051194496,38.1982536315918,3555800
2019-08-13,37.98824201103375,39.84783690984044,37.843849135357004,39.54592514038086,5591000
2019-08-14,38.106374506494085,38.609559610075436,37.83071814771246,38.027618408203125,4011400
2019-08-15,38.33827180667236,38.504540210354826,37.598808545755034,37.996978759765625,2513200
2019-08-16,38.491423866429386,38.867718598259394,38.285774031795015,38.67081832885742,3174000
2019-08-19,39.4715415758199,39.79970537675447,39.14337777488532,39.40153503417969,5778400
2019-08-20,39.37341011785001,39.496424025815706,38.87695682257441,39.05269241333008,4162200
2019-08-21,39.43491039238449,39.571103860009956,38.837411496145556,39.109798431396484,4117400
2019-08-22,38.925294263887,39.52279341590406,38.670477758963564,39.3558464050293,2862000
2019-08-23,38.96484171856507,39.06149649933646,37.10644272505047,37.15916442871094,5287000
2019-08-26,37.89285088482694,37.963146477978675,36.930700902802435,37.225059509277344,7386200
2019-08-27,37.51941489748272,37.94117840225992,36.94388062010811,37.058109283447266,3693600
2019-08-28,36.891163101733085,37.422760969177475,36.53530086984449,37.290958404541016,3230200
2019-08-29,38.00707283999528,38.38490320680767,37.84451682342975,38.03343200683594,2694600
2019-08-30,38.37172207923249,38.46398587127697,37.85769819035692,37.92799377441406,2415800
2019-09-03,37.4535108426558,37.848915146560934,36.94387788387183,37.29534912109375,4225400
2019-09-04,37.95435432975499,38.19159690680231,36.284871018034444,38.01146697998047,15039200
2019-09-05,38.586999330447924,39.566719720423215,38.586999330447924,39.026336669921875,7615600
2019-09-06,39.171322152463034,39.94894783512995,38.9604387366215,39.76881790161133,6027600
2019-09-09,40.019237272026636,41.07804188568199,39.94455072759428,40.36192321777344,5612600
2019-09-10,40.07635927526226,40.69143232268845,39.891838366597945,40.669464111328125,3813600
2019-09-11,40.81882432781835,41.93034700192443,40.335550685270384,41.92155838012695,5502000
2019-09-12,42.36529827981341,42.50149177762815,41.49540890362286,41.94353485107422,5563400
2019-09-13,42.14123096531196,42.1631991699963,41.710682309269416,41.73704147338867,3071200
2019-09-16,41.214235286372386,41.73704779983441,40.95502786156956,41.49541091918945,2313200
2019-09-17,41.161511081176535,41.35042624677781,40.70459990502746,41.192264556884766,2559000
2019-09-18,41.17909074999467,41.28892508605348,40.5069017977373,41.108795166015625,3677600
2019-09-19,41.157124209447176,41.29771203122302,40.57280471349083,40.63431167602539,2601200
2019-09-20,40.61234759271131,40.96820979013724,39.680951160779514,39.73806381225586,5362600
2019-09-23,39.66776957369401,40.722179879815805,39.571114820783464,40.383888244628906,3056200
2019-09-24,40.54204223409913,40.67823571350124,39.513994644010914,39.821529388427734,2854600
2019-09-25,39.62383882037689,41.003357906124144,39.19768103143925,40.862770080566406,3475000
2019-09-26,40.91548268912387,40.91548268912387,40.137857121154326,40.58158874511719,5035400
2019-09-27,40.52886098004749,40.915476550200346,39.83031636717862,40.10709762573242,3013200
2019-09-30,40.20814667551183,41.01213470805593,40.11149528880443,40.81882858276367,2875200
2019-10-01,41.67993679691554,42.21153460344099,40.57719907825369,40.82322692871094,5363600
2019-10-02,40.37509445572218,40.48932308069166,39.63700773231757,39.77759552001953,3239200
2019-10-03,39.82593680626777,40.511302091879486,39.26797641964516,40.28723907470703,4605200
2019-10-04,40.647483479013005,41.2054436990321,40.41902956931684,41.183475494384766,3252800
2019-10-07,41.07803803427659,41.297706686866306,40.52447209122477,40.56840515136719,4464400
2019-10-08,40.06317332252209,40.15103945024317,39.14056222206116,39.228431701660156,4086800
2019-10-09,39.81274924774805,40.2696604639517,39.63701364891931,40.06317138671875,2946600
2019-10-10,40.2169346043348,40.9330531567745,40.05437860571246,40.599159240722656,3538400
2019-10-11,41.363613646880324,42.55421750558249,41.15712454872155,41.96550369262695,5766000
2019-10-14,41.728258532953,42.08412067594579,41.43829430393842,42.03579330444336,2156000
2019-10-15,42.268647700710375,42.76070675870432,41.80295116402843,42.532249450683594,3226600
2019-10-16,42.43999420630492,42.773891584854475,42.145638938629716,42.21154022216797,2590400
2019-10-17,42.67284289264219,42.86175811950748,41.84688974014294,42.040199279785156,2129400
2019-10-18,41.9874753209322,42.03140839069988,40.98139226942389,41.74144744873047,2796800
2019-10-21,42.35651453080816,42.99355233264351,42.053370693804005,42.958404541015625,2931400
2019-10-22,42.760706953701394,42.98037563832716,42.29061610267739,42.33894348144531,3220000
2019-10-23,41.25378348491592,41.4470896661114,40.29163348405238,40.85398483276367,6593800
2019-10-24,40.69142372785187,41.640390594740914,40.69142372785187,41.37239456176758,2697800
2019-10-25,41.310885377359384,41.54373360777427,40.91987545234616,41.2537727355957,3289400
2019-10-28,42.02261648648856,42.303792110887336,41.82491267591333,41.996253967285156,3585600
2019-10-29,42.25106726293139,42.57617927771679,41.49101561230715,41.653568267822266,3088800
2019-10-30,42.75191718627526,42.82221277237762,41.732654650937235,41.912784576416016,3102600
2019-10-31,41.77658534762565,41.91278220000726,41.21423409820358,41.42511749267578,2613200
2019-11-01,41.99186045269298,42.795848525989435,41.93035349808996,42.611324310302734,3478600
2019-11-04,43.38895927001137,43.85026149387904,43.32305799463653,43.83708190917969,5580200
2019-11-05,43.82828723473063,44.623486625202545,43.38894996231478,43.94251251220703,7684800
2019-11-06,42.83538277226593,43.00672403520481,40.99455858360577,42.009429931640625,11298000
2019-11-07,42.2203189689307,42.57179019221514,41.57010156329587,41.89521026611328,8046600
2019-11-08,41.38997153609843,42.3872692023444,41.19227106841904,42.268646240234375,3555400
2019-11-11,41.86006297233843,42.167601134347365,41.504200784632964,41.548133850097656,4003800
2019-11-12,41.67114360442274,42.17638218640627,40.950630676888515,41.15711975097656,3802200
2019-11-13,40.7177745611934,41.508582914987095,40.638693725814036,41.33723831176758,2484200
2019-11-14,41.09121809197163,41.21862631417128,40.77489469228667,41.130760192871094,2675200
2019-11-15,41.763400746243676,41.89520327093799,41.346031671174096,41.56130599975586,3732400
2019-11-18,41.3240746864692,41.51298990215608,40.528875066704586,40.60795593261719,3122800
2019-11-19,40.91987156889175,41.064853667160456,40.19935874049105,40.70020294189453,4740600
2019-11-20,40.460705910671,40.892967084492,39.90052638932736,40.20487594604492,3829600
2019-11-21,40.24456941383791,40.46952356610979,39.825540270681294,40.138710021972656,3230000
2019-11-22,40.204874485474996,40.672423230233626,40.204874485474996,40.42982864379883,2407800
2019-11-25,40.716526441230485,41.32963388786421,40.69447422597284,41.294349670410156,3979400
2019-11-26,41.18407669600016,42.20739299198083,40.703292657582,42.066246032714844,7041000
2019-11-27,42.330904291305636,42.37942388336096,41.951571134442,42.167701721191406,3222000
2019-11-29,41.889823763088266,42.06184656492144,41.58106238566749,41.700157165527344,1465400
2019-12-02,41.96922056238218,42.07066818469112,41.316413559501385,41.55459976196289,4726600
2019-12-03,40.47393372104145,40.75622766475432,40.05931301893413,40.52245330810547,5036600
2019-12-04,42.185348007424395,42.76316799122643,41.68251162842525,42.58232498168945,8642800
2019-12-05,42.62643468453389,43.09839528461624,42.31326488122785,42.657310485839844,3702600
2019-12-06,43.23070993130892,43.667382817222624,43.08073939192695,43.5615234375,3210200
2019-12-09,43.56593350849685,43.834995439588695,43.40273432633923,43.676204681396484,3575200
2019-12-10,43.79528878734721,43.92761214353752,43.33214862766032,43.4291877746582,2918400
2019-12-11,43.56593595650554,44.015844251733924,43.363037390794254,43.8217658996582,2972800
2019-12-12,43.81734976756068,45.63461983042898,43.614451221958376,45.502296447753906,5298800
2019-12-13,45.400851208956304,46.15951747990587,44.92006710530176,45.030338287353516,5197600
2019-12-16,45.4361460367008,46.29184825746606,45.378802859160224,45.546417236328125,4890000
2019-12-17,45.65226899843556,45.70520037686564,45.171488263897466,45.19795227050781,3428400
2019-12-18,45.18472702325461,45.22442303910551,44.717174856903576,44.94654083251953,5655000
2019-12-19,45.09650356990539,45.22441855030064,44.74363779159635,45.153846740722656,2718600
2019-12-20,45.91693199104459,46.446235827624236,45.184732893476685,46.16835021972656,7550000
2019-12-23,46.287440432521315,46.565322647709166,45.99191105612917,46.305084228515625,3321800
2019-12-24,46.23008999943607,46.38006055924808,45.877224230554475,46.33595275878906,917400
2019-12-26,46.424171872547845,46.7241096496582,46.20804127829779,46.7241096496582,1861000
2019-12-27,46.78144993223021,46.825561101683604,46.35359716412643,46.5256233215332,1285600
2019-12-30,46.54326459929795,46.569731974494296,46.00073220331518,46.30949020385742,2266600
2019-12-31,46.331530860933015,46.437390231980984,45.7669430617322,46.19038391113281,3093800
2020-01-02,46.7682058383933,47.67683915873727,46.40651655275269,47.46070861816406,9717800
2020-01-03,46.490336838351894,47.12990842812849,46.25215065151659,46.419761657714844,20029800
2020-01-06,45.72285115839396,45.97426935524961,45.43614537052456,45.753726959228516,4031600
2020-01-07,47.593050080418145,48.87219665968247,47.138733279745175,48.82367706298828,13402800
2020-01-08,48.78397382890604,48.85454900587315,48.00325528366296,48.206153869628906,4806200
2020-01-09,48.691348669912166,48.80161986508186,47.76948309359426,48.66047286987305,4421200
2020-01-10,48.78395936333264,49.02655725570911,48.22819178774843,48.88541030883789,6307800
2020-01-13,49.07067571423269,49.26916249463348,48.770737966269905,49.05303192138672,4810800
2020-01-14,48.79720498184406,49.608802676756284,48.461982992728416,48.5722541809082,6707000
2020-01-15,48.19291915795903,48.25467075173146,47.16077912665949,47.45189666748047,12352000
2020-01-16,47.79153756630099,48.228210577498125,47.41220436781945,47.99884796142578,4878600
2020-01-17,48.11352402301634,48.50608917057328,47.69008307841141,48.25908279418945,4696000
2020-01-21,48.07823408566866,48.36493982435901,47.85327993805509,48.1840934753418,4112200
2020-01-22,48.41786355200279,48.94716718394805,47.99001424174901,48.232608795166016,2711000
2020-01-23,48.40462915078263,48.71779885235267,47.84004133019388,48.633995056152344,3666400
2020-01-24,49.101556789839115,49.123612374570364,46.88290092034983,47.29310989379883,5709800
2020-01-27,45.37880142702949,46.084539774539586,45.13620681463151,45.42291259765625,5319800
2020-01-28,45.93897683462458,46.384473369040705,45.68755866474806,45.961029052734375,3960600
2020-01-29,46.018372163480684,46.32271834859284,45.16707847268757,45.19354248046875,3447400
2020-01-30,44.79656982421875,45.03034422254744,43.95409963221104,44.79656982421875,4912200
2020-01-31,44.37311493192624,44.527493885740725,42.75433508082652,42.99693298339844,7770400
2020-02-03,43.376270747897124,43.52182951649771,42.90431022124231,43.02781677246094,4224400
2020-02-04,44.421643382658935,45.07003848336166,44.14376121030468,44.862728118896484,6819800
2020-02-05,47.63274416917394,49.20300826506082,46.419761031323766,47.86211013793945,12321000
2020-02-06,47.8753371454422,48.073823928469615,47.03286369324755,47.848873138427734,4231400
2020-02-07,47.48718150774761,47.632736904531,46.70645968630276,46.84760665893555,5007600
2020-02-10,46.41093730038308,47.712135949050754,46.31830990797168,47.70331573486328,4020400
2020-02-11,48.07823489900619,48.863365169015175,47.698901767283516,48.016483306884766,5751200
2020-02-12,48.29877400077532,48.881005662340684,48.21937862123417,48.38698959350586,4005000
2020-02-13,48.08704721906563,48.94275251972194,47.69448214850262,48.68251419067383,3652000
2020-02-14,48.850129855280095,48.93834544798701,47.9238526710209,48.237022399902344,2195000
2020-02-18,47.73418870729391,47.98560686187654,47.12990143232438,47.17842102050781,2194200
2020-02-19,47.65479959936936,48.50168156157689,47.54011661535903,48.4399299621582,3231000
2020-02-20,48.137652579184774,48.47842852196472,47.39414542170219,47.85441207885742,2554400
2020-02-21,47.42955326831093,47.71279378022327,46.2921646380242,46.50459671020508,4047200
2020-02-24,44.69892776259256,45.49554366737443,44.229811383383584,44.31389617919922,6910200
2020-02-25,44.66352616027355,44.73876117616383,42.60560435523419,43.008338928222656,5441000
2020-02-26,43.54826943383259,44.00410951169622,41.66737367952599,41.9417610168457,7456400
2020-02-27,40.76897120395341,41.49919864258608,39.72452055202044,39.777626037597656,8248000
2020-02-28,38.41009110800768,40.892872906446755,38.06046549652337,40.14493942260742,10948800
2020-03-02,40.53882948101672,42.167463840696946,39.870557427126755,42.14091110229492,9250200
2020-03-03,41.72048655963411,42.915410805985275,39.476688302950706,39.56962966918945,11342200
2020-03-04,40.189204118816335,41.42395711188259,39.40144135925621,41.27348709106445,9008600
2020-03-05,39.84401574363162,40.525564355821416,38.98101774119622,39.24655532836914,8313600
2020-03-06,37.79052271496711,39.25540781648506,37.58694377159104,38.485347747802734,10880600
2020-03-09,35.57327321572455,36.44955093146253,34.49784316192921,34.50226974487305,12189800
2020-03-10,35.838807277591805,36.290220732757064,33.65696826189194,36.060089111328125,12821600
2020-03-11,34.940407276750854,35.45378285576697,32.4045188390919,32.48418045043945,18819600
2020-03-12,30.873249567824022,31.16091669387624,27.36814362844695,27.58057403564453,20688400
2020-03-13,29.54113614870744,30.97504203657466,27.611557547376457,30.9661922454834,13216600
2020-03-16,27.195539925786495,29.076433977972542,24.681777954101562,24.681777954101562,13245600
2020-03-17,25.889975875854493,27.868236111222767,24.27904431369854,27.66023063659668,14931000
2020-03-18,24.92518895115407,26.92557719830486,24.150702429476617,25.646568298339844,13632000
2020-03-19,24.593268496028994,27.899220389052438,23.52226498594055,26.80166244506836,13221200
2020-03-20,27.492056599614408,28.492249819816372,25.79703850475633,26.394498825073242,10194600
2020-03-23,28.439143115471175,30.377570824689908,27.598271445415335,28.992347717285156,19436000
2020-03-24,30.930778004686253,33.63041601126363,30.930778004686253,33.51092529296875,17734800
2020-03-25,33.52420664173766,34.66602201494346,32.656782030180196,33.16130447387695,17580800
2020-03-26,33.39142362471652,33.679090651691006,31.992924347729296,32.97983932495117,8952000
2020-03-27,31.616747042883276,31.83802885952945,30.06777432636004,30.182838439941406,9326600
2020-03-30,30.71392729000944,31.271558603360468,29.79782039203675,30.532474517822266,6826600
2020-03-31,30.143016815270972,31.39104643586132,29.819943797122896,30.005823135375977,10725400
2020-04-01,28.81089920685214,29.63849462791392,27.43895226871507,27.788578033447266,7833200
2020-04-02,27.33273413666453,28.85957928218708,27.2707754870442,28.75779151916504,8014600
2020-04-03,28.47896954200698,29.213626804692773,27.890360779040105,28.34177589416504,6238000
2020-04-06,30.041226046459656,32.926743578843165,29.762412100314055,32.740867614746094,9534600
2020-04-07,33.90037327324105,34.07739939996796,32.08143648969479,32.45761489868164,8663800
2020-04-08,33.360447975638316,35.41836970080378,32.92231089108464,35.19266128540039,13348200
2020-04-09,35.18381711509095,37.12667165170418,34.458012856043766,34.71912384033203,12136600
2020-04-13,34.577506590303585,35.42723160603835,33.860555434409875,35.21037292480469,4896800
2020-04-14,36.11762503874229,36.91424107606326,35.67063474132924,36.263671875,5572400
2020-04-15,35.17497052868721,35.24577897732526,34.219031148371045,34.77223587036133,5062400
2020-04-16,34.931562365778326,35.25905864639234,33.92694398239056,34.32524871826172,5613200
2020-04-17,35.66620962833879,36.05566787440643,34.59963278738838,35.55556869506836,6323000
2020-04-20,34.94482519526386,35.431644532129546,34.32523541357449,34.39162063598633,4356600
2020-04-21,33.851692946856616,34.12165704589861,33.006398123547406,33.12588882446289,4636400
2020-04-22,34.52438618978434,35.19708135290918,33.97118170887858,34.975799560546875,3702200
2020-04-23,34.962534833316134,35.843235714711916,34.741252967282485,34.8740234375,3385000
2020-04-24,35.06432076478559,36.476096564194194,34.87401825322676,36.294647216796875,4548600
2020-04-27,36.55576466033839,37.560386252287245,36.55576466033839,37.48957443237305,6619200
2020-04-28,38.777434005025036,39.737796458227365,38.19767324114584,38.65793991088867,7225000
2020-04-29,39.852865207697526,41.034509555567425,39.631583342860765,40.83535385131836,7414800
2020-04-30,40.48572851961927,40.53883400234622,38.538447575962174,38.826114654541016,5900800
2020-05-01,37.82592184862773,37.892307082207154,36.00698468161488,36.07779312133789,6508000
2020-05-04,36.16188240286971,36.356611526861734,35.458207684524,36.299076080322266,4582000
2020-05-05,37.0204498608079,38.312734903667675,36.7195064448618,36.94078826904297,4376000
2020-05-06,37.617915632342985,37.85690044271587,36.88768483006357,37.06913757324219,2930000
2020-05-07,37.82148467297448,38.538438917140404,37.423176759548966,37.83918762207031,5934600
2020-05-08,37.547092974763366,39.755487697580364,36.95405939088341,39.69795227050781,6769400
2020-05-11,38.94559870353867,39.67140277289431,38.560567137182304,39.078369140625,3881800
2020-05-12,38.9854323861725,39.79090151354661,38.05604934692383,38.05604934692383,3759400
2020-05-13,38.5517279963308,38.657942349435096,36.538061611245304,37.15322494506836,4468800
2020-05-14,36.63984814318825,38.03392443600984,35.887487847518145,37.97196578979492,4683400
2020-05-15,36.56462702639507,37.17093734862531,36.34776830571233,36.97621154785156,5079200
2020-05-18,37.976382030157495,39.613869401692696,37.86574112842508,39.397010803222656,4543000
2020-05-19,39.14918479469556,40.060864943154485,38.98543500891213,39.007564544677734,4026400
2020-05-20,39.793295054252,40.93100710635921,39.56219517451187,40.57547378540039,8132000
2020-05-21,40.20661439065217,40.655478830546315,38.87335649804197,38.944461822509766,4688600
2020-05-22,38.6289231348802,39.188892378961725,38.41115863632351,39.02445602416992,3631000
2020-05-26,40.64658236083555,42.29537729692957,40.44214992195418,41.708744049072266,10316600
2020-05-27,42.38425378363702,44.104153652195954,42.25092668795311,42.99755096435547,20745600
2020-05-28,42.90423243033201,43.87306647740537,42.22427155792104,42.410926818847656,12229200
2020-05-29,42.508700901632594,43.49531215502182,42.27760099851725,42.673133850097656,14361600
2020-06-01,42.21093466471535,42.948668730877586,41.79762469701177,42.54869079589844,4911000
2020-06-02,42.77534998194282,43.64196610583664,42.63313596697949,43.03755569458008,7014200
2020-06-03,45.79741133322745,48.79279653857376,45.686306505529814,48.3483772277832,17451000
2020-06-04,48.03726579501614,48.33502921170127,46.99288143805539,47.48618698120117,7794000
2020-06-05,48.5128054965859,50.34381058143071,48.5128054965859,48.88611602783203,7885200
2020-06-08,49.361650988561436,49.606082957212806,47.312877766174964,48.20616149902344,6909400
2020-06-09,47.53507901985747,48.21503987902618,46.79289974159159,46.98844528198242,9208600
2020-06-10,47.33065085353076,47.335095995481126,46.0685017916152,46.37514877319336,5804600
2020-06-11,45.10854616695919,45.31742372127065,43.18421032952915,43.30864715576172,7530600
2020-06-12,45.090776750700385,45.592969283152044,43.04644887644654,44.277488708496094,3874000
2020-06-15,42.939780830219675,45.037436435368186,42.890894450946064,44.997440338134766,5210000
2020-06-16,46.65513512979713,47.095109245204014,45.330764250971065,46.121829986572266,5705800
2020-06-17,46.58847076995933,47.06844437349587,46.15293841327251,46.481807708740234,4798600
2020-06-18,46.17071946105128,46.59736156974754,45.859627316371736,46.348487854003906,3401000
2020-06-19,47.50397344314153,47.81062381117811,45.9396191723306,45.97517013549805,9214600
2020-06-22,46.11294726620739,46.35293409377822,45.34854553186702,46.09072494506836,2861800
2020-06-23,46.67290542099936,46.912892208880535,46.21515416270086,46.25515365600586,2288800
2020-06-24,45.79739656115359,46.25514776111494,44.686348642548694,44.92189025878906,5785000
2020-06-25,44.42859662510406,45.41520798388668,43.99750937458643,45.32188034057617,3351800
2020-06-26,45.19743080542332,45.3040938535621,44.21970993203014,44.464141845703125,8917400
2020-06-29,44.81522924144862,45.88183596961324,44.17971305832626,45.584075927734375,3936600
2020-06-30,45.71296256577052,47.00177901926603,45.43742142074814,46.801788330078125,5750800
2020-07-01,46.72179434681523,46.87734379621898,45.824068957256756,45.828514099121094,3124200
2020-07-02,46.84178755218738,47.232875254221156,46.192935882821274,46.49069595336914,4249600
2020-07-06,47.437301307332945,48.38391631046443,47.11287721164828,47.886165618896484,3078200
2020-07-07,47.681745952285986,47.93950995381661,46.57514287139431,46.65958023071289,4642200
2020-07-08,46.646241373895165,46.84178691758768,45.56630252326081,46.21071243286133,9480800
2020-07-09,46.1396165857363,48.59280989544821,45.15300509041556,47.79730224609375,10115800
2020-07-10,48.2639212457056,48.2639212457056,46.761785669814785,47.3795280456543,3956000
2020-07-13,48.31725997526135,48.93944758501252,46.4240330768034,46.47291946411133,6849800
2020-07-14,46.16626722951107,47.9306120706969,45.912948410414465,47.806175231933594,6773400
2020-07-15,48.16170704523246,48.375026349715256,47.423969589827195,47.943939208984375,3273600
2020-07-16,47.17066546636758,47.48175762825646,46.6729146166951,46.948455810546875,3763000
2020-07-17,47.317317298407666,47.60174534239733,46.7662383870089,46.9617805480957,4083400
2020-07-20,47.15288117189619,47.957282310229324,46.65957553915948,47.855064392089844,4115600
2020-07-21,47.88172680988593,48.28614993601418,47.27731638685557,47.41508865356445,3815400
2020-07-22,47.615074264845575,47.72617906822456,46.384034535292216,46.43736267089844,4412200
2020-07-23,46.39291872551234,46.632905493710815,44.81078750255499,45.12187957763672,5990200
2020-07-24,44.73524230974922,45.579636152924365,44.14416390700684,44.53525161743164,4743600
2020-07-27,45.24631806429208,46.38403353192376,44.99744439511458,45.8151741027832,5619400
2020-07-28,45.57963115114338,45.57963115114338,44.47302831476061,44.67301559448242,3060000
2020-07-29,44.886347173179004,45.85962647907079,44.74857828171488,45.63741683959961,3690600
2020-07-30,44.673013541864265,45.49963347052542,44.33081227234931,45.44186019897461,4285400
2020-07-31,45.415202091760946,45.61963453020157,44.628578157749544,45.21076965332031,3117000
2020-08-03,45.55740981223971,46.73512128430744,45.450746770766614,46.606239318847656,3818600
2020-08-04,46.31736581441265,47.84172368255298,46.304033781996566,47.695064544677734,5552400
2020-08-05,44.473037206116345,44.77968759427017,43.49087100436788,43.775299072265625,14825200
2020-08-06,43.55754000474327,44.08195495605469,43.33533033707996,44.08195495605469,4484000
2020-08-07,44.077504277561566,44.35304545149261,43.40643021611743,43.98417663574219,4364800
2020-08-10,43.81974594622816,44.588592891056955,43.74864061545263,44.5574836730957,3351600
2020-08-11,44.70857551491435,45.841845949626176,44.65524737535599,44.72635269165039,5258200
2020-08-12,45.268543531392744,45.517417217891605,44.904119894455256,45.370758056640625,3433000
2020-08-13,45.459644451027415,45.46853134393852,44.4863652307503,44.69968795776367,3573000
2020-08-14,44.61525205955855,44.91745731108206,44.41081959391765,44.53081130981445,2421000
2020-08-17,44.70857126692725,46.032941987404165,44.637465957388926,45.9351692199707,4051600
2020-08-18,46.17960097484492,47.84617298478139,46.01071950782238,47.70840072631836,11282600
2020-08-19,47.8506188956539,49.32609064110194,47.557303959542104,48.05060958862305,10292400
2020-08-20,47.50567098344337,47.871339209813556,46.45771964952402,46.78771209716797,4165600
2020-08-21,46.64501092340157,48.335112612535085,46.15002056632579,48.129981994628906,7764800
2020-08-24,48.33511300927528,48.79442759251242,46.97500374628522,47.90255355834961,5905400
2020-08-25,47.93823023454859,48.69186489625168,47.808908088904126,48.60713577270508,3296000
2020-08-26,48.080918220313954,48.43320879275834,47.7732206590918,47.99618911743164,3297400
2020-08-27,48.74983983202092,48.74983983202092,47.45216474143654,47.898101806640625,2623000
2020-08-28,48.02741190979575,49.2983350384636,47.920387986050706,49.28495407104492,3311400
2020-08-31,49.053067274013785,49.249280631823154,48.67402152552405,48.91928482055664,4022600
2020-09-01,49.01739004458432,50.1188548850378,48.7007752098442,50.101016998291016,3745400
2020-09-02,50.39088512549486,51.3318125447068,49.721979570731655,51.1445198059082,4861600
2020-09-03,50.55588478649878,50.58263992089282,48.259308289322355,48.61159896850586,4831600
2020-09-04,48.45552103963245,48.91929257339743,46.67177285606675,48.228092193603516,4422800
2020-09-08,46.81000847186736,47.380807300162026,45.83786565423134,45.87799835205078,4376000
2020-09-09,45.481113240200884,46.060832695520205,44.96828501468444,45.24030685424805,6858200
2020-09-10,45.726382177715266,46.39082738109334,44.56248628998924,44.861263275146484,4729200
2020-09-11,45.26261191231121,45.6728731938975,44.40195324429334,44.905860900878906,2530000
2020-09-14,45.95380866280681,46.08312739730265,45.30273765661025,45.579219818115234,2656400
2020-09-15,46.141112751674896,46.4711052564141,45.73976867713797,46.208003997802734,2284600
2020-09-16,46.46218932975185,47.010690078658584,46.060845243826066,46.185707092285156,3164600
2020-09-17,44.62044600251744,46.306086973300296,44.51788241874904,46.163387298583984,2963400
2020-09-18,46.283802951489285,46.51568870108775,44.50897214415068,45.218013763427734,9391600
2020-09-21,44.37073793750124,44.51343766211557,42.88130977447854,43.924800872802734,4684800
2020-09-22,44.1477676867752,44.35735864338229,43.69737031633632,44.23695373535156,3161400
2020-09-23,44.259248199162116,44.73194034058586,43.38967239140534,43.54574966430664,3568600
2020-09-24,43.175618134433634,44.192353901343154,42.948189322710455,43.59033966064453,2916000
2020-09-25,43.411971795657216,44.26817012811148,42.60036648843354,44.170066833496094,2865000
2020-09-28,45.088686736483574,45.97164002062632,44.82112523832605,45.96272277832031,3912400
2020-09-29,45.81557083129883,46.39529034791484,45.49003869525617,45.81557083129883,2786000
2020-09-30,45.94935141601803,46.676227541202145,45.67732955887531,45.82448959350586,4817800
2020-10-01,47.30500459025237,48.16566326030909,46.82785206761346,47.73756408691406,4888800
2020-10-02,46.48893589838141,47.86242278270562,46.27042770385742,46.27042770385742,3328200
2020-10-05,46.70744236476256,47.8980967898442,46.70744236476256,47.85350036621094,2674000
2020-10-06,47.866884583058656,49.004025499113,47.3852751218611,47.48783874511719,2573000
2020-10-07,48.33066055907011,48.68741159173825,48.04080417253599,48.51349639892578,2700600
2020-10-08,48.959424628305875,49.86467621225483,48.7409164465115,49.757652282714844,3568400
2020-10-09,50.943848748173956,51.97842259060238,50.48899444425507,50.82790756225586,3205600
2020-10-12,51.443298534450534,51.50572944948365,50.66736901744626,50.89479446411133,4049400
2020-10-13,50.28385808944474,50.39088201898473,49.53468377820606,49.757652282714844,3774600
2020-10-14,49.757656027697465,50.07873124271236,49.258205315204336,49.38752746582031,2385800
2020-10-15,48.776587220810036,49.7041369856617,48.54470148071175,49.6506233215332,1973400
2020-10-16,49.83792984151573,50.09657076651848,49.37861518584069,49.41428756713867,2875000
2020-10-19,51.27829496415349,51.300593175169915,49.499007276826894,49.79332733154297,3095000
2020-10-20,50.03859799490287,50.73871905561412,49.59712125018172,49.60158157348633,2463800
2020-10-21,49.65955137955582,50.08319022656629,48.98172514166335,49.267127990722656,2227400
2020-10-22,49.280503108104604,50.337371712584165,48.8524039591442,50.17683410644531,3584800
2020-10-23,50.55142298817917,50.55142298817917,49.82008651675978,50.17683410644531,1908000
2020-10-26,49.63279931557744,49.74874050899268,48.18796069909691,48.93267822265625,2010000
2020-10-27,48.89254317084624,49.31172513183679,48.0095896217245,48.13890838623047,2127800
2020-10-28,47.291619183139304,47.50120671071188,45.66394848806635,45.72637939453125,4240000
2020-10-29,45.69517645301701,47.96499472211381,45.64166277472494,47.425411224365234,3544800
2020-10-30,46.82339022900236,47.44770277916833,46.2570516727374,46.859066009521484,3322400
2020-11-02,47.65729432275205,47.706347671011414,46.37299342611389,46.87244415283203,2668200
2020-11-03,47.39865000019964,48.8925384545074,47.36297421925247,48.5937614440918,3229800
2020-11-04,50.02075632479567,50.87249769344527,48.40200611496311,50.53358459472656,4034800
2020-11-05,51.4209935570473,52.90150423722667,50.84127750767729,52.79001998901367,5205000
2020-11-06,54.547012244625414,56.5403511256547,53.53473677868752,55.86698532104492,7042000
2020-11-09,58.41330024553614,58.70761354536827,56.317393939438496,56.41550064086914,4916000
2020-11-10,55.55929193173071,56.05874262111777,54.06986391148651,54.3686408996582,4951000
2020-11-11,55.18023500687276,56.62953003571037,54.854702951797364,56.299537658691406,4058200
2020-11-12,56.06766067315089,56.43332887814547,54.819035708558566,55.055381774902344,2229400
2020-11-13,55.80901449095007,56.69642814066631,55.61280112835241,56.25495147705078,1874200
2020-11-16,57.00858614327992,57.85587055116692,56.32630305733457,57.815731048583984,2011800
2020-11-17,56.91048404201324,57.307364317670576,56.17468727436786,56.79899978637695,2496800
2020-11-18,56.75441028738728,56.986299472653876,55.626190027041844,55.67524337768555,2602800
2020-11-19,55.14255778595219,57.10602435441984,54.96365351884655,57.029991149902344,2688200
2020-11-20,58.10787686142421,60.509655028094215,57.85741296336327,58.58197021484375,13091000
2020-11-23,58.456732500544646,59.21260107705023,57.94685766559837,58.86820983886719,4776200
2020-11-24,59.472019751297736,60.21894133644008,58.599866213235096,59.73590087890625,2678400
2020-11-25,59.24393841890194,59.72250206694676,58.68038763241321,59.00241470336914,2448800
2020-11-27,59.82981978397377,59.928217279425084,59.1723487119257,59.489898681640625,1332400
2020-11-30,59.48543849518069,60.29497607749765,58.73404675843227,60.10712814331055,3755400
2020-12-01,61.26999826674311,62.0974231247963,59.874545878518745,61.261051177978516,4708000
2020-12-02,60.594616470557646,61.72171048597986,60.54989468817024,61.44441223144531,3293600
2020-12-03,61.636764411494994,62.8488393576917,61.332631553928906,61.94984436035156,5965200
2020-12-04,61.9900940382138,64.62444901635595,61.864862076490546,64.51263427734375,4494400
2020-12-07,64.29792732997493,65.00459710457311,63.779112270777375,64.84806060791016,2464800
2020-12-08,64.29346377779578,64.97329918394229,64.03405280933686,64.74072265625,2637600
2020-12-09,63.84620679937302,64.5260422257511,61.82012456565046,62.52679443359375,5381400
2020-12-10,62.41945304891565,63.53313020348024,61.976671091087724,62.57599639892578,3118400
2020-12-11,61.71278684738808,63.2245242537874,61.524938910882874,62.88908004760742,3064400
2020-12-14,63.40789789507411,63.95802444619762,62.92038049404559,63.28713607788086,2765800
2020-12-15,64.29795155316982,64.3963490794005,62.66545892870497,63.13508224487305,4082400
2020-12-16,63.07693184678169,63.44815760997602,61.726207849619094,62.08849334716797,6001200
2020-12-17,63.00984221559608,63.36764391109782,62.29869530790615,62.49102020263672,3101000
2020-12-18,62.87566655704112,62.87566655704112,61.13582944404573,61.7262077331543,9038800
2020-12-21,60.317340308907475,61.89169367261744,60.14737972955176,61.72173309326172,4430600
2020-12-22,61.66357924646732,62.21371257943075,60.87640607906873,61.25210189819336,3867600
2020-12-23,61.198450524864974,61.69490829382009,60.76907887686427,60.82722473144531,2114600
2020-12-24,60.93454987597559,61.49809358578631,60.51412545333945,61.17159652709961,903800
2020-12-28,61.76196902853719,61.98112830795783,60.79141820475092,60.93901443481445,1569600
2020-12-29,61.51151661802189,61.51151661802189,59.91480587703452,60.451515197753906,1937200
2020-12-30,61.08216654699326,61.39076953259505,60.648324759366226,61.18055725097656,2787400
2020-12-31,61.1089786153441,61.80670132661721,60.661719767130215,61.77091979980469,1594200
2021-01-04,62.14663073383722,63.62705679012891,61.015066118167674,61.35498046875,4297000
2021-01-05,61.52048079092193,62.76833047873145,61.404189075642456,62.70124435424805,3788000
2021-01-06,63.43026453772234,65.70233388961736,62.705700432552526,63.90435791015625,5817200
2021-01-07,64.73178204168019,66.80259303990856,64.68706024413942,66.50740051269531,6604600
2021-01-08,67.83576977114542,68.36353892486079,65.46082564100259,65.92597198486328,5197600
2021-01-11,64.8704352767485,66.4090071607589,64.70495164869237,66.10934448242188,5742200
2021-01-12,66.0019879151512,67.27220133704732,65.04932443641509,66.7846908569336,5666800
2021-01-13,66.99489409045044,67.78654409437726,66.53869501836799,67.40190124511719,2766400
2021-01-14,67.8178802221756,68.99864363725408,67.71053561184836,68.55585479736328,3068000
2021-01-15,68.13543994154985,68.25173165873399,66.35982102174147,66.4448013305664,3121000
2021-01-19,67.39746036416689,68.77054195681308,66.93230717849339,68.54244232177734,2490600
2021-01-20,69.09255226891841,69.48614228085668,67.98335211892682,68.15331268310547,2628200
2021-01-21,68.43509834409907,68.69898634548795,67.33931513963522,68.12649536132812,2250800
2021-01-22,67.67027237536193,68.05938543126302,67.01280125182821,67.14698028564453,1968200
2021-01-25,67.43323093236172,67.84023137282054,65.6710296524222,66.72208404541016,2765800
2021-01-26,66.72208354309063,66.72208354309063,64.64680239202598,64.84359741210938,3401000
2021-01-27,62.370249864327775,62.45076001206825,59.27968934513937,59.503318786621094,7075400
2021-01-28,61.2208002059284,62.804093703661735,60.38889838179618,62.01244354248047,6000400
2021-01-29,61.41759773014751,61.99008859767509,60.10712555513007,60.87641143798828,3475200
2021-02-01,62.48207736162957,63.83280137527623,61.55177787587911,63.622589111328125,3965800
2021-02-02,64.73626244831499,65.69339632194924,63.46604185206388,64.3695068359375,3178600
2021-02-03,63.87752869059277,64.61550325337737,62.44629454213867,62.558109283447266,4960400
2021-02-04,62.75489977635798,65.22824112905265,62.003508044990866,64.28900146484375,8327800
2021-02-05,65.52344034908886,65.7470698383349,62.728071733513396,65.04934692382812,5960000
2021-02-08,65.4518661141142,68.29196287311281,65.4518661141142,68.19356536865234,4955000
2021-02-09,67.89390731278273,68.73922642215229,67.38850253521824,68.00572204589844,5413800
2021-02-10,68.1801734265006,69.1104731070143,66.83839622233057,67.8223648071289,3733600
2021-02-11,68.21592592962132,70.56850516917832,67.8223359334107,70.50141906738281,3829400
2021-02-12,70.02733117978097,71.51669735217558,69.68293990638843,71.36016082763672,3389200
2021-02-16,71.92369449466365,72.84504663267401,71.48985286468738,72.56327819824219,4353800
2021-02-17,74.517800480179,74.54463492039393,72.00420781882625,72.9255599975586,9182400
2021-02-18,71.552487961172,71.97738261686395,69.28935866961075,70.013916015625,5391000
2021-02-19,71.26489727099532,73.04046276681314,70.88826299511592,72.79386138916016,3551600
2021-02-22,71.38145851989898,72.21992630032206,69.28306210367093,69.5834732055664,3952800
2021-02-23,68.6015260562573,70.01390767956921,66.00094396160674,69.46688842773438,4710000
2021-02-24,68.39976742853808,70.73132150768286,68.08141742441033,70.50713348388672,5496200
2021-02-25,69.7583438551449,70.13945937720634,65.79021323666367,66.2341079711914,4946400
2021-02-26,67.3640349660329,69.36827689574554,65.65571609444656,68.43565368652344,6220200
2021-03-01,69.493802547491,71.00482756174695,68.88849217733453,70.88825225830078,4041400
2021-03-02,69.96909196344713,70.65062555296828,68.09936444236808,68.19351959228516,3318000
2021-03-03,67.88410634007374,69.0678184043368,66.19373417744346,66.52552795410156,5643200
2021-03-04,66.43586695634383,66.90218179860433,62.189745953779706,62.81298828125,5098200
2021-03-05,64.58408429503027,65.44497234587917,60.76392521213831,65.2118148803711,6643800
2021-03-08,64.71858240206942,65.66017462531619,61.20331662751639,61.31541061401367,4570400
2021-03-09,63.68284609995479,65.76779187352828,63.25240894853292,65.22077941894531,4899800
2021-03-10,66.53002752527311,66.53899011852039,63.34207415726382,63.36449432373047,3930200
2021-03-11,65.39564398516647,67.00979352085116,65.0145216388892,66.45381164550781,5517000
2021-03-12,64.97415013066733,66.27892557780316,64.44506303689481,66.11302185058594,2962000
2021-03-15,65.62877710037795,67.21603158885493,65.4853003726568,67.05909729003906,3279400
2021-03-16,67.60612852573988,68.83468115229367,66.62867219056795,67.21155548095703,4376400
2021-03-17,66.18927076144087,69.1933957901953,65.76779617690873,68.96920776367188,3583200
2021-03-18,67.07704792456134,67.96931172719927,65.13109101288717,65.23422241210938,4120800
2021-03-19,65.46291166497124,68.2831943695149,64.22987736991186,67.28331756591797,10437200
2021-03-22,68.5477261497041,70.20223471044848,68.44011344500511,69.43550872802734,4816600
2021-03-23,70.95102699030166,70.95102699030166,66.55245229351678,67.2474365234375,4933400
2021-03-24,68.4445918272252,68.63739705972387,65.77227477025106,65.80365753173828,3509400
2021-03-25,64.75443425646188,66.44929428656066,63.808361014968895,65.98298645019531,3459000
2021-03-26,65.78122684976434,69.81660967680308,65.58394037244145,69.68657684326172,4342600
2021-03-29,68.65980878659443,69.17095707637601,66.72282147268075,67.63751220703125,3425200
2021-03-30,67.31019876498145,67.83031653479445,66.6600549735524,67.30571746826172,2794200
2021-03-31,68.2428114196354,70.04528447464455,67.99172200733032,69.59690856933594,4103400
2021-04-01,70.61922025843627,71.9105453324979,70.30535842562263,71.8163833618164,4140600
2021-04-05,73.19290586337874,73.74888776390569,72.14818888872128,73.45296478271484,4198200
2021-04-06,72.83419056811624,73.65920067587527,71.77602305019086,72.07195281982422,2843600
2021-04-07,72.2781984366669,72.61448038365047,71.22900040407987,71.61012268066406,2248800
2021-04-08,72.32752133397997,72.59206149492228,71.17071059502045,72.54273986816406,2926000
2021-04-09,72.06746268451528,72.86557130776761,71.70876056535522,72.51583862304688,2659200
2021-04-12,71.8970868659629,72.06746507592032,70.41295671316958,71.18865203857422,2724600
2021-04-13,71.60564812168923,71.99125176768824,69.17993224211033,70.55644989013672,3042000
2021-04-14,70.17533463010385,71.50701207454689,69.67763693024457,70.09014892578125,2167400
2021-04-15,71.19762693596415,72.10783657302845,70.46677865793951,71.92848205566406,2732800
2021-04-16,71.77600046163006,72.00466966165116,70.89269956889376,70.97340393066406,2504600
2021-04-19,70.70890139663318,70.87031704756963,68.46702115678004,69.06336212158203,2946000
2021-04-20,68.48943529077864,68.82123600003482,66.66902979113853,67.13533782958984,3369000
2021-04-21,66.97841011001434,69.47137961408094,66.31480869369777,69.34134674072266,3761600
2021-04-22,69.18442717132429,69.56554271591408,67.46714604685302,67.87068176269531,3307800
2021-04-23,68.58807870740003,70.49367674740971,68.4939167350861,70.1170425415039,4632400
2021-04-26,70.02736747886809,71.7222352246352,69.82111832934505,71.36353302001953,3840600
2021-04-27,71.4711159779456,72.37683721484073,70.52953068959518,70.6147232055664,3685200
2021-04-28,70.25154959931713,70.28742050093253,69.05887461856095,69.32789611816406,2967800
2021-04-29,69.98251122890206,70.33224388324786,68.85709018393523,69.90628814697266,2016800
2021-04-30,68.80780241344887,69.44449568310594,67.05913143973356,67.38644409179688,4010400
2021-05-03,68.35493467413265,68.52083848249558,66.05476994701789,66.41795349121094,3224200
2021-05-04,65.72743536652142,65.79469587067543,64.211929158032,64.9607162475586,5768600
2021-05-05,65.95610744670505,66.92908247356802,64.66030117644272,65.30147552490234,4161200
2021-05-06,65.18489866004673,65.79917153031256,64.26124528553268,65.69155883789062,5083400
2021-05-07,68.34146540240853,68.34146540240853,66.39551530966695,67.14430236816406,4884800
2021-05-10,66.7003994103437,66.86181501524489,64.20743038928275,64.25675201416016,4435600
2021-05-11,62.86679235797941,65.39563233765179,62.15386942731276,65.24317932128906,4379600
2021-05-12,63.6469824902917,64.15364964447653,62.118018432242145,62.387046813964844,5059400
2021-05-13,63.27481434014637,64.53474971407148,62.64260942568499,63.72319030761719,3801200
2021-05-14,64.65581843257387,65.93817407815902,63.844258959699225,65.22525787353516,3763600
2021-05-17,64.43163366104653,64.79930528690235,63.131345920436125,64.3509292602539,2226000
2021-05-18,63.911519515420444,65.34632835681498,63.79494420476927,63.86219787597656,2751600
2021-05-19,62.70537275528321,66.16234713519758,62.48566609986664,65.90677642822266,4007400
2021-05-20,66.34426980635251,68.32267967539377,66.34426980635251,67.96296691894531,3906200
2021-05-21,67.54031819975026,68.29121496216385,66.81189791222056,67.36045837402344,3385000
2021-05-24,67.96299458221175,69.63565374871898,67.96299458221175,69.28943634033203,2816200
2021-05-25,69.91442350908642,70.20219241250577,68.5295335173333,69.5816879272461,2686800
2021-05-26,69.58617915478204,70.25614421596809,68.9656815545137,69.93689727783203,3782600
2021-05-27,69.80650662687005,70.73276255746786,69.4422998639604,70.03132629394531,3353600
2021-05-28,70.2471666523408,70.88565382348483,69.83799998289263,70.57090759277344,2322800
2021-06-01,71.04303554004832,71.79842654873534,69.78854445028105,69.83800506591797,2634000
2021-06-02,69.48725065145067,70.3100913493383,69.10056059989066,69.91441345214844,2805000
2021-06-03,68.7993160236464,69.11856298815809,67.78762746335245,68.21479034423828,3726000
2021-06-04,68.96118782355059,69.96838247998807,68.65093556120836,69.8649673461914,2868400
2021-06-07,69.46927056195503,69.86944925709719,68.80830025433413,69.05110931396484,2170600
2021-06-08,70.10327227771403,70.16622151189215,67.98996871778908,68.61946105957031,1763600
2021-06-09,68.9207284797115,69.23098077155143,68.10688224224904,68.25975799560547,2041600
2021-06-10,68.53853556235714,69.48727504158006,68.08440220441754,68.99267578125,2365000
2021-06-11,69.32090697365076,69.33889639217331,68.63745314980528,69.2849349975586,1428200
2021-06-14,69.47827919431629,70.09428295185545,68.46208980047507,70.03582763671875,2909000
2021-06-15,69.90992489720476,70.35507032797905,69.00165834125214,69.22197723388672,2268000
2021-06-16,69.53223458094585,70.02684065138044,67.78313763870364,68.52054595947266,3248200
2021-06-17,68.06642114155268,68.72739167226732,66.75347479005893,67.54933166503906,4524600
2021-06-18,66.973778404035,67.140149625489,64.77954308755558,65.47647857666016,7738400
2021-06-21,65.92163073414126,66.66803376241579,65.39555347521116,66.43421936035156,3377800
2021-06-22,66.41171602914659,66.4207107352366,65.52143223284882,65.59337615966797,4633200
2021-06-23,65.5034619811223,66.38475819006896,65.40904155288489,65.85418701171875,1891000
2021-06-24,66.47917208430273,67.40992185129628,66.25435243824279,67.05020904541016,3971000
2021-06-25,67.3694617466304,68.00794877295318,66.54212702471511,66.8928451538086,4496600
2021-06-28,67.48186497602062,68.95218736469984,67.34697181781087,68.48905944824219,3760000
2021-06-29,68.35416962715188,68.88474071814191,67.76514323052855,68.71388244628906,2174600
2021-06-30,68.61047825521119,68.67792828557347,66.99178044081366,67.32901000976562,4135600
2021-07-01,67.37844884433402,67.84157675380263,66.30830516255752,66.4117202758789,2979200
2021-07-02,66.93331501143317,67.0187475870844,65.98008176932916,66.6590347290039,3002400
2021-07-06,66.24533801768911,66.56008405631897,64.56818587824431,65.70577239990234,4011600
2021-07-07,66.26785725901266,66.30832315856199,63.80382839628757,64.52774810791016,3721800
2021-07-08,63.40364893425618,63.9522095477599,62.18962393391047,63.40814971923828,3486400
2021-07-09,63.70491097114585,64.97289745346053,63.08441322492775,64.75707244873047,3285200
2021-07-12,64.60416625245992,65.76873716224044,64.4647791781688,65.7327651977539,2808200
2021-07-13,65.26515915272536,65.55742889267384,64.6491553420365,64.71659851074219,2878400
2021-07-14,65.24715860760926,65.99805540965792,64.41082924144978,64.54122161865234,4049000
2021-07-15,63.55201792269971,63.71838913152182,61.14195096585329,61.802921295166016,5767200
2021-07-16,62.095212609777654,62.58981190270532,60.01337969974108,60.14377212524414,3636000
2021-07-19,59.21301426877703,59.35240138640174,58.030460439588516,59.343406677246094,8572400
2021-07-20,59.50526522461722,62.18961248062146,59.27595164420207,61.61407470703125,6437800
2021-07-21,61.91984952566767,63.26426704341856,61.60509643284729,63.24628448486328,3572800
2021-07-22,62.29302930206969,62.45489973411942,61.73098014369587,62.221092224121094,4917600
2021-07-23,62.87755957759081,63.01245274302527,61.77145071512134,62.598785400390625,2074000
2021-07-26,62.22558877322366,62.92702505472096,62.068212257857404,62.675228118896484,2309800
2021-07-27,62.297532600798476,62.48188637881437,59.68962302849314,61.12846755981445,4063400
2021-07-28,61.53316401056438,62.39647096679739,61.20042833392042,61.99629211425781,3511000
2021-07-29,62.94949646969416,63.51603946797918,62.35147542991799,63.41262435913086,2499800
2021-07-30,62.84159041889851,64.3928515993206,62.81911394111407,64.35237884521484,3442000
2021-08-02,66.19588504556171,68.17879560830423,65.10325819755977,65.19319152832031,7295200
2021-08-03,65.52143107534891,66.33078308539001,64.28492315640985,66.01603698730469,4502000
2021-08-04,66.50615379075676,68.04841337258864,66.23636745306617,66.3262939453125,6037800
2021-08-05,66.54661224928897,67.35146352726944,65.89013589341681,67.34696960449219,3313400
2021-08-06,66.94680561292935,67.51334874993181,66.67701924619354,67.32450103759766,3035600
2021-08-09,67.67521019930248,67.67521019930248,66.4971574004981,67.22107696533203,2915000
2021-08-10,67.36496389820627,67.90452969145413,66.33528604869579,67.67071533203125,3420800
2021-08-11,68.12035449633828,68.12035449633828,66.41622455448938,67.6572265625,2056200
2021-08-12,67.35595807457933,68.30019634168758,66.10596156315734,67.96296691894531,6965200
2021-08-13,67.76063413515227,68.3676498718013,67.43239940113972,68.15182495117188,2324200
2021-08-16,68.12037726977145,68.59250006858434,67.40545218465816,67.6302719116211,2997000
2021-08-17,66.70400753494324,66.77594462440406,64.8784658132011,65.50796508789062,4056200
2021-08-18,65.07630229014471,65.96659315788347,64.50076446141878,64.59968566894531,2989400
2021-08-19,64.18791656526035,65.30190788539517,63.58355633382632,65.05836486816406,3787600
2021-08-20,65.12149400836748,65.90174130306698,64.46752927413206,65.32444763183594,5313600
2021-08-23,65.85213818826628,66.9120171862395,65.68977389244664,66.6955337524414,4887200
2021-08-24,66.98420028808994,67.69679896882226,66.65495708371321,66.77222442626953,2292200
2021-08-25,68.05307601705945,68.77920428511538,67.35852183460283,68.3056411743164,5766600
2021-08-26,68.10269202061434,70.50207493683078,67.86365663228483,70.3306884765625,5169200
2021-08-27,70.47048932765591,72.32414535420592,70.25851354520763,71.88215637207031,4060600
2021-08-30,72.04451404699138,72.24295314595534,71.2597522723371,71.71527099609375,2886400
2021-08-31,71.74234720980061,71.74234720980061,69.90672851893457,70.97111511230469,4377800
2021-09-01,71.55292529030366,71.5664550759728,69.92026692196873,70.18185424804688,3887600
2021-09-02,70.19086821193545,70.62383506661563,69.96987026864231,70.4795150756836,3659400
2021-09-03,70.4163873184481,71.30488001451229,70.25853063121187,70.73209381103516,2077400
2021-09-07,70.94857063985167,70.94857063985167,70.10066738321467,70.37127685546875,2510200
2021-09-08,70.20440737821319,70.35324190498866,69.0002082599952,69.58651733398438,2370800
2021-09-09,69.70378033329679,70.72306313852711,69.28433635077029,70.3442153930664,3061000
2021-09-10,70.9350524177381,72.50006208451458,70.9350524177381,71.02525329589844,3836400
2021-09-13,72.04903405311711,72.50455285509823,71.10642236410571,72.47749328613281,3697400
2021-09-14,72.8653626070855,73.21264313054257,71.72881254606142,72.45494079589844,3584000
2021-09-15,72.50004840401292,73.17205755099046,71.8596133434708,73.14950561523438,3434600
2021-09-16,72.37827619577065,74.05153079306226,72.26552339460741,73.56443786621094,3386400
2021-09-17,73.33892229822511,73.51481636886298,71.86411393248669,72.65789794921875,10976200
2021-09-20,71.3544777638665,71.43114883428649,69.5955301326201,70.58775329589844,5917800
2021-09-21,71.02523790207381,71.48076359316569,69.94281383497994,70.93954467773438,5091200
2021-09-22,71.6746916725929,73.01419534874333,71.22368051919233,72.83379364013672,3016600
2021-09-23,72.69849990904623,74.76413212975046,72.69849990904623,74.49352264404297,3162800
2021-09-24,74.02446467467506,74.7280409906031,73.76287737328668,74.5521469116211,1901800
2021-09-27,73.90719302053203,74.92648259735107,73.26675803006296,74.9039306640625,2488800
2021-09-28,72.91949231054,73.7764177760535,71.36350494453848,71.41311645507812,4259400
2021-09-29,71.23720743117491,71.55742836520795,68.96862197158326,69.0362777709961,4455600
2021-09-30,69.77143536744978,70.24950616646747,68.9866802376982,69.22571563720703,2830800
2021-10-01,69.72633515892927,69.7669245157928,68.15681120802464,68.8739242553711,4276800
2021-10-04,68.04405585321395,68.31917295366203,65.73488076872162,66.12725830078125,5449800
2021-10-05,66.92552360516189,67.46222780901735,66.36626747439414,66.75865173339844,4975400
2021-10-06,65.86115453461763,66.82631807419033,65.68976810361005,66.63689422607422,2847200
2021-10-07,67.57500282557092,68.29661655133992,67.2096848876295,67.31341552734375,3126600
2021-10-08,67.56600009431273,67.61110397596072,65.4778156243382,65.9107894897461,4538800
2021-10-11,65.6942526350273,66.64588595695173,64.85987967549734,64.90498352050781,2892800
2021-10-12,65.32898905442309,65.68979258613422,63.015298901045455,63.58808517456055,4855200
2021-10-13,64.49460104945716,64.59382406316094,63.159604880823736,63.36707305908203,4826300
2021-10-14,64.49459331950119,65.43269732088365,64.32320688330248,65.37857818603516,3668800
2021-10-15,66.00097334473118,66.28060495141649,65.36956045586311,65.64918518066406,2837100
2021-10-18,64.99071551766885,66.62337383044836,64.62990518770461,66.5782699584961,2387500
2021-10-19,66.74063289579058,67.6516774118647,66.36178515393642,67.51637268066406,2085400
2021-10-20,67.4081439040712,67.89522999404521,67.10145267798836,67.54344177246094,2697100
2021-10-21,67.04731595730343,68.66193662178298,67.04731595730343,68.56271362304688,1843900
2021-10-22,68.5717427804196,69.23022218887743,67.42617731099138,67.83208465576172,2460000
2021-10-25,68.31015735416749,68.86940682117567,67.62461842357065,68.37329864501953,2054800
2021-10-26,69.29337674036475,69.43770366151065,66.5241675983268,66.56024932861328,3469200
2021-10-27,64.86442846792885,66.28961850622846,64.3412538696005,65.27935791015625,5055600
2021-10-28,65.96489559379046,67.98543072349989,65.96489559379046,67.13752746582031,3506100
2021-10-29,66.49709715712976,67.48029833973192,66.37081456270168,66.83084106445312,2594300
2021-11-01,67.29085520618843,69.8976988315575,67.18261694584965,69.36550903320312,4113200
2021-11-02,69.16707936957192,71.19662981247969,69.14904194921989,71.06132507324219,3344400
2021-11-03,71.00719590833081,72.42337063111631,70.35773875716326,71.95431518554688,4067200
2021-11-04,72.73006041350277,74.9851163136324,71.0703425743119,74.79569244384766,6614500
2021-11-05,74.24545595867353,78.6473293440669,74.01995037563114,77.35743713378906,6066500
2021-11-08,78.84579092024549,78.94500706503318,73.71328063498076,75.92323303222656,7440600
2021-11-09,75.88713867368426,76.45541716492299,73.68620879483917,74.79569244384766,4919200
2021-11-10,73.46971422365773,74.82274768547009,71.9092194848892,73.02772521972656,5913600
2021-11-11,74.62430876409105,75.48122720617918,73.55992216259118,75.31886291503906,3787900
2021-11-12,75.3549496850829,76.33815076598457,74.71451462761874,75.18356323242188,2565300
2021-11-15,76.41030729865858,76.9515192958468,74.80470872485053,75.0572738647461,2656700
2021-11-16,74.44390052824417,76.22990773931092,74.40781880983145,76.00440216064453,2668300
2021-11-17,75.71575527021207,75.76987440687121,74.47096007197906,74.74156951904297,2986300
2021-11-18,75.75649647862816,75.97358778993008,74.12829439084297,75.35848999023438,2270700
2021-11-19,75.27707292449676,75.92835366952892,74.44488392860343,74.78861236572266,2568700
2021-11-22,74.85194719322435,76.32636977132637,74.28207986821265,74.79767608642578,5895900
2021-11-23,74.9062123993172,75.78363202988986,74.13734187499965,75.35848999023438,6724700
2021-11-24,74.3363388596705,75.9826288759341,73.48605485195809,75.9012222290039,2205800
2021-11-26,73.7755119153313,74.20970140084977,71.9392661623501,72.42772674560547,3198600
2021-11-29,73.69410518233053,76.51631268066484,73.69410518233053,76.34445190429688,4371900
2021-11-30,75.86503984450887,77.56560097324848,74.62579685472885,75.46703338623047,7392200
2021-12-01,76.69723325560929,80.44209108598346,76.19972515445959,76.40777587890625,6156300
2021-12-02,74.98760671121748,77.14949248892836,74.28205495463658,76.19970703125,4223000
2021-12-03,77.64698945054589,78.92241517454153,76.18161492654127,77.13139343261719,5530700
2021-12-06,77.00476067988416,77.39371958580035,73.90213691442426,75.93738555908203,4746800
2021-12-07,77.447999677806,80.49634553598882,77.31231505090491,80.40589141845703,4043000
2021-12-08,80.03502899953469,80.1888016924054,78.18973598146526,79.00382995605469,3864400
2021-12-09,78.43396884468062,80.54158380206238,78.2440131092078,78.36160278320312,5070900
2021-12-10,79.65511741322084,80.38781171418982,78.05405797268826,78.81388092041016,3327800
2021-12-13,79.0490520582923,79.37469237397434,76.85098337804169,77.03189849853516,2798200
2021-12-14,76.00975609250362,77.22186338984928,75.4489364052424,76.78767395019531,4250600
2021-12-15,77.13140270149525,79.70034251969949,75.7202990936352,79.54656982421875,4499300
2021-12-16,79.02194431209487,79.74559124620467,75.99168571527622,76.46205139160156,4718900
2021-12-17,75.7564865453693,77.65605079790721,75.45798171821417,76.30826568603516,9002400
2021-12-20,75.11424632858,75.53034079102045,73.63982419637537,74.71623992919922,3088800
2021-12-21,76.10925420961496,77.35753757698897,75.56652261080914,77.19471740722656,5626700
2021-12-22,76.40777062157862,78.18974527791167,76.308269008195,78.12642669677734,2551200
2021-12-23,78.47015252821002,79.13952134942667,78.35256285323646,78.63297271728516,2193700
2021-12-27,79.01286598023503,80.89434175340816,78.96764237776428,80.82197570800781,2311200
2021-12-28,81.39186185277627,81.4099499162266,79.3566131048706,79.62797546386719,3334800
2021-12-29,79.8269719810825,80.55965926056814,79.65510433726975,79.81792449951172,1451400
2021-12-30,79.78175108904071,80.13452699954406,78.51537956477596,78.7686538696289,1659400
2021-12-31,79.07621262331494,79.24808031686663,78.36161319895754,78.75057220458984,1450500
2022-01-03,79.16664828349299,80.05311519449407,78.6239166793649,79.60083770751953,3183500
2022-01-04,79.96265818536108,80.47825422581643,77.11330874023146,79.12142181396484,3029800
2022-01-05,78.90435360957134,79.53753949291605,76.37159627377541,76.4530029296875,4219600
2022-01-06,76.67911890515983,77.79172451321692,76.33539051383809,77.15853881835938,3039500
2022-01-07,77.11333748155857,77.60179816002673,74.04689563996048,74.11021423339844,4607500
2022-01-10,73.07901530596297,75.18663057449852,72.56341911892977,75.01476287841797,3670900
2022-01-11,74.61674180945754,76.64295002698255,74.00164411863872,76.5344009399414,3568600
2022-01-12,77.0590546981355,78.20783669109076,76.42586195848094,77.0952377319336,3117900
2022-01-13,77.8279123231597,78.51537604927043,75.44893517914359,75.70220947265625,3711000
2022-01-14,74.91524475839624,76.3263483487752,74.87001424795302,76.24494171142578,3996600
2022-01-18,74.36346235524285,74.51723504199151,71.55029588050508,71.75834655761719,5489800
2022-01-19,72.33727600322773,72.75337054151461,69.28892268210724,69.34320068359375,4254400
2022-01-20,70.01258289831499,70.5553147081357,66.83759180411026,66.90995788574219,5237200
2022-01-21,66.34911223458074,68.83663864822438,66.05965489158687,66.33102416992188,6026900
2022-01-24,65.0194181239414,67.8597205867349,62.92989805067305,67.70594787597656,7056200
2022-01-25,65.19127500026487,67.33507271717963,64.88372962970338,65.61641693115234,5095600
2022-01-26,67.81449190287047,69.98542536150094,65.80637862616746,67.28984832763672,5657000
2022-01-27,67.57025796956125,68.17631508448045,63.86158372740401,64.25959014892578,5501900
2022-01-28,64.16912850433725,65.41741181477767,62.206239074726085,65.32695770263672,4636100
2022-01-31,67.02752254556052,70.27487850792124,66.63856362864726,70.08492279052734,6281500
2022-02-01,70.04874132548724,70.95329632441675,68.43863453158583,70.81761169433594,3920900
2022-02-02,71.66790038449624,71.93021527862933,70.31106779555331,71.49603271484375,4649400
2022-02-03,69.79545176607552,69.94017694562596,66.84660118212575,67.09082794189453,8356600
2022-02-04,65.22746181113014,67.19939199349784,63.716856612578795,66.1953353881836,7395000
2022-02-07,66.65665879644851,67.63357293157077,65.7973274232823,66.62047576904297,5335100
2022-02-08,66.55715879470858,68.50195343191655,66.24960650497925,68.23963165283203,4993100
2022-02-09,69.38843116640125,71.02567393142246,67.73309343202459,70.94426727294922,7302600
2022-02-10,68.82760848635508,71.11613915985002,67.34413836753245,67.77832794189453,6469200
2022-02-11,67.7873638305543,68.42054966275215,64.03345865084653,64.52191925048828,5801600
2022-02-14,65.01942495197703,66.41244078084651,63.5450024681128,64.3952865600586,3802600
2022-02-15,65.89683308764799,68.04967849321372,65.86065005801079,67.82353973388672,3938900
2022-02-16,67.38935963207523,68.6014602377098,66.7471262945991,68.29391479492188,4103800
2022-02-17,67.16320529021394,67.47075066179197,64.25958471793332,64.3771743774414,4860500
2022-02-18,64.74301981533591,65.88682721329437,63.95324688625043,65.16059875488281,4141500
2022-02-22,64.38899211297534,66.44058183663184,64.12573444228161,65.16968536376953,5015300
2022-02-23,66.12286154676707,66.79462545709667,63.644619666056975,63.817100524902344,4527200
2022-02-24,61.275283075046325,64.85194625895065,60.431045564534834,64.68854522705078,10786200
2022-02-25,64.55238859151426,65.59633943868332,63.59921457326682,65.4964828491211,7448100
2022-02-28,64.63408054269848,65.11521085696533,62.58249805334703,63.84431457519531,7527700
2022-03-01,63.66275501364968,64.10757322109836,61.057424866898906,61.638404846191406,7327000
2022-03-02,62.12860709927438,64.18926935121522,61.96520604960917,63.308719635009766,7324100
2022-03-03,63.98954843648636,64.06217265550215,62.11044005586961,62.67326736450195,4334100
2022-03-04,61.84720082870836,62.464493022062726,60.62169620353052,61.51132583618164,4435300
2022-03-07,61.620251993978115,62.27385627286551,59.07846604098409,59.132930755615234,6677600
2022-03-08,59.30540440138844,64.01678864355375,58.33407786178395,62.210304260253906,8018800
2022-03-09,64.36176456543514,65.21507519281708,63.50844701222408,64.3436050415039,6711100
2022-03-10,62.90022500041011,63.817086896504485,62.18307628225986,63.4085807800293,3607900
2022-03-11,64.41620706592077,65.00626672522736,62.546178444137674,62.67326736450195,3528700
2022-03-14,62.400923086538796,63.26332000861105,60.984785601898224,61.84717559814453,5887200
2022-03-15,62.509884714465954,65.20599903718448,62.437260474096384,65.01536560058594,5835000
2022-03-16,65.79604261284257,67.92932893433935,64.93364555465313,67.85670471191406,6362000
2022-03-17,67.09418162179418,68.51939931157087,67.00339786668519,68.46492767333984,3704700
2022-03-18,68.01102963075625,70.3894210987944,67.29388097902917,70.1624755859375,8215800
2022-03-21,69.7902755516523,70.40756756997786,68.29244083770699,69.50886535644531,5199200
2022-03-22,69.42718587218812,70.52560150575967,69.12761608326082,69.3454818725586,3803700
2022-03-23,68.91881196638072,69.20930194700232,66.83091739498397,66.96707916259766,8146800
2022-03-24,67.59345069695509,70.61636658945747,67.31204047736576,70.51651000976562,5363600
2022-03-25,70.30773011900196,70.48021095694531,69.00960126828583,70.04447937011719,3232700
2022-03-28,67.94749181930433,70.4438927052401,67.94749181930433,70.30772399902344,3840000
2022-03-29,71.56954175023435,72.71334920435763,70.98856172530816,72.42285919189453,4481300
2022-03-30,71.65124949726487,71.9417395249381,69.02775948695171,69.3454818725586,4322200
2022-03-31,69.69950106625528,70.21693653081378,68.10180280210939,68.21073913574219,4811400
2022-04-01,68.69188591309957,68.98237597601744,66.44058965694344,67.1486587524414,4366200
2022-04-04,67.46637116207403,68.50124229046985,66.74014264966402,67.52083587646484,3449400
2022-04-05,66.79461037079001,67.29388638367764,63.51751634787334,63.62644577026367,5983800
2022-04-06,62.591572631508264,63.680915300162376,61.883503706088355,61.983360290527344,7284100
2022-04-07,61.956129444606056,62.82759944525501,60.44920780697721,61.90166473388672,4658700
2022-04-08,61.37516449919501,61.611189846587834,60.02257075319965,60.204124450683594,4194200
2022-04-11,59.44157562550382,60.52183162711965,59.178317982436546,59.74113845825195,4262000
2022-04-12,60.86679249550511,61.47500483950878,59.096613247330005,59.4324951171875,3281600
2022-04-13,59.72299247533561,60.79417576103571,59.2418690117788,60.60354232788086,3770800
2022-04-14,60.85771041250501,60.89402252617078,59.123843345558804,59.20554733276367,4127300
2022-04-18,59.00583846129495,61.91981826805338,59.00583846129495,61.039268493652344,6758400
2022-04-19,61.2752920236509,62.800366235494884,60.82140097162386,62.54618835449219,3976000
2022-04-20,63.26332779038064,64.33451079344984,62.518946851015734,62.77312469482422,3761400
2022-04-21,63.58105480900698,64.35266815658312,61.03018949703185,61.38422393798828,3910500
2022-04-22,61.284362015823355,61.59300455760993,59.868217449655006,59.97715377807617,4751500
2022-04-25,59.677587806144906,61.91981049430585,59.496034173234584,61.81995391845703,4919300
2022-04-26,60.93033545427341,61.139121453357994,59.13292389584354,59.16015625,5083400
2022-04-27,57.67139802555977,60.24042313413579,57.49892066626829,58.452091217041016,5314100
2022-04-28,59.72298334190417,62.60973060760362,58.778889156020895,61.892581939697266,4864300
2022-04-29,61.184506236266955,62.16491242723675,58.960436251613615,59.187381744384766,4837700
2022-05-02,59.586808029531035,61.64747698241156,58.97859577108642,61.60208511352539,5580700
2022-05-03,61.275292857302695,62.31016391593757,60.44013497240927,61.90166473388672,4029900
2022-05-04,62.0015195630932,64.28004762407897,60.26765244551616,64.18019104003906,5280300
2022-05-05,62.90929649340041,63.60828559851502,60.92125166164478,61.81995391845703,7453700
2022-05-06,61.23898086377364,62.319243800716,60.18595720807323,61.32975769042969,4157700
2022-05-09,60.11332243247468,61.102801443377366,58.18882218611748,58.37945556640625,6579400
2022-05-10,62.30107802906476,63.009153827925935,59.677588524707105,61.95612335205078,8622200
2022-05-11,61.12096733252175,61.67471493929695,58.5065505855628,58.606407165527344,6486700
2022-05-12,58.22514701460791,59.496043419981596,57.66232304670316,59.39618682861328,6090700
2022-05-13,60.449206473826074,61.4840844354656,59.831921297079475,60.8486328125,5673200
2022-05-16,60.258573947090106,60.77600947257313,59.56866453033132,59.850074768066406,4988500
2022-05-17,61.20266110245165,62.90929570403381,60.99387511980728,62.818511962890625,5024900
2022-05-18,62.09230792395148,62.64605565621458,59.65945119188988,60.04071807861328,6197500
2022-05-19,59.88210553201243,61.89671039551637,59.453658863534635,60.17381286621094,4098400
2022-05-20,61.47736536849174,61.53205830587842,58.39620007184919,60.77544021606445,6085600
2022-05-23,60.766338904834804,62.20663980269282,59.882099185705385,61.07627487182617,5621300
2022-05-24,60.20115926777511,61.59588517502894,60.00060917172659,61.16743850708008,5462100
2022-05-25,60.483733983034064,62.644195459445974,60.4381588527231,62.042545318603516,4546700
2022-05-26,61.960503562763414,64.2576972978918,61.641449843280235,63.86571502685547,4740200
2022-05-27,64.51294699159675,66.38170132936625,64.39444329911949,66.35435485839844,5133300
2022-05-31,66.06265218397353,66.81927038948507,64.53118710931736,66.22673797607422,7184700
2022-06-01,66.42727279851304,66.70986222647277,63.92041135607294,64.86846160888672,4030400
2022-06-02,64.15743580736459,66.87396580934485,64.15743580736459,66.8375015258789,3898300
2022-06-03,65.70713464135426,65.8165205337107,64.70439121726601,64.94139862060547,3542600
2022-06-06,66.02617743244407,66.22672747486153,63.6560551094688,64.02069091796875,3859900
2022-06-07,63.601361483194054,64.63145826529953,62.91767188297195,64.430908203125,3067600
2022-06-08,64.11186416691126,64.14832845236658,62.297802478478225,62.817413330078125,4467100
2022-06-09,62.151952286861544,63.21850655565764,60.666069167637524,60.738990783691406,4904100
2022-06-10,59.50834612968246,59.99148570377066,58.04069178866881,58.47825622558594,5840700
2022-06-13,56.6368526769084,57.40258523884,54.5493194038844,54.67694091796875,7404500
2022-06-14,55.34239409491866,56.05343365352282,54.695168765772394,55.56117630004883,5207700
2022-06-15,56.13547754351226,57.18379954370051,55.005109172194885,56.10812759399414,4725900
2022-06-16,54.54931212811003,54.54931212811003,51.61400378597872,52.078914642333984,8197100
2022-06-17,52.598519248490824,52.99961588506361,51.26760436232087,52.50735855102539,9709900
2022-06-21,54.04794148868917,54.58577743459884,53.53745201340073,54.10263442993164,5083600
2022-06-22,53.136351294370726,54.339644593238354,52.771715486109414,53.74711227416992,4538100
2022-06-23,54.29406979218776,54.29406979218776,52.23388324272915,52.78995132446289,3924200
2022-06-24,53.84740257800533,55.679692992283705,53.52834876329307,55.223899841308594,5796000
2022-06-27,55.92580224825265,55.980498662608916,54.77720536616926,55.30592346191406,3145700
2022-06-28,56.68243585167973,57.35700775965067,54.13910926524768,54.19380569458008,9588400
2022-06-29,53.573915121447584,53.838275923091096,52.243000259788836,52.917572021484375,3981700
2022-06-30,52.142730400284776,53.856513399226515,51.55019798994192,52.94492721557617,5327300
2022-07-01,52.14272971334247,52.862883623520815,50.40160026460543,51.194679260253906,4657500
2022-07-05,50.100773090990195,51.19467714729557,49.5264763303056,51.17644500732422,4536200
2022-07-06,51.2676126654774,51.83279517159827,50.474530117495426,51.185569763183594,4865100
2022-07-07,52.516475543012206,53.774465329076925,52.32504329744855,53.55568313598633,4190300
2022-07-08,52.89935135311912,54.348773694883285,52.41621173167298,54.19380569458008,4484000
2022-07-11,53.38249151506398,54.129991954353144,52.963159201437314,53.66508102416992,4310200
2022-07-12,54.02971117302958,55.005108068931065,53.70153960479634,53.96590042114258,3726200
2022-07-13,53.0451956772121,54.43080701274008,52.73525625377261,54.09352111816406,2944100
2022-07-14,53.89297363494976,55.71614598300892,53.0998946372231,55.542945861816406,3376200
2022-07-15,55.88022761518203,56.93766735928851,55.233002314355005,56.864742279052734,3924800
2022-07-18,57.375225772962175,57.9768724377481,55.93492159617005,56.29043960571289,3554800
2022-07-19,57.183799901152256,59.1710615030047,57.16556776050128,58.81553649902344,4696200
2022-07-20,58.341513331944405,60.13733915196938,57.63959158237843,59.75447463989258,3609700
2022-07-21,60.109988931734755,60.37434973211585,58.86111348611025,60.34699630737305,3163600
2022-07-22,60.48373513499143,60.55666369069762,58.624098693582596,58.99785232543945,4085000
2022-07-25,58.96139062554523,59.216633626827,57.96776161386609,58.88846206665039,2751700
2022-07-26,58.71527092079876,59.016089083368854,57.78544909510699,57.876609802246094,3028500
2022-07-27,59.10723607727451,61.28593313278874,58.779071498104805,60.77544021606445,5941000
2022-07-28,60.848376845530304,61.63234150809297,59.72712279633237,61.4135627746582,2929300
2022-07-29,61.16743400237352,63.18203871502374,60.574901568099705,62.771827697753906,3880900
2022-08-01,62.07902102396029,63.455518181987365,61.53207067559189,63.04530715942383,3278000
2022-08-02,62.70800381871397,64.11184713905783,62.43452522785952,63.14556121826172,4438600
2022-08-03,65.86210575557679,67.06539931264035,64.28505850226381,66.74634552001953,6170400
2022-08-04,66.93777216790251,67.16566870845033,65.66155014986457,66.32701110839844,3399100
2022-08-05,65.2422199172812,66.12645958796715,64.16654799132051,65.1419448852539,4005600
2022-08-08,64.8684764533218,65.46100191143039,63.519325835427665,64.63146209716797,3131200
2022-08-09,63.71075899583828,63.902191263359036,61.16743266188988,61.98786163330078,5182700
2022-08-10,63.619596427039184,64.59499330150213,62.6350817439784,64.44002532958984,4192600
2022-08-11,64.8320094684413,65.95325653782203,64.51294875217567,65.05990600585938,3732000
2022-08-12,65.57950413817937,67.44825140981894,65.33337200442527,67.19300842285156,4408200
2022-08-15,66.88306867713806,68.0316620528886,66.70074730053919,67.71260833740234,4328700
2022-08-16,67.56678214326111,68.17754332296977,66.87397457628533,67.5394287109375,4169400
2022-08-17,66.59136590109257,66.60047675439729,63.65605761181186,65.35160827636719,6450200
2022-08-18,65.75530963860655,67.17422132366593,65.13281723318593,66.5425796508789,4246100
2022-08-19,65.50815538465825,66.03910635403197,64.5469582685595,64.84904479980469,4797100
2022-08-22,63.5033559829713,63.86037298013736,62.09359351388082,62.331600189208984,4842100
2022-08-23,62.44145744190559,64.00684135177143,62.34991587102307,63.27450180053711,6817700
2022-08-24,62.9174813531446,63.1921060508119,62.029513497255365,62.72523498535156,4729900
2022-08-25,63.03649780413136,64.72088531625717,62.92664371170675,64.61103820800781,3631600
2022-08-26,64.36385419618952,64.65679139453499,60.345118732556195,60.381736755371094,5610700
2022-08-29,59.9514836294029,60.47327823144432,59.127595577712846,59.237449645996094,3834200
2022-08-30,59.95148898046617,60.107117337135044,58.1664038626186,59.5853157043457,5726200
2022-08-31,59.69516679635887,60.39089528776855,58.706501095541,59.73178482055664,6793600
2022-09-01,58.367807081183834,59.512097912859616,57.5439222919332,59.43886184692383,5225300
2022-09-02,60.20780047218364,61.095768283263425,58.71565276938545,59.04520797729492,4490900
2022-09-06,59.08183286935091,59.60362751185894,57.82769168317318,58.358642578125,3780300
2022-09-07,58.688190532069115,60.0064113532096,58.39525334783494,59.5303840637207,3703900
2022-09-08,59.01775477888688,60.43666664507834,58.54173090855772,60.18034744262695,4178100
2022-09-09,60.83946147757752,61.91051262878067,60.738763644472115,61.297176361083984,3564500
2022-09-12,61.64503710534165,62.16683877689906,61.12324241795909,61.7182731628418,3506800
2022-09-13,59.24660241123958,59.795858751986245,57.617135415129404,57.81853103637695,6528800
2022-09-14,58.33117739375665,60.500741156383896,57.809382781763205,60.13457489013672,7273400
2022-09-15,59.795863537590876,60.97676860600214,58.55087867403359,59.13675308227539,4397100
2022-09-16,58.59665124378208,60.198653059972884,57.91007554475634,60.14372253417969,6229300
2022-09-19,59.42969930262802,61.269715105508276,59.33815772198483,61.233097076416016,4066300
2022-09-20,60.61060191205232,61.141552834517455,59.58531809462045,59.841644287109375,5180600
2022-09-21,60.052179463062735,61.89219488705194,59.20998591988776,59.255760192871094,3948400
2022-09-22,59.18252059067841,59.22828787673593,57.57136266014994,57.95584487915039,4300400
2022-09-23,57.38828098615084,57.58052385821138,55.61234880013723,56.92141342163086,4725500
2022-09-26,56.93057330789178,57.91923908652568,56.08837963757751,56.26231002807617,4642700
2022-09-27,57.205201407193286,57.708687025448484,56.0975288565274,57.223506927490234,3425100
2022-09-28,56.97634333147479,58.80719915156505,56.7108678931082,58.49595642089844,4101700
2022-09-29,57.745308464559784,57.75446122524944,55.630664552349614,56.74748992919922,5469500
2022-09-30,56.19823049303991,57.67207291516133,55.80459543028373,55.868675231933594,4281800
2022-10-03,56.94886784109539,58.87126837684904,56.24398671342935,58.276241302490234,5170600
2022-10-04,60.30850248117809,61.1232343062629,59.65854827151345,61.05915451049805,4514300
2022-10-05,60.11627084772042,62.17598781404942,59.64025044409464,61.69081115722656,3603100
2022-10-06,61.49857284380622,62.6062420384973,61.233097369746794,61.44364929199219,3175200
2022-10-07,59.594478517426936,59.9789573568008,58.11148322084733,58.4227294921875,6359500
2022-10-10,58.46849554179491,58.596658636612766,55.69474459327997,56.051761627197266,5129600
2022-10-11,54.925776111539065,55.978521550511616,53.68994754586415,54.513832092285156,6887900
2022-10-12,53.973736132059926,54.49553079965685,52.87521975582373,52.948455810546875,4850500
2022-10-13,51.145055639730394,55.291954496850835,50.13808438077025,54.41313934326172,7910400
2022-10-14,55.01731804721126,55.237022689662425,52.36257427910673,52.46327209472656,4601400
2022-10-17,54.85253819317834,55.25532943917068,53.278001706393184,53.95541763305664,4196500
2022-10-18,55.71304038071033,56.28976194817323,53.25053277079774,54.25750732421875,3179700
2022-10-19,53.55263169740782,55.00816490373879,53.470242893574486,54.30328369140625,3498200
2022-10-20,53.61671070671045,55.82289587480308,53.61671070671045,54.248355865478516,3989100
2022-10-21,54.23920798371442,56.78410135054573,53.8638819584473,56.61932373046875,5010000
2022-10-24,56.884793140263724,57.369969696765544,55.740506173354376,57.1502685546875,3274400
2022-10-25,57.3516745893471,59.79587031815727,57.22351149243506,59.026912689208984,6425300
2022-10-26,57.58052822378342,59.118450364347105,56.84818168668673,57.27843475341797,5347400
2022-10-27,58.14809551912678,58.5875013602784,55.94191006071228,56.060916900634766,7152200
2022-10-28,56.39961166790731,57.955842505678504,55.832046359574186,57.67205810546875,11231000
2022-10-31,56.97634582955778,57.17773798810799,55.603201285220386,56.51863098144531,5515400
2022-11-01,57.809387203665366,58.111477190096004,56.59186402115972,57.08619689941406,4695900
2022-11-02,57.48898182166323,58.77973749970768,55.46588311566573,55.511653900146484,6138500
2022-11-03,54.88000044756855,55.456722023217075,53.65332475052291,54.43143844604492,5458200
2022-11-04,60.8211493608666,60.87607290599645,56.875646235672484,58.4593391418457,11234100
2022-11-07,59.0269088010553,60.23527569850261,57.76361137360526,59.98810577392578,6304700
2022-11-08,61.23308801227356,62.82593362904085,60.28104034932821,62.02951431274414,6804400
2022-11-09,61.15071894715214,61.690819225444706,60.06135515199669,60.8760871887207,5483000
2022-11-10,64.70255888853818,67.943180234229,64.17160808962416,67.66854858398438,10557300
2022-11-11,67.95233685878728,69.82896319853795,66.87212973761534,69.41702270507812,4963700
2022-11-14,68.76707807739963,70.47892705937853,68.47414086767992,68.55652618408203,4908600
2022-11-15,71.10142630366457,71.51337387759848,69.19733076627915,70.43316650390625,4947800
2022-11-16,68.76708581664141,69.23394996381023,66.74398689305218,67.41224670410156,6007400
2022-11-17,65.8560169449129,67.86080330235824,65.76446838466529,67.549560546875,3296600
2022-11-18,68.76708524236955,68.88608859540756,67.29324278810591,67.89742279052734,2763700
2022-11-21,67.58295612269207,67.72088192598201,65.84510924075295,66.43358612060547,4204400
2022-11-22,67.01285746742744,69.22884591406996,66.80137734272189,69.12770080566406,5455100
2022-11-23,69.0449250989203,71.25171606540204,68.92539318970405,70.4517593383789,5039200
2022-11-25,70.12076863020286,70.5529328831485,69.541481646383,69.57826232910156,1753400
2022-11-28,68.75990424392513,70.32305152769986,67.80362763878226,68.3553237915039,4810500
2022-11-29,68.75070602862016,68.9070256646985,67.42663669000615,68.24498748779297,2624500
2022-11-30,68.70474709703265,72.89764690843501,67.71168966321684,72.81489562988281,7850300
2022-12-01,73.32979482656522,73.4769175314427,71.12300335977972,72.0149154663086,4118200
2022-12-02,70.12076090893355,71.15978877432917,69.909273760389,71.08622741699219,4036700
2022-12-05,70.55291906551545,70.9023249601145,69.80812266292777,70.41499328613281,3433600
2022-12-06,70.2678575736193,70.47014774389925,68.53001131468007,69.09090423583984,3428900
2022-12-07,68.65876066594643,69.71618240783728,68.42888667923961,69.1736831665039,3014200
2022-12-08,69.72537456211293,70.92991192519916,69.19206526578589,70.63567352294922,3677400
2022-12-09,69.79893018352102,71.15978005145446,69.28400776047924,69.7713394165039,3210400
2022-12-12,69.44951895679667,71.16897868534109,69.3024032718155,71.1046142578125,4293000
2022-12-13,73.59645632049941,74.01942361361066,70.22190788412254,71.17818450927734,5413200
2022-12-14,71.18737125250178,72.06089657101474,69.43113772256847,69.98283386230469,3707500
2022-12-15,68.70474885556978,68.96220663791959,66.69105017687903,66.85655975341797,6190000
2022-12-16,66.35081776502332,67.08641016785396,65.7531441147762,66.81975555419922,9412500
2022-12-19,67.07721598622513,67.07721598622513,64.81525715390107,65.7255630493164,5084800
2022-12-20,64.94399733505304,66.32324127942209,64.6221751510731,65.48650360107422,2666600
2022-12-21,65.98303341260743,67.15998714321219,65.8175238557913,67.08642578125,3209500
2022-12-22,65.62443044859529,65.62443044859529,62.93949686237899,64.28196716308594,7644500
2022-12-23,63.80381019314303,64.35550624582679,63.16016596754462,64.30033874511719,2501200
2022-12-27,63.849786384828825,64.06126647636805,62.81994863129438,63.4727897644043,3642200
2022-12-28,63.031446454509734,64.00610985906081,62.24067942301461,62.40618896484375,2674300
2022-12-29,63.25212849973918,65.07272658842108,63.187764062567545,64.77848815917969,3825200
2022-12-30,63.7486546594696,64.66815059161762,63.27051284624218,64.59458923339844,2438200
2023-01-03,65.55086490279257,65.81751956110776,62.902719181726994,63.537166595458984,3536800
2023-01-04,64.92560831054227,65.84510424241206,63.97852862314793,65.09111785888672,5214600
2023-01-05,64.23598545810577,65.08192001987986,63.426831574912796,63.537166595458984,4026000
2023-01-06,64.98998442945756,67.36228604383571,64.12565585324263,66.91172790527344,4858400
2023-01-09,68.0426991762942,69.32079796447098,67.63811872011259,67.85880279541016,3398400
2023-01-10,68.03349067967372,69.44951502023558,67.45421086475133,69.3759536743164,2744500
2023-01-11,69.6426194491073,69.87249343053509,68.71393361508102,69.32999420166016,3997500
2023-01-12,69.57825247173139,69.79893653677772,68.02430918441246,69.18286895751953,3370500
2023-01-13,68.75071554893432,69.02656716590943,67.95995541168159,68.88864135742188,4004200
2023-01-17,68.84265325108252,69.67019386108461,67.65650282416428,68.49324035644531,3030000
2023-01-18,69.31159455661108,69.95524585988476,67.88638020009854,67.95074462890625,4412700
2023-01-19,67.60134365935227,67.73926946407717,65.66121352962722,65.97383880615234,4882300
2023-01-20,66.69102839803939,67.81281438211387,65.71636510737618,67.67488861083984,3925400
2023-01-23,67.90476623884885,70.4885543141751,67.90476623884885,70.1667251586914,4608800
2023-01-24,69.35756718290041,70.47015623835614,69.20125458345866,69.62422180175781,3233500
2023-01-25,68.56680186351966,70.08397134404062,67.85879318071456,70.00121307373047,3697000
2023-01-26,71.08622204626681,72.05169549657889,70.10236176560824,71.95974731445312,4797600
2023-01-27,71.08622139048661,72.27237186999744,70.89312810524484,71.42643737792969,4450200
2023-01-30,70.62647593368764,71.17817907099976,69.41274165895524,69.58744812011719,4574100
2023-01-31,69.58745993903084,71.48161951890785,69.55067925594999,71.37128448486328,9737400
2023-02-01,71.6287381423139,75.4722316138097,71.61034429422962,74.62629699707031,7167000
2023-02-02,75.41706146920143,78.11118512397118,75.3986746352458,77.7249984741211,8886200
2023-02-03,76.98020103868166,80.6949654693927,76.78710773355822,78.46977996826172,8935100
2023-02-06,77.50430553095218,79.29731962063582,77.05375453165671,77.66981506347656,5810300
2023-02-07,77.81693989402591,79.99614782578561,77.38478268934207,79.5547866821289,6388600
2023-02-08,78.91113757352484,79.46283370850082,77.78935145712872,77.96405792236328,4189100
2023-02-09,79.26055253188177,79.83064257834526,77.48592496818495,78.05601501464844,4792300
2023-02-10,77.32040237703022,77.39396372840895,75.352681826427,75.95035552978516,6291200
2023-02-13,76.20782613604551,77.66982842743063,76.1342717874206,77.54109954833984,4421600
2023-02-14,76.71354014001595,78.87435401528909,76.37332414519382,78.04680633544922,4553700
2023-02-15,77.50432556539481,79.07666302321871,77.37559667517752,78.99391174316406,4016600
2023-02-16,77.84452757484804,78.76402349036367,77.51350848404664,77.82613372802734,4760500
2023-02-17,77.56574129598927,77.6673160446194,76.19910370669038,76.89165496826172,4733500
2023-02-21,76.06058903786258,76.83624296671061,74.2137859177542,74.50003814697266,6795100
2023-02-22,74.91557429404344,74.98021212857688,73.10570788211179,73.66898345947266,3997500
2023-02-23,75.21105975750892,75.60812273921626,73.6505157973064,74.98020935058594,4841300
2023-02-24,73.94599930450647,74.24148752465956,73.35502286420031,73.5766372680664,4280200
2023-02-27,75.17411382990203,75.35879129798312,74.25994134141727,74.44462585449219,3175600
2023-02-28,74.28766748519251,75.80204578172001,74.11222594443373,74.8232421875,3719400
2023-03-01,75.13717960634409,75.67274710087275,74.40769160492397,74.59236907958984,3383600
2023-03-02,73.46582432481101,75.3126274062391,72.91178480938152,74.8416976928711,3395100
2023-03-03,75.02638133377151,76.52229448856316,74.25995630134767,76.2729721069336,5001500
2023-03-06,76.78082947240026,77.214829266945,75.33108952498124,75.69121551513672,3443100
2023-03-07,76.42993691500607,77.39027529351392,75.09100759549659,75.82049560546875,4364800
2023-03-08,75.83897663867693,78.1659527928199,75.83897663867693,78.04590606689453,5563200
2023-03-09,78.12901422017885,79.20939246057243,76.71621082197255,76.8824234008789,4814500
2023-03-10,77.42723127855584,77.63038078012922,75.08179011083803,75.3218765258789,4727100
2023-03-13,74.40770644261268,76.06059623695414,73.94600561888586,75.05408477783203,5788100
2023-03-14,76.42072378263143,77.29795254655114,75.56195995221718,76.86395263671875,5799200
2023-03-15,75.76511041179003,75.97748885229106,72.99490538093842,74.34307098388672,6068800
2023-03-16,73.96446843109996,76.45765703472968,73.39196393489243,75.94978332519531,6275800
2023-03-17,75.91284284483793,75.94054376496518,73.77978745509996,74.52774047851562,8782500
2023-03-20,74.83245773014205,76.48534724562639,74.3984579018592,75.98670959472656,3825800
2023-03-21,76.64232380841125,77.3625758447129,75.21104867832875,75.98670959472656,3771800
2023-03-22,75.94978301630675,77.30718452081871,74.30612926485522,74.39846801757812,5048100
2023-03-23,75.72816910472329,77.3718228671129,74.49080726601727,75.99595642089844,4942500
2023-03-24,75.14643292674073,75.5250310311186,72.86563649023121,73.3458023071289,5487600
2023-03-27,73.48429867778326,73.67821216220628,71.09268494657628,71.60979461669922,7203400
2023-03-28,71.48975053907935,71.95145134139062,70.33549853330116,71.89604949951172,4260200
2023-03-29,73.3180898282729,75.26646780452577,72.87485395213682,74.67549133300781,4717500
2023-03-30,75.76510684891387,76.72543834818634,75.3865087975699,76.4391860961914,3555900
2023-03-31,76.17139803406725,77.49186263893085,75.9497836167811,77.36258697509766,3115200
2023-04-03,77.1502186244327,77.87047085844237,75.5989034107979,76.37455749511719,3434900
2023-04-04,76.68849698726748,76.69772592982272,74.62007256581482,75.3864974975586,4198100
2023-04-05,74.78628001662828,74.78628001662828,72.1915242467057,73.42887878417969,6202200
2023-04-06,72.45007751730738,73.77977787063865,71.41586534860595,72.67169189453125,3417100
2023-04-10,72.19153305599151,74.57391073243124,71.9422177386872,74.37999725341797,3132100
2023-04-11,74.9340367713123,75.30339879824007,74.22301363660225,74.37999725341797,2837100
2023-04-12,75.06330708762655,75.33109436198693,73.00411868926635,73.16110229492188,2406800
2023-04-13,73.18881730839638,74.50004597057288,72.41315625309774,73.99217224121094,2885600
2023-04-14,74.17686509537594,75.16490469709281,72.75482553912056,73.43814086914062,2837900
2023-04-17,72.79174232852093,74.51849863404064,72.71786851732371,74.37075805664062,2849100
2023-04-18,75.23875878960983,75.95901084648108,73.89058637367783,74.58313751220703,3415700
2023-04-19,74.04757401352747,74.04757401352747,72.64399968456833,73.29961395263672,2947800
2023-04-20,71.78523592472061,72.68093657289226,71.05574784059107,71.5636215209961,6401600
2023-04-21,71.19425254452743,71.23118944904658,70.33548888819095,70.917236328125,3683300
2023-04-24,70.87106873139861,71.36047042410357,70.41860394597256,71.35123443603516,2893900
2023-04-25,71.0372679953666,71.0372679953666,68.65489075925424,68.6733627319336,5923000
2023-04-26,69.29206001186314,69.47673752213379,67.99929630498227,68.43329620361328,4232600
2023-04-27,67.12206644650622,67.21440520010464,64.91513712402609,66.30023956298828,7746600
2023-04-28,66.56801555025584,67.50065310505958,66.12478674351387,67.39907836914062,4460700
2023-05-01,67.77768663361037,70.18776565001978,67.77768663361037,69.60601806640625,5312300
2023-05-02,70.4555420919887,72.03455791970235,69.44903072467723,70.2893295288086,5503600
2023-05-03,70.3170316734313,72.00685825436682,70.04000838164042,70.40937042236328,5536700
2023-05-04,69.91072670663971,70.43706527974236,69.09813592298832,70.20621490478516,6144700
2023-05-05,65.5615070966663,70.69561722899294,65.33065671956535,69.42132568359375,9468200
2023-05-08,69.43056660156944,70.0400079769955,68.07316516062717,68.5810317993164,4222800
2023-05-09,67.8238486989355,67.88848653294488,66.05091921325366,67.14053344726562,5017400
2023-05-10,67.87925186022008,68.8765202086308,67.65763040946665,68.48869323730469,6898700
2023-05-11,68.1932075330475,68.31325425122108,66.33716832316362,67.54682922363281,4613200
2023-05-12,68.32247781741277,68.49792636401409,67.22363477789543,68.15626525878906,2907500
2023-05-15,68.02700199444764,69.64295498004805,67.62993897904315,69.60601806640625,3181500
2023-05-16,69.62446675897927,70.33548273503735,68.32246740730977,68.37787628173828,3354200
2023-05-17,69.31975592218791,70.99111051778577,68.73801546639844,70.73255920410156,4100700
2023-05-18,71.23118856372444,72.47777913452713,70.88029854264487,72.30233764648438,5384900
2023-05-19,72.37936538371288,72.71342455954616,71.88755800807633,72.25873565673828,3672600
2023-05-22,71.80403490483053,73.89190107529272,71.77619782196426,73.48361206054688,4828000
2023-05-23,72.67631961234278,73.14957137945319,71.88757138690949,72.02676391601562,4555800
2023-05-24,69.50274997722659,70.05951290224665,67.33136536613621,68.31498718261719,7827800
2023-05-25,67.85101956733962,69.06661949407057,66.20856073235775,68.79751586914062,7471600
2023-05-26,69.59554516222643,73.27947048555362,69.31716014972754,72.67630767822266,8215900
2023-05-30,74.23525518960163,74.35588493061951,70.74619621339518,71.31224060058594,4875800
2023-05-31,70.79258487756088,71.87827361379989,69.53058517266571,69.83680725097656,7860500
2023-06-01,70.38429618916572,71.85972548945146,68.82535562942762,71.13593292236328,5417800
2023-06-02,71.58134212212988,72.19378635745677,70.27294946971627,71.63701629638672,3400200
2023-06-05,71.91537949980483,72.036009200624,69.35426206693661,69.8460693359375,4185200
2023-06-06,69.7347460133294,72.10099058422831,69.60483487985067,71.9154052734375,4750300
2023-06-07,72.37007126140206,75.93336615008667,72.36079695454539,75.15389251708984,8071400
2023-06-08,75.32092377620867,75.97976063870848,74.38370902962902,74.93119049072266,5026700
2023-06-09,76.07257912050832,76.19320885875108,73.6506534092946,74.30020904541016,3334100
2023-06-12,74.97760233279257,77.34384658411919,74.80129135561486,76.94483184814453,5703500
2023-06-13,77.70574641360493,79.67298309887505,77.70574641360493,79.5337905883789,8013300
2023-06-14,79.43171520314013,80.85146321090444,78.92135211282537,80.39677429199219,5908500
2023-06-15,79.58018850699911,80.15550715287348,79.12549251184839,79.21829223632812,5077000
2023-06-16,80.21117567602612,80.21117567602612,78.73574666233608,79.32962799072266,9205100
2023-06-20,78.62441770026074,79.11622513272977,77.14898832322802,78.30891418457031,4311200
2023-06-21,77.60365195342794,78.48519956813948,76.92625943605445,76.98193359375,3856500
2023-06-22,76.6293357306418,77.52943923696601,76.02617293035625,77.13042449951172,3253800
2023-06-23,75.76634514336571,76.3509451243799,74.97759711448562,76.06328582763672,4591300
2023-06-26,76.45301980275129,77.78925643322121,76.30455299915708,76.87059020996094,3685900
2023-06-27,77.13041394517614,80.80505733443488,76.92626591028001,80.52667236328125,4904300
2023-06-28,79.61729846014785,80.69370576858971,79.42242472329598,79.6915283203125,4151400
2023-06-29,80.15550264696314,80.98136917510706,79.59873972950793,80.71227264404297,3455100
2023-06-30,81.9093046172323,83.56104465002839,81.62164532842401,83.13418579101562,5289600
2023-07-03,84.17348581057233,84.80448566303177,82.48463430540507,84.1549301147461,2488700
2023-07-05,83.1156289917413,83.29193994944201,81.86291075241157,82.05777740478516,5234000
2023-07-06,80.42461321885442,81.38039094114501,79.71938343286101,80.6287612915039,6116900
2023-07-07,80.81433808120806,81.51029348492342,80.31325642060254,80.37821197509766,4941900
2023-07-10,80.74938303326677,82.5588713420526,80.74938303326677,82.48463439941406,6679400
2023-07-11,83.03211150543494,83.3476078485292,80.83289017173192,82.0206527709961,4063000
2023-07-12,83.21769210156546,84.95294313038559,83.0692182451512,84.17346954345703,4331600
2023-07-13,84.8044863766764,86.06648609221523,84.29411624185386,85.70458984375,5135100
2023-07-14,85.50972528405853,85.78810320839915,82.90220745776553,83.25482940673828,3838900
2023-07-17,82.85581929744417,86.10361148657634,82.60527136397819,85.53756713867188,4167500
2023-07-18,85.00863470198586,86.78099747838073,84.96223484244493,86.61396789550781,3483700
2023-07-19,86.64180938268241,86.83667604341069,84.99935068856281,85.11998748779297,2553200
2023-07-20,83.69095019529296,84.21059457401667,81.44532895947184,81.88146209716797,6041700
2023-07-21,83.00428148724451,84.05285886650593,82.62382953342491,83.25482940673828,9999400
2023-07-24,83.12491665673187,84.2013240196544,81.8721983227931,82.46607971191406,3361700
2023-07-25,83.11563181772057,84.85088313303368,83.03212056941706,84.29411315917969,4260800
2023-07-26,82.87436646324525,83.19915131242293,81.53813691427973,81.9649887084961,4524700
2023-07-27,84.2662882997945,85.84379165516762,83.19916221423735,83.9136734008789,8102400
2023-07-28,85.19422168126412,86.6696508726932,84.00645888140598,86.39126586914062,5664900
2023-07-31,86.75316072164563,87.50479738722038,86.56757544203127,87.17073822021484,4732300
2023-08-01,85.9458602009151,86.95731204822478,85.27774184177025,86.62325286865234,3512200
2023-08-02,85.83449284301575,85.83449284301575,83.46824183008847,83.76518249511719,5190400
2023-08-03,82.30831821124342,84.09924363099174,81.38965911312482,83.06922912597656,5966400
2023-08-04,79.82144855966098,80.85146320832477,76.10968610094459,77.4459228515625,11225300
2023-08-07,77.6593499895616,78.73575738904968,77.39952775794809,78.69863891601562,5594300
2023-08-08,77.20464964574943,78.58728613961296,76.39734591161879,78.43881225585938,4243500
2023-08-09,78.6151297487609,79.19044839700217,77.56655232667596,78.002685546875,6357900
2023-08-10,78.93062829195387,78.99558385333764,76.55510252748999,77.30673217773438,4534500
2023-08-11,76.4344631517555,77.04690021331601,75.73850776202237,75.87769317626953,3753400
2023-08-14,75.67355344673543,77.06546424897121,75.48796109199598,77.05618286132812,4483400
2023-08-15,76.41590382037315,76.71284451685563,75.00543728198755,75.06111145019531,3871500
2023-08-16,74.68066413797075,75.1260716705354,73.8826346391986,74.02182006835938,3955600
2023-08-17,74.09605616430301,74.20741158597524,73.15883416753049,73.40010070800781,3993100
2023-08-18,72.74124858191648,74.03108519268805,71.99889341789934,73.68775177001953,4270900
2023-08-21,74.34069260330348,75.37605292103616,73.74372899334182,75.10555267333984,4479600
2023-08-22,76.0849504637686,76.34612115559675,74.35002273506154,74.8350601196289,2883900
2023-08-23,73.34262820663696,76.01964145536175,73.2307020006862,75.17082977294922,5586100
2023-08-24,75.70250856319501,75.96367920182205,72.38189112765734,72.53113555908203,6584700
2023-08-25,72.82961849932401,74.3126976999938,72.02744745818325,74.03287506103516,4553300
2023-08-28,74.66714694346757,75.32007352687549,74.28471343292433,74.89100646972656,3849800
2023-08-29,74.45261820504355,76.70988706520708,74.26606976497115,76.45804595947266,4071900
2023-08-30,76.10358823128296,76.8218146158634,74.93764277768663,76.47669219970703,4880400
2023-08-31,76.77518870560814,77.19493341938794,76.0662988573729,76.3367919921875,4640800
2023-09-01,77.2695502307279,77.30686134719643,76.13159320209309,76.75653839111328,2112900
2023-09-05,76.19687782399828,76.80316383252531,75.4879809187513,76.07561492919922,3258300
2023-09-06,76.2248603609438,77.0363539406272,74.79774409121504,75.60923767089844,3996400
2023-09-07,73.79969549177748,74.10749972270723,72.8389503366051,73.78103637695312,6248100
2023-09-08,73.78104101274046,74.35002307239083,73.16542539583358,73.48255920410156,4875400
2023-09-11,74.62052595199165,74.74178174477119,72.792323920132,74.11683654785156,3695400
2023-09-12,73.50121374638803,74.57387800931987,72.93223172214334,73.10012817382812,3998300
2023-09-13,73.35197754741031,74.41531948894853,73.10945884182692,73.37995910644531,3315600
2023-09-14,74.41531702515566,75.20815867582554,73.14676753753672,74.64850616455078,3680500
2023-09-15,74.35935413291799,74.35935413291799,71.9808220573761,72.4098892211914,8587300
2023-09-18,72.12072479267187,72.90424387167388,71.63569459433089,72.70835876464844,3746800
2023-09-19,72.36326383030874,72.89493484508371,71.65436677181926,72.54981231689453,2232600
2023-09-20,73.11875921753712,73.39858892893909,71.50509494869927,71.5610580444336,2666800
2023-09-21,70.70294894204957,72.16737643272387,70.58168603675084,70.97344207763672,4733000
2023-09-22,71.45846919307864,72.57777403937264,71.27192075748519,71.89686584472656,3713300
2023-09-25,71.36519346496314,72.33526096552593,71.08536370112841,72.22332763671875,2182500
2023-09-26,71.88754283270876,71.88754283270876,70.54437120177974,70.9361343383789,3996400
2023-09-27,71.57971737135941,71.7662729035296,70.18058290372959,71.3558578491211,3596800
2023-09-28,71.47712140873176,73.97690888171049,71.19729875448566,73.32398223876953,4321600
2023-09-29,74.10749670135908,74.2287595936719,72.43786892737744,72.80164337158203,3311200
2023-10-02,73.01617638980213,73.71574375242751,71.94350501050307,73.10012817382812,3442600
2023-10-03,72.06476570700345,73.30532638373381,71.03873502976089,71.58905792236328,3740000
2023-10-04,71.6263765019403,72.82030375021311,71.3278946898721,72.54047393798828,3519300
2023-10-05,72.52182384156741,72.93223901257093,71.16000009349055,72.14871978759766,3338400
2023-10-06,71.73829764382673,74.63916348071166,71.15998611793346,74.19144439697266,5348300
2023-10-09,73.37994741247279,74.20077763398652,72.8855876379885,74.0888442993164,2884100
2023-10-10,74.51790043858684,76.12224241753059,74.19143715597988,75.34805297851562,4324400
2023-10-11,75.57192189654594,76.13158144074582,74.57387281339403,75.76780700683594,3122100
2023-10-12,75.88906346343589,76.1782156785434,74.42463615782779,75.09622192382812,4190000
2023-10-13,75.42269350725375,75.70252331251191,72.0367898687412,72.2513198852539,4758400
2023-10-16,72.5591120647387,73.91160582772608,72.39121564924541,73.64110565185547,4787200
2023-10-17,72.19534897210207,74.57387359439456,71.87820808597633,73.60381317138672,3667800
2023-10-18,72.20468836900555,73.37063406324965,71.44915072000529,72.74568176269531,4673700
2023-10-19,72.86693339629976,73.38927470927324,71.3372134514203,71.6263656616211,4081500
2023-10-20,71.66369491394052,71.91553607748814,70.12464502275168,70.29254150390625,3642700
2023-10-23,69.88211616032113,70.64697621538832,68.8374334215176,69.38775634765625,3587800
2023-10-24,70.0406719506421,71.27191718272368,69.5742937686838,70.91746520996094,4801600
2023-10-25,69.15456427461457,69.2291865003133,66.1417648547913,66.58015441894531,8532300
2023-10-26,67.64348869451517,69.10791590801792,67.2237511753478,67.86735534667969,4571700
2023-10-27,68.75348755935515,68.75348755935515,67.10251152230889,67.40099334716797,4197600
2023-10-30,66.11377741527791,66.54284454649299,64.55607578570783,65.90857696533203,6769600
2023-10-31,65.7593297412716,66.65477507952913,65.48882951674062,66.49620819091797,6721800
2023-11-01,65.76866356439493,66.3562976042647,64.12701011292127,66.26302337646484,8116400
2023-11-02,67.48492574866034,69.014645712343,67.08384020230655,68.65087127685547,9691800
2023-11-03,70.05933493633262,71.82224399228855,69.21052318238593,71.29057312011719,9982100
2023-11-06,71.18797715500712,71.28125138351515,69.0986045476838,70.06867218017578,4998400
2023-11-07,70.21789094804478,70.96409881145247,69.60227550964419,70.2458724975586,5131800
2023-11-08,70.92681630867148,71.04807211091759,70.04069322399016,70.29254150390625,4393500
2023-11-09,70.67493815454995,71.02939008514349,68.6322067997258,68.74413299560547,5678100
2023-11-10,69.18254538263231,72.54046723731517,68.94935626610757,72.34458923339844,6186500
2023-11-13,71.4957855108185,71.73830418784699,70.6003401452908,71.46780395507812,3581900
2023-11-14,74.01423265421359,76.34612408702667,73.90230641991401,75.814453125,6996500
2023-11-15,76.49535916476849,78.50078697409481,76.09427360290323,76.95240783691406,6602200
2023-11-16,76.81249568877426,77.10165504040839,75.71184274361907,76.6352767944336,5371800
2023-11-17,76.92441232435414,78.06237613602464,76.51399727978686,77.91313171386719,4887900
2023-11-20,77.63332595186382,79.405557593376,77.61466683686018,79.01380157470703,4030300
2023-11-21,78.62842735898514,78.7596929416128,76.95947310548671,77.3626480102539,3899600
2023-11-22,78.23463934466103,78.92847280935302,77.21263473332743,77.3157730102539,3110300
2023-11-24,77.32516261125238,78.11275631149284,77.03450405332167,78.06587982177734,1608600
2023-11-27,77.25014191711527,77.46579663366046,76.42504283692581,76.6594467163086,3493700
2023-11-28,76.57504687417534,77.16574914568183,76.07811186403907,76.71569061279297,3290000
2023-11-29,78.10338142891969,79.4066665254187,77.64394463981083,77.8033447265625,3629600
2023-11-30,78.27215514143326,78.60969018362556,77.32516136183078,78.23464965820312,7440400
2023-12-01,77.92523299934531,79.50980565063755,77.6720727817082,79.3785400390625,3883600
2023-12-04,78.87222590944707,79.27540089879089,77.81271571584348,79.2191390991211,4680700
2023-12-05,78.65657733438705,78.71283198502168,77.71896167213097,78.3377914428711,3218800
2023-12-06,79.47228524563951,79.86608200642087,78.13149490479425,78.40340423583984,4104800
2023-12-07,79.04098530087536,80.94434351993361,78.54404310345899,80.45677947998047,5818600
2023-12-08,80.12862905551374,81.33815404906531,80.07237440809627,80.70995330810547,3838700
2023-12-11,81.74133272624286,83.88847342507592,81.49755065406171,83.36341094970703,5766000
2023-12-12,82.93209076735779,84.0853610167741,82.519544798495,83.66343688964844,3941600
2023-12-13,83.78533493689842,85.19175840989456,82.48204975753052,84.25414276123047,4861000
2023-12-14,85.22925790202882,87.36702028613264,85.00423216513346,87.1607437133789,7914500
2023-12-15,87.59204274748606,88.26712708636624,86.31688503036547,86.44815063476562,10915500
2023-12-18,86.82319522136908,86.85132254225692,85.13549158715041,85.6136703491211,4291800
2023-12-19,85.92308643821939,86.3168832432667,85.40739503629638,85.68868255615234,3941500
2023-12-20,84.88233071626554,85.4730330639605,82.95084506067043,83.0258560180664,5762500
2023-12-21,84.33851335461107,84.72293915233675,83.34464319024903,84.27288055419922,5001900
2023-12-22,84.9292300288405,85.70745276022748,84.06662531988717,84.56356048583984,2388700
2023-12-26,84.88233139228247,86.05435078553377,84.87295323417362,85.6136703491211,2417800
2023-12-27,85.86683391142915,86.0637323188045,84.97609484556284,85.43553161621094,3411300
2023-12-28,85.77306939491568,86.04497159586421,85.10735609250389,85.17298889160156,2375300
2023-12-29,85.08861694424391,85.63243571702156,84.12287400667222,84.5541763305664,2488500
2024-01-02,83.57904575867,83.93533707624968,80.47554071822775,81.15999603271484,6584900
2024-01-03,80.02549033237166,80.2036395861469,78.694077892155,79.29415130615234,5271000
2024-01-04,76.95010556484867,78.97535852497825,76.70632352629113,78.19713592529297,7079300
2024-01-05,78.23465138281598,79.50043106761841,78.09400760596246,78.75033569335938,3968600
2024-01-08,79.1159962224464,80.4567867228609,79.1159962224464,80.29739379882812,4621200
2024-01-09,79.05036280345897,81.19750321900555,78.81595892167579,80.01610565185547,6725700
2024-01-10,80.02548179553882,80.54117318385538,78.9190952152367,80.10987091064453,5124000
2024-01-11,79.77232829409357,80.5599218788364,78.68469088266178,80.35364532470703,4206000
2024-01-12,80.719328370409,80.96311044386877,79.50981046951036,80.08175659179688,3025700
2024-01-16,79.98798005417355,80.6255589124999,79.09724814557947,79.84734344482422,4335000
2024-01-17,78.75969877896726,78.75969877896726,76.62193667094542,78.140869140625,6446500
2024-01-18,80.50366276118864,81.15999071197548,79.8285784955575,80.78495025634766,6735600
2024-01-19,82.02260323895636,84.32913640231963,81.23500253612308,83.8603286743164,6381300
2024-01-22,84.38539777237482,85.51053354796429,84.01035012936539,85.07923126220703,4977900
2024-01-23,85.55743286252915,86.42003759209834,84.70419913950911,86.25126647949219,5147300
2024-01-24,86.92633627726183,86.92633627726183,84.50728645548514,84.91046142578125,6640400
2024-01-25,86.34499712759762,86.44813539193188,83.82281661339515,84.05722045898438,6521500
2024-01-26,83.0352322919648,83.56967287880835,81.26313944330256,81.49754333496094,4710900
2024-01-29,81.49753471915179,81.8069495402553,80.12861699499965,81.78820037841797,6610400
2024-01-30,81.00999581337312,81.62881843956322,80.18488944053313,80.59744262695312,4283500
2024-01-31,79.41603027803441,81.46941051961774,79.1816264021802,79.8660888671875,6713800
2024-02-01,80.11923531798494,80.77557040847435,78.81595044767005,80.3067626953125,5489600
2024-02-02,77.6720618621631,79.96922404865805,77.25951592097053,79.03160858154297,9615300
2024-02-05,79.76294687597496,81.03810447352889,78.18775261743413,80.12861633300781,7174600
2024-02-06,80.25051265158733,80.31615260833813,77.83146993421205,78.0564956665039,6298400
2024-02-07,78.85347201817584,78.86285017731592,77.27827749429639,78.11275482177734,5765800
2024-02-08,78.1971433970348,79.96923632975239,77.78459023904698,79.08787536621094,6136900
2024-02-09,79.75357244110269,80.6443114615187,79.38790296700135,80.10987091064453,4905700
2024-02-12,80.16612891323429,80.67244216478318,78.65656731697898,78.71282196044922,5507100
2024-02-13,76.61255683019576,76.94072080387741,74.9623516509762,75.63743591308594,7910500
2024-02-14,76.07813253821698,76.53756219934237,74.9529966303965,75.55307006835938,8419500
2024-02-15,76.02185771332465,77.73769559780628,75.76869755151576,77.3626480102539,8322600
2024-02-16,77.26890947140858,77.91585940825938,76.02187893489833,76.51881408691406,4055600
2024-02-20,75.38429041511075,77.36265976545964,75.36553409849236,77.259521484375,5653900
2024-02-21,76.88447399083029,78.2908972955406,76.39691705937715,78.27214813232422,5335500
2024-02-22,79.25254193109781,79.79930795468096,77.52740457679641,79.09228515625,7121800
2024-02-23,79.00745027449148,79.0922967627021,77.6405422071536,78.09303283691406,3925500
2024-02-26,79.00744785641433,79.01687684197334,77.96105341783166,78.14959716796875,3011300
2024-02-27,78.29099125507285,79.40337403868246,78.17786502222512,78.18729400634766,4485800
2024-02-28,76.59414703453011,77.97048407510091,76.35847273596232,77.47085571289062,4955300
2024-02-29,78.58323225054833,79.42223210932357,78.24386071304282,79.31853485107422,6229100
2024-03-01,79.84644963881723,82.81594724519829,79.72390159251016,82.01465606689453,5963100
2024-03-04,82.4294384021662,82.91963773956556,81.81668383626082,81.9392318725586,4730000
2024-03-05,80.91168920317885,82.22203752204781,80.04440964678645,80.73257446289062,4916200
2024-03-06,82.48600256728568,83.52296801826125,81.8355392169626,82.77823638916016,8080700
2024-03-07,83.9000533747035,88.79265429435323,83.9000533747035,87.9913558959961,8868400
2024-03-08,87.77454316206794,88.29302953613438,83.70209125370319,83.74922180175781,8088400
2024-03-11,83.54182459846103,85.6723149937669,83.13646453347654,85.38008117675781,6657200
2024-03-12,86.51132348317637,86.94497054739695,84.79561477556234,86.69986724853516,5954800
2024-03-13,86.17195580621163,87.18064153776326,84.73905201292527,85.351806640625,5223100
2024-03-14,85.30465481906404,86.02110659741963,83.07046739319063,83.88118743896484,5431000
2024-03-15,82.51427460675936,84.19227426542426,82.51427460675936,83.5606689453125,14460000
2024-03-18,85.06899039160801,85.22925437618083,82.92907098569756,83.03276824951172,4266600
2024-03-19,82.73110804876754,82.74995882814162,81.2793535018622,82.27861022949219,3859200
2024-03-20,81.8732533137367,83.50412269271595,80.8834255336127,83.27787017822266,4836000
2024-03-21,85.26696009879139,86.08710926387204,83.47584114660187,83.77750396728516,5317200
2024-03-22,83.44754674691124,84.19227834235392,82.73110210681133,82.99505615234375,3646600
2024-03-25,81.70355692545967,83.2024490726541,81.43017390006676,82.62740325927734,4331700
2024-03-26,83.29672311868993,83.4475509270317,81.16622548527113,81.29820251464844,4396400
2024-03-27,82.29745806028633,84.15456526867477,81.91094880475967,84.07915496826172,4036100
2024-03-28,84.46566918585461,84.72020146202468,83.86234354248636,84.56936645507812,3688600
2024-04-01,84.59764099121094,85.36123058030893,83.94718484253822,84.59764099121094,3015900
2024-04-02,83.19302451977003,83.60781357242351,81.83553830541946,82.9384994506836,4253200
2024-04-03,82.45771202509016,83.93774610430147,82.00521427700806,83.08931732177734,3186900
2024-04-04,84.61649463459484,85.05013444226914,81.1285110111497,81.31705474853516,5491400
2024-04-05,81.24164577829102,83.05162269386379,80.97769171046276,82.55199432373047,3585300
2024-04-08,82.82537034084403,84.24884501965047,82.55198731033099,84.04145050048828,5074800
2024-04-09,85.08783884614212,86.55844396163567,84.88987332614936,86.41703796386719,4985000
2024-04-10,84.35254623960334,84.4845232685014,82.91021352285976,83.04219055175781,4508200
2024-04-11,83.70208186932476,84.36196700578046,82.53313940237098,84.16400146484375,4074600
2024-04-12,83.06103731780686,83.53238584091679,80.6571569730632,80.73257446289062,5434500
2024-04-15,82.68396198347381,82.80651001758352,80.1763914311886,80.78913879394531,4389300
2024-04-16,81.20392407642849,81.90151788618049,80.5628897887027,81.0059585571289,3449000
2024-04-17,81.43960374809639,82.04292933045816,79.84644331131172,80.19524383544922,4820400
2024-04-18,79.80873949232955,80.99653265330294,78.97916144595162,79.384521484375,5261200
2024-04-19,79.08287177956646,79.38453461207813,76.26420901401588,76.99951171875,6912300
2024-04-22,77.60282943313774,79.5636412396774,76.99950382992685,78.74349212646484,4368100
2024-04-23,79.06401105650377,81.97694174236209,78.94145582632041,81.25106811523438,5325400
2024-04-24,85.58747717159916,86.43590606546199,84.27712867693663,85.48377990722656,7141000
2024-04-25,86.39820875824246,87.19007103591784,84.67307097760877,86.92611694335938,6241500
2024-04-26,86.21909381633685,89.20744251808435,86.21909381633685,88.23646545410156,5621100
2024-04-29,87.5577107376573,88.59468338052346,87.35032340129271,87.84052276611328,6106700
2024-04-30,87.53886047778381,88.59468390577602,86.68100259400103,86.70928955078125,6026400
2024-05-01,85.24811027470231,86.97324792117126,83.38156660615724,83.70208740234375,7284900
2024-05-02,84.88045290597488,85.09726922451611,82.47657227798729,84.33368682861328,5406700
2024-05-03,86.4170430701737,87.27490089970688,85.45549517450502,86.12480926513672,6983000
2024-05-06,86.41703515982742,88.53810348090741,86.34161767117031,88.38727569580078,7243500
2024-05-07,88.7172383458034,90.63091260333773,86.59616954351394,86.78470611572266,7414500
2024-05-08,85.85143217077068,86.9166773983984,84.67306069198432,86.71871185302734,4837300
2024-05-09,86.46417557865502,87.00151261569309,86.00225603262069,86.23793029785156,3906100
2024-05-10,86.86011576830394,87.10521904378238,85.64403556854099,86.25679016113281,3046700
2024-05-13,87.08636287495838,88.0950485695892,86.86011756563981,87.23719787597656,3387800
2024-05-14,87.40687798423434,88.6795176558574,87.40687798423434,88.48155212402344,3810300
2024-05-15,89.1697185436779,90.21611293886102,88.57582193784764,89.89559936523438,4954900
2024-05-16,89.51852585418627,90.21611977308436,88.74551443264815,88.83978271484375,5330900
2024-05-17,89.14143789327787,89.19800461151426,88.12333046373045,88.92462158203125,3609600
2024-05-20,89.05661346147694,91.99782438095103,88.89635664952293,90.93257904052734,6156800
2024-05-21,89.40957723557865,91.02917779431395,89.26750548985046,90.71662139892578,3681500
2024-05-22,92.8666292003138,94.41993068391321,92.04261879791291,94.23049926757812,9157400
2024-05-23,94.69459124424883,94.99767425367305,91.91948450361774,92.95185852050781,7344400
2024-05-24,94.74194868337707,95.25340264371098,92.9708101889976,93.037109375,5206100
2024-05-28,92.42147091538607,93.7569280263009,91.96684275941479,93.59591674804688,4616800
2024-05-29,90.98181502768496,92.33621880201024,90.40406191391949,90.50824737548828,7522200
2024-05-30,90.54613685203333,91.75846892829402,90.44195138678569,91.237548828125,7106000
2024-05-31,91.38910322914941,92.25100001074988,88.81289348880712,92.0899887084961,7410600
2024-06-03,92.71508046767286,92.91397802755044,89.21068250132969,90.5650863647461,4268400
2024-06-04,90.11045730083889,90.56508545173973,88.74658007420565,89.03072357177734,8083300
2024-06-05,89.50428164358027,89.96837589547002,88.76551730047089,89.31485748291016,16758300
2024-06-06,88.44349244416681,88.72763592694463,87.74261433966886,88.42455291748047,12712300
2024-06-07,88.14987634072867,88.83181486848481,87.44899828767635,87.9415054321289,4605300
2024-06-10,87.28798861425213,89.8452509136413,87.07014432601983,89.31485748291016,4989900
2024-06-11,88.59502940577896,88.96441156374303,87.67630708558738,88.58555603027344,3535700
2024-06-12,89.97786732908627,91.15231325829264,88.30144076989934,89.52323913574219,5878400
2024-06-13,87.02278936414982,88.57609068880132,86.9091377520483,87.90362548828125,3807900
2024-06-14,86.58711980914094,87.61950119174985,85.82941579612047,86.52082061767578,3857400
2024-06-17,86.5681679923376,86.5681679923376,85.13799166393814,86.208251953125,5087300
2024-06-18,85.99989322961372,88.73711383082605,85.43160623506321,88.50979614257812,4951500
2024-06-20,87.6100140820699,87.86573743019055,83.68887457042817,84.31398010253906,8707100
2024-06-21,84.87280480289395,87.16487076447514,84.05826777091556,86.73866271972656,9783700
2024-06-24,86.02830516069999,86.62499782694316,84.29504574428559,84.46553039550781,4773800
2024-06-25,84.87279992740903,85.05275795759935,83.5089227008494,84.43711853027344,4614500
2024-06-26,84.25716183866409,85.55473989988424,84.01090461860761,85.28954315185547,4596400
2024-06-27,84.91067957323351,85.2895351316788,83.63204838629079,84.70230865478516,5688100
2024-06-28,85.68733174108793,87.49635640640369,85.28006327307409,86.66287994384766,13568600
2024-07-01,86.6628844560264,86.85230863544794,85.39372655654975,86.74812316894531,8328400
2024-07-02,86.30298071398917,87.81839591693334,86.19879524134274,87.19328308105469,3377800
2024-07-03,87.40164810724751,88.86971077615696,86.91860706006058,88.63292694091797,2438200
2024-07-05,88.87917780321922,88.95495036549949,87.24063769380675,87.26905059814453,2740600
2024-07-08,87.40164582440575,88.76552299210142,87.27852083468227,88.32984161376953,4798200
2024-07-09,88.55715366067187,88.87917620547023,87.00385229219589,87.4584732055664,3226900
2024-07-10,88.34878192364802,91.1238887138043,87.88468763788741,90.90605163574219,6386800
2024-07-11,90.21464625920225,90.64085429598325,87.1648691350035,87.22169494628906,6609500
2024-07-12,88.01728589531393,89.44746225699129,87.40164648987118,87.71420288085938,4775000
2024-07-15,87.60055054902195,88.3866746601305,86.88073285250603,87.22169494628906,4251400
2024-07-16,87.80891461292246,89.85473037177007,87.25957439329831,89.79789733886719,3601900
2024-07-17,89.09702175442294,91.85318908119582,86.56817211357534,86.68182373046875,9193800
2024-07-18,87.71420501568902,88.37719686779802,85.50737792413173,86.68182373046875,5883000
2024-07-19,86.8049641529693,86.92808915826181,83.99197075193142,84.07720947265625,5818700
2024-07-22,86.35033201487535,88.30143583748949,85.07170067999353,88.19725036621094,6739900
2024-07-23,86.91861060774951,86.91861060774951,84.86332856824279,84.96751403808594,6748300
2024-07-24,84.97697729142128,85.14746192848392,81.87984092246141,81.99349975585938,7969600
2024-07-25,80.16552992639308,83.29107925662186,78.55540283268054,80.534912109375,10269400
2024-07-26,82.37235971890314,83.07323783055176,80.8664108065267,82.23976135253906,5590300
2024-07-29,83.12059627646389,84.57918551129809,82.54284316311822,83.31002044677734,4556100
2024-07-30,83.90671868655524,84.42764602878667,81.74725120615837,81.96509552001953,6957300
2024-07-31,83.31002683175069,84.39923395970345,82.54284948929423,84.08667755126953,10036100
2024-08-01,82.87433609032652,84.85384533528537,78.65011365502212,79.90980529785156,14053000
2024-08-02,75.24990195201761,75.42985998393269,70.65629687129241,71.44242095947266,17482800
2024-08-05,71.31929874049591,73.16620988602598,69.32084246196354,69.9554214477539,10756400
2024-08-06,70.73207622210847,72.82524471507749,69.83230042833173,70.72260284423828,9488600
2024-08-07,72.80630859690265,72.84419488408861,67.97591175871396,68.19375610351562,8311900
2024-08-08,70.41951137825058,73.33668997190557,69.64286068524572,73.19461822509766,8582200
2024-08-09,71.9159898673836,72.88206477786308,71.01621414462262,72.0675277709961,5374800
2024-08-12,72.29484246440227,72.83470932086169,70.99726444312608,72.38008117675781,5303900
2024-08-13,72.86312293739324,75.24043469483225,72.13383189563365,74.95629119873047,7585500
2024-08-14,74.93735751076386,75.03206960815527,72.6642310430207,73.97127532958984,5321200
2024-08-15,75.77082688557242,77.257829074159,75.06047538352017,77.00210571289062,9511300
2024-08-16,76.94527178609752,77.5040853854499,76.2443936688386,76.57588958740234,4192000
2024-08-19,76.29175568502019,77.78822405311388,75.62875660131884,77.69351196289062,5535400
2024-08-20,76.83161575648343,77.25782373784831,75.5340378343087,76.03601837158203,4826100
2024-08-21,76.62324915353932,78.48910689791063,76.52853706635717,78.4322738647461,5765800
2024-08-22,78.35036966599722,78.35036966599722,75.70281963662345,75.97900390625,8336700
2024-08-23,77.6170576152205,78.62655321739676,76.62660594674973,77.89324188232422,4242600
2024-08-26,77.59800883723854,77.95990168228032,76.16947412368476,76.47422790527344,5543200
2024-08-27,76.30281571875315,77.13136133566908,75.26474321504224,77.08374786376953,3369800
2024-08-28,77.15041361049302,77.42659790860884,75.04570630337369,75.61711883544922,4785500
2024-08-29,76.38851521562742,78.71226743790629,76.1885212193351,77.12183380126953,4421900
2024-08-30,78.55988521933286,78.65511941562943,77.22658467347063,78.24561309814453,4872800
2024-09-03,76.44566341684214,76.58851836438052,72.51243315459142,72.76004791259766,9559100
2024-09-04,71.79815742052288,73.92191565590758,71.53149875761976,73.22669219970703,5875700
2024-09-05,72.19814347159664,73.75048920670555,71.83625061966931,73.0933609008789,4137200
2024-09-06,73.09337667812706,73.1695669578954,70.17916750308547,70.56010437011719,9621600
2024-09-09,71.37911695130957,72.0933843281375,70.67437517395899,71.81720733642578,5323600
2024-09-10,71.54102423819377,71.73149263540652,69.66488073544335,71.6076889038086,4748200
2024-09-11,71.60768925609835,73.94095982999987,70.09343860696393,73.760009765625,6678900
2024-09-12,73.61716020886908,73.61716020886908,71.826725342278,72.45528411865234,3351000
2024-09-13,73.2267048296509,74.28382132984804,73.09337547520305,73.92192840576172,3444700
2024-09-16,73.15050135366619,73.78858573872341,72.27433510653843,73.33145141601562,3831800
2024-09-17,74.521897055886,75.09330950984308,72.68384869728999,73.33145141601562,4735800
2024-09-18,73.94096969466273,74.61714204397923,72.49339078424936,72.72195434570312,9378900
2024-09-19,75.69329770362066,76.80755306313485,74.17904709261897,75.07426452636719,12211800
2024-09-20,73.5790620150054,73.8838157910762,72.19814079069778,73.34097290039062,14159500
2024-09-23,72.87432215698792,73.64573592604012,72.68385374773536,73.38859558105469,4909200
2024-09-24,74.36951932179471,75.16950260012771,73.58858724332174,73.80763244628906,4434200
2024-09-25,73.01718121930702,73.4933595352267,72.25530027337821,72.4838638305664,6082300
2024-09-26,75.08378415014379,76.91231418091307,73.59811031192835,76.48374938964844,8061400
2024-09-27,77.0075523284312,77.75038928563407,76.42661424325378,76.75041198730469,6496100
2024-09-30,75.28379387349702,76.58851779542415,75.15046452769285,76.46471405029297,5612300
2024-10-01,76.17900246392617,76.50280748647002,73.12193864725113,73.79811096191406,6934400
2024-10-02,74.04572315968902,75.22664326951904,73.22669592996226,74.49333190917969,5632100
2024-10-03,73.69334252986667,74.31237570112224,72.87431536775686,73.6457290649414,4483700
2024-10-04,75.68378421862992,75.74092329260128,73.15051203929838,73.97906494140625,4228500
2024-10-07,73.16956314093544,73.53145605209907,72.0838771415399,72.80766296386719,5306300
2024-10-08,72.4743279771973,73.94095785466133,71.81720693500297,73.62667846679688,4913200
2024-10-09,73.33145322446558,74.60760749424456,73.16955435726742,74.46475982666016,4724800
2024-10-10,73.16003592876683,74.01715834780899,72.79814302557324,73.65525817871094,3832800
2024-10-11,73.43622519834734,74.95046885299217,73.33146538081664,74.26477813720703,3811900
2024-10-14,74.85522792753231,75.44569164015407,74.11239093591725,75.22664642333984,3852900
2024-10-15,74.89331434740258,75.40758772772254,71.11245789153607,71.64578247070312,7695200
2024-10-16,72.99814619030626,73.97907247824071,72.09340292012678,72.27435302734375,4499100
2024-10-17,73.93143515051392,74.18857548371068,72.79813581538069,72.93146514892578,4849000
2024-10-18,73.6457398438748,73.95049367443374,73.04575051759306,73.65525817871094,3542200
2024-10-21,73.00765056430593,73.39811293919873,70.9981778289536,71.59815979003906,4738100
2024-10-22,71.04580022039052,72.05530314745181,70.85533180859248,71.83625793457031,4573000
2024-10-23,72.1791055243595,73.09336696233824,70.54105105660024,71.68387603759766,4102700
2024-10-24,72.68384881028005,72.74098787599351,71.25531404021487,72.24576568603516,3920100
2024-10-25,72.99813766682315,73.85526009315836,72.61719355890699,72.65528869628906,3940100
2024-10-28,72.18862595673973,73.87429377292383,71.76006117011754,73.52191925048828,3654500
2024-10-29,73.30287972864694,75.65520140643473,73.03622107569832,75.28378295898438,5456200
2024-10-30,73.4171716771225,74.4076234787411,71.89340246921107,71.97911834716797,5706800
2024-10-31,72.04577674760712,72.07434628246938,69.20775094152286,69.87440490722656,9069500
2024-11-01,70.0839199681503,71.68387937559199,69.91250275233219,71.24579620361328,5472900
2024-11-04,70.56961492156712,72.00767526541104,70.28391233222358,70.92198944091797,4223400
2024-11-05,70.15059573960733,71.67436495711816,69.52203685031267,71.51245880126953,8185700
2024-11-06,72.66479400060754,73.52190892163159,68.81727339055041,70.23628234863281,11382200
2024-11-07,70.79817962646484,71.64578360692,70.11248904106743,70.79817962646484,7232200
2024-11-08,69.74108048065727,70.02678311531221,68.64586888305182,69.39823150634766,6290300
2024-11-11,68.8744188965713,69.03631775095455,65.71259574000709,66.55066680908203,6591200
2024-11-12,65.66497987478736,66.30306427234002,62.931721282298625,64.09359741210938,9799800
2024-11-13,63.198377693591546,63.87454993424713,62.43648958997496,63.417415618896484,6997400
2024-11-14,63.83644881031655,64.27453188570817,62.360300738738786,62.474578857421875,6115200
2024-11-15,61.81746514889493,61.969838413697026,59.646089814712084,59.86513137817383,9280900
2024-11-18,60.16988437645578,62.207926719267924,59.96036478246328,62.14126205444336,7998400
2024-11-19,61.60795183702802,62.131743616480094,60.63654401944052,61.78889465332031,9720100
2024-11-20,61.0555852503843,62.04603703565857,60.63654600040933,62.0174674987793,8669500
2024-11-21,62.76981985794386,63.645986086524026,62.122217152927334,63.34123229980469,7146700
2024-11-22,62.98164173467486,64.14192992717561,62.5788985239132,63.95014953613281,5378100
2024-11-25,64.96659297228437,68.17896178890429,64.49672593504742,66.98031616210938,11092900
2024-11-26,67.84335649958356,68.00637058269358,64.94743128568815,65.59949493408203,8778200
2024-11-27,65.57071486992179,66.1364794716313,63.863844482174734,65.08167266845703,5523800
2024-11-29,65.82003093508075,66.69264850098516,65.2830400120335,65.36933898925781,5221100
2024-12-02,65.19673861135695,68.1214372137562,65.19673861135695,67.42142486572266,7030000
2024-12-03,66.41456594671764,66.84607549152054,62.559717107205685,62.703556060791016,10712800
2024-12-04,63.50904725797914,63.50904725797914,58.56103427567356,59.10761642456055,13749500
2024-12-05,58.9637830079063,59.16515461484579,55.578804941748494,55.85689163208008,14289400
2024-12-06,56.307578195073106,57.132246972465914,55.90483136189181,56.85416030883789,8677500
2024-12-09,57.05553939123547,60.124073333788,56.67197127667516,59.32817077636719,8594500
2024-12-10,58.96378312049947,59.4720077460248,57.95691776792637,59.37611389160156,9191900
2024-12-11,59.932287728871756,60.124071781199454,58.50350037990577,58.992549896240234,5698100
2024-12-12,58.522673850239265,59.49118158068202,58.18705453254695,58.973365783691406,4738700
2024-12-13,58.49390533211036,58.81993708191985,57.29525973104252,57.467864990234375,9040000
2024-12-16,55.55962589914595,57.12266096483792,55.55962589914595,56.652793884277344,11748900
2024-12-17,56.50895443996461,57.29526574414998,55.655519267712926,55.89524841308594,9621900
2024-12-18,56.37470660194444,57.304853196886654,53.613025828005185,53.83357620239258,10205900
2024-12-19,53.94864730978775,55.339077137241254,53.60344040006814,53.68974304199219,7433000
2024-12-20,53.57466841000732,54.72536903995752,52.99931992402045,53.22945785522461,27171200
2024-12-23,53.63220349557322,55.61716048221413,53.50754331853487,55.49250030517578,8832400
2024-12-24,55.43496453689796,56.20209701021574,54.897969976587426,56.154151916503906,3201100
2024-12-26,55.47332112370522,56.61443416279463,55.42537602765408,56.06785202026367,4143200
2024-12-27,55.856888892724946,56.115796799511045,55.36784306300209,55.94319152832031,9024100
2024-12-30,55.25277373198022,55.33907637271197,54.40892975368814,54.7733154296875,7182000
2024-12-31,55.00345718133698,55.72264463682941,54.24591218363725,54.993865966796875,5711600
2025-01-02,55.64593048037506,56.05826492103833,54.09248657483938,54.54317855834961,10151800
2025-01-03,54.65824782951855,55.751412200832654,53.92947280130136,55.30072021484375,5452700
2025-01-06,55.4733227761245,57.400747153390334,55.42537767864519,55.89524841308594,6946000
2025-01-07,56.35552711608311,56.84457295604319,54.85961595377488,55.10893630981445,10217500
2025-01-08,55.013050001434884,55.13771019654757,53.70892270542285,54.063724517822266,6226800
2025-01-10,53.20069028737462,53.57466716034046,52.23218617169326,52.922603607177734,7634000
2025-01-13,52.577401405444334,53.72809845315633,52.5678101905266,53.61302947998047,6656100
2025-01-14,53.9007025185812,54.57194488649652,53.10480362337819,54.54317855834961,6015300
2025-01-15,55.66510676456592,56.029496089377126,54.61988754553686,54.65824508666992,8972300
2025-01-16,54.6582469052173,54.917154829514985,53.06644547499845,53.88152313232422,7925700
2025-01-17,55.12811465510277,56.06785244513641,54.83084920457092,55.58839416503906,8272700
2025-01-21,55.713053140574075,57.21855191382082,55.24318605382847,56.10620880126953,6996100
2025-01-22,55.82812166567246,56.92128592691699,55.645925183480855,56.07743835449219,6901700
2025-01-23,55.31989366336601,57.13224898970881,54.62947624464027,57.122657775878906,6335100
2025-01-24,56.47059856167652,56.7390940418482,53.459600992403075,54.073307037353516,10300600
2025-01-27,55.425377783626935,55.94319361652779,54.30344713698488,54.8787956237793,15094900
2025-01-28,54.197972275266316,54.466467780477444,53.09521660804591,53.967830657958984,9813500
2025-01-29,54.36098467856624,54.466466097490404,53.085627410244385,53.72809982299805,5233700
2025-01-30,53.41165279219916,53.5554880805209,51.95409919108548,52.893836975097656,8456100
2025-01-31,52.52944374883636,53.97740968609955,51.76231129431418,52.06916427612305,10275600
2025-02-03,50.82257591346345,51.03353871988306,49.25954095075944,50.11297607421875,11262700
2025-02-04,50.27599655742569,50.822578715119995,50.04585496882871,50.43901062011719,10980000
2025-02-05,49.67187739146529,51.34039382595802,49.32666684239945,51.30203628540039,11945700
2025-02-06,51.311626893425256,51.99246047589982,50.54449432652781,50.928062438964844,13342000
2025-02-07,50.11297680675808,51.062305791547125,48.14719862994636,49.7581787109375,17530500
2025-02-10,50.21845500102799,50.90887603673573,49.29789605873505,49.91160202026367,9449900
2025-02-11,49.30748742328741,50.96641627979923,49.30748742328741,50.41983413696289,7801900
2025-02-12,49.921195553044356,51.71436842857365,49.80612293642899,51.63765335083008,8082900
2025-02-13,51.426696506418246,52.41437939976008,51.254091231740354,52.03081130981445,6793400
2025-02-14,52.213010269228135,53.60344008860247,51.99245988736521,53.46918869018555,7123700
2025-02-18,53.85275134877063,55.885653336816326,53.85275134877063,55.48291015625,11324600
2025-02-19,56.134980303204664,61.92683761652653,55.55962813139145,60.977508544921875,20924500
2025-02-20,62.147382653787,62.65560728245211,60.6514750953081,61.65834045410156,14626400
2025-02-21,61.75422509577423,61.773400207075845,58.16787571629788,58.561031341552734,13464000
2025-02-24,58.91366420679948,60.16961237170942,58.63349010569591,58.76874923706055,9836300
2025-02-25,58.81705528164799,59.918425287324844,57.44517069382564,58.13111114501953,9384100
2025-02-26,58.22772432786688,58.324334308621914,56.45973293366045,57.744667053222656,8482000
2025-02-27,57.5128034553311,57.74467259098798,54.778700935067896,55.18446731567383,11503700
2025-02-28,55.22310968242093,56.92346973508642,54.68208418658276,56.86550521850586,13308700
2025-03-03,60.40148693529471,60.51741965863792,55.41633560631896,55.98634338378906,19509000
2025-03-04,56.65295625871601,58.24704673015851,56.01532080722591,56.169898986816406,14039800
2025-03-05,56.71092559778394,57.80263608613812,54.97192012108458,57.61907196044922,8642700
2025-03-06,56.450076665390526,57.99585855922774,55.822100697962114,56.28583526611328,10643200
2025-03-07,56.16989930596082,57.995855214446465,55.8704061543595,57.744667053222656,8182600
2025-03-10,55.995995411992155,56.09260907303967,51.01084475040467,51.63882064819336,16124400
2025-03-11,52.353746169939846,52.55663302649486,49.339469804007805,50.469825744628906,9121700
2025-03-12,50.79830802289229,51.53255350576946,49.8901579297399,50.14134979248047,7250000
2025-03-13,49.79354473168938,51.69678788680761,49.58099835160565,50.131683349609375,6002800
2025-03-14,50.93356178211545,51.80306269191875,50.50846900869483,51.687129974365234,7349200
2025-03-17,51.8223847531669,53.82224161082414,51.80306201958632,53.387489318847656,6181800
2025-03-18,52.952745290543696,53.068678016615976,51.86103470417785,52.3634147644043,3810800
2025-03-19,52.141199940097124,53.49375800797424,52.08323174423488,52.72086715698242,6044700
2025-03-20,50.508468423956344,50.64372387377536,49.23319748932765,49.27184295654297,13866100
2025-03-21,48.90471716433138,50.595417615604454,48.22843624673525,49.967445373535156,29770200
2025-03-24,51.31034328384107,52.63391915817088,51.0205096618948,52.06391143798828,12894200
2025-03-25,51.68713209955514,52.24748034740015,50.508471085422414,50.58576202392578,8676300
2025-03-26,50.643723617528394,51.32966775810845,49.8321909227205,50.40219497680664,6084900
2025-03-27,50.01575008770837,50.1316828003773,48.48928734825707,49.0689582824707,5492800
2025-03-28,48.63420521190965,48.759801131761044,46.63434844509365,47.04977798461914,12054400
2025-03-31,46.54740162864711,47.18503711593948,45.832475204502465,46.76960754394531,14064900
2025-04-01,46.77926500527712,47.0594391108583,45.610267277701986,46.8565559387207,10219700
2025-04-02,46.025699190149204,47.79369068621641,45.87112100077459,47.27198791503906,6408300
2025-04-03,45.214166885830856,45.214166885830856,38.22915809915793,39.330528259277344,29179100
2025-04-04,37.610837546079,38.818480663573354,34.876731759063304,34.99266815185547,26407700
2025-04-07,34.38401848179979,38.644583685734645,32.9734920617748,36.7993049621582,24856500
2025-04-08,38.41271089261281,38.61559773851229,32.98314843535369,34.142486572265625,17281700
2025-04-09,34.28740627752672,44.03550202873079,33.91061851521304,43.378543853759766,29897800
2025-04-10,39.968162358997,40.1903682880262,36.132689673844325,37.494911193847656,24354400
2025-04-11,35.668946649700366,37.6011757081353,34.27774305438362,37.398292541503906,20662000
2025-04-14,38.56729065254805,38.94407841876411,36.953881140394294,37.56253433227539,9921400
2025-04-15,37.765415791340345,38.26779577144972,37.011847663893455,37.4176139831543,6704900
2025-04-16,35.987766331452455,37.09879951787242,35.08927952149687,36.66404724121094,14564700
2025-04-17,37.36931254035881,37.39829479864551,36.30658796825356,37.253379821777344,7777900
2025-04-21,36.32590729545033,38.19050875851316,36.14234684916883,38.09389877319336,16395600
2025-04-22,38.789503454048145,39.65900440049304,38.23881841566927,38.92475891113281,11719600
2025-04-23,41.320722208807254,41.90038949918639,40.219352145826065,40.509185791015625,10228300
2025-04-24,42.62497185191103,45.72620228106203,42.62497185191103,45.5233154296875,20418800
2025-04-25,44.7021193426821,45.89043976162576,44.50889570133574,45.301109313964844,7677600
2025-04-28,45.07890695841203,46.228582002335706,44.34466148612352,45.41704559326172,7084500
2025-04-29,44.25770983253483,45.1368739448917,43.95821298871242,44.36397933959961,8287200
2025-04-30,43.03074495574645,44.67314050471286,42.67327990200087,44.51856231689453,10848300
2025-05-01,45.43636704049899,45.60060843379874,44.054822910785035,44.42194747924805,8677200
2025-05-02,45.56196644647197,46.88554247633198,45.51366145137713,46.28655242919922,9444000
2025-05-05,45.62959123902501,46.69231948986668,45.252807141934056,46.160953521728516,8196300
2025-05-06,45.40738639708397,46.083667357106215,45.0982300185769,45.63925552368164,6499300
2025-05-07,46.04502036848073,46.75994677357521,45.330093963386254,46.45079040527344,9565800
2025-05-08,47.27198560180689,48.55691604708688,46.91452424738931,47.47486877441406,11279100
2025-05-09,53.86089027433553,56.092616381965875,52.00595196573484,53.45512390136719,21360900
2025-05-12,57.957211932687976,60.37249824336879,57.32923601773719,58.89434051513672,20947300
2025-05-13,58.88468492025584,60.98115180879398,58.546542602939105,60.18893814086914,10992800
2025-05-14,59.899105694094374,59.97639663174059,58.218064654636564,58.594852447509766,10608100
2025-05-15,58.27602683092572,59.28078680380515,57.290589590459476,58.73976135253906,8416400
2025-05-16,58.61416913541431,59.145535096740936,58.09247006905619,59.13587188720703,6589300
2025-05-19,57.60941268493073,58.981293601605046,57.37754356716774,58.51755905151367,8220200
2025-05-20,57.96687048318349,58.855694061583804,57.7639873209966,58.73976135253906,6145500
2025-05-21,57.792971676894375,59.329093947933444,56.884825333082,57.242286682128906,7243900
2025-05-22,57.68527794292069,58.20128008457721,56.03991017068674,56.5169677734375,11530600
2025-05-23,54.511369946870374,54.83265309407755,53.09966204113128,54.706085205078125,10093500
2025-05-27,55.903598467194044,57.94814197952357,55.25129422120173,57.13032531738281,11214300
2025-05-28,57.30557594632227,57.52950146617565,55.884133752145765,55.94254684448242,8292900
2025-05-29,57.48081842212482,58.01629277489486,55.86465737317139,56.57537841796875,6573900
2025-05-30,56.701951643729785,57.08165160759682,55.12473126680513,56.507232666015625,10845600
2025-06-02,56.16646951868898,58.69780862043457,55.91333746549208,58.41546630859375,9310200
2025-06-03,58.82437663526917,62.38772387841829,58.308374504279094,62.15406036376953,16323000
2025-06-04,62.650594048431664,63.556034187764645,61.384926194576074,62.96214294433594,9193300
2025-06-05,63.28342274986503,64.61724525725622,61.94960395642923,62.67006301879883,11875600
2025-06-06,63.95519976953751,64.31542371159911,63.37103918516987,63.526817321777344,8884500
2025-06-09,64.28622553403389,66.79809260439049,64.16939934428515,66.25288391113281,11974600
2025-06-10,66.65205706968683,68.70633523181031,65.87318851491148,67.75221252441406,12064800
2025-06-11,68.37530715770447,69.13470703763902,67.02200867649282,67.7619400024414,12731500
2025-06-12,66.87597100510368,67.36276652576296,65.90237996378511,66.13603973388672,7700300
2025-06-13,64.78275469290125,65.55189257708533,63.77021902617452,63.99414825439453,9841200
2025-06-16,64.98720940835553,66.55469175760642,64.72434306554639,66.3891830444336,9211800
2025-06-17,65.79528628505325,66.93438605411201,65.46426145878132,65.90238189697266,6922900
2025-06-18,66.20419477636574,67.47959673997904,65.7563437618749,66.22366333007812,5642500
2025-06-20,67.65483889869455,67.83982357215646,65.60056122193684,67.14857482910156,19067200
2025-06-23,67.2459403344479,68.76474014928183,66.17499155660572,66.76888275146484,7498000
2025-06-24,67.9566628541008,69.44625607281121,67.79114671920242,68.57002258300781,8422200
2025-06-25,68.44345023217394,69.78700313736103,67.50879633614572,69.70911407470703,7586600
2025-06-26,69.7578011295724,69.95251637095255,68.81341661026696,68.91077423095703,7060700
2025-06-27,69.17365697394504,69.64097658519908,67.93719200384982,68.6284408569336,6885600
2025-06-30,68.76473263194178,68.90103478360786,67.66457742837699,68.51160430908203,5861600
2025-07-01,67.62563676712058,70.58535459601302,67.48933460765079,69.7870101928711,8034500
2025-07-02,69.62150136734886,71.57841412256666,69.10549927484135,71.2279281616211,8245500
2025-07-03,71.88023111879706,72.43517773650626,71.01373565303899,71.13056182861328,3810800
2025-07-07,71.0331956188114,71.62708669921739,69.23205382665488,69.59228515625,7790100
2025-07-08,70.78006253357538,73.7495180465475,70.38089408718969,72.5909423828125,11350500
2025-07-09,72.42543663862217,73.58401234943024,71.94837911037008,72.70777893066406,6484200
2025-07-10,73.60348547687228,75.1612297471093,73.00959431323338,73.09722137451172,7550400
2025-07-11,72.07494034270157,73.07773788146957,71.77312951046532,72.5909423828125,4885900
2025-07-14,71.63683997834127,72.503335524284,70.8579640721875,72.09442901611328,5756200
2025-07-15,73.03880793827786,73.40877734501356,71.15004607722445,71.17925262451172,6016200
2025-07-16,70.97480026196804,72.4741316075785,70.15697978803897,72.46439361572266,7036500
2025-07-17,72.25993288947149,72.58121973632164,71.48105703551546,72.33782196044922,6255400
2025-07-18,73.19458321061882,73.63269625848973,72.0944278813114,72.80514526367188,5239400
2025-07-21,73.16537542871473,74.08054604648508,71.85102887939033,71.89970397949219,6153700
2025-07-22,71.47132651007568,73.5645414413483,71.1597702260013,73.27246856689453,8819400
2025-07-23,68.83288841840424,69.85516205377002,66.39891064649586,68.394775390625,19476800
2025-07-24,67.09988978786112,67.58668528677696,64.96773055358841,66.01920318603516,13363800
2025-07-25,65.9802667104317,67.44065338548067,65.89264707532593,67.38224029541016,8354600
2025-07-28,67.8690293155585,69.2028516909899,67.51853595307887,68.66737365722656,6765000
2025-07-29,69.15417857552602,69.65071214456589,67.9858721602792,68.81342315673828,5449100
2025-07-30,69.04708320575956,69.22232991147615,67.64511698793791,68.43372344970703,6430800
2025-07-31,67.8592932755664,68.20978664811807,65.04561573273966,65.80501556396484,15369600
2025-08-01,66.73968055911705,66.79809365491006,62.96214190239075,64.60751342773438,11544600
2025-08-04,65.06509574261004,65.7174000043996,64.68539580348416,64.83142852783203,8552300
2025-08-05,65.85370366278306,66.3794437661192,63.65338562168984,65.35717010498047,9872900
2025-08-06,65.13324058045929,65.65898062145324,63.91625180813348,64.42251586914062,6366100
2025-08-07,66.0192130167024,66.57415967098503,64.04282418527319,64.47120666503906,13767500
2025-08-08,59.95374157397473,62.26115143542035,59.27222706285153,60.236080169677734,20070400
2025-08-11,60.28476251689259,61.22914712542624,59.23328600106356,59.34038162231445,10238800
2025-08-12,60.30423244820613,64.74380927862123,60.051100391933836,62.796627044677734,12674600
2025-08-13,63.10817087609533,64.37384219846543,62.47533521491028,64.01361083984375,8379500
2025-08-14,62.84531759901172,64.57830882011314,61.73542046417269,64.24728393554688,6843000
2025-08-15,64.38357689022793,64.79249079821025,63.86757479472167,63.97467041015625,7744400
2025-08-18,63.90652142813862,64.26675282169107,63.32236823344318,63.82863235473633,4991700
2025-08-19,63.82863051359992,64.64645090491221,62.699268693486616,63.00107955932617,5069700
2025-08-20,63.28342571231584,65.14298840249046,61.99828567188987,64.9969482421875,10208900
2025-08-21,64.6756569623507,64.91905473694514,63.96493219225428,64.3543701171875,5932200
2025-08-22,64.94748239357745,69.30998953995379,64.83964446596853,67.7806625366211,12430300
2025-08-25,67.78065948281044,67.78065948281044,66.63366428198798,67.20226287841797,5326700
2025-08-26,66.93757032040544,67.9375206563107,65.93762746389595,66.2905502319336,8740400
2025-08-27,65.62392182104992,65.89841565631158,64.98669971525185,65.3396224975586,8212000
2025-08-28,65.29059288130985,66.24152315527841,63.80048050477626,63.96713638305664,13999200
2025-08-29,63.79067697860928,64.38868454083746,63.055422514826596,63.72205352783203,9209700
2025-09-02,62.026068828533404,62.59466368585466,61.05553126247258,62.349578857421875,6638800
2025-09-03,62.30056165768771,62.496630265283024,60.388899278104226,62.03586959838867,6963600
2025-09-04,62.741711426057336,63.43775138966278,59.89872613118514,63.16325759887695,11087900
2025-09-05,63.467169266002735,65.77096530945857,63.09464299477789,64.62397003173828,7765200
2025-09-08,65.04551083137592,65.56508946185346,63.55539839152721,64.01615905761719,7153000
2025-09-09,64.00635307100355,64.38868479533006,63.163260684182184,63.48677444458008,4192800
2025-09-10,63.63382644838453,64.40828790007151,62.908369993814325,63.4671630859375,5407500
2025-09-11,63.467167251231196,63.93773342887862,62.52604237533199,63.741661071777344,6455700
2025-09-12,63.8396961772205,64.35927479542605,63.14365619062486,63.427947998046875,4608200
2025-09-15,62.74171533722118,63.39854087460284,61.045728793275636,61.92803192138672,6803800
2025-09-16,62.38879270009207,63.44756094332921,62.04567543961577,63.182865142822266,7680300
2025-09-17,63.12404621096548,66.2905454048982,62.73191273924239,64.4867172241211,7381600
2025-09-18,65.7121409773932,66.53562986483236,64.66317824320659,64.95728302001953,9832000
2025-09-19,65.00629598078892,65.19256283945096,62.61426945748215,63.86910629272461,13348400
2025-09-22,64.21222157814373,64.89845606890023,63.73185743461416,64.11418914794922,6466500
2025-09-23,64.44750774846642,65.20237324783278,63.2122855339691,63.43775939941406,6218900
2025-09-24,63.575004294234795,64.94748085728676,63.39854291499389,64.55534362792969,5874100
2025-09-25,64.16320456579061,64.16320456579061,62.486828990282206,63.5651969909668,4621100
2025-09-26,63.39854247331787,63.7220562462383,62.50643383545844,63.15345764160156,4110800
2025-09-29,63.60440948620352,63.82989081044688,62.751519103541305,62.81033706665039,6499700
2025-09-30,63.0064023079629,63.59461186016329,61.79078369357938,62.95738983154297,7686700
2025-10-01,62.72210319342426,63.614211738965956,62.084884940721544,62.84954833984375,8399400
2025-10-02,63.50637745040536,65.74154981522433,63.15345471076077,64.829833984375,6221000
2025-10-03,65.08472860802279,67.64341490043434,65.04551413663998,65.23178100585938,6368300
2025-10-06,65.90821628705092,66.43759294209949,63.08483423668259,65.28079223632812,6410200
2025-10-07,65.71214044108211,66.09447216018144,63.46716260262484,63.682838439941406,6049300
2025-10-08,64.03576013326905,65.81017179961044,63.40834360552199,65.60430145263672,6149900
2025-10-09,65.38862882821502,65.43764878535545,63.800483936641896,64.56514739990234,3842600
2025-10-10,64.68278690856128,64.98668968219742,59.016423509097066,59.222293853759766,12554600
2025-10-13,61.56530670398487,63.6436249530173,60.95749739090604,63.124046325683594,8316300
2025-10-14,60.996713043322664,65.30040201434839,60.996713043322664,63.329917907714844,9058400
2025-10-15,64.21221674219818,64.45730153892413,62.408392488707314,63.92791748046875,10045600
2025-10-16,64.67298333271192,65.10433500821391,63.12404547922304,64.06517028808594,5193200
2025-10-17,63.53578495566593,64.33966284853209,62.99660285107966,63.85929870605469,4582800
2025-10-20,64.77101871015407,66.33956012959096,64.35927798993852,65.75135803222656,5562100
2025-10-21,65.64350971339942,66.66306334442977,65.00628775908116,66.19249725341797,5611900
2025-10-22,63.927920142142646,64.76120698982633,62.05547236678391,63.23188018798828,9989800
2025-10-23,61.69275090059577,64.00635218891006,61.69275090059577,63.810279846191406,7224600
2025-10-24,64.69258845425722,64.75141389837466,61.87901570421904,61.92803192138672,7533200
2025-10-27,62.70249880403386,63.88870842306194,62.241741890184315,63.28090286254883,7361900
2025-10-28,63.24168798244007,63.33972041291079,61.761373600328575,62.388790130615234,4808700
2025-10-29,62.42800331433589,63.04561434505071,60.91827998208259,61.31041717529297,9882000
2025-10-30,61.54569895911735,62.173115501570535,60.70260657780929,60.84965896606445,5752900
2025-10-31,60.84965847608266,61.888819453464066,60.379096073031896,61.19277572631836,7081600
2025-11-03,61.50648953418514,62.20252954199704,60.88887472599405,61.18297576904297,5769400
2025-11-04,60.18302550674377,61.055526834333456,58.12431459309838,58.33018493652344,8075600
2025-11-05,58.683108152424765,60.9280859343295,58.506646788101406,59.6046257019043,8254300
2025-11-06,59.388956616825915,60.075191135388685,57.967463883221676,58.183135986328125,10993500
2025-11-07,55.09507104465089,55.19310348168408,51.771721317275635,55.17349624633789,19099500
2025-11-10,56.20285588532812,56.44794071914232,53.96767965794809,54.32060241699219,9866700
2025-11-11,54.19315435913743,54.82057090180857,53.23242231071004,53.634361267089844,8502600
2025-11-12,54.43824159454419,55.56563331570574,54.43824159454419,54.536277770996094,6536100
2025-11-13,53.96767832724591,54.977430360657074,53.065767956103336,53.732398986816406,10618100
2025-11-14,53.085376201083534,53.604954849140334,51.95798447600803,52.42854690551758,8290000
2025-11-17,52.281494380559906,52.389328557504015,49.87966245252501,50.68354034423828,8118600
2025-11-18,50.2423877590734,50.55609602736889,49.61497122248243,49.86985778808594,9779900
2025-11-19,49.86005690268336,50.45806446811407,49.379689004972555,49.80123519897461,9005800
2025-11-20,50.11494346584892,50.69334379663105,47.61507902388119,48.05623245239258,10584000
2025-11-21,48.09544841905447,50.4384587971379,47.56606428835759,49.89927291870117,11767300
2025-11-24,49.99324237707628,50.952746028543125,49.558000028416764,50.695560455322266,12016400
2025-11-25,49.78551462341718,51.753984008334555,49.26124577911399,51.269287109375,9605200
2025-11-26,51.30885002874572,52.78273231595043,50.99231220940739,52.001277923583984,6266100
2025-11-28,52.11997992619738,53.158623680352314,51.80344209918417,53.0003547668457,3755000
2025-12-01,52.30792912406426,53.68289107730944,52.05073977006764,52.85197830200195,5580800
2025-12-02,53.21797419867486,56.729568445558456,52.832193943096115,56.096492767333984,11954000
2025-12-03,58.65847382819232,63.248276294672294,58.31226174390432,62.92184829711914,22906400
2025-12-04,63.27795020183636,64.78150296174762,62.53606397789148,64.01983642578125,12641900
2025-12-05,65.4739392256129,66.22571188488156,64.83096961038096,65.0980453491211,11350100
2025-12-08,65.5827474462545,66.69062608170803,65.55306565692727,66.62138366699219,8146600
2025-12-09,66.14658076728833,66.75986857063695,65.81025507625378,66.12679290771484,7488600
2025-12-10,66.06744355173502,67.46218575899111,65.51350424069511,67.16543579101562,8780400
2025-12-11,67.08630238004189,68.52061282176453,66.05755250967124,68.34255981445312,8243200
2025-12-12,68.60964050155239,68.80747381469477,65.90917125070162,66.4532241821289,13126900
2025-12-15,67.32370132555542,67.35337556784107,65.80036066441616,66.4532241821289,6768000
2025-12-16,68.24364045380652,68.5799661418011,64.20778502587163,65.18707275390625,7294200
2025-12-17,65.45414970418578,65.8893920567166,62.753684180918505,63.29773712158203,8750500
2025-12-18,64.61334486500057,64.96945086158554,63.06032998144935,63.366973876953125,6554800
2025-12-19,63.63405937361967,64.47486229341062,63.41643819622164,64.2077865600586,18662500
2025-12-22,65.33545233814998,66.2850658359583,64.95955847346983,65.52339172363281,5867700
2025-12-23,65.14750539473994,65.49371746989395,64.39572521236462,64.64302062988281,4874300
2025-12-24,64.91998402974355,65.18706728114829,64.47485533987766,64.65290832519531,2100900
2025-12-26,64.85074505417101,65.18707073173239,64.11875276327656,64.23745727539062,3853600
2025-12-29,64.30670185721371,64.7617245153854,63.27795202475102,63.95059585571289,4778500
2025-12-30,64.13853170362233,64.52431947302887,63.6736226882122,63.98026657104492,4346300
2025-12-31,63.88135558214459,63.95059799882036,62.95152237519227,63.03065872192383,4563500
2026-01-02,64.55399213519028,65.15739350377888,63.45599997574918,64.32647705078125,7789800
2026-01-05,64.64302616692365,68.0952683780616,64.59357160729829,66.33452606201172,9261200
2026-01-06,69.79665030775807,74.47548253113315,69.79665030775807,74.06002807617188,18540100
2026-01-07,72.26960629221456,73.21921973587891,71.11226561526647,73.14009094238281,9813500
2026-01-08,72.6059290706918,72.94224718349835,70.92431586608954,72.7345199584961,8440400
2026-01-09,73.22911383245125,75.23715130563895,72.71474271269578,74.40624237060547,9124300
2026-01-12,74.50515965552005,74.50515965552005,72.41798582407496,72.59603881835938,6982500
2026-01-13,72.71474507915707,74.32710844900653,72.61582842369916,73.26868438720703,5453700
2026-01-14,73.1895478210525,74.19851732547673,72.71474485755866,73.87208557128906,5298500
2026-01-15,74.41613740838429,75.17780394351071,73.60500877297332,73.64456939697266,6994200
2026-01-16,74.61397453944038,74.84148964680875,73.52587619913236,73.8918685913086,7005300
2026-01-20,72.31906948601564,73.54565259261956,71.49804692285804,72.37841796875,11046300
2026-01-21,73.36760326965087,75.90979988105559,72.97192908895194,75.37564086914062,11834300
2026-01-22,78.15524556934992,78.63994247272848,74.34689766337539,74.6535415649414,12631100
2026-01-23,74.96018803335097,75.11846072787391,72.61583223387538,73.90176391601562,7546300
2026-01-26,73.9017672746303,74.48538842863562,73.14998703519514,73.98090362548828,7783900
2026-01-27,74.30732514058768,75.45477188197715,74.21829487146532,74.34689331054688,6144100
2026-01-28,78.95647638513617,80.54905939261921,77.87827204485069,79.4114990234375,14809600
2026-01-29,79.0257222871459,80.00501001833663,75.24704864430599,78.50145721435547,7821700
2026-01-30,77.48260241886392,77.71010997788815,74.26776197491193,75.09867095947266,12510700
2026-02-02,73.98089722070746,78.22448744564724,73.59511697724541,77.23530578613281,8648500
2026-02-03,76.85941555095957,78.32340779671406,74.44581731975865,75.83067321777344,8541600
2026-02-04,76.76049299396364,78.95647742049945,75.82077346401866,77.38368225097656,14565400
2026-02-05,76.31536110617483,78.29372428431621,74.9008311319295,77.19573211669922,11358300
2026-02-06,73.60500925394994,75.87022856213176,72.58614582817157,75.18769836425781,20208200
2026-02-09,73.5060867827843,74.73267747564196,72.70485205270793,73.60501098632812,11656400
2026-02-10,73.75338256845947,76.86930632431533,73.6841401537452,76.02850341796875,12059000
2026-02-11,77.37379067437868,80.39079021010981,77.01768467293032,79.87641906738281,13622000
2026-02-12,80.92494993512415,82.44829061118072,77.42324592084195,78.06621551513672,12504000
2026-02-13,77.17594691389752,78.31350728983762,76.75059851408885,77.7101058959961,7888200
2026-02-17,77.65075621272769,78.76852871267941,76.27579438162665,78.08599853515625,6181700
2026-02-18,79.79728670138006,80.12371847679057,77.61119602880905,78.25416564941406,6953400
2026-02-19,77.5914075959421,77.91783179033752,75.20747630279706,76.32525634765625,6919300
2026-02-20,75.4547735987572,77.54194744373801,75.36575087446612,76.88909149169922,7042900
2026-02-23,76.75476480126005,77.36171908887498,74.22744856572936,76.21746063232422,5034200
2026-02-24,76.82441057415222,78.78457356347305,75.19260137915578,75.5508041381836,5592200
2026-02-25,76.67516513440604,76.71496628806239,75.00355463730916,75.09310913085938,7829400
2026-02-26,75.36175525257202,75.58065779571332,73.26229190341662,74.5956039428711,9959400
2026-02-27,72.89414446160842,74.36674914656574,71.95883635677498,74.26725006103516,10302500
2026-03-02,72.49614046208728,74.33690011225225,72.07823974846373,73.93889617919922,5288700
2026-03-03,71.66032883078323,72.35683758605447,70.35687339907031,71.03347778320312,9389000
2026-03-04,72.15783726835728,72.33693866563198,68.9937176440338,69.5509262084961,7452200
2026-03-05,68.6554189067677,70.13797582716315,66.57585986196347,67.47135925292969,9606300
2026-03-06,65.39179342744121,66.04849341880738,63.86943551110416,64.446533203125,11745000
2026-03-09,63.24258482966151,65.22264850559608,61.37197242467037,64.6753921508789,12951600
2026-03-10,64.67539221953596,66.76490337298533,64.25749150710482,65.00374603271484,11371100
2026-03-11,65.2226493439845,65.93904732033177,64.2972934176639,65.4614486694336,7308600
2026-03-12,64.27738922149517,64.80474121264777,62.03862561213841,62.41672897338867,10756100
2026-03-13,63.18288323620348,63.75998855853911,61.08341989459465,61.630672454833984,6899600
2026-03-16,63.083385192287224,64.57589426974847,62.88438322282969,63.51123809814453,7291100
2026-03-17,64.07838719072976,65.36194582711177,63.76993017215242,64.2674331665039,5801600
2026-03-18,63.6803874331809,65.46144918015793,63.6803874331809,64.3868408203125,10218600
2026-03-19,62.58587862798994,63.82963612222149,62.11822459555196,62.97393035888672,10227100
2026-03-20,62.67542959769046,64.0186823835195,61.80977164499605,62.6555290222168,12516300
2026-03-23,64.60574189293749,65.59079573801125,63.919185302371204,64.01868438720703,7972500
2026-03-24,63.411736825037764,66.24750642157656,63.381887857337944,65.30224609375,5553900
2026-03-25,65.91914762479492,67.7599072100211,64.50624092403048,64.8345947265625,6581000
2026-03-26,64.16793574228579,65.66044476386699,63.65053595497342,63.8793830871582,10554300
2026-03-27,63.21273044395944,63.471434131480144,61.2724717657876,61.690372467041016,8341800
2026-03-30,62.0983258096655,62.62567778780955,59.01380865334284,59.76006317138672,8534200
2026-03-31,61.043616571801955,64.65549320964159,60.8744673737399,64.28733825683594,12580900
2026-04-01,64.50624093867434,66.19774810574329,64.18783932165101,65.0534896850586,7926800
2026-04-02,62.90428071887771,65.4813426226061,62.30727483974085,65.27239227294922,6599900
2026-04-06,65.64055029946556,67.47135778670628,65.48134568772618,66.88430786132812,5480100
2026-04-07,66.67535617703501,67.4514596656089,65.42164645402683,67.17285919189453,6549400
2026-04-08,71.6603287072883,72.13793492697387,69.38177164993304,70.37677764892578,13559100
2026-04-09,70.14792851550968,71.19268793417314,69.18277140501549,70.86433410644531,8477400
2026-04-10,71.55088727294789,72.33693535643948,70.4762789384598,71.20262908935547,8065300
2026-04-13,71.10312701827058,73.34189049211271,70.76482862604409,73.18269348144531,6724900
2026-04-14,73.82944771671362,74.51600433756822,72.65534024474901,74.1279525756836,7446400
2026-04-15,73.75979344174415,74.48615117564678,72.53594028972847,74.11799621582031,6869400
2026-04-16,74.18764546337314,76.93386416865015,73.64039671422049,76.48611450195312,7221100
2026-04-17,78.386573110815,79.5009825870733,77.37167030968011,78.3666763305664,10896300
2026-04-20,78.60547526506429,80.3069346414921,78.02836995386603,79.98853302001953,9660700
2026-04-21,80.08803566355554,81.45119669895692,79.8392841484943,80.52584075927734,8519100
2026-04-22,82.05814778981093,82.48600068261433,80.68503462201264,82.06809997558594,8901100
2026-04-23,85.35161742071115,91.77935556762668,85.0332157896077,90.18734741210938,18143200
2026-04-24,90.65499774542758,91.04304948017074,87.47098156515207,88.99333953857422,11341200
2026-04-27,88.51573414838082,88.84408795511116,84.85411171097957,86.40631866455078,10126700
2026-04-28,85.30187059414045,86.70482515393596,83.53075347778197,83.8392105102539,13219800
2026-04-29,88.55553322759185,90.27689693274667,86.67497251129814,89.71968841552734,12902700
2026-04-30,90.54554923262631,92.56541027013176,88.67494061870808,92.44601440429688,9342700
2026-05-01,92.34650582295713,94.08776634920751,91.45100648249168,93.4808120727539,8062800
2026-05-04,95.73947747950525,95.73947747950525,93.15246342627424,94.8240737915039,8362100
2026-05-05,94.75442772414091,98.58519942732808,93.69971616862424,97.98819732666016,11012100
2026-05-06,97.98819940642014,102.72442275136447,97.51059316097266,102.40602111816406,13764100
2026-05-07,101.6398689006374,101.76921695347613,99.09264826622399,101.07271575927734,15859600
2026-05-08,104.52538893729734,105.38109475045205,96.33648577834258,98.59514617919922,18857300
2026-05-11,97.61009025327392,100.67471065475952,96.08773223841663,98.53544616699219,19625200
2026-05-12,96.57527868469967,97.65983915817839,93.94846348589627,97.21208190917969,12828500
2026-05-13,99.15235577934783,99.37125832799839,95.58028006270987,96.22703552246094,12894100
2026-05-14,95.90862636586087,96.80413327135727,94.7942169288772,96.55538177490234,6977400
2026-05-15,93.63006865347457,95.11262555613635,93.25196908384024,93.38131713867188,9445400
2026-05-18,95.34147655167246,95.34147655167246,90.67489588773228,92.29676055908203,10149000
2026-05-19,89.99829265259615,93.12261098906068,89.55054297424238,91.35150146484375,7350400
2026-05-20,92.21715641874313,93.86886243189912,91.35149846554812,93.55046081542969,10871600
2026-05-21,92.53555954335843,92.81416001339814,88.71474008345352,90.65499877929688,8596100
2026-05-22,90.66999816894531,94.91000366210938,90.63999938964844,93.43000030517578,8837400
2026-05-26,95.83999633789062,99.97000122070312,95.22000122070312,98.05000305175781,13087000
2026-05-27,99.37999725341797,100.25,94.72000122070312,96.8499984741211,12755800
2026-05-28,96.86000061035156,97.98999786376953,93.63999938964844,96.04000091552734,7696100
2026-05-29,96.68000030517578,97.98999786376953,93.98999786376953,94.6500015258789,11366400
2026-06-01,92.87999725341797,94.19999694824219,90.2300033569336,91.5199966430664,11345100
2026-06-02,96.75,99.30000305175781,94.16000366210938,96.95999908447266,13414800
2026-06-03,96.63999938964844,97.38999938964844,94.36000061035156,96.55000305175781,10449400
2026-06-04,95.6500015258789,99.5999984741211,94.58000183105469,96.30000305175781,9557000
2026-06-05,93.56999969482422,93.94999694824219,87.55999755859375,88.33999633789062,19736600
2026-06-08,91.86000061035156,93.18000030517578,89.62000274658203,91.37000274658203,13900600
2026-06-09,92.98999786376953,94.5,85.27999877929688,91.47000122070312,15334200
2026-06-10,90.26000213623047,92.48999786376953,87.55000305175781,87.91000366210938,10497600
2026-06-11,90.47000122070312,93.33999633789062,88.7300033569336,92.94000244140625,15470300
2026-06-12,92.95999908447266,95.69999694824219,91.9000015258789,95.23999786376953,8384800
2026-06-15,98.79000091552734,100.95999908447266,98.0,100.31999969482422,11611700
2026-06-16,99.5,101.93000030517578,95.56999969482422,95.62999725341797,11664300
2026-06-17,97.66999816894531,97.88999938964844,93.91999816894531,94.11000061035156,10091600
2026-06-18,98.19999694824219,100.91999816894531,97.80999755859375,99.7699966430664,16353500
2026-06-22,101.5,104.02999877929688,101.0999984741211,102.70999908447266,11048100
2026-06-23,97.08999633789062,98.37999725341797,92.06999969482422,93.26000213623047,17126000
2026-06-24,92.86000061035156,93.51000213623047,89.77999877929688,92.4800033569336,10768500
2026-06-25,95.69999694824219,97.2300033569336,91.83999633789062,94.12000274658203,9765500
2026-06-26,91.08000183105469,91.23999786376953,86.83999633789062,87.93000030517578,31443100
2026-06-29,87.48999786376953,89.27999877929688,85.05999755859375,89.05999755859375,12608700
2026-06-30,89.12999725341797,92.0199966430664,88.0199966430664,91.19999694824219,16176400
2026-07-01,89.5,91.4000015258789,88.62000274658203,88.69000244140625,14264100
2026-07-02,89.05999755859375,90.05999755859375,82.8499984741211,84.63999938964844,14794000
2026-07-06,87.0,89.5199966430664,86.5999984741211,87.58999633789062,7981200
2026-07-07,83.95999908447266,84.94999694824219,81.5999984741211,84.1500015258789,13027100
2026-07-08,83.13999938964844,86.12000274658203,83.13999938964844,85.48999786376953,7198900
2026-07-09,88.48999786376953,90.8499984741211,87.70999908447266,88.26000213623047,11164200
2026-07-10,87.81999969482422,89.44999694824219,86.5199966430664,88.58999633789062,6677400
2026-07-13,87.0,87.0,83.87999725341797,84.2300033569336,10301300
2026-07-14,88.0,88.6500015258789,86.38999938964844,87.11000061035156,10238700
2026-07-15,88.13999938964844,88.13999938964844,83.58000183105469,86.26000213623047,7512600
2026-07-16,83.8499984741211,84.81999969482422,80.8499984741211,81.68000030517578,12220200
2026-07-17,78.95999908447266,82.0,78.0,80.95999908447266,12926900
2026-07-20,82.52999877929688,83.41999816894531,80.33000183105469,80.51000213623047,7503900
2026-07-21,83.19000244140625,83.87000274658203,81.5199966430664,83.37999725341797,11642200
2026-07-22,81.87999725341797,85.66000366210938,81.83999633789062,85.0199966430664,6537900
2026-07-23,81.20999908447266,83.38999938964844,80.19000244140625,81.3499984741211,11585800
2026-07-24,80.29000091552734,81.23999786376953,78.02999877929688,78.86000061035156,9323800
2026-07-27,79.48999786376953,80.36000061035156,75.55999755859375,77.9000015258789,11225500
2026-07-28,76.23999786376953,77.61000061035156,74.87999725341797,75.70999908447266,13879800
2026-07-29,75.1500015258789,75.83000183105469,71.23999786376953,71.37000274658203,15678900
2026-07-30,74.93000030517578,75.86000061035156,73.25,75.01000213623047,13846900
2026-07-31,77.08000183105469,77.66999816894531,74.18000030517578,74.29000091552734,11293200
2026-08-03,73.45999908447266,75.72000122070312,72.58000183105469,75.22000122070312,8143500
2026-08-04,77.5,80.9800033569336,77.5,80.66999816894531,16079400
2026-08-05,80.0999984741211,80.38999938964844,77.0,77.79000091552734,9796300
2026-08-06,76.62000274658203,79.5999984741211,74.22000122070312,74.36000061035156,15904000
2026-08-07,81.3499984741211,85.97000122070312,80.68000030517578,84.69000244140625,19095100
2026-08-10,85.54000091552734,85.66000366210938,81.13999938964844,81.38999938964844,8793300
2026-08-11,82.27999877929688,83.44000244140625,80.66999816894531,81.0199966430664,7005500
2026-08-12,83.7300033569336,83.73999786376953,79.30000305175781,79.44000244140625,8720800
