date,close,volume
2007-05-15,15.960000038146973,4850000.0
2007-05-16,15.449999809265137,357600.0
2007-05-17,15.130000114440918,426700.0
2007-05-18,15.180000305175781,140600.0
2007-05-21,15.630000114440918,157200.0
2007-05-22,15.619999885559082,141900.0
2007-05-23,15.25,103400.0
2007-05-24,15.220000267028809,199700.0
2007-05-25,15.170000076293945,43800.0
2007-05-29,15.270000457763672,138500.0
2007-05-30,15.100000381469727,120200.0
2007-05-31,14.819999694824219,151600.0
2007-06-01,15.0,81700.0
2007-06-04,15.0,100600.0
2007-06-05,14.760000228881836,120100.0
2007-06-06,14.279999732971191,88900.0
2007-06-07,14.0,99800.0
2007-06-08,14.100000381469727,61400.0
2007-06-11,14.489999771118164,47700.0
2007-06-12,14.25,39700.0
2007-06-13,14.25,70300.0
2007-06-14,14.170000076293945,60900.0
2007-06-15,13.90999984741211,36900.0
2007-06-18,13.850000381469727,40600.0
2007-06-19,13.84000015258789,42800.0
2007-06-20,14.0600004196167,108800.0
2007-06-21,14.119999885559082,51000.0
2007-06-22,13.850000381469727,752600.0
2007-06-25,14.0600004196167,184700.0
2007-06-26,13.989999771118164,83400.0
2007-06-27,14.210000038146973,52000.0
2007-06-28,14.010000228881836,235700.0
2007-06-29,14.199999809265137,166100.0
2007-07-02,14.449999809265137,82900.0
2007-07-03,14.5,7100.0
2007-07-05,14.970000267028809,41800.0
2007-07-06,15.050000190734863,30800.0
2007-07-09,14.869999885559082,10200.0
2007-07-10,15.010000228881836,30100.0
2007-07-11,14.819999694824219,13200.0
2007-07-12,14.930000305175781,15200.0
2007-07-13,14.789999961853027,14000.0
2007-07-16,14.039999961853027,28400.0
2007-07-17,13.989999771118164,15600.0
2007-07-18,14.0,97200.0
2007-07-19,14.0,156200.0
2007-07-20,14.010000228881836,32000.0
2007-07-23,13.979999542236328,12300.0
2007-07-24,13.680000305175781,45000.0
2007-07-25,14.130000114440918,61900.0
2007-07-26,14.569999694824219,58400.0
2007-07-27,14.109999656677246,72500.0
2007-07-30,14.0,9700.0
2007-07-31,14.020000457763672,19200.0
2007-08-01,14.210000038146973,54400.0
2007-08-02,14.390000343322754,15300.0
2007-08-03,13.970000267028809,65800.0
2007-08-06,13.989999771118164,78200.0
2007-08-07,14.229999542236328,574000.0
2007-08-08,15.020000457763672,72600.0
2007-08-09,14.5,66100.0
2007-08-10,14.479999542236328,82700.0
2007-08-13,15.1899995803833,65700.0
2007-08-14,15.0,47300.0
2007-08-15,15.0,93000.0
2007-08-16,16.979999542236328,80800.0
2007-08-17,16.969999313354492,164100.0
2007-08-20,17.0,40000.0
2007-08-21,16.8700008392334,118700.0
2007-08-22,16.989999771118164,151600.0
2007-08-23,17.059999465942383,60600.0
2007-08-24,17.100000381469727,18900.0
2007-08-27,16.969999313354492,158700.0
2007-08-28,17.56999969482422,62800.0
2007-08-29,18.559999465942383,47200.0
2007-08-30,18.190000534057617,47600.0
2007-08-31,17.6200008392334,21900.0
2007-09-04,18.0,101400.0
2007-09-05,17.43000030517578,30800.0
2007-09-06,17.989999771118164,22000.0
2007-09-07,17.489999771118164,26400.0
2007-09-10,17.81999969482422,36900.0
2007-09-11,19.079999923706055,268900.0
2007-09-12,20.290000915527344,175900.0
2007-09-13,20.979999542236328,231700.0
2007-09-14,21.5,116500.0
2007-09-17,22.489999771118164,135300.0
2007-09-18,22.600000381469727,347100.0
2007-09-19,22.579999923706055,90300.0
2007-09-20,21.899999618530273,50300.0
2007-09-21,21.3700008392334,148500.0
2007-09-24,21.899999618530273,151100.0
2007-09-25,21.690000534057617,86600.0
2007-09-26,21.329999923706055,39700.0
2007-09-27,21.34000015258789,80000.0
2007-09-28,21.75,249900.0
2007-10-01,21.25,82800.0
2007-10-02,22.5,133900.0
2007-10-03,22.68000030517578,130700.0
2007-10-04,23.459999084472656,175400.0
2007-10-05,23.510000228881836,234900.0
2007-10-08,22.979999542236328,60900.0
2007-10-09,24.260000228881836,88700.0
2007-10-10,24.600000381469727,100200.0
2007-10-11,25.059999465942383,281200.0
2007-10-12,25.770000457763672,91000.0
2007-10-15,24.889999389648438,125100.0
2007-10-16,25.149999618530273,146900.0
2007-10-17,24.200000762939453,266400.0
2007-10-18,23.770000457763672,132900.0
2007-10-19,23.139999389648438,122200.0
2007-10-22,24.15999984741211,110800.0
2007-10-23,25.170000076293945,120500.0
2007-10-24,25.850000381469727,104800.0
2007-10-25,25.899999618530273,107000.0
2007-10-26,26.6200008392334,86400.0
2007-10-29,26.889999389648438,155400.0
2007-10-30,25.209999084472656,97500.0
2007-10-31,25.040000915527344,83400.0
2007-11-01,23.829999923706055,162000.0
2007-11-02,23.790000915527344,143700.0
2007-11-05,24.56999969482422,192100.0
2007-11-06,23.5,284000.0
2007-11-07,23.25,2575600.0
2007-11-08,23.399999618530273,457500.0
2007-11-09,23.399999618530273,132700.0
2007-11-12,23.25,185500.0
2007-11-13,23.799999237060547,268500.0
2007-11-14,23.299999237060547,190200.0
2007-11-15,23.420000076293945,170700.0
2007-11-16,24.040000915527344,149100.0
2007-11-19,25.399999618530273,200000.0
2007-11-20,25.459999084472656,92200.0
2007-11-21,24.93000030517578,67500.0
2007-11-23,25.030000686645508,40200.0
2007-11-26,24.959999084472656,115400.0
2007-11-27,25.1200008392334,75500.0
2007-11-28,26.450000762939453,159700.0
2007-11-29,26.690000534057617,143900.0
2007-11-30,27.459999084472656,264500.0
2007-12-03,24.299999237060547,1042900.0
2007-12-04,24.299999237060547,241900.0
2007-12-05,24.940000534057617,97200.0
2007-12-06,25.489999771118164,117200.0
2007-12-07,24.719999313354492,71600.0
2007-12-10,24.8700008392334,67500.0
2007-12-11,24.260000228881836,59500.0
2007-12-12,24.239999771118164,121600.0
2007-12-13,25.0,164300.0
2007-12-14,25.020000457763672,48100.0
2007-12-17,23.110000610351562,141000.0
2007-12-18,22.940000534057617,301900.0
2007-12-19,22.360000610351562,60700.0
2007-12-20,23.25,43300.0
2007-12-21,23.8799991607666,98400.0
2007-12-24,23.5,19600.0
2007-12-26,23.3799991607666,49500.0
2007-12-27,22.920000076293945,56900.0
2007-12-28,23.399999618530273,54100.0
2007-12-31,23.479999542236328,59900.0
2008-01-02,23.420000076293945,58200.0
2008-01-03,23.260000228881836,183500.0
2008-01-04,23.219999313354492,154700.0
2008-01-07,24.389999389648438,124000.0
2008-01-08,25.270000457763672,332200.0
2008-01-09,25.8700008392334,139300.0
2008-01-10,24.469999313354492,198900.0
2008-01-11,24.219999313354492,89400.0
2008-01-14,23.850000381469727,115200.0
2008-01-15,22.5,216800.0
2008-01-16,22.100000381469727,118100.0
2008-01-17,21.979999542236328,64200.0
2008-01-18,20.780000686645508,81300.0
2008-01-22,20.549999237060547,222400.0
2008-01-23,21.709999084472656,171300.0
2008-01-24,20.260000228881836,346500.0
2008-01-25,19.049999237060547,306600.0
2008-01-28,18.34000015258789,252100.0
2008-01-29,19.09000015258789,209400.0
2008-01-30,19.3700008392334,218900.0
2008-01-31,19.809999465942383,119700.0
2008-02-01,19.940000534057617,221700.0
2008-02-04,19.010000228881836,196100.0
2008-02-05,18.0,1063600.0
2008-02-06,18.420000076293945,720100.0
2008-02-07,18.610000610351562,142100.0
2008-02-08,17.969999313354492,154000.0
2008-02-11,17.780000686645508,209200.0
2008-02-12,17.700000762939453,106900.0
2008-02-13,17.81999969482422,128300.0
2008-02-14,17.75,186400.0
2008-02-15,17.760000228881836,62500.0
2008-02-19,17.399999618530273,105700.0
2008-02-20,16.389999389648438,252300.0
2008-02-21,16.31999969482422,232200.0
2008-02-22,17.170000076293945,189700.0
2008-02-25,17.530000686645508,241700.0
2008-02-26,17.649999618530273,119500.0
2008-02-27,17.1200008392334,168700.0
2008-02-28,16.889999389648438,177400.0
2008-02-29,17.1299991607666,263500.0
2008-03-03,16.559999465942383,147900.0
2008-03-04,16.309999465942383,164200.0
2008-03-05,16.700000762939453,121000.0
2008-03-06,16.5,111700.0
2008-03-07,16.3700008392334,83000.0
2008-03-10,14.989999771118164,236200.0
2008-03-11,15.029999732971191,213200.0
2008-03-12,15.09000015258789,147100.0
2008-03-13,14.59000015258789,172800.0
2008-03-14,14.569999694824219,128200.0
2008-03-17,14.0600004196167,237000.0
2008-03-18,13.260000228881836,553800.0
2008-03-19,13.300000190734863,270500.0
2008-03-20,13.0600004196167,307500.0
2008-03-24,13.220000267028809,189400.0
2008-03-25,12.789999961853027,389200.0
2008-03-26,13.789999961853027,334300.0
2008-03-27,14.970000267028809,523500.0
2008-03-28,14.65999984741211,311600.0
2008-03-31,14.399999618530273,154100.0
2008-04-01,14.390000343322754,274000.0
2008-04-02,15.0600004196167,191600.0
2008-04-03,14.65999984741211,166400.0
2008-04-04,15.720000267028809,156300.0
2008-04-07,16.489999771118164,514400.0
2008-04-08,16.68000030517578,168000.0
2008-04-09,17.610000610351562,481300.0
2008-04-10,17.719999313354492,237900.0
2008-04-11,18.520000457763672,902900.0
2008-04-14,18.389999389648438,372000.0
2008-04-15,18.1200008392334,262200.0
2008-04-16,17.8700008392334,545700.0
2008-04-17,17.360000610351562,225600.0
2008-04-18,18.510000228881836,552000.0
2008-04-21,18.0,180100.0
2008-04-22,17.290000915527344,181500.0
2008-04-23,18.139999389648438,148000.0
2008-04-24,18.049999237060547,133400.0
2008-04-25,18.15999984741211,248200.0
2008-04-28,19.809999465942383,381200.0
2008-04-29,19.059999465942383,108500.0
2008-04-30,18.309999465942383,108700.0
2008-05-01,18.670000076293945,224600.0
2008-05-02,20.170000076293945,186300.0
2008-05-05,19.860000610351562,265200.0
2008-05-06,19.93000030517578,288800.0
2008-05-07,19.09000015258789,215700.0
2008-05-08,18.75,189500.0
2008-05-09,19.100000381469727,168600.0
2008-05-12,19.540000915527344,328800.0
2008-05-13,19.81999969482422,150100.0
2008-05-14,18.0,756600.0
2008-05-15,18.15999984741211,287500.0
2008-05-16,17.229999542236328,244300.0
2008-05-19,16.739999771118164,241000.0
2008-05-20,16.0,192600.0
2008-05-21,15.949999809265137,155500.0
2008-05-22,15.979999542236328,158700.0
2008-05-23,16.0,138800.0
2008-05-27,16.170000076293945,133800.0
2008-05-28,17.25,282500.0
2008-05-29,16.979999542236328,252100.0
2008-05-30,16.299999237060547,306300.0
2008-06-02,15.779999732971191,286700.0
2008-06-03,15.75,290600.0
2008-06-04,16.18000030517578,263400.0
2008-06-05,16.25,173400.0
2008-06-06,15.84000015258789,290500.0
2008-06-09,16.18000030517578,552200.0
2008-06-10,15.930000305175781,2294100.0
2008-06-11,15.680000305175781,1791900.0
2008-06-12,15.170000076293945,835000.0
2008-06-13,15.210000038146973,220400.0
2008-06-16,15.9399995803833,291100.0
2008-06-17,16.520000457763672,498300.0
2008-06-18,17.280000686645508,451800.0
2008-06-19,17.799999237060547,578700.0
2008-06-20,16.399999618530273,1581300.0
2008-06-23,16.200000762939453,629600.0
2008-06-24,16.709999084472656,390700.0
2008-06-25,17.020000457763672,523000.0
2008-06-26,16.459999084472656,338100.0
2008-06-27,16.3700008392334,1679800.0
2008-06-30,15.729999542236328,646100.0
2008-07-01,16.31999969482422,542300.0
2008-07-02,16.149999618530273,267300.0
2008-07-03,16.309999465942383,175600.0
2008-07-07,16.450000762939453,286200.0
2008-07-08,16.93000030517578,325800.0
2008-07-09,16.299999237060547,322500.0
2008-07-10,16.079999923706055,227300.0
2008-07-11,16.31999969482422,355000.0
2008-07-14,15.949999809265137,188400.0
2008-07-15,16.0,257200.0
2008-07-16,16.770000457763672,270000.0
2008-07-17,16.549999237060547,469200.0
2008-07-18,15.770000457763672,464100.0
2008-07-21,15.029999732971191,356400.0
2008-07-22,15.420000076293945,578800.0
2008-07-23,15.40999984741211,144500.0
2008-07-24,14.770000457763672,275500.0
2008-07-25,14.569999694824219,247500.0
2008-07-28,13.789999961853027,461200.0
2008-07-29,13.069999694824219,531000.0
2008-07-30,13.0,490800.0
2008-07-31,13.949999809265137,462700.0
2008-08-01,13.859999656677246,525500.0
2008-08-04,14.0600004196167,206600.0
2008-08-05,14.329999923706055,325200.0
2008-08-06,14.729999542236328,459600.0
2008-08-07,14.359999656677246,159300.0
2008-08-08,14.550000190734863,456000.0
2008-08-11,14.890000343322754,171100.0
2008-08-12,14.90999984741211,438800.0
2008-08-13,15.220000267028809,3033500.0
2008-08-14,15.029999732971191,612600.0
2008-08-15,15.220000267028809,372800.0
2008-08-18,14.699999809265137,161800.0
2008-08-19,14.130000114440918,170400.0
2008-08-20,13.619999885559082,461000.0
2008-08-21,13.550000190734863,421200.0
2008-08-22,13.59000015258789,140400.0
2008-08-25,13.670000076293945,196300.0
2008-08-26,13.720000267028809,361200.0
2008-08-27,13.989999771118164,277200.0
2008-08-28,14.260000228881836,199300.0
2008-08-29,14.34000015258789,116000.0
2008-09-02,14.770000457763672,208000.0
2008-09-03,14.510000228881836,303300.0
2008-09-04,14.510000228881836,333000.0
2008-09-05,14.350000381469727,275900.0
2008-09-08,15.079999923706055,343200.0
2008-09-09,14.899999618530273,361600.0
2008-09-10,15.800000190734863,353600.0
2008-09-11,16.030000686645508,336300.0
2008-09-12,16.0,188500.0
2008-09-15,15.600000381469727,206900.0
2008-09-16,15.989999771118164,511300.0
2008-09-17,15.729999542236328,375700.0
2008-09-18,15.90999984741211,820100.0
2008-09-19,15.930000305175781,699700.0
2008-09-22,14.920000076293945,223200.0
2008-09-23,15.25,302200.0
2008-09-24,14.960000038146973,188300.0
2008-09-25,14.729999542236328,184300.0
2008-09-26,14.59000015258789,216900.0
2008-09-29,13.859999656677246,219200.0
2008-09-30,13.920000076293945,284300.0
2008-10-01,13.319999694824219,223600.0
2008-10-02,13.229999542236328,268300.0
2008-10-03,12.800000190734863,589500.0
2008-10-06,11.649999618530273,324000.0
2008-10-07,11.239999771118164,518600.0
2008-10-08,10.279999732971191,343500.0
2008-10-09,8.949999809265137,204500.0
2008-10-10,8.020000457763672,775500.0
2008-10-13,8.739999771118164,910600.0
2008-10-14,9.680000305175781,561200.0
2008-10-15,9.350000381469727,409300.0
2008-10-16,9.869999885559082,332800.0
2008-10-17,9.850000381469727,382500.0
2008-10-20,10.140000343322754,305100.0
2008-10-21,8.670000076293945,265000.0
2008-10-22,8.010000228881836,522200.0
2008-10-23,7.289999961853027,263600.0
2008-10-24,6.519999980926514,171600.0
2008-10-27,5.849999904632568,381700.0
2008-10-28,5.5,538700.0
2008-10-29,5.5,148400.0
2008-10-30,5.409999847412109,295500.0
2008-10-31,5.599999904632568,847200.0
2008-11-03,6.5,933300.0
2008-11-04,6.849999904632568,386400.0
2008-11-05,6.079999923706055,221400.0
2008-11-06,5.650000095367432,349200.0
2008-11-07,4.829999923706055,1598000.0
2008-11-10,4.710000038146973,431500.0
2008-11-11,4.599999904632568,273100.0
2008-11-12,4.010000228881836,287100.0
2008-11-13,4.579999923706055,307500.0
2008-11-14,4.289999961853027,177700.0
2008-11-17,4.409999847412109,238300.0
2008-11-18,3.990000009536743,249300.0
2008-11-19,3.740000009536743,387500.0
2008-11-20,3.2100000381469727,396500.0
2008-11-21,3.569999933242798,344700.0
2008-11-24,3.859999895095825,525000.0
2008-11-25,4.059999942779541,294800.0
2008-11-26,4.900000095367432,299900.0
2008-11-28,4.889999866485596,75600.0
2008-12-01,4.019999980926514,185100.0
2008-12-02,4.300000190734863,149200.0
2008-12-03,5.21999979019165,268800.0
2008-12-04,6.070000171661377,490400.0
2008-12-05,6.510000228881836,250100.0
2008-12-08,7.059999942779541,451000.0
2008-12-09,7.71999979019165,636500.0
2008-12-10,8.050000190734863,453400.0
2008-12-11,8.279999732971191,483200.0
2008-12-12,7.809999942779541,480600.0
2008-12-15,6.96999979019165,221600.0
2008-12-16,8.109999656677246,194600.0
2008-12-17,8.239999771118164,171400.0
2008-12-18,8.0,539600.0
2008-12-19,8.039999961853027,268600.0
2008-12-22,7.510000228881836,229100.0
2008-12-23,7.170000076293945,104400.0
2008-12-24,7.010000228881836,93200.0
2008-12-26,7.170000076293945,139700.0
2008-12-29,6.78000020980835,169900.0
2008-12-30,7.699999809265137,152400.0
2008-12-31,7.71999979019165,303800.0
2009-01-02,7.840000152587891,111400.0
2009-01-05,7.579999923706055,164800.0
2009-01-06,8.680000305175781,598000.0
2009-01-07,8.699999809265137,358700.0
2009-01-08,9.430000305175781,406000.0
2009-01-09,8.949999809265137,484500.0
2009-01-12,8.390000343322754,243000.0
2009-01-13,9.579999923706055,374700.0
2009-01-14,8.75,249600.0
2009-01-15,9.199999809265137,281800.0
2009-01-16,8.619999885559082,222400.0
2009-01-20,7.949999809265137,255500.0
2009-01-21,8.479999542236328,338200.0
2009-01-22,7.78000020980835,121200.0
2009-01-23,7.78000020980835,142400.0
2009-01-26,8.130000114440918,97900.0
2009-01-27,8.010000228881836,225300.0
2009-01-28,8.5600004196167,157900.0
2009-01-29,8.229999542236328,117200.0
2009-01-30,7.940000057220459,95200.0
2009-02-02,7.929999828338623,307000.0
2009-02-03,7.760000228881836,169900.0
2009-02-04,8.279999732971191,160300.0
2009-02-05,8.40999984741211,139700.0
2009-02-06,8.569999694824219,200500.0
2009-02-09,8.630000114440918,77400.0
2009-02-10,8.130000114440918,74600.0
2009-02-11,8.550000190734863,118800.0
2009-02-12,8.960000038146973,107100.0
2009-02-13,8.949999809265137,54700.0
2009-02-17,8.859999656677246,241300.0
2009-02-18,8.0,184900.0
2009-02-19,7.159999847412109,584500.0
2009-02-20,7.860000133514404,233000.0
2009-02-23,6.630000114440918,147800.0
2009-02-24,7.230000019073486,367200.0
2009-02-25,6.739999771118164,198400.0
2009-02-26,6.829999923706055,158300.0
2009-02-27,6.119999885559082,168800.0
2009-03-02,5.409999847412109,187800.0
2009-03-03,5.590000152587891,171800.0
2009-03-04,6.619999885559082,428800.0
2009-03-05,5.110000133514404,657700.0
2009-03-06,3.359999895095825,1545800.0
2009-03-09,2.859999895095825,819200.0
2009-03-10,3.200000047683716,652800.0
2009-03-11,2.6700000762939453,1028000.0
2009-03-12,3.5399999618530273,479900.0
2009-03-13,3.140000104904175,210900.0
2009-03-16,3.1500000953674316,410200.0
2009-03-17,3.009999990463257,534900.0
2009-03-18,3.2799999713897705,174400.0
2009-03-19,3.0,227400.0
2009-03-20,2.990000009536743,219400.0
2009-03-23,3.4000000953674316,320700.0
2009-03-24,3.059999942779541,223000.0
2009-03-25,3.3299999237060547,147000.0
2009-03-26,4.050000190734863,376600.0
2009-03-27,4.389999866485596,423300.0
2009-03-30,4.300000190734863,202700.0
2009-03-31,4.099999904632568,314600.0
2009-04-01,4.239999771118164,271900.0
2009-04-02,4.46999979019165,422800.0
2009-04-03,4.5,137400.0
2009-04-06,4.010000228881836,121900.0
2009-04-07,3.549999952316284,268100.0
2009-04-08,4.349999904632568,190900.0
2009-04-09,4.320000171661377,157600.0
2009-04-13,4.940000057220459,146000.0
2009-04-14,4.5,155000.0
2009-04-15,4.260000228881836,86400.0
2009-04-16,5.059999942779541,252400.0
2009-04-17,5.119999885559082,220100.0
2009-04-20,4.630000114440918,255300.0
2009-04-21,5.300000190734863,286300.0
2009-04-22,5.110000133514404,158300.0
2009-04-23,4.860000133514404,234400.0
2009-04-24,5.389999866485596,186700.0
2009-04-27,5.25,266000.0
2009-04-28,5.360000133514404,327700.0
2009-04-29,5.800000190734863,302700.0
2009-04-30,5.75,335600.0
2009-05-01,5.710000038146973,363000.0
2009-05-04,6.0,395900.0
2009-05-05,6.050000190734863,363600.0
2009-05-06,5.960000038146973,228600.0
2009-05-07,5.699999809265137,213500.0
2009-05-08,6.909999847412109,638100.0
2009-05-11,7.010000228881836,435400.0
2009-05-12,7.159999847412109,262500.0
2009-05-13,6.679999828338623,198700.0
2009-05-14,6.769999980926514,331600.0
2009-05-15,6.75,388900.0
2009-05-18,7.269999980926514,214200.0
2009-05-19,7.320000171661377,95600.0
2009-05-20,7.599999904632568,183700.0
2009-05-21,7.099999904632568,207200.0
2009-05-22,6.650000095367432,146700.0
2009-05-26,7.170000076293945,364200.0
2009-05-27,7.0,162900.0
2009-05-28,7.059999942779541,217900.0
2009-05-29,7.230000019073486,972400.0
2009-06-01,7.829999923706055,245500.0
2009-06-02,7.150000095367432,270200.0
2009-06-03,7.199999809265137,208200.0
2009-06-04,7.170000076293945,176000.0
2009-06-05,7.369999885559082,203900.0
2009-06-08,7.079999923706055,270600.0
2009-06-09,6.989999771118164,181800.0
2009-06-10,6.590000152587891,311500.0
2009-06-11,6.710000038146973,205800.0
2009-06-12,6.659999847412109,238400.0
2009-06-15,6.590000152587891,210900.0
2009-06-16,6.650000095367432,322700.0
2009-06-17,6.840000152587891,211700.0
2009-06-18,6.960000038146973,147500.0
2009-06-19,6.710000038146973,229300.0
2009-06-22,6.519999980926514,185200.0
2009-06-23,6.409999847412109,125100.0
2009-06-24,6.699999809265137,189400.0
2009-06-25,6.639999866485596,136100.0
2009-06-26,6.989999771118164,1662000.0
2009-06-29,7.360000133514404,373800.0
2009-06-30,7.699999809265137,401000.0
2009-07-01,7.71999979019165,176500.0
2009-07-02,7.119999885559082,256600.0
2009-07-06,6.789999961853027,142700.0
2009-07-07,6.78000020980835,144100.0
2009-07-08,6.420000076293945,170000.0
2009-07-09,6.28000020980835,140200.0
2009-07-10,6.079999923706055,216200.0
2009-07-13,6.239999771118164,144100.0
2009-07-14,6.190000057220459,210900.0
2009-07-15,6.690000057220459,286800.0
2009-07-16,6.829999923706055,135300.0
2009-07-17,6.909999847412109,307800.0
2009-07-20,7.210000038146973,179700.0
2009-07-21,6.840000152587891,197100.0
2009-07-22,6.690000057220459,123400.0
2009-07-23,7.159999847412109,199000.0
2009-07-24,7.429999828338623,187700.0
2009-07-27,7.349999904632568,168800.0
2009-07-28,7.320000171661377,95300.0
2009-07-29,7.159999847412109,161200.0
2009-07-30,7.059999942779541,133200.0
2009-07-31,6.699999809265137,243200.0
2009-08-03,6.510000228881836,289100.0
2009-08-04,6.690000057220459,317500.0
2009-08-05,7.210000038146973,455100.0
2009-08-06,7.130000114440918,295700.0
2009-08-07,7.230000019073486,286400.0
2009-08-10,7.380000114440918,205300.0
2009-08-11,7.340000152587891,243400.0
2009-08-12,7.909999847412109,339800.0
2009-08-13,8.890000343322754,584100.0
2009-08-14,8.850000381469727,291400.0
2009-08-17,8.300000190734863,379700.0
2009-08-18,8.399999618530273,225200.0
2009-08-19,8.979999542236328,435300.0
2009-08-20,9.600000381469727,320800.0
2009-08-21,9.739999771118164,261800.0
2009-08-24,9.470000267028809,302400.0
2009-08-25,9.470000267028809,289300.0
2009-08-26,9.5,212400.0
2009-08-27,9.369999885559082,83400.0
2009-08-28,9.289999961853027,117000.0
2009-08-31,9.210000038146973,178000.0
2009-09-01,9.279999732971191,206400.0
2009-09-02,9.270000457763672,94300.0
2009-09-03,9.460000038146973,82300.0
2009-09-04,9.539999961853027,110800.0
2009-09-08,9.5,90200.0
2009-09-09,9.880000114440918,328500.0
2009-09-10,10.8100004196167,434100.0
2009-09-11,11.25,1148500.0
2009-09-14,11.09000015258789,477200.0
2009-09-15,11.039999961853027,192700.0
2009-09-16,11.100000381469727,433100.0
2009-09-17,11.229999542236328,568100.0
2009-09-18,10.680000305175781,538400.0
2009-09-21,10.800000190734863,278400.0
2009-09-22,10.989999771118164,614600.0
2009-09-23,10.859999656677246,428800.0
2009-09-24,10.579999923706055,251700.0
2009-09-25,10.279999732971191,108700.0
2009-09-28,10.800000190734863,229800.0
2009-09-29,11.170000076293945,431800.0
2009-09-30,11.229999542236328,325600.0
2009-10-01,10.369999885559082,318900.0
2009-10-02,10.270000457763672,103900.0
2009-10-05,10.260000228881836,134200.0
2009-10-06,10.489999771118164,138600.0
2009-10-07,10.4399995803833,122700.0
2009-10-08,10.449999809265137,176600.0
2009-10-09,10.800000190734863,213000.0
2009-10-12,10.859999656677246,103900.0
2009-10-13,11.010000228881836,345000.0
2009-10-14,11.130000114440918,209400.0
2009-10-15,10.9399995803833,136100.0
2009-10-16,10.729999542236328,148800.0
2009-10-19,10.59000015258789,96700.0
2009-10-20,9.84000015258789,231900.0
2009-10-21,9.779999732971191,174600.0
2009-10-22,10.470000267028809,269800.0
2009-10-23,9.460000038146973,310200.0
2009-10-26,8.979999542236328,220800.0
2009-10-27,10.65999984741211,1696000.0
2009-10-28,10.970000267028809,379300.0
2009-10-29,10.3100004196167,1085600.0
2009-10-30,11.100000381469727,3961400.0
2009-11-02,11.859999656677246,880800.0
2009-11-03,11.899999618530273,500900.0
2009-11-04,11.770000457763672,633100.0
2009-11-05,12.039999961853027,337500.0
2009-11-06,12.0600004196167,256200.0
2009-11-09,12.010000228881836,476300.0
2009-11-10,11.8100004196167,347600.0
2009-11-11,11.880000114440918,141200.0
2009-11-12,11.760000228881836,268500.0
2009-11-13,11.760000228881836,220600.0
2009-11-16,12.079999923706055,471200.0
2009-11-17,11.90999984741211,160500.0
2009-11-18,11.850000381469727,261000.0
2009-11-19,11.989999771118164,348400.0
2009-11-20,12.350000381469727,292000.0
2009-11-23,12.5600004196167,531500.0
2009-11-24,12.8100004196167,193400.0
2009-11-25,12.300000190734863,155300.0
2009-11-27,12.319999694824219,115600.0
2009-11-30,12.260000228881836,368300.0
2009-12-01,12.069999694824219,532300.0
2009-12-02,11.989999771118164,414500.0
2009-12-03,11.850000381469727,515300.0
2009-12-04,12.09000015258789,356700.0
2009-12-07,12.369999885559082,272600.0
2009-12-08,12.149999618530273,169800.0
2009-12-09,11.90999984741211,219300.0
2009-12-10,11.569999694824219,873300.0
2009-12-11,11.970000267028809,170200.0
2009-12-14,12.539999961853027,265400.0
2009-12-15,12.9399995803833,458600.0
2009-12-16,12.779999732971191,350100.0
2009-12-17,12.979999542236328,547100.0
2009-12-18,13.369999885559082,1348800.0
2009-12-21,13.75,631800.0
2009-12-22,13.949999809265137,857300.0
2009-12-23,14.09000015258789,560800.0
2009-12-24,14.279999732971191,157300.0
2009-12-28,14.329999923706055,355100.0
2009-12-29,14.399999618530273,311600.0
2009-12-30,14.260000228881836,299600.0
2009-12-31,14.279999732971191,284600.0
2010-01-04,15.029999732971191,236900.0
2010-01-05,15.0,1131700.0
2010-01-06,14.670000076293945,194100.0
2010-01-07,14.800000190734863,475100.0
2010-01-08,14.0600004196167,544800.0
2010-01-11,14.5,273900.0
2010-01-12,14.350000381469727,220700.0
2010-01-13,14.460000038146973,129900.0
2010-01-14,14.84000015258789,217800.0
2010-01-15,14.510000228881836,263800.0
2010-01-19,14.649999618530273,297900.0
2010-01-20,14.050000190734863,430300.0
2010-01-21,14.399999618530273,597500.0
2010-01-22,13.800000190734863,486000.0
2010-01-25,13.90999984741211,246900.0
2010-01-26,13.859999656677246,192500.0
2010-01-27,14.25,265500.0
2010-01-28,13.65999984741211,253800.0
2010-01-29,13.630000114440918,238200.0
2010-02-01,14.039999961853027,256500.0
2010-02-02,14.010000228881836,288900.0
2010-02-03,14.0,149900.0
2010-02-04,13.279999732971191,308400.0
2010-02-05,13.0600004196167,166800.0
2010-02-08,13.170000076293945,217500.0
2010-02-09,13.479999542236328,245300.0
2010-02-10,14.760000228881836,852900.0
2010-02-11,15.069999694824219,484700.0
2010-02-12,15.140000343322754,262300.0
2010-02-16,15.279999732971191,199600.0
2010-02-17,15.039999961853027,218300.0
2010-02-18,14.869999885559082,152900.0
2010-02-19,14.859999656677246,104100.0
2010-02-22,15.0,140200.0
2010-02-23,14.979999542236328,183200.0
2010-02-24,15.0,100900.0
2010-02-25,14.920000076293945,126300.0
2010-02-26,14.699999809265137,151600.0
2010-03-01,15.15999984741211,278000.0
2010-03-02,15.279999732971191,167800.0
2010-03-03,15.220000267028809,128500.0
2010-03-04,15.140000343322754,57900.0
2010-03-05,15.34000015258789,294800.0
2010-03-08,15.619999885559082,449200.0
2010-03-09,15.890000343322754,414100.0
2010-03-10,16.34000015258789,289900.0
2010-03-11,16.469999313354492,220900.0
2010-03-12,15.649999618530273,313700.0
2010-03-15,15.760000228881836,308100.0
2010-03-16,15.039999961853027,356600.0
2010-03-17,15.1899995803833,117700.0
2010-03-18,15.050000190734863,97700.0
2010-03-19,15.0600004196167,256700.0
2010-03-22,15.220000267028809,155300.0
2010-03-23,15.399999618530273,210300.0
2010-03-24,15.390000343322754,104100.0
2010-03-25,14.920000076293945,179900.0
2010-03-26,14.8100004196167,94800.0
2010-03-29,15.09000015258789,261900.0
2010-03-30,15.300000190734863,105200.0
2010-03-31,15.09000015258789,182800.0
2010-04-01,15.010000228881836,145400.0
2010-04-05,15.649999618530273,212600.0
2010-04-06,15.539999961853027,280200.0
2010-04-07,15.5600004196167,155500.0
2010-04-08,15.220000267028809,251100.0
2010-04-09,15.140000343322754,181100.0
2010-04-12,15.25,153100.0
2010-04-13,15.010000228881836,221600.0
2010-04-14,14.960000038146973,267100.0
2010-04-15,15.170000076293945,351800.0
2010-04-16,15.149999618530273,357200.0
2010-04-19,15.100000381469727,278100.0
2010-04-20,15.779999732971191,182500.0
2010-04-21,15.470000267028809,108500.0
2010-04-22,15.4399995803833,100800.0
2010-04-23,14.880000114440918,269400.0
2010-04-26,14.739999771118164,217500.0
2010-04-27,14.40999984741211,212700.0
2010-04-28,13.979999542236328,504300.0
2010-04-29,14.220000267028809,391000.0
2010-04-30,13.8100004196167,281600.0
2010-05-03,14.40999984741211,322600.0
2010-05-04,13.920000076293945,389100.0
2010-05-05,14.029999732971191,579900.0
2010-05-06,13.210000038146973,513400.0
2010-05-07,13.989999771118164,1004500.0
2010-05-10,14.680000305175781,344700.0
2010-05-11,14.90999984741211,243400.0
2010-05-12,15.710000038146973,190100.0
2010-05-13,15.34000015258789,151600.0
2010-05-14,15.140000343322754,157800.0
2010-05-17,15.270000457763672,234000.0
2010-05-18,15.100000381469727,131500.0
2010-05-19,14.949999809265137,248300.0
2010-05-20,13.84000015258789,377700.0
2010-05-21,13.760000228881836,214200.0
2010-05-24,13.8100004196167,128100.0
2010-05-25,13.850000381469727,199900.0
2010-05-26,13.65999984741211,152000.0
2010-05-27,14.3100004196167,136800.0
2010-05-28,14.569999694824219,151300.0
2010-06-01,14.479999542236328,180200.0
2010-06-02,15.010000228881836,300000.0
2010-06-03,15.079999923706055,147500.0
2010-06-04,14.350000381469727,238500.0
2010-06-07,13.789999961853027,379800.0
2010-06-08,13.619999885559082,245300.0
2010-06-09,13.9399995803833,244500.0
2010-06-10,14.4399995803833,135600.0
2010-06-11,14.989999771118164,138900.0
2010-06-14,15.100000381469727,258200.0
2010-06-15,15.289999961853027,165600.0
2010-06-16,15.359999656677246,181200.0
2010-06-17,15.399999618530273,186800.0
2010-06-18,15.390000343322754,283500.0
2010-06-21,15.289999961853027,229200.0
2010-06-22,15.430000305175781,387400.0
2010-06-23,15.369999885559082,305100.0
2010-06-24,15.199999809265137,121300.0
2010-06-25,15.479999542236328,644700.0
2010-06-28,15.859999656677246,256200.0
2010-06-29,15.4399995803833,264600.0
2010-06-30,15.050000190734863,189300.0
2010-07-01,15.119999885559082,239000.0
2010-07-02,15.279999732971191,270500.0
2010-07-06,15.119999885559082,230200.0
2010-07-07,15.220000267028809,157000.0
2010-07-08,15.279999732971191,135500.0
2010-07-09,15.3100004196167,88300.0
2010-07-12,14.699999809265137,102000.0
2010-07-13,15.34000015258789,159800.0
2010-07-14,15.199999809265137,108500.0
2010-07-15,15.390000343322754,217300.0
2010-07-16,14.569999694824219,183200.0
2010-07-19,14.819999694824219,112700.0
2010-07-20,14.680000305175781,173400.0
2010-07-21,14.399999618530273,130900.0
2010-07-22,14.989999771118164,137000.0
2010-07-23,14.720000267028809,265100.0
2010-07-26,15.039999961853027,172500.0
2010-07-27,15.170000076293945,117700.0
2010-07-28,14.670000076293945,136700.0
2010-07-29,14.899999618530273,235600.0
2010-07-30,14.789999961853027,156700.0
2010-08-02,15.270000457763672,198500.0
2010-08-03,15.069999694824219,197000.0
2010-08-04,15.069999694824219,141200.0
2010-08-05,14.949999809265137,112600.0
2010-08-06,15.010000228881836,94800.0
2010-08-09,15.329999923706055,106500.0
2010-08-10,15.0600004196167,156100.0
2010-08-11,14.90999984741211,284500.0
2010-08-12,14.539999961853027,187900.0
2010-08-13,14.890000343322754,216400.0
2010-08-16,14.960000038146973,103900.0
2010-08-17,15.329999923706055,174200.0
2010-08-18,15.0600004196167,280600.0
2010-08-19,14.649999618530273,146500.0
2010-08-20,14.84000015258789,152500.0
2010-08-23,14.529999732971191,96900.0
2010-08-24,14.09000015258789,129100.0
2010-08-25,14.350000381469727,133900.0
2010-08-26,14.100000381469727,87600.0
2010-08-27,13.6899995803833,874500.0
2010-08-30,13.289999961853027,279400.0
2010-08-31,13.220000267028809,382200.0
2010-09-01,13.539999961853027,199000.0
2010-09-02,13.979999542236328,132500.0
2010-09-03,14.1899995803833,187800.0
2010-09-07,14.050000190734863,159000.0
2010-09-08,13.75,128300.0
2010-09-09,13.760000228881836,102100.0
2010-09-10,13.789999961853027,117800.0
2010-09-13,14.100000381469727,153700.0
2010-09-14,14.010000228881836,101100.0
2010-09-15,14.020000457763672,116100.0
2010-09-16,13.9399995803833,134400.0
2010-09-17,14.260000228881836,279500.0
2010-09-20,14.779999732971191,250200.0
2010-09-21,14.550000190734863,118100.0
2010-09-22,14.289999961853027,97800.0
2010-09-23,13.890000343322754,173100.0
2010-09-24,13.960000038146973,249300.0
2010-09-27,13.779999732971191,98500.0
2010-09-28,14.010000228881836,174900.0
2010-09-29,14.270000457763672,171500.0
2010-09-30,14.140000343322754,174900.0
2010-10-01,14.770000457763672,170200.0
2010-10-04,14.449999809265137,251800.0
2010-10-05,15.069999694824219,334900.0
2010-10-06,15.319999694824219,170300.0
2010-10-07,15.479999542236328,172400.0
2010-10-08,15.829999923706055,199900.0
2010-10-11,16.059999465942383,165100.0
2010-10-12,16.170000076293945,277300.0
2010-10-13,16.309999465942383,217300.0
2010-10-14,15.989999771118164,230300.0
2010-10-15,15.890000343322754,177700.0
2010-10-18,15.899999618530273,177300.0
2010-10-19,15.710000038146973,144400.0
2010-10-20,16.170000076293945,127200.0
2010-10-21,15.989999771118164,264600.0
2010-10-22,15.920000076293945,588100.0
2010-10-25,15.899999618530273,144900.0
2010-10-26,16.0,345000.0
2010-10-27,15.989999771118164,312500.0
2010-10-28,15.850000381469727,150300.0
2010-10-29,15.949999809265137,102800.0
2010-11-01,15.680000305175781,124600.0
2010-11-02,16.0,104200.0
2010-11-03,16.0,105600.0
2010-11-04,16.049999237060547,472500.0
2010-11-05,14.4399995803833,1851900.0
2010-11-08,14.300000190734863,305400.0
2010-11-09,13.960000038146973,348700.0
2010-11-10,14.65999984741211,546200.0
2010-11-11,14.0600004196167,177500.0
2010-11-12,13.720000267028809,265700.0
2010-11-15,13.600000381469727,289500.0
2010-11-16,12.819999694824219,512700.0
2010-11-17,12.770000457763672,272000.0
2010-11-18,12.800000190734863,187600.0
2010-11-19,12.779999732971191,320700.0
2010-11-22,12.789999961853027,239000.0
2010-11-23,12.75,524700.0
2010-11-24,13.039999961853027,283000.0
2010-11-26,13.600000381469727,201600.0
2010-11-29,13.550000190734863,231200.0
2010-11-30,13.569999694824219,282500.0
2010-12-01,13.9399995803833,467100.0
2010-12-02,13.729999542236328,222400.0
2010-12-03,14.3100004196167,295700.0
2010-12-06,14.100000381469727,152900.0
2010-12-07,14.420000076293945,215400.0
2010-12-08,14.4399995803833,1374100.0
2010-12-09,14.479999542236328,358400.0
2010-12-10,14.75,209400.0
2010-12-13,14.149999618530273,253300.0
2010-12-14,14.59000015258789,314500.0
2010-12-15,14.960000038146973,306200.0
2010-12-16,15.260000228881836,300500.0
2010-12-17,15.0600004196167,554600.0
2010-12-20,15.25,263300.0
2010-12-21,15.460000038146973,189800.0
2010-12-22,15.520000457763672,173900.0
2010-12-23,15.539999961853027,101300.0
2010-12-27,15.550000190734863,112500.0
2010-12-28,15.5,171300.0
2010-12-29,15.510000228881836,54000.0
2010-12-30,15.5,133500.0
2010-12-31,15.5,165500.0
2011-01-03,16.06999969482422,484200.0
2011-01-04,15.760000228881836,286000.0
2011-01-05,16.06999969482422,210800.0
2011-01-06,16.1200008392334,182000.0
2011-01-07,15.880000114440918,183400.0
2011-01-10,15.819999694824219,182500.0
2011-01-11,16.1299991607666,355000.0
2011-01-12,16.469999313354492,733500.0
2011-01-13,17.25,566800.0
2011-01-14,17.3700008392334,281600.0
2011-01-18,17.5,168900.0
2011-01-19,17.0,318600.0
2011-01-20,16.989999771118164,318300.0
2011-01-21,16.989999771118164,282800.0
2011-01-24,17.079999923706055,155600.0
2011-01-25,16.860000610351562,177100.0
2011-01-26,17.059999465942383,440300.0
2011-01-27,17.020000457763672,141200.0
2011-01-28,16.610000610351562,219500.0
2011-01-31,17.030000686645508,239700.0
2011-02-01,17.3700008392334,264300.0
2011-02-02,17.360000610351562,216100.0
2011-02-03,17.31999969482422,218400.0
2011-02-04,17.229999542236328,142800.0
2011-02-07,17.479999542236328,190700.0
2011-02-08,17.709999084472656,133900.0
2011-02-09,17.56999969482422,211300.0
2011-02-10,17.610000610351562,127800.0
2011-02-11,18.0,184900.0
2011-02-14,17.850000381469727,208300.0
2011-02-15,17.639999389648438,227200.0
2011-02-16,18.010000228881836,704000.0
2011-02-17,18.40999984741211,781300.0
2011-02-18,18.049999237060547,473100.0
2011-02-22,18.0,485800.0
2011-02-23,17.719999313354492,364500.0
2011-02-24,18.0,294200.0
2011-02-25,18.1299991607666,201400.0
2011-02-28,17.770000457763672,315800.0
2011-03-01,17.489999771118164,362400.0
2011-03-02,17.649999618530273,121800.0
2011-03-03,18.110000610351562,160000.0
2011-03-04,18.09000015258789,185300.0
2011-03-07,17.760000228881836,155400.0
2011-03-08,18.010000228881836,249100.0
2011-03-09,18.1299991607666,168300.0
2011-03-10,17.65999984741211,381800.0
2011-03-11,17.770000457763672,174400.0
2011-03-14,17.709999084472656,195600.0
2011-03-15,17.59000015258789,196700.0
2011-03-16,17.40999984741211,231200.0
2011-03-17,17.829999923706055,292600.0
2011-03-18,18.280000686645508,626900.0
2011-03-21,18.920000076293945,387000.0
2011-03-22,19.010000228881836,200700.0
2011-03-23,19.200000762939453,143700.0
2011-03-24,19.5,279300.0
2011-03-25,19.8700008392334,320200.0
2011-03-28,19.979999542236328,486600.0
2011-03-29,20.510000228881836,394600.0
2011-03-30,21.09000015258789,414900.0
2011-03-31,20.6200008392334,338700.0
2011-04-01,20.729999542236328,341400.0
2011-04-04,20.75,188500.0
2011-04-05,20.510000228881836,357500.0
2011-04-06,20.690000534057617,250800.0
2011-04-07,20.520000457763672,355200.0
2011-04-08,20.450000762939453,281100.0
2011-04-11,20.579999923706055,514600.0
2011-04-12,20.770000457763672,223600.0
2011-04-13,20.739999771118164,166400.0
2011-04-14,20.68000030517578,162100.0
2011-04-15,20.920000076293945,204000.0
2011-04-18,21.149999618530273,648600.0
2011-04-19,20.989999771118164,167300.0
2011-04-20,21.010000228881836,249500.0
2011-04-21,21.309999465942383,201900.0
2011-04-25,21.520000457763672,209700.0
2011-04-26,21.520000457763672,155600.0
2011-04-27,21.459999084472656,105200.0
2011-04-28,21.270000457763672,147600.0
2011-04-29,21.489999771118164,169000.0
2011-05-02,21.520000457763672,279900.0
2011-05-03,21.09000015258789,286600.0
2011-05-04,20.649999618530273,312500.0
2011-05-05,20.18000030517578,282700.0
2011-05-06,20.559999465942383,164000.0
2011-05-09,20.579999923706055,210600.0
2011-05-10,20.649999618530273,353900.0
2011-05-11,20.709999084472656,234800.0
2011-05-12,20.899999618530273,169700.0
2011-05-13,20.989999771118164,188300.0
2011-05-16,20.649999618530273,296000.0
2011-05-17,20.489999771118164,145500.0
2011-05-18,21.09000015258789,441000.0
2011-05-19,21.469999313354492,2093000.0
2011-05-20,21.290000915527344,169600.0
2011-05-23,20.6200008392334,143900.0
2011-05-24,20.489999771118164,235000.0
2011-05-25,20.709999084472656,151900.0
2011-05-26,20.899999618530273,125900.0
2011-05-27,21.3700008392334,152900.0
2011-05-31,21.079999923706055,334700.0
2011-06-01,20.399999618530273,473900.0
2011-06-02,19.59000015258789,632700.0
2011-06-03,18.969999313354492,389200.0
2011-06-06,18.299999237060547,838100.0
2011-06-07,18.420000076293945,457200.0
2011-06-08,18.59000015258789,626200.0
2011-06-09,18.700000762939453,494000.0
2011-06-10,18.610000610351562,495400.0
2011-06-13,18.90999984741211,283800.0
2011-06-14,19.190000534057617,216300.0
2011-06-15,18.809999465942383,406800.0
2011-06-16,18.709999084472656,451800.0
2011-06-17,19.31999969482422,477400.0
2011-06-20,19.600000381469727,562000.0
2011-06-21,20.469999313354492,1151800.0
2011-06-22,20.489999771118164,510600.0
2011-06-23,19.770000457763672,1692700.0
2011-06-24,20.600000381469727,2714500.0
2011-06-27,21.09000015258789,708700.0
2011-06-28,21.559999465942383,1034800.0
2011-06-29,21.860000610351562,468500.0
2011-06-30,22.170000076293945,503800.0
2011-07-01,22.520000457763672,577700.0
2011-07-05,22.600000381469727,322800.0
2011-07-06,22.56999969482422,281200.0
2011-07-07,23.040000915527344,356400.0
2011-07-08,22.940000534057617,408800.0
2011-07-11,22.59000015258789,344600.0
2011-07-12,22.420000076293945,327800.0
2011-07-13,22.469999313354492,190600.0
2011-07-14,21.8700008392334,188300.0
2011-07-15,22.209999084472656,225200.0
2011-07-18,21.59000015258789,153800.0
2011-07-19,22.049999237060547,226500.0
2011-07-20,22.219999313354492,320200.0
2011-07-21,22.65999984741211,287500.0
2011-07-22,22.510000228881836,269300.0
2011-07-25,21.18000030517578,682800.0
2011-07-26,20.350000381469727,517600.0
2011-07-27,19.65999984741211,467800.0
2011-07-28,19.75,555300.0
2011-07-29,19.65999984741211,409900.0
2011-08-01,19.290000915527344,606200.0
2011-08-02,18.440000534057617,502000.0
2011-08-03,18.510000228881836,1053400.0
2011-08-04,17.459999084472656,557000.0
2011-08-05,16.899999618530273,792300.0
2011-08-08,15.210000038146973,835600.0
2011-08-09,16.459999084472656,600300.0
2011-08-10,15.649999618530273,542200.0
2011-08-11,16.329999923706055,570700.0
2011-08-12,17.190000534057617,526500.0
2011-08-15,17.959999084472656,660600.0
2011-08-16,17.68000030517578,362000.0
2011-08-17,17.860000610351562,386400.0
2011-08-18,16.579999923706055,436600.0
2011-08-19,16.56999969482422,487500.0
2011-08-22,16.559999465942383,243400.0
2011-08-23,17.209999084472656,468200.0
2011-08-24,17.010000228881836,495200.0
2011-08-25,16.40999984741211,350300.0
2011-08-26,16.56999969482422,333800.0
2011-08-29,17.1200008392334,642100.0
2011-08-30,17.34000015258789,927700.0
2011-08-31,17.479999542236328,596700.0
2011-09-01,17.479999542236328,803600.0
2011-09-02,16.950000762939453,346400.0
2011-09-06,16.959999084472656,398200.0
2011-09-07,17.469999313354492,435200.0
2011-09-08,17.350000381469727,352000.0
2011-09-09,17.299999237060547,1727000.0
2011-09-12,16.809999465942383,503500.0
2011-09-13,17.010000228881836,314600.0
2011-09-14,16.81999969482422,569200.0
2011-09-15,17.0,344200.0
2011-09-16,17.450000762939453,593700.0
2011-09-19,16.3799991607666,637200.0
2011-09-20,16.110000610351562,492500.0
2011-09-21,15.819999694824219,318900.0
2011-09-22,14.850000381469727,477700.0
2011-09-23,15.220000267028809,551000.0
2011-09-26,15.5600004196167,282600.0
2011-09-27,16.1200008392334,766400.0
2011-09-28,15.920000076293945,464100.0
2011-09-29,15.75,251700.0
2011-09-30,15.260000228881836,357900.0
2011-10-03,14.289999961853027,488600.0
2011-10-04,14.9399995803833,438000.0
2011-10-05,16.0,422100.0
2011-10-06,15.859999656677246,486800.0
2011-10-07,15.390000343322754,496000.0
2011-10-10,15.640000343322754,384800.0
2011-10-11,15.489999771118164,182300.0
2011-10-12,15.449999809265137,328700.0
2011-10-13,15.039999961853027,409900.0
2011-10-14,15.369999885559082,240200.0
2011-10-17,14.949999809265137,227000.0
2011-10-18,15.539999961853027,324400.0
2011-10-19,15.65999984741211,321500.0
2011-10-20,15.569999694824219,384200.0
2011-10-21,16.010000228881836,357000.0
2011-10-24,16.399999618530273,330800.0
2011-10-25,15.300000190734863,251300.0
2011-10-26,15.220000267028809,417800.0
2011-10-27,16.209999084472656,732200.0
2011-10-28,16.479999542236328,318700.0
2011-10-31,16.31999969482422,310900.0
2011-11-01,15.140000343322754,732200.0
2011-11-02,15.40999984741211,648300.0
2011-11-03,14.850000381469727,1358300.0
2011-11-04,17.0,1194800.0
2011-11-07,16.90999984741211,669900.0
2011-11-08,17.56999969482422,557700.0
2011-11-09,17.0,474200.0
2011-11-10,17.299999237060547,279800.0
2011-11-11,18.540000915527344,464800.0
2011-11-14,18.18000030517578,344900.0
2011-11-15,18.700000762939453,421700.0
2011-11-16,17.799999237060547,582500.0
2011-11-17,17.709999084472656,247800.0
2011-11-18,17.399999618530273,364300.0
2011-11-21,17.360000610351562,418300.0
2011-11-22,17.530000686645508,203700.0
2011-11-23,17.270000457763672,361900.0
2011-11-25,17.360000610351562,177400.0
2011-11-28,18.0,296600.0
2011-11-29,18.0,319800.0
2011-11-30,18.579999923706055,589500.0
2011-12-01,18.200000762939453,467900.0
2011-12-02,18.639999389648438,639000.0
2011-12-05,18.75,320100.0
2011-12-06,18.940000534057617,259700.0
2011-12-07,18.610000610351562,280800.0
2011-12-08,17.790000915527344,318300.0
2011-12-09,18.510000228881836,297500.0
2011-12-12,18.360000610351562,283400.0
2011-12-13,18.440000534057617,536300.0
2011-12-14,17.860000610351562,486000.0
2011-12-15,17.65999984741211,382000.0
2011-12-16,17.520000457763672,778300.0
2011-12-19,17.610000610351562,477000.0
2011-12-20,18.219999313354492,445500.0
2011-12-21,18.450000762939453,167800.0
2011-12-22,18.709999084472656,237100.0
2011-12-23,18.600000381469727,187800.0
2011-12-27,18.600000381469727,169500.0
2011-12-28,18.579999923706055,227000.0
2011-12-29,18.979999542236328,212000.0
2011-12-30,18.829999923706055,140100.0
2012-01-03,19.059999465942383,341600.0
2012-01-04,19.09000015258789,316800.0
2012-01-05,19.1200008392334,382100.0
2012-01-06,18.739999771118164,696400.0
2012-01-09,18.260000228881836,235700.0
2012-01-10,18.15999984741211,873400.0
2012-01-11,18.989999771118164,578200.0
2012-01-12,19.040000915527344,138500.0
2012-01-13,19.110000610351562,265100.0
2012-01-17,19.170000076293945,499100.0
2012-01-18,19.3700008392334,173100.0
2012-01-19,19.809999465942383,165900.0
2012-01-20,19.899999618530273,482600.0
2012-01-23,19.34000015258789,284100.0
2012-01-24,19.489999771118164,302900.0
2012-01-25,19.68000030517578,292500.0
2012-01-26,19.8700008392334,344700.0
2012-01-27,19.829999923706055,210000.0
2012-01-30,19.549999237060547,172600.0
2012-01-31,19.459999084472656,212200.0
2012-02-01,19.399999618530273,795300.0
2012-02-02,19.739999771118164,254500.0
2012-02-03,19.8799991607666,476100.0
2012-02-06,19.700000762939453,377200.0
2012-02-07,19.579999923706055,1193700.0
2012-02-08,19.139999389648438,431100.0
2012-02-09,19.8799991607666,406000.0
2012-02-10,19.649999618530273,802400.0
2012-02-13,20.290000915527344,388900.0
2012-02-14,20.260000228881836,283600.0
2012-02-15,20.020000457763672,377200.0
2012-02-16,20.979999542236328,432100.0
2012-02-17,20.270000457763672,322000.0
2012-02-21,19.959999084472656,376800.0
2012-02-22,19.709999084472656,262700.0
2012-02-23,20.020000457763672,288100.0
2012-02-24,20.479999542236328,465500.0
2012-02-27,20.459999084472656,153700.0
2012-02-28,20.299999237060547,164000.0
2012-02-29,19.739999771118164,222800.0
2012-03-01,19.530000686645508,398400.0
2012-03-02,19.350000381469727,198100.0
2012-03-05,19.059999465942383,269200.0
2012-03-06,18.6200008392334,352900.0
2012-03-07,19.170000076293945,288200.0
2012-03-08,19.600000381469727,134200.0
2012-03-09,19.399999618530273,174000.0
2012-03-12,18.889999389648438,156300.0
2012-03-13,19.360000610351562,266400.0
2012-03-14,19.469999313354492,205800.0
2012-03-15,20.110000610351562,324800.0
2012-03-16,19.979999542236328,348800.0
2012-03-19,19.600000381469727,159400.0
2012-03-20,19.5,90100.0
2012-03-21,19.280000686645508,255800.0
2012-03-22,19.079999923706055,212300.0
2012-03-23,18.889999389648438,290700.0
2012-03-26,19.100000381469727,311100.0
2012-03-27,19.540000915527344,232300.0
2012-03-28,19.399999618530273,185000.0
2012-03-29,19.520000457763672,133500.0
2012-03-30,19.139999389648438,191900.0
2012-04-02,19.170000076293945,296800.0
2012-04-03,19.360000610351562,141700.0
2012-04-04,18.600000381469727,223400.0
2012-04-05,17.989999771118164,706800.0
2012-04-09,17.770000457763672,290800.0
2012-04-10,17.290000915527344,440200.0
2012-04-11,17.700000762939453,465000.0
2012-04-12,18.239999771118164,541600.0
2012-04-13,17.350000381469727,225500.0
2012-04-16,16.93000030517578,395900.0
2012-04-17,17.030000686645508,281700.0
2012-04-18,17.5,446400.0
2012-04-19,17.520000457763672,293100.0
2012-04-20,17.760000228881836,332800.0
2012-04-23,17.610000610351562,224100.0
2012-04-24,17.770000457763672,225200.0
2012-04-25,18.239999771118164,262700.0
2012-04-26,18.31999969482422,145000.0
2012-04-27,18.350000381469727,222000.0
2012-04-30,17.860000610351562,273700.0
2012-05-01,17.93000030517578,373800.0
2012-05-02,18.170000076293945,280000.0
2012-05-03,17.979999542236328,255600.0
2012-05-04,17.75,313400.0
2012-05-07,17.969999313354492,161400.0
2012-05-08,17.799999237060547,324500.0
2012-05-09,17.309999465942383,249400.0
2012-05-10,18.170000076293945,661000.0
2012-05-11,17.979999542236328,367900.0
2012-05-14,18.309999465942383,276000.0
2012-05-15,18.3700008392334,219400.0
2012-05-16,18.3700008392334,410100.0
2012-05-17,18.010000228881836,378500.0
2012-05-18,17.920000076293945,207000.0
2012-05-21,18.510000228881836,232000.0
2012-05-22,18.56999969482422,292900.0
2012-05-23,18.549999237060547,241500.0
2012-05-24,18.649999618530273,142100.0
2012-05-25,18.0,290700.0
2012-05-29,18.510000228881836,625400.0
2012-05-30,18.510000228881836,224600.0
2012-05-31,18.420000076293945,338700.0
2012-06-01,17.75,389600.0
2012-06-04,17.809999465942383,713100.0
2012-06-05,18.030000686645508,371300.0
2012-06-06,18.6200008392334,296100.0
2012-06-07,18.950000762939453,288300.0
2012-06-08,19.40999984741211,380100.0
2012-06-11,19.799999237060547,515100.0
2012-06-12,20.010000228881836,373900.0
2012-06-13,19.8799991607666,340000.0
2012-06-14,19.780000686645508,438500.0
2012-06-15,20.049999237060547,535700.0
2012-06-18,20.239999771118164,563000.0
2012-06-19,20.68000030517578,487800.0
2012-06-20,20.950000762939453,199800.0
2012-06-21,20.40999984741211,243300.0
2012-06-22,21.15999984741211,804900.0
2012-06-25,20.989999771118164,332800.0
2012-06-26,20.850000381469727,347800.0
2012-06-27,21.049999237060547,209700.0
2012-06-28,20.860000610351562,230400.0
2012-06-29,21.3700008392334,372500.0
2012-07-02,21.84000015258789,385800.0
2012-07-03,21.739999771118164,272400.0
2012-07-05,21.600000381469727,215800.0
2012-07-06,21.110000610351562,207000.0
2012-07-09,21.3700008392334,223900.0
2012-07-10,21.299999237060547,341500.0
2012-07-11,21.06999969482422,299500.0
2012-07-12,20.360000610351562,439400.0
2012-07-13,20.68000030517578,222300.0
2012-07-16,20.700000762939453,128300.0
2012-07-17,20.979999542236328,229400.0
2012-07-18,20.850000381469727,191600.0
2012-07-19,20.389999389648438,179700.0
2012-07-20,20.25,328100.0
2012-07-23,19.920000076293945,195200.0
2012-07-24,19.84000015258789,203400.0
2012-07-25,19.8799991607666,164400.0
2012-07-26,19.780000686645508,192900.0
2012-07-27,20.479999542236328,138300.0
2012-07-30,19.8700008392334,192300.0
2012-07-31,19.559999465942383,138400.0
2012-08-01,19.260000228881836,395500.0
2012-08-02,18.950000762939453,316300.0
2012-08-03,19.530000686645508,297600.0
2012-08-06,19.540000915527344,192000.0
2012-08-07,19.18000030517578,284600.0
2012-08-08,18.719999313354492,418500.0
2012-08-09,20.100000381469727,650400.0
2012-08-10,20.799999237060547,580700.0
2012-08-13,20.3799991607666,179400.0
2012-08-14,20.0,168400.0
2012-08-15,20.040000915527344,193300.0
2012-08-16,20.110000610351562,198000.0
2012-08-17,20.59000015258789,171800.0
2012-08-20,20.540000915527344,195800.0
2012-08-21,20.440000534057617,147600.0
2012-08-22,20.34000015258789,107400.0
2012-08-23,20.510000228881836,86000.0
2012-08-24,21.18000030517578,235500.0
2012-08-27,21.030000686645508,209500.0
2012-08-28,20.8799991607666,114800.0
2012-08-29,21.020000457763672,137700.0
2012-08-30,20.93000030517578,110400.0
2012-08-31,20.969999313354492,95200.0
2012-09-04,21.260000228881836,226900.0
2012-09-05,20.989999771118164,236700.0
2012-09-06,21.3700008392334,217100.0
2012-09-07,21.260000228881836,182000.0
2012-09-10,21.639999389648438,143100.0
2012-09-11,21.360000610351562,242800.0
2012-09-12,21.40999984741211,265600.0
2012-09-13,22.010000228881836,205600.0
2012-09-14,22.139999389648438,235500.0
2012-09-17,22.079999923706055,156000.0
2012-09-18,21.59000015258789,532600.0
2012-09-19,22.020000457763672,551600.0
2012-09-20,22.100000381469727,208800.0
2012-09-21,22.049999237060547,383400.0
2012-09-24,21.950000762939453,171700.0
2012-09-25,21.8799991607666,195900.0
2012-09-26,21.600000381469727,219900.0
2012-09-27,21.670000076293945,228900.0
2012-09-28,21.579999923706055,244000.0
2012-10-01,21.700000762939453,285700.0
2012-10-02,22.100000381469727,199600.0
2012-10-03,21.739999771118164,176100.0
2012-10-04,21.90999984741211,174400.0
2012-10-05,21.84000015258789,133000.0
2012-10-08,21.579999923706055,158200.0
2012-10-09,21.149999618530273,493800.0
2012-10-10,21.459999084472656,167500.0
2012-10-11,21.190000534057617,575700.0
2012-10-12,21.049999237060547,173000.0
2012-10-15,21.200000762939453,112400.0
2012-10-16,21.190000534057617,210300.0
2012-10-17,20.8799991607666,174300.0
2012-10-18,20.989999771118164,233800.0
2012-10-19,20.989999771118164,267600.0
2012-10-22,21.1200008392334,180700.0
2012-10-23,21.030000686645508,226400.0
2012-10-24,21.09000015258789,124300.0
2012-10-25,21.260000228881836,90600.0
2012-10-26,21.209999084472656,117400.0
2012-10-31,21.209999084472656,94700.0
2012-11-01,21.350000381469727,233200.0
2012-11-02,20.540000915527344,307000.0
2012-11-05,20.739999771118164,179900.0
2012-11-06,20.5,239000.0
2012-11-07,19.489999771118164,411700.0
2012-11-08,19.1299991607666,557700.0
2012-11-09,20.309999465942383,721400.0
2012-11-12,20.6299991607666,270200.0
2012-11-13,20.299999237060547,173700.0
2012-11-14,20.030000686645508,231500.0
2012-11-15,20.420000076293945,265900.0
2012-11-16,20.510000228881836,216300.0
2012-11-19,21.25,276500.0
2012-11-20,21.84000015258789,278200.0
2012-11-21,22.110000610351562,487700.0
2012-11-23,22.149999618530273,321200.0
2012-11-26,21.93000030517578,175400.0
2012-11-27,21.469999313354492,331900.0
2012-11-28,21.469999313354492,149000.0
2012-11-29,21.889999389648438,232400.0
2012-11-30,21.950000762939453,447800.0
2012-12-03,22.09000015258789,283000.0
2012-12-04,21.979999542236328,202300.0
2012-12-05,21.90999984741211,192600.0
2012-12-06,21.770000457763672,214000.0
2012-12-07,21.719999313354492,191800.0
2012-12-10,21.729999542236328,308200.0
2012-12-11,22.059999465942383,356800.0
2012-12-12,22.030000686645508,181700.0
2012-12-13,21.850000381469727,232700.0
2012-12-14,21.719999313354492,1084800.0
2012-12-17,21.6200008392334,413400.0
2012-12-18,21.65999984741211,395700.0
2012-12-19,21.209999084472656,276800.0
2012-12-20,21.229999542236328,403500.0
2012-12-21,21.239999771118164,402900.0
2012-12-24,21.239999771118164,43900.0
2012-12-26,20.8700008392334,142700.0
2012-12-27,20.90999984741211,175900.0
2012-12-28,21.020000457763672,144500.0
2012-12-31,21.219999313354492,165300.0
2013-01-02,21.489999771118164,487900.0
2013-01-03,21.719999313354492,231700.0
2013-01-04,21.809999465942383,1839900.0
2013-01-07,22.440000534057617,484600.0
2013-01-08,22.440000534057617,387300.0
2013-01-09,22.40999984741211,369300.0
2013-01-10,23.020000457763672,221500.0
2013-01-11,22.8700008392334,203200.0
2013-01-14,22.6299991607666,300900.0
2013-01-15,22.65999984741211,165100.0
2013-01-16,23.049999237060547,264000.0
2013-01-17,22.969999313354492,275700.0
2013-01-18,23.329999923706055,319700.0
2013-01-22,23.65999984741211,164200.0
2013-01-23,23.489999771118164,229200.0
2013-01-24,23.81999969482422,285600.0
2013-01-25,24.200000762939453,181100.0
2013-01-28,23.899999618530273,269700.0
2013-01-29,23.770000457763672,329500.0
2013-01-30,23.270000457763672,369800.0
2013-01-31,23.06999969482422,1053100.0
2013-02-01,23.270000457763672,533500.0
2013-02-04,22.899999618530273,266800.0
2013-02-05,22.950000762939453,304700.0
2013-02-06,22.979999542236328,272100.0
2013-02-07,22.729999542236328,257500.0
2013-02-08,22.8799991607666,189000.0
2013-02-11,22.850000381469727,163700.0
2013-02-12,22.610000610351562,440800.0
2013-02-13,22.520000457763672,2319200.0
2013-02-14,21.610000610351562,724300.0
2013-02-15,21.290000915527344,629000.0
2013-02-19,21.5,382700.0
2013-02-20,21.209999084472656,383500.0
2013-02-21,21.18000030517578,287000.0
2013-02-22,21.31999969482422,431500.0
2013-02-25,21.020000457763672,256800.0
2013-02-26,21.190000534057617,479600.0
2013-02-27,21.399999618530273,408700.0
2013-02-28,22.56999969482422,957000.0
2013-03-01,23.399999618530273,957500.0
2013-03-04,23.549999237060547,545800.0
2013-03-05,23.489999771118164,355400.0
2013-03-06,23.079999923706055,182700.0
2013-03-07,23.280000686645508,208600.0
2013-03-08,23.93000030517578,377100.0
2013-03-11,23.8700008392334,193600.0
2013-03-12,23.90999984741211,392100.0
2013-03-13,23.780000686645508,128400.0
2013-03-14,24.25,365800.0
2013-03-15,24.040000915527344,371400.0
2013-03-18,24.020000457763672,158300.0
2013-03-19,24.049999237060547,211000.0
2013-03-20,24.270000457763672,260100.0
2013-03-21,24.260000228881836,218700.0
2013-03-22,24.459999084472656,287900.0
2013-03-25,24.600000381469727,459300.0
2013-03-26,25.209999084472656,333700.0
2013-03-27,25.6200008392334,492300.0
2013-03-28,25.860000610351562,360300.0
2013-04-01,26.0,495100.0
2013-04-02,26.510000228881836,614500.0
2013-04-03,26.049999237060547,384400.0
2013-04-04,26.149999618530273,680000.0
2013-04-05,25.850000381469727,403600.0
2013-04-08,26.09000015258789,263800.0
2013-04-09,26.1200008392334,279600.0
2013-04-10,26.31999969482422,211500.0
2013-04-11,26.15999984741211,269300.0
2013-04-12,26.25,230000.0
2013-04-15,25.969999313354492,484900.0
2013-04-16,26.329999923706055,635600.0
2013-04-17,26.360000610351562,696500.0
2013-04-18,25.899999618530273,344100.0
2013-04-19,26.229999542236328,319700.0
2013-04-22,26.1299991607666,257400.0
2013-04-23,25.889999389648438,246100.0
2013-04-24,25.5,440800.0
2013-04-25,25.479999542236328,320700.0
2013-04-26,25.290000915527344,299100.0
2013-04-29,25.459999084472656,763200.0
2013-04-30,25.239999771118164,340900.0
2013-05-01,24.56999969482422,421100.0
2013-05-02,24.889999389648438,913300.0
2013-05-03,25.5,383300.0
2013-05-06,24.8700008392334,798200.0
2013-05-07,28.56999969482422,1662600.0
2013-05-08,28.350000381469727,992200.0
2013-05-09,28.09000015258789,741100.0
2013-05-10,29.190000534057617,433500.0
2013-05-13,29.0,571900.0
2013-05-14,29.459999084472656,544900.0
2013-05-15,29.459999084472656,290700.0
2013-05-16,29.239999771118164,710700.0
2013-05-17,29.65999984741211,280600.0
2013-05-20,29.739999771118164,208300.0
2013-05-21,29.739999771118164,438100.0
2013-05-22,28.690000534057617,323300.0
2013-05-23,29.25,443100.0
2013-05-24,29.639999389648438,503900.0
2013-05-28,30.549999237060547,866700.0
2013-05-29,30.899999618530273,663000.0
2013-05-30,30.520000457763672,323000.0
2013-05-31,29.860000610351562,537900.0
2013-06-03,30.040000915527344,585400.0
2013-06-04,30.280000686645508,421300.0
2013-06-05,30.09000015258789,338800.0
2013-06-06,30.280000686645508,517800.0
2013-06-07,30.700000762939453,431200.0
2013-06-10,30.440000534057617,437900.0
2013-06-11,30.700000762939453,255300.0
2013-06-12,30.43000030517578,318900.0
2013-06-13,30.920000076293945,414100.0
2013-06-14,30.43000030517578,358900.0
2013-06-17,30.780000686645508,123900.0
2013-06-18,31.1299991607666,230000.0
2013-06-19,30.15999984741211,398400.0
2013-06-20,28.790000915527344,523000.0
2013-06-21,30.84000015258789,662000.0
2013-06-24,31.200000762939453,383400.0
2013-06-25,30.989999771118164,335700.0
2013-06-26,30.920000076293945,252200.0
2013-06-27,31.690000534057617,277100.0
2013-06-28,31.40999984741211,422400.0
2013-07-01,31.450000762939453,284900.0
2013-07-02,31.5,194400.0
2013-07-03,31.170000076293945,199700.0
2013-07-05,32.38999938964844,170800.0
2013-07-08,31.979999542236328,189500.0
2013-07-09,31.489999771118164,351900.0
2013-07-10,31.450000762939453,247300.0
2013-07-11,32.65999984741211,328000.0
2013-07-12,33.08000183105469,274000.0
2013-07-15,33.540000915527344,231600.0
2013-07-16,32.84000015258789,232600.0
2013-07-17,32.97999954223633,339900.0
2013-07-18,32.349998474121094,580600.0
2013-07-19,32.38999938964844,718500.0
2013-07-22,32.279998779296875,281100.0
2013-07-23,32.060001373291016,209000.0
2013-07-24,31.760000228881836,163900.0
2013-07-25,32.90999984741211,212600.0
2013-07-26,32.58000183105469,187700.0
2013-07-29,31.75,179400.0
2013-07-30,31.510000228881836,189600.0
2013-07-31,31.889999389648438,208500.0
2013-08-01,31.969999313354492,256200.0
2013-08-02,31.649999618530273,177000.0
2013-08-05,31.15999984741211,328800.0
2013-08-06,30.639999389648438,375000.0
2013-08-07,30.68000030517578,739200.0
2013-08-08,33.779998779296875,835900.0
2013-08-09,34.08000183105469,224100.0
2013-08-12,33.959999084472656,201500.0
2013-08-13,33.54999923706055,210600.0
2013-08-14,33.439998626708984,109700.0
2013-08-15,33.349998474121094,272800.0
2013-08-16,32.84000015258789,491300.0
2013-08-19,32.720001220703125,274800.0
2013-08-20,33.65999984741211,540700.0
2013-08-21,33.59000015258789,271500.0
2013-08-22,34.029998779296875,189800.0
2013-08-23,34.099998474121094,277300.0
2013-08-26,34.63999938964844,242600.0
2013-08-27,32.869998931884766,364000.0
2013-08-28,33.099998474121094,317300.0
2013-08-29,33.29999923706055,197600.0
2013-08-30,33.34000015258789,290600.0
2013-09-03,33.4900016784668,337300.0
2013-09-04,33.380001068115234,406400.0
2013-09-05,33.529998779296875,163400.0
2013-09-06,34.0,241600.0
2013-09-09,35.349998474121094,320700.0
2013-09-10,35.84000015258789,240900.0
2013-09-11,35.939998626708984,327900.0
2013-09-12,36.0,233900.0
2013-09-13,36.40999984741211,442800.0
2013-09-16,36.22999954223633,207100.0
2013-09-17,36.90999984741211,178000.0
2013-09-18,37.040000915527344,169200.0
2013-09-19,37.75,344300.0
2013-09-20,35.689998626708984,1581900.0
2013-09-23,36.040000915527344,322300.0
2013-09-24,35.75,256000.0
2013-09-25,35.209999084472656,324000.0
2013-09-26,36.599998474121094,433300.0
2013-09-27,35.84000015258789,1151500.0
2013-09-30,36.2400016784668,302700.0
2013-10-01,37.18000030517578,346500.0
2013-10-02,37.560001373291016,441300.0
2013-10-03,37.4900016784668,346800.0
2013-10-04,37.63999938964844,375500.0
2013-10-07,37.16999816894531,450800.0
2013-10-08,35.880001068115234,307500.0
2013-10-09,34.7400016784668,615200.0
2013-10-10,35.15999984741211,682700.0
2013-10-11,35.11000061035156,449000.0
2013-10-14,35.939998626708984,285100.0
2013-10-15,35.349998474121094,281200.0
2013-10-16,37.689998626708984,1099800.0
2013-10-17,37.25,534600.0
2013-10-18,38.099998474121094,301900.0
2013-10-21,38.06999969482422,259400.0
2013-10-22,37.81999969482422,204900.0
2013-10-23,38.119998931884766,293600.0
2013-10-24,37.95000076293945,323500.0
2013-10-25,37.970001220703125,213500.0
2013-10-28,38.540000915527344,206300.0
2013-10-29,39.060001373291016,248200.0
2013-10-30,38.84000015258789,307600.0
2013-10-31,39.06999969482422,490200.0
2013-11-01,39.310001373291016,698000.0
2013-11-04,39.5099983215332,558100.0
2013-11-05,39.86000061035156,444200.0
2013-11-06,37.709999084472656,452600.0
2013-11-07,37.04999923706055,859300.0
2013-11-08,36.43000030517578,1355200.0
2013-11-11,36.040000915527344,349700.0
2013-11-12,36.08000183105469,740900.0
2013-11-13,36.9900016784668,464100.0
2013-11-14,37.16999816894531,352900.0
2013-11-15,35.720001220703125,908900.0
2013-11-18,35.02000045776367,707700.0
2013-11-19,34.70000076293945,258600.0
2013-11-20,34.810001373291016,686700.0
2013-11-21,35.310001373291016,455600.0
2013-11-22,35.59000015258789,1029800.0
2013-11-25,35.779998779296875,643200.0
2013-11-26,36.04999923706055,488200.0
2013-11-27,36.65999984741211,213400.0
2013-11-29,37.02000045776367,184100.0
2013-12-02,36.310001373291016,629400.0
2013-12-03,36.43000030517578,361200.0
2013-12-04,36.20000076293945,227200.0
2013-12-05,36.36000061035156,486800.0
2013-12-06,36.75,590100.0
2013-12-09,36.70000076293945,432900.0
2013-12-10,36.58000183105469,502800.0
2013-12-11,36.209999084472656,335200.0
2013-12-12,36.2599983215332,210400.0
2013-12-13,36.47999954223633,282800.0
2013-12-16,36.86000061035156,271500.0
2013-12-17,36.66999816894531,432000.0
2013-12-18,37.439998626708984,549500.0
2013-12-19,36.41999816894531,1126400.0
2013-12-20,36.720001220703125,656400.0
2013-12-23,37.84000015258789,368200.0
2013-12-24,37.90999984741211,120900.0
2013-12-26,37.52000045776367,430500.0
2013-12-27,37.349998474121094,263500.0
2013-12-30,37.54999923706055,456000.0
2013-12-31,37.099998474121094,398400.0
2014-01-02,35.83000183105469,511500.0
2014-01-03,36.869998931884766,906300.0
2014-01-06,36.880001068115234,482500.0
2014-01-07,37.0099983215332,328000.0
2014-01-08,36.869998931884766,284800.0
2014-01-09,36.27000045776367,522800.0
2014-01-10,36.25,338300.0
2014-01-13,35.88999938964844,464100.0
2014-01-14,36.810001373291016,277700.0
2014-01-15,36.529998779296875,321000.0
2014-01-16,40.310001373291016,1273800.0
2014-01-17,40.209999084472656,1470900.0
2014-01-21,41.18000030517578,632000.0
2014-01-22,41.84000015258789,496800.0
2014-01-23,42.95000076293945,952700.0
2014-01-24,43.279998779296875,694900.0
2014-01-27,43.09000015258789,956000.0
2014-01-28,43.560001373291016,646300.0
2014-01-29,42.56999969482422,394700.0
2014-01-30,43.369998931884766,359300.0
2014-01-31,43.0,331300.0
2014-02-03,42.15999984741211,720300.0
2014-02-04,42.380001068115234,764100.0
2014-02-05,42.97999954223633,311000.0
2014-02-06,43.0099983215332,1103600.0
2014-02-07,42.310001373291016,900300.0
2014-02-10,43.189998626708984,382400.0
2014-02-11,43.75,328200.0
2014-02-12,44.5099983215332,315000.0
2014-02-13,44.970001220703125,436200.0
2014-02-14,44.47999954223633,384800.0
2014-02-18,44.630001068115234,546000.0
2014-02-19,44.66999816894531,433700.0
2014-02-20,45.5,241700.0
2014-02-21,44.970001220703125,376500.0
2014-02-24,45.459999084472656,299100.0
2014-02-25,45.7400016784668,258900.0
2014-02-26,45.790000915527344,387900.0
2014-02-27,45.2400016784668,752300.0
2014-02-28,47.40999984741211,1557800.0
2014-03-03,47.31999969482422,653100.0
2014-03-04,49.77000045776367,846400.0
2014-03-05,50.02000045776367,496100.0
2014-03-06,48.810001373291016,961100.0
2014-03-07,48.5,683800.0
2014-03-10,48.45000076293945,582900.0
2014-03-11,48.15999984741211,362600.0
2014-03-12,48.52000045776367,724000.0
2014-03-13,48.130001068115234,459200.0
2014-03-14,48.349998474121094,542100.0
2014-03-17,48.56999969482422,395700.0
2014-03-18,50.11000061035156,1165200.0
2014-03-19,49.33000183105469,577400.0
2014-03-20,50.18000030517578,302000.0
2014-03-21,49.84000015258789,482000.0
2014-03-24,48.9900016784668,913900.0
2014-03-25,49.56999969482422,482300.0
2014-03-26,49.13999938964844,526300.0
2014-03-27,48.54999923706055,493300.0
2014-03-28,47.16999816894531,1032400.0
2014-03-31,47.41999816894531,1188500.0
2014-04-01,48.310001373291016,548100.0
2014-04-02,49.029998779296875,621800.0
2014-04-03,49.06999969482422,492600.0
2014-04-04,44.310001373291016,2053600.0
2014-04-07,41.79999923706055,916400.0
2014-04-08,41.349998474121094,708200.0
2014-04-09,42.709999084472656,821800.0
2014-04-10,42.2599983215332,967800.0
2014-04-11,41.7599983215332,750200.0
2014-04-14,42.45000076293945,645700.0
2014-04-15,42.040000915527344,788700.0
2014-04-16,42.599998474121094,497300.0
2014-04-17,43.52000045776367,323000.0
2014-04-21,43.060001373291016,276500.0
2014-04-22,42.84000015258789,378900.0
2014-04-23,41.90999984741211,429000.0
2014-04-24,41.380001068115234,388900.0
2014-04-25,40.16999816894531,539600.0
2014-04-28,38.25,1143300.0
2014-04-29,38.36000061035156,897100.0
2014-04-30,37.630001068115234,714200.0
2014-05-01,37.869998931884766,491400.0
2014-05-02,36.91999816894531,520000.0
2014-05-05,37.38999938964844,507600.0
2014-05-06,36.86000061035156,684700.0
2014-05-07,35.38999938964844,1526700.0
2014-05-08,31.690000534057617,2117600.0
2014-05-09,32.9900016784668,1052800.0
2014-05-12,34.560001373291016,919000.0
2014-05-13,34.47999954223633,767800.0
2014-05-14,33.779998779296875,401400.0
2014-05-15,33.2400016784668,302000.0
2014-05-16,33.7599983215332,429600.0
2014-05-19,33.939998626708984,487700.0
2014-05-20,33.47999954223633,479600.0
2014-05-21,34.09000015258789,443900.0
2014-05-22,34.88999938964844,513500.0
2014-05-23,35.099998474121094,516500.0
2014-05-27,36.84000015258789,682800.0
2014-05-28,36.45000076293945,430200.0
2014-05-29,37.060001373291016,507100.0
2014-05-30,36.630001068115234,415000.0
2014-06-02,35.11000061035156,788800.0
2014-06-03,35.099998474121094,579800.0
2014-06-04,35.25,2581500.0
2014-06-05,36.29999923706055,914300.0
2014-06-06,36.84000015258789,485500.0
2014-06-09,39.0,985000.0
2014-06-10,37.61000061035156,992300.0
2014-06-11,37.31999969482422,380600.0
2014-06-12,37.040000915527344,382900.0
2014-06-13,36.91999816894531,336800.0
2014-06-16,37.84000015258789,388300.0
2014-06-17,37.20000076293945,402900.0
2014-06-18,37.70000076293945,321600.0
2014-06-19,38.720001220703125,567200.0
2014-06-20,39.16999816894531,1064500.0
2014-06-23,37.970001220703125,763000.0
2014-06-24,37.72999954223633,588600.0
2014-06-25,38.15999984741211,471600.0
2014-06-26,38.79999923706055,507200.0
2014-06-27,39.529998779296875,728000.0
2014-06-30,39.66999816894531,707500.0
2014-07-01,40.790000915527344,541400.0
2014-07-02,40.72999954223633,385000.0
2014-07-03,41.11000061035156,205700.0
2014-07-07,41.029998779296875,721300.0
2014-07-08,38.88999938964844,1466900.0
2014-07-09,38.279998779296875,472400.0
2014-07-10,38.119998931884766,353400.0
2014-07-11,38.400001525878906,255100.0
2014-07-14,38.939998626708984,406400.0
2014-07-15,37.81999969482422,405200.0
2014-07-16,37.47999954223633,280100.0
2014-07-17,36.38999938964844,585600.0
2014-07-18,37.119998931884766,350000.0
2014-07-21,36.93000030517578,226900.0
2014-07-22,37.68000030517578,474500.0
2014-07-23,37.880001068115234,413700.0
2014-07-24,37.20000076293945,213400.0
2014-07-25,36.290000915527344,396500.0
2014-07-28,36.04999923706055,343000.0
2014-07-29,35.900001525878906,342500.0
2014-07-30,36.790000915527344,318300.0
2014-07-31,35.34000015258789,275500.0
2014-08-01,34.36000061035156,543500.0
2014-08-04,35.20000076293945,517300.0
2014-08-05,35.4900016784668,278000.0
2014-08-06,35.38999938964844,283300.0
2014-08-07,35.84000015258789,699800.0
2014-08-08,34.630001068115234,1607800.0
2014-08-11,35.310001373291016,493000.0
2014-08-12,33.959999084472656,498500.0
2014-08-13,34.63999938964844,506900.0
2014-08-14,34.65999984741211,336500.0
2014-08-15,34.58000183105469,335000.0
2014-08-18,36.209999084472656,385500.0
2014-08-19,36.02000045776367,348300.0
2014-08-20,34.849998474121094,329300.0
2014-08-21,34.70000076293945,310400.0
2014-08-22,35.060001373291016,324000.0
2014-08-25,35.18000030517578,246900.0
2014-08-26,36.43000030517578,423300.0
2014-08-27,36.459999084472656,269400.0
2014-08-28,36.0,267500.0
2014-08-29,36.11000061035156,194400.0
2014-09-02,36.380001068115234,269900.0
2014-09-03,36.22999954223633,323700.0
2014-09-04,36.18000030517578,221500.0
2014-09-05,35.869998931884766,265100.0
2014-09-08,35.93000030517578,250100.0
2014-09-09,35.29999923706055,230900.0
2014-09-10,35.56999969482422,182000.0
2014-09-11,35.70000076293945,223400.0
2014-09-12,34.869998931884766,367400.0
2014-09-15,32.939998626708984,614400.0
2014-09-16,33.09000015258789,569300.0
2014-09-17,35.939998626708984,1129100.0
2014-09-18,37.869998931884766,1043200.0
2014-09-19,37.09000015258789,763800.0
2014-09-22,36.619998931884766,463100.0
2014-09-23,37.040000915527344,504900.0
2014-09-24,38.529998779296875,633300.0
2014-09-25,37.189998626708984,426800.0
2014-09-26,37.470001220703125,388500.0
2014-09-29,37.599998474121094,391100.0
2014-09-30,36.849998474121094,651100.0
2014-10-01,36.810001373291016,652600.0
2014-10-02,38.040000915527344,385600.0
2014-10-03,38.9900016784668,473800.0
2014-10-06,38.5,505300.0
2014-10-07,37.52000045776367,451800.0
2014-10-08,39.29999923706055,490900.0
2014-10-09,38.2400016784668,627600.0
2014-10-10,37.81999969482422,840800.0
2014-10-13,37.27000045776367,788100.0
2014-10-14,36.75,710600.0
2014-10-15,37.08000183105469,1034200.0
2014-10-16,37.16999816894531,657800.0
2014-10-17,37.189998626708984,507200.0
2014-10-20,37.43000030517578,660500.0
2014-10-21,38.58000183105469,534900.0
2014-10-22,37.75,300100.0
2014-10-23,38.83000183105469,447900.0
2014-10-24,39.40999984741211,178600.0
2014-10-27,39.400001525878906,254600.0
2014-10-28,40.900001525878906,510000.0
2014-10-29,41.09000015258789,402700.0
2014-10-30,42.540000915527344,378300.0
2014-10-31,43.16999816894531,462400.0
2014-11-03,41.75,434300.0
2014-11-04,40.68000030517578,794900.0
2014-11-05,40.27000045776367,604300.0
2014-11-06,42.7400016784668,1361300.0
2014-11-07,43.04999923706055,522900.0
2014-11-10,44.75,482100.0
2014-11-11,45.83000183105469,531500.0
2014-11-12,46.400001525878906,671400.0
2014-11-13,45.810001373291016,340300.0
2014-11-14,45.16999816894531,259700.0
2014-11-17,44.75,366700.0
2014-11-18,44.93000030517578,248700.0
2014-11-19,44.22999954223633,287900.0
2014-11-20,45.459999084472656,393600.0
2014-11-21,45.2599983215332,477000.0
2014-11-24,45.88999938964844,519000.0
2014-11-25,45.47999954223633,546000.0
2014-11-26,46.33000183105469,245400.0
2014-11-28,46.59000015258789,171500.0
2014-12-01,44.0,618600.0
2014-12-02,44.849998474121094,509600.0
2014-12-03,46.36000061035156,379200.0
2014-12-04,45.88999938964844,275500.0
2014-12-05,46.25,384600.0
2014-12-08,46.2400016784668,394100.0
2014-12-09,47.5099983215332,346200.0
2014-12-10,45.900001525878906,416400.0
2014-12-11,45.220001220703125,519200.0
2014-12-12,43.65999984741211,563400.0
2014-12-15,42.18000030517578,675400.0
2014-12-16,42.47999954223633,543000.0
2014-12-17,44.83000183105469,515600.0
2014-12-18,46.59000015258789,441700.0
2014-12-19,46.560001373291016,487100.0
2014-12-22,46.75,220900.0
2014-12-23,45.34000015258789,314200.0
2014-12-24,46.2400016784668,213400.0
2014-12-26,46.369998931884766,196400.0
2014-12-29,46.560001373291016,252900.0
2014-12-30,46.279998779296875,203800.0
2014-12-31,46.060001373291016,423000.0
2015-01-02,45.18000030517578,401100.0
2015-01-05,45.09000015258789,525100.0
2015-01-06,43.4900016784668,654700.0
2015-01-07,44.529998779296875,545600.0
2015-01-08,40.52000045776367,3503100.0
2015-01-09,41.290000915527344,608600.0
2015-01-12,40.650001525878906,619300.0
2015-01-13,40.04999923706055,681900.0
2015-01-14,38.5,1336900.0
2015-01-15,31.860000610351562,7363700.0
2015-01-16,33.09000015258789,1137900.0
2015-01-20,33.630001068115234,602100.0
2015-01-21,32.93000030517578,501600.0
2015-01-22,32.630001068115234,921600.0
2015-01-23,32.220001220703125,628700.0
2015-01-26,31.299999237060547,1404600.0
2015-01-27,31.309999465942383,988300.0
2015-01-28,30.18000030517578,989700.0
2015-01-29,30.010000228881836,946200.0
2015-01-30,29.389999389648438,1081800.0
2015-02-02,29.760000228881836,985400.0
2015-02-03,29.84000015258789,542700.0
2015-02-04,29.68000030517578,552100.0
2015-02-05,30.360000610351562,876200.0
2015-02-06,30.8700008392334,499200.0
2015-02-09,30.579999923706055,828800.0
2015-02-10,30.6299991607666,475100.0
2015-02-11,31.43000030517578,771600.0
2015-02-12,32.06999969482422,808100.0
2015-02-13,32.0,600400.0
2015-02-17,32.36000061035156,548600.0
2015-02-18,31.450000762939453,1087900.0
2015-02-19,31.8799991607666,614800.0
2015-02-20,31.989999771118164,451800.0
2015-02-23,32.060001373291016,526500.0
2015-02-24,32.63999938964844,990200.0
2015-02-25,33.2400016784668,618500.0
2015-02-26,32.90999984741211,588400.0
2015-02-27,31.729999542236328,2745200.0
2015-03-02,32.5099983215332,1145300.0
2015-03-03,31.3700008392334,991000.0
2015-03-04,30.959999084472656,916900.0
2015-03-05,31.979999542236328,734800.0
2015-03-06,32.2400016784668,848900.0
2015-03-09,32.34000015258789,349500.0
2015-03-10,32.439998626708984,648700.0
2015-03-11,32.9900016784668,652600.0
2015-03-12,34.77000045776367,1148000.0
2015-03-13,35.08000183105469,951800.0
2015-03-16,35.619998931884766,1075300.0
2015-03-17,34.790000915527344,1052600.0
2015-03-18,34.369998931884766,924700.0
2015-03-19,34.380001068115234,267600.0
2015-03-20,33.95000076293945,536300.0
2015-03-23,33.65999984741211,304900.0
2015-03-24,34.0,357700.0
2015-03-25,32.79999923706055,446800.0
2015-03-26,32.439998626708984,374000.0
2015-03-27,33.349998474121094,325800.0
2015-03-30,34.279998779296875,430400.0
2015-03-31,33.349998474121094,1214500.0
2015-04-01,31.850000381469727,864100.0
2015-04-02,30.6200008392334,1159500.0
2015-04-06,30.420000076293945,745000.0
2015-04-07,30.350000381469727,406700.0
2015-04-08,30.31999969482422,643500.0
2015-04-09,30.0,1778300.0
2015-04-10,30.489999771118164,1417400.0
2015-04-13,30.670000076293945,515000.0
2015-04-14,29.969999313354492,810800.0
2015-04-15,30.059999465942383,1002500.0
2015-04-16,29.989999771118164,732300.0
2015-04-17,29.75,764900.0
2015-04-20,30.799999237060547,607300.0
2015-04-21,30.989999771118164,625200.0
2015-04-22,30.790000915527344,506200.0
2015-04-23,30.610000610351562,433500.0
2015-04-24,30.719999313354492,309100.0
2015-04-27,30.6299991607666,760600.0
2015-04-28,31.3700008392334,1167200.0
2015-04-29,30.299999237060547,520900.0
2015-04-30,29.850000381469727,1417000.0
2015-05-01,26.969999313354492,4965000.0
2015-05-04,27.25,1684700.0
2015-05-05,26.40999984741211,682100.0
2015-05-06,26.229999542236328,617200.0
2015-05-07,26.690000534057617,612700.0
2015-05-08,27.15999984741211,561700.0
2015-05-11,26.299999237060547,737100.0
2015-05-12,26.649999618530273,737400.0
2015-05-13,27.3700008392334,800300.0
2015-05-14,27.25,563500.0
2015-05-15,27.010000228881836,480100.0
2015-05-18,27.850000381469727,1148700.0
2015-05-19,28.549999237060547,1091100.0
2015-05-20,28.6299991607666,907600.0
2015-05-21,28.520000457763672,812800.0
2015-05-22,28.1200008392334,445300.0
2015-05-26,27.709999084472656,616500.0
2015-05-27,28.059999465942383,311600.0
2015-05-28,27.350000381469727,933200.0
2015-05-29,28.270000457763672,870500.0
2015-06-01,29.020000457763672,654800.0
2015-06-02,29.1299991607666,469300.0
2015-06-03,29.34000015258789,444700.0
2015-06-04,29.270000457763672,525600.0
2015-06-05,29.510000228881836,497100.0
2015-06-08,30.010000228881836,443900.0
2015-06-09,29.81999969482422,1163500.0
2015-06-10,30.25,1133700.0
2015-06-11,30.31999969482422,384300.0
2015-06-12,29.90999984741211,456500.0
2015-06-15,30.100000381469727,811900.0
2015-06-16,30.229999542236328,714800.0
2015-06-17,30.479999542236328,505800.0
2015-06-18,31.309999465942383,1217900.0
2015-06-19,31.09000015258789,520900.0
2015-06-22,31.1200008392334,565200.0
2015-06-23,31.040000915527344,551500.0
2015-06-24,30.93000030517578,423700.0
2015-06-25,31.360000610351562,558700.0
2015-06-26,31.850000381469727,818100.0
2015-06-29,30.979999542236328,1004700.0
2015-06-30,30.989999771118164,554000.0
2015-07-01,30.020000457763672,1001100.0
2015-07-02,29.780000686645508,663200.0
2015-07-06,29.700000762939453,437800.0
2015-07-07,30.270000457763672,578200.0
2015-07-08,29.670000076293945,563500.0
2015-07-09,30.5,432900.0
2015-07-10,31.260000228881836,806400.0
2015-07-13,32.13999938964844,668900.0
2015-07-14,31.829999923706055,556600.0
2015-07-15,31.459999084472656,326500.0
2015-07-16,31.450000762939453,484600.0
2015-07-17,31.489999771118164,360800.0
2015-07-20,31.510000228881836,267900.0
2015-07-21,31.600000381469727,351300.0
2015-07-22,31.969999313354492,316500.0
2015-07-23,31.559999465942383,325700.0
2015-07-24,30.59000015258789,489600.0
2015-07-27,29.8700008392334,628400.0
2015-07-28,30.6200008392334,548500.0
2015-07-29,30.81999969482422,586900.0
2015-07-30,33.54999923706055,2317900.0
2015-07-31,33.88999938964844,791500.0
2015-08-03,33.349998474121094,535000.0
2015-08-04,33.88999938964844,574900.0
2015-08-05,34.38999938964844,429400.0
2015-08-06,34.18000030517578,472800.0
2015-08-07,33.88999938964844,609300.0
2015-08-10,33.2400016784668,502700.0
2015-08-11,33.720001220703125,736100.0
2015-08-12,34.06999969482422,393300.0
2015-08-13,31.18000030517578,2087700.0
2015-08-14,31.600000381469727,575800.0
2015-08-17,30.290000915527344,714600.0
2015-08-18,30.6200008392334,502700.0
2015-08-19,30.260000228881836,394700.0
2015-08-20,29.200000762939453,795000.0
2015-08-21,28.700000762939453,539900.0
2015-08-24,28.0,620100.0
2015-08-25,28.350000381469727,694000.0
2015-08-26,29.15999984741211,388000.0
2015-08-27,29.350000381469727,313300.0
2015-08-28,29.709999084472656,410200.0
2015-08-31,29.709999084472656,483000.0
2015-09-01,28.389999389648438,410200.0
2015-09-02,28.75,300500.0
2015-09-03,28.239999771118164,226200.0
2015-09-04,28.049999237060547,285400.0
2015-09-08,29.049999237060547,271400.0
2015-09-09,28.860000610351562,320000.0
2015-09-10,28.8799991607666,409700.0
2015-09-11,29.110000610351562,225600.0
2015-09-14,28.68000030517578,406600.0
2015-09-15,29.350000381469727,725300.0
2015-09-16,29.719999313354492,496900.0
2015-09-17,30.459999084472656,527800.0
2015-09-18,30.170000076293945,482300.0
2015-09-21,29.690000534057617,472200.0
2015-09-22,29.100000381469727,295700.0
2015-09-23,28.920000076293945,294600.0
2015-09-24,28.790000915527344,239800.0
2015-09-25,27.31999969482422,437300.0
2015-09-28,25.65999984741211,566500.0
2015-09-29,25.639999389648438,765800.0
2015-09-30,25.90999984741211,753900.0
2015-10-01,26.360000610351562,496400.0
2015-10-02,27.510000228881836,364100.0
2015-10-05,28.670000076293945,442400.0
2015-10-06,28.770000457763672,677600.0
2015-10-07,29.790000915527344,619400.0
2015-10-08,29.31999969482422,395100.0
2015-10-09,29.510000228881836,283100.0
2015-10-12,29.420000076293945,271400.0
2015-10-13,29.100000381469727,307100.0
2015-10-14,29.100000381469727,367100.0
2015-10-15,30.3799991607666,392000.0
2015-10-16,30.90999984741211,499000.0
2015-10-19,30.770000457763672,252600.0
2015-10-20,30.610000610351562,169400.0
2015-10-21,29.65999984741211,317900.0
2015-10-22,29.709999084472656,210900.0
2015-10-23,30.639999389648438,287500.0
2015-10-26,29.8700008392334,276700.0
2015-10-27,29.6299991607666,222000.0
2015-10-28,29.290000915527344,859700.0
2015-10-29,30.139999389648438,399100.0
2015-10-30,29.899999618530273,406300.0
2015-11-02,30.40999984741211,1004500.0
2015-11-03,30.229999542236328,752300.0
2015-11-04,31.889999389648438,406600.0
2015-11-05,31.700000762939453,647100.0
2015-11-06,36.09000015258789,2297900.0
2015-11-09,37.060001373291016,789500.0
2015-11-10,36.970001220703125,766000.0
2015-11-11,34.9900016784668,1028600.0
2015-11-12,33.0,1212400.0
2015-11-13,33.27000045776367,861100.0
2015-11-16,34.0,388700.0
2015-11-17,34.70000076293945,500400.0
2015-11-18,35.0,478500.0
2015-11-19,34.650001525878906,309400.0
2015-11-20,34.84000015258789,379600.0
2015-11-23,34.77000045776367,524700.0
2015-11-24,35.279998779296875,944200.0
2015-11-25,36.189998626708984,231800.0
2015-11-27,36.58000183105469,86600.0
2015-11-30,36.59000015258789,489600.0
2015-12-01,37.27000045776367,840700.0
2015-12-02,36.900001525878906,402300.0
2015-12-03,36.75,458800.0
2015-12-04,36.439998626708984,538000.0
2015-12-07,36.279998779296875,419200.0
2015-12-08,36.91999816894531,456100.0
2015-12-09,36.63999938964844,301900.0
2015-12-10,37.439998626708984,334700.0
2015-12-11,36.290000915527344,238700.0
2015-12-14,36.709999084472656,301600.0
2015-12-15,36.779998779296875,519200.0
2015-12-16,36.560001373291016,587100.0
2015-12-17,36.209999084472656,228700.0
2015-12-18,36.16999816894531,439700.0
2015-12-21,36.540000915527344,243200.0
2015-12-22,36.650001525878906,428700.0
2015-12-23,38.11000061035156,359300.0
2015-12-24,37.779998779296875,106900.0
2015-12-28,38.61000061035156,247600.0
2015-12-29,39.31999969482422,319200.0
2015-12-30,39.0099983215332,207500.0
2015-12-31,37.810001373291016,354400.0
2016-01-04,37.060001373291016,792800.0
2016-01-05,37.4900016784668,314900.0
2016-01-06,37.540000915527344,252200.0
2016-01-07,36.75,403000.0
2016-01-08,34.77000045776367,331900.0
2016-01-11,34.209999084472656,278000.0
2016-01-12,34.5,732600.0
2016-01-13,33.56999969482422,699000.0
2016-01-14,34.380001068115234,341000.0
2016-01-15,33.91999816894531,427200.0
2016-01-19,33.97999954223633,273500.0
2016-01-20,34.41999816894531,593100.0
2016-01-21,33.459999084472656,352900.0
2016-01-22,33.349998474121094,505400.0
2016-01-25,33.310001373291016,572800.0
2016-01-26,33.0,478000.0
2016-01-27,33.099998474121094,379800.0
2016-01-28,32.06999969482422,234500.0
2016-01-29,33.18000030517578,357300.0
2016-02-01,33.209999084472656,258600.0
2016-02-02,32.720001220703125,298500.0
2016-02-03,31.209999084472656,417200.0
2016-02-04,31.049999237060547,387800.0
2016-02-05,28.170000076293945,398400.0
2016-02-08,26.209999084472656,574800.0
2016-02-09,26.0,586700.0
2016-02-10,25.860000610351562,562600.0
2016-02-11,24.68000030517578,537100.0
2016-02-12,24.969999313354492,317600.0
2016-02-16,26.469999313354492,618400.0
2016-02-17,27.510000228881836,622800.0
2016-02-18,26.989999771118164,561500.0
2016-02-19,27.059999465942383,251500.0
2016-02-22,27.739999771118164,580600.0
2016-02-23,28.299999237060547,477100.0
2016-02-24,29.260000228881836,550000.0
2016-02-25,29.420000076293945,1104300.0
2016-02-26,31.8799991607666,1586300.0
2016-02-29,30.639999389648438,750400.0
2016-03-01,30.610000610351562,745500.0
2016-03-02,30.950000762939453,426000.0
2016-03-03,31.65999984741211,333500.0
2016-03-04,31.559999465942383,271600.0
2016-03-07,32.189998626708984,374000.0
2016-03-08,31.299999237060547,242300.0
2016-03-09,30.760000228881836,364300.0
2016-03-10,30.65999984741211,261300.0
2016-03-11,31.360000610351562,193400.0
2016-03-14,31.329999923706055,217300.0
2016-03-15,30.799999237060547,245900.0
2016-03-16,30.799999237060547,288900.0
2016-03-17,31.329999923706055,490900.0
2016-03-18,31.610000610351562,366800.0
2016-03-21,31.5,264300.0
2016-03-22,32.31999969482422,336800.0
2016-03-23,31.469999313354492,385900.0
2016-03-24,30.969999313354492,339000.0
2016-03-28,31.200000762939453,464100.0
2016-03-29,32.16999816894531,385600.0
2016-03-30,32.20000076293945,421600.0
2016-03-31,33.15999984741211,308300.0
2016-04-01,33.52000045776367,331300.0
2016-04-04,34.310001373291016,418700.0
2016-04-05,33.040000915527344,292200.0
2016-04-06,33.81999969482422,268200.0
2016-04-07,33.45000076293945,281400.0
2016-04-08,33.470001220703125,219600.0
2016-04-11,33.380001068115234,197900.0
2016-04-12,33.540000915527344,281400.0
2016-04-13,34.400001525878906,311300.0
2016-04-14,34.34000015258789,203300.0
2016-04-15,34.060001373291016,317100.0
2016-04-18,34.08000183105469,239300.0
2016-04-19,33.61000061035156,283000.0
2016-04-20,33.720001220703125,233400.0
2016-04-21,33.779998779296875,331700.0
2016-04-22,35.060001373291016,583000.0
2016-04-25,35.150001525878906,630800.0
2016-04-26,34.470001220703125,741800.0
2016-04-27,34.70000076293945,958700.0
2016-04-28,33.459999084472656,609500.0
2016-04-29,33.29999923706055,1741300.0
2016-05-02,32.939998626708984,591500.0
2016-05-03,29.5,3578300.0
2016-05-04,30.25,1686400.0
2016-05-05,30.0,504100.0
2016-05-06,29.770000457763672,580900.0
2016-05-09,29.760000228881836,408100.0
2016-05-10,29.549999237060547,364100.0
2016-05-11,28.8700008392334,404800.0
2016-05-12,27.309999465942383,763900.0
2016-05-13,26.889999389648438,998400.0
2016-05-16,28.020000457763672,999100.0
2016-05-17,27.100000381469727,625400.0
2016-05-18,27.0,538200.0
2016-05-19,28.219999313354492,1345400.0
2016-05-20,28.559999465942383,475200.0
2016-05-23,29.09000015258789,882000.0
2016-05-24,30.360000610351562,786800.0
2016-05-25,30.079999923706055,386100.0
2016-05-26,29.5,1570400.0
2016-05-27,30.219999313354492,444400.0
2016-05-31,30.020000457763672,299200.0
2016-06-01,30.549999237060547,546200.0
2016-06-02,31.200000762939453,274400.0
2016-06-03,31.540000915527344,549800.0
2016-06-06,32.220001220703125,507800.0
2016-06-07,32.06999969482422,348100.0
2016-06-08,32.58000183105469,404400.0
2016-06-09,32.099998474121094,448700.0
2016-06-10,31.209999084472656,376700.0
2016-06-13,30.770000457763672,397400.0
2016-06-14,30.229999542236328,563300.0
2016-06-15,29.780000686645508,354000.0
2016-06-16,29.979999542236328,322200.0
2016-06-17,28.899999618530273,516300.0
2016-06-20,29.670000076293945,872000.0
2016-06-21,28.700000762939453,537200.0
2016-06-22,28.65999984741211,535500.0
2016-06-23,29.450000762939453,572600.0
2016-06-24,28.540000915527344,757900.0
2016-06-27,28.219999313354492,866000.0
2016-06-28,28.989999771118164,563900.0
2016-06-29,29.709999084472656,524500.0
2016-06-30,30.239999771118164,870800.0
2016-07-01,30.979999542236328,475300.0
2016-07-05,30.459999084472656,417800.0
2016-07-06,30.829999923706055,609500.0
2016-07-07,31.139999389648438,312000.0
2016-07-08,32.11000061035156,548700.0
2016-07-11,32.11000061035156,571800.0
2016-07-12,33.209999084472656,726900.0
2016-07-13,32.810001373291016,674600.0
2016-07-14,32.849998474121094,645800.0
2016-07-15,33.209999084472656,416700.0
2016-07-18,33.27000045776367,562400.0
2016-07-19,33.849998474121094,452400.0
2016-07-20,34.439998626708984,323800.0
2016-07-21,34.36000061035156,470900.0
2016-07-22,34.790000915527344,325000.0
2016-07-25,34.060001373291016,281100.0
2016-07-26,34.65999984741211,233200.0
2016-07-27,34.93000030517578,308600.0
2016-07-28,35.0099983215332,547500.0
2016-07-29,35.38999938964844,651200.0
2016-08-01,35.380001068115234,509600.0
2016-08-02,35.29999923706055,369200.0
2016-08-03,35.45000076293945,873900.0
2016-08-04,41.84000015258789,3943100.0
2016-08-05,43.15999984741211,1300200.0
2016-08-08,43.52000045776367,876900.0
2016-08-09,44.25,1033400.0
2016-08-10,43.849998474121094,741500.0
2016-08-11,42.86000061035156,509200.0
2016-08-12,42.9900016784668,362000.0
2016-08-15,44.5,489700.0
2016-08-16,44.27000045776367,388100.0
2016-08-17,43.04999923706055,451900.0
2016-08-18,43.7400016784668,345700.0
2016-08-19,43.4900016784668,373400.0
2016-08-22,43.61000061035156,159600.0
2016-08-23,43.349998474121094,286300.0
2016-08-24,42.439998626708984,259200.0
2016-08-25,41.599998474121094,454000.0
2016-08-26,41.939998626708984,483000.0
2016-08-29,42.63999938964844,273500.0
2016-08-30,42.869998931884766,183200.0
2016-08-31,42.33000183105469,248800.0
2016-09-01,42.459999084472656,143600.0
2016-09-02,43.119998931884766,205400.0
2016-09-06,43.88999938964844,320500.0
2016-09-07,44.04999923706055,982100.0
2016-09-08,43.630001068115234,1515700.0
2016-09-09,41.040000915527344,501400.0
2016-09-12,41.86000061035156,321300.0
2016-09-13,40.689998626708984,239900.0
2016-09-14,41.2400016784668,329800.0
2016-09-15,42.16999816894531,449300.0
2016-09-16,42.47999954223633,813500.0
2016-09-19,43.45000076293945,454700.0
2016-09-20,43.220001220703125,374300.0
2016-09-21,44.880001068115234,484400.0
2016-09-22,45.06999969482422,619500.0
2016-09-23,43.93000030517578,301800.0
2016-09-26,43.2599983215332,535600.0
2016-09-27,43.77000045776367,210300.0
2016-09-28,42.81999969482422,976300.0
2016-09-29,39.529998779296875,966600.0
2016-09-30,40.939998626708984,797900.0
2016-10-03,40.720001220703125,470700.0
2016-10-04,39.65999984741211,382300.0
2016-10-05,39.58000183105469,418800.0
2016-10-06,39.41999816894531,321000.0
2016-10-07,39.869998931884766,332100.0
2016-10-10,40.68000030517578,396300.0
2016-10-11,38.790000915527344,446400.0
2016-10-12,38.88999938964844,286100.0
2016-10-13,38.650001525878906,232400.0
2016-10-14,38.68000030517578,442700.0
2016-10-17,39.34000015258789,292000.0
2016-10-18,39.720001220703125,381400.0
2016-10-19,39.4900016784668,139600.0
2016-10-20,40.18000030517578,322700.0
2016-10-21,40.08000183105469,361700.0
2016-10-24,40.65999984741211,176500.0
2016-10-25,39.40999984741211,294200.0
2016-10-26,37.83000183105469,373300.0
2016-10-27,37.06999969482422,272200.0
2016-10-28,37.0099983215332,400700.0
2016-10-31,37.119998931884766,310800.0
2016-11-01,36.650001525878906,492400.0
2016-11-02,32.06999969482422,2132600.0
2016-11-03,30.729999542236328,1220300.0
2016-11-04,35.22999954223633,2996200.0
2016-11-07,35.810001373291016,1297600.0
2016-11-08,35.380001068115234,435300.0
2016-11-09,35.58000183105469,1537300.0
2016-11-10,36.209999084472656,874300.0
2016-11-11,35.52000045776367,806800.0
2016-11-14,34.689998626708984,861300.0
2016-11-15,36.63999938964844,2774500.0
2016-11-16,36.56999969482422,782400.0
2016-11-17,37.25,812400.0
2016-11-18,37.189998626708984,705000.0
2016-11-21,37.9900016784668,949800.0
2016-11-22,37.119998931884766,494700.0
2016-11-23,36.65999984741211,444000.0
2016-11-25,36.45000076293945,124500.0
2016-11-28,35.209999084472656,555400.0
2016-11-29,34.90999984741211,1149500.0
2016-11-30,33.650001525878906,1004500.0
2016-12-01,32.77000045776367,944900.0
2016-12-02,33.31999969482422,783400.0
2016-12-05,35.119998931884766,765700.0
2016-12-06,36.060001373291016,449500.0
2016-12-07,36.29999923706055,810900.0
2016-12-08,37.529998779296875,716400.0
2016-12-09,37.61000061035156,477000.0
2016-12-12,37.72999954223633,599000.0
2016-12-13,37.470001220703125,270500.0
2016-12-14,37.5099983215332,582000.0
2016-12-15,37.56999969482422,498900.0
2016-12-16,37.61000061035156,607500.0
2016-12-19,38.58000183105469,534400.0
2016-12-20,37.97999954223633,485700.0
2016-12-21,37.58000183105469,221300.0
2016-12-22,37.36000061035156,348700.0
2016-12-23,37.68000030517578,169900.0
2016-12-27,37.939998626708984,261400.0
2016-12-28,37.54999923706055,356300.0
2016-12-29,37.56999969482422,221200.0
2016-12-30,37.68000030517578,323200.0
2017-01-03,37.349998474121094,524600.0
2017-01-04,37.599998474121094,479100.0
2017-01-05,36.97999954223633,671400.0
2017-01-06,37.900001525878906,993400.0
2017-01-09,38.290000915527344,477900.0
2017-01-10,41.20000076293945,1605300.0
2017-01-11,40.689998626708984,1111600.0
2017-01-12,40.130001068115234,449400.0
2017-01-13,43.54999923706055,1756400.0
2017-01-17,43.5,805700.0
2017-01-18,43.61000061035156,369900.0
2017-01-19,43.04999923706055,249800.0
2017-01-20,42.11000061035156,430000.0
2017-01-23,41.40999984741211,282900.0
2017-01-24,41.41999816894531,323600.0
2017-01-25,41.84000015258789,335400.0
2017-01-26,41.290000915527344,172200.0
2017-01-27,41.63999938964844,160500.0
2017-01-30,41.4900016784668,526900.0
2017-01-31,41.599998474121094,456800.0
2017-02-01,41.790000915527344,593900.0
2017-02-02,42.11000061035156,310100.0
2017-02-03,42.7599983215332,246100.0
2017-02-06,42.29999923706055,147000.0
2017-02-07,43.029998779296875,297200.0
2017-02-08,42.22999954223633,214400.0
2017-02-09,42.29999923706055,278900.0
2017-02-10,42.33000183105469,150600.0
2017-02-13,41.93000030517578,240800.0
2017-02-14,42.630001068115234,563800.0
2017-02-15,43.400001525878906,403500.0
2017-02-16,43.41999816894531,427300.0
2017-02-17,45.33000183105469,537300.0
2017-02-21,46.0,599200.0
2017-02-22,46.220001220703125,664900.0
2017-02-23,45.52000045776367,940000.0
2017-02-24,45.959999084472656,348300.0
2017-02-27,46.16999816894531,832100.0
2017-02-28,43.560001373291016,1640200.0
2017-03-01,46.11000061035156,1114300.0
2017-03-02,47.220001220703125,1170800.0
2017-03-03,46.29999923706055,659600.0
2017-03-06,43.66999816894531,756500.0
2017-03-07,44.709999084472656,459600.0
2017-03-08,45.33000183105469,511300.0
2017-03-09,44.81999969482422,315800.0
2017-03-10,44.90999984741211,271000.0
2017-03-13,45.11000061035156,421200.0
2017-03-14,44.72999954223633,261700.0
2017-03-15,44.84000015258789,361500.0
2017-03-16,44.2599983215332,228300.0
2017-03-17,44.56999969482422,502700.0
2017-03-20,44.22999954223633,337900.0
2017-03-21,42.439998626708984,616100.0
2017-03-22,42.220001220703125,287700.0
2017-03-23,42.04999923706055,342000.0
2017-03-24,42.880001068115234,319500.0
2017-03-27,42.349998474121094,339900.0
2017-03-28,42.43000030517578,478400.0
2017-03-29,42.66999816894531,290900.0
2017-03-30,42.650001525878906,278400.0
2017-03-31,43.09000015258789,268200.0
2017-04-03,42.90999984741211,319400.0
2017-04-04,42.31999969482422,318200.0
2017-04-05,41.97999954223633,229600.0
2017-04-06,42.4900016784668,170100.0
2017-04-07,42.75,467700.0
2017-04-10,42.13999938964844,282500.0
2017-04-11,42.29999923706055,511400.0
2017-04-12,41.63999938964844,298700.0
2017-04-13,41.369998931884766,409700.0
2017-04-17,41.43000030517578,211600.0
2017-04-18,40.93000030517578,423600.0
2017-04-19,41.310001373291016,562800.0
2017-04-20,41.79999923706055,250600.0
2017-04-21,41.5,555400.0
2017-04-24,42.36000061035156,399700.0
2017-04-25,43.029998779296875,425200.0
2017-04-26,43.86000061035156,475500.0
2017-04-27,44.22999954223633,930100.0
2017-04-28,43.40999984741211,500100.0
2017-05-01,43.810001373291016,378500.0
2017-05-02,43.58000183105469,396300.0
2017-05-03,41.33000183105469,453100.0
2017-05-04,41.04999923706055,624100.0
2017-05-05,42.099998474121094,423000.0
2017-05-08,41.369998931884766,617100.0
2017-05-09,39.66999816894531,1616000.0
2017-05-10,39.099998474121094,706900.0
2017-05-11,39.11000061035156,573100.0
2017-05-12,40.16999816894531,472200.0
2017-05-15,40.959999084472656,538800.0
2017-05-16,40.88999938964844,288000.0
2017-05-17,40.599998474121094,461900.0
2017-05-18,41.189998626708984,349100.0
2017-05-19,42.0,388000.0
2017-05-22,42.38999938964844,315100.0
2017-05-23,42.029998779296875,253000.0
2017-05-24,42.369998931884766,175800.0
2017-05-25,42.70000076293945,353000.0
2017-05-26,42.81999969482422,428000.0
2017-05-30,41.86000061035156,307800.0
2017-05-31,41.970001220703125,353800.0
2017-06-01,42.33000183105469,281900.0
2017-06-02,43.630001068115234,434300.0
2017-06-05,42.79999923706055,315700.0
2017-06-06,42.5,324400.0
2017-06-07,42.470001220703125,403000.0
2017-06-08,42.060001373291016,520400.0
2017-06-09,41.40999984741211,328100.0
2017-06-12,43.84000015258789,679500.0
2017-06-13,44.2400016784668,366300.0
2017-06-14,46.189998626708984,493300.0
2017-06-15,46.77000045776367,332900.0
2017-06-16,46.77000045776367,677300.0
2017-06-19,48.439998626708984,489800.0
2017-06-20,47.939998626708984,297500.0
2017-06-21,47.900001525878906,318100.0
2017-06-22,48.79999923706055,457500.0
2017-06-23,49.380001068115234,354600.0
2017-06-26,50.220001220703125,425800.0
2017-06-27,49.0,992800.0
2017-06-28,50.41999816894531,302300.0
2017-06-29,50.189998626708984,440200.0
2017-06-30,51.310001373291016,447500.0
2017-07-03,51.150001525878906,247600.0
2017-07-05,52.06999969482422,335400.0
2017-07-06,51.029998779296875,739300.0
2017-07-07,51.529998779296875,258400.0
2017-07-10,50.939998626708984,417000.0
2017-07-11,51.13999938964844,351900.0
2017-07-12,50.470001220703125,396500.0
2017-07-13,49.61000061035156,507100.0
2017-07-14,50.72999954223633,228700.0
2017-07-17,49.4900016784668,360700.0
2017-07-18,49.599998474121094,252100.0
2017-07-19,49.79999923706055,280000.0
2017-07-20,50.400001525878906,277500.0
2017-07-21,51.43000030517578,785800.0
2017-07-24,52.7599983215332,661900.0
2017-07-25,53.52000045776367,529600.0
2017-07-26,53.2400016784668,338400.0
2017-07-27,52.2599983215332,313400.0
2017-07-28,51.310001373291016,278000.0
2017-07-31,50.310001373291016,320800.0
2017-08-01,49.68000030517578,290500.0
2017-08-02,50.36000061035156,261300.0
2017-08-03,50.09000015258789,343100.0
2017-08-04,53.650001525878906,963400.0
2017-08-07,53.880001068115234,266100.0
2017-08-08,54.709999084472656,520200.0
2017-08-09,53.79999923706055,318800.0
2017-08-10,52.529998779296875,272200.0
2017-08-11,51.91999816894531,484300.0
2017-08-14,54.06999969482422,518500.0
2017-08-15,54.2599983215332,215400.0
2017-08-16,54.9900016784668,223900.0
2017-08-17,54.58000183105469,369000.0
2017-08-18,54.81999969482422,278200.0
2017-08-21,55.790000915527344,336200.0
2017-08-22,57.47999954223633,666800.0
2017-08-23,57.650001525878906,445300.0
2017-08-24,57.86000061035156,297000.0
2017-08-25,57.18000030517578,200300.0
2017-08-28,57.709999084472656,184800.0
2017-08-29,57.619998931884766,133100.0
2017-08-30,57.2599983215332,166400.0
2017-08-31,58.060001373291016,291400.0
2017-09-01,58.16999816894531,312700.0
2017-09-05,57.95000076293945,167100.0
2017-09-06,58.61000061035156,222800.0
2017-09-07,57.970001220703125,474200.0
2017-09-08,58.68000030517578,265800.0
2017-09-11,58.31999969482422,317900.0
2017-09-12,58.650001525878906,367900.0
2017-09-13,58.810001373291016,216700.0
2017-09-14,59.15999984741211,332800.0
2017-09-15,59.459999084472656,565300.0
2017-09-18,58.709999084472656,252200.0
2017-09-19,58.220001220703125,221600.0
2017-09-20,57.83000183105469,293300.0
2017-09-21,57.15999984741211,402200.0
2017-09-22,57.43000030517578,402600.0
2017-09-25,57.0,156200.0
2017-09-26,56.599998474121094,217400.0
2017-09-27,57.7400016784668,383800.0
2017-09-28,55.650001525878906,695400.0
2017-09-29,55.08000183105469,806700.0
2017-10-02,55.66999816894531,1297300.0
2017-10-03,55.75,565300.0
2017-10-04,56.099998474121094,725600.0
2017-10-05,59.09000015258789,1977400.0
2017-10-06,58.83000183105469,460500.0
2017-10-09,59.02000045776367,391400.0
2017-10-10,59.56999969482422,549400.0
2017-10-11,60.349998474121094,379500.0
2017-10-12,60.88999938964844,482000.0
2017-10-13,60.93000030517578,420700.0
2017-10-16,60.4900016784668,394800.0
2017-10-17,61.689998626708984,429500.0
2017-10-18,62.59000015258789,521400.0
2017-10-19,61.970001220703125,432700.0
2017-10-20,61.58000183105469,251100.0
2017-10-23,61.02000045776367,234700.0
2017-10-24,59.650001525878906,365200.0
2017-10-25,57.9900016784668,490200.0
2017-10-26,58.5,528900.0
2017-10-27,57.560001373291016,478300.0
2017-10-30,58.34000015258789,426300.0
2017-10-31,58.810001373291016,344200.0
2017-11-01,58.41999816894531,384000.0
2017-11-02,58.150001525878906,947600.0
2017-11-03,69.44999694824219,3435800.0
2017-11-06,69.86000061035156,1233300.0
2017-11-07,71.68000030517578,2886700.0
2017-11-08,67.58999633789062,2532600.0
2017-11-09,67.5999984741211,1180800.0
2017-11-10,67.77999877929688,548800.0
2017-11-13,68.26000213623047,842900.0
2017-11-14,67.41999816894531,506400.0
2017-11-15,67.86000061035156,589500.0
2017-11-16,69.0,750800.0
2017-11-17,70.63999938964844,494100.0
2017-11-20,71.80000305175781,314100.0
2017-11-21,70.94999694824219,535300.0
2017-11-22,70.0,734700.0
2017-11-24,70.05999755859375,423000.0
2017-11-27,71.08999633789062,946200.0
2017-11-28,71.36000061035156,519500.0
2017-11-29,71.13999938964844,679500.0
2017-11-30,71.7300033569336,508700.0
2017-12-01,70.68000030517578,457200.0
2017-12-04,69.6500015258789,693700.0
2017-12-05,69.48999786376953,553300.0
2017-12-06,68.79000091552734,316500.0
2017-12-07,68.7300033569336,469700.0
2017-12-08,69.76000213623047,471200.0
2017-12-11,70.4800033569336,451600.0
2017-12-12,70.0999984741211,440800.0
2017-12-13,70.06999969482422,388700.0
2017-12-14,68.04000091552734,592500.0
2017-12-15,68.44999694824219,569400.0
2017-12-18,69.02999877929688,393000.0
2017-12-19,69.55000305175781,360400.0
2017-12-20,69.5199966430664,292600.0
2017-12-21,68.19999694824219,479200.0
2017-12-22,69.16999816894531,477900.0
2017-12-26,69.33999633789062,170000.0
2017-12-27,68.69000244140625,254000.0
2017-12-28,69.66000366210938,163300.0
2017-12-29,69.0,305200.0
2018-01-02,69.0,485500.0
2018-01-03,69.0,589400.0
2018-01-04,68.48999786376953,273600.0
2018-01-05,68.76000213623047,448900.0
2018-01-08,78.12000274658203,1601400.0
2018-01-09,75.08000183105469,1101900.0
2018-01-10,75.83000183105469,965300.0
2018-01-11,77.30000305175781,643300.0
2018-01-12,75.62000274658203,487600.0
2018-01-16,73.79000091552734,437500.0
2018-01-17,72.91000366210938,636100.0
2018-01-18,72.88999938964844,380900.0
2018-01-19,75.18000030517578,662500.0
2018-01-22,75.9000015258789,398000.0
2018-01-23,76.23999786376953,303900.0
2018-01-24,76.62999725341797,1052700.0
2018-01-25,77.08999633789062,181700.0
2018-01-26,77.76000213623047,212000.0
2018-01-29,78.05999755859375,294800.0
2018-01-30,77.25,374100.0
2018-01-31,76.52999877929688,297700.0
2018-02-01,76.8499984741211,296200.0
2018-02-02,75.83999633789062,358300.0
2018-02-05,73.91999816894531,421400.0
2018-02-06,75.12000274658203,840100.0
2018-02-07,75.62000274658203,552000.0
2018-02-08,72.9000015258789,520500.0
2018-02-09,72.75,513600.0
2018-02-12,73.47000122070312,319100.0
2018-02-13,72.45999908447266,466600.0
2018-02-14,74.5,347800.0
2018-02-15,76.75,486700.0
2018-02-16,76.7300033569336,209300.0
2018-02-20,77.62999725341797,366100.0
2018-02-21,77.73999786376953,937000.0
2018-02-22,80.45999908447266,1131800.0
2018-02-23,75.55000305175781,770200.0
2018-02-26,76.80000305175781,351100.0
2018-02-27,76.5,316100.0
2018-02-28,75.08999633789062,275100.0
2018-03-01,72.87000274658203,332600.0
2018-03-02,73.06999969482422,746000.0
2018-03-05,75.81999969482422,390100.0
2018-03-06,78.94999694824219,449600.0
2018-03-07,80.62000274658203,455400.0
2018-03-08,79.66000366210938,400300.0
2018-03-09,80.33000183105469,299000.0
2018-03-12,83.1500015258789,554000.0
2018-03-13,84.73999786376953,439800.0
2018-03-14,84.5199966430664,593900.0
2018-03-15,84.61000061035156,462400.0
2018-03-16,85.2300033569336,511300.0
2018-03-19,84.19000244140625,535400.0
2018-03-20,84.62000274658203,225400.0
2018-03-21,86.55999755859375,419700.0
2018-03-22,85.25,323500.0
2018-03-23,84.27999877929688,511500.0
2018-03-26,87.19999694824219,406700.0
2018-03-27,87.06999969482422,922400.0
2018-03-28,84.97000122070312,1104100.0
2018-03-29,86.68000030517578,525600.0
2018-04-02,85.0,653300.0
2018-04-03,85.08000183105469,466600.0
2018-04-04,84.41000366210938,578800.0
2018-04-05,86.08000183105469,367400.0
2018-04-06,83.7699966430664,381600.0
2018-04-09,85.0199966430664,386300.0
2018-04-10,86.1500015258789,319100.0
2018-04-11,85.52999877929688,244100.0
2018-04-12,85.68000030517578,265300.0
2018-04-13,84.94000244140625,396100.0
2018-04-16,85.66000366210938,231500.0
2018-04-17,87.81999969482422,242800.0
2018-04-18,88.63999938964844,210600.0
2018-04-19,88.44999694824219,228200.0
2018-04-20,86.69000244140625,234300.0
2018-04-23,86.44999694824219,182100.0
2018-04-24,84.9000015258789,262600.0
2018-04-25,84.88999938964844,270500.0
2018-04-26,86.41999816894531,547700.0
2018-04-27,87.33999633789062,220500.0
2018-04-30,86.0,384200.0
2018-05-01,87.08000183105469,346400.0
2018-05-02,86.97000122070312,528000.0
2018-05-03,87.08999633789062,641900.0
2018-05-04,83.87999725341797,1265800.0
2018-05-07,83.62000274658203,420000.0
2018-05-08,83.2699966430664,353000.0
2018-05-09,83.72000122070312,448000.0
2018-05-10,86.16000366210938,379700.0
2018-05-11,86.3499984741211,286500.0
2018-05-14,87.22000122070312,290800.0
2018-05-15,86.41999816894531,278200.0
2018-05-16,86.95999908447266,393100.0
2018-05-17,87.55000305175781,410900.0
2018-05-18,87.5199966430664,282300.0
2018-05-21,88.91999816894531,201000.0
2018-05-22,87.48999786376953,200300.0
2018-05-23,89.16000366210938,158200.0
2018-05-24,93.1500015258789,1550600.0
2018-05-25,92.83000183105469,252000.0
2018-05-29,94.20999908447266,657400.0
2018-05-30,93.73999786376953,366700.0
2018-05-31,93.79000091552734,336200.0
2018-06-01,94.81999969482422,394300.0
2018-06-04,94.9000015258789,387500.0
2018-06-05,95.5199966430664,417100.0
2018-06-06,96.56999969482422,375500.0
2018-06-07,94.0199966430664,332400.0
2018-06-08,96.51000213623047,417100.0
2018-06-11,98.41999816894531,721800.0
2018-06-12,99.95999908447266,420500.0
2018-06-13,101.93000030517578,528900.0
2018-06-14,99.0999984741211,568100.0
2018-06-15,97.38999938964844,689300.0
2018-06-18,96.91000366210938,446800.0
2018-06-19,95.19000244140625,484800.0
2018-06-20,98.1500015258789,583700.0
2018-06-21,96.81999969482422,884100.0
2018-06-22,97.37000274658203,6544400.0
2018-06-25,91.41000366210938,891100.0
2018-06-26,92.80000305175781,737000.0
2018-06-27,86.6500015258789,1121800.0
2018-06-28,87.98999786376953,626300.0
2018-06-29,85.69999694824219,612900.0
2018-07-02,86.0,740400.0
2018-07-03,86.30999755859375,272900.0
2018-07-05,87.4000015258789,859100.0
2018-07-06,88.73999786376953,492900.0
2018-07-09,89.8499984741211,496600.0
2018-07-10,88.95999908447266,651700.0
2018-07-11,87.56999969482422,500000.0
2018-07-12,87.88999938964844,721000.0
2018-07-13,86.06999969482422,767600.0
2018-07-16,85.98999786376953,615400.0
2018-07-17,87.36000061035156,666000.0
2018-07-18,88.6500015258789,789300.0
2018-07-19,88.88999938964844,452400.0
2018-07-20,87.5999984741211,414100.0
2018-07-23,86.27999877929688,683300.0
2018-07-24,83.79000091552734,1169200.0
2018-07-25,85.62000274658203,945100.0
2018-07-26,85.73999786376953,586700.0
2018-07-27,83.30000305175781,657600.0
2018-07-30,81.43000030517578,759500.0
2018-07-31,83.16000366210938,589800.0
2018-08-01,83.87000274658203,575000.0
2018-08-02,87.54000091552734,1519800.0
2018-08-03,85.88999938964844,2983800.0
2018-08-06,85.69000244140625,1076000.0
2018-08-07,86.08999633789062,584000.0
2018-08-08,84.91000366210938,549200.0
2018-08-09,86.06999969482422,513500.0
2018-08-10,87.0199966430664,583100.0
2018-08-13,86.6500015258789,369200.0
2018-08-14,87.0,342200.0
2018-08-15,86.19999694824219,528500.0
2018-08-16,88.02999877929688,609800.0
2018-08-17,88.30000305175781,610200.0
2018-08-20,89.41999816894531,486200.0
2018-08-21,90.76000213623047,323700.0
2018-08-22,94.33000183105469,676200.0
2018-08-23,93.98999786376953,663500.0
2018-08-24,94.06999969482422,825600.0
2018-08-27,97.6500015258789,833300.0
2018-08-28,99.55999755859375,1159800.0
2018-08-29,100.44999694824219,1010800.0
2018-08-30,102.52999877929688,380500.0
2018-08-31,104.2699966430664,366800.0
2018-09-04,103.9000015258789,582200.0
2018-09-05,102.69000244140625,744700.0
2018-09-06,104.76000213623047,500300.0
2018-09-07,103.80999755859375,408300.0
2018-09-10,105.87999725341797,466800.0
2018-09-11,108.04000091552734,453900.0
2018-09-12,107.05000305175781,370400.0
2018-09-13,108.12999725341797,368500.0
2018-09-14,106.83000183105469,400900.0
2018-09-17,102.55000305175781,452900.0
2018-09-18,104.61000061035156,398900.0
2018-09-19,103.22000122070312,586400.0
2018-09-20,102.5999984741211,408000.0
2018-09-21,102.19000244140625,654400.0
2018-09-24,102.5999984741211,331500.0
2018-09-25,105.33999633789062,543600.0
2018-09-26,106.38999938964844,498900.0
2018-09-27,105.44000244140625,527900.0
2018-09-28,105.94999694824219,386500.0
2018-10-01,105.19000244140625,473000.0
2018-10-02,101.9000015258789,744600.0
2018-10-03,100.20999908447266,753800.0
2018-10-04,96.29000091552734,635000.0
2018-10-05,95.5,733100.0
2018-10-08,92.87999725341797,700100.0
2018-10-09,90.87999725341797,606500.0
2018-10-10,87.66999816894531,844400.0
2018-10-11,87.33000183105469,1308000.0
2018-10-12,88.55000305175781,722800.0
2018-10-15,88.75,646600.0
2018-10-16,92.72000122070312,581100.0
2018-10-17,92.41000366210938,267000.0
2018-10-18,90.0999984741211,435000.0
2018-10-19,88.19000244140625,626800.0
2018-10-22,88.0999984741211,404700.0
2018-10-23,88.98999786376953,531200.0
2018-10-24,84.52999877929688,765800.0
2018-10-25,82.83000183105469,970200.0
2018-10-26,84.02999877929688,669900.0
2018-10-29,83.18000030517578,571400.0
2018-10-30,85.37000274658203,601400.0
2018-10-31,88.20999908447266,637200.0
2018-11-01,90.12999725341797,941100.0
2018-11-02,88.52999877929688,1194300.0
2018-11-05,83.80000305175781,881600.0
2018-11-06,86.0999984741211,459000.0
2018-11-07,90.18000030517578,483500.0
2018-11-08,91.41000366210938,307100.0
2018-11-09,87.5999984741211,536400.0
2018-11-12,82.08000183105469,658600.0
2018-11-13,80.75,724900.0
2018-11-14,79.38999938964844,747800.0
2018-11-15,81.7300033569336,614300.0
2018-11-16,81.88999938964844,348100.0
2018-11-19,76.02999877929688,696100.0
2018-11-20,75.30000305175781,889700.0
2018-11-21,78.08999633789062,500900.0
2018-11-23,77.31999969482422,193800.0
2018-11-26,80.88999938964844,627900.0
2018-11-27,81.0199966430664,617200.0
2018-11-28,84.2300033569336,411000.0
2018-11-29,85.05000305175781,494900.0
2018-11-30,83.93000030517578,639000.0
2018-12-03,86.45999908447266,501300.0
2018-12-04,82.63999938964844,1106800.0
2018-12-06,83.95999908447266,495200.0
2018-12-07,80.75,636900.0
2018-12-10,82.48999786376953,388700.0
2018-12-11,82.48999786376953,442800.0
2018-12-12,83.37000274658203,321300.0
2018-12-13,81.11000061035156,510600.0
2018-12-14,79.68000030517578,538600.0
2018-12-17,76.52999877929688,653500.0
2018-12-18,76.80000305175781,637700.0
2018-12-19,75.41999816894531,871300.0
2018-12-20,73.2699966430664,731500.0
2018-12-21,73.47000122070312,821000.0
2018-12-24,73.55999755859375,329000.0
2018-12-26,76.75,962000.0
2018-12-27,76.62000274658203,525200.0
2018-12-28,77.58999633789062,430400.0
2018-12-31,79.31999969482422,409700.0
2019-01-02,73.43000030517578,957700.0
2019-01-03,72.44000244140625,992900.0
2019-01-04,77.1500015258789,1479600.0
2019-01-07,74.20999908447266,1265900.0
2019-01-08,74.1500015258789,1018000.0
2019-01-09,74.87999725341797,962100.0
2019-01-10,74.22000122070312,874800.0
2019-01-11,73.05000305175781,606800.0
2019-01-14,74.3499984741211,549700.0
2019-01-15,76.97000122070312,1078400.0
2019-01-16,73.9800033569336,900100.0
2019-01-17,74.80999755859375,1024000.0
2019-01-18,74.94999694824219,813600.0
2019-01-22,76.45999908447266,1242100.0
2019-01-23,74.16999816894531,548700.0
2019-01-24,76.86000061035156,716600.0
2019-01-25,78.44999694824219,960300.0
2019-01-28,78.44000244140625,699000.0
2019-01-29,76.55000305175781,592900.0
2019-01-30,76.93000030517578,514700.0
2019-01-31,81.19000244140625,912100.0
2019-02-01,82.52999877929688,691000.0
2019-02-04,81.08000183105469,326800.0
2019-02-05,81.72000122070312,505400.0
2019-02-06,81.43000030517578,643200.0
2019-02-07,81.31999969482422,337300.0
2019-02-08,81.97000122070312,370800.0
2019-02-11,82.8499984741211,500300.0
2019-02-12,84.3499984741211,468100.0
2019-02-13,84.95999908447266,533800.0
2019-02-14,84.83000183105469,549100.0
2019-02-15,88.45999908447266,623000.0
2019-02-19,87.62999725341797,707000.0
2019-02-20,85.83999633789062,655300.0
2019-02-21,85.2300033569336,514800.0
2019-02-22,87.5999984741211,587900.0
2019-02-25,89.91999816894531,1332300.0
2019-02-26,92.11000061035156,1939300.0
2019-02-27,93.5199966430664,1322600.0
2019-02-28,93.91000366210938,647000.0
2019-03-01,94.3499984741211,727200.0
2019-03-04,92.51000213623047,479500.0
2019-03-05,93.86000061035156,855000.0
2019-03-06,92.12999725341797,570700.0
2019-03-07,93.08000183105469,903100.0
2019-03-08,92.02999877929688,394300.0
2019-03-11,93.97000122070312,451900.0
2019-03-12,95.87999725341797,620400.0
2019-03-13,95.7300033569336,510600.0
2019-03-14,95.95999908447266,481500.0
2019-03-15,98.04000091552734,707700.0
2019-03-18,97.47000122070312,577200.0
2019-03-19,98.83000183105469,465700.0
2019-03-20,99.47000122070312,542200.0
2019-03-21,101.87000274658203,835800.0
2019-03-22,97.83999633789062,764700.0
2019-03-25,97.18000030517578,716100.0
2019-03-26,96.76000213623047,798800.0
2019-03-27,93.38999938964844,1169800.0
2019-03-28,94.04000091552734,896300.0
2019-03-29,95.08999633789062,350900.0
2019-04-01,95.43000030517578,535400.0
2019-04-02,95.80000305175781,440400.0
2019-04-03,96.2300033569336,661300.0
2019-04-04,95.75,624900.0
2019-04-05,95.8499984741211,409000.0
2019-04-08,94.62000274658203,406900.0
2019-04-09,93.9000015258789,599700.0
2019-04-10,93.76000213623047,907100.0
2019-04-11,93.48999786376953,509000.0
2019-04-12,93.3499984741211,423300.0
2019-04-15,91.43000030517578,687300.0
2019-04-16,89.48999786376953,560900.0
2019-04-17,82.72000122070312,1545900.0
2019-04-18,82.12999725341797,1582700.0
2019-04-22,82.43000030517578,728900.0
2019-04-23,83.20999908447266,531900.0
2019-04-24,83.31999969482422,462800.0
2019-04-25,83.19999694824219,384000.0
2019-04-26,85.12999725341797,617200.0
2019-04-29,86.12000274658203,431100.0
2019-04-30,86.25,523000.0
2019-05-01,84.83000183105469,520800.0
2019-05-02,86.08000183105469,881300.0
2019-05-03,96.66999816894531,1970900.0
2019-05-06,101.87999725341797,1453300.0
2019-05-07,102.55999755859375,950100.0
2019-05-08,102.80999755859375,443500.0
2019-05-09,104.87999725341797,552700.0
2019-05-10,103.18000030517578,542500.0
2019-05-13,101.4000015258789,621100.0
2019-05-14,103.3499984741211,345300.0
2019-05-15,104.08999633789062,483000.0
2019-05-16,106.19999694824219,456000.0
2019-05-17,103.9000015258789,393900.0
2019-05-20,104.08000183105469,259000.0
2019-05-21,104.73999786376953,569000.0
2019-05-22,106.94999694824219,355500.0
2019-05-23,105.56999969482422,340200.0
2019-05-24,108.56999969482422,361500.0
2019-05-28,109.44999694824219,801000.0
2019-05-29,107.1500015258789,424400.0
2019-05-30,110.04000091552734,428900.0
2019-05-31,109.79000091552734,471500.0
2019-06-03,109.31999969482422,471000.0
2019-06-04,111.79000091552734,332500.0
2019-06-05,111.9800033569336,946800.0
2019-06-06,112.69999694824219,308400.0
2019-06-07,111.41000366210938,1416100.0
2019-06-10,112.4000015258789,634500.0
2019-06-11,109.7699966430664,652000.0
2019-06-12,115.8499984741211,501500.0
2019-06-13,116.88999938964844,541600.0
2019-06-14,115.08999633789062,470600.0
2019-06-17,116.43000030517578,347100.0
2019-06-18,118.5999984741211,769600.0
2019-06-19,120.7300033569336,381300.0
2019-06-20,119.55000305175781,375700.0
2019-06-21,119.7699966430664,739300.0
2019-06-24,117.72000122070312,565200.0
2019-06-25,116.05999755859375,881400.0
2019-06-26,115.29000091552734,325100.0
2019-06-27,116.61000061035156,486200.0
2019-06-28,119.37999725341797,564500.0
2019-07-01,118.5,388100.0
2019-07-02,119.0999984741211,316400.0
2019-07-03,119.58999633789062,322900.0
2019-07-05,119.8499984741211,218000.0
2019-07-08,117.3499984741211,711700.0
2019-07-09,118.94000244140625,383300.0
2019-07-10,121.91999816894531,299100.0
2019-07-11,123.80000305175781,406700.0
2019-07-12,120.25,355500.0
2019-07-15,120.69999694824219,397100.0
2019-07-16,119.68000030517578,430300.0
2019-07-17,121.25,562900.0
2019-07-18,122.31999969482422,325000.0
2019-07-19,121.16999816894531,408000.0
2019-07-22,120.87000274658203,304500.0
2019-07-23,121.75,182700.0
2019-07-24,123.56999969482422,288100.0
2019-07-25,123.33999633789062,266500.0
2019-07-26,123.98999786376953,488100.0
2019-07-29,125.11000061035156,318900.0
2019-07-30,125.83000183105469,456500.0
2019-07-31,122.94000244140625,380500.0
2019-08-01,122.55999755859375,331000.0
2019-08-02,120.88999938964844,461000.0
2019-08-05,117.93000030517578,922500.0
2019-08-06,143.1300048828125,2519700.0
2019-08-07,142.33999633789062,764800.0
2019-08-08,145.8000030517578,1028400.0
2019-08-09,152.30999755859375,672000.0
2019-08-12,151.0500030517578,751600.0
2019-08-13,152.77000427246094,826100.0
2019-08-14,146.38999938964844,660000.0
2019-08-15,151.41000366210938,541900.0
2019-08-16,150.24000549316406,537000.0
2019-08-19,152.5399932861328,353400.0
2019-08-20,152.42999267578125,425800.0
2019-08-21,153.97999572753906,496800.0
2019-08-22,155.19000244140625,462600.0
2019-08-23,154.08999633789062,450300.0
2019-08-26,154.36000061035156,320600.0
2019-08-27,151.4499969482422,618900.0
2019-08-28,150.33999633789062,917700.0
2019-08-29,152.50999450683594,385300.0
2019-08-30,154.1699981689453,252600.0
2019-09-03,167.9499969482422,5752000.0
2019-09-04,157.1199951171875,5766500.0
2019-09-05,158.8300018310547,1173100.0
2019-09-06,157.00999450683594,807300.0
2019-09-09,147.3800048828125,879100.0
2019-09-10,146.3699951171875,1297800.0
2019-09-11,145.1699981689453,790600.0
2019-09-12,144.52000427246094,656500.0
2019-09-13,143.24000549316406,1008100.0
2019-09-16,143.10000610351562,552200.0
2019-09-17,145.07000732421875,710200.0
2019-09-18,148.0399932861328,648500.0
2019-09-19,152.58999633789062,962300.0
2019-09-20,155.8000030517578,1014500.0
2019-09-23,158.5,1498600.0
2019-09-24,164.52000427246094,1980300.0
2019-09-25,165.55999755859375,2550600.0
2019-09-26,165.10000610351562,1319500.0
2019-09-27,163.86000061035156,1366700.0
2019-09-30,164.92999267578125,1076700.0
2019-10-01,162.8300018310547,1141000.0
2019-10-02,157.30999755859375,904000.0
2019-10-03,158.69000244140625,1099900.0
2019-10-04,155.60000610351562,807800.0
2019-10-07,158.07000732421875,739800.0
2019-10-08,153.07000732421875,687700.0
2019-10-09,154.74000549316406,847200.0
2019-10-10,154.89999389648438,794900.0
2019-10-11,153.38999938964844,825500.0
2019-10-14,152.25,568200.0
2019-10-15,155.4199981689453,1018900.0
2019-10-16,155.61000061035156,503300.0
2019-10-17,156.47999572753906,689800.0
2019-10-18,153.74000549316406,690300.0
2019-10-21,153.8800048828125,752100.0
2019-10-22,150.8699951171875,620200.0
2019-10-23,146.49000549316406,619600.0
2019-10-24,149.35000610351562,502500.0
2019-10-25,145.8699951171875,434900.0
2019-10-28,147.16000366210938,672700.0
2019-10-29,146.9199981689453,602500.0
2019-10-30,146.99000549316406,698000.0
2019-10-31,145.32000732421875,525500.0
2019-11-01,146.47999572753906,493400.0
2019-11-04,145.63999938964844,930900.0
2019-11-05,144.80999755859375,975700.0
2019-11-06,159.99000549316406,1953900.0
2019-11-07,164.8699951171875,1178200.0
2019-11-08,169.4600067138672,1241200.0
2019-11-11,173.99000549316406,874100.0
2019-11-12,177.3000030517578,1110400.0
2019-11-13,177.61000061035156,652500.0
2019-11-14,176.8800048828125,766100.0
2019-11-15,180.33999633789062,589100.0
2019-11-18,182.49000549316406,882900.0
2019-11-19,180.88999938964844,1094000.0
2019-11-20,180.22999572753906,1282100.0
2019-11-21,175.77999877929688,1060100.0
2019-11-22,176.75999450683594,854800.0
2019-11-25,181.16000366210938,748500.0
2019-11-26,184.32000732421875,4113100.0
2019-11-27,186.0,599700.0
2019-11-29,185.6999969482422,335100.0
2019-12-02,181.89999389648438,716900.0
2019-12-03,184.0399932861328,531200.0
2019-12-04,182.88999938964844,409800.0
2019-12-05,184.22999572753906,809200.0
2019-12-06,183.9600067138672,363700.0
2019-12-09,180.66000366210938,474000.0
2019-12-10,178.1999969482422,581800.0
2019-12-11,180.19000244140625,802700.0
2019-12-12,173.27999877929688,486000.0
2019-12-13,175.64999389648438,519800.0
2019-12-16,174.69000244140625,460800.0
2019-12-17,175.35000610351562,528700.0
2019-12-18,172.5,652100.0
2019-12-19,170.52999877929688,668900.0
2019-12-20,172.8800048828125,635600.0
2019-12-23,170.89999389648438,466100.0
2019-12-24,171.61000061035156,345700.0
2019-12-26,171.75999450683594,261000.0
2019-12-27,172.50999450683594,397100.0
2019-12-30,169.35000610351562,486200.0
2019-12-31,171.1999969482422,376200.0
2020-01-02,169.77000427246094,536400.0
2020-01-03,171.47999572753906,360000.0
2020-01-06,177.80999755859375,646500.0
2020-01-07,175.67999267578125,577500.0
2020-01-08,176.9499969482422,454800.0
2020-01-09,180.67999267578125,574800.0
2020-01-10,182.52999877929688,441800.0
2020-01-13,184.4499969482422,481000.0
2020-01-14,185.25999450683594,682700.0
2020-01-15,187.05999755859375,777700.0
2020-01-16,191.4600067138672,479000.0
2020-01-17,188.75999450683594,359500.0
2020-01-21,190.9499969482422,488900.0
2020-01-22,191.22000122070312,263300.0
2020-01-23,192.0,377600.0
2020-01-24,192.55999755859375,301000.0
2020-01-27,193.00999450683594,389200.0
2020-01-28,193.50999450683594,660400.0
2020-01-29,195.75999450683594,554200.0
2020-01-30,196.9199981689453,443200.0
2020-01-31,194.0399932861328,471500.0
2020-02-03,194.83999633789062,442800.0
2020-02-04,197.72000122070312,462800.0
2020-02-05,194.3000030517578,403200.0
2020-02-06,198.41000366210938,410900.0
2020-02-07,200.02999877929688,400100.0
2020-02-10,202.63999938964844,342300.0
2020-02-11,203.25,410800.0
2020-02-12,201.80999755859375,461400.0
2020-02-13,205.41000366210938,438200.0
2020-02-14,212.32000732421875,1002400.0
2020-02-18,212.27000427246094,499100.0
2020-02-19,215.6699981689453,451500.0
2020-02-20,216.44000244140625,348000.0
2020-02-21,212.30999755859375,339400.0
2020-02-24,207.30999755859375,480100.0
2020-02-25,196.72999572753906,775000.0
2020-02-26,180.00999450683594,3118500.0
2020-02-27,183.75,1873100.0
2020-02-28,189.97000122070312,1255300.0
2020-03-02,181.50999450683594,1433800.0
2020-03-03,174.25999450683594,826900.0
2020-03-04,179.0500030517578,584600.0
2020-03-05,180.8800048828125,708200.0
2020-03-06,179.3000030517578,669200.0
2020-03-09,172.6699981689453,612700.0
2020-03-10,180.52999877929688,693500.0
2020-03-11,172.11000061035156,626900.0
2020-03-12,165.6699981689453,1073000.0
2020-03-13,165.07000732421875,681300.0
2020-03-16,137.27999877929688,853700.0
2020-03-17,130.11000061035156,1167400.0
2020-03-18,130.00999450683594,937800.0
2020-03-19,139.99000549316406,887000.0
2020-03-20,142.60000610351562,631000.0
2020-03-23,143.8000030517578,1849600.0
2020-03-24,157.50999450683594,596200.0
2020-03-25,166.42999267578125,735700.0
2020-03-26,177.77000427246094,554800.0
2020-03-27,175.75,777300.0
2020-03-30,174.5800018310547,599100.0
2020-03-31,165.67999267578125,857000.0
2020-04-01,159.1699981689453,513500.0
2020-04-02,167.0399932861328,307600.0
2020-04-03,164.9199981689453,447500.0
2020-04-06,171.89999389648438,691800.0
2020-04-07,165.6699981689453,519700.0
2020-04-08,175.8699951171875,267200.0
2020-04-09,182.94000244140625,379200.0
2020-04-13,180.0,532800.0
2020-04-14,185.16000366210938,340300.0
2020-04-15,187.4199981689453,369400.0
2020-04-16,192.35000610351562,338900.0
2020-04-17,199.33999633789062,354300.0
2020-04-20,203.97999572753906,517500.0
2020-04-21,197.50999450683594,297800.0
2020-04-22,200.00999450683594,258200.0
2020-04-23,206.16000366210938,484000.0
2020-04-24,203.8300018310547,440700.0
2020-04-27,198.91000366210938,516100.0
2020-04-28,191.64999389648438,599800.0
2020-04-29,196.5500030517578,511300.0
2020-04-30,199.72000122070312,689800.0
2020-05-01,194.88999938964844,317300.0
2020-05-04,192.88999938964844,579500.0
2020-05-05,201.25999450683594,398600.0
2020-05-06,206.55999755859375,446500.0
2020-05-07,215.14999389648438,769500.0
2020-05-08,217.6300048828125,867300.0
2020-05-11,224.72999572753906,799100.0
2020-05-12,220.6999969482422,388700.0
2020-05-13,195.02000427246094,2416700.0
2020-05-14,201.55999755859375,916400.0
2020-05-15,203.97999572753906,558600.0
2020-05-18,201.25999450683594,552000.0
2020-05-19,195.66000366210938,405300.0
2020-05-20,195.4499969482422,430800.0
2020-05-21,193.88999938964844,404900.0
2020-05-22,192.0800018310547,319400.0
2020-05-26,182.6300048828125,441000.0
2020-05-27,178.42999267578125,926700.0
2020-05-28,184.5800018310547,715500.0
2020-05-29,188.57000732421875,610400.0
2020-06-01,188.77999877929688,372600.0
2020-06-02,186.5,660700.0
2020-06-03,181.0,749100.0
2020-06-04,172.97999572753906,621200.0
2020-06-05,179.02999877929688,693800.0
2020-06-08,180.9499969482422,617200.0
2020-06-09,181.8699951171875,337800.0
2020-06-10,186.1999969482422,363900.0
2020-06-11,180.97999572753906,377600.0
2020-06-12,180.55999755859375,320800.0
2020-06-15,184.8000030517578,871900.0
2020-06-16,183.88999938964844,461400.0
2020-06-17,193.8300018310547,728000.0
2020-06-18,189.5,717800.0
2020-06-19,199.52000427246094,927300.0
2020-06-22,201.9499969482422,582400.0
2020-06-23,200.50999450683594,430700.0
2020-06-24,192.11000061035156,421500.0
2020-06-25,193.44000244140625,432000.0
2020-06-26,187.1999969482422,933900.0
2020-06-29,186.97000122070312,482600.0
2020-06-30,194.25999450683594,530800.0
2020-07-01,194.60000610351562,749300.0
2020-07-02,201.11000061035156,397100.0
2020-07-06,204.67999267578125,449700.0
2020-07-07,206.1300048828125,471900.0
2020-07-08,207.69000244140625,507800.0
2020-07-09,211.2899932861328,330300.0
2020-07-10,207.82000732421875,272200.0
2020-07-13,194.00999450683594,360900.0
2020-07-14,196.1699981689453,414700.0
2020-07-15,202.25,309800.0
2020-07-16,196.4199981689453,244000.0
2020-07-17,199.92999267578125,529400.0
2020-07-20,203.10000610351562,433800.0
2020-07-21,202.35000610351562,312800.0
2020-07-22,203.27999877929688,362100.0
2020-07-23,201.6199951171875,320700.0
2020-07-24,196.69000244140625,247600.0
2020-07-27,192.5500030517578,391100.0
2020-07-28,196.3800048828125,400900.0
2020-07-29,200.38999938964844,518700.0
2020-07-30,201.42999267578125,240500.0
2020-07-31,203.36000061035156,524700.0
2020-08-03,202.4499969482422,460400.0
2020-08-04,206.3699951171875,328800.0
2020-08-05,215.32000732421875,602000.0
2020-08-06,220.4199981689453,1641000.0
2020-08-07,217.72999572753906,882400.0
2020-08-10,203.94000244140625,592800.0
2020-08-11,198.83999633789062,501800.0
2020-08-12,204.64999389648438,403600.0
2020-08-13,206.55999755859375,226600.0
2020-08-14,202.1300048828125,246600.0
2020-08-17,209.60000610351562,294400.0
2020-08-18,209.94000244140625,215200.0
2020-08-19,209.75999450683594,335100.0
2020-08-20,210.0399932861328,202100.0
2020-08-21,208.60000610351562,231900.0
2020-08-24,209.9600067138672,498600.0
2020-08-25,217.75999450683594,346700.0
2020-08-26,215.42999267578125,279000.0
2020-08-27,216.3300018310547,323600.0
2020-08-28,214.33999633789062,218400.0
2020-08-31,218.25,632500.0
2020-09-01,223.2100067138672,425600.0
2020-09-02,224.27999877929688,263200.0
2020-09-03,209.00999450683594,493300.0
2020-09-04,204.8300018310547,323500.0
2020-09-08,204.57000732421875,333200.0
2020-09-09,212.44000244140625,247900.0
2020-09-10,213.0,496200.0
2020-09-11,211.58999633789062,300400.0
2020-09-14,218.11000061035156,306400.0
2020-09-15,225.58999633789062,433800.0
2020-09-16,222.52000427246094,363500.0
2020-09-17,223.72000122070312,507400.0
2020-09-18,225.02000427246094,1455600.0
2020-09-21,224.57000732421875,359600.0
2020-09-22,230.55999755859375,425900.0
2020-09-23,227.64999389648438,412300.0
2020-09-24,216.5500030517578,448100.0
2020-09-25,223.9600067138672,291600.0
2020-09-28,227.3800048828125,327100.0
2020-09-29,231.97000122070312,442500.0
2020-09-30,236.58999633789062,475100.0
2020-10-01,237.55999755859375,248600.0
2020-10-02,231.75999450683594,207200.0
2020-10-05,235.35000610351562,298000.0
2020-10-06,230.74000549316406,408500.0
2020-10-07,244.35000610351562,409300.0
2020-10-08,247.7100067138672,262800.0
2020-10-09,248.58999633789062,278900.0
2020-10-12,245.97999572753906,191700.0
2020-10-13,248.75,262700.0
2020-10-14,247.9199981689453,252300.0
2020-10-15,250.63999938964844,171500.0
2020-10-16,248.3300018310547,253100.0
2020-10-19,248.52000427246094,235900.0
2020-10-20,245.8300018310547,190300.0
2020-10-21,241.13999938964844,246400.0
2020-10-22,245.25,233900.0
2020-10-23,249.38999938964844,164600.0
2020-10-26,253.52999877929688,303600.0
2020-10-27,246.0399932861328,285800.0
2020-10-28,228.41000366210938,624000.0
2020-10-29,228.72000122070312,383100.0
2020-10-30,222.25,441000.0
2020-11-02,215.97000122070312,747600.0
2020-11-03,223.10000610351562,579000.0
2020-11-04,231.42999267578125,608300.0
2020-11-05,255.67999267578125,842500.0
2020-11-06,257.010009765625,463400.0
2020-11-09,255.3300018310547,493900.0
2020-11-10,260.0,476400.0
2020-11-11,256.739990234375,526400.0
2020-11-12,260.6499938964844,444200.0
2020-11-13,256.0,373600.0
2020-11-16,253.0399932861328,523100.0
2020-11-17,259.6099853515625,312100.0
2020-11-18,259.2699890136719,272000.0
2020-11-19,264.239990234375,235100.0
2020-11-20,265.239990234375,381900.0
2020-11-23,265.8900146484375,352500.0
2020-11-24,253.61000061035156,527600.0
2020-11-25,248.86000061035156,392500.0
2020-11-27,251.47999572753906,172800.0
2020-11-30,257.7099914550781,558400.0
2020-12-01,262.57000732421875,327900.0
2020-12-02,255.07000732421875,311300.0
2020-12-03,255.5399932861328,424300.0
2020-12-04,258.8800048828125,263500.0
2020-12-07,249.69000244140625,414700.0
2020-12-08,245.64999389648438,491500.0
2020-12-09,243.8800048828125,637800.0
2020-12-10,246.97000122070312,457000.0
2020-12-11,238.9600067138672,464500.0
2020-12-14,239.0500030517578,666800.0
2020-12-15,241.75999450683594,506600.0
2020-12-16,238.3000030517578,945700.0
2020-12-17,240.9199981689453,698400.0
2020-12-18,240.64999389648438,906400.0
2020-12-21,237.41000366210938,568900.0
2020-12-22,254.4600067138672,694100.0
2020-12-23,260.9800109863281,570500.0
2020-12-24,257.2799987792969,167200.0
2020-12-28,255.9499969482422,266200.0
2020-12-29,260.6499938964844,272700.0
2020-12-30,260.54998779296875,381100.0
2020-12-31,255.6300048828125,354100.0
2021-01-04,251.6199951171875,352300.0
2021-01-05,253.66000366210938,275100.0
2021-01-06,252.3699951171875,341000.0
2021-01-07,259.2099914550781,344200.0
2021-01-08,265.75,346500.0
2021-01-11,254.64999389648438,394400.0
2021-01-12,265.82000732421875,551300.0
2021-01-13,270.3999938964844,898300.0
2021-01-14,284.1400146484375,960700.0
2021-01-15,281.20001220703125,768200.0
2021-01-19,284.4599914550781,410300.0
2021-01-20,293.04998779296875,533200.0
2021-01-21,290.6199951171875,481300.0
2021-01-22,290.29998779296875,249500.0
2021-01-25,288.9100036621094,403400.0
2021-01-26,284.5799865722656,430000.0
2021-01-27,260.0,716000.0
2021-01-28,275.0299987792969,425900.0
2021-01-29,267.17999267578125,406200.0
2021-02-01,263.75,400400.0
2021-02-02,274.8399963378906,308500.0
2021-02-03,274.3999938964844,140000.0
2021-02-04,278.0,172500.0
2021-02-05,281.1700134277344,206500.0
2021-02-08,280.8900146484375,183900.0
2021-02-09,282.0299987792969,212100.0
2021-02-10,280.1499938964844,205900.0
2021-02-11,287.1099853515625,153500.0
2021-02-12,289.7699890136719,175900.0
2021-02-16,282.2200012207031,364900.0
2021-02-17,279.69000244140625,304700.0
2021-02-18,273.30999755859375,305100.0
2021-02-19,274.0299987792969,225300.0
2021-02-22,256.510009765625,612300.0
2021-02-23,260.739990234375,508300.0
2021-02-24,262.3599853515625,798800.0
2021-02-25,262.6700134277344,479000.0
2021-02-26,259.1000061035156,698400.0
2021-03-01,270.260009765625,421600.0
2021-03-02,265.9100036621094,295300.0
2021-03-03,253.10000610351562,489900.0
2021-03-04,242.36000061035156,609900.0
2021-03-05,252.0,531400.0
2021-03-08,235.9499969482422,532100.0
2021-03-09,247.55999755859375,488900.0
2021-03-10,245.4199981689453,430200.0
2021-03-11,259.760009765625,299100.0
2021-03-12,261.8800048828125,510000.0
2021-03-15,269.5400085449219,587100.0
2021-03-16,265.6600036621094,1233500.0
2021-03-17,259.9200134277344,935200.0
2021-03-18,252.0,649100.0
2021-03-19,261.0299987792969,662700.0
2021-03-22,269.32000732421875,721900.0
2021-03-23,277.04998779296875,839400.0
2021-03-24,263.6300048828125,701400.0
2021-03-25,259.1700134277344,529900.0
2021-03-26,266.79998779296875,387600.0
2021-03-29,259.8299865722656,367900.0
2021-03-30,261.3800048828125,376300.0
2021-03-31,260.9200134277344,628700.0
2021-04-01,264.82000732421875,394600.0
2021-04-05,269.1199951171875,369100.0
2021-04-06,276.95001220703125,356600.0
2021-04-07,278.5,282500.0
2021-04-08,284.55999755859375,362300.0
2021-04-09,287.1300048828125,214100.0
2021-04-12,284.7200012207031,163100.0
2021-04-13,288.1300048828125,170100.0
2021-04-14,284.70001220703125,582500.0
2021-04-15,294.8800048828125,278600.0
2021-04-16,297.0,314100.0
2021-04-19,281.510009765625,386600.0
2021-04-20,283.4800109863281,315100.0
2021-04-21,285.19000244140625,224000.0
2021-04-22,283.6400146484375,244600.0
2021-04-23,295.5,471600.0
2021-04-26,299.1000061035156,259600.0
2021-04-27,304.05999755859375,284100.0
2021-04-28,303.17999267578125,276700.0
2021-04-29,301.55999755859375,193400.0
2021-04-30,295.2200012207031,735700.0
2021-05-03,282.0899963378906,346600.0
2021-05-04,271.9599914550781,411500.0
2021-05-05,264.45001220703125,506400.0
2021-05-06,253.16000366210938,1286800.0
2021-05-07,234.19000244140625,2925100.0
2021-05-10,226.75,1754600.0
2021-05-11,229.9600067138672,1222500.0
2021-05-12,225.52000427246094,842700.0
2021-05-13,226.02000427246094,804000.0
2021-05-14,232.4199981689453,778200.0
2021-05-17,228.42999267578125,575000.0
2021-05-18,236.33999633789062,714900.0
2021-05-19,239.7899932861328,572300.0
2021-05-20,252.77999877929688,835000.0
2021-05-21,253.52000427246094,1181200.0
2021-05-24,256.7699890136719,397200.0
2021-05-25,259.6600036621094,523800.0
2021-05-26,263.19000244140625,480400.0
2021-05-27,272.04998779296875,1329000.0
2021-05-28,269.6700134277344,577800.0
2021-06-01,264.4700012207031,437100.0
2021-06-02,264.260009765625,606500.0
2021-06-03,263.8399963378906,301400.0
2021-06-04,271.8399963378906,480300.0
2021-06-07,276.1099853515625,426100.0
2021-06-08,278.2699890136719,639200.0
2021-06-09,272.92999267578125,382800.0
2021-06-10,281.6000061035156,360300.0
2021-06-11,282.45001220703125,518800.0
2021-06-14,283.95001220703125,321700.0
2021-06-15,277.75,263500.0
2021-06-16,279.489990234375,466300.0
2021-06-17,284.7900085449219,349000.0
2021-06-18,280.54998779296875,579200.0
2021-06-21,281.5799865722656,284100.0
2021-06-22,282.3800048828125,451900.0
2021-06-23,280.54998779296875,271600.0
2021-06-24,277.0400085449219,311600.0
2021-06-25,278.3399963378906,403600.0
2021-06-28,283.239990234375,263800.0
2021-06-29,283.4200134277344,205000.0
2021-06-30,274.510009765625,579600.0
2021-07-01,278.5899963378906,314400.0
2021-07-02,281.3399963378906,359500.0
2021-07-06,286.7699890136719,398300.0
2021-07-07,284.0400085449219,211300.0
2021-07-08,282.7200012207031,202200.0
2021-07-09,280.69000244140625,168500.0
2021-07-12,275.6400146484375,214800.0
2021-07-13,268.82000732421875,354300.0
2021-07-14,260.6700134277344,1152400.0
2021-07-15,260.3599853515625,540000.0
2021-07-16,268.3299865722656,243800.0
2021-07-19,265.0,238300.0
2021-07-20,272.8999938964844,432800.0
2021-07-21,271.4800109863281,238100.0
2021-07-22,271.4599914550781,208100.0
2021-07-23,276.54998779296875,261200.0
2021-07-26,263.6700134277344,295200.0
2021-07-27,266.8500061035156,272300.0
2021-07-28,272.510009765625,189100.0
2021-07-29,273.739990234375,173300.0
2021-07-30,279.69000244140625,258300.0
2021-08-02,278.70001220703125,243400.0
2021-08-03,278.8599853515625,303800.0
2021-08-04,279.17999267578125,285500.0
2021-08-05,280.45001220703125,562800.0
2021-08-06,275.510009765625,1922100.0
2021-08-09,286.6499938964844,702100.0
2021-08-10,279.3999938964844,531800.0
2021-08-11,275.0299987792969,446000.0
2021-08-12,281.3500061035156,266400.0
2021-08-13,287.57000732421875,292200.0
2021-08-16,292.9100036621094,345200.0
2021-08-17,302.8399963378906,731900.0
2021-08-18,297.0,339800.0
2021-08-19,294.80999755859375,216400.0
2021-08-20,295.2799987792969,323000.0
2021-08-23,293.5400085449219,312300.0
2021-08-24,300.0199890136719,195700.0
2021-08-25,299.75,266600.0
2021-08-26,294.1300048828125,271900.0
2021-08-27,295.0899963378906,229000.0
2021-08-30,296.1499938964844,186200.0
2021-08-31,297.80999755859375,251400.0
2021-09-01,299.989990234375,321000.0
2021-09-02,301.70001220703125,255300.0
2021-09-03,302.5899963378906,159500.0
2021-09-07,307.2699890136719,243900.0
2021-09-08,302.67999267578125,342600.0
2021-09-09,302.2699890136719,247400.0
2021-09-10,296.4200134277344,347000.0
2021-09-13,295.1000061035156,328700.0
2021-09-14,294.2900085449219,251300.0
2021-09-15,291.44000244140625,237100.0
2021-09-16,287.8999938964844,386500.0
2021-09-17,292.45001220703125,393200.0
2021-09-20,289.04998779296875,215300.0
2021-09-21,293.32000732421875,214800.0
2021-09-22,288.0,308200.0
2021-09-23,290.6000061035156,219700.0
2021-09-24,289.20001220703125,177500.0
2021-09-27,286.2799987792969,515100.0
2021-09-28,276.5400085449219,395000.0
2021-09-29,278.9700012207031,335800.0
2021-09-30,284.2300109863281,395200.0
2021-10-01,285.3299865722656,323400.0
2021-10-04,279.3999938964844,473600.0
2021-10-05,287.0299987792969,509900.0
2021-10-06,291.6300048828125,273000.0
2021-10-07,293.0,260900.0
2021-10-08,290.9200134277344,146900.0
2021-10-11,293.2300109863281,147400.0
2021-10-12,297.510009765625,221700.0
2021-10-13,300.25,264400.0
2021-10-14,304.0299987792969,219600.0
2021-10-15,300.489990234375,246600.0
2021-10-18,291.9100036621094,240100.0
2021-10-19,299.92999267578125,187800.0
2021-10-20,298.69000244140625,204300.0
2021-10-21,303.3500061035156,161600.0
2021-10-22,304.3299865722656,116900.0
2021-10-25,302.20001220703125,240700.0
2021-10-26,303.9200134277344,203700.0
2021-10-27,299.3299865722656,163100.0
2021-10-28,309.989990234375,337600.0
2021-10-29,310.0199890136719,439500.0
2021-11-01,308.70001220703125,371100.0
2021-11-02,312.8599853515625,373600.0
2021-11-03,311.9800109863281,413700.0
2021-11-04,301.6099853515625,610500.0
2021-11-05,308.0,751700.0
2021-11-08,313.4700012207031,425000.0
2021-11-09,318.2900085449219,361300.0
2021-11-10,307.67999267578125,288000.0
2021-11-11,314.6199951171875,216700.0
2021-11-12,314.8500061035156,176200.0
2021-11-15,316.2200012207031,311500.0
2021-11-16,317.010009765625,228100.0
2021-11-17,310.8699951171875,197900.0
2021-11-18,302.760009765625,283200.0
2021-11-19,301.0,313700.0
2021-11-22,298.8299865722656,505400.0
2021-11-23,290.79998779296875,426000.0
2021-11-24,297.55999755859375,450700.0
2021-11-26,295.3900146484375,178800.0
2021-11-29,295.8699951171875,321400.0
2021-11-30,288.44000244140625,589400.0
2021-12-01,283.4599914550781,343400.0
2021-12-02,287.239990234375,249900.0
2021-12-03,263.1700134277344,1303600.0
2021-12-06,259.1400146484375,734000.0
2021-12-07,272.5,395600.0
2021-12-08,277.1300048828125,346200.0
2021-12-09,268.5,528500.0
2021-12-10,262.5199890136719,1334600.0
2021-12-13,264.6000061035156,546800.0
2021-12-14,255.32000732421875,525400.0
2021-12-15,269.0,446400.0
2021-12-16,258.739990234375,414700.0
2021-12-17,262.70001220703125,1250200.0
2021-12-20,256.8999938964844,569400.0
2021-12-21,265.57000732421875,291700.0
2021-12-22,269.3900146484375,290900.0
2021-12-23,273.260009765625,210400.0
2021-12-27,272.760009765625,187400.0
2021-12-28,266.1700134277344,296700.0
2021-12-29,270.19000244140625,207700.0
2021-12-30,269.57000732421875,171700.0
2021-12-31,266.07000732421875,298500.0
2022-01-03,275.70001220703125,395300.0
2022-01-04,273.54998779296875,393400.0
2022-01-05,255.4499969482422,446200.0
2022-01-06,260.42999267578125,741900.0
2022-01-07,250.0800018310547,435000.0
2022-01-10,240.6999969482422,647800.0
2022-01-11,245.6699981689453,429400.0
2022-01-12,242.77999877929688,320000.0
2022-01-13,242.3699951171875,625900.0
2022-01-14,242.7100067138672,1017900.0
2022-01-18,234.10000610351562,788800.0
2022-01-19,235.02000427246094,709000.0
2022-01-20,232.32000732421875,472500.0
2022-01-21,224.13999938964844,600800.0
2022-01-24,223.0,1007900.0
2022-01-25,211.82000732421875,816800.0
2022-01-26,199.0,1434500.0
2022-01-27,194.8000030517578,1374700.0
2022-01-28,230.58999633789062,2432300.0
2022-01-31,248.0,1281100.0
2022-02-01,248.0800018310547,593600.0
2022-02-02,253.19000244140625,920100.0
2022-02-03,242.05999755859375,447700.0
2022-02-04,243.49000549316406,449700.0
2022-02-07,242.52999877929688,348100.0
2022-02-08,247.69000244140625,287300.0
2022-02-09,256.3500061035156,463200.0
2022-02-10,252.80999755859375,552300.0
2022-02-11,248.05999755859375,540700.0
2022-02-14,245.55999755859375,727200.0
2022-02-15,254.33999633789062,294600.0
2022-02-16,252.3300018310547,287100.0
2022-02-17,240.80999755859375,415000.0
2022-02-18,234.17999267578125,451100.0
2022-02-22,234.5399932861328,448900.0
2022-02-23,230.82000732421875,670500.0
2022-02-24,255.3699951171875,1502300.0
2022-02-25,262.3699951171875,529500.0
2022-02-28,264.69000244140625,558200.0
2022-03-01,260.8399963378906,340300.0
2022-03-02,270.7099914550781,733600.0
2022-03-03,265.3900146484375,1132900.0
2022-03-04,261.7099914550781,438000.0
2022-03-07,261.8599853515625,651100.0
2022-03-08,248.3000030517578,858900.0
2022-03-09,249.3699951171875,708100.0
2022-03-10,234.92999267578125,967700.0
2022-03-11,223.25999450683594,928800.0
2022-03-14,211.9600067138672,652100.0
2022-03-15,216.07000732421875,992300.0
2022-03-16,238.63999938964844,749500.0
2022-03-17,248.27000427246094,823300.0
2022-03-18,260.0299987792969,699400.0
2022-03-21,253.41000366210938,376700.0
2022-03-22,250.0,748700.0
2022-03-23,243.11000061035156,1156900.0
2022-03-24,251.61000061035156,293200.0
2022-03-25,251.94000244140625,263500.0
2022-03-28,253.42999267578125,314700.0
2022-03-29,260.6199951171875,212600.0
2022-03-30,263.6499938964844,414200.0
2022-03-31,266.3900146484375,457400.0
2022-04-01,279.0199890136719,619900.0
2022-04-04,270.92999267578125,312800.0
2022-04-05,270.6499938964844,281500.0
2022-04-06,267.2799987792969,330500.0
2022-04-07,267.510009765625,230500.0
2022-04-08,267.6300048828125,290500.0
2022-04-11,258.1400146484375,244800.0
2022-04-12,253.60000610351562,404500.0
2022-04-13,265.2799987792969,275000.0
2022-04-14,263.5,349200.0
2022-04-18,257.0,351700.0
2022-04-19,270.8299865722656,476900.0
2022-04-20,273.2099914550781,365100.0
2022-04-21,261.95001220703125,461100.0
2022-04-22,249.3800048828125,457900.0
2022-04-25,251.38999938964844,295600.0
2022-04-26,240.2899932861328,300200.0
2022-04-27,234.52000427246094,493700.0
2022-04-28,237.9600067138672,549400.0
2022-04-29,238.99000549316406,633400.0
2022-05-02,247.1699981689453,718800.0
2022-05-03,238.8699951171875,433000.0
2022-05-04,247.00999450683594,606900.0
2022-05-05,226.91000366210938,646200.0
2022-05-06,205.57000732421875,1891200.0
2022-05-09,191.4600067138672,1124100.0
2022-05-10,190.24000549316406,663000.0
2022-05-11,186.39999389648438,656700.0
2022-05-12,189.02999877929688,661100.0
2022-05-13,199.05999755859375,518200.0
2022-05-16,196.91000366210938,329000.0
2022-05-17,200.02999877929688,339500.0
2022-05-18,190.02999877929688,307900.0
2022-05-19,194.74000549316406,477200.0
2022-05-20,198.72000122070312,344400.0
2022-05-23,202.85000610351562,505700.0
2022-05-24,217.8300018310547,2182700.0
2022-05-25,221.64999389648438,1215800.0
2022-05-26,229.05999755859375,915000.0
2022-05-27,235.2100067138672,715600.0
2022-05-31,213.47999572753906,1737000.0
2022-06-01,207.3800048828125,520300.0
2022-06-02,213.88999938964844,425800.0
2022-06-03,212.57000732421875,556600.0
2022-06-06,212.02000427246094,272500.0
2022-06-07,219.88999938964844,397300.0
2022-06-08,219.41000366210938,287400.0
2022-06-09,219.30999755859375,385000.0
2022-06-10,221.2100067138672,421600.0
2022-06-13,203.5,633500.0
2022-06-14,205.5500030517578,415400.0
2022-06-15,204.2899932861328,610300.0
2022-06-16,198.3300018310547,421900.0
2022-06-17,200.8000030517578,480400.0
2022-06-21,204.77000427246094,230200.0
2022-06-22,207.92999267578125,265300.0
2022-06-23,218.97000122070312,339100.0
2022-06-24,227.72999572753906,398900.0
2022-06-27,228.2100067138672,281700.0
2022-06-28,226.2100067138672,432400.0
2022-06-29,221.94000244140625,321600.0
2022-06-30,217.94000244140625,436900.0
2022-07-01,226.4600067138672,258600.0
2022-07-05,231.67999267578125,243400.0
2022-07-06,230.32000732421875,338000.0
2022-07-07,235.11000061035156,601700.0
2022-07-08,235.50999450683594,453400.0
2022-07-11,230.82000732421875,342800.0
2022-07-12,224.60000610351562,326200.0
2022-07-13,226.5500030517578,257400.0
2022-07-14,227.47000122070312,204900.0
2022-07-15,232.27999877929688,366200.0
2022-07-18,225.3699951171875,535600.0
2022-07-19,231.2100067138672,361900.0
2022-07-20,236.97999572753906,299700.0
2022-07-21,244.33999633789062,475600.0
2022-07-22,240.63999938964844,383700.0
2022-07-25,240.5800018310547,292600.0
2022-07-26,239.5,390800.0
2022-07-27,243.61000061035156,323300.0
2022-07-28,247.47000122070312,489600.0
2022-07-29,247.8000030517578,460000.0
2022-08-01,245.67999267578125,510700.0
2022-08-02,257.05999755859375,981000.0
2022-08-03,260.8500061035156,310000.0
2022-08-04,256.010009765625,684500.0
2022-08-05,267.04998779296875,833900.0
2022-08-08,263.05999755859375,357500.0
2022-08-09,258.67999267578125,347400.0
2022-08-10,262.489990234375,269000.0
2022-08-11,264.0799865722656,385300.0
2022-08-12,270.70001220703125,276200.0
2022-08-15,270.6400146484375,285600.0
2022-08-16,268.6099853515625,329600.0
2022-08-17,266.6000061035156,224000.0
2022-08-18,271.32000732421875,311500.0
2022-08-19,267.4200134277344,255600.0
2022-08-22,261.8900146484375,201100.0
2022-08-23,259.8800048828125,218600.0
2022-08-24,273.70001220703125,488400.0
2022-08-25,282.8599853515625,393400.0
2022-08-26,267.1700134277344,613400.0
2022-08-29,263.7799987792969,347900.0
2022-08-30,258.2200012207031,431300.0
2022-08-31,255.47000122070312,380000.0
2022-09-01,259.5299987792969,420500.0
2022-09-02,254.35000610351562,266800.0
2022-09-06,249.7899932861328,446600.0
2022-09-07,262.8399963378906,557800.0
2022-09-08,269.6300048828125,386300.0
2022-09-09,268.9100036621094,422500.0
2022-09-12,268.0,517100.0
2022-09-13,252.72000122070312,583600.0
2022-09-14,263.6000061035156,424000.0
2022-09-15,259.1400146484375,274000.0
2022-09-16,255.0,774200.0
2022-09-19,254.63999938964844,285300.0
2022-09-20,255.0399932861328,225000.0
2022-09-21,250.38999938964844,397700.0
2022-09-22,241.25,437400.0
2022-09-23,234.19000244140625,458600.0
2022-09-26,231.58999633789062,259600.0
2022-09-27,230.58999633789062,342200.0
2022-09-28,236.13999938964844,395400.0
2022-09-29,231.17999267578125,228300.0
2022-09-30,229.39999389648438,294400.0
2022-10-03,232.97000122070312,287900.0
2022-10-04,244.27000427246094,308900.0
2022-10-05,245.07000732421875,355800.0
2022-10-06,245.50999450683594,256700.0
2022-10-07,237.2899932861328,355500.0
2022-10-10,231.92999267578125,150500.0
2022-10-11,232.77999877929688,330400.0
2022-10-12,232.5500030517578,241800.0
2022-10-13,234.25999450683594,390000.0
2022-10-14,221.1199951171875,457300.0
2022-10-17,224.16000366210938,494900.0
2022-10-18,227.47000122070312,381700.0
2022-10-19,215.82000732421875,383600.0
2022-10-20,212.22000122070312,342400.0
2022-10-21,227.0,651200.0
2022-10-24,230.6199951171875,280700.0
2022-10-25,238.02999877929688,338100.0
2022-10-26,243.60000610351562,538500.0
2022-10-27,243.30999755859375,315200.0
2022-10-28,255.5500030517578,538500.0
2022-10-31,258.80999755859375,741000.0
2022-11-01,266.07000732421875,532500.0
2022-11-02,261.70001220703125,873100.0
2022-11-03,255.35000610351562,738200.0
2022-11-04,313.0,2302900.0
2022-11-07,303.3900146484375,1280600.0
2022-11-08,304.29998779296875,1035200.0
2022-11-09,294.92999267578125,641800.0
2022-11-10,304.9599914550781,574200.0
2022-11-11,293.6700134277344,611300.0
2022-11-14,290.0799865722656,456800.0
2022-11-15,305.6700134277344,545300.0
2022-11-16,299.239990234375,443200.0
2022-11-17,297.45001220703125,320100.0
2022-11-18,295.5299987792969,435200.0
2022-11-21,290.6000061035156,370500.0
2022-11-22,289.7300109863281,409300.0
2022-11-23,292.6300048828125,329500.0
2022-11-25,293.70001220703125,106000.0
2022-11-28,292.30999755859375,237900.0
2022-11-29,288.55999755859375,219500.0
2022-11-30,299.3699951171875,821300.0
2022-12-01,308.0,437200.0
2022-12-02,308.05999755859375,204500.0
2022-12-05,302.42999267578125,249300.0
2022-12-06,299.9599914550781,397800.0
2022-12-07,304.8900146484375,299200.0
2022-12-08,303.3399963378906,622900.0
2022-12-09,302.32000732421875,231600.0
2022-12-12,300.8399963378906,299900.0
2022-12-13,313.0,604500.0
2022-12-14,311.8500061035156,410400.0
2022-12-15,299.1300048828125,441800.0
2022-12-16,298.989990234375,378900.0
2022-12-19,294.2900085449219,389300.0
2022-12-20,298.5400085449219,244500.0
2022-12-21,301.4700012207031,255900.0
2022-12-22,297.82000732421875,136400.0
2022-12-23,292.0899963378906,170400.0
2022-12-27,292.04998779296875,119600.0
2022-12-28,290.0400085449219,115200.0
2022-12-29,295.0400085449219,146100.0
2022-12-30,294.3900146484375,236600.0
2023-01-03,286.3800048828125,329000.0
2023-01-04,279.7200012207031,656200.0
2023-01-05,286.1600036621094,523300.0
2023-01-06,292.30999755859375,398700.0
2023-01-09,296.2699890136719,476600.0
2023-01-10,299.05999755859375,355800.0
2023-01-11,303.94000244140625,429000.0
2023-01-12,306.2799987792969,317900.0
2023-01-13,305.8900146484375,262000.0
2023-01-17,298.9200134277344,548400.0
2023-01-18,289.1600036621094,534200.0
2023-01-19,292.3800048828125,489300.0
2023-01-20,294.30999755859375,223200.0
2023-01-23,294.82000732421875,228200.0
2023-01-24,291.67999267578125,251700.0
2023-01-25,289.70001220703125,301900.0
2023-01-26,286.1300048828125,329100.0
2023-01-27,285.5,334800.0
2023-01-30,286.20001220703125,407900.0
2023-01-31,287.32000732421875,239900.0
2023-02-01,290.5299987792969,339500.0
2023-02-02,292.95001220703125,412800.0
2023-02-03,295.19000244140625,338100.0
2023-02-06,292.1700134277344,375700.0
2023-02-07,289.3599853515625,165800.0
2023-02-08,288.07000732421875,252800.0
2023-02-09,286.5400085449219,374800.0
2023-02-10,294.8299865722656,326300.0
2023-02-13,298.6099853515625,394000.0
2023-02-14,293.20001220703125,440300.0
2023-02-15,297.739990234375,264500.0
2023-02-16,298.9100036621094,608400.0
2023-02-17,296.0,307800.0
2023-02-21,292.17999267578125,363600.0
2023-02-22,287.7699890136719,739400.0
2023-02-23,297.5799865722656,717900.0
2023-02-24,294.3500061035156,1178900.0
2023-02-27,281.94000244140625,760100.0
2023-02-28,276.3599853515625,831200.0
2023-03-01,282.4800109863281,450100.0
2023-03-02,282.95001220703125,472000.0
2023-03-03,287.1700134277344,574400.0
2023-03-06,290.57000732421875,530900.0
2023-03-07,286.5199890136719,373500.0
2023-03-08,286.1700134277344,256200.0
2023-03-09,283.1199951171875,373500.0
2023-03-10,280.3599853515625,760600.0
2023-03-13,303.44000244140625,4429000.0
2023-03-14,312.7699890136719,16412200.0
2023-03-15,307.8900146484375,1605600.0
2023-03-16,312.3599853515625,899700.0
2023-03-17,309.0899963378906,1321900.0
2023-03-20,318.29998779296875,922000.0
2023-03-21,326.0299987792969,814400.0
2023-03-22,315.1600036621094,839000.0
2023-03-23,311.489990234375,724400.0
2023-03-24,310.1700134277344,444200.0
2023-03-27,314.92999267578125,777400.0
2023-03-28,311.2900085449219,280600.0
2023-03-29,312.8999938964844,373400.0
2023-03-30,316.8800048828125,398500.0
2023-03-31,318.9599914550781,895400.0
2023-04-03,318.8399963378906,526400.0
2023-04-04,319.9100036621094,553900.0
2023-04-05,315.8900146484375,456300.0
2023-04-06,317.7200012207031,391000.0
2023-04-10,314.9200134277344,442300.0
2023-04-11,314.0,657700.0
2023-04-12,316.2900085449219,533600.0
2023-04-13,317.1300048828125,408000.0
2023-04-14,318.82000732421875,527100.0
2023-04-17,321.2699890136719,546200.0
2023-04-18,321.29998779296875,336800.0
2023-04-19,326.1400146484375,351500.0
2023-04-20,321.1400146484375,387600.0
2023-04-21,319.29998779296875,561300.0
2023-04-24,318.7699890136719,498200.0
2023-04-25,321.3299865722656,426300.0
2023-04-26,316.6700134277344,432600.0
2023-04-27,316.2300109863281,530400.0
2023-04-28,318.0400085449219,332400.0
2023-05-01,318.8699951171875,405900.0
2023-05-02,314.8399963378906,457800.0
2023-05-03,320.989990234375,500900.0
2023-05-04,322.2300109863281,720800.0
2023-05-05,328.760009765625,976000.0
2023-05-08,318.9800109863281,770100.0
2023-05-09,319.7200012207031,578600.0
2023-05-10,322.8500061035156,625300.0
2023-05-11,321.2699890136719,616700.0
2023-05-12,330.2300109863281,469200.0
2023-05-15,320.7900085449219,503600.0
2023-05-16,319.8699951171875,451600.0
2023-05-17,313.1600036621094,341600.0
2023-05-18,302.8699951171875,984500.0
2023-05-19,301.0299987792969,490800.0
2023-05-22,306.54998779296875,611300.0
2023-05-23,296.42999267578125,461300.0
2023-05-24,293.75,383600.0
2023-05-25,277.04998779296875,1925500.0
2023-05-26,272.6300048828125,773400.0
2023-05-30,272.5799865722656,503500.0
2023-05-31,274.25,907100.0
2023-06-01,272.4800109863281,574500.0
2023-06-02,281.0299987792969,687000.0
2023-06-05,284.07000732421875,732800.0
2023-06-06,285.55999755859375,543700.0
2023-06-07,278.79998779296875,493900.0
2023-06-08,281.3399963378906,446000.0
2023-06-09,283.0899963378906,396600.0
2023-06-12,284.0899963378906,422400.0
2023-06-13,281.4800109863281,528100.0
2023-06-14,283.5899963378906,718500.0
2023-06-15,287.1300048828125,528900.0
2023-06-16,284.5,727800.0
2023-06-20,288.7099914550781,577100.0
2023-06-21,289.0799865722656,387900.0
2023-06-22,291.4100036621094,477300.0
2023-06-23,287.8500061035156,602100.0
2023-06-26,296.739990234375,839500.0
2023-06-27,293.8699951171875,669200.0
2023-06-28,294.5400085449219,356300.0
2023-06-29,290.9800109863281,576900.0
2023-06-30,288.3399963378906,1022500.0
2023-07-03,283.42999267578125,279400.0
2023-07-05,281.989990234375,802900.0
2023-07-06,277.67999267578125,656800.0
2023-07-07,278.6700134277344,535100.0
2023-07-10,285.5299987792969,562800.0
2023-07-11,282.5,452400.0
2023-07-12,285.489990234375,400700.0
2023-07-13,285.75,287500.0
2023-07-14,290.8900146484375,396100.0
2023-07-17,287.9599914550781,336700.0
2023-07-18,285.3900146484375,525500.0
2023-07-19,287.82000732421875,514900.0
2023-07-20,278.8299865722656,731900.0
2023-07-21,284.2799987792969,389300.0
2023-07-24,279.6000061035156,485200.0
2023-07-25,281.739990234375,365000.0
2023-07-26,280.8699951171875,305800.0
2023-07-27,277.57000732421875,342900.0
2023-07-28,280.5299987792969,284500.0
2023-07-31,276.75,325200.0
2023-08-01,270.94000244140625,536300.0
2023-08-02,268.739990234375,408200.0
2023-08-03,265.2799987792969,576600.0
2023-08-04,263.1400146484375,626800.0
2023-08-07,260.8500061035156,521200.0
2023-08-08,238.33999633789062,2576900.0
2023-08-09,229.69000244140625,2758400.0
2023-08-10,233.66000366210938,1771700.0
2023-08-11,225.27999877929688,1611800.0
2023-08-14,223.88999938964844,845500.0
2023-08-15,219.0800018310547,1036700.0
2023-08-16,210.60000610351562,1244200.0
2023-08-17,208.2899932861328,1450100.0
2023-08-18,205.11000061035156,821500.0
2023-08-21,196.52000427246094,1681700.0
2023-08-22,197.74000549316406,1779100.0
2023-08-23,188.52000427246094,1373100.0
2023-08-24,187.83999633789062,1385400.0
2023-08-25,183.0,1987700.0
2023-08-28,181.2100067138672,1024000.0
2023-08-29,189.47999572753906,2022100.0
2023-08-30,201.6199951171875,3015100.0
2023-08-31,191.7100067138672,1322100.0
2023-09-01,192.17999267578125,732200.0
2023-09-05,186.97000122070312,866400.0
2023-09-06,193.39999389648438,1283900.0
2023-09-07,178.52999877929688,3238300.0
2023-09-08,171.9199981689453,1974900.0
2023-09-11,175.25999450683594,995500.0
2023-09-12,175.4600067138672,1198900.0
2023-09-13,176.97999572753906,1012400.0
2023-09-14,174.6999969482422,1101200.0
2023-09-15,169.67999267578125,2420200.0
2023-09-18,170.97999572753906,1043600.0
2023-09-19,167.3800048828125,1490100.0
2023-09-20,164.74000549316406,741600.0
2023-09-21,159.92999267578125,1214600.0
2023-09-22,155.6999969482422,1081100.0
2023-09-25,154.6699981689453,757800.0
2023-09-26,159.2899932861328,1194200.0
2023-09-27,161.6999969482422,1414400.0
2023-09-28,163.86000061035156,1113500.0
2023-09-29,159.49000549316406,938900.0
2023-10-02,165.0399932861328,1422000.0
2023-10-03,156.8000030517578,1086200.0
2023-10-04,152.07000732421875,1377200.0
2023-10-05,146.0800018310547,1863900.0
2023-10-06,145.50999450683594,2682300.0
2023-10-09,144.6199951171875,827900.0
2023-10-10,146.1300048828125,1431400.0
2023-10-11,133.4499969482422,1703800.0
2023-10-12,127.7699966430664,2402500.0
2023-10-13,132.3800048828125,2014600.0
2023-10-16,135.91000366210938,1573200.0
2023-10-17,141.3800048828125,1337500.0
2023-10-18,144.8699951171875,1615800.0
2023-10-19,145.24000549316406,1717600.0
2023-10-20,144.72999572753906,1521400.0
2023-10-23,147.0,941400.0
2023-10-24,141.0,1126000.0
2023-10-25,139.63999938964844,1047400.0
2023-10-26,135.13999938964844,1141100.0
2023-10-27,133.42999267578125,1591500.0
2023-10-30,130.75999450683594,1095900.0
2023-10-31,132.57000732421875,867700.0
2023-11-01,137.72000122070312,1342400.0
2023-11-02,140.44000244140625,1498000.0
2023-11-03,162.5800018310547,2593200.0
2023-11-06,158.9199981689453,1446500.0
2023-11-07,161.8699951171875,986100.0
2023-11-08,154.97000122070312,1174200.0
2023-11-09,152.8800048828125,752900.0
2023-11-10,155.10000610351562,1188100.0
2023-11-13,163.7100067138672,2705100.0
2023-11-14,172.9499969482422,2224300.0
2023-11-15,173.49000549316406,2240100.0
2023-11-16,174.75999450683594,1859900.0
2023-11-17,174.05999755859375,1997800.0
2023-11-20,181.25999450683594,2448600.0
2023-11-21,181.32000732421875,1174700.0
2023-11-22,186.30999755859375,886400.0
2023-11-24,187.9499969482422,475600.0
2023-11-27,187.74000549316406,964800.0
2023-11-28,185.72000122070312,927100.0
2023-11-29,188.9199981689453,878100.0
2023-11-30,189.08999633789062,1293600.0
2023-12-01,192.19000244140625,928300.0
2023-12-04,193.99000549316406,876300.0
2023-12-05,191.13999938964844,720600.0
2023-12-06,189.3000030517578,704800.0
2023-12-07,194.5399932861328,860100.0
2023-12-08,194.66000366210938,887000.0
2023-12-11,195.17999267578125,831700.0
2023-12-12,197.2899932861328,924300.0
2023-12-13,204.8300018310547,828800.0
2023-12-14,206.80999755859375,1580500.0
2023-12-15,206.97000122070312,1407100.0
2023-12-18,209.6300048828125,734200.0
2023-12-19,214.61000061035156,991300.0
2023-12-20,207.97000122070312,770400.0
2023-12-21,218.97000122070312,661400.0
2023-12-22,216.17999267578125,550700.0
2023-12-26,220.7100067138672,543800.0
2023-12-27,221.4199981689453,740200.0
2023-12-28,219.42999267578125,511400.0
2023-12-29,216.97999572753906,524200.0
2024-01-02,209.11000061035156,919300.0
2024-01-03,194.66000366210938,1264700.0
2024-01-04,199.80999755859375,963400.0
2024-01-05,197.8699951171875,846500.0
2024-01-08,202.42999267578125,1016900.0
2024-01-09,204.67999267578125,1374100.0
2024-01-10,205.07000732421875,1031700.0
2024-01-11,207.5500030517578,838800.0
2024-01-12,200.5,1168700.0
2024-01-16,199.60000610351562,809000.0
2024-01-17,200.89999389648438,571300.0
2024-01-18,203.91000366210938,651400.0
2024-01-19,204.4600067138672,553000.0
2024-01-22,206.02999877929688,738000.0
2024-01-23,204.2899932861328,523100.0
2024-01-24,201.19000244140625,510700.0
2024-01-25,198.6699981689453,721800.0
2024-01-26,195.4600067138672,826200.0
2024-01-29,199.36000061035156,798900.0
2024-01-30,192.1199951171875,756700.0
2024-01-31,190.8699951171875,1760700.0
2024-02-01,195.39999389648438,513000.0
2024-02-02,194.02000427246094,523200.0
2024-02-05,193.5399932861328,652900.0
2024-02-06,199.6300048828125,787000.0
2024-02-07,198.75,571300.0
2024-02-08,196.63999938964844,424500.0
2024-02-09,192.5500030517578,859400.0
2024-02-12,192.11000061035156,839300.0
2024-02-13,190.0,625000.0
2024-02-14,188.7899932861328,960300.0
2024-02-15,190.52999877929688,629400.0
2024-02-16,191.00999450683594,476000.0
2024-02-20,192.2100067138672,782000.0
2024-02-21,192.49000549316406,930400.0
2024-02-22,197.13999938964844,1232400.0
2024-02-23,184.2100067138672,1928000.0
2024-02-26,168.8300018310547,2387900.0
2024-02-27,166.6199951171875,2206100.0
2024-02-28,163.60000610351562,1261600.0
2024-02-29,164.0,1263700.0
2024-03-01,169.25,1499500.0
2024-03-04,167.82000732421875,924300.0
2024-03-05,163.92999267578125,942200.0
2024-03-06,165.6999969482422,761700.0
2024-03-07,175.49000549316406,1256200.0
2024-03-08,179.58999633789062,758600.0
2024-03-11,181.13999938964844,719600.0
2024-03-12,181.8300018310547,713600.0
2024-03-13,175.5399932861328,549100.0
2024-03-14,167.6999969482422,1056100.0
2024-03-15,165.86000061035156,828000.0
2024-03-18,171.67999267578125,840300.0
2024-03-19,170.61000061035156,1207000.0
2024-03-20,167.1999969482422,991400.0
2024-03-21,166.63999938964844,432900.0
2024-03-22,164.30999755859375,623100.0
2024-03-25,164.75,828400.0
2024-03-26,165.52000427246094,595800.0
2024-03-27,169.17999267578125,996100.0
2024-03-28,171.39999389648438,786600.0
2024-04-01,168.10000610351562,757200.0
2024-04-02,164.0500030517578,735500.0
2024-04-03,164.86000061035156,432400.0
2024-04-04,163.25,451200.0
2024-04-05,165.0,573100.0
2024-04-08,170.0399932861328,1094000.0
2024-04-09,178.00999450683594,939700.0
2024-04-10,177.41000366210938,695200.0
2024-04-11,179.64999389648438,696800.0
2024-04-12,175.22000122070312,680500.0
2024-04-15,173.94000244140625,818300.0
2024-04-16,172.7100067138672,656000.0
2024-04-17,166.25999450683594,688800.0
2024-04-18,164.72999572753906,589100.0
2024-04-19,166.25,844700.0
2024-04-22,164.4199981689453,677700.0
2024-04-23,167.27000427246094,549700.0
2024-04-24,167.25,664200.0
2024-04-25,164.1699981689453,864300.0
2024-04-26,166.19000244140625,636200.0
2024-04-29,170.25999450683594,602100.0
2024-04-30,171.94000244140625,758600.0
2024-05-01,170.27000427246094,582300.0
2024-05-02,173.4199981689453,630500.0
2024-05-03,174.42999267578125,614600.0
2024-05-06,176.39999389648438,550200.0
2024-05-07,184.27999877929688,1062400.0
2024-05-08,175.57000732421875,1071800.0
2024-05-09,177.52999877929688,1833600.0
2024-05-10,165.89999389648438,3176400.0
2024-05-13,161.02000427246094,1750500.0
2024-05-14,172.27000427246094,2319700.0
2024-05-15,180.55999755859375,987700.0
2024-05-16,185.3800048828125,1079800.0
2024-05-17,187.27000427246094,723400.0
2024-05-20,184.13999938964844,585600.0
2024-05-21,182.7899932861328,739600.0
2024-05-22,181.0800018310547,675300.0
2024-05-23,170.7899932861328,787300.0
2024-05-24,180.07000732421875,680300.0
2024-05-28,177.82000732421875,421500.0
2024-05-29,172.25,618400.0
2024-05-30,175.9499969482422,945600.0
2024-05-31,177.19000244140625,1487200.0
2024-06-03,181.4199981689453,676600.0
2024-06-04,181.80999755859375,563700.0
2024-06-05,187.67999267578125,772200.0
2024-06-06,192.4199981689453,989100.0
2024-06-07,191.4199981689453,533100.0
2024-06-10,192.0399932861328,541300.0
2024-06-11,192.16000366210938,598700.0
2024-06-12,200.6699981689453,1066400.0
2024-06-13,201.83999633789062,926600.0
2024-06-14,200.4499969482422,483100.0
2024-06-17,198.39999389648438,690200.0
2024-06-18,196.39999389648438,408000.0
2024-06-20,199.30999755859375,595700.0
2024-06-21,204.10000610351562,1052400.0
2024-06-24,203.94000244140625,1309200.0
2024-06-25,205.75,921600.0
2024-06-26,206.80999755859375,843200.0
2024-06-27,206.97999572753906,585300.0
2024-06-28,201.8000030517578,923900.0
2024-07-01,196.16000366210938,696600.0
2024-07-02,197.19000244140625,519900.0
2024-07-03,196.72000122070312,266700.0
2024-07-05,196.89999389648438,295800.0
2024-07-08,198.6699981689453,466100.0
2024-07-09,195.1699981689453,585900.0
2024-07-10,197.6699981689453,449800.0
2024-07-11,203.6199951171875,485900.0
2024-07-12,201.97999572753906,618600.0
2024-07-15,198.8699951171875,531900.0
2024-07-16,201.38999938964844,828300.0
2024-07-17,197.64999389648438,656700.0
2024-07-18,194.9600067138672,671200.0
2024-07-19,195.02999877929688,653900.0
2024-07-22,194.22999572753906,399100.0
2024-07-23,196.75999450683594,312600.0
2024-07-24,194.3800048828125,298800.0
2024-07-25,190.8800048828125,778900.0
2024-07-26,193.3000030517578,1848000.0
2024-07-29,191.8300018310547,770500.0
2024-07-30,193.7899932861328,503800.0
2024-07-31,194.35000610351562,750200.0
2024-08-01,197.25,548300.0
2024-08-02,196.4499969482422,843800.0
2024-08-05,190.5800018310547,778800.0
2024-08-06,196.35000610351562,727600.0
2024-08-07,190.38999938964844,963700.0
2024-08-08,199.7899932861328,924400.0
2024-08-09,182.19000244140625,2129800.0
2024-08-12,188.0500030517578,932900.0
2024-08-13,194.58999633789062,711100.0
2024-08-14,191.5399932861328,542400.0
2024-08-15,195.02999877929688,533600.0
2024-08-16,193.50999450683594,510300.0
2024-08-19,195.9199981689453,483400.0
2024-08-20,182.47000122070312,1268800.0
2024-08-21,185.8000030517578,663400.0
2024-08-22,185.66000366210938,569200.0
2024-08-23,185.0399932861328,502500.0
2024-08-26,180.69000244140625,416500.0
2024-08-27,192.5800018310547,1211500.0
2024-08-28,204.4199981689453,1271300.0
2024-08-29,205.14999389648438,702900.0
2024-08-30,202.77000427246094,606000.0
2024-09-03,206.69000244140625,718300.0
2024-09-04,212.50999450683594,1282300.0
2024-09-05,216.11000061035156,940800.0
2024-09-06,214.75,559600.0
2024-09-09,219.1300048828125,836000.0
2024-09-10,226.5,906100.0
2024-09-11,227.72999572753906,792400.0
2024-09-12,230.4499969482422,1092500.0
2024-09-13,233.8699951171875,694300.0
2024-09-16,233.88999938964844,550900.0
2024-09-17,235.5399932861328,819100.0
2024-09-18,236.11000061035156,522400.0
2024-09-19,237.67999267578125,624600.0
2024-09-20,236.5800018310547,1347400.0
2024-09-23,238.97000122070312,681100.0
2024-09-24,239.00999450683594,588300.0
2024-09-25,238.8000030517578,376500.0
2024-09-26,235.42999267578125,607100.0
2024-09-27,232.02999877929688,518700.0
2024-09-30,232.75,539000.0
2024-10-01,234.55999755859375,513400.0
2024-10-02,232.6300048828125,402200.0
2024-10-03,229.99000549316406,369400.0
2024-10-04,229.94000244140625,440200.0
2024-10-07,227.7899932861328,352400.0
2024-10-08,229.3300018310547,371200.0
2024-10-09,231.83999633789062,407100.0
2024-10-10,231.1999969482422,436500.0
2024-10-11,233.10000610351562,421500.0
2024-10-14,232.50999450683594,386900.0
2024-10-15,230.07000732421875,390700.0
2024-10-16,230.60000610351562,453000.0
2024-10-17,229.1300048828125,309500.0
2024-10-18,236.58999633789062,602300.0
2024-10-21,236.47999572753906,601200.0
2024-10-22,236.60000610351562,568500.0
2024-10-23,234.83999633789062,489700.0
2024-10-24,237.6300048828125,233900.0
2024-10-25,233.6300048828125,427900.0
2024-10-28,233.3699951171875,321700.0
2024-10-29,232.3699951171875,385400.0
2024-10-30,230.5800018310547,449200.0
2024-10-31,231.52999877929688,549200.0
2024-11-01,235.61000061035156,385300.0
2024-11-04,237.44000244140625,538200.0
2024-11-05,241.32000732421875,370600.0
2024-11-06,239.3000030517578,932500.0
2024-11-07,244.97999572753906,778400.0
2024-11-08,268.0,1582900.0
2024-11-11,275.70001220703125,815400.0
2024-11-12,275.1000061035156,683000.0
2024-11-13,269.05999755859375,407800.0
2024-11-14,261.1600036621094,742900.0
2024-11-15,260.1199951171875,916800.0
2024-11-18,260.67999267578125,679100.0
2024-11-19,261.989990234375,437600.0
2024-11-20,266.5799865722656,516800.0
2024-11-21,262.0,738900.0
2024-11-22,262.92999267578125,458000.0
2024-11-25,266.5799865722656,589000.0
2024-11-26,266.4200134277344,522200.0
2024-11-27,266.9200134277344,414400.0
2024-11-29,266.7799987792969,250900.0
2024-12-02,266.489990234375,610000.0
2024-12-03,269.6600036621094,662800.0
2024-12-04,269.2099914550781,508700.0
2024-12-05,267.5799865722656,518300.0
2024-12-06,265.4599914550781,443100.0
2024-12-09,265.1199951171875,437200.0
2024-12-10,274.7900085449219,781500.0
2024-12-11,273.4700012207031,663900.0
2024-12-12,271.7300109863281,610800.0
2024-12-13,269.3399963378906,571600.0
2024-12-16,265.5,551300.0
2024-12-17,263.3500061035156,581700.0
2024-12-18,256.44000244140625,873300.0
2024-12-19,256.55999755859375,677000.0
2024-12-20,266.57000732421875,1466000.0
2024-12-23,263.3299865722656,493700.0
2024-12-24,263.2300109863281,140100.0
2024-12-26,265.67999267578125,244000.0
2024-12-27,265.1199951171875,312900.0
2024-12-30,263.3599853515625,338900.0
2024-12-31,261.07000732421875,327300.0
2025-01-02,256.8500061035156,520900.0
2025-01-03,266.29998779296875,465500.0
2025-01-06,268.4100036621094,538700.0
2025-01-07,265.6499938964844,511000.0
2025-01-08,270.3599853515625,363200.0
2025-01-10,271.8299865722656,557600.0
2025-01-13,267.989990234375,453400.0
2025-01-14,267.0400085449219,472900.0
2025-01-15,264.3800048828125,654100.0
2025-01-16,272.8599853515625,694300.0
2025-01-17,275.80999755859375,554100.0
2025-01-21,276.0799865722656,633800.0
2025-01-22,278.8900146484375,562200.0
2025-01-23,277.20001220703125,576100.0
2025-01-24,280.3500061035156,561500.0
2025-01-27,275.8999938964844,489400.0
2025-01-28,275.9700012207031,764100.0
2025-01-29,277.1099853515625,778400.0
2025-01-30,280.0299987792969,434800.0
2025-01-31,278.3800048828125,514500.0
2025-02-03,278.8999938964844,389600.0
2025-02-04,278.4800109863281,344600.0
2025-02-05,284.70001220703125,509900.0
2025-02-06,287.6700134277344,501100.0
2025-02-07,283.0799865722656,399700.0
2025-02-10,285.3399963378906,411700.0
2025-02-11,284.260009765625,417000.0
2025-02-12,279.54998779296875,671200.0
2025-02-13,282.1199951171875,635900.0
2025-02-14,280.55999755859375,474700.0
2025-02-18,280.7099914550781,662400.0
2025-02-19,283.67999267578125,742100.0
2025-02-20,288.2900085449219,851500.0
2025-02-21,282.79998779296875,1410500.0
2025-02-24,283.4800109863281,865000.0
2025-02-25,266.67999267578125,1844900.0
2025-02-26,270.6400146484375,733300.0
2025-02-27,267.0899963378906,921200.0
2025-02-28,272.2699890136719,988700.0
2025-03-03,272.6400146484375,873100.0
2025-03-04,269.70001220703125,869700.0
2025-03-05,270.80999755859375,483200.0
2025-03-06,259.6700134277344,835300.0
2025-03-07,251.80999755859375,1238200.0
2025-03-10,237.05999755859375,1596600.0
2025-03-11,245.35000610351562,1085500.0
2025-03-12,248.3800048828125,1237600.0
2025-03-13,244.6699981689453,840600.0
2025-03-14,255.44000244140625,913500.0
2025-03-17,261.6300048828125,780300.0
2025-03-18,260.4700012207031,738500.0
2025-03-19,265.82000732421875,588400.0
2025-03-20,265.3900146484375,811700.0
2025-03-21,268.32000732421875,1299500.0
2025-03-24,274.0400085449219,697000.0
2025-03-25,272.7099914550781,958600.0
2025-03-26,264.8800048828125,948800.0
2025-03-27,260.2699890136719,636800.0
2025-03-28,258.75,536800.0
2025-03-31,262.6099853515625,744800.0
2025-04-01,263.17999267578125,564500.0
2025-04-02,269.1300048828125,899800.0
2025-04-03,256.79998779296875,1099500.0
2025-04-04,245.25999450683594,1337200.0
2025-04-07,256.2300109863281,1313100.0
2025-04-08,247.0399932861328,1050900.0
2025-04-09,264.7200012207031,1527600.0
2025-04-10,251.47000122070312,921300.0
2025-04-11,253.99000549316406,596700.0
2025-04-14,255.47000122070312,538700.0
2025-04-15,256.42999267578125,542500.0
2025-04-16,250.72999572753906,731300.0
2025-04-17,246.8000030517578,623500.0
2025-04-21,238.57000732421875,518000.0
2025-04-22,244.02000427246094,550500.0
2025-04-23,246.49000549316406,483700.0
2025-04-24,259.3800048828125,520800.0
2025-04-25,260.7099914550781,465400.0
2025-04-28,259.5199890136719,766000.0
2025-04-29,251.27000427246094,1152300.0
2025-04-30,252.2899932861328,721000.0
2025-05-01,250.25,596700.0
2025-05-02,257.010009765625,838700.0
2025-05-05,258.7900085449219,736900.0
2025-05-06,258.8699951171875,875600.0
2025-05-07,264.30999755859375,454900.0
2025-05-08,257.0,1284500.0
2025-05-09,310.6700134277344,3216200.0
2025-05-12,316.6700134277344,1404400.0
2025-05-13,314.4599914550781,1469300.0
2025-05-14,321.4100036621094,966700.0
2025-05-15,322.0199890136719,661100.0
2025-05-16,324.75,836400.0
2025-05-19,325.8399963378906,634500.0
2025-05-20,327.4700012207031,998400.0
2025-05-21,324.5,653400.0
2025-05-22,321.0,991400.0
2025-05-23,321.3599853515625,693200.0
2025-05-27,326.6400146484375,697100.0
2025-05-28,323.54998779296875,919800.0
2025-05-29,323.8500061035156,427900.0
2025-05-30,325.0299987792969,960700.0
2025-06-02,325.0,712000.0
2025-06-03,323.239990234375,859500.0
2025-06-04,319.2099914550781,790000.0
2025-06-05,317.1600036621094,902300.0
2025-06-06,311.7699890136719,682600.0
2025-06-09,305.6600036621094,913000.0
2025-06-10,298.7300109863281,1095700.0
2025-06-11,302.239990234375,876500.0
2025-06-12,303.6199951171875,866100.0
2025-06-13,304.6300048828125,670600.0
2025-06-16,306.5899963378906,867300.0
2025-06-17,304.3900146484375,591800.0
2025-06-18,301.7900085449219,756500.0
2025-06-20,303.1499938964844,1539100.0
2025-06-23,307.6700134277344,1171100.0
2025-06-24,310.8999938964844,908000.0
2025-06-25,306.2300109863281,639400.0
2025-06-26,309.8299865722656,628500.0
2025-06-27,313.0799865722656,760300.0
2025-06-30,314.17999267578125,682800.0
2025-07-01,299.989990234375,1404400.0
2025-07-02,301.6199951171875,884000.0
2025-07-03,301.04998779296875,527300.0
2025-07-07,300.70001220703125,585400.0
2025-07-08,296.510009765625,714500.0
2025-07-09,297.4599914550781,456900.0
2025-07-10,297.3999938964844,476000.0
2025-07-11,289.32000732421875,507500.0
2025-07-14,292.010009765625,605800.0
2025-07-15,289.989990234375,511000.0
2025-07-16,288.2699890136719,386900.0
2025-07-17,283.45001220703125,582200.0
2025-07-18,284.2300109863281,349100.0
2025-07-21,280.9599914550781,376500.0
2025-07-22,285.57000732421875,511200.0
2025-07-23,286.6700134277344,583600.0
2025-07-24,286.5799865722656,672100.0
2025-07-25,290.2200012207031,528100.0
2025-07-28,292.2699890136719,397800.0
2025-07-29,291.489990234375,373300.0
2025-07-30,298.2699890136719,540800.0
2025-07-31,288.3999938964844,640200.0
2025-08-01,284.9100036621094,567400.0
2025-08-04,287.7699890136719,614600.0
2025-08-05,281.0,833100.0
2025-08-06,277.29998779296875,1016700.0
2025-08-07,303.54998779296875,1787800.0
2025-08-08,307.1000061035156,1099700.0
2025-08-11,304.8399963378906,725900.0
2025-08-12,309.6300048828125,723100.0
2025-08-13,308.67999267578125,804300.0
2025-08-14,315.7799987792969,763900.0
2025-08-15,321.2699890136719,617200.0
2025-08-18,323.07000732421875,457900.0
2025-08-19,327.4800109863281,534100.0
2025-08-20,333.0,618600.0
2025-08-21,327.8500061035156,458600.0
2025-08-22,330.7699890136719,499600.0
2025-08-25,329.0,517300.0
2025-08-26,331.8299865722656,493000.0
2025-08-27,334.3500061035156,517000.0
2025-08-28,337.6000061035156,458000.0
2025-08-29,339.8800048828125,515200.0
2025-09-02,344.9200134277344,788600.0
2025-09-03,343.5299987792969,595500.0
2025-09-04,346.4700012207031,499600.0
2025-09-05,348.42999267578125,498500.0
2025-09-08,349.55999755859375,526500.0
2025-09-09,352.82000732421875,656700.0
2025-09-10,337.6099853515625,800800.0
2025-09-11,337.94000244140625,563700.0
2025-09-12,341.7799987792969,472900.0
2025-09-15,340.2900085449219,335500.0
2025-09-16,332.1300048828125,812100.0
2025-09-17,322.2200012207031,1109000.0
2025-09-18,333.510009765625,684800.0
2025-09-19,330.8399963378906,1028500.0
2025-09-22,335.1199951171875,431500.0
2025-09-23,327.79998779296875,435700.0
2025-09-24,326.9700012207031,576200.0
2025-09-25,323.5799865722656,745500.0
2025-09-26,318.0,577400.0
2025-09-29,310.6199951171875,676500.0
2025-09-30,308.7300109863281,985800.0
2025-10-01,305.9800109863281,1140500.0
2025-10-02,312.2099914550781,545800.0
2025-10-03,309.1199951171875,651600.0
2025-10-06,311.69000244140625,538500.0
2025-10-07,313.45001220703125,479900.0
2025-10-08,315.489990234375,465000.0
2025-10-09,320.3800048828125,567300.0
2025-10-10,314.5199890136719,543000.0
2025-10-13,314.55999755859375,462700.0
2025-10-14,318.29998779296875,360800.0
2025-10-15,312.45001220703125,399700.0
2025-10-16,316.2900085449219,466000.0
2025-10-17,318.5899963378906,376900.0
2025-10-20,326.8500061035156,376000.0
2025-10-21,328.9700012207031,441400.0
2025-10-22,329.2200012207031,557800.0
2025-10-23,323.4599914550781,411600.0
2025-10-24,320.9100036621094,297000.0
2025-10-27,325.79998779296875,378300.0
2025-10-28,324.3399963378906,328700.0
2025-10-29,316.1700134277344,571100.0
2025-10-30,311.95001220703125,403500.0
2025-10-31,313.010009765625,543800.0
2025-11-03,318.7699890136719,634300.0
2025-11-04,320.2699890136719,605500.0
2025-11-05,314.44000244140625,854100.0
2025-11-06,323.3999938964844,1498300.0
2025-11-07,319.82000732421875,677200.0
2025-11-10,320.3500061035156,545000.0
2025-11-11,326.2799987792969,476600.0
2025-11-12,336.8399963378906,606200.0
2025-11-13,332.6700134277344,550500.0
2025-11-14,332.70001220703125,405800.0
2025-11-17,328.0199890136719,512200.0
2025-11-18,333.4700012207031,654900.0
2025-11-19,346.3599853515625,977900.0
2025-11-20,312.8900146484375,1801400.0
2025-11-21,331.1700134277344,1443000.0
2025-11-24,337.5299987792969,1129400.0
2025-11-25,328.8500061035156,884600.0
2025-11-26,326.79998779296875,662100.0
2025-11-28,327.19000244140625,224700.0
2025-12-01,310.8299865722656,878700.0
2025-12-02,309.0,759500.0
2025-12-03,307.55999755859375,905100.0
2025-12-04,315.9200134277344,757000.0
2025-12-05,304.489990234375,518100.0
2025-12-08,296.19000244140625,644300.0
2025-12-09,294.20001220703125,798300.0
2025-12-10,295.19000244140625,918600.0
2025-12-11,294.1700134277344,629500.0
2025-12-12,295.70001220703125,576600.0
2025-12-15,291.510009765625,731500.0
2025-12-16,288.7300109863281,1029400.0
2025-12-17,289.57000732421875,697800.0
2025-12-18,292.8800048828125,750200.0
2025-12-19,289.6199951171875,1179100.0
2025-12-22,291.57000732421875,627800.0
2025-12-23,285.5,579900.0
2025-12-24,288.82000732421875,294300.0
2025-12-26,288.6300048828125,310500.0
2025-12-29,287.3599853515625,580600.0
2025-12-30,287.0299987792969,322500.0
2025-12-31,284.239990234375,287600.0
2026-01-02,282.9200134277344,456800.0
2026-01-05,283.510009765625,795100.0
2026-01-06,294.3500061035156,752600.0
2026-01-07,299.1700134277344,573200.0
2026-01-08,292.8900146484375,653500.0
2026-01-09,289.0400085449219,902000.0
2026-01-12,278.54998779296875,622800.0
2026-01-13,278.1700134277344,667400.0
2026-01-14,282.8900146484375,794200.0
2026-01-15,286.489990234375,733800.0
2026-01-16,287.70001220703125,664600.0
2026-01-20,284.25,588200.0
2026-01-21,284.9599914550781,946800.0
2026-01-22,280.0,1305800.0
2026-01-23,271.6000061035156,1662600.0
2026-01-26,271.30999755859375,923600.0
2026-01-27,264.9100036621094,1479300.0
2026-01-28,258.20001220703125,1315300.0
2026-01-29,255.10000610351562,1300500.0
2026-01-30,255.80999755859375,1187700.0
2026-02-02,256.6199951171875,1069500.0
2026-02-03,251.22000122070312,976800.0
2026-02-04,251.24000549316406,1050900.0
2026-02-05,243.14999389648438,1339700.0
2026-02-06,241.92999267578125,1096300.0
2026-02-09,245.57000732421875,686400.0
2026-02-10,252.41000366210938,1450000.0
2026-02-11,250.85000610351562,726100.0
2026-02-12,240.82000732421875,972800.0
2026-02-13,242.74000549316406,776000.0
2026-02-17,246.33999633789062,1229100.0
2026-02-18,258.07000732421875,2073700.0
2026-02-19,249.10000610351562,1416200.0
2026-02-20,241.88999938964844,1396200.0
2026-02-23,249.3800048828125,1597200.0
2026-02-24,245.25,1272500.0
2026-02-25,248.1199951171875,880000.0
2026-02-26,251.5,1078200.0
2026-02-27,246.61000061035156,983800.0
2026-03-02,245.4499969482422,1179900.0
2026-03-03,241.83999633789062,938500.0
2026-03-04,242.88999938964844,1001000.0
2026-03-05,240.94000244140625,935700.0
2026-03-06,237.00999450683594,1226700.0
2026-03-09,240.3800048828125,928200.0
2026-03-10,238.24000549316406,832200.0
2026-03-11,238.82000732421875,973900.0
2026-03-12,236.07000732421875,850700.0
2026-03-13,219.83999633789062,2117000.0
2026-03-16,224.66000366210938,1119500.0
2026-03-17,230.49000549316406,1029800.0
2026-03-18,230.27999877929688,743500.0
2026-03-19,228.6300048828125,740000.0
2026-03-20,227.10000610351562,1062800.0
2026-03-23,227.0800018310547,671300.0
2026-03-24,225.5,546900.0
2026-03-25,216.0,1137600.0
2026-03-26,218.11000061035156,1040300.0
2026-03-27,208.22000122070312,893000.0
2026-03-30,208.00999450683594,792700.0
2026-03-31,209.83999633789062,751600.0
2026-04-01,207.0399932861328,1169700.0
2026-04-02,204.30999755859375,886800.0
2026-04-06,203.5,1215200.0
2026-04-07,202.4600067138672,930600.0
2026-04-08,203.50999450683594,702800.0
2026-04-09,199.4199981689453,813800.0
2026-04-10,196.92999267578125,729800.0
2026-04-13,197.80999755859375,665600.0
2026-04-14,201.49000549316406,733400.0
2026-04-15,202.5,802900.0
2026-04-16,201.47000122070312,744800.0
2026-04-17,203.72999572753906,864800.0
2026-04-20,200.8699951171875,587000.0
2026-04-21,192.3300018310547,788900.0
2026-04-22,193.6199951171875,763800.0
2026-04-23,192.2100067138672,711800.0
2026-04-24,189.55999755859375,1116900.0
2026-04-27,188.30999755859375,654000.0
2026-04-28,182.8699951171875,1184800.0
2026-04-29,160.02000427246094,4046900.0
2026-04-30,172.13999938964844,2516500.0
2026-05-01,175.0399932861328,1281900.0
2026-05-04,171.38999938964844,1281100.0
2026-05-05,167.52999877929688,1473900.0
2026-05-06,151.27999877929688,4460800.0
2026-05-07,160.39999389648438,2827000.0
2026-05-08,154.16000366210938,1737800.0
2026-05-11,154.1699981689453,1536200.0
2026-05-12,158.35000610351562,1341200.0
2026-05-13,148.83999633789062,1990500.0
2026-05-14,148.67999267578125,1699000.0
2026-05-15,147.4600067138672,1441900.0
2026-05-18,152.49000549316406,1563700.0
2026-05-19,154.61000061035156,1390900.0
2026-05-20,156.58999633789062,1129100.0
2026-05-21,156.88999938964844,1031600.0
2026-05-22,154.8699951171875,949100.0
2026-05-26,153.8000030517578,1302600.0
2026-05-27,146.00999450683594,2507700.0
2026-05-28,142.64999389648438,2676900.0
2026-05-29,144.94000244140625,2077900.0
2026-06-01,148.1300048828125,1316200.0
2026-06-02,142.42999267578125,1121000.0
2026-06-03,143.3000030517578,1140800.0
2026-06-04,146.41000366210938,1410400.0
2026-06-05,153.22000122070312,2307300.0
2026-06-08,151.50999450683594,1569600.0
2026-06-09,159.61000061035156,1820000.0
2026-06-10,150.7100067138672,1477500.0
2026-06-11,149.19000244140625,1501800.0
2026-06-12,149.6999969482422,992600.0
2026-06-15,148.13999938964844,1041200.0
2026-06-16,147.69000244140625,942300.0
2026-06-17,143.52000427246094,1542200.0
2026-06-18,145.75999450683594,2864000.0
2026-06-22,138.97000122070312,1685200.0
2026-06-23,143.89999389648438,1854800.0
2026-06-24,148.8800048828125,1404000.0
2026-06-25,153.82000732421875,2008200.0
2026-06-26,158.25,2779100.0
2026-06-29,157.74000549316406,1561600.0
2026-06-30,152.25,1062900.0
2026-07-01,159.7899932861328,1556200.0
2026-07-02,164.47999572753906,1505900.0
2026-07-06,159.77000427246094,1370700.0
2026-07-07,161.5500030517578,935000.0
2026-07-08,157.4600067138672,977300.0
2026-07-09,158.2899932861328,1070000.0
2026-07-10,161.27999877929688,723300.0
2026-07-13,162.05999755859375,1616700.0
2026-07-14,159.1199951171875,1942200.0
2026-07-15,159.27999877929688,1332000.0
2026-07-16,164.42999267578125,1498500.0
2026-07-17,164.05999755859375,1396200.0
2026-07-20,167.3699951171875,1652800.0
2026-07-23,158.3800048828125,1141100.0
2026-07-24,163.25999450683594,1147600.0
2026-07-27,165.0,1115200.0
2026-07-28,167.47000122070312,1296100.0
2026-07-29,170.6199951171875,1126200.0
2026-07-30,165.67999267578125,1215100.0
2026-08-03,169.6999969482422,1408000.0
2026-08-04,166.82000732421875,1749000.0
2026-08-05,133.25999450683594,7177700.0
2026-08-06,139.3000030517578,3249400.0
2026-08-07,141.1699981689453,1591300.0
2026-08-10,142.85000610351562,1505100.0
2026-08-11,144.6999969482422,1249700.0
2026-08-12,145.05999755859375,1570800.0
