date,close,volume
2004-01-02,14.333383560180664,975581.0
2004-01-05,14.489768981933594,1033854.0
2004-01-06,14.466314315795898,788662.0
2004-01-07,14.450676918029785,1008792.0
2004-01-08,14.419387817382812,567916.0
2004-01-09,14.442849159240723,727426.0
2004-01-12,14.329472541809082,669400.0
2004-01-13,14.196531295776367,597917.0
2004-01-14,14.192620277404785,348157.0
2004-01-15,14.364651679992676,883109.0
2004-01-16,14.345105171203613,532977.0
2004-01-20,14.364651679992676,485815.0
2004-01-21,14.736089706420898,1096078.0
2004-01-22,14.759549140930176,785823.0
2004-01-23,15.541509628295898,6422266.0
2004-01-26,15.34601879119873,2136105.0
2004-01-27,15.240450859069824,1158796.0
2004-01-28,14.94331169128418,1153363.0
2004-01-29,14.622706413269043,1654241.0
2004-01-30,14.661805152893066,1226945.0
2004-02-02,14.524957656860352,773353.0
2004-02-03,14.407672882080078,1481026.0
2004-02-04,14.309916496276855,846442.0
2004-02-05,14.329472541809082,553965.0
2004-02-06,14.485858917236328,1040644.0
2004-02-09,14.419387817382812,563595.0
2004-02-10,14.48194694519043,787675.0
2004-02-11,14.583608627319336,1163857.0
2004-02-12,14.489768981933594,505322.0
2004-02-13,14.478039741516113,498408.0
2004-02-17,14.462398529052734,514334.0
2004-02-18,14.446759223937988,439024.0
2004-02-19,14.40376091003418,552237.0
2004-02-20,14.309916496276855,781255.0
2004-02-23,14.309916496276855,465197.0
2004-02-24,14.290373802185059,543347.0
2004-02-25,14.239541053771973,431369.0
2004-02-26,14.243451118469238,344206.0
2004-02-27,14.427210807800293,815947.0
2004-03-01,14.427210807800293,512729.0
2004-03-02,14.360750198364258,456679.0
2004-03-03,14.521051406860352,1077189.0
2004-03-04,14.536680221557617,360874.0
2004-03-05,14.779097557067871,489025.0
2004-03-08,14.790823936462402,643844.0
2004-03-09,14.779097557067871,859035.0
2004-03-10,14.536680221557617,611497.0
2004-03-11,14.204350471496582,657425.0
2004-03-12,14.427210807800293,524458.0
2004-03-15,14.329472541809082,757674.0
2004-03-16,14.39353084564209,683228.0
2004-03-17,14.373757362365723,592855.0
2004-03-18,14.472613334655762,574953.0
2004-03-19,14.298622131347656,518655.0
2004-03-22,14.191852569580078,488408.0
2004-03-23,14.136491775512695,446925.0
2004-03-24,14.053459167480469,560508.0
2004-03-25,14.266985893249512,416307.0
2004-03-26,14.211634635925293,324453.0
2004-03-29,14.440975189208984,461864.0
2004-03-30,14.464709281921387,453098.0
2004-03-31,14.440975189208984,550879.0
2004-04-01,14.583333015441895,893480.0
2004-04-02,14.45284652709961,734340.0
2004-04-05,14.18790054321289,735945.0
2004-04-06,14.334212303161621,477420.0
2004-04-07,14.207672119140625,335317.0
2004-04-08,14.18790054321289,398035.0
2004-04-12,14.057413101196289,323589.0
2004-04-13,13.839922904968262,805453.0
2004-04-14,13.66989517211914,690018.0
2004-04-15,13.527548789978027,1122004.0
2004-04-16,13.824118614196777,1218921.0
2004-04-19,13.646171569824219,595571.0
2004-04-20,13.563135147094727,623596.0
2004-04-21,13.922972679138184,1706341.0
2004-04-22,14.104864120483398,692487.0
2004-04-23,14.136491775512695,622856.0
2004-04-26,14.04160213470459,776193.0
2004-04-27,14.077190399169922,423344.0
2004-04-28,13.780610084533691,341984.0
2004-04-29,13.665937423706055,689524.0
2004-04-30,13.725257873535156,582237.0
2004-05-03,13.741071701049805,555323.0
2004-05-04,13.847831726074219,525693.0
2004-05-05,13.792475700378418,619152.0
2004-05-06,13.847831726074219,478161.0
2004-05-07,13.64222240447998,724463.0
2004-05-10,13.444499015808105,733352.0
2004-05-11,13.575000762939453,707426.0
2004-05-12,13.820155143737793,595941.0
2004-05-13,13.828071594238281,529273.0
2004-05-14,13.847831726074219,331860.0
2004-05-17,13.812254905700684,556928.0
2004-05-18,13.950645446777344,733723.0
2004-05-19,14.077190399169922,655696.0
2004-05-20,14.128596305847168,491494.0
2004-05-21,14.314437866210938,647424.0
2004-05-24,14.405387878417969,588410.0
2004-05-25,14.531920433044434,607300.0
2004-05-26,14.662413597106934,958173.0
2004-05-27,14.887807846069336,1209538.0
2004-05-28,15.034120559692383,3569846.0
2004-06-01,14.903626441955566,1189537.0
2004-06-02,14.978757858276367,1027558.0
2004-06-03,14.887807846069336,728537.0
2004-06-04,14.962942123413086,515939.0
2004-06-07,15.105294227600098,510631.0
2004-06-08,15.125066757202148,647054.0
2004-06-09,14.887807846069336,1173487.0
2004-06-10,15.01038932800293,389146.0
2004-06-14,14.788951873779297,461123.0
2004-06-15,14.842124938964844,543101.0
2004-06-16,14.77416706085205,405813.0
2004-06-17,14.59822940826416,509273.0
2004-06-18,14.582233428955078,685944.0
2004-06-21,14.566242218017578,542607.0
2004-06-22,14.850126266479492,1097312.0
2004-06-23,14.846129417419434,573101.0
2004-06-24,14.818140983581543,623473.0
2004-06-25,14.554247856140137,746069.0
2004-06-28,14.834139823913574,982495.0
2004-06-29,14.694191932678223,590262.0
2004-06-30,14.614224433898926,2180797.0
2004-07-01,14.917948722839355,1788600.0
2004-07-02,15.080851554870605,1190000.0
2004-07-06,15.154892921447754,1045200.0
2004-07-07,15.21413803100586,1224000.0
2004-07-08,15.061105728149414,1027700.0
2004-07-09,14.947569847106934,927200.0
2004-07-12,14.927821159362793,770900.0
2004-07-13,14.908072471618652,714200.0
2004-07-14,14.764915466308594,789600.0
2004-07-15,14.908072471618652,1376600.0
2004-07-16,14.819220542907715,1386100.0
2004-07-19,14.819220542907715,970800.0
2004-07-20,14.843900680541992,1538000.0
2004-07-21,14.690868377685547,892800.0
2004-07-22,14.606943130493164,1064400.0
2004-07-23,14.64645004272461,854800.0
2004-07-26,14.62669563293457,917100.0
2004-07-27,14.750107765197754,1100900.0
2004-07-28,14.715548515319824,1535100.0
2004-07-29,14.761982917785645,966300.0
2004-07-30,14.821884155273438,958300.0
2004-08-02,14.886794090270996,890200.0
2004-08-03,14.951688766479492,1154100.0
2004-08-04,15.046530723571777,1312200.0
2004-08-05,14.961669921875,890100.0
2004-08-06,14.976641654968262,1008500.0
2004-08-09,14.956672668457031,770400.0
2004-08-10,15.166346549987793,966600.0
2004-08-11,15.311120986938477,647200.0
2004-08-12,15.251214981079102,783500.0
2004-08-13,15.306132316589355,652400.0
2004-08-16,15.515806198120117,1034100.0
2004-08-17,15.535778045654297,1155500.0
2004-08-18,15.750436782836914,862400.0
2004-08-19,15.685537338256836,782700.0
2004-08-20,15.790376663208008,554400.0
2004-08-23,15.63561725616455,981400.0
2004-08-24,15.675557136535645,557300.0
2004-08-25,15.790376663208008,558900.0
2004-08-26,15.835307121276855,655600.0
2004-08-27,15.815340995788574,418100.0
2004-08-30,15.910191535949707,803900.0
2004-08-31,16.119863510131836,1177200.0
2004-09-01,16.27961540222168,1208500.0
2004-09-02,16.3594913482666,732700.0
2004-09-03,16.284608840942383,847800.0
2004-09-07,16.55419158935547,908100.0
2004-09-08,16.444358825683594,817200.0
2004-09-09,16.45932960510254,815700.0
2004-09-10,16.489280700683594,986600.0
2004-09-13,16.683975219726562,822800.0
2004-09-14,16.594127655029297,590500.0
2004-09-15,16.599117279052734,943700.0
2004-09-16,16.713930130004883,539400.0
2004-09-17,16.574148178100586,1224700.0
2004-09-20,16.579145431518555,777900.0
2004-09-21,16.52922821044922,656300.0
2004-09-22,16.489280700683594,846400.0
2004-09-23,16.344512939453125,736900.0
2004-09-24,16.319547653198242,557800.0
2004-09-27,16.264636993408203,1885100.0
2004-09-28,16.264636993408203,708400.0
2004-09-29,16.55419158935547,1317100.0
2004-09-30,16.504261016845703,1818700.0
2004-10-01,16.823762893676758,1510100.0
2004-10-04,16.783830642700195,849400.0
2004-10-05,16.773839950561523,671600.0
2004-10-06,16.733905792236328,663800.0
2004-10-07,16.673995971679688,642600.0
2004-10-08,16.654027938842773,941800.0
2004-10-11,16.863712310791016,379300.0
2004-10-12,16.878681182861328,787700.0
2004-10-13,16.743885040283203,1168000.0
2004-10-14,16.61408805847168,1229000.0
2004-10-15,17.083358764648438,1854500.0
2004-10-18,16.993501663208008,964200.0
2004-10-19,17.04840850830078,1108500.0
2004-10-20,17.123292922973633,1187000.0
2004-10-21,17.168228149414062,1024000.0
2004-10-22,16.988502502441406,1153900.0
2004-10-25,16.928598403930664,854000.0
2004-10-26,17.173221588134766,800800.0
2004-10-27,17.37790298461914,683600.0
2004-10-28,17.601184844970703,947200.0
2004-10-29,17.681842803955078,786600.0
2004-11-01,17.601184844970703,666000.0
2004-11-02,17.621353149414062,1073200.0
2004-11-03,17.701995849609375,938700.0
2004-11-04,17.994346618652344,1380900.0
2004-11-05,17.89353370666504,855600.0
2004-11-08,17.822975158691406,562600.0
2004-11-09,17.777610778808594,745700.0
2004-11-10,17.83305549621582,1394500.0
2004-11-11,17.883451461791992,930600.0
2004-11-12,17.863292694091797,865700.0
2004-11-15,18.00442886352539,1220800.0
2004-11-16,17.979225158691406,996900.0
2004-11-17,17.89858055114746,845300.0
2004-11-18,17.93385887145996,892800.0
2004-11-19,17.560874938964844,1213400.0
2004-11-22,17.671764373779297,618500.0
2004-11-23,17.525588989257812,931400.0
2004-11-24,17.671764373779297,487000.0
2004-11-26,17.681842803955078,178000.0
2004-11-29,17.666711807250977,511500.0
2004-11-30,17.636476516723633,722300.0
2004-12-01,18.03971290588379,659400.0
2004-12-02,17.93385887145996,484400.0
2004-12-03,17.888500213623047,574700.0
2004-12-06,17.868331909179688,655600.0
2004-12-07,17.510467529296875,717800.0
2004-12-08,17.601184844970703,799400.0
2004-12-09,17.54574966430664,1324800.0
2004-12-10,17.591108322143555,888800.0
2004-12-13,17.76752471923828,500200.0
2004-12-14,17.727197647094727,596300.0
2004-12-15,17.81288719177246,642800.0
2004-12-16,17.666711807250977,617100.0
2004-12-17,17.797765731811523,2260300.0
2004-12-20,17.868331909179688,899200.0
2004-12-21,17.843124389648438,774400.0
2004-12-22,17.848167419433594,845700.0
2004-12-23,17.868331909179688,402700.0
2004-12-27,17.757444381713867,312700.0
2004-12-28,17.89353370666504,439600.0
2004-12-29,17.923778533935547,489200.0
2004-12-30,17.883451461791992,472200.0
2004-12-31,17.938901901245117,460600.0
2005-01-03,17.76752471923828,762300.0
2005-01-04,17.70704460144043,950600.0
2005-01-05,17.601184844970703,843300.0
2005-01-06,17.676795959472656,602500.0
2005-01-07,17.631433486938477,985000.0
2005-01-10,17.530630111694336,831000.0
2005-01-11,17.47517204284668,887800.0
2005-01-12,17.3088436126709,965700.0
2005-01-13,16.83000946044922,1380200.0
2005-01-14,16.92577362060547,1022500.0
2005-01-18,16.714080810546875,3409800.0
2005-01-19,16.759441375732422,1823400.0
2005-01-20,16.638469696044922,1679400.0
2005-01-21,16.567901611328125,1563400.0
2005-01-24,16.603187561035156,1482300.0
2005-01-25,16.487258911132812,1127100.0
2005-01-26,16.709035873413086,851700.0
2005-01-27,16.55278968811035,1263700.0
2005-01-28,16.196256637573242,3049800.0
2005-01-31,16.298126220703125,1211900.0
2005-02-01,16.430545806884766,914100.0
2005-02-02,16.2828426361084,2012700.0
2005-02-03,16.31848907470703,885300.0
2005-02-04,16.450918197631836,1142700.0
2005-02-07,16.42544937133789,893000.0
2005-02-08,16.410171508789062,1035300.0
2005-02-09,16.445831298828125,1162100.0
2005-02-10,16.46109962463379,855800.0
2005-02-11,16.690303802490234,1290200.0
2005-02-14,16.700483322143555,747300.0
2005-02-15,16.79725456237793,1385100.0
2005-02-16,16.680112838745117,806000.0
2005-02-17,16.618993759155273,955500.0
2005-02-18,16.62917709350586,1106900.0
2005-02-22,16.430545806884766,1198200.0
2005-02-23,16.333772659301758,1636700.0
2005-02-24,16.410171508789062,937800.0
2005-02-25,16.496755599975586,1026700.0
2005-02-28,16.430545806884766,1267100.0
2005-03-01,16.715755462646484,1186200.0
2005-03-02,16.649551391601562,1001700.0
2005-03-03,16.863454818725586,1612900.0
2005-03-04,17.16395378112793,1411500.0
2005-03-07,17.281103134155273,1518700.0
2005-03-08,17.19961929321289,1719800.0
2005-03-09,16.975513458251953,1316100.0
2005-03-10,17.087560653686523,966100.0
2005-03-11,16.853273391723633,1253400.0
2005-03-14,17.118125915527344,1154700.0
2005-03-15,16.960235595703125,849300.0
2005-03-16,16.756505966186523,995500.0
2005-03-17,16.929676055908203,986200.0
2005-03-18,16.741222381591797,2220300.0
2005-03-21,16.68521499633789,1176800.0
2005-03-22,16.42544937133789,1753000.0
2005-03-23,16.496755599975586,1273600.0
2005-03-24,16.354145050048828,1430500.0
2005-03-28,16.405086517333984,743600.0
2005-03-29,16.374521255493164,835200.0
2005-03-30,16.593524932861328,1181400.0
2005-03-31,16.50185203552246,1281400.0
2005-04-01,16.46619987487793,979700.0
2005-04-04,16.450918197631836,946700.0
2005-04-05,16.512035369873047,533300.0
2005-04-06,16.669925689697266,651200.0
2005-04-07,16.67502212524414,663800.0
2005-04-08,16.58334732055664,549500.0
2005-04-11,16.435636520385742,714400.0
2005-04-12,16.731042861938477,900500.0
2005-04-13,16.28793716430664,1122000.0
2005-04-14,16.08930206298828,1240200.0
2005-04-15,16.603708267211914,2678500.0
2005-04-18,16.435636520385742,1079500.0
2005-04-19,16.450918197631836,1227500.0
2005-04-20,16.277751922607422,1319000.0
2005-04-21,16.496755599975586,1225400.0
2005-04-22,16.54259490966797,1064300.0
2005-04-25,16.771785736083984,886800.0
2005-04-26,16.669925689697266,904100.0
2005-04-27,16.934772491455078,927400.0
2005-04-28,16.909034729003906,851100.0
2005-04-29,17.233226776123047,1415900.0
2005-05-02,17.341285705566406,886800.0
2005-05-03,17.29496955871582,979000.0
2005-05-04,17.701496124267578,1136900.0
2005-05-05,17.46478271484375,1091200.0
2005-05-06,17.161178588867188,1465000.0
2005-05-09,17.3464298248291,1081100.0
2005-05-10,17.109724044799805,1172900.0
2005-05-11,17.248655319213867,819300.0
2005-05-12,16.996517181396484,776000.0
2005-05-13,16.914180755615234,923200.0
2005-05-16,17.30526351928711,1302600.0
2005-05-17,17.40818214416504,1150400.0
2005-05-18,17.67061424255371,1522900.0
2005-05-19,17.64488410949707,1090400.0
2005-05-20,17.43905258178711,1062400.0
2005-05-23,17.37215232849121,949400.0
2005-05-24,17.28982162475586,1132300.0
2005-05-25,17.18691062927246,1062200.0
2005-05-26,17.258949279785156,829900.0
2005-05-27,17.35672378540039,1007900.0
2005-05-31,17.330995559692383,855400.0
2005-06-01,17.53167724609375,1213900.0
2005-06-02,17.480220794677734,914500.0
2005-06-03,17.28982162475586,953100.0
2005-06-06,17.3155574798584,717600.0
2005-06-07,17.238370895385742,935300.0
2005-06-08,17.238370895385742,613200.0
2005-06-09,17.228078842163086,829000.0
2005-06-10,17.176618576049805,762100.0
2005-06-13,17.17147445678711,786100.0
2005-06-14,17.19719696044922,717300.0
2005-06-15,17.29496955871582,718100.0
2005-06-16,17.325847625732422,697900.0
2005-06-17,17.47507095336914,1648900.0
2005-06-20,17.541967391967773,797800.0
2005-06-21,17.459638595581055,580900.0
2005-06-22,17.603715896606445,687600.0
2005-06-23,17.39788818359375,791800.0
2005-06-24,17.392742156982422,1463400.0
2005-06-27,17.44420051574707,734800.0
2005-06-28,17.62944984436035,791000.0
2005-06-29,17.650026321411133,568500.0
2005-06-30,17.433916091918945,1203000.0
2005-07-01,17.552274703979492,729200.0
2005-07-05,17.752944946289062,618200.0
2005-07-06,17.521387100219727,566800.0
2005-07-07,17.5779972076416,829900.0
2005-07-08,17.794113159179688,1195000.0
2005-07-11,17.938196182250977,1065300.0
2005-07-12,18.01023292541504,1373500.0
2005-07-13,18.087425231933594,1333200.0
2005-07-14,18.169754028320312,1063800.0
2005-07-15,17.902175903320312,1962800.0
2005-07-18,17.62944984436035,1196000.0
2005-07-19,17.7838191986084,1016900.0
2005-07-20,17.840423583984375,1787200.0
2005-07-21,17.732362747192383,715700.0
2005-07-22,17.62430191040039,1547800.0
2005-07-25,17.598575592041016,1866100.0
2005-07-26,17.665468215942383,837100.0
2005-07-27,17.619159698486328,950300.0
2005-07-28,17.68671417236328,989400.0
2005-07-29,17.484020233154297,1104000.0
2005-08-01,17.47882080078125,924600.0
2005-08-02,17.561983108520508,787900.0
2005-08-03,17.567190170288086,943300.0
2005-08-04,17.36449432373047,643200.0
2005-08-05,17.09941864013672,837900.0
2005-08-08,17.12540626525879,465200.0
2005-08-09,17.239744186401367,739800.0
2005-08-10,17.26573944091797,880300.0
2005-08-11,17.38007926940918,873700.0
2005-08-12,17.23454475402832,662200.0
2005-08-15,17.3384952545166,1655000.0
2005-08-16,17.130603790283203,850200.0
2005-08-17,17.182575225830078,592400.0
2005-08-18,17.12020492553711,558500.0
2005-08-19,17.192975997924805,650800.0
2005-08-22,17.296916961669922,905100.0
2005-08-23,17.089021682739258,792700.0
2005-08-24,16.96428871154785,721900.0
2005-08-25,17.000667572021484,734200.0
2005-08-26,16.720012664794922,1078800.0
2005-08-29,16.860342025756836,996700.0
2005-08-30,17.01106071472168,1269000.0
2005-08-31,17.005868911743164,1700000.0
2005-09-01,16.844745635986328,2445700.0
2005-09-02,16.907115936279297,940700.0
2005-09-06,17.047439575195312,764400.0
2005-09-07,16.979873657226562,889300.0
2005-09-08,16.792781829833984,1156300.0
2005-09-09,16.922706604003906,785700.0
2005-09-12,16.907115936279297,739200.0
2005-09-13,16.72520637512207,911200.0
2005-09-14,16.65243911743164,1314900.0
2005-09-15,16.745994567871094,1119400.0
2005-09-16,16.9694881439209,2072600.0
2005-09-19,16.714813232421875,868900.0
2005-09-20,16.688819885253906,1106700.0
2005-09-21,16.408159255981445,995900.0
2005-09-22,16.402969360351562,938600.0
2005-09-23,16.50691032409668,811400.0
2005-09-26,16.278230667114258,773800.0
2005-09-27,16.210660934448242,1017900.0
2005-09-28,16.096323013305664,967100.0
2005-09-29,16.252239227294922,1511500.0
2005-09-30,16.174283981323242,1155800.0
2005-10-03,16.132705688476562,1409600.0
2005-10-04,15.711714744567871,1093700.0
2005-10-05,15.633753776550293,1171700.0
2005-10-06,15.644155502319336,1251200.0
2005-10-07,15.748096466064453,1118500.0
2005-10-10,15.498624801635742,809400.0
2005-10-11,15.379079818725586,1149800.0
2005-10-12,15.368684768676758,953700.0
2005-10-13,15.503814697265625,1474200.0
2005-10-14,16.595272064208984,3779600.0
2005-10-17,16.325008392333984,2357200.0
2005-10-18,16.05474090576172,2134300.0
2005-10-19,16.44454574584961,1709100.0
2005-10-20,16.36658477783203,1296800.0
2005-10-21,16.538101196289062,1576900.0
2005-10-24,17.047439575195312,1536500.0
2005-10-25,16.7979736328125,1165600.0
2005-10-26,16.792781829833984,894800.0
2005-10-27,16.72520637512207,1288400.0
2005-10-28,17.035125732421875,1302000.0
2005-10-31,17.098161697387695,1391800.0
2005-11-01,17.098161697387695,973500.0
2005-11-02,17.33453941345215,1218800.0
2005-11-03,17.192710876464844,1294000.0
2005-11-04,17.276756286621094,1424900.0
2005-11-07,17.555160522460938,1131700.0
2005-11-08,17.528892517089844,954700.0
2005-11-09,17.5604190826416,880100.0
2005-11-10,17.760028839111328,1294200.0
2005-11-11,17.859834671020508,662000.0
2005-11-14,17.765277862548828,602000.0
2005-11-15,17.60243797302246,1527100.0
2005-11-16,17.576173782348633,734800.0
2005-11-17,17.817806243896484,832600.0
2005-11-18,17.83881378173828,1265200.0
2005-11-21,17.938623428344727,844000.0
2005-11-22,17.93337059020996,1090100.0
2005-11-23,17.97014045715332,784400.0
2005-11-25,18.05418586730957,301000.0
2005-11-28,18.03316879272461,791300.0
2005-11-29,17.928112030029297,1117000.0
2005-11-30,17.696990966796875,1073600.0
2005-12-01,17.96488380432129,1223300.0
2005-12-02,18.001663208007812,1015900.0
2005-12-05,17.796798706054688,669400.0
2005-12-06,17.807300567626953,964600.0
2005-12-07,17.607688903808594,956500.0
2005-12-08,17.576173782348633,786800.0
2005-12-09,17.754779815673828,857200.0
2005-12-12,17.712751388549805,595500.0
2005-12-13,17.959640502929688,717900.0
2005-12-14,18.04892921447754,896100.0
2005-12-15,18.017417907714844,870900.0
2005-12-16,18.35360336303711,2400600.0
2005-12-19,18.164499282836914,815600.0
2005-12-20,18.222288131713867,757100.0
2005-12-21,18.2432918548584,867700.0
2005-12-22,18.238039016723633,1617100.0
2005-12-23,18.306325912475586,487400.0
2005-12-27,18.148738861083984,587700.0
2005-12-28,18.132976531982422,622100.0
2005-12-29,18.03316879272461,664400.0
2005-12-30,17.943880081176758,1163000.0
2006-01-03,18.117219924926758,1584300.0
2006-01-04,18.148738861083984,824100.0
2006-01-05,18.316829681396484,1638100.0
2006-01-06,18.337841033935547,998700.0
2006-01-09,18.448162078857422,1258500.0
2006-01-10,18.416641235351562,1148700.0
2006-01-11,18.259052276611328,1911700.0
2006-01-12,17.985897064208984,1355900.0
2006-01-13,18.2327823638916,1155000.0
2006-01-17,18.059446334838867,939100.0
2006-01-18,18.180252075195312,1176900.0
2006-01-19,18.316829681396484,2337200.0
2006-01-20,17.66547203063965,2069400.0
2006-01-23,17.618196487426758,1457200.0
2006-01-24,17.64446258544922,1429700.0
2006-01-25,17.623451232910156,1183700.0
2006-01-26,17.807300567626953,1241300.0
2006-01-27,17.912357330322266,1295600.0
2006-01-30,17.721290588378906,1210400.0
2006-01-31,17.609840393066406,1855700.0
2006-02-01,17.78498077392578,1610800.0
2006-02-02,17.705371856689453,1039500.0
2006-02-03,17.583301544189453,907600.0
2006-02-06,17.668222427368164,768200.0
2006-02-07,17.583301544189453,1255700.0
2006-02-08,17.747827529907227,756600.0
2006-02-09,17.806215286254883,850900.0
2006-02-10,17.94951057434082,946100.0
2006-02-13,17.93889808654785,645200.0
2006-02-14,18.241416931152344,1000600.0
2006-02-15,18.342254638671875,1597900.0
2006-02-16,18.51739501953125,923100.0
2006-02-17,18.50678062438965,830400.0
2006-02-21,18.368793487548828,1203800.0
2006-02-22,18.687231063842773,1363900.0
2006-02-23,18.53862953186035,1080200.0
2006-02-24,18.61823844909668,819500.0
2006-02-27,18.708467483520508,656800.0
2006-02-28,18.459014892578125,1392300.0
2006-03-01,18.549245834350586,834300.0
2006-03-02,18.379409790039062,938400.0
2006-03-03,18.27325439453125,814200.0
2006-03-06,18.198955535888672,897400.0
2006-03-07,18.33695411682129,650100.0
2006-03-08,18.453712463378906,869100.0
2006-03-09,18.315710067749023,866300.0
2006-03-10,18.522703170776367,730100.0
2006-03-13,18.628843307495117,1530700.0
2006-03-14,18.872983932495117,1108900.0
2006-03-15,18.968530654907227,1183600.0
2006-03-16,19.05344009399414,1274300.0
2006-03-17,19.117124557495117,1908100.0
2006-03-20,19.271045684814453,1505100.0
2006-03-21,19.175508499145508,1742600.0
2006-03-22,19.170209884643555,1190400.0
2006-03-23,19.07998275756836,879900.0
2006-03-24,19.04282569885254,570400.0
2006-03-27,18.98975372314453,603200.0
2006-03-28,18.841148376464844,887100.0
2006-03-29,18.825225830078125,999900.0
2006-03-30,18.63947868347168,1472700.0
2006-03-31,18.66599464416504,1166400.0
2006-04-03,18.660696029663086,1342100.0
2006-04-04,18.86237144470215,1168700.0
2006-04-05,18.708467483520508,1172000.0
2006-04-06,18.660696029663086,1314100.0
2006-04-07,18.501482009887695,1342000.0
2006-04-10,18.819913864135742,1260300.0
2006-04-11,18.607629776000977,1297200.0
2006-04-12,18.687231063842773,1033100.0
2006-04-13,18.766849517822266,1100900.0
2006-04-17,18.883607864379883,1879900.0
2006-04-18,19.02690887451172,1978500.0
2006-04-19,18.878297805786133,1373500.0
2006-04-20,18.89422035217285,1536000.0
2006-04-21,18.95261001586914,1280300.0
2006-04-24,18.936687469482422,1067500.0
2006-04-25,18.835838317871094,949100.0
2006-04-26,19.032211303710938,1425800.0
2006-04-27,19.348432540893555,1227000.0
2006-04-28,19.56818199157715,1497800.0
2006-05-01,19.284120559692383,1286300.0
2006-05-02,19.289480209350586,863300.0
2006-05-03,19.268035888671875,861800.0
2006-05-04,19.343074798583984,755300.0
2006-05-05,19.477066040039062,1022200.0
2006-05-08,19.519943237304688,802900.0
2006-05-09,19.55746841430664,661800.0
2006-05-10,19.482419967651367,643200.0
2006-05-11,19.225162506103516,907000.0
2006-05-12,19.123332977294922,898600.0
2006-05-15,19.364511489868164,1869800.0
2006-05-16,19.38595199584961,1088100.0
2006-05-17,19.23052406311035,2228500.0
2006-05-18,19.064369201660156,1346800.0
2006-05-19,19.16620635986328,1449800.0
2006-05-22,19.176921844482422,1084000.0
2006-05-23,19.107248306274414,1197900.0
2006-05-24,19.042926788330078,2104500.0
2006-05-25,18.458721160888672,7443900.0
2006-05-26,18.42656707763672,2646900.0
2006-05-30,18.10499382019043,2107600.0
2006-05-31,18.142505645751953,3218700.0
2006-06-01,18.389053344726562,2661200.0
2006-06-02,18.405128479003906,2441300.0
2006-06-05,18.190746307373047,1605400.0
2006-06-06,18.131790161132812,2568900.0
2006-06-07,18.222904205322266,1615300.0
2006-06-08,18.26041603088379,1466500.0
2006-06-09,18.276498794555664,1105200.0
2006-06-12,18.180023193359375,979800.0
2006-06-13,18.040668487548828,1492400.0
2006-06-14,17.83164405822754,1806300.0
2006-06-15,18.099634170532227,1112100.0
2006-06-16,18.099634170532227,1579700.0
2006-06-19,17.97635269165039,1766600.0
2006-06-20,18.003149032592773,1395300.0
2006-06-21,17.97100067138672,881700.0
2006-06-22,17.885238647460938,926500.0
2006-06-23,17.627981185913086,1241700.0
2006-06-26,17.7083740234375,947600.0
2006-06-27,17.520788192749023,825200.0
2006-06-28,17.649417877197266,1049800.0
2006-06-29,17.86380386352539,1548800.0
2006-06-30,17.751258850097656,1440600.0
2006-07-03,18.008514404296875,988700.0
2006-07-05,17.783409118652344,1345400.0
2006-07-06,17.804845809936523,1136800.0
2006-07-07,17.837003707885742,1143600.0
2006-07-10,17.8745174407959,893100.0
2006-07-11,17.94420051574707,923300.0
2006-07-12,17.542221069335938,1118300.0
2006-07-13,17.39215850830078,1413700.0
2006-07-14,18.292572021484375,6409000.0
2006-07-17,18.983978271484375,5717700.0
2006-07-18,19.016132354736328,3343700.0
2006-07-19,19.41811180114746,3140400.0
2006-07-20,19.2519588470459,2131000.0
2006-07-21,19.198362350463867,2470800.0
2006-07-24,19.44491195678711,1692600.0
2006-07-25,19.41811180114746,1808200.0
2006-07-26,19.707529067993164,2472300.0
2006-07-27,19.439550399780273,2173200.0
2006-07-28,19.79131507873535,1974100.0
2006-07-31,19.639799118041992,2231000.0
2006-08-01,19.796737670898438,1939400.0
2006-08-02,19.883319854736328,1518700.0
2006-08-03,19.937440872192383,2160800.0
2006-08-04,20.04567527770996,2132300.0
2006-08-07,19.93203353881836,1299900.0
2006-08-08,19.693904876708984,1709900.0
2006-08-09,19.618141174316406,1574900.0
2006-08-10,19.780506134033203,1856200.0
2006-08-11,19.72638702392578,1186700.0
2006-08-14,19.515321731567383,1865800.0
2006-08-15,19.899553298950195,1898200.0
2006-08-16,19.910381317138672,1191000.0
2006-08-17,19.948265075683594,1702600.0
2006-08-18,19.872507095336914,1399300.0
2006-08-21,19.82921028137207,1079100.0
2006-08-22,19.96991539001465,1600900.0
2006-08-23,19.92120933532715,2054600.0
2006-08-24,20.04567527770996,2234600.0
2006-08-25,19.850858688354492,1394800.0
2006-08-28,19.699325561523438,2227700.0
2006-08-29,19.553205490112305,1747900.0
2006-08-30,19.542375564575195,1177900.0
2006-08-31,19.47743034362793,1217700.0
2006-09-01,19.553205490112305,1546400.0
2006-09-05,19.618141174316406,1611000.0
2006-09-06,19.64519691467285,2283800.0
2006-09-07,19.52072525024414,1241100.0
2006-09-08,19.564023971557617,1490200.0
2006-09-11,19.553205490112305,1706800.0
2006-09-12,19.693904876708984,1905400.0
2006-09-13,19.82921028137207,1994000.0
2006-09-14,19.926618576049805,1602400.0
2006-09-15,20.018619537353516,1624200.0
2006-09-18,19.823795318603516,1334300.0
2006-09-19,19.748031616210938,1090800.0
2006-09-20,19.850858688354492,1619500.0
2006-09-21,19.71555519104004,1350600.0
2006-09-22,19.62355613708496,1287500.0
2006-09-25,19.748031616210938,2267400.0
2006-09-26,20.040271759033203,2482300.0
2006-09-27,20.034860610961914,1645800.0
2006-09-28,20.08357048034668,1157500.0
2006-09-29,19.910381317138672,1580600.0
2006-10-02,19.877918243408203,1519500.0
2006-10-03,19.996971130371094,2709200.0
2006-10-04,20.272981643676758,2429500.0
2006-10-05,20.4623966217041,2635200.0
2006-10-06,20.50028419494629,1652200.0
2006-10-09,20.413694381713867,1957900.0
2006-10-10,20.424509048461914,1740100.0
2006-10-11,20.4948673248291,2036900.0
2006-10-12,20.565231323242188,2110600.0
2006-10-13,21.03606414794922,4765500.0
2006-10-16,20.916996002197266,2982200.0
2006-10-17,20.933246612548828,2591600.0
2006-10-18,20.754640579223633,2527100.0
2006-10-19,20.59769058227539,1829600.0
2006-10-20,20.532752990722656,1564900.0
2006-10-23,20.570629119873047,1746500.0
2006-10-24,20.60852813720703,1670700.0
2006-10-25,20.554391860961914,1293400.0
2006-10-26,20.635570526123047,1031700.0
2006-10-27,20.532752990722656,1487100.0
2006-10-30,20.691164016723633,1697500.0
2006-10-31,20.72940444946289,1631200.0
2006-11-01,20.63106918334961,1192200.0
2006-11-02,20.407123565673828,1498900.0
2006-11-03,20.286958694458008,4455600.0
2006-11-06,20.57099723815918,1918600.0
2006-11-07,20.549142837524414,1929600.0
2006-11-08,20.401653289794922,2806300.0
2006-11-09,20.325180053710938,3060600.0
2006-11-10,20.36888885498047,2205900.0
2006-11-13,20.221399307250977,2118000.0
2006-11-14,20.205007553100586,3750400.0
2006-11-15,20.057533264160156,2575400.0
2006-11-16,20.243247985839844,2896200.0
2006-11-17,20.226865768432617,2567300.0
2006-11-20,20.215940475463867,1734700.0
2006-11-21,19.95920753479004,2312800.0
2006-11-22,20.101228713989258,2732700.0
2006-11-24,20.09577178955078,969300.0
2006-11-27,19.844499588012695,3175000.0
2006-11-28,19.970138549804688,3070000.0
2006-11-29,20.133996963500977,2422300.0
2006-11-30,20.019296646118164,1879900.0
2006-12-01,20.084836959838867,3862700.0
2006-12-04,20.128538131713867,2954100.0
2006-12-05,20.106687545776367,1844500.0
2006-12-06,20.079378128051758,1356700.0
2006-12-07,20.046611785888672,1394300.0
2006-12-08,20.05206871032715,1482400.0
2006-12-11,19.931894302368164,2258300.0
2006-12-12,20.057533264160156,2637100.0
2006-12-13,20.237789154052734,2405400.0
2006-12-14,20.412580490112305,1938000.0
2006-12-15,20.363422393798828,4518400.0
2006-12-18,20.456275939941406,1680600.0
2006-12-19,20.48386573791504,2286800.0
2006-12-20,20.472824096679688,1310500.0
2006-12-21,20.522459030151367,1462100.0
2006-12-22,20.533498764038086,1350800.0
2006-12-26,20.704469680786133,999100.0
2006-12-27,20.875442504882812,2073800.0
2006-12-28,20.743080139160156,992400.0
2006-12-29,20.627260208129883,1392200.0
2007-01-03,20.969205856323242,4077400.0
2007-01-04,20.86993408203125,4770900.0
2007-01-05,20.51142692565918,2779200.0
2007-01-08,20.379064559936523,1995700.0
2007-01-09,20.43973731994629,2328800.0
2007-01-10,20.500398635864258,2232000.0
2007-01-11,20.566587448120117,1878200.0
2007-01-12,20.43973731994629,1601900.0
2007-01-16,20.35149383544922,1854700.0
2007-01-17,20.2466983795166,2099400.0
2007-01-18,20.533498764038086,3138900.0
2007-01-19,20.11433219909668,3494900.0
2007-01-22,19.99298858642578,2856100.0
2007-01-23,19.827533721923828,3841500.0
2007-01-24,19.976451873779297,2688900.0
2007-01-25,19.871662139892578,2514300.0
2007-01-26,19.926815032958984,2031400.0
2007-01-29,20.020572662353516,2205500.0
2007-01-30,19.965423583984375,1962700.0
2007-01-31,19.99850845336914,2347800.0
2007-02-01,19.97092628479004,3087600.0
2007-02-02,20.103303909301758,1741100.0
2007-02-05,20.285306930541992,2537600.0
2007-02-06,20.450767517089844,2036300.0
2007-02-07,20.555551528930664,1794400.0
2007-02-08,20.616222381591797,3332900.0
2007-02-09,20.456274032592773,2863400.0
2007-02-12,20.445253372192383,2037300.0
2007-02-13,20.588653564453125,1382000.0
2007-02-14,20.599679946899414,1370400.0
2007-02-15,20.544527053833008,1608600.0
2007-02-16,20.632770538330078,2355400.0
2007-02-20,20.72652816772461,1883200.0
2007-02-21,20.544527053833008,2299300.0
2007-02-22,20.649320602416992,2350400.0
2007-02-23,20.43421173095703,1572600.0
2007-02-26,20.22463607788086,2454400.0
2007-02-27,19.584863662719727,2970800.0
2007-02-28,19.755828857421875,3269100.0
2007-03-01,19.656566619873047,2776600.0
2007-03-02,19.496623992919922,3043000.0
2007-03-05,19.127092361450195,3611500.0
2007-03-06,19.66207504272461,2976400.0
2007-03-07,19.375276565551758,2317500.0
2007-03-08,19.524192810058594,1743200.0
2007-03-09,19.634502410888672,1731900.0
2007-03-12,19.66207504272461,1967000.0
2007-03-13,18.967151641845703,7451600.0
2007-03-14,19.17673110961914,4069000.0
2007-03-15,19.29933738708496,2027500.0
2007-03-16,19.254745483398438,3159500.0
2007-03-19,19.49996566772461,1855900.0
2007-03-20,19.717313766479492,1757300.0
2007-03-21,20.235595703125,3046500.0
2007-03-22,20.146432876586914,2588700.0
2007-03-23,20.135284423828125,1568600.0
2007-03-26,20.0907039642334,1570400.0
2007-03-27,19.917938232421875,1501700.0
2007-03-28,19.47767448425293,2759700.0
2007-03-29,19.82876205444336,2742300.0
2007-03-30,19.71173858642578,2634600.0
2007-04-02,19.366209030151367,3395500.0
2007-04-03,19.68944549560547,2299500.0
2007-04-04,19.672719955444336,2584500.0
2007-04-05,19.661577224731445,1955600.0
2007-04-09,19.36064910888672,3041200.0
2007-04-10,19.405221939086914,2980700.0
2007-04-11,19.154434204101562,2333900.0
2007-04-12,19.13214874267578,2401600.0
2007-04-13,19.327198028564453,2400700.0
2007-04-16,19.282615661621094,4832800.0
2007-04-17,19.076412200927734,3762300.0
2007-04-18,19.516679763793945,3975300.0
2007-04-19,19.46652603149414,2947800.0
2007-04-20,19.800905227661133,4204300.0
2007-04-23,19.66715431213379,1851200.0
2007-04-24,19.54454231262207,2050300.0
2007-04-25,19.778614044189453,2673700.0
2007-04-26,19.728458404541016,3175200.0
2007-04-27,19.68944549560547,2670100.0
2007-04-30,19.555696487426758,2532000.0
2007-05-01,19.555696487426758,2116400.0
2007-05-02,19.511104583740234,2222300.0
2007-05-03,19.968097686767578,3022900.0
2007-05-04,19.99039077758789,2193500.0
2007-05-07,20.107419967651367,2217700.0
2007-05-08,19.929088592529297,2945900.0
2007-05-09,20.174299240112305,2488600.0
2007-05-10,19.912363052368164,2540700.0
2007-05-11,20.163148880004883,1933800.0
2007-05-14,19.979238510131836,2067900.0
2007-05-15,20.034971237182617,2364700.0
2007-05-16,20.246746063232422,1919600.0
2007-05-17,20.20216178894043,1838000.0
2007-05-18,20.335920333862305,2592400.0
2007-05-21,20.218883514404297,2374300.0
2007-05-22,20.051694869995117,2667200.0
2007-05-23,19.87335777282715,3427800.0
2007-05-24,19.79532814025879,2840100.0
2007-05-25,20.001535415649414,2647400.0
2007-05-29,19.895645141601562,2173200.0
2007-05-30,19.867782592773438,2541400.0
2007-05-31,19.878925323486328,4170200.0
2007-06-01,20.012676239013672,2470200.0
2007-06-04,19.890077590942383,2184500.0
2007-06-05,19.66715431213379,2882200.0
2007-06-06,19.47767448425293,2245100.0
2007-06-07,19.171157836914062,3532500.0
2007-06-08,19.226886749267578,3540200.0
2007-06-11,19.249177932739258,2550900.0
2007-06-12,18.937091827392578,3457000.0
2007-06-13,19.137718200683594,3858300.0
2007-06-14,19.250356674194336,2758400.0
2007-06-15,19.430583953857422,6378700.0
2007-06-18,19.36863136291504,2629000.0
2007-06-19,19.362995147705078,3210100.0
2007-06-20,19.227832794189453,3824800.0
2007-06-21,19.205305099487305,3350300.0
2007-06-22,18.878637313842773,5336600.0
2007-06-25,18.726581573486328,3982200.0
2007-06-26,18.77726173400879,4416100.0
2007-06-27,18.90680503845215,2963200.0
2007-06-28,18.89554214477539,2719200.0
2007-06-29,18.64209747314453,4107300.0
2007-07-02,19.087024688720703,3622500.0
2007-07-03,19.18840980529785,1576200.0
2007-07-05,19.081384658813477,2656700.0
2007-07-06,19.00818634033203,2100400.0
2007-07-09,18.9237003326416,2658200.0
2007-07-10,18.57451057434082,4324500.0
2007-07-11,18.5970401763916,2980000.0
2007-07-12,19.11518669128418,4648400.0
2007-07-13,19.177141189575195,2394100.0
2007-07-16,19.26725196838379,3311900.0
2007-07-17,18.90680503845215,4464700.0
2007-07-18,18.732210159301758,4286900.0
2007-07-19,18.630834579467773,4214700.0
2007-07-20,18.371755599975586,4604100.0
2007-07-23,18.287281036376953,2941800.0
2007-07-24,17.83107566833496,8867700.0
2007-07-25,18.000038146972656,4455600.0
2007-07-26,17.47062873840332,6859700.0
2007-07-27,17.05385398864746,6185200.0
2007-07-30,17.36362075805664,7702900.0
2007-07-31,16.93558692932129,5834000.0
2007-08-01,17.239715576171875,8251000.0
2007-08-02,17.21155548095703,4990400.0
2007-08-03,16.38364601135254,5265100.0
2007-08-06,17.256603240966797,6330700.0
2007-08-07,17.504417419433594,5411600.0
2007-08-08,17.84797477722168,5077200.0
2007-08-09,16.946847915649414,7377700.0
2007-08-10,17.284772872924805,6799600.0
2007-08-13,17.132713317871094,5190800.0
2007-08-14,16.62019157409668,5250100.0
2007-08-15,16.378005981445312,5052400.0
2007-08-16,17.194656372070312,7967900.0
2007-08-17,18.056358337402344,8377400.0
2007-08-20,18.202795028686523,6025100.0
2007-08-21,18.276018142700195,3814900.0
2007-08-22,18.4731388092041,3184500.0
2007-08-23,18.360485076904297,2904000.0
2007-08-24,18.405553817749023,3013400.0
2007-08-27,18.022563934326172,2252300.0
2007-08-28,17.391782760620117,3613200.0
2007-08-29,17.70718002319336,3400600.0
2007-08-30,17.628320693969727,3057000.0
2007-08-31,17.628320693969727,3785600.0
2007-09-04,17.6170654296875,2993300.0
2007-09-05,17.2904052734375,2737000.0
2007-09-06,17.357990264892578,2238000.0
2007-09-07,17.132713317871094,3054900.0
2007-09-10,17.0425968170166,3179100.0
2007-09-11,17.357990264892578,3041800.0
2007-09-12,17.346723556518555,2549500.0
2007-09-13,17.586071014404297,3006300.0
2007-09-14,17.529083251953125,2541100.0
2007-09-17,17.557571411132812,2302800.0
2007-09-18,18.31549835205078,4270100.0
2007-09-19,18.28700828552246,3498100.0
2007-09-20,17.88809585571289,3627000.0
2007-09-21,17.38661766052246,5367900.0
2007-09-24,17.130172729492188,3316100.0
2007-09-25,16.79964828491211,4766500.0
2007-09-26,16.850934982299805,2899100.0
2007-09-27,17.05039405822754,1714700.0
2007-09-28,16.79964828491211,2953600.0
2007-10-01,17.26694679260254,3472800.0
2007-10-02,17.41510772705078,2914000.0
2007-10-03,17.500587463378906,2471100.0
2007-10-04,17.51767921447754,1993400.0
2007-10-05,17.671552658081055,2382000.0
2007-10-08,17.54617691040039,1547700.0
2007-10-09,17.64874839782715,2202500.0
2007-10-10,17.244152069091797,2237700.0
2007-10-11,17.03899383544922,2834600.0
2007-10-12,16.845247268676758,3656000.0
2007-10-15,16.60019874572754,3525100.0
2007-10-16,16.25827980041504,4710300.0
2007-10-17,15.990438461303711,5782500.0
2007-10-18,15.352190017700195,6331500.0
2007-10-19,15.044471740722656,6834200.0
2007-10-22,15.192628860473633,6973900.0
2007-10-23,15.192628860473633,4345200.0
2007-10-24,14.987478256225586,5564500.0
2007-10-25,15.072958946228027,4444900.0
2007-10-26,15.39778995513916,4250600.0
2007-10-29,15.380691528320312,2502800.0
2007-10-30,15.352190017700195,2741000.0
2007-10-31,15.454768180847168,4687000.0
2007-11-01,14.725337982177734,5154400.0
2007-11-02,14.383416175842285,6557200.0
2007-11-05,14.28084659576416,4835000.0
2007-11-06,14.52588939666748,4040400.0
2007-11-07,13.636895179748535,5447500.0
2007-11-08,14.035797119140625,7229300.0
2007-11-09,14.263742446899414,5161600.0
2007-11-12,14.372024536132812,4336600.0
2007-11-13,15.095749855041504,4385900.0
2007-11-14,14.542981147766113,3450000.0
2007-11-15,14.064291954040527,4627700.0
2007-11-16,13.85914421081543,5587900.0
2007-11-19,13.5457181930542,6384300.0
2007-11-20,13.426042556762695,5993400.0
2007-11-21,13.40324878692627,6401100.0
2007-11-23,13.802157402038574,3036600.0
2007-11-26,13.112624168395996,4630500.0
2007-11-27,14.001616477966309,11206700.0
2007-11-28,14.753830909729004,6096400.0
2007-11-29,14.48599624633789,3883900.0
2007-11-30,15.061559677124023,6232500.0
2007-12-03,14.799421310424805,3681100.0
2007-12-04,14.58857250213623,3254600.0
2007-12-05,15.067261695861816,5082800.0
2007-12-06,15.312301635742188,4411600.0
2007-12-07,15.067261695861816,4299700.0
2007-12-10,15.580134391784668,3583300.0
2007-12-11,14.497395515441895,6292600.0
2007-12-12,14.04720401763916,8482100.0
2007-12-13,13.921829223632812,6983700.0
2007-12-14,13.676787376403809,5218700.0
2007-12-17,13.833128929138184,6009400.0
2007-12-18,13.937352180480957,5626900.0
2007-12-19,13.728896141052246,6365500.0
2007-12-20,13.752063751220703,5959600.0
2007-12-21,14.128429412841797,8384800.0
2007-12-24,14.336886405944824,1895100.0
2007-12-26,14.17475700378418,2472000.0
2007-12-27,13.948932647705078,3870600.0
2007-12-28,13.659418106079102,3777200.0
2007-12-31,13.694161415100098,4503200.0
2008-01-02,13.479913711547852,5969700.0
2008-01-03,13.479913711547852,3954300.0
2008-01-04,12.043909072875977,10403700.0
2008-01-07,12.072856903076172,9490200.0
2008-01-08,11.291167259216309,11255300.0
2008-01-09,11.337489128112793,10257700.0
2008-01-10,11.615424156188965,10915000.0
2008-01-11,11.852829933166504,7530200.0
2008-01-14,11.818084716796875,6360800.0
2008-01-15,11.777554512023926,9606900.0
2008-01-16,12.252364158630371,9617300.0
2008-01-17,11.331697463989258,9467400.0
2008-01-18,11.111666679382324,8426300.0
2008-01-22,11.655954360961914,11302800.0
2008-01-23,12.646105766296387,11130700.0
2008-01-24,13.010900497436523,9926600.0
2008-01-25,13.196186065673828,10424700.0
2008-01-28,13.775221824645996,7168400.0
2008-01-29,14.435321807861328,7482800.0
2008-01-30,14.093690872192383,8153800.0
2008-01-31,14.574288368225098,10774600.0
2008-02-01,14.898542404174805,5922900.0
2008-02-04,14.533758163452148,6979300.0
2008-02-05,14.035784721374512,5551500.0
2008-02-06,13.717315673828125,8174200.0
2008-02-07,14.012626647949219,6105300.0
2008-02-08,13.439383506774902,8180800.0
2008-02-11,13.32358169555664,4879200.0
2008-02-12,13.728896141052246,5168900.0
2008-02-13,13.659418106079102,5097800.0
2008-02-14,13.213556289672852,5208400.0
2008-02-15,13.277250289916992,5488000.0
2008-02-19,13.03406047821045,4595600.0
2008-02-20,13.450959205627441,5551000.0
2008-02-21,13.016693115234375,4036900.0
2008-02-22,13.381477355957031,4300300.0
2008-02-25,13.381477355957031,7002000.0
2008-02-26,13.427803039550781,5801800.0
2008-02-27,13.445171356201172,4138900.0
2008-02-28,12.704010963439941,6011400.0
2008-02-29,12.275520324707031,10053800.0
2008-03-03,11.92231273651123,6726500.0
2008-03-04,12.049698829650879,9506000.0
2008-03-05,12.124979972839355,7444200.0
2008-03-06,11.563311576843262,5834900.0
2008-03-07,11.789133071899414,6611400.0
2008-03-10,11.557523727416992,8819600.0
2008-03-11,12.692428588867188,8975500.0
2008-03-12,12.373963356018066,8096000.0
2008-03-13,12.455022811889648,9345300.0
2008-03-14,11.936310768127441,12038800.0
2008-03-17,11.494226455688477,14821400.0
2008-03-18,11.794842720031738,15082600.0
2008-03-19,12.024730682373047,14170100.0
2008-03-20,12.802799224853516,10573300.0
2008-03-24,13.05036735534668,7998100.0
2008-03-25,13.026785850524902,6019700.0
2008-03-26,12.484492301940918,6444000.0
2008-03-27,12.124930381774902,7423000.0
2008-03-28,11.582639694213867,6204800.0
2008-03-31,11.641590118408203,6079400.0
2008-04-01,12.643651008605957,10598500.0
2008-04-02,12.796900749206543,8086600.0
2008-04-03,12.855850219726562,6445000.0
2008-04-04,12.325345993041992,4861600.0
2008-04-07,12.466806411743164,5477200.0
2008-04-08,12.095460891723633,4712800.0
2008-04-09,11.895048141479492,3402600.0
2008-04-10,11.765374183654785,7811900.0
2008-04-11,11.653376579284668,7380900.0
2008-04-14,10.940149307250977,11666500.0
2008-04-15,11.859682083129883,15211100.0
2008-04-16,11.965781211853027,8958600.0
2008-04-17,12.785113334655762,8427100.0
2008-04-18,12.732070922851562,10126800.0
2008-04-21,12.3724946975708,6526600.0
2008-04-22,12.272295951843262,6153400.0
2008-04-23,12.042409896850586,6374500.0
2008-04-24,12.885321617126465,10758900.0
2008-04-25,13.097524642944336,8702800.0
2008-04-28,13.132889747619629,5011000.0
2008-04-29,13.174155235290527,5264300.0
2008-04-30,12.92068862915039,5689100.0
2008-05-01,13.580867767333984,7509600.0
2008-05-02,13.834333419799805,7979300.0
2008-05-05,13.492452621459961,6575900.0
2008-05-06,13.474766731262207,7799100.0
2008-05-07,12.914795875549316,6069100.0
2008-05-08,12.649543762207031,7220000.0
2008-05-09,12.478599548339844,7008200.0
2008-05-12,12.814586639404297,4537000.0
2008-05-13,12.631855964660645,6509000.0
2008-05-14,12.478599548339844,9112800.0
2008-05-15,12.567018508911133,6531000.0
2008-05-16,11.889153480529785,9985700.0
2008-05-19,11.618000984191895,9047100.0
2008-05-20,11.629790306091309,10641900.0
2008-05-21,11.140556335449219,12176100.0
2008-05-22,11.282024383544922,7700200.0
2008-05-23,10.999092102050781,6817600.0
2008-05-27,11.223082542419434,7281900.0
2008-05-28,10.657207489013672,18136500.0
2008-05-29,10.946039199829102,8585300.0
2008-05-30,10.503957748413086,7919700.0
2008-06-02,10.191546440124512,17573100.0
2008-06-03,9.83198070526123,19627200.0
2008-06-04,9.68462085723877,16492000.0
2008-06-05,9.74946117401123,8743700.0
2008-06-06,9.106961250305176,16256800.0
2008-06-09,8.452678680419922,22064100.0
2008-06-10,8.488041877746582,20288800.0
2008-06-11,8.06953239440918,16850900.0
2008-06-12,7.9516472816467285,17694100.0
2008-06-13,8.054758071899414,18855900.0
2008-06-16,8.339828491210938,16466700.0
2008-06-17,7.721162796020508,17422500.0
2008-06-18,6.914474964141846,41276300.0
2008-06-19,6.781040191650391,32581100.0
2008-06-20,6.805301189422607,28882300.0
2008-06-23,6.593011379241943,13852100.0
2008-06-24,6.8902153968811035,21535300.0
2008-06-25,7.0236496925354,24645900.0
2008-06-26,6.756777286529541,15826300.0
2008-06-27,6.538424491882324,16330700.0
2008-06-30,6.617272853851318,20115500.0
2008-07-01,7.029717445373535,25908700.0
2008-07-02,6.423182487487793,22226000.0
2008-07-03,6.253352642059326,16172500.0
2008-07-07,5.846976280212402,25609600.0
2008-07-08,6.64153528213501,25200000.0
2008-07-09,5.822718143463135,20843100.0
2008-07-10,5.749931335449219,17945800.0
2008-07-11,5.179792881011963,24724500.0
2008-07-14,4.324579238891602,32923600.0
2008-07-15,4.172945976257324,46462700.0
2008-07-16,4.858327865600586,43952300.0
2008-07-17,5.937956809997559,50837800.0
2008-07-18,6.132048606872559,32474800.0
2008-07-21,6.307941436767578,32679000.0
2008-07-22,6.914474964141846,68811300.0
2008-07-23,7.157093048095703,41887200.0
2008-07-24,6.1623735427856445,28496900.0
2008-07-25,5.507317066192627,32394600.0
2008-07-28,5.264704704284668,21676000.0
2008-07-29,5.774195194244385,20292300.0
2008-07-30,5.90762996673584,23014300.0
2008-07-31,5.749931335449219,12241200.0
2008-08-01,5.780257225036621,15844100.0
2008-08-04,5.6953444480896,12723600.0
2008-08-05,6.022871971130371,14794100.0
2008-08-06,6.150245189666748,19784100.0
2008-08-07,5.743866920471191,23184400.0
2008-08-08,5.846976280212402,18921000.0
2008-08-11,6.05319881439209,14639200.0
2008-08-12,5.495189666748047,18092400.0
2008-08-13,5.070614337921143,25295800.0
2008-08-14,5.386011600494385,11824200.0
2008-08-15,5.519450664520264,10003900.0
2008-08-18,5.1252031326293945,14985600.0
2008-08-19,5.028156757354736,17645400.0
2008-08-20,5.18585729598999,15302700.0
2008-08-21,4.943242073059082,13563900.0
2008-08-22,5.143397331237793,10364900.0
2008-08-25,4.961438179016113,9959000.0
2008-08-26,5.070614337921143,10985500.0
2008-08-27,5.137333393096924,7784000.0
2008-08-28,5.410272598266602,10617800.0
2008-08-29,5.622561454772949,12843400.0
2008-09-02,6.7021894454956055,36412900.0
2008-09-03,6.6718621253967285,18897000.0
2008-09-04,6.368597507476807,14924300.0
2008-09-05,6.726449966430664,15419200.0
2008-09-08,7.4239678382873535,40573700.0
2008-09-09,7.005457878112793,23706200.0
2008-09-10,6.8174309730529785,17378900.0
2008-09-11,6.744642734527588,18245000.0
2008-09-12,7.090372085571289,15471700.0
2008-09-15,6.802836894989014,28313400.0
2008-09-16,7.18213415145874,27133600.0
2008-09-17,6.64989709854126,23857800.0
2008-09-18,8.931788444519043,41575500.0
2008-09-19,12.112969398498535,31386600.0
2008-09-22,9.54355239868164,10714300.0
2008-09-23,8.393430709838867,10432100.0
2008-09-24,7.965197563171387,8033300.0
2008-09-25,8.472962379455566,7630700.0
2008-09-26,8.564725875854492,7889100.0
2008-09-29,5.04707145690918,24921400.0
2008-09-30,5.872957229614258,17028100.0
2008-10-01,6.392951488494873,20431100.0
2008-10-02,7.2494306564331055,13198800.0
2008-10-03,8.271078109741211,15198200.0
2008-10-06,7.420721530914307,13982300.0
2008-10-07,6.509192943572998,10041900.0
2008-10-08,5.964722156524658,10697900.0
2008-10-09,4.649422645568848,26110600.0
2008-10-10,5.591543197631836,23495300.0
2008-10-13,5.4080119132995605,16200200.0
2008-10-14,6.955782413482666,24236800.0
2008-10-15,7.13931131362915,17225100.0
2008-10-16,7.01084041595459,15458300.0
2008-10-17,6.588724136352539,14593000.0
2008-10-20,6.509192943572998,9708100.0
2008-10-21,6.906842231750488,13161000.0
2008-10-22,6.564250469207764,14518600.0
2008-10-23,5.989190578460693,15830900.0
2008-10-24,5.46919059753418,14203000.0
2008-10-27,6.087071895599365,13509900.0
2008-10-28,7.096489906311035,14647600.0
2008-10-29,6.949664115905762,14584600.0
2008-10-30,6.637663841247559,9908600.0
2008-10-31,6.784486770629883,9788700.0
2008-11-03,7.2004852294921875,6798000.0
2008-11-04,7.653192520141602,11238600.0
2008-11-05,7.02919340133667,10277600.0
2008-11-06,6.503076076507568,10741300.0
2008-11-07,6.704957008361816,7644700.0
2008-11-10,6.533661842346191,5878800.0
2008-11-11,6.313425540924072,7705600.0
2008-11-12,5.897424221038818,10404700.0
2008-11-13,6.411309719085693,11345300.0
2008-11-14,5.915779113769531,7578200.0
2008-11-17,5.5426025390625,11114600.0
2008-11-18,5.8668389320373535,11712600.0
2008-11-19,5.334600448608398,12025000.0
2008-11-20,4.686127662658691,16931300.0
2008-11-21,4.86353874206543,18836500.0
2008-11-24,5.738367557525635,13384600.0
2008-11-25,5.756716728210449,10100300.0
2008-11-26,6.117661476135254,7882700.0
2008-11-28,6.233899116516113,3418600.0
2008-12-01,5.1816582679748535,9665700.0
2008-12-02,5.658837795257568,9995500.0
2008-12-03,6.080953598022461,10568500.0
2008-12-04,5.940247535705566,12350100.0
2008-12-05,5.848484992980957,15271200.0
2008-12-08,6.105426788330078,10243100.0
2008-12-09,5.573190689086914,10816100.0
2008-12-10,5.487541675567627,7694300.0
2008-12-11,5.0776591300964355,8742400.0
2008-12-12,5.4202494621276855,8101000.0
2008-12-15,5.110874176025391,6245800.0
2008-12-16,5.383121967315674,11796700.0
2008-12-17,5.426435470581055,9490200.0
2008-12-18,5.172748565673828,8145900.0
2008-12-19,4.993310451507568,11216500.0
2008-12-22,5.0737504959106445,10655100.0
2008-12-23,5.0242462158203125,8112500.0
2008-12-24,5.104684352874756,2298500.0
2008-12-26,5.098496437072754,2919600.0
2008-12-29,4.912873268127441,5662300.0
2008-12-30,4.881935119628906,6726900.0
2008-12-31,4.925248622894287,9690800.0
2009-01-02,5.327436447143555,8917000.0
2009-01-05,5.395499229431152,12011800.0
2009-01-06,5.463559627532959,7774200.0
2009-01-07,4.89431095123291,11288800.0
2009-01-08,4.820060729980469,9061500.0
2009-01-09,4.436436653137207,11123200.0
2009-01-12,4.343623161315918,12211500.0
2009-01-13,4.461184978485107,13708900.0
2009-01-14,4.238434791564941,12115100.0
2009-01-15,3.7743752002716064,17505500.0
2009-01-16,3.755810499191284,16682700.0
2009-01-20,2.8462491035461426,28075400.0
2009-01-21,3.0628106594085693,22708300.0
2009-01-22,2.6296868324279785,18333500.0
2009-01-23,2.883373737335205,15574900.0
2009-01-26,2.5368752479553223,12730100.0
2009-01-27,2.5244991779327393,13169500.0
2009-01-28,2.8214995861053467,20610000.0
2009-01-29,2.5616238117218018,15145500.0
2009-01-30,2.140873908996582,19374300.0
2009-02-02,1.8067498207092285,27033800.0
2009-02-03,1.6149367094039917,21499800.0
2009-02-04,1.5468748807907104,15650500.0
2009-02-05,1.7510616779327393,28918200.0
2009-02-06,2.5987491607666016,47574100.0
2009-02-09,2.8709986209869385,32890000.0
2009-02-10,2.004748582839966,47192400.0
2009-02-11,2.2769992351531982,26647700.0
2009-02-12,2.208936929702759,21358200.0
2009-02-13,2.091374397277832,13067600.0
2009-02-17,1.9119372367858887,21006300.0
2009-02-18,1.8500620126724243,17067300.0
2009-02-19,1.633499026298523,11355900.0
2009-02-20,1.757249116897583,23819600.0
2009-02-23,1.664437174797058,16631400.0
2009-02-24,2.035686731338501,28278100.0
2009-02-25,2.3264989852905273,38851300.0
2009-02-26,2.4378743171691895,38114400.0
2009-02-27,2.1161234378814697,34587500.0
2009-03-02,2.208936929702759,20402200.0
2009-03-03,2.1223113536834717,13501600.0
2009-03-04,2.177999258041382,11990900.0
2009-03-05,1.9181243181228638,15967600.0
2009-03-06,1.8191243410110474,16812000.0
2009-03-09,2.023311138153076,16474700.0
2009-03-10,2.31412410736084,18503000.0
2009-03-11,2.184187173843384,17108500.0
2009-03-12,2.3264989852905273,27849500.0
2009-03-13,2.4069368839263916,13825900.0
2009-03-16,2.445040702819824,16162700.0
2009-03-17,2.597459316253662,12704300.0
2009-03-18,3.1436235904693604,26273600.0
2009-03-19,2.75622820854187,20488400.0
2009-03-20,2.5530037879943848,17175300.0
2009-03-23,2.8578405380249023,22101900.0
2009-03-24,2.851489305496216,20627800.0
2009-03-25,2.978505849838257,17119900.0
2009-03-26,2.889594078063965,13933500.0
2009-03-27,2.7435269355773926,11550400.0
2009-03-30,2.4767959117889404,11894400.0
2009-03-31,2.7054219245910645,11869100.0
2009-04-01,2.8006834983825684,13533200.0
2009-04-02,2.82608699798584,14059300.0
2009-04-03,2.895944833755493,11442700.0
2009-04-06,2.6863694190979004,11120900.0
2009-04-07,2.533951759338379,8528400.0
2009-04-08,2.432339906692505,9464700.0
2009-04-09,2.737175941467285,24425900.0
2009-04-13,3.1944308280944824,24725600.0
2009-04-14,3.0039072036743164,24231400.0
2009-04-15,3.1753787994384766,13220200.0
2009-04-16,4.255006790161133,74214400.0
2009-04-17,4.591596603393555,62195300.0
2009-04-20,3.683438777923584,28862700.0
2009-04-21,3.899364471435547,53901000.0
2009-04-22,3.683438777923584,42371300.0
2009-04-23,3.696141004562378,37618700.0
2009-04-24,3.531019926071167,49489500.0
2009-04-27,3.1182210445404053,28849400.0
2009-04-28,2.991206169128418,27102600.0
2009-04-29,2.9594526290893555,26766300.0
2009-04-30,2.851489305496216,26542100.0
2009-05-01,2.787982702255249,14480200.0
2009-05-04,3.5119686126708984,47691300.0
2009-05-05,3.4865643978118896,30330200.0
2009-05-06,3.7024917602539062,66646100.0
2009-05-07,3.3214449882507324,42991600.0
2009-05-08,4.147042751312256,68338400.0
2009-05-11,3.759648561477661,34952800.0
2009-05-12,3.397653818130493,36450500.0
2009-05-13,2.9848546981811523,34110900.0
2009-05-14,3.1626765727996826,24657800.0
2009-05-15,3.080115795135498,22590800.0
2009-05-18,3.4484593868255615,37149300.0
2009-05-19,3.327796459197998,32999100.0
2009-05-20,3.105520486831665,101898000.0
2009-05-21,2.603811025619507,570981700.0
2009-05-22,2.5657057762145996,101604500.0
2009-05-26,2.432339906692505,112017900.0
2009-05-27,2.514899253845215,89481300.0
2009-05-28,2.5530037879943848,65791800.0
2009-05-29,2.6609668731689453,82740200.0
2009-06-01,2.533951759338379,58703700.0
2009-06-02,2.54030179977417,47847700.0
2009-06-03,2.5657057762145996,38673600.0
2009-06-04,2.591108798980713,71373600.0
2009-06-05,2.54030179977417,51567000.0
2009-06-08,2.5847580432891846,32855500.0
2009-06-09,2.5784058570861816,21829400.0
2009-06-10,2.54030179977417,29959800.0
2009-06-11,2.775280237197876,103980700.0
2009-06-12,2.832437753677368,38747400.0
2009-06-15,2.7560582160949707,47528000.0
2009-06-16,2.70513653755188,39745800.0
2009-06-17,2.5396454334259033,57713200.0
2009-06-18,2.5651063919067383,35301600.0
2009-06-19,2.6287569999694824,65579800.0
2009-06-22,2.44417142868042,43225800.0
2009-06-23,2.3932509422302246,33198800.0
2009-06-24,2.4250760078430176,23272800.0
2009-06-25,2.52055025100708,31069100.0
2009-06-26,2.514185905456543,30677500.0
2009-06-29,2.5905661582946777,31828500.0
2009-06-30,2.5714707374572754,23859900.0
2009-07-01,2.526916027069092,16428700.0
2009-07-02,2.386885643005371,23419200.0
2009-07-06,2.44417142868042,23870000.0
2009-07-07,2.4378058910369873,24461600.0
2009-07-08,2.3932509422302246,34906000.0
2009-07-09,2.44417142868042,18983400.0
2009-07-10,2.482361078262329,18488000.0
2009-07-13,2.5905661582946777,26174600.0
2009-07-14,2.6032962799072266,25469500.0
2009-07-15,2.6796770095825195,34197400.0
2009-07-16,2.6860415935516357,21168400.0
2009-07-17,2.577836036682129,25975500.0
2009-07-20,2.5714707374572754,24797500.0
2009-07-21,2.1768388748168945,101115800.0
2009-07-22,2.2277591228485107,49368600.0
2009-07-23,2.3296003341674805,41573600.0
2009-07-24,2.3486955165863037,20355800.0
2009-07-27,2.5587408542633057,52668900.0
2009-07-28,2.488724946975708,26472600.0
2009-07-29,2.4759957790374756,27424900.0
2009-07-30,2.692406415939331,55067800.0
2009-07-31,2.8133420944213867,33580900.0
2009-08-03,2.8260717391967773,38427200.0
2009-08-04,2.9151816368103027,45954000.0
2009-08-05,3.010657787322998,46393000.0
2009-08-06,2.9279117584228516,49824800.0
2009-08-07,3.13795804977417,42904400.0
2009-08-10,3.163419008255005,36374500.0
2009-08-11,3.0297532081604004,34391500.0
2009-08-12,3.067943572998047,29488000.0
2009-08-13,3.3098137378692627,66286700.0
2009-08-14,3.5898754596710205,90586900.0
2009-08-17,3.341639280319214,42876400.0
2009-08-18,3.462573766708374,42514200.0
2009-08-19,3.5071310997009277,38734200.0
2009-08-20,3.4943995475769043,42430400.0
2009-08-21,3.7299046516418457,52353200.0
2009-08-24,3.6280651092529297,49706800.0
2009-08-25,3.7108113765716553,44400900.0
2009-08-26,3.717176675796509,43023800.0
2009-08-27,3.768097400665283,40537000.0
2009-08-28,3.7999234199523926,27695800.0
2009-08-31,3.7299046516418457,34671500.0
2009-09-01,3.5262246131896973,55743500.0
2009-09-02,3.3034486770629883,49530900.0
2009-09-03,3.328908920288086,41649800.0
2009-09-04,3.5198605060577393,29040800.0
2009-09-08,3.5644161701202393,20003300.0
2009-09-09,3.6026053428649902,23552600.0
2009-09-10,3.5644161701202393,17469200.0
2009-09-11,3.5071310997009277,21438800.0
2009-09-14,3.5134947299957275,22909100.0
2009-09-15,3.864206075668335,68683800.0
2009-09-16,4.074633598327637,80536800.0
2009-09-17,3.9981155395507812,68204500.0
2009-09-18,3.9088430404663086,48860800.0
2009-09-21,4.163906097412109,42629900.0
2009-09-22,4.3424506187438965,38885900.0
2009-09-23,4.189413547515869,28920900.0
2009-09-24,4.061881065368652,39934400.0
2009-09-25,4.055504322052002,27796200.0
2009-09-28,4.19578742980957,23837000.0
2009-09-29,4.112893581390381,34630800.0
2009-09-30,3.9598567485809326,47949300.0
2009-10-01,3.806819200515747,43100000.0
2009-10-02,3.6920387744903564,36211500.0
2009-10-05,3.8004424571990967,27108000.0
2009-10-06,3.7621819972991943,38988400.0
2009-10-07,3.8259470462799072,20706300.0
2009-10-08,3.787687301635742,26485300.0
2009-10-09,3.79406476020813,19185600.0
2009-10-12,3.8259470462799072,15915600.0
2009-10-13,3.8004424571990967,34364600.0
2009-10-14,3.8833367824554443,52926800.0
2009-10-15,3.8833367824554443,35311700.0
2009-10-16,3.7175464630126953,26271800.0
2009-10-19,3.6346497535705566,31722600.0
2009-10-20,3.7047929763793945,84135300.0
2009-10-21,3.6410276889801025,43310700.0
2009-10-22,3.7047929763793945,35075700.0
2009-10-23,3.5262510776519775,41539800.0
2009-10-26,3.252054214477539,48627200.0
2009-10-27,3.232927083969116,45645500.0
2009-10-28,3.0735116004943848,58697900.0
2009-10-29,3.3030669689178467,46967600.0
2009-10-30,3.0862646102905273,41091800.0
2009-11-02,3.0480053424835205,38485000.0
2009-11-03,3.0862646102905273,34751400.0
2009-11-04,2.977862596511841,31342400.0
2009-11-05,3.067134380340576,30675200.0
2009-11-06,3.0288758277893066,24253200.0
2009-11-09,3.1627843379974365,31464600.0
2009-11-10,3.079887628555298,20804000.0
2009-11-11,3.0735116004943848,23008200.0
2009-11-12,3.0416297912597656,34436600.0
2009-11-13,3.079887628555298,23893300.0
2009-11-16,3.143653392791748,29667600.0
2009-11-17,3.3030669689178467,38180700.0
2009-11-18,3.4369757175445557,56042900.0
2009-11-19,3.4114694595336914,39438100.0
2009-11-20,3.4752352237701416,35099900.0
2009-11-23,3.62827467918396,36944000.0
2009-11-24,3.660155773162842,28998900.0
2009-11-25,3.6984167098999023,19397300.0
2009-11-27,3.558131217956543,16437100.0
2009-11-30,3.7366745471954346,31663200.0
2009-12-01,3.6856625080108643,34446800.0
2009-12-02,3.730297088623047,30304700.0
2009-12-03,3.5071194171905518,36072400.0
2009-12-04,3.6410276889801025,29569200.0
2009-12-07,3.5963902473449707,27671600.0
2009-12-08,3.62827467918396,26151500.0
2009-12-09,3.545377731323242,15592300.0
2009-12-10,3.5262510776519775,19940800.0
2009-12-11,3.558131217956543,10874400.0
2009-12-14,3.5645194053649902,14594400.0
2009-12-15,3.4112071990966797,22634400.0
2009-12-16,3.404818296432495,19343900.0
2009-12-17,3.404818296432495,16413500.0
2009-12-18,3.4814746379852295,25628200.0
2009-12-21,3.500638961791992,11594700.0
2009-12-22,3.538968086242676,8637300.0
2009-12-23,3.436758518218994,7642600.0
2009-12-24,3.4686989784240723,3305200.0
2009-12-28,3.417595148086548,9044900.0
2009-12-29,3.4239840507507324,8039500.0
2009-12-30,3.3984310626983643,10377600.0
2009-12-31,3.3792662620544434,9583700.0
2010-01-04,3.462311029434204,11754800.0
2010-01-05,3.5772969722747803,23691300.0
2010-01-06,3.6220107078552246,22415300.0
2010-01-07,3.9414141178131104,41430700.0
2010-01-08,3.9477999210357666,25980300.0
2010-01-11,4.037233352661133,27433000.0
2010-01-12,3.9925167560577393,32974200.0
2010-01-13,4.0627851486206055,41055600.0
2010-01-14,4.184157848358154,31881500.0
2010-01-15,4.164994239807129,28504300.0
2010-01-19,4.158607006072998,22996900.0
2010-01-20,4.2991437911987305,32758200.0
2010-01-21,4.3821868896484375,81428500.0
2010-01-22,4.216097831726074,48623600.0
2010-01-25,4.184157848358154,34139700.0
2010-01-26,3.883920192718506,67534400.0
2010-01-27,3.9414141178131104,38492200.0
2010-01-28,4.107502460479736,38907900.0
2010-01-29,4.056398868560791,29037400.0
2010-02-01,4.241650581359863,30603000.0
2010-02-02,4.203321933746338,35671900.0
2010-02-03,4.081949710845947,34371800.0
2010-02-04,3.909472703933716,41144000.0
2010-02-05,3.9477999210357666,24816400.0
2010-02-08,3.979741334915161,25259900.0
2010-02-09,4.018069744110107,21901600.0
2010-02-10,4.0627851486206055,18117800.0
2010-02-11,4.0755615234375,19687200.0
2010-02-12,4.056398868560791,22126400.0
2010-02-16,4.228872776031494,17782600.0
2010-02-17,4.126666069030762,16534700.0
2010-02-18,4.101113319396973,18949400.0
2010-02-19,4.196933269500732,14485500.0
2010-02-22,4.350246906280518,23729800.0
2010-02-23,4.171381950378418,20854700.0
2010-02-24,4.241650581359863,20217300.0
2010-02-25,4.177770137786865,18802500.0
2010-02-26,4.311917304992676,19859000.0
2010-03-01,4.2480387687683105,16291900.0
2010-03-02,4.22248649597168,16207600.0
2010-03-03,4.228872776031494,12900100.0
2010-03-04,4.260814666748047,11836200.0
2010-03-05,4.369410037994385,18875100.0
2010-03-08,4.45884370803833,19023600.0
2010-03-09,4.414127826690674,22997500.0
2010-03-10,4.65687370300293,40783500.0
2010-03-11,4.7143659591674805,24929300.0
2010-03-12,4.688812732696533,29002600.0
2010-03-15,4.618544101715088,19977400.0
2010-03-16,4.804055213928223,22336300.0
2010-03-17,4.925593852996826,25224500.0
2010-03-18,4.797656536102295,26623500.0
2010-03-19,4.720894813537598,22666300.0
2010-03-22,4.874418258666992,19801300.0
2010-03-23,4.944785118103027,23056900.0
2010-03-24,5.021546363830566,26987400.0
2010-03-25,4.9191975593566895,35378100.0
2010-03-26,4.8808159828186035,22603200.0
2010-03-29,4.887212753295898,17755000.0
2010-03-30,4.874418258666992,12744700.0
2010-03-31,5.021546363830566,21527100.0
2010-04-01,4.970373153686523,20835000.0
2010-04-05,5.239039897918701,28483800.0
2010-04-06,5.469327926635742,58256900.0
2010-04-07,5.354185581207275,54566600.0
2010-04-08,5.501312732696533,32548400.0
2010-04-09,5.494916915893555,17760100.0
2010-04-12,5.590868949890137,49794500.0
2010-04-13,5.334994792938232,38303500.0
2010-04-14,5.642043113708496,36670800.0
2010-04-15,5.4565348625183105,39132300.0
2010-04-16,5.309407711029053,55336900.0
2010-04-19,5.328597545623779,29882900.0
2010-04-20,5.629251956939697,58631800.0
2010-04-21,5.622853755950928,60841600.0
2010-04-22,5.686821460723877,28106700.0
2010-04-23,5.725205421447754,27691000.0
2010-04-26,5.558884143829346,21155500.0
2010-04-27,5.392566204071045,39730200.0
2010-04-28,5.430946350097656,22352500.0
2010-04-29,5.53329610824585,24888900.0
2010-04-30,5.654839515686035,30368300.0
2010-05-03,5.654839515686035,20912900.0
2010-05-04,5.488518238067627,25258700.0
2010-05-05,5.546091079711914,24758100.0
2010-05-06,5.251833915710449,43556500.0
2010-05-07,5.111103057861328,46609300.0
2010-05-10,5.443740367889404,28882900.0
2010-05-11,5.546091079711914,32127900.0
2010-05-12,5.635648727416992,20856400.0
2010-05-13,5.590868949890137,17484400.0
2010-05-14,5.283819675445557,34245400.0
2010-05-17,5.29021692276001,27055800.0
2010-05-18,5.066325664520264,28755000.0
2010-05-19,5.002355575561523,36775400.0
2010-05-20,4.6377339363098145,40050400.0
2010-05-21,4.77846622467041,42828400.0
2010-05-24,4.605748653411865,20185700.0
2010-05-25,4.76567268371582,35971100.0
2010-05-26,4.7336883544921875,23517500.0
2010-05-27,5.040739059448242,23019100.0
2010-05-28,4.8808159828186035,16599800.0
2010-06-01,4.720894813537598,17244200.0
2010-06-02,4.9191975593566895,13643300.0
2010-06-03,4.887212753295898,13181400.0
2010-06-04,4.560971736907959,25696900.0
2010-06-07,4.420241832733154,20635000.0
2010-06-08,4.541780948638916,34936300.0
2010-06-09,4.343479633331299,30532600.0
2010-06-10,4.580161094665527,23385000.0
2010-06-11,4.516195774078369,19446800.0
2010-06-14,4.580161094665527,20885400.0
2010-06-15,4.701873779296875,16845500.0
2010-06-16,4.586569309234619,21471500.0
2010-06-17,4.580160617828369,19927900.0
2010-06-18,4.580160617828369,14760300.0
2010-06-21,4.592973232269287,19478200.0
2010-06-22,4.484074115753174,16738900.0
2010-06-23,4.5289177894592285,17371600.0
2010-06-24,4.362365245819092,23105800.0
2010-06-25,4.477670669555664,24197300.0
2010-06-28,4.535323619842529,18553900.0
2010-06-29,4.330337047576904,29651000.0
2010-06-30,4.215031147003174,17448800.0
2010-07-01,4.093321323394775,27632300.0
2010-07-02,3.9972338676452637,18842300.0
2010-07-06,4.1061320304870605,21651600.0
2010-07-07,4.2406535148620605,30843900.0
2010-07-08,4.375175476074219,24643800.0
2010-07-09,4.580160617828369,20138500.0
2010-07-12,4.637815952301025,20507200.0
2010-07-13,4.727497577667236,18449600.0
2010-07-14,4.580160617828369,22484800.0
2010-07-15,4.496886253356934,23794800.0
2010-07-16,4.1958136558532715,21697500.0
2010-07-19,4.27908992767334,19111600.0
2010-07-20,4.202218055725098,21502600.0
2010-07-21,3.971608877182007,36413200.0
2010-07-22,4.227842330932617,22231500.0
2010-07-23,4.259871959686279,19309800.0
2010-07-26,4.541728496551514,26631800.0
2010-07-27,4.618597507476807,44147800.0
2010-07-28,4.663437366485596,23070800.0
2010-07-29,4.733903408050537,24413000.0
2010-07-30,4.695468902587891,17229200.0
2010-08-02,4.93248176574707,22209600.0
2010-08-03,4.855612277984619,15767500.0
2010-08-04,4.868423938751221,13133200.0
2010-08-05,4.785149574279785,15962800.0
2010-08-06,4.740307807922363,13619600.0
2010-08-09,4.8620195388793945,16787900.0
2010-08-10,4.913264751434326,19654500.0
2010-08-11,4.592973232269287,17501300.0
2010-08-12,4.573757171630859,13204900.0
2010-08-13,4.580160617828369,12732300.0
2010-08-16,4.599380016326904,14887200.0
2010-08-17,4.580160617828369,12800200.0
2010-08-18,4.618597507476807,27061800.0
2010-08-19,4.44564151763916,15343400.0
2010-08-20,4.368769645690918,12275700.0
2010-08-23,4.381582736968994,13209400.0
2010-08-24,4.202218055725098,12927800.0
2010-08-25,4.150971412658691,20586000.0
2010-08-26,4.067697525024414,17536100.0
2010-08-27,4.227842330932617,13131000.0
2010-08-30,4.099727153778076,12162800.0
2010-08-31,4.118943691253662,14442000.0
2010-09-01,4.387988567352295,13605300.0
2010-09-02,4.439234733581543,8420200.0
2010-09-03,4.413610935211182,13639000.0
2010-09-07,4.208625793457031,12109400.0
2010-09-08,4.407207012176514,16209400.0
2010-09-09,4.426422595977783,13851400.0
2010-09-10,4.413610935211182,8154300.0
2010-09-13,4.663437366485596,13918500.0
2010-09-14,4.573757171630859,20255100.0
2010-09-15,4.483950614929199,16751600.0
2010-09-16,4.4582905769348145,9689700.0
2010-09-17,4.381314754486084,25635200.0
2010-09-20,4.528853416442871,24188100.0
2010-09-21,4.548097133636475,19284000.0
2010-09-22,4.432631492614746,13547000.0
2010-09-23,4.336407661437988,13444600.0
2010-09-24,4.4582905769348145,14530900.0
2010-09-27,4.471120357513428,10829200.0
2010-09-28,4.554513454437256,14300300.0
2010-09-29,4.625075817108154,28155000.0
2010-09-30,4.663564205169678,16714300.0
2010-10-01,4.605831146240234,12211600.0
2010-10-04,4.644319534301758,11761000.0
2010-10-05,4.836765289306641,18308000.0
2010-10-06,4.811105728149414,9105500.0
2010-10-07,4.721297264099121,12562500.0
2010-10-08,4.7597856521606445,9048600.0
2010-10-11,4.695638656616211,5744000.0
2010-10-12,4.791860580444336,8845300.0
2010-10-13,4.682810306549072,12596700.0
2010-10-14,4.599414348602295,14106900.0
2010-10-15,4.528853416442871,14005700.0
2010-10-18,4.714883327484131,11702900.0
2010-10-19,4.708467483520508,17524800.0
2010-10-20,4.66997766494751,19653500.0
2010-10-21,4.66997766494751,14803400.0
2010-10-22,4.580171585083008,12958000.0
2010-10-25,4.509609222412109,14203800.0
2010-10-26,4.156795024871826,53827900.0
2010-10-27,4.0862321853637695,19982900.0
2010-10-28,4.034912586212158,31014900.0
2010-10-29,4.041327953338623,19494000.0
2010-11-01,3.9964256286621094,12189000.0
2010-11-02,3.9258623123168945,19734100.0
2010-11-03,4.041327953338623,19403100.0
2010-11-04,4.19528341293335,24216400.0
2010-11-05,4.1375508308410645,39522700.0
2010-11-08,4.066988468170166,22154300.0
2010-11-09,3.9771783351898193,23531400.0
2010-11-10,4.009252548217773,21403000.0
2010-11-11,4.11189079284668,23826700.0
2010-11-12,3.94510817527771,20555200.0
2010-11-15,3.9771783351898193,15669500.0
2010-11-16,3.797565221786499,79418100.0
2010-11-17,3.553802967071533,73884200.0
2010-11-18,3.406262159347534,124940100.0
2010-11-19,3.5281431674957275,56849500.0
2010-11-22,3.4319214820861816,30803400.0
2010-11-23,3.342113971710205,72941200.0
2010-11-24,3.361358880996704,22443600.0
2010-11-26,3.3677732944488525,7149000.0
2010-11-29,3.4447507858276367,25187500.0
2010-11-30,3.451167345046997,22928800.0
2010-12-01,3.6371943950653076,28193000.0
2010-12-02,3.887371063232422,47685000.0
2010-12-03,3.900202512741089,20281800.0
2010-12-06,3.893786907196045,24239800.0
2010-12-07,3.855297803878784,18902400.0
2010-12-08,4.060572624206543,42035100.0
2010-12-09,4.1696248054504395,36481200.0
2010-12-10,4.143964767456055,19232300.0
2010-12-13,4.201697826385498,47789900.0
2010-12-14,3.9835944175720215,36139600.0
2010-12-15,4.054272174835205,96752400.0
2010-12-16,3.9386186599731445,34668700.0
2010-12-17,4.009295463562012,39878000.0
2010-12-20,4.054272174835205,15469700.0
2010-12-21,4.144224643707275,15716900.0
2010-12-22,4.4397807121276855,40880000.0
2010-12-23,4.336977481842041,13063000.0
2010-12-27,4.34340238571167,16492900.0
2010-12-28,4.3626790046691895,8354300.0
2010-12-29,4.414079189300537,17977300.0
2010-12-30,4.446206092834473,10544900.0
2010-12-31,4.4976067543029785,9530400.0
2011-01-03,4.5425825119018555,19962600.0
2011-01-04,4.516882419586182,15605100.0
2011-01-05,4.632535457611084,15210700.0
2011-01-06,4.587558746337891,28247400.0
2011-01-07,4.510456085205078,25453800.0
2011-01-10,4.529733180999756,18965700.0
2011-01-11,4.638960361480713,16387800.0
2011-01-12,4.671085834503174,20313000.0
2011-01-13,4.651810169219971,15014400.0
2011-01-14,4.799589157104492,26048800.0
2011-01-18,4.850988864898682,22865800.0
2011-01-19,4.58113431930542,19513900.0
2011-01-20,4.645383834838867,21217300.0
2011-01-21,4.754612445831299,16576500.0
2011-01-24,4.69036340713501,15919100.0
2011-01-25,4.510456085205078,46595600.0
2011-01-26,4.478331565856934,30926300.0
2011-01-27,4.593984603881836,22602800.0
2011-01-28,4.420506477355957,27082300.0
2011-01-31,4.561859130859375,17078900.0
2011-02-01,4.703212738037109,25725200.0
2011-02-02,4.658236026763916,12138700.0
2011-02-03,4.83814001083374,41935200.0
2011-02-04,5.037320137023926,43875600.0
2011-02-07,5.00519323348999,17263800.0
2011-02-08,5.011619567871094,22539500.0
2011-02-09,4.889542102813721,15236300.0
2011-02-10,4.966643810272217,12961600.0
2011-02-11,5.15297269821167,19037600.0
2011-02-14,5.082295894622803,12170100.0
2011-02-15,5.037320137023926,9540100.0
2011-02-16,4.985918998718262,14388700.0
2011-02-17,4.947367191314697,11181900.0
2011-02-18,5.00519323348999,12778500.0
2011-02-22,4.741763591766357,17266200.0
2011-02-23,4.741763591766357,14627800.0
2011-02-24,4.7610368728637695,12531500.0
2011-02-25,4.857415676116943,9274600.0
2011-02-28,4.908816814422607,9888000.0
2011-03-01,4.773889064788818,15105800.0
2011-03-02,4.799589157104492,10884000.0
2011-03-03,4.921665668487549,13455500.0
2011-03-04,4.806013107299805,12890500.0
2011-03-07,4.7610368728637695,12924100.0
2011-03-08,4.908816814422607,10329300.0
2011-03-09,4.966643810272217,20795500.0
2011-03-10,4.716062068939209,15180700.0
2011-03-11,4.806013107299805,12273300.0
2011-03-14,4.741763591766357,12158800.0
2011-03-15,4.7096381187438965,13461400.0
2011-03-16,4.632430076599121,13743000.0
2011-03-17,4.728939056396484,12127800.0
2011-03-18,4.568089962005615,43529600.0
2011-03-21,4.664599418640137,13042400.0
2011-03-22,4.696770668029785,14467600.0
2011-03-23,4.613126277923584,12838400.0
2011-03-24,4.587392807006836,8867100.0
2011-03-25,4.619561195373535,7712600.0
2011-03-28,4.593825817108154,6201300.0
2011-03-29,4.600260257720947,4989800.0
2011-03-30,4.651730537414551,14274400.0
2011-03-31,4.67103385925293,8638800.0
2011-04-01,4.690334320068359,13157800.0
2011-04-04,4.696770668029785,8935100.0
2011-04-05,4.625996112823486,9807500.0
2011-04-06,4.773975372314453,15023300.0
2011-04-07,4.716070652008057,8257400.0
2011-04-08,4.67746639251709,8317900.0
2011-04-11,4.67103385925293,5224300.0
2011-04-12,4.67746639251709,8016900.0
2011-04-13,4.638863563537598,12864300.0
2011-04-14,4.658165454864502,11618400.0
2011-04-15,4.613126277923584,12432300.0
2011-04-18,4.490882396697998,18570600.0
2011-04-19,4.613126277923584,37997800.0
2011-04-20,4.542355537414551,13776900.0
2011-04-21,4.613126277923584,10980500.0
2011-04-25,4.600260257720947,7269400.0
2011-04-26,4.722503662109375,12900000.0
2011-04-27,4.748240947723389,11759100.0
2011-04-28,4.786844730377197,9795800.0
2011-04-29,4.722503662109375,9251800.0
2011-05-02,4.728939056396484,6610200.0
2011-05-03,4.741807460784912,9194200.0
2011-05-04,4.741807460784912,10775800.0
2011-05-05,4.57452392578125,16146600.0
2011-05-06,4.561655044555664,22796500.0
2011-05-09,4.580959320068359,8403000.0
2011-05-10,4.587392807006836,12781800.0
2011-05-11,4.587392807006836,9886100.0
2011-05-12,4.613126277923584,14324900.0
2011-05-13,4.5359206199646,12441000.0
2011-05-16,4.587392807006836,12319600.0
2011-05-17,4.664599418640137,11747000.0
2011-05-18,4.587392807006836,19479800.0
2011-05-19,4.568089962005615,12779500.0
2011-05-20,4.471581935882568,18277100.0
2011-05-23,4.394375801086426,13387700.0
2011-05-24,4.355771064758301,15347400.0
2011-05-25,4.3750739097595215,8485400.0
2011-05-26,4.465146541595459,9183100.0
2011-05-27,4.490882396697998,8359000.0
2011-05-31,4.542355537414551,10998500.0
2011-06-01,4.207790374755859,27865000.0
2011-06-02,4.207790374755859,14516800.0
2011-06-03,4.091979026794434,15828000.0
2011-06-06,3.8925280570983887,35134200.0
2011-06-07,3.905395269393921,16943100.0
2011-06-08,3.9439988136291504,20512300.0
2011-06-09,3.9375646114349365,28643300.0
2011-06-10,3.9504342079162598,21214400.0
2011-06-13,3.8925280570983887,37826200.0
2011-06-14,4.0276408195495605,25911900.0
2011-06-15,3.963197708129883,26063000.0
2011-06-16,3.9696414470672607,19423600.0
2011-06-17,4.040528774261475,37657500.0
2011-06-20,3.9889748096466064,15836300.0
2011-06-21,4.05986213684082,10575500.0
2011-06-22,4.001863479614258,28014000.0
2011-06-23,3.9760849475860596,20292000.0
2011-06-24,3.827869415283203,19594800.0
2011-06-27,3.827869415283203,24294800.0
2011-06-28,3.827869415283203,14624600.0
2011-06-29,3.956753969192505,19652200.0
2011-06-30,3.9954187870025635,11250200.0
2011-07-01,4.05986213684082,12580000.0
2011-07-05,3.9760849475860596,12274600.0
2011-07-06,3.879422187805176,21705500.0
2011-07-07,3.9760849475860596,16550600.0
2011-07-08,3.963197708129883,16166300.0
2011-07-11,3.8020920753479004,11877300.0
2011-07-12,3.8665356636047363,17227700.0
2011-07-13,3.834312915802002,14748600.0
2011-07-14,3.7956480979919434,15267600.0
2011-07-15,3.8600902557373047,14526700.0
2011-07-18,3.7634260654449463,19009100.0
2011-07-19,3.8020920753479004,13969300.0
2011-07-20,3.872978925704956,14464700.0
2011-07-21,4.0147528648376465,22338700.0
2011-07-22,3.9954187870025635,9152100.0
2011-07-25,4.001863479614258,16714800.0
2011-07-26,4.137191295623779,29206400.0
2011-07-27,3.950310468673706,22731100.0
2011-07-28,3.9760849475860596,10539900.0
2011-07-29,3.924532890319824,13362100.0
2011-08-01,3.80853533744812,38487900.0
2011-08-02,3.6732072830200195,37248400.0
2011-08-03,3.718317985534668,52328200.0
2011-08-04,3.441215753555298,44492800.0
2011-08-05,3.2865545749664307,51296600.0
2011-08-08,2.8419029712677,39322300.0
2011-08-09,3.0803399085998535,28100600.0
2011-08-10,2.7259068489074707,22353200.0
2011-08-11,2.899901866912842,22526600.0
2011-08-12,2.7710158824920654,27470300.0
2011-08-15,2.932121992111206,18312300.0
2011-08-16,2.8290157318115234,16753900.0
2011-08-17,2.925678253173828,20354800.0
2011-08-18,2.700129508972168,25175900.0
2011-08-19,2.487471342086792,30736700.0
2011-08-22,2.500358819961548,28057500.0
2011-08-23,2.597022533416748,18383000.0
2011-08-24,2.680797815322876,21787600.0
2011-08-25,2.6099109649658203,28893400.0
2011-08-26,2.655019521713257,21710500.0
2011-08-29,2.8676798343658447,14104600.0
2011-08-30,2.8870129585266113,21047900.0
2011-08-31,2.925678253173828,14342000.0
2011-09-01,2.7774603366851807,13475600.0
2011-09-02,2.6614651679992676,16496200.0
2011-09-06,2.506802797317505,24733200.0
2011-09-07,2.8161261081695557,30761000.0
2011-09-08,2.693685531616211,23556000.0
2011-09-09,2.558356523513794,25915300.0
2011-09-12,2.5712461471557617,28120900.0
2011-09-13,2.51324725151062,32058400.0
2011-09-14,2.474482536315918,43244000.0
2011-09-15,2.539090871810913,32222900.0
2011-09-16,2.5843160152435303,29350600.0
2011-09-19,2.461561679840088,23983100.0
2011-09-20,2.442178726196289,22750300.0
2011-09-21,2.33880615234375,25442400.0
2011-09-22,2.209589958190918,27411800.0
2011-09-23,2.2160518169403076,31923100.0
2011-09-26,2.3258845806121826,22504500.0
2011-09-27,2.3323445320129395,26274500.0
2011-09-28,2.2160518169403076,30331300.0
2011-09-29,2.2935805320739746,22082800.0
2011-09-30,2.151442766189575,19438600.0
2011-10-03,1.9511587619781494,39222500.0
2011-10-04,2.06099271774292,48196900.0
2011-10-05,2.151442766189575,31151800.0
2011-10-06,2.364650249481201,36457600.0
2011-10-07,2.1966686248779297,26245300.0
2011-10-10,2.3258845806121826,30720300.0
2011-10-11,2.3452675342559814,35357000.0
2011-10-12,2.4680216312408447,31929500.0
2011-10-13,2.3775711059570312,17848100.0
2011-10-14,2.3904922008514404,22807000.0
2011-10-17,2.2354342937469482,18460400.0
2011-10-18,2.474482536315918,28474000.0
2011-10-19,2.403413772583008,25055100.0
2011-10-20,2.3840324878692627,22304300.0
2011-10-21,2.442178726196289,26251900.0
2011-10-24,2.5197083950042725,26302200.0
2011-10-25,2.3969531059265137,51002600.0
2011-10-26,2.4809439182281494,26394900.0
2011-10-27,2.7393746376037598,40336600.0
2011-10-28,2.7587568759918213,27292500.0
2011-10-31,2.539090871810913,20626600.0
2011-11-01,2.3904922008514404,31261000.0
2011-11-02,2.506786823272705,23103800.0
2011-11-03,2.577855348587036,46191100.0
2011-11-04,2.5972373485565186,26084800.0
2011-11-07,2.6876888275146484,25109700.0
2011-11-08,2.829827070236206,49531700.0
2011-11-09,2.6360020637512207,40666800.0
2011-11-10,2.674767017364502,37694100.0
2011-11-11,2.694149971008301,27932300.0
2011-11-14,2.5972373485565186,25422200.0
2011-11-15,2.6101601123809814,35654000.0
2011-11-16,2.6101601123809814,27342800.0
2011-11-17,2.5455517768859863,28078600.0
2011-11-18,2.648922920227051,30265400.0
2011-11-21,2.564934492111206,20504900.0
2011-11-22,2.5197083950042725,17226100.0
2011-11-23,2.3775711059570312,18056600.0
2011-11-25,2.3840324878692627,8919500.0
2011-11-28,2.442178726196289,16663600.0
2011-11-29,2.3194236755371094,37564200.0
2011-11-30,2.6553854942321777,37510200.0
2011-12-01,2.6618454456329346,20822500.0
2011-12-02,2.7264533042907715,27107900.0
2011-12-05,2.7846009731292725,27032500.0
2011-12-06,2.6876888275146484,27504300.0
2011-12-07,2.6812283992767334,21198200.0
2011-12-08,2.5843160152435303,25080600.0
2011-12-09,2.6618454456329346,19569700.0
2011-12-12,2.5843160152435303,16921800.0
2011-12-13,2.603699207305908,21571400.0
2011-12-14,2.5777909755706787,17650600.0
2011-12-15,2.5713138580322266,13066000.0
2011-12-16,2.5842678546905518,15493000.0
2011-12-19,2.4741621017456055,14526300.0
2011-12-20,2.655513048171997,16312600.0
2011-12-21,2.733236074447632,15449400.0
2011-12-22,2.849820137023926,14638200.0
2011-12-23,2.849820137023926,6548000.0
2011-12-27,2.8239123821258545,7154100.0
2011-12-28,2.7461891174316406,8561900.0
2011-12-29,2.8239123821258545,10940300.0
2011-12-30,2.785051107406616,6497900.0
2012-01-03,2.817434310913086,14255500.0
2012-01-04,2.8109591007232666,16914500.0
2012-01-05,2.9275431632995605,31886900.0
2012-01-06,2.8562963008880615,18310300.0
2012-01-09,2.934018850326538,25590700.0
2012-01-10,3.0441248416900635,19395200.0
2012-01-11,3.108893632888794,18766800.0
2012-01-12,3.0376479625701904,42072700.0
2012-01-13,3.102417469024658,25850900.0
2012-01-17,3.108893632888794,17048500.0
2012-01-18,3.180140256881714,15687500.0
2012-01-19,3.1995689868927,18676200.0
2012-01-20,3.180140256881714,21891000.0
2012-01-23,3.1866159439086914,27691600.0
2012-01-24,3.3873980045318604,43505100.0
2012-01-25,3.4456911087036133,27643900.0
2012-01-26,3.3485376834869385,22767900.0
2012-01-27,3.4392144680023193,18874500.0
2012-01-30,3.3485376834869385,12166300.0
2012-01-31,3.380922555923462,19252800.0
2012-02-01,3.4456911087036133,16561000.0
2012-02-02,3.5234124660491943,19688400.0
2012-02-03,3.652949810028076,23756800.0
2012-02-06,3.620565891265869,13781200.0
2012-02-07,3.620565891265869,10433400.0
2012-02-08,3.575228214263916,15727000.0
2012-02-09,3.6788570880889893,17024600.0
2012-02-10,3.672381639480591,20558100.0
2012-02-13,3.7241952419281006,23185800.0
2012-02-14,3.6594276428222656,14735300.0
2012-02-15,3.743626832962036,29291400.0
2012-02-16,3.8278257846832275,20137500.0
2012-02-17,3.886117458343506,17081400.0
2012-02-21,3.8731637001037598,17806200.0
2012-02-22,3.7565813064575195,18396100.0
2012-02-23,3.8278257846832275,27750600.0
2012-02-24,3.7565813064575195,9875200.0
2012-02-27,3.7760112285614014,18419100.0
2012-02-28,3.7760112285614014,17490800.0
2012-02-29,3.730672597885132,19058100.0
2012-03-01,3.7889647483825684,13853400.0
2012-03-02,3.8602094650268555,22915200.0
2012-03-05,3.8407793045043945,15356100.0
2012-03-06,3.7241952419281006,19287600.0
2012-03-07,3.7760112285614014,19252400.0
2012-03-08,3.7501020431518555,20082600.0
2012-03-09,3.7565813064575195,16154800.0
2012-03-12,3.6464731693267822,20877500.0
2012-03-13,3.743626832962036,36250700.0
2012-03-14,4.003148555755615,155278200.0
2012-03-15,4.178326606750488,63855600.0
2012-03-16,4.158864498138428,54444600.0
2012-03-19,4.119935512542725,48507500.0
2012-03-20,4.1913042068481445,48395500.0
2012-03-21,4.275650501251221,61527300.0
2012-03-22,4.178326606750488,21917200.0
2012-03-23,4.171840190887451,27746500.0
2012-03-26,4.288625240325928,19665500.0
2012-03-27,4.269162654876709,23439400.0
2012-03-28,4.249695777893066,19884700.0
2012-03-29,4.230233192443848,16993600.0
2012-03-30,4.275650501251221,24444800.0
2012-04-02,4.269162654876709,14670100.0
2012-04-03,4.314578056335449,28854500.0
2012-04-04,4.197793006896973,29464300.0
2012-04-05,4.171840190887451,27900000.0
2012-04-09,4.035590171813965,18491500.0
2012-04-10,3.9447572231292725,27960000.0
2012-04-11,4.016125679016113,22752400.0
2012-04-12,4.08749532699585,12921900.0
2012-04-13,3.964221477508545,28571400.0
2012-04-16,4.029102325439453,24395300.0
2012-04-17,4.0810065269470215,19852300.0
2012-04-18,4.029102325439453,15807400.0
2012-04-19,3.9707083702087402,17409900.0
2012-04-20,3.9382688999176025,23152700.0
2012-04-23,3.9512441158294678,21115400.0
2012-04-24,4.184817314147949,51517300.0
2012-04-25,4.314578056335449,37160700.0
2012-04-26,4.379459857940674,21268800.0
2012-04-27,4.463804244995117,22356400.0
2012-04-30,4.372970104217529,20117200.0
2012-05-01,4.437849998474121,18861000.0
2012-05-02,4.418385982513428,14286100.0
2012-05-03,4.528685092926025,34477100.0
2012-05-04,4.347018241882324,32698900.0
2012-05-07,4.353506565093994,24332500.0
2012-05-08,4.347018241882324,22575900.0
2012-05-09,4.256185531616211,33502000.0
2012-05-10,4.327554702758789,21164700.0
2012-05-11,4.321065902709961,13481100.0
2012-05-14,4.1913042068481445,21945200.0
2012-05-15,4.106959819793701,35380700.0
2012-05-16,4.068031311035156,19353100.0
2012-05-17,4.016125679016113,22373800.0
2012-05-18,3.9771971702575684,16579200.0
2012-05-21,4.0226149559021,20118400.0
2012-05-22,4.0810065269470215,22049500.0
2012-05-23,4.0939836502075195,21528000.0
2012-05-24,4.106959819793701,22893100.0
2012-05-25,4.100471019744873,9416400.0
2012-05-29,4.184817314147949,15164100.0
2012-05-30,4.0226149559021,14664800.0
2012-05-31,4.0810065269470215,16986000.0
2012-06-01,3.8149938583374023,27797500.0
2012-06-04,3.60088849067688,40786500.0
2012-06-05,3.6657698154449463,19725900.0
2012-06-06,3.8604111671447754,21829000.0
2012-06-07,3.9512441158294678,23843500.0
2012-06-08,3.990173816680908,22293400.0
2012-06-11,3.892852783203125,16793300.0
2012-06-12,4.016125679016113,14956900.0
2012-06-13,4.022623062133789,16707100.0
2012-06-14,4.113603115081787,20100500.0
2012-06-15,4.191588878631592,19923300.0
2012-06-18,4.308562755584717,29114800.0
2012-06-19,4.373547554016113,20341200.0
2012-06-20,4.380046367645264,16161200.0
2012-06-21,4.230578899383545,17156500.0
2012-06-22,4.334555625915527,11907500.0
2012-06-25,4.159094333648682,12591700.0
2012-06-26,4.1331000328063965,30158900.0
2012-06-27,4.165594100952148,38252700.0
2012-06-28,4.250074863433838,26919600.0
2012-06-29,4.386546611785889,13872500.0
2012-07-02,4.451531887054443,16385300.0
2012-07-03,4.458031177520752,7056400.0
2012-07-05,4.380046367645264,12849100.0
2012-07-06,4.341055870056152,12283000.0
2012-07-09,4.308562755584717,17789100.0
2012-07-10,4.178589820861816,19003300.0
2012-07-11,4.263070583343506,17732200.0
2012-07-12,4.204583644866943,17688100.0
2012-07-13,4.35405158996582,10887200.0
2012-07-16,4.328059673309326,8572300.0
2012-07-17,4.451531887054443,22593800.0
2012-07-18,4.3670501708984375,14706800.0
2012-07-19,4.321560859680176,13646200.0
2012-07-20,4.165594100952148,24504700.0
2012-07-23,4.152597427368164,19290200.0
2012-07-24,4.321560859680176,55122200.0
2012-07-25,4.4905219078063965,54846100.0
2012-07-26,4.594501495361328,25423800.0
2012-07-27,4.613994121551514,23248600.0
2012-07-30,4.581502914428711,14821100.0
2012-07-31,4.523015022277832,14849100.0
2012-08-01,4.458031177520752,17424300.0
2012-08-02,4.3670501708984375,24547200.0
2012-08-03,4.5035200119018555,19831800.0
2012-08-06,4.549009799957275,13054000.0
2012-08-07,4.523015022277832,16338400.0
2012-08-08,4.497021198272705,14447300.0
2012-08-09,4.529513835906982,15703400.0
2012-08-10,4.549009799957275,9166000.0
2012-08-13,4.542511463165283,14514300.0
2012-08-14,4.581502914428711,19726600.0
2012-08-15,4.581502914428711,9341800.0
2012-08-16,4.639991283416748,14300200.0
2012-08-17,4.652985572814941,9880200.0
2012-08-20,4.633491516113281,7563500.0
2012-08-21,4.568506717681885,10697900.0
2012-08-22,4.607497215270996,11480800.0
2012-08-23,4.555509090423584,9530500.0
2012-08-24,4.665983200073242,11452000.0
2012-08-27,4.613994121551514,8758300.0
2012-08-28,4.620494842529297,8419900.0
2012-08-29,4.581502914428711,7254400.0
2012-08-30,4.568506717681885,9792900.0
2012-08-31,4.523015022277832,13472100.0
2012-09-04,4.555509090423584,10960700.0
2012-09-05,4.542511463165283,7440500.0
2012-09-06,4.69197940826416,19027800.0
2012-09-07,4.789456844329834,14310200.0
2012-09-10,4.8219523429870605,17988100.0
2012-09-11,4.763462543487549,19691000.0
2012-09-12,4.7439398765563965,19857900.0
2012-09-13,4.9391655921936035,31098100.0
2012-09-14,4.958686351776123,28851200.0
2012-09-17,4.809016227722168,16627700.0
2012-09-18,4.737432479858398,17647700.0
2012-09-19,4.978209495544434,43641900.0
2012-09-20,4.932657718658447,25494200.0
2012-09-21,4.893612384796143,18249300.0
2012-09-24,4.841551780700684,12356700.0
2012-09-25,4.69188117980957,16901000.0
2012-09-26,4.652835845947266,16307300.0
2012-09-27,4.737432479858398,16239800.0
2012-09-28,4.685373783111572,10087700.0
2012-10-01,4.6398210525512695,11909800.0
2012-10-02,4.665852069854736,12283200.0
2012-10-03,4.763463973999023,16736500.0
2012-10-04,4.887104034423828,44795100.0
2012-10-05,4.926149368286133,17987200.0
2012-10-08,4.880595684051514,9858800.0
2012-10-09,4.83504581451416,12167700.0
2012-10-10,4.913135051727295,15323100.0
2012-10-11,4.958686351776123,12061600.0
2012-10-12,4.737432479858398,22036700.0
2012-10-15,4.809016227722168,20387000.0
2012-10-16,4.626807689666748,29515100.0
2012-10-17,4.672357559204102,24020200.0
2012-10-18,4.698388576507568,21805800.0
2012-10-19,4.6398210525512695,19641500.0
2012-10-22,4.6072845458984375,29660100.0
2012-10-23,4.255880355834961,78830800.0
2012-10-24,4.203821182250977,30320300.0
2012-10-25,4.301433086395264,26533000.0
2012-10-26,4.281911849975586,26657000.0
2012-10-31,4.242867946624756,25591900.0
2012-11-01,4.346985816955566,23302400.0
2012-11-02,4.3339715003967285,24937700.0
2012-11-05,4.281911849975586,17183800.0
2012-11-06,4.425076484680176,19538800.0
2012-11-07,4.249372959136963,26524100.0
2012-11-08,4.151762962341309,27716700.0
2012-11-09,4.1973137855529785,14840500.0
2012-11-12,4.249372959136963,15816400.0
2012-11-13,4.1973137855529785,18309400.0
2012-11-14,4.067164421081543,23220300.0
2012-11-15,4.099701881408691,25281900.0
2012-11-16,4.1127166748046875,26944600.0
2012-11-19,4.210327625274658,13808300.0
2012-11-20,4.301433086395264,19592600.0
2012-11-21,4.281911849975586,7115800.0
2012-11-23,4.3534932136535645,4336100.0
2012-11-26,4.3274641036987305,12192200.0
2012-11-27,4.288417816162109,16357400.0
2012-11-28,4.307940483093262,11786100.0
2012-11-29,4.3404765129089355,13022900.0
2012-11-30,4.3404765129089355,14760800.0
2012-12-03,4.281911849975586,11320800.0
2012-12-04,4.1973137855529785,19936000.0
2012-12-05,4.275403022766113,23887200.0
2012-12-06,4.255880355834961,10795600.0
2012-12-07,4.320955276489258,9829800.0
2012-12-10,4.366508960723877,11709500.0
2012-12-11,4.399043560028076,10245600.0
2012-12-12,4.418595314025879,17598900.0
2012-12-13,4.386009693145752,11013200.0
2012-12-14,4.366457939147949,8104500.0
2012-12-17,4.503317832946777,12274700.0
2012-12-18,4.594558238983154,26744500.0
2012-12-19,4.594558238983154,25171800.0
2012-12-20,4.679280757904053,13758300.0
2012-12-21,4.63366174697876,27942100.0
2012-12-24,4.555455684661865,8580900.0
2012-12-26,4.575007915496826,7859900.0
2012-12-27,4.555455684661865,10721100.0
2012-12-28,4.516353607177734,7146900.0
2012-12-31,4.646695137023926,13624400.0
2013-01-02,4.764002323150635,17693800.0
2013-01-03,4.777035713195801,22191900.0
2013-01-04,4.946481227874756,22613400.0
2013-01-07,4.861761093139648,13545500.0
2013-01-08,4.822657585144043,14243500.0
2013-01-09,4.757486820220947,15827800.0
2013-01-10,4.790071487426758,17753800.0
2013-01-11,4.718381881713867,18322100.0
2013-01-14,4.685797214508057,13721500.0
2013-01-15,4.750968933105469,19088600.0
2013-01-16,4.809622287750244,21398100.0
2013-01-17,4.85524320602417,20294300.0
2013-01-18,4.842207431793213,18960500.0
2013-01-22,5.0572733879089355,37498500.0
2013-01-23,4.99210262298584,22621500.0
2013-01-24,4.998618125915527,12471000.0
2013-01-25,5.011652946472168,12567700.0
2013-01-28,5.02468729019165,11641200.0
2013-01-29,5.02468729019165,19986400.0
2013-01-30,5.089857578277588,23375700.0
2013-01-31,5.070308208465576,26415700.0
2013-02-01,5.1354780197143555,17800100.0
2013-02-04,5.089857578277588,10836800.0
2013-02-05,5.168063640594482,15305000.0
2013-02-06,5.1745805740356445,16963200.0
2013-02-07,5.187614917755127,13759800.0
2013-02-08,5.168063640594482,8908400.0
2013-02-11,5.1745805740356445,17158600.0
2013-02-12,5.168063640594482,11306400.0
2013-02-13,5.115926265716553,18352200.0
2013-02-14,5.155029296875,12751900.0
2013-02-15,5.115926265716553,10253700.0
2013-02-19,5.187614917755127,12233800.0
2013-02-20,5.02468729019165,14877000.0
2013-02-21,4.946481227874756,23973600.0
2013-02-22,5.063789367675781,15388000.0
2013-02-25,4.8747944831848145,18348500.0
2013-02-26,4.8878278732299805,15518100.0
2013-02-27,4.966032981872559,11430600.0
2013-02-28,4.985583782196045,11554400.0
2013-03-01,5.02468729019165,17651400.0
2013-03-04,5.115926265716553,18824200.0
2013-03-05,5.1615471839904785,17692800.0
2013-03-06,5.23975133895874,28197600.0
2013-03-07,5.357061386108398,14117700.0
2013-03-08,5.3114399909973145,23946100.0
2013-03-11,5.415712356567383,12761300.0
2013-03-12,5.29840612411499,16614700.0
2013-03-13,5.383233070373535,15792200.0
2013-03-14,5.422382831573486,22810100.0
2013-03-15,5.4550089836120605,28238200.0
2013-03-18,5.3962812423706055,10948100.0
2013-03-19,5.409332275390625,15083100.0
2013-03-20,5.48110818862915,13419700.0
2013-03-21,5.363658428192139,10010700.0
2013-03-22,5.357132434844971,17160700.0
2013-03-25,5.402807235717773,9926500.0
2013-03-26,5.415857791900635,13455100.0
2013-03-27,5.363658428192139,11296300.0
2013-03-28,5.344082355499268,7841100.0
2013-04-01,5.233154296875,9929800.0
2013-04-02,5.246203899383545,20246800.0
2013-04-03,5.135278701782227,15034200.0
2013-04-04,5.200528144836426,8922800.0
2013-04-05,5.213578701019287,14532400.0
2013-04-08,5.246203899383545,10312400.0
2013-04-09,5.272305011749268,15188100.0
2013-04-10,5.370180606842041,11696600.0
2013-04-11,5.363658428192139,7872600.0
2013-04-12,5.2918806076049805,9023200.0
2013-04-15,5.089601993560791,14878900.0
2013-04-16,5.200528144836426,16890900.0
2013-04-17,5.083076000213623,12784800.0
2013-04-18,5.004774570465088,15995200.0
2013-04-19,5.109177589416504,12312800.0
2013-04-22,5.043924808502197,13024700.0
2013-04-23,5.226630210876465,24312100.0
2013-04-24,5.363658428192139,16023300.0
2013-04-25,5.428908348083496,15781600.0
2013-04-26,5.461533546447754,18355800.0
2013-04-29,5.494160175323486,12958600.0
2013-04-30,5.539834499359131,19998800.0
2013-05-01,5.500683784484863,17214600.0
2013-05-02,5.520260334014893,13190500.0
2013-05-03,5.598562240600586,13233900.0
2013-05-06,5.683390140533447,7999100.0
2013-05-07,5.696438789367676,12495400.0
2013-05-08,5.748641490936279,10197100.0
2013-05-09,5.748641490936279,15172600.0
2013-05-10,5.748641490936279,9702400.0
2013-05-13,5.768214702606201,9172900.0
2013-05-14,5.872618198394775,13326800.0
2013-05-15,5.9639692306518555,15372000.0
2013-05-16,5.839990139007568,14737300.0
2013-05-17,5.905243396759033,15019300.0
2013-05-20,5.970492362976074,13365200.0
2013-05-21,5.9770188331604,10670600.0
2013-05-22,5.885669231414795,16338900.0
2013-05-23,5.866094589233398,15793900.0
2013-05-24,5.937870025634766,12234400.0
2013-05-28,6.022694110870361,15628300.0
2013-05-29,6.042269229888916,14873500.0
2013-05-30,6.120573997497559,15413600.0
2013-05-31,5.957442760467529,17333800.0
2013-06-03,5.950920104980469,22932200.0
2013-06-04,5.859567642211914,19924900.0
2013-06-05,5.794315814971924,18810000.0
2013-06-06,5.8921918869018555,15185500.0
2013-06-07,6.009643077850342,20071900.0
2013-06-10,6.1075215339660645,22035500.0
2013-06-11,6.016169548034668,18512700.0
2013-06-12,5.937613010406494,18000900.0
2013-06-13,6.003076553344727,11367700.0
2013-06-14,5.878695487976074,14164100.0
2013-06-17,5.872148513793945,14743500.0
2013-06-18,5.9637980461120605,14771100.0
2013-06-19,5.937613010406494,18897200.0
2013-06-20,5.931066036224365,29187500.0
2013-06-21,5.957253456115723,29187300.0
2013-06-24,5.957253456115723,26617900.0
2013-06-25,6.068541049957275,13056800.0
2013-06-26,6.2387495040893555,22702400.0
2013-06-27,6.356584072113037,20494800.0
2013-06-28,6.2387495040893555,15855500.0
2013-07-01,6.37622594833374,12806200.0
2013-07-02,6.428595066070557,18019700.0
2013-07-03,6.467874050140381,9560100.0
2013-07-05,6.664267063140869,13319200.0
2013-07-08,6.644627571105957,16502800.0
2013-07-09,6.677361011505127,19810500.0
2013-07-10,6.631532192230225,18114300.0
2013-07-11,6.467874050140381,25174700.0
2013-07-12,6.546431541442871,14176600.0
2013-07-15,6.500606536865234,13011300.0
2013-07-16,6.37622594833374,25940500.0
2013-07-17,6.533337593078613,13162600.0
2013-07-18,6.697000026702881,16414100.0
2013-07-19,6.697000026702881,13346400.0
2013-07-22,6.821381092071533,19519500.0
2013-07-23,6.821381092071533,34590500.0
2013-07-24,6.690451622009277,19704400.0
2013-07-25,6.664267063140869,16872400.0
2013-07-26,6.697000026702881,10978700.0
2013-07-29,6.585710048675537,13308000.0
2013-07-30,6.572618007659912,17276200.0
2013-07-31,6.552975654602051,27569700.0
2013-08-01,6.716639518737793,18890800.0
2013-08-02,6.703543186187744,12861300.0
2013-08-05,6.710089683532715,7204200.0
2013-08-06,6.5595245361328125,13452000.0
2013-08-07,6.487514019012451,12508300.0
2013-08-08,6.500606536865234,11255100.0
2013-08-09,6.494059085845947,10860200.0
2013-08-12,6.4482340812683105,15257800.0
2013-08-13,6.467874050140381,11294200.0
2013-08-14,6.513700485229492,12576200.0
2013-08-15,6.422049522399902,14222200.0
2013-08-16,6.4416890144348145,14188700.0
2013-08-19,6.336945056915283,14287800.0
2013-08-20,6.4547810554504395,21645800.0
2013-08-21,6.4416890144348145,18017000.0
2013-08-22,6.585710048675537,12848900.0
2013-08-23,6.507150173187256,9969400.0
2013-08-26,6.422049522399902,10436100.0
2013-08-27,6.192924976348877,20356800.0
2013-08-28,6.179832458496094,14454000.0
2013-08-29,6.212562561035156,10545600.0
2013-08-30,6.153643608093262,9168700.0
2013-09-03,6.120914459228516,14264700.0
2013-09-04,6.212562561035156,16323600.0
2013-09-05,6.264934539794922,9079300.0
2013-09-06,6.251841068267822,13253900.0
2013-09-09,6.245296001434326,15267000.0
2013-09-10,6.323851585388184,16719000.0
2013-09-11,6.2713189125061035,8174000.0
2013-09-12,6.225349426269531,8416300.0
2013-09-13,6.251617908477783,6917000.0
2013-09-16,6.297584533691406,9681800.0
2013-09-17,6.330418109893799,11419200.0
2013-09-18,6.310719013214111,15766600.0
2013-09-19,6.048046588897705,36857600.0
2013-09-20,6.100580215454102,20894200.0
2013-09-23,5.956110954284668,22966200.0
2013-09-24,6.034912109375,23539200.0
2013-09-25,6.07431173324585,19929600.0
2013-09-26,6.02834415435791,7553500.0
2013-09-27,6.107146739959717,20922200.0
2013-09-30,6.080881118774414,13037600.0
2013-10-01,6.172813415527344,12132200.0
2013-10-02,6.126848220825195,9730600.0
2013-10-03,6.107146739959717,17761100.0
2013-10-04,6.192514896392822,11716900.0
2013-10-07,6.087447166442871,9151500.0
2013-10-08,6.054612636566162,14940800.0
2013-10-09,6.094013214111328,14863400.0
2013-10-10,6.218781471252441,25179500.0
2013-10-11,6.297584533691406,16567100.0
2013-10-14,6.382954120635986,12353600.0
2013-10-15,6.284450531005859,11439100.0
2013-10-16,6.4420552253723145,13392200.0
2013-10-17,6.527424335479736,16369300.0
2013-10-18,6.639062881469727,31126400.0
2013-10-21,6.5930914878845215,20361200.0
2013-10-22,6.356686115264893,51792600.0
2013-10-23,6.297584533691406,22468800.0
2013-10-24,6.26475191116333,17386300.0
2013-10-25,6.231917858123779,16669800.0
2013-10-28,6.277882099151611,11539600.0
2013-10-29,6.238485336303711,15554200.0
2013-10-30,6.26475191116333,16111500.0
2013-10-31,6.323850631713867,46873700.0
2013-11-01,6.2713189125061035,14832000.0
2013-11-04,6.205648422241211,12847000.0
2013-11-05,6.26475191116333,14482500.0
2013-11-06,6.205648422241211,21563400.0
2013-11-07,6.080881118774414,18588100.0
2013-11-08,6.422354698181152,37095500.0
2013-11-11,6.435486316680908,10476800.0
2013-11-12,6.330418109893799,10934000.0
2013-11-13,6.350119590759277,8358900.0
2013-11-14,6.4420552253723145,12771100.0
2013-11-15,6.468323230743408,17799900.0
2013-11-18,6.343552589416504,12320000.0
2013-11-19,6.291018486022949,13752900.0
2013-11-20,6.310719013214111,12090600.0
2013-11-21,6.396088600158691,11750500.0
2013-11-22,6.474891185760498,7004400.0
2013-11-25,6.448620796203613,9733100.0
2013-11-26,6.409221172332764,10263400.0
2013-11-27,6.448620796203613,9213000.0
2013-11-29,6.389520645141602,4863500.0
2013-12-02,6.396088600158691,12211500.0
2013-12-03,6.2713189125061035,16219300.0
2013-12-04,6.350119590759277,15705500.0
2013-12-05,6.277882099151611,10329700.0
2013-12-06,6.376388072967529,16302600.0
2013-12-09,6.323850631713867,15019300.0
2013-12-10,6.277882099151611,26578100.0
2013-12-11,6.205422401428223,15199700.0
2013-12-12,6.271297931671143,14537900.0
2013-12-13,6.277884483337402,14538200.0
2013-12-16,6.304234981536865,8494400.0
2013-12-17,6.271297931671143,8037700.0
2013-12-18,6.3239970207214355,18371400.0
2013-12-19,6.317408561706543,10970000.0
2013-12-20,6.343758583068848,17570900.0
2013-12-23,6.468920707702637,7419600.0
2013-12-24,6.488685131072998,3982800.0
2013-12-26,6.50844669342041,5327200.0
2013-12-27,6.475510597229004,4730400.0
2013-12-30,6.482097625732422,4707200.0
2013-12-31,6.515035152435303,6774500.0
2014-01-02,6.515035152435303,12170200.0
2014-01-03,6.50186014175415,6671400.0
2014-01-06,6.633609771728516,26432000.0
2014-01-07,6.653372287750244,21812600.0
2014-01-08,6.752182960510254,18251300.0
2014-01-09,6.883935451507568,33896400.0
2014-01-10,6.903697490692139,20615600.0
2014-01-13,6.791708946228027,16696700.0
2014-01-14,6.83123254776001,17881900.0
2014-01-15,7.002509117126465,22993200.0
2014-01-16,6.903697490692139,13848300.0
2014-01-17,6.962985515594482,23296400.0
2014-01-21,7.154021263122559,39727600.0
2014-01-22,7.259421348571777,20300200.0
2014-01-23,7.193544864654541,24655000.0
2014-01-24,6.949809551239014,22183200.0
2014-01-27,6.857582092285156,16709100.0
2014-01-28,6.936634063720703,13402700.0
2014-01-29,6.791708946228027,18508700.0
2014-01-30,6.870760440826416,8568200.0
2014-01-31,6.6994829177856445,15592400.0
2014-02-03,6.468920707702637,18259200.0
2014-02-04,6.5677337646484375,15435900.0
2014-02-05,6.521622180938721,14989100.0
2014-02-06,6.765360355377197,17491000.0
2014-02-07,6.739012241363525,17551700.0
2014-02-10,6.719244956970215,10865400.0
2014-02-11,6.785122871398926,12210800.0
2014-02-12,6.752182960510254,9325400.0
2014-02-13,6.785122871398926,8496400.0
2014-02-14,6.81805944442749,7538400.0
2014-02-18,6.83123254776001,6282000.0
2014-02-19,6.653372287750244,13759000.0
2014-02-20,6.732421398162842,13315400.0
2014-02-21,6.745594024658203,10904700.0
2014-02-24,6.877346515655518,12908500.0
2014-02-25,6.883935451507568,13184200.0
2014-02-26,6.930046081542969,10871600.0
2014-02-27,6.962985515594482,7872000.0
2014-02-28,7.00909948348999,13617200.0
2014-03-03,6.936634063720703,11663900.0
2014-03-04,7.101321697235107,12966000.0
2014-03-05,7.068383693695068,15980100.0
2014-03-06,7.13425874710083,15066100.0
2014-03-07,7.2791852951049805,19680800.0
2014-03-10,7.180370330810547,14406100.0
2014-03-11,7.114496231079102,14468400.0
2014-03-12,7.101284503936768,10292800.0
2014-03-13,7.048438549041748,14290100.0
2014-03-14,7.02201509475708,10703700.0
2014-03-17,7.134317874908447,13999200.0
2014-03-18,7.1409196853637695,9476400.0
2014-03-19,7.325882911682129,21808600.0
2014-03-20,7.4646100997924805,21195200.0
2014-03-21,7.325882911682129,50564700.0
2014-03-24,7.312671661376953,19259400.0
2014-03-25,7.339093208312988,11775000.0
2014-03-26,7.266432285308838,13641300.0
2014-03-27,7.127709865570068,18555000.0
2014-03-28,7.233398914337158,13414300.0
2014-03-31,7.339093208312988,10591100.0
2014-04-01,7.431575298309326,14528800.0
2014-04-02,7.325882911682129,20477100.0
2014-04-03,7.31927490234375,12892100.0
2014-04-04,7.246612071990967,15490400.0
2014-04-07,7.094677925109863,15554700.0
2014-04-08,7.0418314933776855,12826900.0
2014-04-09,7.061650276184082,12992200.0
2014-04-10,6.7974138259887695,23123000.0
2014-04-11,6.718145370483398,21157600.0
2014-04-14,6.724750518798828,14060700.0
2014-04-15,6.784205913543701,13132700.0
2014-04-16,6.830444812774658,10698500.0
2014-04-17,6.751174449920654,17835300.0
2014-04-21,6.790809154510498,12494500.0
2014-04-22,6.863475322723389,19540100.0
2014-04-23,6.876685619354248,11883900.0
2014-04-24,6.810626029968262,11848900.0
2014-04-25,6.704934120178223,12863500.0
2014-04-28,6.652087211608887,15474500.0
2014-04-29,6.66530179977417,7174100.0
2014-04-30,6.698326587677002,10612600.0
2014-05-01,6.744568824768066,14076300.0
2014-05-02,6.764388561248779,11708700.0
2014-05-05,6.770992279052734,12099400.0
2014-05-06,6.678514003753662,10493100.0
2014-05-07,6.770992279052734,13393400.0
2014-05-08,6.718145370483398,14772200.0
2014-05-09,6.7775983810424805,8666200.0
2014-05-12,6.942746162414551,15253200.0
2014-05-13,6.889900207519531,13860400.0
2014-05-14,6.731355667114258,16732400.0
2014-05-15,6.632268905639648,20326600.0
2014-05-16,6.526575565338135,14274800.0
2014-05-19,6.625665187835693,8691700.0
2014-05-20,6.59263277053833,12059500.0
2014-05-21,6.671904563903809,7336000.0
2014-05-22,6.66530179977417,9021300.0
2014-05-23,6.652087211608887,8257400.0
2014-05-27,6.685116291046143,9732800.0
2014-05-28,6.671904563903809,11533200.0
2014-05-29,6.671904563903809,11312000.0
2014-05-30,6.731355667114258,10480600.0
2014-06-02,6.830444812774658,13729300.0
2014-06-03,6.896503925323486,14303200.0
2014-06-04,6.929534435272217,22393800.0
2014-06-05,7.002196311950684,16513300.0
2014-06-06,7.02201509475708,9165900.0
2014-06-09,7.167342662811279,16686800.0
2014-06-10,7.173949241638184,10491400.0
2014-06-11,7.120858669281006,10044900.0
2014-06-12,7.041219711303711,11706400.0
2014-06-13,7.107584476470947,17700900.0
2014-06-16,7.027950286865234,14502900.0
2014-06-17,7.1274943351745605,14556200.0
2014-06-18,7.120858669281006,14439800.0
2014-06-19,7.09431266784668,9665200.0
2014-06-20,7.147404193878174,30387900.0
2014-06-23,7.107584476470947,16961400.0
2014-06-24,7.0213093757629395,11715700.0
2014-06-25,7.087674140930176,14440600.0
2014-06-26,7.087674140930176,9688400.0
2014-06-27,7.08104133605957,10064600.0
2014-06-30,7.047860622406006,8954900.0
2014-07-01,7.140766143798828,9365500.0
2014-07-02,7.100947856903076,6844500.0
2014-07-03,7.213768005371094,5475100.0
2014-07-07,7.147404193878174,9994800.0
2014-07-08,7.014675617218018,9205200.0
2014-07-09,7.054492473602295,8271400.0
2014-07-10,7.001403331756592,12190300.0
2014-07-11,7.041219711303711,10612100.0
2014-07-14,7.047860622406006,5882300.0
2014-07-15,7.120858669281006,10682900.0
2014-07-16,7.054492473602295,10435100.0
2014-07-17,6.775764465332031,23119300.0
2014-07-18,6.802311897277832,16231300.0
2014-07-21,6.762492656707764,27103600.0
2014-07-22,6.70276403427124,27348800.0
2014-07-23,6.70276403427124,15607200.0
2014-07-24,6.828856945037842,15571800.0
2014-07-25,6.875309944152832,11916300.0
2014-07-28,6.795672416687012,10140800.0
2014-07-29,6.755857944488525,10627200.0
2014-07-30,6.8354926109313965,10200500.0
2014-07-31,6.729308605194092,14883200.0
2014-08-01,6.629764556884766,14464400.0
2014-08-04,6.59658145904541,12841300.0
2014-08-05,6.536855220794678,10879300.0
2014-08-06,6.530216693878174,12292400.0
2014-08-07,6.44394588470459,12710500.0
2014-08-08,6.477126121520996,13231100.0
2014-08-11,6.450581073760986,8277700.0
2014-08-12,6.463854789733887,6495700.0
2014-08-13,6.576671123504639,17097700.0
2014-08-14,6.570037841796875,8037000.0
2014-08-15,6.490398406982422,17638500.0
2014-08-18,6.603217124938965,9870600.0
2014-08-19,6.556763648986816,11614100.0
2014-08-20,6.609855651855469,7524100.0
2014-08-21,6.716036319732666,12001800.0
2014-08-22,6.70276403427124,7796400.0
2014-08-25,6.782400131225586,6990800.0
2014-08-26,6.808945655822754,11046700.0
2014-08-27,6.742580413818359,6079300.0
2014-08-28,6.709401607513428,5987100.0
2014-08-29,6.735944747924805,7311400.0
2014-09-02,6.755857944488525,16182400.0
2014-09-03,6.716036319732666,18234700.0
2014-09-04,6.729308605194092,10880700.0
2014-09-05,6.729308605194092,7557800.0
2014-09-08,6.735944747924805,7486000.0
2014-09-09,6.63640022277832,12066900.0
2014-09-10,6.803143501281738,17175000.0
2014-09-11,6.856500625610352,12638500.0
2014-09-12,6.9031901359558105,24691900.0
2014-09-15,6.856500625610352,14761400.0
2014-09-16,6.809813976287842,12224100.0
2014-09-17,6.923198699951172,25588300.0
2014-09-18,7.029913902282715,21650000.0
2014-09-19,6.9632182121276855,15740500.0
2014-09-22,6.896520137786865,14257800.0
2014-09-23,6.789807319641113,11504500.0
2014-09-24,6.789807319641113,14148600.0
2014-09-25,6.709766864776611,11407700.0
2014-09-26,6.74978494644165,12727800.0
2014-09-29,6.709766864776611,10405100.0
2014-09-30,6.696425437927246,14261700.0
2014-10-01,6.596380233764648,15773800.0
2014-10-02,6.609720230102539,12609600.0
2014-10-03,6.736447334289551,15774500.0
2014-10-06,6.656408786773682,9175200.0
2014-10-07,6.576373100280762,24718000.0
2014-10-08,6.669747352600098,18163800.0
2014-10-09,6.482996463775635,19677600.0
2014-10-10,6.396288871765137,15840200.0
2014-10-13,6.289573669433594,19951200.0
2014-10-14,6.349601745605469,20649700.0
2014-10-15,6.069469928741455,30574900.0
2014-10-16,6.042792797088623,31833500.0
2014-10-17,6.069469928741455,25394500.0
2014-10-20,6.109489917755127,22126300.0
2014-10-21,6.1761884689331055,42954300.0
2014-10-22,6.1761884689331055,33571600.0
2014-10-23,6.276233196258545,19928800.0
2014-10-24,6.296243667602539,16111600.0
2014-10-27,6.269564151763916,12277000.0
2014-10-28,6.422969341278076,13103800.0
2014-10-29,6.509674549102783,17592300.0
2014-10-30,6.509674549102783,14804400.0
2014-10-31,6.62306022644043,17040200.0
2014-11-03,6.68975830078125,17205600.0
2014-11-04,6.676418781280518,15628200.0
2014-11-05,6.7431159019470215,20024600.0
2014-11-06,6.823153018951416,19488200.0
2014-11-07,6.776463508605957,17372900.0
2014-11-10,6.823153018951416,12227500.0
2014-11-11,6.796474933624268,8255300.0
2014-11-12,6.809813976287842,12349800.0
2014-11-13,6.783133506774902,11572400.0
2014-11-14,6.783133506774902,12756800.0
2014-11-17,6.736447334289551,10299000.0
2014-11-18,6.729776382446289,7940800.0
2014-11-19,6.716438293457031,10429400.0
2014-11-20,6.68975830078125,14458200.0
2014-11-21,6.696425437927246,10818000.0
2014-11-24,6.789807319641113,10152900.0
2014-11-25,6.763124465942383,10342500.0
2014-11-26,6.763124465942383,9158700.0
2014-11-28,6.716438293457031,6981100.0
2014-12-01,6.516345500946045,17304600.0
2014-12-02,6.576373100280762,15505900.0
2014-12-03,6.643072128295898,9670000.0
2014-12-04,6.7431159019470215,19004700.0
2014-12-05,6.916527271270752,24235300.0
2014-12-08,6.916527271270752,18258400.0
2014-12-09,6.969888687133789,16127000.0
2014-12-10,6.7956390380859375,16788900.0
2014-12-11,6.815745830535889,14805300.0
2014-12-12,6.7085185050964355,13203100.0
2014-12-15,6.607990741729736,15771000.0
2014-12-16,6.648200035095215,26967400.0
2014-12-17,6.8492536544799805,21592900.0
2014-12-18,6.996694087982178,19974200.0
2014-12-19,7.003397464752197,17396800.0
2014-12-22,7.04360818862915,8526400.0
2014-12-23,7.144134044647217,11369700.0
2014-12-24,7.150837421417236,4854400.0
2014-12-26,7.157537937164307,6512800.0
2014-12-29,7.191044807434082,10192400.0
2014-12-30,7.170942783355713,7921300.0
2014-12-31,7.077117919921875,6229100.0
2015-01-02,7.04360818862915,9557200.0
2015-01-05,6.802341461181641,12597500.0
2015-01-06,6.574482440948486,22149400.0
2015-01-07,6.614691734313965,14461900.0
2015-01-08,6.7152180671691895,14098600.0
2015-01-09,6.520866394042969,14962300.0
2015-01-12,6.393531322479248,17224200.0
2015-01-13,6.293003559112549,18948800.0
2015-01-14,6.138862133026123,24600800.0
2015-01-15,6.024932384490967,24855900.0
2015-01-16,6.078546524047852,41123500.0
2015-01-20,5.857385635375977,49734700.0
2015-01-21,5.837281227111816,26963100.0
2015-01-22,6.158969879150391,31189900.0
2015-01-23,6.038336277008057,22072000.0
2015-01-26,6.085246562957764,21049700.0
2015-01-27,6.011529922485352,19222300.0
2015-01-28,5.857385635375977,21154500.0
2015-01-29,5.931107044219971,21703400.0
2015-01-30,5.83057975769043,19817600.0
2015-02-02,5.984720230102539,21380800.0
2015-02-03,6.1053547859191895,18651600.0
2015-02-04,6.058441638946533,17204500.0
2015-02-05,6.165670394897461,14320000.0
2015-02-06,6.406936168670654,33160300.0
2015-02-09,6.272900104522705,18081100.0
2015-02-10,6.266197204589844,13432100.0
2015-02-11,6.246090412139893,16271300.0
2015-02-12,6.393531322479248,16265400.0
2015-02-13,6.380128383636475,10904200.0
2015-02-17,6.487358093261719,13310400.0
2015-02-18,6.373425483703613,11056500.0
2015-02-19,6.386828899383545,10257900.0
2015-02-20,6.473953723907471,10207100.0
2015-02-23,6.413637638092041,11831900.0
2015-02-24,6.480654239654541,12723200.0
2015-02-25,6.447145462036133,7689700.0
2015-02-26,6.447145462036133,10429800.0
2015-02-27,6.440441608428955,8081200.0
2015-03-02,6.500758171081543,7853900.0
2015-03-03,6.447145462036133,11552600.0
2015-03-04,6.400234222412109,7859700.0
2015-03-05,6.500758171081543,10091400.0
2015-03-06,6.540971279144287,20008100.0
2015-03-09,6.540971279144287,11022200.0
2015-03-10,6.400234222412109,16660500.0
2015-03-11,6.427182197570801,10318600.0
2015-03-12,6.662978649139404,32861900.0
2015-03-13,6.676453590393066,20272500.0
2015-03-16,6.656243801116943,13490500.0
2015-03-17,6.662978649139404,19051900.0
2015-03-18,6.52823543548584,30471400.0
2015-03-19,6.400235176086426,38704300.0
2015-03-20,6.49455451965332,26440100.0
2015-03-23,6.433919429779053,14963400.0
2015-03-24,6.353073596954346,16705200.0
2015-03-25,6.231806755065918,14946300.0
2015-03-26,6.27223014831543,19301700.0
2015-03-27,6.218332290649414,15379500.0
2015-03-30,6.292439937591553,11360900.0
2015-03-31,6.366549491882324,25716100.0
2015-04-01,6.373284816741943,19357500.0
2015-04-02,6.454131126403809,19494400.0
2015-04-06,6.433919429779053,14104100.0
2015-04-07,6.481078147888184,11860600.0
2015-04-08,6.487816333770752,19775400.0
2015-04-09,6.51476526260376,17434000.0
2015-04-10,6.460866451263428,17772700.0
2015-04-13,6.49455451965332,14897000.0
2015-04-14,6.427182197570801,20994900.0
2015-04-15,6.541714668273926,19924800.0
2015-04-16,6.534974098205566,19136600.0
2015-04-17,6.460866451263428,12993100.0
2015-04-20,6.460866451263428,14857100.0
2015-04-21,6.454131126403809,30466500.0
2015-04-22,6.555185317993164,18488900.0
2015-04-23,6.481078147888184,10795500.0
2015-04-24,6.454131126403809,11099200.0
2015-04-27,6.440656661987305,10873300.0
2015-04-28,6.49455451965332,12141100.0
2015-04-29,6.602346897125244,17493100.0
2015-04-30,6.622557163238525,22080500.0
2015-05-01,6.622557163238525,11788000.0
2015-05-04,6.7236151695251465,12280900.0
2015-05-05,6.676453590393066,26269500.0
2015-05-06,6.683191776275635,14280600.0
2015-05-07,6.662978649139404,15442400.0
2015-05-08,6.6899261474609375,20395800.0
2015-05-11,6.784247875213623,12547900.0
2015-05-12,6.851619243621826,21751000.0
2015-05-13,6.912250518798828,14809700.0
2015-05-14,6.865092754364014,14835700.0
2015-05-15,6.7236151695251465,18780000.0
2015-05-18,6.878568172454834,14927600.0
2015-05-19,6.999835014343262,15793800.0
2015-05-20,6.912250518798828,9431000.0
2015-05-21,6.898776054382324,13552200.0
2015-05-22,6.885303497314453,6978800.0
2015-05-26,6.8583550453186035,10852900.0
2015-05-27,6.92572546005249,8677200.0
2015-05-28,6.885303497314453,10353300.0
2015-05-29,6.797719478607178,12771800.0
2015-06-01,6.7236151695251465,14854400.0
2015-06-02,6.824670314788818,14823800.0
2015-06-03,6.939201354980469,35803900.0
2015-06-04,6.885303497314453,15847800.0
2015-06-05,7.0874176025390625,25929000.0
2015-06-08,7.026784896850586,15661800.0
2015-06-09,7.107628345489502,17767400.0
2015-06-10,7.216037273406982,14940100.0
2015-06-11,7.155057430267334,12486700.0
2015-06-12,7.168606758117676,9064500.0
2015-06-15,7.114404201507568,10774100.0
2015-06-16,7.182161331176758,8919400.0
2015-06-17,7.0737481117248535,14028900.0
2015-06-18,7.114404201507568,16610800.0
2015-06-19,7.0737481117248535,10049200.0
2015-06-22,7.188934326171875,9267200.0
2015-06-23,7.290570259094238,12882600.0
2015-06-24,7.229588508605957,9869300.0
2015-06-25,7.1618332862854,15100400.0
2015-06-26,7.134732246398926,14277200.0
2015-06-29,6.9721174240112305,18228000.0
2015-06-30,7.019543170928955,12922600.0
2015-07-01,7.053422927856445,10993200.0
2015-07-02,6.9585652351379395,12811000.0
2015-07-06,6.89080810546875,12639600.0
2015-07-07,6.802724361419678,20789400.0
2015-07-08,6.66043758392334,17361900.0
2015-07-09,6.7756218910217285,14816500.0
2015-07-10,6.870481014251709,13351700.0
2015-07-13,6.911135673522949,13757900.0
2015-07-14,6.924685478210449,21315800.0
2015-07-15,6.985666275024414,26565600.0
2015-07-16,7.0398712158203125,14450100.0
2015-07-17,6.85692834854126,26639300.0
2015-07-20,6.911135673522949,17290200.0
2015-07-21,7.053422927856445,25902200.0
2015-07-22,7.249916076660156,50668500.0
2015-07-23,7.195711135864258,25786400.0
2015-07-24,7.155057430267334,15410600.0
2015-07-27,7.053422927856445,18577300.0
2015-07-28,7.046646595001221,14121000.0
2015-07-29,7.127955436706543,15971900.0
2015-07-30,7.1618332862854,11128500.0
2015-07-31,7.0398712158203125,11300700.0
2015-08-03,7.026318550109863,14982800.0
2015-08-04,7.026318550109863,13652900.0
2015-08-05,7.100850582122803,12096000.0
2015-08-06,7.1618332862854,20280800.0
2015-08-07,7.195711135864258,26399300.0
2015-08-10,7.317673683166504,12584800.0
2015-08-11,7.168606758117676,12792600.0
2015-08-12,7.012770652770996,16591800.0
2015-08-13,7.053422927856445,13293400.0
2015-08-14,7.148283958435059,11154900.0
2015-08-17,7.148283958435059,13069800.0
2015-08-18,7.114404201507568,10898700.0
2015-08-19,6.945013999938965,29846100.0
2015-08-20,6.728190898895264,19190600.0
2015-08-21,6.552024841308594,19259700.0
2015-08-24,6.084507465362549,38293000.0
2015-08-25,5.942219257354736,29720700.0
2015-08-26,6.267449855804443,22494200.0
2015-08-27,6.4774956703186035,24075600.0
2015-08-28,6.518146991729736,13097300.0
2015-08-31,6.4978227615356445,13324600.0
2015-09-01,6.240347385406494,19585200.0
2015-09-02,6.328431129455566,12069200.0
2015-09-03,6.389412879943848,13322100.0
2015-09-04,6.274227142333984,12480500.0
2015-09-08,6.450392246246338,10022400.0
2015-09-09,6.368568420410156,10729200.0
2015-09-10,6.491304397583008,16330900.0
2015-09-11,6.484486103057861,12928100.0
2015-09-14,6.539035320281982,17577000.0
2015-09-15,6.634493350982666,16306500.0
2015-09-16,6.525397777557373,17332100.0
2015-09-17,6.334476470947266,35232500.0
2015-09-18,6.095825672149658,28374200.0
2015-09-21,6.198103427886963,15484000.0
2015-09-22,6.082189083099365,14478600.0
2015-09-23,6.102643013000488,10734500.0
2015-09-24,6.082189083099365,10548000.0
2015-09-25,6.191285610198975,12336900.0
2015-09-28,6.000364780426025,13023600.0
2015-09-29,6.020820617675781,12504800.0
2015-09-30,6.143556118011475,14803000.0
2015-10-01,6.157192707061768,14611900.0
2015-10-02,6.075368881225586,21449300.0
2015-10-05,6.164013862609863,18751500.0
2015-10-06,6.198103427886963,13598800.0
2015-10-07,6.2799272537231445,15413300.0
2015-10-08,6.314021110534668,15348100.0
2015-10-09,6.198103427886963,11229000.0
2015-10-12,6.191285610198975,10553200.0
2015-10-13,6.123098373413086,12389500.0
2015-10-14,6.014001369476318,15899100.0
2015-10-15,6.191285610198975,17701200.0
2015-10-16,6.1503777503967285,15726200.0
2015-10-19,6.095825672149658,12407300.0
2015-10-20,6.2799272537231445,25254500.0
2015-10-21,6.157192707061768,16303400.0
2015-10-22,6.2799272537231445,17742800.0
2015-10-23,6.443573474884033,16672300.0
2015-10-26,6.354930400848389,9041100.0
2015-10-27,6.300383567810059,9075000.0
2015-10-28,6.586763858795166,17966500.0
2015-10-29,6.5731282234191895,14713000.0
2015-10-30,6.375388145446777,23278600.0
2015-11-02,6.5322160720825195,13042800.0
2015-11-03,6.504940509796143,11121000.0
2015-11-04,6.539035320281982,11767200.0
2015-11-05,6.634493350982666,20710000.0
2015-11-06,6.907238006591797,23751000.0
2015-11-09,6.811779022216797,17932200.0
2015-11-10,6.866328239440918,14183200.0
2015-11-11,6.784503936767578,12101900.0
2015-11-12,6.682224750518799,15262600.0
2015-11-13,6.620858192443848,13141100.0
2015-11-16,6.68904447555542,12428600.0
2015-11-17,6.729953765869141,13332400.0
2015-11-18,6.8799638748168945,19338300.0
2015-11-19,6.914056777954102,32049300.0
2015-11-20,6.873147964477539,15200100.0
2015-11-23,6.873147964477539,10235900.0
2015-11-24,6.907238006591797,13836300.0
2015-11-25,6.8799638748168945,8577300.0
2015-11-27,6.934514045715332,5136000.0
2015-11-30,6.914056777954102,11749400.0
2015-12-01,6.989063262939453,14012700.0
2015-12-02,6.886783599853516,13473200.0
2015-12-03,6.798140048980713,15801600.0
2015-12-04,6.99587869644165,19157400.0
2015-12-07,6.839051723480225,15003200.0
2015-12-08,6.5731282234191895,24117700.0
2015-12-09,6.48392915725708,25877300.0
2015-12-10,6.593709468841553,16280900.0
2015-12-11,6.429037094116211,17851200.0
2015-12-14,6.422178268432617,20950400.0
2015-12-15,6.703492641448975,21971900.0
2015-12-16,6.82013463973999,30767500.0
2015-12-17,6.676045894622803,21232800.0
2015-12-18,6.415317535400391,55937800.0
2015-12-21,6.442760944366455,14228300.0
2015-12-22,6.5182366371154785,13100700.0
2015-12-23,6.6486005783081055,10672100.0
2015-12-24,6.66232442855835,3692400.0
2015-12-28,6.607433319091797,8696100.0
2015-12-29,6.696629524230957,8090500.0
2015-12-30,6.621156692504883,6842700.0
2015-12-31,6.586850166320801,9616300.0
2016-01-04,6.4770684242248535,17834000.0
2016-01-05,6.463345527648926,16058300.0
2016-01-06,6.3535661697387695,17107900.0
2016-01-07,6.147726058959961,27113600.0
2016-01-08,6.010501384735107,23234600.0
2016-01-11,5.9556097984313965,19568600.0
2016-01-12,5.996776580810547,18781200.0
2016-01-13,5.7154645919799805,27971600.0
2016-01-14,5.736049652099609,43913000.0
2016-01-15,5.626266002655029,37304300.0
2016-01-19,5.543931484222412,29177900.0
2016-01-20,5.420429229736328,34519400.0
2016-01-21,5.372400283813477,31909000.0
2016-01-22,5.441011905670166,17985400.0
2016-01-25,5.194006443023682,18528400.0
2016-01-26,5.365538120269775,22821100.0
2016-01-27,5.454733848571777,28181600.0
2016-01-28,5.495903491973877,29478000.0
2016-01-29,5.571377754211426,26117500.0
2016-02-01,5.447874069213867,24594000.0
2016-02-02,5.235175609588623,27109100.0
2016-02-03,5.365538120269775,34311700.0
2016-02-04,5.420429229736328,22205200.0
2016-02-05,5.351815700531006,20024500.0
2016-02-08,5.166560173034668,26654500.0
2016-02-09,5.248895645141602,26030000.0
2016-02-10,5.152837753295898,23601200.0
2016-02-11,4.857802867889404,28325600.0
2016-02-12,5.2145891189575195,32594900.0
2016-02-16,5.379260063171387,24383700.0
2016-02-17,5.365538120269775,20674900.0
2016-02-18,5.228311538696289,24287600.0
2016-02-19,5.248895645141602,19930100.0
2016-02-22,5.420429229736328,16755900.0
2016-02-23,5.194006443023682,19334700.0
2016-02-24,5.091086387634277,22039600.0
2016-02-25,5.152837753295898,15091200.0
2016-02-26,5.317509174346924,19076300.0
2016-02-29,5.159699440002441,17443400.0
2016-03-01,5.475318431854248,17608800.0
2016-03-02,5.571377754211426,16713300.0
2016-03-03,5.681156635284424,20972500.0
2016-03-04,5.756633281707764,26469200.0
2016-03-07,5.749772071838379,14909500.0
2016-03-08,5.523348808288574,29012400.0
2016-03-09,5.440395355224609,22307700.0
2016-03-10,5.509522914886475,23258000.0
2016-03-11,5.696169376373291,14643700.0
2016-03-14,5.675431251525879,16257400.0
2016-03-15,5.606301307678223,13348000.0
2016-03-16,5.5440874099731445,19985800.0
2016-03-17,5.613214492797852,17728900.0
2016-03-18,5.6892547607421875,30536600.0
2016-03-21,5.675431251525879,15639300.0
2016-03-22,5.654690742492676,15599600.0
2016-03-23,5.585563659667969,13052100.0
2016-03-24,5.571738243103027,11387600.0
2016-03-28,5.564825534820557,9218000.0
2016-03-29,5.461132049560547,22268000.0
2016-03-30,5.461132049560547,17122400.0
2016-03-31,5.42656946182251,15297600.0
2016-04-01,5.454219818115234,15285100.0
2016-04-04,5.440395355224609,12083400.0
2016-04-05,5.295223236083984,14743300.0
2016-04-06,5.398917198181152,19375600.0
2016-04-07,5.253746032714844,16828900.0
2016-04-08,5.302138805389404,18383500.0
2016-04-11,5.364353179931641,23200300.0
2016-04-12,5.509522914886475,15865800.0
2016-04-13,5.806773662567139,32141600.0
2016-04-14,5.862076282501221,35699700.0
2016-04-15,6.04180908203125,42654700.0
2016-04-18,6.055636882781982,19793300.0
2016-04-19,6.207715034484863,27380400.0
2016-04-20,6.33214807510376,28551200.0
2016-04-21,6.339062690734863,17329000.0
2016-04-22,6.456578731536865,22043700.0
2016-04-25,6.428927421569824,16553800.0
2016-04-26,6.498056411743164,17023300.0
2016-04-27,6.629398345947266,31436800.0
2016-04-28,6.51188325881958,21401200.0
2016-04-29,6.484229564666748,23878100.0
2016-05-02,6.532618522644043,18427900.0
2016-05-03,6.387451171875,23707300.0
2016-05-04,6.249195575714111,25300200.0
2016-05-05,6.249195575714111,16834400.0
2016-05-06,6.2768449783325195,20046400.0
2016-05-09,6.256106853485107,13770900.0
2016-05-10,6.380537986755371,13378600.0
2016-05-11,6.3736252784729,14905100.0
2016-05-12,6.311410903930664,17652700.0
2016-05-13,6.214632034301758,16600700.0
2016-05-16,6.256106853485107,12127300.0
2016-05-17,6.339062690734863,26396900.0
2016-05-18,6.663964748382568,36225600.0
2016-05-19,6.546447277069092,19345700.0
2016-05-20,6.574097156524658,14869000.0
2016-05-23,6.546447277069092,14037600.0
2016-05-24,6.670875549316406,14450000.0
2016-05-25,6.809134006500244,17412600.0
2016-05-26,6.7261786460876465,13385400.0
2016-05-27,6.822958469390869,13114800.0
2016-05-31,6.795307159423828,24980000.0
2016-06-01,6.864436149597168,20315400.0
2016-06-02,6.912826061248779,11752800.0
2016-06-03,6.7261786460876465,20465100.0
2016-06-06,6.878262519836426,14497500.0
2016-06-07,6.795307159423828,12400100.0
2016-06-08,6.833581924438477,16659900.0
2016-06-09,6.750076770782471,13663200.0
2016-06-10,6.624817371368408,16682700.0
2016-06-13,6.513476371765137,17829600.0
2016-06-14,6.32558536529541,20246500.0
2016-06-15,6.332545280456543,29858700.0
2016-06-16,6.242081642150879,44564800.0
2016-06-17,6.32558536529541,20699000.0
2016-06-20,6.381258010864258,12534900.0
2016-06-21,6.381258010864258,13159200.0
2016-06-22,6.346462726593018,14676100.0
2016-06-23,6.576103687286377,12912800.0
2016-06-24,5.9358906745910645,31847600.0
2016-06-27,5.504443645477295,30320400.0
2016-06-28,5.7271246910095215,26919000.0
2016-06-29,5.859344005584717,20291700.0
2016-06-30,5.921973705291748,26525500.0
2016-07-01,5.817591190338135,15101200.0
2016-07-05,5.580991744995117,17939400.0
2016-07-06,5.6992902755737305,26737200.0
2016-07-07,5.7410430908203125,21554000.0
2016-07-08,5.87326192855835,23632600.0
2016-07-11,5.963726043701172,18732000.0
2016-07-12,6.144656658172607,21033400.0
2016-07-13,6.165533065795898,18219500.0
2016-07-14,6.318627834320068,20403000.0
2016-07-15,6.346462726593018,21362600.0
2016-07-18,6.374297142028809,21831200.0
2016-07-19,6.179450511932373,33691900.0
2016-07-20,6.207286357879639,26129500.0
2016-07-21,6.2212042808532715,21061300.0
2016-07-22,6.283833980560303,19156900.0
2016-07-25,6.242081642150879,11725200.0
2016-07-26,6.367340564727783,20471100.0
2016-07-27,6.332545280456543,23562400.0
2016-07-28,6.374297142028809,13576500.0
2016-07-29,6.381258010864258,28556900.0
2016-08-01,6.276876449584961,19576500.0
2016-08-02,6.1933674812316895,20249300.0
2016-08-03,6.290793418884277,18022500.0
2016-08-04,6.290793418884277,12049600.0
2016-08-05,6.534351825714111,16707600.0
2016-08-08,6.534351825714111,11365200.0
2016-08-09,6.52043342590332,10501300.0
2016-08-10,6.443887710571289,18159000.0
2016-08-11,6.471722602844238,11666400.0
2016-08-12,6.423010349273682,9984200.0
2016-08-15,6.652653694152832,18672200.0
2016-08-16,6.638734340667725,17488000.0
2016-08-17,6.645692825317383,16724800.0
2016-08-18,6.701364994049072,12426300.0
2016-08-19,6.7431135177612305,11066800.0
2016-08-22,6.722240924835205,14818900.0
2016-08-23,6.729199409484863,11186300.0
2016-08-24,6.701364994049072,14044700.0
2016-08-25,6.715281009674072,15908800.0
2016-08-26,6.812704086303711,18289000.0
2016-08-29,6.861416816711426,12043700.0
2016-08-30,6.937963485717773,13300600.0
2016-08-31,6.937963485717773,14360400.0
2016-09-01,6.854459762573242,15272600.0
2016-09-02,6.910128593444824,14590200.0
2016-09-06,6.882294178009033,25578000.0
2016-09-07,6.976860046386719,25300500.0
2016-09-08,6.955844879150391,17253000.0
2016-09-09,6.885795593261719,20459400.0
2016-09-12,6.948841094970703,22353100.0
2016-09-13,6.731688976287842,32703900.0
2016-09-14,6.668645858764648,22165000.0
2016-09-15,6.745700836181641,16629700.0
2016-09-16,6.696666717529297,23557000.0
2016-09-19,6.7667131423950195,13215200.0
2016-09-20,6.759709358215332,8484100.0
2016-09-21,6.780722141265869,21196600.0
2016-09-22,6.8437676429748535,12771000.0
2016-09-23,6.850771427154541,13343900.0
2016-09-26,6.696666717529297,17065100.0
2016-09-27,6.801739692687988,15910000.0
2016-09-28,6.885795593261719,12901700.0
2016-09-29,6.773719787597656,17502500.0
2016-09-30,6.913815975189209,15485500.0
2016-10-03,6.948841094970703,14397500.0
2016-10-04,7.06091833114624,19913200.0
2016-10-05,7.222029209136963,15205000.0
2016-10-06,7.2290358543396,14442700.0
2016-10-07,7.236038684844971,15135900.0
2016-10-10,7.264059543609619,9465900.0
2016-10-11,7.187005043029785,15658400.0
2016-10-12,7.172999858856201,18336300.0
2016-10-13,6.969854831695557,17088800.0
2016-10-14,7.03990364074707,15093800.0
2016-10-17,7.01188325881958,18969300.0
2016-10-18,7.180002212524414,35550900.0
2016-10-19,7.383143424987793,32929700.0
2016-10-20,7.432175636291504,25311300.0
2016-10-21,7.453192710876465,13930500.0
2016-10-24,7.432175636291504,12002900.0
2016-10-25,7.439183235168457,12755900.0
2016-10-26,7.530245304107666,16865600.0
2016-10-27,7.593289852142334,17057900.0
2016-10-28,7.4601969718933105,17271900.0
2016-10-31,7.502224922180176,14577300.0
2016-11-01,7.593289852142334,23181100.0
2016-11-02,7.3621296882629395,26381900.0
2016-11-03,7.327103614807129,21137500.0
2016-11-04,7.369133472442627,17525500.0
2016-11-07,7.677349090576172,20491900.0
2016-11-08,7.628314018249512,17481300.0
2016-11-09,8.08363151550293,26809800.0
2016-11-10,8.531942367553711,39209900.0
2016-11-11,8.721076011657715,30371300.0
2016-11-14,9.295473098754883,49676000.0
2016-11-15,9.477601051330566,38734400.0
2016-11-16,9.029289245605469,52425700.0
2016-11-17,9.225421905517578,59508300.0
2016-11-18,9.288471221923828,41142400.0
2016-11-21,9.183399200439453,25605300.0
2016-11-22,9.211419105529785,30905000.0
2016-11-23,9.316488265991211,22007200.0
2016-11-25,9.358516693115234,7301000.0
2016-11-28,9.162382125854492,16588500.0
2016-11-29,9.232431411743164,18209000.0
2016-11-30,9.48460865020752,23328300.0
2016-12-01,9.69474983215332,26961700.0
2016-12-02,9.624704360961914,22137700.0
2016-12-05,9.820840835571289,25628900.0
2016-12-06,9.974946975708008,24188900.0
2016-12-07,10.175501823425293,27360600.0
2016-12-08,10.238837242126465,29711500.0
2016-12-09,10.274018287658691,22542900.0
2016-12-12,10.105132102966309,27497600.0
2016-12-13,10.055872917175293,22190100.0
2016-12-14,10.091055870056152,34204400.0
2016-12-15,10.217723846435547,23696600.0
2016-12-16,9.992539405822754,40262100.0
2016-12-19,10.048837661743164,20147400.0
2016-12-20,10.2599458694458,20740700.0
2016-12-21,10.224759101867676,10701600.0
2016-12-22,10.238837242126465,11161500.0
2016-12-23,10.245872497558594,8573800.0
2016-12-27,10.302168846130371,9803900.0
2016-12-28,10.154393196105957,12332800.0
2016-12-29,9.971428871154785,13542100.0
2016-12-30,10.105132102966309,17954600.0
2017-01-03,10.154393196105957,15937800.0
2017-01-04,10.288097381591797,9759700.0
2017-01-05,10.154393196105957,12715500.0
2017-01-06,10.1895751953125,8194100.0
2017-01-09,10.112167358398438,9540100.0
2017-01-10,10.245872497558594,15784900.0
2017-01-11,10.217723846435547,15381900.0
2017-01-12,10.154393196105957,15692000.0
2017-01-13,10.330315589904785,26587300.0
2017-01-17,9.69698715209961,26023000.0
2017-01-18,9.87291431427002,20628200.0
2017-01-19,9.837725639343262,12778900.0
2017-01-20,9.879947662353516,20038200.0
2017-01-23,9.788466453552246,13191100.0
2017-01-24,10.020687103271484,16160200.0
2017-01-25,10.288097381591797,14882800.0
2017-01-26,10.344388008117676,13194700.0
2017-01-27,10.231796264648438,9361500.0
2017-01-30,10.168466567993164,16119400.0
2017-01-31,10.1403169631958,15317300.0
2017-02-01,10.175501823425293,14411900.0
2017-02-02,10.02772331237793,12731600.0
2017-02-03,10.288097381591797,14251000.0
2017-02-06,10.295130729675293,10411500.0
2017-02-07,10.2599458694458,16867100.0
2017-02-08,10.196609497070312,14423800.0
2017-02-09,10.548462867736816,17083200.0
2017-02-10,10.548462867736816,17501200.0
2017-02-13,10.661057472229004,11738900.0
2017-02-14,10.900315284729004,12495400.0
2017-02-15,10.94957447052002,14434700.0
2017-02-16,10.970683097839355,19147600.0
2017-02-17,10.822905540466309,11504400.0
2017-02-21,10.858088493347168,11857800.0
2017-02-22,10.780686378479004,13662400.0
2017-02-23,10.794756889343262,15193600.0
2017-02-24,10.696237564086914,15315600.0
2017-02-27,10.773648262023926,9942200.0
2017-02-28,10.745499610900879,13345900.0
2017-03-01,11.195866584777832,21595000.0
2017-03-02,10.780686378479004,19305600.0
2017-03-03,10.808830261230469,17478400.0
2017-03-06,10.717350006103516,13541100.0
2017-03-07,10.731426239013672,11551900.0
2017-03-08,10.749094009399414,15975300.0
2017-03-09,10.742024421691895,11940300.0
2017-03-10,10.692556381225586,13792100.0
2017-03-13,10.685492515563965,8711000.0
2017-03-14,10.664284706115723,11586800.0
2017-03-15,10.600686073303223,26270900.0
2017-03-16,10.636016845703125,18075800.0
2017-03-17,10.636016845703125,34593000.0
2017-03-20,10.515877723693848,15471200.0
2017-03-21,9.964645385742188,27095600.0
2017-03-22,10.0211820602417,23672500.0
2017-03-23,10.056511878967285,18160600.0
2017-03-24,10.056511878967285,14864000.0
2017-03-27,9.950509071350098,18574900.0
2017-03-28,10.176653861999512,14736900.0
2017-03-29,10.113049507141113,10766900.0
2017-03-30,10.374536514282227,13106300.0
2017-03-31,10.268529891967773,12912000.0
2017-04-03,10.303863525390625,16905400.0
2017-04-04,10.2897310256958,10004000.0
2017-04-05,10.155454635620117,19344900.0
2017-04-06,10.268529891967773,14163700.0
2017-04-07,10.204926490783691,13992500.0
2017-04-10,10.049447059631348,11537400.0
2017-04-11,10.014111518859863,17832100.0
2017-04-12,9.865704536437988,18538900.0
2017-04-13,9.66782283782959,16908500.0
2017-04-17,9.886902809143066,18530200.0
2017-04-18,9.427539825439453,39772700.0
2017-04-19,9.44167423248291,29156200.0
2017-04-20,9.639555931091309,24624200.0
2017-04-21,9.519414901733398,18510400.0
2017-04-24,9.759697914123535,26731000.0
2017-04-25,9.795031547546387,27694600.0
2017-04-26,9.908102989196777,19059200.0
2017-04-27,9.745559692382812,19331100.0
2017-04-28,9.717293739318848,14091500.0
2017-05-01,9.802096366882324,15256800.0
2017-05-02,9.780896186828613,15366000.0
2017-05-03,9.978776931762695,18782800.0
2017-05-04,10.084784507751465,21097500.0
2017-05-05,10.091848373413086,11117300.0
2017-05-08,10.141319274902344,11615800.0
2017-05-09,10.042378425598145,11254000.0
2017-05-10,10.141319274902344,16698500.0
2017-05-11,10.0211820602417,13374000.0
2017-05-12,9.985843658447266,13168600.0
2017-05-15,10.13425350189209,10304200.0
2017-05-16,10.275595664978027,17249600.0
2017-05-17,9.87276840209961,39891200.0
2017-05-18,9.901037216186523,19820100.0
2017-05-19,9.957574844360352,13766400.0
2017-05-22,9.943441390991211,12038000.0
2017-05-23,10.22612476348877,15570200.0
2017-05-24,10.084784507751465,19811900.0
2017-05-25,10.091848373413086,18015800.0
2017-05-26,9.985843658447266,12053100.0
2017-05-30,9.87276840209961,16152800.0
2017-05-31,9.780896186828613,31447300.0
2017-06-01,9.745559692382812,27049100.0
2017-06-02,9.56888484954834,24083700.0
2017-06-05,9.561814308166504,15492300.0
2017-06-06,9.54061508178711,17350500.0
2017-06-07,9.654276847839355,13937700.0
2017-06-08,9.966852188110352,23115300.0
2017-06-09,10.229697227478027,17130900.0
2017-06-12,10.20128059387207,25258200.0
2017-06-13,10.243907928466797,17011500.0
2017-06-14,10.300738334655762,16289500.0
2017-06-15,10.229697227478027,12898700.0
2017-06-16,10.20128059387207,22663000.0
2017-06-19,10.300738334655762,10083300.0
2017-06-20,10.137349128723145,13928100.0
2017-06-21,9.91712474822998,13669600.0
2017-06-22,9.831877708435059,11788300.0
2017-06-23,9.640069961547852,23569200.0
2017-06-26,9.76794147491455,20666600.0
2017-06-27,9.945540428161621,22856900.0
2017-06-28,10.009478569030762,20979100.0
2017-06-29,10.414401054382324,32447100.0
2017-06-30,10.400192260742188,13453000.0
2017-07-03,10.57068920135498,9366200.0
2017-07-05,10.549378395080566,14363700.0
2017-07-06,10.449922561645508,11626900.0
2017-07-07,10.435711860656738,13656500.0
2017-07-10,10.478339195251465,9640200.0
2017-07-11,10.478339195251465,10827300.0
2017-07-12,10.393089294433594,11351700.0
2017-07-13,10.52806282043457,15767700.0
2017-07-14,10.428611755371094,11022500.0
2017-07-17,10.442818641662598,8545900.0
2017-07-18,10.329154014587402,9975200.0
2017-07-19,10.279425621032715,14924100.0
2017-07-20,10.165761947631836,18573000.0
2017-07-21,10.108929634094238,19775300.0
2017-07-24,10.229697227478027,14459900.0
2017-07-25,10.343361854553223,18396700.0
2017-07-26,10.265217781066895,21764100.0
2017-07-27,10.222594261169434,19114400.0
2017-07-28,10.300738334655762,16575100.0
2017-07-31,10.37177848815918,13453700.0
2017-08-01,10.435711860656738,16128000.0
2017-08-02,10.535170555114746,13687900.0
2017-08-03,10.584895133972168,18065400.0
2017-08-04,10.613313674926758,32547300.0
2017-08-07,10.563584327697754,9644900.0
2017-08-08,10.556479454040527,16854200.0
2017-08-09,10.428611755371094,12848400.0
2017-08-10,10.158659934997559,14306000.0
2017-08-11,9.995266914367676,18741400.0
2017-08-14,10.236804008483887,12035900.0
2017-08-15,10.286529541015625,10524400.0
2017-08-16,10.1870756149292,10905900.0
2017-08-17,9.938434600830078,14048100.0
2017-08-18,9.988163948059082,14369600.0
2017-08-21,9.973953247070312,9522600.0
2017-08-22,10.116036415100098,10391600.0
2017-08-23,10.165761947631836,12878200.0
2017-08-24,10.265217781066895,9752700.0
2017-08-25,10.265217781066895,7536100.0
2017-08-28,10.1515531539917,15370400.0
2017-08-29,10.059202194213867,13823000.0
2017-08-30,10.116036415100098,9641700.0
2017-08-31,10.023685455322266,10356300.0
2017-09-01,10.108929634094238,8064300.0
2017-09-05,9.689799308776855,14188000.0
2017-09-06,9.675590515136719,9733600.0
2017-09-07,9.418146133422852,11124700.0
2017-09-08,9.482508659362793,12265400.0
2017-09-11,9.668438911437988,13296600.0
2017-09-12,9.797160148620605,11801600.0
2017-09-13,9.825766563415527,11526900.0
2017-09-14,9.79001235961914,13712700.0
2017-09-15,9.832916259765625,13642200.0
2017-09-18,10.026000022888184,12525000.0
2017-09-19,10.118966102600098,12606100.0
2017-09-20,10.233383178710938,15824300.0
2017-09-21,10.319201469421387,9552100.0
2017-09-22,10.312047958374023,10885800.0
2017-09-25,10.354954719543457,11470500.0
2017-09-26,10.519433975219727,12869000.0
2017-09-27,10.762572288513184,12811100.0
2017-09-28,10.75542163848877,11072200.0
2017-09-29,10.8912935256958,10157800.0
2017-10-02,10.8912935256958,13231500.0
2017-10-03,10.848389625549316,9730900.0
2017-10-04,10.791178703308105,9423700.0
2017-10-05,10.919898986816406,9283000.0
2017-10-06,10.876993179321289,13544400.0
2017-10-09,10.733968734741211,9380700.0
2017-10-10,10.841238021850586,9550800.0
2017-10-11,10.75542163848877,13462700.0
2017-10-12,10.662455558776855,10460500.0
2017-10-13,10.605247497558594,9731800.0
2017-10-16,10.698213577270508,6797800.0
2017-10-17,10.56949234008789,8543500.0
2017-10-18,10.65530776977539,7211100.0
2017-10-19,10.705364227294922,10489700.0
2017-10-20,10.884146690368652,10315400.0
2017-10-23,10.81263256072998,16399200.0
2017-10-24,11.041473388671875,20275500.0
2017-10-25,11.13443660736084,19364600.0
2017-10-26,11.306066513061523,18389300.0
2017-10-27,11.241706848144531,11897800.0
2017-10-30,11.155890464782715,10514800.0
2017-10-31,11.070075035095215,12445400.0
2017-11-01,11.127285957336426,9210600.0
2017-11-02,11.234553337097168,15041900.0
2017-11-03,11.306066513061523,12768800.0
2017-11-06,11.356123924255371,9596100.0
2017-11-07,11.062925338745117,16027500.0
2017-11-08,10.984261512756348,13251300.0
2017-11-09,10.92705249786377,16629100.0
2017-11-10,10.848389625549316,11869900.0
2017-11-13,11.041473388671875,12688500.0
2017-11-14,11.22025203704834,12554000.0
2017-11-15,11.298914909362793,16554100.0
2017-11-16,11.227404594421387,17455500.0
2017-11-17,11.298914909362793,10911400.0
2017-11-20,11.341821670532227,11253000.0
2017-11-21,11.198801040649414,13636500.0
2017-11-22,11.127285957336426,9616100.0
2017-11-24,11.13443660736084,3487100.0
2017-11-27,11.09868049621582,7915600.0
2017-11-28,11.441943168640137,14585000.0
2017-11-29,11.84955883026123,18101100.0
2017-11-30,11.863860130310059,19716300.0
2017-12-01,11.906768798828125,16312600.0
2017-12-04,12.121305465698242,16551300.0
2017-12-05,12.064094543457031,11927000.0
2017-12-06,11.999733924865723,8467500.0
2017-12-07,12.20104694366455,9865000.0
2017-12-08,12.280136108398438,8342900.0
2017-12-11,12.208237648010254,7813600.0
2017-12-12,12.445496559143066,10874900.0
2017-12-13,12.280136108398438,12385000.0
2017-12-14,12.157906532287598,10923400.0
2017-12-15,12.308894157409668,24017400.0
2017-12-18,12.459881782531738,10763700.0
2017-12-19,12.438311576843262,11165000.0
2017-12-20,12.402361869812012,8705400.0
2017-12-21,12.574914932250977,7848600.0
2017-12-22,12.560539245605469,5300600.0
2017-12-26,12.474261283874512,3995000.0
2017-12-27,12.438311576843262,5360800.0
2017-12-28,12.495827674865723,4386700.0
2017-12-29,12.423930168151855,6240700.0
2018-01-02,12.488638877868652,9951000.0
2018-01-03,12.510208129882812,8324600.0
2018-01-04,12.610864639282227,10343300.0
2018-01-05,12.574914932250977,10765000.0
2018-01-08,12.560539245605469,8292200.0
2018-01-09,12.783418655395508,9190300.0
2018-01-10,12.99911117553711,10142100.0
2018-01-11,13.085389137268066,6331300.0
2018-01-12,13.142909049987793,7141600.0
2018-01-16,13.056632041931152,9776100.0
2018-01-17,13.200427055358887,10112900.0
2018-01-18,13.049440383911133,11732900.0
2018-01-19,13.423310279846191,15230200.0
2018-01-22,13.775613784790039,13579500.0
2018-01-23,13.919402122497559,18157500.0
2018-01-24,13.969727516174316,18690100.0
2018-01-25,13.761228561401367,11805000.0
2018-01-26,13.933778762817383,8529000.0
2018-01-29,13.847511291503906,8093900.0
2018-01-30,13.76842212677002,6516700.0
2018-01-31,13.825937271118164,9979500.0
2018-02-01,14.048820495605469,9505100.0
2018-02-02,13.840319633483887,14249800.0
2018-02-05,13.272323608398438,17764500.0
2018-02-06,13.423310279846191,20334900.0
2018-02-07,13.631811141967773,14037300.0
2018-02-08,12.869697570800781,16345400.0
2018-02-09,13.13571834564209,18812200.0
2018-02-12,13.279512405395508,9323600.0
2018-02-13,13.552725791931152,13246400.0
2018-02-14,13.926592826843262,16959900.0
2018-02-15,14.005680084228516,8832400.0
2018-02-16,13.984112739562988,7873600.0
2018-02-20,13.948164939880371,6879100.0
2018-02-21,14.106337547302246,9887300.0
2018-02-22,13.883452415466309,12121700.0
2018-02-23,14.12790584564209,9741600.0
2018-02-26,14.235755920410156,11291400.0
2018-02-27,14.106337547302246,11728400.0
2018-02-28,13.955352783203125,14165400.0
2018-03-01,13.847511291503906,12432200.0
2018-03-02,13.998490333557129,9335600.0
2018-03-05,14.178237915039062,6964400.0
2018-03-06,14.307649612426758,7795300.0
2018-03-07,14.286078453063965,6610000.0
2018-03-08,14.271634101867676,7466500.0
2018-03-09,14.524428367614746,10828300.0
2018-03-12,14.38719654083252,8554500.0
2018-03-13,14.235525131225586,8248000.0
2018-03-14,14.011628150939941,10893200.0
2018-03-15,13.989958763122559,9701200.0
2018-03-16,14.177743911743164,22955400.0
2018-03-19,14.119959831237793,10701000.0
2018-03-20,14.054962158203125,10213200.0
2018-03-21,14.105522155761719,6715800.0
2018-03-22,13.448274612426758,12313200.0
2018-03-23,13.007702827453613,13440200.0
2018-03-26,13.578275680541992,12380200.0
2018-03-27,13.209933280944824,11449500.0
2018-03-28,13.202712059020996,15874700.0
2018-03-29,13.419382095336914,12310700.0
2018-04-02,13.116036415100098,12853900.0
2018-04-03,13.28937816619873,8307800.0
2018-04-04,13.549386024475098,8834300.0
2018-04-05,13.607169151306152,7229700.0
2018-04-06,13.166596412658691,12367700.0
2018-04-09,13.274931907653809,9916500.0
2018-04-10,13.433828353881836,10152200.0
2018-04-11,13.303821563720703,10008500.0
2018-04-12,13.708280563354492,10703800.0
2018-04-13,13.368825912475586,10682000.0
2018-04-16,13.339936256408691,10550700.0
2018-04-17,12.964360237121582,15058000.0
2018-04-18,12.93547534942627,15215000.0
2018-04-19,13.108819961547852,19888000.0
2018-04-20,13.643279075622559,18950500.0
2018-04-23,13.621612548828125,15552500.0
2018-04-24,13.628836631774902,15895300.0
2018-04-25,13.737175941467285,13805600.0
2018-04-26,13.585503578186035,10997100.0
2018-04-27,13.72272777557373,8856900.0
2018-04-30,13.506052017211914,9989200.0
2018-05-01,13.542162895202637,9304800.0
2018-05-02,13.397714614868164,11447300.0
2018-05-03,13.303821563720703,10668200.0
2018-05-04,13.520499229431152,10261700.0
2018-05-07,13.542162895202637,8201200.0
2018-05-08,13.701062202453613,10519500.0
2018-05-09,13.881620407104492,9098600.0
2018-05-10,13.961068153381348,8065400.0
2018-05-11,13.95384693145752,9816700.0
2018-05-14,13.867182731628418,8948800.0
2018-05-15,14.00440502166748,13358600.0
2018-05-16,13.939401626586914,7312400.0
2018-05-17,13.95384693145752,8104100.0
2018-05-18,13.816620826721191,8757800.0
2018-05-21,13.831063270568848,9348100.0
2018-05-22,14.047744750976562,10506000.0
2018-05-23,13.867182731628418,12143700.0
2018-05-24,13.823840141296387,8644700.0
2018-05-25,13.729950904846191,6609200.0
2018-05-29,13.079926490783691,13899400.0
2018-05-30,13.303821563720703,10805800.0
2018-05-31,13.173821449279785,12813400.0
2018-06-01,13.426604270935059,9464600.0
2018-06-04,13.527719497680664,5467100.0
2018-06-05,13.455495834350586,5641300.0
2018-06-06,13.903287887573242,11850100.0
2018-06-07,13.83072566986084,6973700.0
2018-06-08,13.867009162902832,7591600.0
2018-06-11,13.692852973937988,9521400.0
2018-06-12,13.750901222229004,12432500.0
2018-06-13,13.707365036010742,12110400.0
2018-06-14,13.51144790649414,12841300.0
2018-06-15,13.489675521850586,18415800.0
2018-06-18,13.58401107788086,13435900.0
2018-06-19,13.750901222229004,10416100.0
2018-06-20,13.72187614440918,8467800.0
2018-06-21,13.72913932800293,10623200.0
2018-06-22,13.446136474609375,12078500.0
2018-06-25,13.31552505493164,10753500.0
2018-06-26,13.192160606384277,9887000.0
2018-06-27,12.959957122802734,12322900.0
2018-06-28,13.054288864135742,12372600.0
2018-06-29,12.901906967163086,18515700.0
2018-07-02,12.98172378540039,13185900.0
2018-07-03,12.742260932922363,6077500.0
2018-07-05,12.669702529907227,11142700.0
2018-07-06,12.764031410217285,9841900.0
2018-07-09,13.11234188079834,11564400.0
2018-07-10,12.974466323852539,12428700.0
2018-07-11,12.83659839630127,7794500.0
2018-07-12,12.713239669799805,10073600.0
2018-07-13,12.488285064697266,19405700.0
2018-07-16,12.705986022949219,8645100.0
2018-07-17,12.800314903259277,9817200.0
2018-07-18,13.105082511901855,11263900.0
2018-07-19,12.78580379486084,12868400.0
2018-07-20,12.930930137634277,16016600.0
2018-07-23,13.25747013092041,13069100.0
2018-07-24,13.25747013092041,17133000.0
2018-07-25,13.271982192993164,13383300.0
2018-07-26,13.3445463180542,12116100.0
2018-07-27,13.467904090881348,10344500.0
2018-07-30,13.656573295593262,13781200.0
2018-07-31,13.504190444946289,12467000.0
2018-08-01,13.663830757141113,14581000.0
2018-08-02,13.837981224060059,11759500.0
2018-08-03,13.888778686523438,10476500.0
2018-08-06,13.874267578125,10461900.0
2018-08-07,14.012137413024902,11555600.0
2018-08-08,14.055673599243164,8902400.0
2018-08-09,13.990365028381348,7004500.0
2018-08-10,13.881522178649902,8846900.0
2018-08-13,13.750901222229004,9497400.0
2018-08-14,13.932317733764648,10964900.0
2018-08-15,13.837981224060059,10243200.0
2018-08-16,14.077445030212402,10024400.0
2018-08-17,14.142752647399902,10071100.0
2018-08-20,14.135499000549316,8298700.0
2018-08-21,14.179035186767578,9948200.0
2018-08-22,14.171775817871094,6141200.0
2018-08-23,14.033905029296875,5897000.0
2018-08-24,13.975855827331543,7958500.0
2018-08-27,14.106472969055176,8804700.0
2018-08-28,14.128239631652832,8124800.0
2018-08-29,14.16452407836914,9292200.0
2018-08-30,14.041163444519043,8096700.0
2018-08-31,14.120983123779297,7923500.0
2018-09-04,14.251598358154297,8883300.0
2018-09-05,14.462034225463867,10739500.0
2018-09-06,14.308575630187988,8587600.0
2018-09-07,14.330493927001953,8874100.0
2018-09-10,14.279342651367188,6645600.0
2018-09-11,14.359723091125488,8759200.0
2018-09-12,13.994338035583496,11764500.0
2018-09-13,13.789718627929688,14796500.0
2018-09-14,13.86279582977295,11172100.0
2018-09-17,13.870104789733887,16291000.0
2018-09-18,13.818948745727539,11182200.0
2018-09-19,14.001646995544434,8512800.0
2018-09-20,14.242802619934082,8848900.0
2018-09-21,14.206266403198242,14424400.0
2018-09-24,14.096647262573242,8067000.0
2018-09-25,14.067415237426758,7670800.0
2018-09-26,13.840873718261719,9266800.0
2018-09-27,13.548564910888672,13998400.0
2018-09-28,13.409722328186035,13617100.0
2018-10-01,13.256255149841309,15586500.0
2018-10-02,13.234332084655762,11908900.0
2018-10-03,13.49741268157959,12179000.0
2018-10-04,13.643566131591797,11839600.0
2018-10-05,13.548564910888672,8604000.0
2018-10-08,13.658183097839355,8363500.0
2018-10-09,13.585104942321777,8757100.0
2018-10-10,13.351258277893066,12205900.0
2018-10-11,12.963949203491211,15154200.0
2018-10-12,12.635098457336426,19965800.0
2018-10-15,12.540095329284668,13905800.0
2018-10-16,12.583942413330078,14614600.0
2018-10-17,12.664326667785645,15434200.0
2018-10-18,12.452402114868164,13042300.0
2018-10-19,12.350093841552734,16990800.0
2018-10-22,11.977397918701172,20725400.0
2018-10-23,11.897017478942871,21101400.0
2018-10-24,11.297779083251953,29458900.0
2018-10-25,11.736245155334473,16413200.0
2018-10-26,11.736245155334473,15845900.0
2018-10-29,12.006630897521973,15731100.0
2018-10-30,12.072402000427246,20155600.0
2018-10-31,12.401249885559082,21663900.0
2018-11-01,12.576632499694824,13956400.0
2018-11-02,12.61317253112793,10271500.0
2018-11-05,12.657018661499023,8068400.0
2018-11-06,12.890869140625,14261100.0
2018-11-07,12.803176879882812,13347800.0
2018-11-08,12.912793159484863,10510200.0
2018-11-09,12.598557472229004,17214000.0
2018-11-12,12.372016906738281,13848600.0
2018-11-13,12.335477828979492,12300100.0
2018-11-14,11.962787628173828,16666000.0
2018-11-15,12.021245956420898,16979800.0
2018-11-16,11.838552474975586,17433000.0
2018-11-19,11.787397384643555,18830200.0
2018-11-20,11.568166732788086,16370200.0
2018-11-21,11.560860633850098,12623700.0
2018-11-23,11.663166046142578,17990100.0
2018-11-26,11.940861701965332,15245900.0
2018-11-27,11.882397651672363,14286400.0
2018-11-28,12.006630897521973,14888000.0
2018-11-29,11.845858573913574,14182800.0
2018-11-30,12.021245956420898,20201000.0
2018-12-03,12.152785301208496,15801800.0
2018-12-04,11.392782211303711,17607800.0
2018-12-06,11.282170295715332,19708900.0
2018-12-07,10.98720932006836,14311700.0
2018-12-10,10.611141204833984,18644900.0
2018-12-11,10.441534996032715,17283500.0
2018-12-12,10.515277862548828,11803900.0
2018-12-13,10.16132926940918,13554100.0
2018-12-14,9.932734489440918,15312900.0
2018-12-17,9.87374210357666,15430200.0
2018-12-18,9.755758285522461,13604800.0
2018-12-19,9.46817684173584,21492100.0
2018-12-20,9.519794464111328,20242600.0
2018-12-21,9.48292064666748,31504500.0
2018-12-24,9.269075393676758,7330100.0
2018-12-26,9.87374210357666,16054400.0
2018-12-27,9.851621627807617,13462400.0
2018-12-28,9.844245910644531,12257100.0
2018-12-31,9.866369247436523,10700600.0
2019-01-02,10.080216407775879,11301300.0
2019-01-03,10.06546688079834,12302100.0
2019-01-04,10.434164047241211,16824000.0
2019-01-07,10.611141204833984,10922400.0
2019-01-08,10.721747398376465,10790100.0
2019-01-09,10.839734077453613,8797500.0
2019-01-10,10.847105026245117,9324900.0
2019-01-11,10.898720741271973,8807300.0
2019-01-14,11.031455993652344,8154500.0
2019-01-15,11.142064094543457,14079000.0
2019-01-16,11.355910301208496,12393700.0
2019-01-17,11.510763168334961,13514300.0
2019-01-18,11.577128410339355,21818700.0
2019-01-22,11.496015548706055,16134200.0
2019-01-23,11.33378791809082,12494900.0
2019-01-24,11.437020301818848,14425900.0
2019-01-25,11.540258407592773,10185400.0
2019-01-28,11.562382698059082,9985400.0
2019-01-29,11.45177173614502,12582200.0
2019-01-30,11.378034591674805,11223900.0
2019-01-31,11.186306953430176,19708300.0
2019-02-01,11.304293632507324,12146600.0
2019-02-04,11.407526969909668,8603500.0
2019-02-05,11.363282203674316,7942700.0
2019-02-06,11.363282203674316,7507700.0
2019-02-07,11.437020301818848,32773500.0
2019-02-08,11.385404586791992,12905900.0
2019-02-11,11.32641315460205,12148000.0
2019-02-12,11.407526969909668,15124500.0
2019-02-13,11.496015548706055,8964000.0
2019-02-14,11.437020301818848,8650200.0
2019-02-15,11.798347473144531,9929200.0
2019-02-19,11.901583671569824,9295800.0
2019-02-20,12.063810348510742,9050800.0
2019-02-21,11.982695579528809,8124400.0
2019-02-22,11.975323677062988,10314200.0
2019-02-25,12.071184158325195,11865100.0
2019-02-26,11.94582748413086,10640500.0
2019-02-27,12.21866512298584,21573900.0
2019-02-28,12.093305587768555,14091000.0
2019-03-01,12.026941299438477,14202800.0
2019-03-04,11.916333198547363,11493800.0
2019-03-05,11.879463195800781,12362200.0
2019-03-06,11.62874698638916,13099400.0
2019-03-07,11.47250747680664,11658000.0
2019-03-08,11.509705543518066,8707700.0
2019-03-11,11.584107398986816,6703400.0
2019-03-12,11.621307373046875,11137500.0
2019-03-13,11.762664794921875,8269700.0
2019-03-14,11.747786521911621,7636700.0
2019-03-15,11.710585594177246,12812500.0
2019-03-18,11.881709098815918,10486800.0
2019-03-19,11.62874698638916,10237000.0
2019-03-20,11.130265235900879,12457700.0
2019-03-21,10.735945701599121,26932400.0
2019-03-22,10.0663423538208,29240100.0
2019-03-25,10.0663423538208,18113100.0
2019-03-26,10.36394214630127,21078900.0
2019-03-27,10.393704414367676,17025600.0
2019-03-28,10.54250431060791,10337800.0
2019-03-29,10.527624130249023,11975600.0
2019-04-01,10.914508819580078,15469300.0
2019-04-02,11.040986061096191,12535600.0
2019-04-03,11.063304901123047,16022700.0
2019-04-04,11.234427452087402,10009500.0
2019-04-05,11.264185905456543,8871100.0
2019-04-08,11.33858585357666,9973400.0
2019-04-09,11.160025596618652,8770400.0
2019-04-10,11.249306678771973,7455000.0
2019-04-11,11.316266059875488,8237000.0
2019-04-12,11.606426239013672,9762800.0
2019-04-15,11.353466033935547,11748200.0
2019-04-16,11.576667785644531,13591400.0
2019-04-17,11.725465774536133,13784800.0
2019-04-18,11.346027374267578,24412300.0
2019-04-22,11.33858585357666,15552400.0
2019-04-23,11.43530559539795,23356700.0
2019-04-24,11.442744255065918,18523700.0
2019-04-25,11.509705543518066,11916600.0
2019-04-26,11.569228172302246,8729600.0
2019-04-29,11.665947914123535,8853100.0
2019-04-30,11.554347038269043,11317500.0
2019-05-01,11.286503791809082,17403800.0
2019-05-02,11.479948043823242,12809200.0
2019-05-03,11.591547966003418,9322900.0
2019-05-06,11.450185775756836,9871500.0
2019-05-07,11.241867065429688,9399700.0
2019-05-08,11.12282657623291,10188200.0
2019-05-09,11.107943534851074,11749000.0
2019-05-10,11.197229385375977,10096500.0
2019-05-13,10.668987274169922,12062600.0
2019-05-14,10.817785263061523,12432300.0
2019-05-15,10.654104232788086,9969700.0
2019-05-16,10.802905082702637,8463400.0
2019-05-17,10.713623046875,7831300.0
2019-05-20,10.765703201293945,6674900.0
2019-05-21,10.83266544342041,9834100.0
2019-05-22,10.721065521240234,6737500.0
2019-05-23,10.468103408813477,9739700.0
2019-05-24,10.55738353729248,7565700.0
2019-05-28,10.371384620666504,11569300.0
2019-05-29,10.527624130249023,15941900.0
2019-05-30,10.460662841796875,17110600.0
2019-05-31,10.289544105529785,12063600.0
2019-06-03,10.401144027709961,9541300.0
2019-06-04,10.661543846130371,13023800.0
2019-06-05,10.54250431060791,11370700.0
2019-06-06,10.550020217895508,7472300.0
2019-06-07,10.429790496826172,10667600.0
2019-06-10,10.512445449829102,18697800.0
2019-06-11,10.87313175201416,19846500.0
2019-06-12,10.700302124023438,11328300.0
2019-06-13,10.88815689086914,8375300.0
2019-06-14,10.963302612304688,8641100.0
2019-06-17,10.775447845458984,6571700.0
2019-06-18,11.173702239990234,12792900.0
2019-06-19,10.948273658752441,12878900.0
2019-06-20,10.970818519592285,12600000.0
2019-06-21,10.99336051940918,14843000.0
2019-06-24,10.903190612792969,7547500.0
2019-06-25,10.813017845153809,13636200.0
2019-06-26,10.843076705932617,10209900.0
2019-06-27,10.955788612365723,6418100.0
2019-06-28,11.226300239562988,14479600.0
2019-07-01,11.323987007141113,10021800.0
2019-07-02,11.166186332702637,13826000.0
2019-07-03,11.323987007141113,4881100.0
2019-07-05,11.429187774658203,6919800.0
2019-07-08,11.369072914123535,7110700.0
2019-07-09,11.504329681396484,8772800.0
2019-07-10,11.316473960876465,9594900.0
2019-07-11,11.444212913513184,11462000.0
2019-07-12,11.436702728271484,8218200.0
2019-07-15,11.25635814666748,7089700.0
2019-07-16,11.226300239562988,9638300.0
2019-07-17,11.053471565246582,13526600.0
2019-07-18,11.113585472106934,14774500.0
2019-07-19,11.369072914123535,20534300.0
2019-07-22,11.361559867858887,12781900.0
2019-07-23,11.699699401855469,14569400.0
2019-07-24,11.985241889953613,10728600.0
2019-07-25,11.81241512298584,10658000.0
2019-07-26,12.05286979675293,8698200.0
2019-07-29,11.880040168762207,9066700.0
2019-07-30,12.060382843017578,9996100.0
2019-07-31,11.970216751098633,24490700.0
2019-08-01,11.444212913513184,21792800.0
2019-08-02,11.519357681274414,18300400.0
2019-08-05,10.940760612487793,15374500.0
2019-08-06,11.08353042602539,9397600.0
2019-08-07,10.880643844604492,12902400.0
2019-08-08,11.060989379882812,10346000.0
2019-08-09,11.023417472839355,10523200.0
2019-08-12,10.745388984680176,9199400.0
2019-08-13,10.722848892211914,15424800.0
2019-08-14,10.264476776123047,15820300.0
2019-08-15,10.196847915649414,14858700.0
2019-08-16,10.587589263916016,10048800.0
2019-08-19,10.71533203125,10728500.0
2019-08-20,10.5199613571167,9089700.0
2019-08-21,10.61764907836914,9295500.0
2019-08-22,10.707818031311035,7886700.0
2019-08-23,10.362163543701172,12282300.0
2019-08-26,10.54250431060791,9585200.0
2019-08-27,10.407246589660645,9413600.0
2019-08-28,10.59510326385498,8031900.0
2019-08-29,10.87313175201416,11275200.0
2019-08-30,10.985845565795898,10389800.0
2019-09-03,10.71533203125,11341900.0
2019-09-04,10.85058879852295,8039500.0
2019-09-05,11.249367713928223,10269400.0
2019-09-06,11.279751777648926,8471500.0
2019-09-09,11.73550033569336,15609900.0
2019-09-10,12.160862922668457,16533900.0
2019-09-11,12.335565567016602,14678700.0
2019-09-12,12.34316349029541,11308900.0
2019-09-13,12.419118881225586,9920900.0
2019-09-16,12.487482070922852,7587600.0
2019-09-17,12.350757598876953,8389200.0
2019-09-18,12.419118881225586,12906000.0
2019-09-19,12.244414329528809,8220600.0
2019-09-20,12.122883796691895,14487000.0
2019-09-23,12.191246032714844,6054900.0
2019-09-24,12.039329528808594,8465500.0
2019-09-25,12.183650970458984,5653000.0
2019-09-26,12.069714546203613,6678000.0
2019-09-27,12.122883796691895,7700700.0
2019-09-30,12.016542434692383,7161900.0
2019-10-01,11.720307350158691,11021400.0
2019-10-02,11.515222549438477,8322800.0
2019-10-03,11.568391799926758,11667000.0
2019-10-04,11.689923286437988,9279700.0
2019-10-07,11.682327270507812,6924500.0
2019-10-08,11.310134887695312,10580000.0
2019-10-09,11.325325965881348,10402800.0
2019-10-10,11.477241516113281,10244000.0
2019-10-11,11.720307350158691,9809600.0
2019-10-14,11.689923286437988,6940100.0
2019-10-15,11.857032775878906,8491300.0
2019-10-16,11.7962646484375,7695000.0
2019-10-17,11.803861618041992,7941700.0
2019-10-18,11.978564262390137,14813500.0
2019-10-21,12.206437110900879,8952200.0
2019-10-22,12.320371627807617,18679000.0
2019-10-23,12.365951538085938,7876300.0
2019-10-24,12.289992332458496,6594900.0
2019-10-25,12.457098007202148,6814900.0
2019-10-28,12.548247337341309,9964300.0
2019-10-29,12.510268211364746,8535800.0
2019-10-30,12.358355522155762,7243400.0
2019-10-31,12.229225158691406,8206100.0
2019-11-01,12.571035385131836,8110600.0
2019-11-04,12.905250549316406,10327100.0
2019-11-05,13.064760208129883,8383600.0
2019-11-06,12.958420753479004,7188100.0
2019-11-07,12.844483375549316,14247800.0
2019-11-08,12.821694374084473,6690700.0
2019-11-11,12.738144874572754,7260500.0
2019-11-12,12.677376747131348,10035500.0
2019-11-13,12.46469497680664,7586000.0
2019-11-14,12.487482070922852,8075300.0
2019-11-15,12.548247337341309,8153100.0
2019-11-18,12.593823432922363,9655100.0
2019-11-19,12.548247337341309,5927000.0
2019-11-20,12.46469497680664,7018500.0
2019-11-21,12.525460243225098,6462800.0
2019-11-22,12.66218376159668,5918400.0
2019-11-25,12.791314125061035,7250700.0
2019-11-26,12.601421356201172,8049800.0
2019-11-27,12.715356826782227,5238300.0
2019-11-29,12.639397621154785,3348200.0
2019-12-02,12.61661148071289,7290700.0
2019-12-03,12.472288131713867,9932300.0
2019-12-04,12.669782638549805,9094700.0
2019-12-05,12.78862190246582,11004900.0
2019-12-06,13.0646333694458,9920000.0
2019-12-09,13.087635040283203,8621800.0
2019-12-10,13.03396224975586,9382000.0
2019-12-11,12.91129207611084,8461300.0
2019-12-12,13.355979919433594,10356800.0
2019-12-13,13.164304733276367,8754400.0
2019-12-16,13.217974662780762,9052200.0
2019-12-17,13.363648414611816,9671600.0
2019-12-18,13.286977767944336,10374500.0
2019-12-19,13.263976097106934,7615400.0
2019-12-20,13.225639343261719,17360800.0
2019-12-23,13.164304733276367,7879600.0
2019-12-24,13.187305450439453,3147700.0
2019-12-26,13.233309745788574,4234100.0
2019-12-27,13.156639099121094,6065200.0
2019-12-30,13.125968933105469,5555800.0
2019-12-31,13.156639099121094,6545100.0
2020-01-02,13.102968215942383,8972200.0
2020-01-03,12.857623100280762,8382600.0
2020-01-06,12.711950302124023,7579200.0
2020-01-07,12.535605430603027,9229600.0
2020-01-08,12.612279891967773,7741800.0
2020-01-09,12.688946723937988,7596500.0
2020-01-10,12.535605430603027,6160400.0
2020-01-13,12.60461139678955,6571100.0
2020-01-14,12.642946243286133,10616300.0
2020-01-15,12.504940032958984,12849500.0
2020-01-16,12.765619277954102,14894600.0
2020-01-17,12.566276550292969,17323400.0
2020-01-21,12.458937644958496,10804400.0
2020-01-22,12.435935974121094,8446500.0
2020-01-23,12.397601127624512,7058400.0
2020-01-24,12.052584648132324,6501900.0
2020-01-27,11.845573425292969,13732500.0
2020-01-28,11.906909942626953,10869700.0
2020-01-29,11.80723762512207,8072400.0
2020-01-30,11.96824836730957,13677100.0
2020-01-31,11.937578201293945,24895900.0
2020-02-03,12.15992259979248,11277300.0
2020-02-04,12.466604232788086,18884900.0
2020-02-05,12.704280853271484,8967100.0
2020-02-06,12.535605430603027,10912400.0
2020-02-07,12.512606620788574,6312700.0
2020-02-10,12.481939315795898,8848600.0
2020-02-11,12.581609725952148,6629600.0
2020-02-12,12.62761116027832,5081900.0
2020-02-13,12.727283477783203,4604400.0
2020-02-14,12.681282997131348,5911600.0
2020-02-18,12.504940032958984,9830000.0
2020-02-19,12.596943855285645,5140500.0
2020-02-20,12.681282997131348,9131300.0
2020-02-21,12.520272254943848,12312700.0
2020-02-24,12.060251235961914,10858700.0
2020-02-25,11.339550018310547,15818400.0
2020-02-26,11.178542137145996,11377700.0
2020-02-27,10.61884880065918,15071800.0
2020-02-28,10.365835189819336,28618400.0
2020-03-02,11.124872207641602,23705400.0
2020-03-03,10.8028564453125,32399400.0
2020-03-04,11.15554141998291,20535200.0
2020-03-05,10.702189445495605,24354300.0
2020-03-06,10.058974266052246,21487800.0
2020-03-09,8.1138277053833,23502700.0
2020-03-10,8.88878345489502,17013400.0
2020-03-11,8.284314155578613,25918700.0
2020-03-12,7.331114292144775,18790100.0
2020-03-13,7.734094619750977,28002000.0
2020-03-16,6.439911842346191,20294300.0
2020-03-17,6.881638526916504,23497600.0
2020-03-18,5.703700542449951,18007800.0
2020-03-19,6.416662693023682,15534000.0
2020-03-20,6.4011640548706055,23045600.0
2020-03-23,5.982686996459961,17459500.0
2020-03-24,6.858391761779785,15558100.0
2020-03-25,6.765395164489746,18087500.0
2020-03-26,7.633350372314453,17779900.0
2020-03-27,7.493857383728027,12732600.0
2020-03-30,7.362114906311035,11634200.0
2020-03-31,6.951385974884033,15360200.0
2020-04-01,6.432163238525391,14045200.0
2020-04-02,6.5019097328186035,14036000.0
2020-04-03,6.253922462463379,14772800.0
2020-04-06,6.881638526916504,15990700.0
2020-04-07,7.276867389678955,14330800.0
2020-04-08,7.834837913513184,10880200.0
2020-04-09,8.532302856445312,16772700.0
2020-04-13,8.268815994262695,11637000.0
2020-04-14,7.842590808868408,16539500.0
2020-04-15,7.199372291564941,13275000.0
2020-04-16,6.858391761779785,15716100.0
2020-04-17,7.377613544464111,16877000.0
2020-04-20,7.284616470336914,11453000.0
2020-04-21,6.881638526916504,15522000.0
2020-04-22,7.0443806648254395,11047700.0
2020-04-23,7.3001179695129395,12417400.0
2020-04-24,7.586852550506592,16855700.0
2020-04-27,8.121575355529785,14233000.0
2020-04-28,8.284314155578613,11182800.0
2020-04-29,8.726041793823242,11712000.0
2020-04-30,8.330816268920898,9886400.0
2020-05-01,7.8813371658325195,6817500.0
2020-05-04,7.873587608337402,6483200.0
2020-05-05,7.734094619750977,8155700.0
2020-05-06,7.47835636138916,8734600.0
2020-05-07,7.633350372314453,9976700.0
2020-05-08,7.99758243560791,7561600.0
2020-05-11,7.602351665496826,10962000.0
2020-05-12,7.222620487213135,10209900.0
2020-05-13,6.9126386642456055,14005600.0
2020-05-14,7.2381205558776855,16513000.0
2020-05-15,7.121877670288086,9178000.0
2020-05-18,7.772842884063721,10766400.0
2020-05-19,7.470609188079834,9639400.0
2020-05-20,7.788341045379639,9019100.0
2020-05-21,7.70309591293335,7991500.0
2020-05-22,7.7108473777771,6788200.0
2020-05-26,8.49355411529541,13327600.0
2020-05-27,9.284014701843262,15820400.0
2020-05-28,8.912030220031738,12227400.0
2020-05-29,8.764790534973145,19646300.0
2020-06-01,8.896533012390137,8730400.0
2020-06-02,9.067025184631348,10844500.0
2020-06-03,9.539752006530762,11358900.0
2020-06-04,10.148001670837402,14367300.0
2020-06-05,10.461936950683594,14606200.0
2020-06-08,10.862208366394043,8903500.0
2020-06-09,10.563969612121582,10772500.0
2020-06-10,9.9360933303833,11739000.0
2020-06-11,8.947193145751953,11101700.0
2020-06-12,9.339614868164062,11041600.0
2020-06-15,9.543671607971191,12572500.0
2020-06-16,9.873307228088379,11065700.0
2020-06-17,9.700643539428711,9980800.0
2020-06-18,9.700643539428711,9730400.0
2020-06-19,9.418098449707031,51155600.0
2020-06-22,9.48088550567627,7723000.0
2020-06-23,9.425949096679688,9601000.0
2020-06-24,8.853014945983887,9605400.0
2020-06-25,9.143404006958008,10895300.0
2020-06-26,8.358563423156738,14589700.0
2020-06-29,8.523381233215332,9390100.0
2020-06-30,8.727438926696777,14251800.0
2020-07-01,8.342864990234375,12519300.0
2020-07-02,8.319320678710938,13439800.0
2020-07-06,8.476289749145508,9382800.0
2020-07-07,8.107413291931152,9078700.0
2020-07-08,8.11526107788086,9510300.0
2020-07-09,7.714993476867676,10371200.0
2020-07-10,8.076021194458008,10660900.0
2020-07-13,8.225140571594238,9936600.0
2020-07-14,8.013233184814453,10079800.0
2020-07-15,8.42134952545166,9049800.0
2020-07-16,8.476289749145508,9137100.0
2020-07-17,8.099567413330078,17500000.0
2020-07-20,8.0289306640625,8707400.0
2020-07-21,8.476289749145508,10967500.0
2020-07-22,8.476289749145508,9561900.0
2020-07-23,8.664650917053223,6922700.0
2020-07-24,8.57046890258789,6263400.0
2020-07-27,8.327170372009277,9275100.0
2020-07-28,8.27223014831543,9091200.0
2020-07-29,8.664650917053223,9914100.0
2020-07-30,8.43704891204834,5713900.0
2020-07-31,8.523381233215332,11041700.0
2020-08-03,8.44489574432373,6465600.0
2020-08-04,8.397805213928223,6312900.0
2020-08-05,8.578317642211914,5624900.0
2020-08-06,8.507682800292969,6168500.0
2020-08-07,8.83731746673584,7677400.0
2020-08-10,9.025677680969238,6380000.0
2020-08-11,9.363161087036133,10987100.0
2020-08-12,9.355315208435059,11644900.0
2020-08-13,9.119858741760254,6540500.0
2020-08-14,9.237585067749023,5124500.0
2020-08-17,9.159103393554688,9335600.0
2020-08-18,8.923650741577148,5079600.0
2020-08-19,8.962892532348633,5046900.0
2020-08-20,8.696043968200684,5384600.0
2020-08-21,8.609713554382324,5334400.0
2020-08-24,9.057072639465332,5806100.0
2020-08-25,9.166951179504395,8049800.0
2020-08-26,8.931497573852539,5936500.0
2020-08-27,9.182645797729492,6175600.0
2020-08-28,9.190497398376465,4964800.0
2020-08-31,9.072770118713379,7327600.0
2020-09-01,9.127710342407227,5897400.0
2020-09-02,9.253281593322754,6862800.0
2020-09-03,9.16977596282959,7846700.0
2020-09-04,9.384507179260254,6025100.0
2020-09-08,9.042530059814453,7351300.0
2020-09-09,9.114106178283691,6218900.0
2020-09-10,8.939139366149902,6968100.0
2020-09-11,9.161823272705078,6161100.0
2020-09-14,9.59128475189209,6420700.0
2020-09-15,9.527658462524414,7992800.0
2020-09-16,9.615142822265625,8277100.0
2020-09-17,9.567423820495605,8007100.0
2020-09-18,9.471991539001465,12367600.0
2020-09-21,8.99481201171875,8490600.0
2020-09-22,8.78007984161377,8993700.0
2020-09-23,8.549445152282715,7301300.0
2020-09-24,8.557398796081543,6390500.0
2020-09-25,8.748270034790039,6619100.0
2020-09-28,9.153871536254883,9044400.0
2020-09-29,9.042530059814453,7784100.0
2020-09-30,9.16977596282959,9507000.0
2020-10-01,9.16977596282959,7672700.0
2020-10-02,9.503799438476562,8072300.0
2020-10-05,9.9968843460083,8103500.0
2020-10-06,9.853731155395508,9982500.0
2020-10-07,10.108227729797363,7868600.0
2020-10-08,10.370676040649414,10066200.0
2020-10-09,10.171850204467773,6694500.0
2020-10-12,10.299098014831543,5145200.0
2020-10-13,9.93326187133789,6629100.0
2020-10-14,9.742390632629395,7819800.0
2020-10-15,9.973028182983398,7103800.0
2020-10-16,9.917357444763184,6503400.0
2020-10-19,9.813965797424316,6513300.0
2020-10-20,10.291143417358398,16365500.0
2020-10-21,10.171850204467773,9093300.0
2020-10-22,10.97510051727295,15865600.0
2020-10-23,10.959196090698242,9295300.0
2020-10-26,10.617218971252441,9455600.0
2020-10-27,10.259333610534668,8385100.0
2020-10-28,10.124131202697754,9612100.0
2020-10-29,10.49792194366455,8177400.0
2020-10-30,10.577449798583984,7247900.0
2020-11-02,10.943289756774902,7507400.0
2020-11-03,11.158019065856934,8472900.0
2020-11-04,10.44225025177002,10892800.0
2020-11-05,10.87966537475586,10522900.0
2020-11-06,10.378628730773926,10748100.0
2020-11-09,12.104425430297852,22576700.0
2020-11-10,12.112375259399414,10973000.0
2020-11-11,11.826070785522461,8738700.0
2020-11-12,11.468185424804688,8837100.0
2020-11-13,11.84992790222168,6048300.0
2020-11-16,12.414591789245605,9783800.0
2020-11-17,12.422541618347168,9589100.0
2020-11-18,12.255529403686523,7031300.0
2020-11-19,12.295295715332031,5775800.0
2020-11-20,12.016939163208008,6150000.0
2020-11-23,12.239624977111816,5890300.0
2020-11-24,12.796332359313965,12374000.0
2020-11-25,12.52592945098877,6104400.0
2020-11-27,12.422541618347168,3711100.0
2020-11-30,12.144187927246094,12087700.0
2020-12-01,12.621367454528809,8931100.0
2020-12-02,12.859955787658691,9168800.0
2020-12-03,12.872000694274902,14249700.0
2020-12-04,12.984418869018555,16112100.0
2020-12-07,12.823820114135742,7397600.0
2020-12-08,12.807762145996094,8927000.0
2020-12-09,12.74351978302002,9757800.0
2020-12-10,12.727459907531738,10552500.0
2020-12-11,12.478533744812012,8628300.0
2020-12-14,12.165365219116211,8948800.0
2020-12-15,12.350055694580078,8566800.0
2020-12-16,12.526711463928223,9109200.0
2020-12-17,12.494593620300293,10842000.0
2020-12-18,12.253695487976074,15145100.0
2020-12-21,12.478533744812012,10235700.0
2020-12-22,12.390203475952148,6277600.0
2020-12-23,12.799732208251953,5870900.0
2020-12-24,12.807762145996094,2588200.0
2020-12-28,12.815791130065918,4884100.0
2020-12-29,12.647162437438965,4173000.0
2020-12-30,12.791701316833496,3726300.0
2020-12-31,12.944270133972168,4764700.0
2021-01-04,12.807762145996094,7872800.0
2021-01-05,13.04865837097168,7444800.0
2021-01-06,13.851654052734375,13449500.0
2021-01-07,14.180880546569824,9326900.0
2021-01-08,14.108613967895508,7526900.0
2021-01-11,14.35754108428955,9390700.0
2021-01-12,14.662677764892578,7801600.0
2021-01-13,14.582377433776855,8682400.0
2021-01-14,14.975845336914062,7244000.0
2021-01-15,14.638588905334473,9273200.0
2021-01-19,14.791154861450195,9750100.0
2021-01-20,14.574349403381348,7854900.0
2021-01-21,14.285270690917969,8286100.0
2021-01-22,14.24512004852295,7702600.0
2021-01-25,14.229061126708984,9305300.0
2021-01-26,14.25314998626709,8197400.0
2021-01-27,13.771355628967285,10037100.0
2021-01-28,14.140731811523438,10431800.0
2021-01-29,13.658934593200684,11010100.0
2021-02-01,13.907862663269043,6484600.0
2021-02-02,14.261183738708496,6677900.0
2021-02-03,14.726917266845703,8066500.0
2021-02-04,15.240836143493652,8473600.0
2021-02-05,15.200684547424316,6505300.0
2021-02-08,15.690509796142578,6693600.0
2021-02-09,15.6985445022583,6400900.0
2021-02-10,15.642330169677734,7591600.0
2021-02-11,15.529912948608398,5560500.0
2021-02-12,15.706572532653809,5460400.0
2021-02-16,16.23655128479004,8479400.0
2021-02-17,16.075944900512695,6377100.0
2021-02-18,15.786865234375,6136700.0
2021-02-19,16.356998443603516,8363400.0
2021-02-22,16.6300106048584,11219100.0
2021-02-23,17.071666717529297,12472000.0
2021-02-24,17.834508895874023,11766600.0
2021-02-25,17.119842529296875,11435000.0
2021-02-26,16.565771102905273,12723700.0
2021-03-01,17.119842529296875,7944800.0
2021-03-02,16.951213836669922,7403500.0
2021-03-03,16.8548526763916,11910000.0
2021-03-04,16.389694213867188,16952500.0
2021-03-05,16.91552734375,15265900.0
2021-03-08,17.247201919555664,13417600.0
2021-03-09,17.0045166015625,9513300.0
2021-03-10,17.400907516479492,8383100.0
2021-03-11,17.34427833557129,6163600.0
2021-03-12,17.684051513671875,7792600.0
2021-03-15,17.36046028137207,10244700.0
2021-03-16,16.939794540405273,11756600.0
2021-03-17,17.14203643798828,9633900.0
2021-03-18,17.36046028137207,10846900.0
2021-03-19,17.053049087524414,35973000.0
2021-03-22,16.53531265258789,9712400.0
2021-03-23,16.2278995513916,9890500.0
2021-03-24,16.11464500427246,7892600.0
2021-03-25,16.794179916381836,7907200.0
2021-03-26,16.98833465576172,6685400.0
2021-03-29,16.438234329223633,7028900.0
2021-03-30,16.91552734375,7129800.0
2021-03-31,16.71328353881836,9146800.0
2021-04-01,17.03687286376953,8297600.0
2021-04-05,16.980241775512695,8978200.0
2021-04-06,17.053049087524414,6360600.0
2021-04-07,17.08540916442871,4987000.0
2021-04-08,17.02878189086914,5412400.0
2021-04-09,17.174394607543945,6675600.0
2021-04-12,17.328100204467773,6555800.0
2021-04-13,16.858898162841797,9252700.0
2021-04-14,17.174394607543945,9291900.0
2021-04-15,16.96406364440918,9283100.0
2021-04-16,17.150123596191406,5956700.0
2021-04-19,16.907434463500977,6321600.0
2021-04-20,16.179363250732422,9068200.0
2021-04-21,16.624296188354492,6896300.0
2021-04-22,16.413965225219727,8567600.0
2021-04-23,16.689010620117188,11971500.0
2021-04-26,17.077320098876953,8653800.0
2021-04-27,17.174394607543945,6626000.0
2021-04-28,17.320011138916016,7530100.0
2021-04-29,17.756855010986328,7674500.0
2021-04-30,17.63551139831543,8753100.0
2021-05-03,17.63551139831543,6154100.0
2021-05-04,18.056169509887695,8167200.0
2021-05-05,18.193695068359375,5449500.0
2021-05-06,18.34739875793457,5657300.0
2021-05-07,18.51727867126465,5183900.0
2021-05-10,18.323131561279297,6131500.0
2021-05-11,18.153247833251953,7200300.0
2021-05-12,17.708314895629883,6789700.0
2021-05-13,18.250320434570312,7776900.0
2021-05-14,18.808513641357422,8138400.0
2021-05-17,18.92985725402832,6069400.0
2021-05-18,18.509193420410156,6208600.0
2021-05-19,18.339305877685547,5702900.0
2021-05-20,18.21796417236328,4270500.0
2021-05-21,18.41211700439453,6461900.0
2021-05-24,18.501102447509766,4063600.0
2021-05-25,18.169424057006836,5569200.0
2021-05-26,18.46874237060547,5005700.0
2021-05-27,18.905588150024414,8693800.0
2021-05-28,18.937946319580078,7593700.0
2021-06-01,19.107830047607422,4862400.0
2021-06-02,18.808513641357422,8820400.0
2021-06-03,18.682275772094727,9401100.0
2021-06-04,18.429813385009766,8759500.0
2021-06-07,18.332088470458984,6187200.0
2021-06-08,18.193639755249023,10307200.0
2021-06-09,17.835309982299805,5509500.0
2021-06-10,17.338525772094727,6833200.0
2021-06-11,17.525833129882812,5695000.0
2021-06-14,17.248939514160156,6615700.0
2021-06-15,17.34666633605957,6459600.0
2021-06-16,17.428104400634766,7344900.0
2021-06-17,16.141357421875,15610300.0
2021-06-18,15.74230670928955,14896400.0
2021-06-21,16.173934936523438,6617700.0
2021-06-22,16.19021987915039,5417000.0
2021-06-23,16.304237365722656,4119900.0
2021-06-24,16.548559188842773,5243700.0
2021-06-25,16.776588439941406,7740700.0
2021-06-28,16.564844131469727,6225300.0
2021-06-29,16.336814880371094,6591500.0
2021-06-30,16.434539794921875,6498900.0
2021-07-01,16.638137817382812,4718700.0
2021-07-02,16.49969482421875,4125900.0
2021-07-06,15.945903778076172,7910700.0
2021-07-07,15.823742866516113,6788600.0
2021-07-08,15.449119567871094,10783700.0
2021-07-09,16.182083129882812,8324500.0
2021-07-12,16.312381744384766,5436100.0
2021-07-13,16.059919357299805,7071300.0
2021-07-14,15.880752563476562,9286300.0
2021-07-15,16.068065643310547,10422800.0
2021-07-16,15.481696128845215,8739800.0
2021-07-19,14.773170471191406,10147200.0
2021-07-20,15.400259971618652,8121200.0
2021-07-21,15.669008255004883,8446200.0
2021-07-22,15.440972328186035,10334600.0
2021-07-23,15.554990768432617,8420900.0
2021-07-26,15.750446319580078,5664200.0
2021-07-27,15.791170120239258,4869200.0
2021-07-28,15.807456016540527,6322600.0
2021-07-29,15.90518856048584,5580500.0
2021-07-30,15.677156448364258,7369100.0
2021-08-02,15.563138961791992,5606400.0
2021-08-03,15.978477478027344,5918800.0
2021-08-04,15.70158576965332,4527900.0
2021-08-05,15.913328170776367,5295100.0
2021-08-06,16.255374908447266,5425900.0
2021-08-09,16.1983642578125,4779500.0
2021-08-10,16.442684173583984,6795500.0
2021-08-11,16.792879104614258,7003500.0
2021-08-12,16.931325912475586,6364800.0
2021-08-13,16.69515037536621,5739100.0
2021-08-16,16.55670166015625,4158000.0
2021-08-17,16.239086151123047,4183100.0
2021-08-18,16.133211135864258,4296600.0
2021-08-19,16.019201278686523,11049400.0
2021-08-20,16.312381744384766,10723200.0
2021-08-23,16.57299041748047,8818000.0
2021-08-24,16.78473663330078,7441500.0
2021-08-25,17.04534339904785,7007500.0
2021-08-26,16.735868453979492,6823500.0
2021-08-27,17.03719139099121,7228500.0
2021-08-30,16.564844131469727,6570200.0
2021-08-31,16.638137817382812,8323700.0
2021-09-01,16.39381980895996,10166200.0
2021-09-02,16.459531784057617,5763600.0
2021-09-03,16.188488006591797,7441100.0
2021-09-07,16.163846969604492,5723500.0
2021-09-08,16.00779151916504,6932800.0
2021-09-09,16.147424697875977,5652400.0
2021-09-10,16.016008377075195,10883300.0
2021-09-13,16.336328506469727,13102000.0
2021-09-14,15.974943161010742,9267600.0
2021-09-15,16.26241111755371,6663700.0
2021-09-16,16.295263290405273,6693900.0
2021-09-17,16.287050247192383,13530200.0
2021-09-20,15.736756324768066,10156100.0
2021-09-21,15.695686340332031,7401300.0
2021-09-22,16.03243637084961,8524700.0
2021-09-23,16.75520896911621,12068600.0
2021-09-24,16.96054458618164,8713600.0
2021-09-27,17.872224807739258,11540200.0
2021-09-28,17.724382400512695,8198300.0
2021-09-29,17.814727783203125,6598800.0
2021-09-30,17.50262451171875,7064600.0
2021-10-01,17.855798721313477,6528600.0
2021-10-04,17.9215030670166,7658200.0
2021-10-05,17.94614028930664,6488000.0
2021-10-06,17.82294273376465,6195100.0
2021-10-07,17.94614028930664,6513100.0
2021-10-08,18.085771560668945,5765500.0
2021-10-11,17.94614028930664,5733400.0
2021-10-12,18.11040687561035,8263800.0
2021-10-13,17.84758186340332,8158100.0
2021-10-14,18.167905807495117,7092600.0
2021-10-15,18.422515869140625,8112600.0
2021-10-18,18.537504196166992,5749900.0
2021-10-19,18.74283790588379,5120600.0
2021-10-20,19.317771911621094,8524800.0
2021-10-21,19.12065315246582,10913500.0
2021-10-22,19.78592872619629,10312600.0
2021-10-25,19.892704010009766,8650500.0
2021-10-26,19.77771759033203,7534500.0
2021-10-27,19.194568634033203,8426100.0
2021-10-28,19.498462677001953,5982900.0
2021-10-29,19.449182510375977,7210200.0
2021-11-01,19.835208892822266,5218500.0
2021-11-02,19.679155349731445,5407800.0
2021-11-03,20.295154571533203,7476200.0
2021-11-04,19.93376922607422,5935700.0
2021-11-05,19.966623306274414,5795700.0
2021-11-08,20.122678756713867,6512700.0
2021-11-09,19.991262435913086,8249600.0
2021-11-10,19.851633071899414,8009500.0
2021-11-11,19.81056785583496,7909600.0
2021-11-12,19.670942306518555,7724000.0
2021-11-15,19.90913200378418,5243000.0
2021-11-16,19.91734504699707,4374900.0
2021-11-17,19.736650466918945,3882600.0
2021-11-18,19.62987518310547,4569900.0
2021-11-19,19.4573974609375,7704600.0
2021-11-22,19.753082275390625,5883900.0
2021-11-23,20.19659996032715,5467100.0
2021-11-24,20.188383102416992,4568800.0
2021-11-26,19.276700973510742,6513800.0
2021-11-29,19.33419418334961,8162300.0
2021-11-30,18.68534278869629,13243200.0
2021-12-01,18.19254493713379,8936200.0
2021-12-02,18.73053741455078,13700600.0
2021-12-03,18.126331329345703,10420100.0
2021-12-06,18.57328224182129,8280900.0
2021-12-07,18.929182052612305,7329300.0
2021-12-08,18.738815307617188,6314800.0
2021-12-09,18.449127197265625,8410200.0
2021-12-10,18.399459838867188,7224200.0
2021-12-13,17.75386619567871,9378600.0
2021-12-14,18.068389892578125,9017500.0
2021-12-15,18.101503372192383,8580100.0
2021-12-16,18.175987243652344,7307300.0
2021-12-17,17.604888916015625,17185000.0
2021-12-20,17.124828338623047,12154300.0
2021-12-21,17.646268844604492,6393100.0
2021-12-22,17.662824630737305,5250300.0
2021-12-23,17.81180763244629,4489200.0
2021-12-27,18.1180477142334,4564700.0
2021-12-28,18.084943771362305,3763600.0
2021-12-29,18.084943771362305,3712100.0
2021-12-30,18.101503372192383,4150000.0
2021-12-31,18.043556213378906,3959100.0
2022-01-03,18.763643264770508,10995500.0
2022-01-04,19.599611282348633,10302500.0
2022-01-05,19.409244537353516,6667200.0
2022-01-06,20.35280418395996,9872500.0
2022-01-07,20.791481018066406,11494100.0
2022-01-10,20.576278686523438,11121300.0
2022-01-11,20.410743713378906,13560200.0
2022-01-12,20.51006507873535,8779700.0
2022-01-13,20.71698570251465,10708000.0
2022-01-14,21.03150749206543,10115300.0
2022-01-18,20.534893035888672,10056900.0
2022-01-19,19.574777603149414,19197600.0
2022-01-20,18.556724548339844,18409900.0
2022-01-21,18.291866302490234,16730300.0
2022-01-24,19.01194953918457,18654000.0
2022-01-25,19.218873977661133,16217300.0
2022-01-26,19.392690658569336,15991400.0
2022-01-27,18.96228790283203,11703300.0
2022-01-28,19.119552612304688,10778000.0
2022-01-31,18.98712158203125,12377100.0
2022-02-01,19.533397674560547,9480200.0
2022-02-02,19.69065284729004,6407900.0
2022-02-03,19.516843795776367,8488300.0
2022-02-04,20.07139015197754,7084600.0
2022-02-07,20.25347900390625,6480200.0
2022-02-08,20.76664924621582,10191400.0
2022-02-09,20.568004608154297,7870100.0
2022-02-10,20.625944137573242,8593400.0
2022-02-11,20.551448822021484,11539900.0
2022-02-14,20.294870376586914,8571700.0
2022-02-15,20.932188034057617,7950600.0
2022-02-16,20.89080238342285,6396100.0
2022-02-17,19.78169822692871,17784200.0
2022-02-18,19.61616325378418,16611500.0
2022-02-22,19.76514434814453,10644100.0
2022-02-23,19.38441276550293,8168200.0
2022-02-24,19.102996826171875,14344400.0
2022-02-25,20.10449981689453,8958500.0
2022-02-28,20.021730422973633,12837500.0
2022-03-01,18.30014419555664,15189800.0
2022-03-02,19.343027114868164,11277300.0
2022-03-03,19.392690658569336,8011800.0
2022-03-04,18.713985443115234,10699300.0
2022-03-07,17.59661102294922,16306200.0
2022-03-08,17.71248435974121,16081500.0
2022-03-09,18.581558227539062,10750000.0
2022-03-10,18.348033905029297,8808200.0
2022-03-11,18.27297592163086,8355500.0
2022-03-14,18.948514938354492,10280300.0
2022-03-15,19.006898880004883,10312400.0
2022-03-16,19.632394790649414,9562400.0
2022-03-17,19.407217025756836,7486800.0
2022-03-18,19.14034080505371,24226400.0
2022-03-21,18.99855613708496,6842000.0
2022-03-22,19.540660858154297,6519000.0
2022-03-23,18.931833267211914,6623200.0
2022-03-24,19.098636627197266,6345000.0
2022-03-25,19.548995971679688,6263500.0
2022-03-28,19.207059860229492,5919200.0
2022-03-29,19.373859405517578,6285000.0
2022-03-30,18.89013671875,9412200.0
2022-03-31,18.56487274169922,11027800.0
2022-04-01,17.90601348876953,11893900.0
2022-04-04,17.90601348876953,7694500.0
2022-04-05,17.780912399291992,6923300.0
2022-04-06,17.36391258239746,9205700.0
2022-04-07,17.03031349182129,11362800.0
2022-04-08,17.3055362701416,7765500.0
2022-04-11,17.63079833984375,9620400.0
2022-04-12,17.36391258239746,7958400.0
2022-04-13,17.455656051635742,5263900.0
2022-04-14,17.288850784301758,7050700.0
2022-04-18,17.447311401367188,4173300.0
2022-04-19,18.08115577697754,7637700.0
2022-04-20,18.323015213012695,10731900.0
2022-04-21,17.964399337768555,14794000.0
2022-04-22,17.82261848449707,16456900.0
2022-04-25,18.014436721801758,13281600.0
2022-04-26,17.53071403503418,12938500.0
2022-04-27,17.73921775817871,11634300.0
2022-04-28,17.797595977783203,9262900.0
2022-04-29,17.2805118560791,11859500.0
2022-05-02,17.564075469970703,12514400.0
2022-05-03,17.972732543945312,7301800.0
2022-05-04,18.389732360839844,7904900.0
2022-05-05,17.889331817626953,7214100.0
2022-05-06,17.61411476135254,10540000.0
2022-05-09,17.155412673950195,13179800.0
2022-05-10,16.83849334716797,11041900.0
2022-05-11,16.696712493896484,7493000.0
2022-05-12,16.529911041259766,9448800.0
2022-05-13,16.579954147338867,6210200.0
2022-05-16,16.44651222229004,5891800.0
2022-05-17,17.213794708251953,6167800.0
2022-05-18,16.62165641784668,6458300.0
2022-05-19,16.696712493896484,8677000.0
2022-05-20,16.805131912231445,7964000.0
2022-05-23,17.2805118560791,7979400.0
2022-05-24,17.03865623474121,6858300.0
2022-05-25,17.655818939208984,8443200.0
2022-05-26,18.022777557373047,6468600.0
2022-05-27,18.247953414916992,5991200.0
2022-05-31,18.423095703125,9655300.0
2022-06-01,18.022777557373047,6971500.0
2022-06-02,18.401050567626953,5600700.0
2022-06-03,18.283367156982422,5480600.0
2022-06-06,18.308584213256836,4858500.0
2022-06-07,18.493520736694336,6421200.0
2022-06-08,18.325393676757812,4875000.0
2022-06-09,17.728559494018555,5031300.0
2022-06-10,16.929975509643555,6858000.0
2022-06-13,16.341548919677734,7646700.0
2022-06-14,16.265892028808594,7984700.0
2022-06-15,16.291112899780273,10166000.0
2022-06-16,15.593398094177246,7625800.0
2022-06-17,15.719490051269531,12373300.0
2022-06-21,16.047332763671875,5578100.0
2022-06-22,16.030515670776367,5367000.0
2022-06-23,15.484116554260254,9318300.0
2022-06-24,16.383575439453125,11636000.0
2022-06-27,16.265892028808594,6904000.0
2022-06-28,16.333141326904297,5446600.0
2022-06-29,16.173423767089844,5808500.0
2022-06-30,15.761521339416504,10637700.0
2022-07-01,15.996893882751465,7841300.0
2022-07-05,15.845586776733398,6944700.0
2022-07-06,15.601805686950684,7779800.0
2022-07-07,16.005300521850586,7757600.0
2022-07-08,15.98848819732666,7164900.0
2022-07-11,16.01370620727539,6919900.0
2022-07-12,15.946459770202637,7558400.0
2022-07-13,15.66905403137207,7020900.0
2022-07-14,15.332809448242188,5560200.0
2022-07-15,16.13139533996582,7459300.0
2022-07-18,16.35835838317871,4830400.0
2022-07-19,16.845916748046875,5010200.0
2022-07-20,17.03925895690918,5198400.0
2022-07-21,17.123319625854492,12503700.0
2022-07-22,17.358692169189453,12949000.0
2022-07-25,17.896682739257812,8174200.0
2022-07-26,17.333473205566406,8296800.0
2022-07-27,17.79581069946289,7714400.0
2022-07-28,17.58565330505371,6710800.0
2022-07-29,17.804214477539062,7986800.0
2022-08-01,17.753780364990234,8626100.0
2022-08-02,17.51000213623047,7598200.0
2022-08-03,17.77899169921875,7180700.0
2022-08-04,17.66971778869629,7372100.0
2022-08-05,17.947120666503906,6557200.0
2022-08-08,17.87146759033203,5571900.0
2022-08-09,18.039588928222656,5191900.0
2022-08-10,18.678451538085938,7268100.0
2022-08-11,19.031509399414062,6720500.0
2022-08-12,19.30051040649414,4816200.0
2022-08-15,19.25847625732422,4111500.0
2022-08-16,19.477039337158203,5159400.0
2022-08-17,19.199636459350586,6065400.0
2022-08-18,19.30051040649414,4496300.0
2022-08-19,18.99789047241211,4620600.0
2022-08-22,18.585987091064453,6650000.0
2022-08-23,18.535547256469727,5793300.0
2022-08-24,18.594396591186523,4819800.0
2022-08-25,18.930641174316406,4013600.0
2022-08-26,18.468299865722656,7138000.0
2022-08-29,18.274961471557617,4728100.0
2022-08-30,18.23293113708496,5574300.0
2022-08-31,18.21611785888672,8117300.0
2022-09-01,18.139759063720703,6340400.0
2022-09-02,18.054914474487305,6356700.0
2022-09-06,17.82583236694336,7301500.0
2022-09-07,18.283994674682617,5726000.0
2022-09-08,18.843965530395508,6591400.0
2022-09-09,18.843965530395508,9929800.0
2022-09-12,19.056074142456055,8489100.0
2022-09-13,18.3942928314209,9638900.0
2022-09-14,18.776092529296875,11095200.0
2022-09-15,19.03911018371582,7467800.0
2022-09-16,18.606401443481445,13704100.0
2022-09-19,18.869421005249023,5279200.0
2022-09-20,18.826997756958008,6310200.0
2022-09-21,18.555496215820312,8155000.0
2022-09-22,18.080364227294922,6240600.0
2022-09-23,17.715534210205078,6831000.0
2022-09-26,17.554330825805664,8071300.0
2022-09-27,17.31676483154297,8328300.0
2022-09-28,17.359188079833984,19665700.0
2022-09-29,16.85860824584961,10098000.0
2022-09-30,17.02829360961914,10594500.0
2022-10-03,17.41009521484375,9218900.0
2022-10-04,18.156721115112305,7203400.0
2022-10-05,17.961584091186523,6821700.0
2022-10-06,17.656143188476562,6031100.0
2022-10-07,17.350704193115234,10460800.0
2022-10-10,17.189498901367188,7426000.0
2022-10-11,16.875572204589844,7644300.0
2022-10-12,16.629526138305664,8707800.0
2022-10-13,17.715534210205078,9981800.0
2022-10-14,17.545846939086914,9318000.0
2022-10-17,18.029460906982422,9467200.0
2022-10-18,18.377323150634766,11347900.0
2022-10-19,17.732501983642578,9927000.0
2022-10-20,16.74830436706543,16959600.0
2022-10-21,16.5616512298584,24905200.0
2022-10-24,17.435544967651367,16159100.0
2022-10-25,18.012489318847656,11146400.0
2022-10-26,18.06339454650879,8611600.0
2022-10-27,18.283994674682617,8884700.0
2022-10-28,18.538524627685547,6064100.0
2022-10-31,18.623374938964844,7019200.0
2022-11-01,18.92032241821289,6303300.0
2022-11-02,18.538524627685547,7641200.0
2022-11-03,18.65730857849121,7648600.0
2022-11-04,19.056074142456055,7605500.0
2022-11-07,19.361520767211914,5121600.0
2022-11-08,19.370006561279297,7146600.0
2022-11-09,19.056074142456055,5708200.0
2022-11-10,19.751806259155273,8716600.0
2022-11-11,19.862102508544922,7080100.0
2022-11-14,19.437875747680664,4889500.0
2022-11-15,19.62453269958496,5785900.0
2022-11-16,19.251220703125,6116300.0
2022-11-17,18.962753295898438,6360200.0
2022-11-18,19.08152961730957,5677300.0
2022-11-21,19.098499298095703,5621300.0
2022-11-22,19.225770950317383,3725900.0
2022-11-23,19.293643951416016,2784800.0
2022-11-25,19.403940200805664,1377500.0
2022-11-28,19.12395477294922,5422700.0
2022-11-29,19.437875747680664,4434900.0
2022-11-30,19.692407608032227,9060300.0
2022-12-01,19.505756378173828,8117800.0
2022-12-02,19.649988174438477,8925500.0
2022-12-05,18.648822784423828,10018900.0
2022-12-06,18.326417922973633,10502800.0
2022-12-07,18.489126205444336,10545800.0
2022-12-08,18.89162254333496,7741400.0
2022-12-09,18.85736846923828,5093100.0
2022-12-12,19.174226760864258,6884000.0
2022-12-13,18.54050636291504,11632400.0
2022-12-14,18.086633682250977,9303900.0
2022-12-15,17.829713821411133,8255900.0
2022-12-16,17.624187469482422,15597100.0
2022-12-19,17.641315460205078,6993900.0
2022-12-20,17.73551368713379,5876300.0
2022-12-21,18.01812171936035,5169200.0
2022-12-22,18.052377700805664,5778100.0
2022-12-23,18.172264099121094,4005300.0
2022-12-27,18.36067008972168,3646300.0
2022-12-28,18.19795799255371,4215900.0
2022-12-29,18.514820098876953,3697900.0
2022-12-30,18.463430404663086,3324200.0
2023-01-03,18.386362075805664,7741300.0
2023-01-04,18.763168334960938,7857300.0
2023-01-05,18.557636260986328,5704400.0
2023-01-06,19.174226760864258,5829400.0
2023-01-09,18.917314529418945,6034100.0
2023-01-10,18.865936279296875,5741000.0
2023-01-11,18.951568603515625,6590500.0
2023-01-12,19.148536682128906,5318800.0
2023-01-13,19.208480834960938,9809000.0
2023-01-17,19.208480834960938,6397000.0
2023-01-18,18.68609619140625,8585400.0
2023-01-19,18.574766159057617,12621000.0
2023-01-20,19.43113899230957,14212500.0
2023-01-23,19.66236114501953,10372500.0
2023-01-24,19.5510311126709,7757900.0
2023-01-25,19.61097526550293,6279600.0
2023-01-26,19.86789321899414,5572300.0
2023-01-27,20.039165496826172,5107300.0
2023-01-30,19.86789321899414,5910800.0
2023-01-31,20.1590576171875,7184100.0
2023-02-01,20.364587783813477,8606400.0
2023-02-02,20.510168075561523,6070600.0
2023-02-03,20.552989959716797,6160700.0
2023-02-06,20.287511825561523,6406100.0
2023-02-07,20.441659927368164,6651400.0
2023-02-08,20.42453384399414,14767000.0
2023-02-09,20.150493621826172,6677700.0
2023-02-10,20.270383834838867,5951900.0
2023-02-13,20.467350006103516,6449700.0
2023-02-14,20.42453384399414,5391900.0
2023-02-15,20.467350006103516,5275400.0
2023-02-16,20.261825561523438,6166100.0
2023-02-17,20.4330997467041,5687800.0
2023-02-21,19.859323501586914,7654400.0
2023-02-22,19.73086929321289,7211100.0
2023-02-23,19.705177307128906,6991100.0
2023-02-24,19.84219741821289,6375800.0
2023-02-27,19.927833557128906,6826700.0
2023-02-28,19.970653533935547,8711300.0
2023-03-01,20.00491714477539,6898600.0
2023-03-02,19.60240936279297,9871400.0
2023-03-03,19.99634552001953,7674600.0
2023-03-06,19.96209144592285,7120300.0
2023-03-07,19.182790756225586,9243500.0
2023-03-08,18.63471221923828,14364400.0
2023-03-09,17.856822967529297,14824900.0
2023-03-10,17.52838134765625,23657200.0
2023-03-13,16.29240608215332,41541700.0
2023-03-14,16.38747787475586,27123800.0
2023-03-15,15.255223274230957,31085300.0
2023-03-16,16.084972381591797,31920300.0
2023-03-17,15.462660789489746,40250900.0
2023-03-20,15.626883506774902,21455400.0
2023-03-21,16.404766082763672,21495400.0
2023-03-22,15.402155876159668,19665600.0
2023-03-23,15.151507377624512,26435400.0
2023-03-24,15.454017639160156,11571000.0
2023-03-27,15.78246021270752,20207200.0
2023-03-28,15.825675964355469,8968700.0
2023-03-29,16.128185272216797,14269700.0
2023-03-30,15.8429594039917,15355000.0
2023-03-31,16.04175567626953,12739500.0
2023-04-03,16.05904197692871,14968000.0
2023-04-04,15.825675964355469,11644200.0
2023-04-05,15.808385848999023,9358500.0
2023-04-06,15.868891716003418,6509300.0
2023-04-10,15.912103652954102,7980100.0
2023-04-11,15.98989200592041,5228400.0
2023-04-12,15.8429594039917,6426100.0
2023-04-13,15.894819259643555,9528000.0
2023-04-14,15.998539924621582,15091600.0
2023-04-17,16.370195388793945,10018200.0
2023-04-18,16.162761688232422,7978800.0
2023-04-19,16.612205505371094,11377500.0
2023-04-20,16.32697868347168,9404900.0
2023-04-21,15.868891716003418,16786400.0
2023-04-24,15.817030906677246,10149700.0
2023-04-25,15.39351749420166,14267800.0
2023-04-26,15.315727233886719,8273100.0
2023-04-27,15.557735443115234,7509900.0
2023-04-28,15.78246021270752,8922300.0
2023-05-01,15.419445991516113,11478200.0
2023-05-02,14.39090633392334,11862500.0
2023-05-03,14.09703540802002,13947600.0
2023-05-04,13.613018989562988,24716400.0
2023-05-05,14.295831680297852,14479600.0
2023-05-08,14.174823760986328,9316300.0
2023-05-09,14.088394165039062,8860600.0
2023-05-10,13.906886100769043,8453300.0
2023-05-11,13.414224624633789,11903600.0
2023-05-12,13.604373931884766,11187100.0
2023-05-15,13.967389106750488,7643700.0
2023-05-16,13.725379943847656,9544300.0
2023-05-17,14.57241153717041,10619600.0
2023-05-18,14.684774398803711,7355400.0
2023-05-19,14.57241153717041,8695700.0
2023-05-22,15.1342191696167,9175800.0
2023-05-23,15.272510528564453,9397500.0
2023-05-24,15.06507396697998,6201200.0
2023-05-25,15.021855354309082,7356400.0
2023-05-26,15.367584228515625,7317000.0
2023-05-30,15.462660789489746,9936600.0
2023-05-31,14.926783561706543,10726700.0
2023-06-01,15.180371284484863,7460800.0
2023-06-02,15.792481422424316,9686600.0
2023-06-05,15.565125465393066,7093000.0
2023-06-06,16.011096954345703,12295400.0
2023-06-07,16.334644317626953,15245000.0
2023-06-08,16.229707717895508,6480400.0
2023-06-09,16.151004791259766,7075200.0
2023-06-12,15.941137313842773,9517100.0
2023-06-13,16.133520126342773,13346700.0
2023-06-14,15.748761177062988,8320800.0
2023-06-15,16.019838333129883,7753600.0
2023-06-16,15.844950675964355,17528500.0
2023-06-20,15.626340866088867,7007100.0
2023-06-21,15.468938827514648,5499200.0
2023-06-22,14.996737480163574,7546200.0
2023-06-23,14.82184886932373,11736600.0
2023-06-26,15.145394325256348,8858800.0
2023-06-27,15.320284843444824,3835400.0
2023-06-28,15.189116477966309,5953300.0
2023-06-29,15.468938827514648,6982500.0
2023-06-30,15.58261489868164,7588500.0
2023-07-03,15.993603706359863,4241300.0
2023-07-05,15.853693962097168,7620100.0
2023-07-06,15.600107192993164,7491600.0
2023-07-07,16.028583526611328,8389200.0
2023-07-10,16.14225959777832,5901200.0
2023-07-11,16.360872268676758,5445400.0
2023-07-12,16.518272399902344,6345200.0
2023-07-13,16.824329376220703,6131700.0
2023-07-14,16.570743560791016,8047700.0
2023-07-17,16.789350509643555,5433700.0
2023-07-18,17.174108505249023,5532500.0
2023-07-19,17.506397247314453,8669600.0
2023-07-20,17.794963836669922,10674300.0
2023-07-21,17.244062423706055,12963600.0
2023-07-24,17.48890495300293,7794300.0
2023-07-25,17.43644142150879,6688700.0
2023-07-26,17.690025329589844,7745000.0
2023-07-27,17.453929901123047,5404100.0
2023-07-28,17.707521438598633,4619000.0
2023-07-31,17.81245231628418,5374100.0
2023-08-01,17.794963836669922,6832400.0
2023-08-02,17.716266632080078,9114700.0
2023-08-03,17.926132202148438,7033300.0
2023-08-04,18.022323608398438,7428900.0
2023-08-07,18.34586524963379,7619800.0
2023-08-08,18.275909423828125,8611500.0
2023-08-09,18.022323608398438,6060500.0
2023-08-10,18.092273712158203,5667500.0
2023-08-11,18.03106689453125,4138200.0
2023-08-14,17.742496490478516,4501500.0
2023-08-15,17.26154899597168,5476900.0
2023-08-16,17.04294204711914,6008500.0
2023-08-17,17.139129638671875,6373100.0
2023-08-18,17.0866641998291,5633300.0
2023-08-21,16.955493927001953,6299800.0
2023-08-22,16.107282638549805,9386900.0
2023-08-23,16.4395751953125,8154900.0
2023-08-24,16.413341522216797,5525800.0
2023-08-25,16.212221145629883,4916000.0
2023-08-28,16.413341522216797,4098700.0
2023-08-29,16.500782012939453,6525000.0
2023-08-30,16.247196197509766,6490900.0
2023-08-31,16.247196197509766,10171500.0
2023-09-01,16.442092895507812,7725500.0
2023-09-05,16.31806755065918,5747900.0
2023-09-06,16.043441772460938,7013300.0
2023-09-07,15.759961128234863,9864000.0
2023-09-08,15.875123023986816,7580100.0
2023-09-11,15.919411659240723,7318300.0
2023-09-12,16.11431121826172,6196300.0
2023-09-13,15.821971893310547,6359900.0
2023-09-14,15.928275108337402,9729700.0
2023-09-15,15.910553932189941,15295600.0
2023-09-18,15.768813133239746,4871300.0
2023-09-19,15.892840385437012,7735500.0
2023-09-20,15.77767562866211,8504500.0
2023-09-21,15.43217658996582,7095700.0
2023-09-22,15.113256454467773,7457200.0
2023-09-25,15.3258695602417,7504800.0
2023-09-26,14.944939613342285,8436700.0
2023-09-27,15.006952285766602,10992700.0
2023-09-28,15.095541954040527,7952900.0
2023-09-29,15.237282752990723,8740000.0
2023-10-02,14.634880065917969,12951900.0
2023-10-03,14.510851860046387,12657100.0
2023-10-04,14.546287536621094,10824300.0
2023-10-05,14.670310020446777,10817300.0
2023-10-06,14.634880065917969,11894200.0
2023-10-09,14.537430763244629,9831900.0
2023-10-10,14.679171562194824,9235900.0
2023-10-11,14.60830020904541,5637400.0
2023-10-12,14.431124687194824,6367100.0
2023-10-13,14.200794219970703,7569300.0
2023-10-16,14.652596473693848,7750800.0
2023-10-17,14.874068260192871,8344000.0
2023-10-18,14.652596473693848,9921100.0
2023-10-19,14.599441528320312,11228900.0
2023-10-20,12.792229652404785,37373000.0
2023-10-23,12.570757865905762,16855600.0
2023-10-24,12.553040504455566,19157400.0
2023-10-25,12.45559310913086,17128200.0
2023-10-26,12.783370971679688,13223800.0
2023-10-27,12.411298751831055,10744000.0
2023-10-30,12.597332954406738,14051400.0
2023-10-31,12.871959686279297,9568600.0
2023-11-01,12.880818367004395,9314900.0
2023-11-02,13.669259071350098,9298700.0
2023-11-03,13.943883895874023,12918000.0
2023-11-06,13.713554382324219,8446000.0
2023-11-07,13.607246398925781,6646800.0
2023-11-08,13.509798049926758,6332100.0
2023-11-09,13.306045532226562,6527300.0
2023-11-10,13.394634246826172,6380400.0
2023-11-13,13.279468536376953,5927200.0
2023-11-14,14.103344917297363,8531500.0
2023-11-15,14.351394653320312,9286000.0
2023-11-16,14.245086669921875,9392700.0
2023-11-17,14.537430763244629,6685000.0
2023-11-20,14.439981460571289,5744900.0
2023-11-21,14.13878059387207,6156400.0
2023-11-22,14.2096529006958,3770000.0
2023-11-24,14.218509674072266,2510400.0
2023-11-27,14.147640228271484,6079200.0
2023-11-28,14.174216270446777,9558000.0
2023-11-29,14.590582847595215,7337000.0
2023-11-30,14.776620864868164,10424000.0
2023-12-01,15.565061569213867,11017600.0
2023-12-04,15.627071380615234,8158000.0
2023-12-05,15.060103416442871,14188100.0
2023-12-06,15.14869499206543,9195600.0
2023-12-07,15.49910831451416,8886500.0
2023-12-08,15.66982650756836,7372600.0
2023-12-11,15.69677448272705,6780500.0
2023-12-12,15.50809097290039,6671000.0
2023-12-13,16.26283073425293,11750800.0
2023-12-14,17.61058235168457,21939300.0
2023-12-15,17.547685623168945,21975400.0
2023-12-18,17.18828773498535,10048700.0
2023-12-19,17.394939422607422,8389700.0
2023-12-20,17.044527053833008,8305500.0
2023-12-21,17.19727325439453,6791000.0
2023-12-22,17.31407928466797,4685500.0
2023-12-26,17.58362579345703,4500100.0
2023-12-27,17.556669235229492,4563300.0
2023-12-28,17.565654754638672,3783100.0
2023-12-29,17.41291046142578,4118300.0
2024-01-02,17.520732879638672,7612800.0
2024-01-03,16.891780853271484,8616300.0
2024-01-04,17.044527053833008,6867900.0
2024-01-05,17.421897888183594,8809400.0
2024-01-08,17.529714584350586,5250500.0
2024-01-09,17.179304122924805,11562000.0
2024-01-10,16.999605178833008,11157600.0
2024-01-11,16.68512725830078,9862000.0
2024-01-12,16.424562454223633,11575100.0
2024-01-16,16.12805938720703,8907100.0
2024-01-17,16.119075775146484,8966200.0
2024-01-18,16.12805938720703,11401100.0
2024-01-19,16.730052947998047,12612700.0
2024-01-22,17.13437843322754,9640000.0
2024-01-23,17.044527053833008,5910700.0
2024-01-24,17.29610824584961,6693200.0
2024-01-25,17.18828773498535,10631300.0
2024-01-26,17.206254959106445,7811500.0
2024-01-29,17.43088150024414,5945100.0
2024-01-30,17.50275993347168,5903600.0
2024-01-31,16.774978637695312,13833400.0
2024-02-01,16.370651245117188,18174700.0
2024-02-02,16.44253158569336,10951200.0
2024-02-05,16.137041091918945,9002600.0
2024-02-06,16.047191619873047,10609000.0
2024-02-07,16.029220581054688,11993400.0
2024-02-08,16.074148178100586,8686300.0
2024-02-09,16.172985076904297,9743500.0
2024-02-12,16.58629035949707,8061800.0
2024-02-13,16.074148178100586,11382500.0
2024-02-14,16.433549880981445,6968800.0
2024-02-15,16.667156219482422,6784200.0
2024-02-16,16.604263305664062,5519700.0
2024-02-20,16.55035400390625,6049100.0
2024-02-21,16.469486236572266,14634600.0
2024-02-22,16.379636764526367,8950500.0
2024-02-23,16.424562454223633,5413900.0
2024-02-26,16.379636764526367,7313200.0
2024-02-27,16.69411277770996,5919600.0
2024-02-28,16.68512725830078,7011000.0
2024-02-29,16.958206176757812,11593900.0
2024-03-01,16.921796798706055,7490700.0
2024-03-04,17.313209533691406,8520500.0
2024-03-05,17.741031646728516,8543600.0
2024-03-06,17.586288452148438,10905500.0
2024-03-07,17.7956485748291,10504900.0
2024-03-08,17.923084259033203,8768200.0
2024-03-11,17.813852310180664,6778800.0
2024-03-12,17.613597869873047,8502700.0
2024-03-13,17.65910530090332,6076600.0
2024-03-14,17.194873809814453,8690900.0
2024-03-15,17.34051513671875,37178700.0
2024-03-18,17.458852767944336,5137000.0
2024-03-19,17.586288452148438,7664700.0
2024-03-20,17.995906829833984,6982400.0
2024-03-21,18.3418025970459,8544100.0
2024-03-22,18.07782745361328,6199900.0
2024-03-25,18.159757614135742,5911300.0
2024-03-26,18.123342514038086,4329400.0
2024-03-27,18.82424545288086,6171200.0
2024-03-28,19.151939392089844,8206700.0
2024-04-01,18.71501350402832,5925500.0
2024-04-02,18.532962799072266,6915400.0
2024-04-03,18.414627075195312,4968900.0
2024-04-04,18.259883880615234,5238700.0
2024-04-05,18.3418025970459,3490400.0
2024-04-08,18.569372177124023,4611600.0
2024-04-09,18.833351135253906,5321400.0
2024-04-10,17.91398048400879,6684200.0
2024-04-11,17.668209075927734,8061100.0
2024-04-12,17.467954635620117,6276900.0
2024-04-15,17.495258331298828,6936600.0
2024-04-16,17.122053146362305,7244600.0
2024-04-17,17.16756820678711,8080300.0
2024-04-18,17.295005798339844,9397100.0
2024-04-19,17.203975677490234,18046100.0
2024-04-22,17.458852767944336,13334500.0
2024-04-23,17.613597869873047,10539800.0
2024-04-24,17.995906829833984,11041600.0
2024-04-25,17.850263595581055,9220900.0
2024-04-26,17.85936737060547,5245500.0
2024-04-29,17.904882431030273,4486200.0
2024-04-30,17.540773391723633,5531900.0
2024-05-01,17.813852310180664,7339300.0
2024-05-02,17.87757110595703,4897200.0
2024-05-03,18.023212432861328,4133700.0
2024-05-06,18.050521850585938,5926700.0
2024-05-07,17.886672973632812,7865400.0
2024-05-08,17.968597412109375,9638500.0
2024-05-09,18.005008697509766,6587800.0
2024-05-10,18.050521850585938,7888600.0
2024-05-13,18.14154624938965,5749500.0
2024-05-14,18.296293258666992,7291200.0
2024-05-15,18.441932678222656,6376000.0
2024-05-16,18.296293258666992,4156300.0
2024-05-17,18.369112014770508,3248400.0
2024-05-20,18.096036911010742,3436900.0
2024-05-21,18.105138778686523,5415600.0
2024-05-22,17.731929779052734,5775700.0
2024-05-23,17.222185134887695,6810100.0
2024-05-24,17.404233932495117,3559600.0
2024-05-28,17.34961700439453,5931600.0
2024-05-29,16.967308044433594,8225900.0
2024-05-30,17.295005798339844,5945600.0
2024-05-31,17.613597869873047,13353900.0
2024-06-03,17.438474655151367,5484900.0
2024-06-04,17.198833465576172,4834400.0
2024-06-05,17.263351440429688,3635700.0
2024-06-06,17.180397033691406,6845000.0
2024-06-07,17.14353370666504,5173300.0
2024-06-10,16.765636444091797,9003900.0
2024-06-11,16.765636444091797,11162200.0
2024-06-12,17.226484298706055,11038500.0
2024-06-13,17.281784057617188,8277200.0
2024-06-14,17.189613342285156,7175300.0
2024-06-17,17.42003631591797,5214000.0
2024-06-18,17.493772506713867,5321300.0
2024-06-20,17.429256439208984,4414900.0
2024-06-21,17.447690963745117,11028300.0
2024-06-24,17.797935485839844,6224900.0
2024-06-25,17.530643463134766,6156100.0
2024-06-26,17.40160369873047,6873900.0
2024-06-27,17.696550369262695,7364800.0
2024-06-28,18.470767974853516,13355800.0
2024-07-01,18.341733932495117,9129300.0
2024-07-02,18.516857147216797,6434300.0
2024-07-03,18.332515716552734,5070600.0
2024-07-05,17.982271194458008,10228000.0
2024-07-08,18.24034881591797,5822600.0
2024-07-09,18.535289764404297,7062500.0
2024-07-10,18.609027862548828,6046900.0
2024-07-11,19.088308334350586,12536600.0
2024-07-12,18.867097854614258,11522600.0
2024-07-15,19.35559844970703,8411800.0
2024-07-16,20.065303802490234,8772000.0
2024-07-17,20.378681182861328,7534900.0
2024-07-18,20.360246658325195,13159600.0
2024-07-19,20.360246658325195,18490800.0
2024-07-22,20.63675308227539,12762700.0
2024-07-23,20.63675308227539,11029700.0
2024-07-24,20.378681182861328,8384600.0
2024-07-25,20.78422737121582,7900700.0
2024-07-26,20.977781295776367,7329000.0
2024-07-29,20.673625946044922,6610800.0
2024-07-30,20.950130462646484,5419200.0
2024-07-31,20.618324279785156,8303200.0
2024-08-01,19.853309631347656,8660900.0
2024-08-02,19.2449951171875,8259400.0
2024-08-05,18.811798095703125,8178200.0
2024-08-06,19.069875717163086,5878700.0
2024-08-07,18.885534286499023,5303600.0
2024-08-08,19.198909759521484,4973100.0
2024-08-09,19.106739044189453,6177600.0
2024-08-12,19.12517547607422,9194200.0
2024-08-13,19.25421142578125,5943000.0
2024-08-14,19.25421142578125,5679000.0
2024-08-15,19.47541618347168,7098900.0
2024-08-16,19.81644630432129,5037600.0
2024-08-19,20.056087493896484,4141500.0
2024-08-20,20.129825592041016,7250300.0
2024-08-21,20.083738327026367,5965300.0
2024-08-22,20.42476463317871,6464200.0
2024-08-23,21.023866653442383,10817700.0
2024-08-26,21.00543212890625,6183500.0
2024-08-27,20.977781295776367,4990400.0
2024-08-28,21.180557250976562,4592200.0
2024-08-29,21.392541885375977,5318400.0
2024-08-30,21.586101531982422,13068400.0
2024-09-03,21.427719116210938,6637900.0
2024-09-04,21.269344329833984,6410900.0
2024-09-05,21.064382553100586,7210900.0
2024-09-06,20.654460906982422,8837400.0
2024-09-09,21.008485794067383,5794200.0
2024-09-10,20.794204711914062,8460200.0
2024-09-11,20.496084213256836,9847500.0
2024-09-12,20.430870056152344,7586200.0
2024-09-13,20.468130111694336,6943300.0
2024-09-16,20.775575637817383,6602400.0
2024-09-17,20.989850997924805,5077300.0
2024-09-18,21.16686248779297,6598500.0
2024-09-19,21.76311492919922,9119200.0
2024-09-20,21.53020477294922,15209000.0
2024-09-23,21.343875885009766,5168600.0
2024-09-24,21.353191375732422,7821600.0
2024-09-25,20.999170303344727,5024600.0
2024-09-26,21.334556579589844,5894500.0
2024-09-27,21.455673217773438,4541100.0
2024-09-30,21.735164642333984,7454700.0
2024-10-01,20.999170303344727,9990200.0
2024-10-02,21.017803192138672,8778700.0
2024-10-03,20.89668846130371,7960900.0
2024-10-04,21.278663635253906,7376500.0
2024-10-07,21.250709533691406,4426200.0
2024-10-08,21.185497283935547,4379200.0
2024-10-09,21.502254486083984,6084700.0
2024-10-10,21.464988708496094,4967900.0
2024-10-11,22.070556640625,7084100.0
2024-10-14,22.219615936279297,5191100.0
2024-10-15,22.13576889038086,10043000.0
2024-10-16,22.340730667114258,7567200.0
2024-10-17,22.340730667114258,12409700.0
2024-10-18,22.191665649414062,11191500.0
2024-10-21,22.0146541595459,11433300.0
2024-10-22,22.023969650268555,9066600.0
2024-10-23,22.023969650268555,5810600.0
2024-10-24,22.13576889038086,9158200.0
2024-10-25,21.893543243408203,7022700.0
2024-10-28,22.415260314941406,7344300.0
2024-10-29,22.238250732421875,5798000.0
2024-10-30,22.415260314941406,7778700.0
2024-10-31,22.238250732421875,7391000.0
2024-11-01,21.949438095092773,7072800.0
2024-11-04,21.79106330871582,6051100.0
2024-11-05,22.005338668823242,4771700.0
2024-11-06,24.511449813842773,20811400.0
2024-11-07,23.672977447509766,9131300.0
2024-11-08,23.86861801147461,6488000.0
2024-11-11,24.408971786499023,7492200.0
2024-11-12,24.390338897705078,7045300.0
2024-11-13,24.315807342529297,6713600.0
2024-11-14,24.47418785095215,9158800.0
2024-11-15,24.55803680419922,9270700.0
2024-11-18,24.53008270263672,6366200.0
2024-11-19,24.46487045288086,6214900.0
2024-11-20,24.46487045288086,6632900.0
2024-11-21,24.91205596923828,6854000.0
2024-11-22,25.415142059326172,7976700.0
2024-11-25,25.592151641845703,11189700.0
2024-11-26,25.44309425354004,6036300.0
2024-11-27,25.387195587158203,5389900.0
2024-11-29,25.396509170532227,4016600.0
2024-12-02,24.9451847076416,6647400.0
2024-12-03,24.76653480529785,5504800.0
2024-12-04,24.728919982910156,8001400.0
2024-12-05,24.719520568847656,5871300.0
2024-12-06,24.691312789916992,4042400.0
2024-12-09,24.19297218322754,6824100.0
2024-12-10,23.816869735717773,10201800.0
2024-12-11,23.882686614990234,8280300.0
2024-12-12,23.553592681884766,9574900.0
2024-12-13,23.610010147094727,7466700.0
2024-12-16,23.675827026367188,7852300.0
2024-12-17,23.13987922668457,7187700.0
2024-12-18,21.898733139038086,8936900.0
2024-12-19,21.785900115966797,8786300.0
2024-12-20,22.35005760192871,29520600.0
2024-12-23,22.415874481201172,5356700.0
2024-12-24,22.585121154785156,2592000.0
2024-12-26,22.556913375854492,5432900.0
2024-12-27,22.321849822998047,6100100.0
2024-12-30,22.24662971496582,6013000.0
2024-12-31,22.114990234375,7412500.0
2025-01-02,21.87052345275879,8641800.0
2025-01-03,22.209016799926758,7709600.0
2025-01-06,22.359458923339844,10026500.0
2025-01-07,22.425277709960938,8402400.0
2025-01-08,22.39706802368164,7851500.0
2025-01-10,21.682466506958008,6557600.0
2025-01-13,22.209016799926758,9145100.0
2025-01-14,22.56631851196289,7821500.0
2025-01-15,23.224502563476562,9422900.0
2025-01-16,23.055255889892578,9896600.0
2025-01-17,22.754371643066406,15291500.0
2025-01-21,23.177488327026367,12669700.0
2025-01-22,22.86720085144043,9213600.0
2025-01-23,22.8107852935791,5116200.0
2025-01-24,23.00823974609375,5209600.0
2025-01-27,23.290319442749023,7120900.0
2025-01-28,23.271512985229492,8675500.0
2025-01-29,23.111671447753906,7472600.0
2025-01-30,23.290319442749023,6473600.0
2025-01-31,23.1680850982666,13614400.0
2025-02-03,22.61332893371582,7173000.0
2025-02-04,22.904813766479492,6742700.0
2025-02-05,22.86720085144043,6244700.0
2025-02-06,23.1680850982666,5397300.0
2025-02-07,22.98943519592285,4715000.0
2025-02-10,22.64154052734375,4990000.0
2025-02-11,22.93301773071289,7163700.0
2025-02-12,22.556913375854492,6645100.0
2025-02-13,22.61332893371582,5623500.0
2025-02-14,22.86720085144043,8730000.0
2025-02-18,23.186891555786133,7556500.0
2025-02-19,23.055255889892578,5666700.0
2025-02-20,22.622732162475586,8375400.0
2025-02-21,21.99275779724121,9066400.0
2025-02-24,22.039770126342773,7279700.0
2025-02-25,21.97395133972168,8472400.0
2025-02-26,21.983352661132812,4752600.0
2025-02-27,22.00215721130371,11692200.0
2025-02-28,22.293638229370117,8334000.0
2025-03-03,21.98954963684082,6678600.0
2025-03-04,21.24833106994629,10815800.0
2025-03-05,20.991750717163086,10910500.0
2025-03-06,20.858715057373047,10475600.0
2025-03-07,20.972747802734375,10446600.0
2025-03-10,20.4595947265625,12826000.0
2025-03-11,19.946443557739258,10254100.0
2025-03-12,20.01296043395996,11286500.0
2025-03-13,19.80389976501465,6914400.0
2025-03-14,20.364566802978516,5857300.0
2025-03-17,20.469099044799805,8173800.0
2025-03-18,20.412080764770508,9839400.0
2025-03-19,20.668655395507812,6870100.0
2025-03-20,20.602136611938477,7736500.0
2025-03-21,20.630643844604492,38594800.0
2025-03-24,21.162803649902344,6572000.0
2025-03-25,21.30534553527832,8350300.0
2025-03-26,21.134294509887695,6674400.0
2025-03-27,20.839706420898438,5411100.0
2025-03-28,20.355064392089844,5097500.0
2025-03-31,20.6496524810791,9062300.0
2025-04-01,20.497604370117188,7170800.0
2025-04-02,20.925233840942383,7369700.0
2025-04-03,18.635053634643555,12987700.0
2025-04-04,17.732282638549805,14885100.0
2025-04-07,17.75128936767578,22347100.0
2025-04-08,17.428190231323242,13295100.0
2025-04-09,19.00566291809082,18922900.0
2025-04-10,18.055377960205078,16402700.0
2025-04-11,18.02686882019043,13082000.0
2025-04-14,18.311954498291016,7134300.0
2025-04-15,18.464000701904297,9745000.0
2025-04-16,18.2169246673584,12571400.0
2025-04-17,18.349966049194336,18651900.0
2025-04-21,18.14090347290039,8791600.0
2025-04-22,18.796600341796875,10732600.0
2025-04-23,19.024667739868164,7553500.0
2025-04-24,19.518817901611328,8695200.0
2025-04-25,19.27174186706543,6572600.0
2025-04-28,19.44278907775879,5151200.0
2025-04-29,19.49980926513672,5584200.0
2025-04-30,19.395280838012695,6629600.0
2025-05-01,19.490304946899414,5091600.0
2025-05-02,20.00345802307129,5370300.0
2025-05-05,20.060474395751953,9176600.0
2025-05-06,19.680360794067383,4772700.0
2025-05-07,19.746883392333984,5446900.0
2025-05-08,20.24102783203125,5981300.0
2025-05-09,20.107988357543945,7438100.0
2025-05-12,21.143800735473633,9459600.0
2025-05-13,21.32435417175293,6511000.0
2025-05-14,21.32435417175293,8373100.0
2025-05-15,21.343355178833008,5749600.0
2025-05-16,21.466894149780273,4804800.0
2025-05-19,21.419382095336914,5162200.0
2025-05-20,21.143800735473633,4874200.0
2025-05-21,20.260034561157227,6422000.0
2025-05-22,20.30755043029785,7083000.0
2025-05-23,20.184011459350586,5621300.0
2025-05-27,20.592634201049805,5924100.0
2025-05-28,20.26953887939453,6733700.0
2025-05-29,20.497604370117188,6978900.0
2025-05-30,20.374069213867188,12194700.0
2025-06-02,20.297149658203125,6311800.0
2025-06-03,20.700977325439453,5752500.0
2025-06-04,20.47983169555664,6233000.0
2025-06-05,20.49906349182129,5007300.0
2025-06-06,21.20095443725586,11085200.0
2025-06-09,21.23941421508789,8651300.0
2025-06-10,21.499019622802734,10581400.0
2025-06-11,21.431713104248047,14710900.0
2025-06-12,21.229799270629883,8155200.0
2025-06-13,20.681745529174805,10896400.0
2025-06-16,20.84520149230957,12151300.0
2025-06-17,20.710594177246094,11073100.0
2025-06-18,21.114418029785156,13444900.0
2025-06-20,21.34518051147461,21251700.0
2025-06-23,21.76823616027832,9331300.0
2025-06-24,21.998992919921875,11431800.0
2025-06-25,22.008609771728516,8770600.0
2025-06-26,22.450897216796875,7746100.0
2025-06-27,22.450897216796875,10748900.0
2025-06-30,22.614351272583008,9647800.0
2025-07-01,23.239320755004883,11081600.0
2025-07-02,23.604690551757812,8659200.0
2025-07-03,23.845062255859375,4691600.0
2025-07-07,23.623920440673828,7645800.0
2025-07-08,23.7104549407959,8879800.0
2025-07-09,23.681610107421875,8090400.0
2025-07-10,23.88352394104004,6482300.0
2025-07-11,23.739299774169922,6445100.0
2025-07-14,23.748916625976562,7096300.0
2025-07-15,23.104713439941406,12049100.0
2025-07-16,23.152788162231445,11168500.0
2025-07-17,23.566232681274414,10246300.0
2025-07-18,25.00847053527832,23430000.0
2025-07-21,25.04693031311035,17171900.0
2025-07-22,25.191158294677734,18208200.0
2025-07-23,25.354610443115234,24666800.0
2025-07-24,25.287303924560547,25188100.0
2025-07-25,25.402685165405273,18073500.0
2025-07-28,25.287303924560547,20406300.0
2025-07-29,25.181541442871094,19801000.0
2025-07-30,24.710411071777344,17970800.0
2025-07-31,24.354658126831055,18280600.0
2025-08-01,23.931598663330078,14881800.0
2025-08-04,24.210433959960938,13331300.0
2025-08-05,24.210433959960938,11527300.0
2025-08-06,23.97005844116211,9542000.0
2025-08-07,23.69122314453125,9196800.0
2025-08-08,23.9604434967041,7576800.0
2025-08-11,23.681610107421875,11623600.0
2025-08-12,24.354658126831055,21326400.0
2025-08-13,24.845020294189453,23710100.0
2025-08-14,25.04693031311035,17438000.0
2025-08-15,24.614261627197266,16244500.0
2025-08-18,24.700794219970703,10508200.0
2025-08-19,24.729639053344727,15819700.0
2025-08-20,24.86425018310547,13900300.0
2025-08-21,24.74886703491211,14219300.0
2025-08-22,25.729595184326172,17468600.0
2025-08-25,25.623828887939453,21616300.0
2025-08-26,26.03727149963379,19624900.0
2025-08-27,26.35456657409668,20348700.0
2025-08-28,26.277647018432617,18288700.0
2025-08-29,26.33533477783203,15961100.0
2025-09-02,26.107177734375,19564500.0
2025-09-03,26.15572166442871,18485900.0
2025-09-04,26.563495635986328,17124500.0
2025-09-05,26.24310302734375,17502300.0
2025-09-08,26.2528133392334,19666500.0
2025-09-09,26.039213180541992,21556000.0
2025-09-10,26.2528133392334,20332400.0
2025-09-11,26.2528133392334,18682200.0
2025-09-12,26.36931800842285,17753400.0
2025-09-15,26.116886138916016,18593100.0
2025-09-16,25.78678321838379,16191800.0
2025-09-17,26.146011352539062,20749900.0
2025-09-18,26.60232925415039,18314900.0
2025-09-19,26.36931800842285,32203200.0
2025-09-22,25.78678321838379,18542200.0
2025-09-23,25.95183563232422,18053700.0
2025-09-24,25.883872985839844,17567500.0
2025-09-25,25.825620651245117,13320300.0
2025-09-26,25.854745864868164,17473800.0
2025-09-29,25.728530883789062,23658200.0
2025-09-30,25.60231590270996,22620300.0
2025-10-01,25.446971893310547,21412700.0
2025-10-02,25.437265396118164,20726100.0
2025-10-03,25.621734619140625,21006600.0
2025-10-06,25.10716438293457,28172100.0
2025-10-07,24.980947494506836,24422200.0
2025-10-08,24.55375862121582,20149200.0
2025-10-09,24.57317543029785,24114800.0
2025-10-10,23.45665168762207,17838900.0
2025-10-13,23.845006942749023,34952800.0
2025-10-14,24.427541732788086,45545300.0
2025-10-15,24.01976776123047,35798600.0
2025-10-16,22.67023277282715,56001800.0
2025-10-17,22.893539428710938,47515900.0
2025-10-20,23.35956382751465,51485500.0
2025-10-21,23.650833129882812,52041300.0
2025-10-22,23.408109664916992,62396100.0
2025-10-23,23.398401260375977,44692700.0
2025-10-24,23.854717254638672,58105400.0
2025-10-27,23.534324645996094,49146400.0
2025-10-28,23.56344985961914,52778600.0
2025-10-29,23.369274139404297,32437800.0
2025-10-30,23.49549102783203,30640000.0
2025-10-31,23.49549102783203,23296900.0
2025-11-03,23.534324645996094,23508200.0
2025-11-04,23.446943283081055,20686600.0
2025-11-05,23.67024803161621,23884300.0
2025-11-06,23.602285385131836,23956300.0
2025-11-07,24.12656593322754,30064800.0
2025-11-10,24.311037063598633,23496300.0
2025-11-11,24.33045196533203,17758800.0
2025-11-12,24.65084457397461,16884500.0
2025-11-13,24.233360290527344,16272600.0
2025-11-14,24.233360290527344,14510600.0
2025-11-17,23.592575073242188,15588200.0
2025-11-18,23.476070404052734,23726800.0
2025-11-19,23.51490592956543,15745700.0
2025-11-20,23.398401260375977,16512600.0
2025-11-21,24.1848201751709,14122100.0
2025-11-24,24.12656593322754,11537800.0
2025-11-25,24.67997169494629,10966600.0
2025-11-26,24.7091007232666,10417500.0
2025-11-28,24.7091007232666,3895200.0
2025-12-01,24.851360321044922,12005100.0
2025-12-02,24.929847717285156,9854100.0
2025-12-03,25.704919815063477,12200600.0
2025-12-04,25.910951614379883,9766600.0
2025-12-05,25.783409118652344,9895700.0
2025-12-08,25.842273712158203,10204200.0
2025-12-09,25.940385818481445,10824400.0
2025-12-10,26.862619400024414,15523400.0
2025-12-11,27.313928604125977,11867100.0
2025-12-12,27.07846450805664,8719100.0
2025-12-15,26.872432708740234,12464000.0
2025-12-16,26.990163803100586,10908600.0
2025-12-17,27.04903221130371,12468900.0
2025-12-18,26.970542907714844,13741100.0
2025-12-19,27.137331008911133,20038700.0
2025-12-22,27.2943058013916,6718400.0
2025-12-23,27.029407501220703,7041400.0
2025-12-24,27.20600700378418,4768800.0
2025-12-26,27.264875411987305,5004400.0
2025-12-29,27.029407501220703,5765900.0
2025-12-30,26.803754806518555,5142900.0
2025-12-31,26.587913513183594,6220000.0
2026-01-02,27.03921890258789,10729600.0
2026-01-05,27.735803604125977,19793500.0
2026-01-06,28.16748809814453,15593700.0
2026-01-07,27.922210693359375,14499300.0
2026-01-08,28.295032501220703,14661100.0
2026-01-09,27.981081008911133,10426200.0
2026-01-12,27.72599220275879,12024200.0
2026-01-13,27.313928604125977,14122200.0
2026-01-14,27.608259201049805,14757800.0
2026-01-15,27.981081008911133,15745900.0
2026-01-16,27.24525260925293,30172600.0
2026-01-20,27.10789680480957,20403100.0
2026-01-21,28.108623504638672,18288000.0
2026-01-22,27.75542640686035,18186900.0
2026-01-23,26.960731506347656,11166300.0
2026-01-26,27.215818405151367,13484300.0
2026-01-27,27.34336280822754,11724700.0
2026-01-28,27.333553314208984,13515600.0
2026-01-29,27.922210693359375,21691400.0
2026-01-30,27.961458206176758,19274400.0
2026-02-02,28.569744110107422,13285800.0
2026-02-03,29.266326904296875,18509300.0
2026-02-04,29.86479949951172,18101200.0
2026-02-05,29.92366600036621,15984200.0
2026-02-06,30.345539093017578,10975800.0
2026-02-09,30.178752899169922,8745000.0
2026-02-10,30.23761749267578,10145500.0
2026-02-11,30.365161895751953,15583600.0
2026-02-12,29.21727180480957,18718000.0
2026-02-13,29.17802619934082,11073900.0
2026-02-17,29.21727180480957,10232600.0
2026-02-18,29.49197769165039,11337500.0
2026-02-19,29.158403396606445,12017400.0
2026-02-20,29.49197769165039,14965300.0
2026-02-23,28.16748809814453,14377300.0
2026-02-24,27.902591705322266,15307100.0
2026-02-25,28.452009201049805,15999700.0
2026-02-26,28.805208206176758,13209600.0
2026-02-27,27.304119110107422,21072100.0
2026-03-02,27.705284118652344,13054900.0
2026-03-03,27.477460861206055,13561700.0
2026-03-04,27.56661033630371,10896600.0
2026-03-05,27.477460861206055,14579000.0
2026-03-06,26.784088134765625,13960600.0
2026-03-09,26.70484161376953,19249800.0
2026-03-10,26.506736755371094,13793700.0
2026-03-11,25.96194076538086,18771400.0
2026-03-12,25.080364227294922,24667800.0
2026-03-13,24.76339340209961,14116000.0
2026-03-16,25.09027099609375,15486400.0
2026-03-17,25.209135055541992,11108100.0
2026-03-18,24.961502075195312,9701000.0
2026-03-19,24.971405029296875,12259800.0
2026-03-20,25.11998748779297,35145900.0
2026-03-23,25.219038009643555,18022300.0
2026-03-24,25.397335052490234,19034800.0
2026-03-25,25.51620101928711,14863100.0
2026-03-26,25.268566131591797,17858300.0
2026-03-27,24.921878814697266,11670600.0
2026-03-30,25.001121520996094,14578500.0
2026-03-31,25.87279510498047,14128400.0
2026-04-01,26.09071159362793,10007400.0
2026-04-02,26.219480514526367,7608500.0
2026-04-06,26.48692512512207,8633300.0
2026-04-07,26.358156204223633,9017500.0
2026-04-08,27.21001625061035,11083800.0
2026-04-09,27.883581161499023,12924900.0
2026-04-10,27.23973274230957,13031700.0
2026-04-13,27.56661033630371,8779100.0
2026-04-14,27.48736572265625,10482200.0
2026-04-15,27.5864200592041,13203100.0
2026-04-16,27.655757904052734,17836100.0
2026-04-17,27.86376953125,14650600.0
2026-04-20,28.04206657409668,9461400.0
2026-04-21,28.081687927246094,7599300.0
2026-04-22,27.943012237548828,7607000.0
2026-04-23,28.131214141845703,8451700.0
2026-04-24,27.497272491455078,7249900.0
2026-04-27,27.99254035949707,6746800.0
2026-04-28,28.061878204345703,6959900.0
2026-04-29,27.744905471801758,5828300.0
2026-04-30,28.279794692993164,5648200.0
2026-05-01,27.923202514648438,5729800.0
2026-05-04,27.398218154907227,6269300.0
2026-05-05,27.77462387084961,6938400.0
2026-05-06,27.943012237548828,6280600.0
2026-05-07,27.685474395751953,14389100.0
2026-05-08,27.368501663208008,16008700.0
2026-05-11,26.576074600219727,16833700.0
2026-05-12,26.89304542541504,13386800.0
2026-05-13,26.377965927124023,15806500.0
2026-05-14,26.546356201171875,9986100.0
2026-05-15,26.407682418823242,14759300.0
2026-05-18,26.71474838256836,9952700.0
2026-05-19,26.585979461669922,8572500.0
2026-05-20,27.26944923400879,11455400.0
2026-05-21,27.447744369506836,7960000.0
2026-05-22,27.56661033630371,9709400.0
2026-05-26,27.982635498046875,10082500.0
2026-05-27,27.824148178100586,12762100.0
2026-05-28,27.56661033630371,10592800.0
2026-05-29,27.735000610351562,13652800.0
2026-06-01,27.34000015258789,10629600.0
2026-06-02,28.030000686645508,11126700.0
2026-06-03,27.399999618530273,10920900.0
2026-06-04,28.43000030517578,9637100.0
2026-06-05,28.540000915527344,9464500.0
2026-06-08,28.559999465942383,9245800.0
2026-06-09,28.600000381469727,13930200.0
2026-06-10,28.579999923706055,10055700.0
2026-06-11,28.889999389648438,11410500.0
2026-06-12,29.270000457763672,10057600.0
2026-06-15,28.600000381469727,12012100.0
2026-06-16,29.0,11731500.0
2026-06-17,28.649999618530273,11411200.0
2026-06-18,28.6200008392334,21172100.0
2026-06-22,28.75,10319000.0
2026-06-23,29.290000915527344,13810100.0
2026-06-24,29.489999771118164,12621500.0
2026-06-25,29.979999542236328,10071000.0
2026-06-26,30.059999465942383,11192600.0
2026-06-29,30.270000457763672,10278600.0
2026-06-30,30.200000762939453,8796200.0
2026-07-01,30.799999237060547,7417200.0
2026-07-02,30.280000686645508,8239600.0
2026-07-06,30.479999542236328,7077000.0
2026-07-07,30.59000015258789,8618600.0
2026-07-08,29.81999969482422,8076900.0
2026-07-09,30.579999923706055,10748900.0
2026-07-10,31.020000457763672,12462900.0
2026-07-13,31.06999969482422,9204700.0
2026-07-14,30.920000076293945,7922800.0
2026-07-15,31.479999542236328,7787800.0
2026-07-16,32.400001525878906,14884200.0
2026-07-17,31.649999618530273,20191900.0
2026-07-20,31.110000610351562,18270900.0
2026-07-23,30.65999984741211,10003600.0
2026-07-24,30.860000610351562,7521900.0
2026-07-27,30.739999771118164,8214500.0
2026-07-28,31.270000457763672,8104700.0
2026-07-29,30.940000534057617,8528100.0
2026-07-30,30.850000381469727,6175100.0
2026-07-31,30.950000762939453,7194300.0
2026-08-03,31.479999542236328,8493200.0
2026-08-04,31.950000762939453,9040200.0
2026-08-05,31.8799991607666,12309300.0
2026-08-06,31.389999389648438,8862700.0
2026-08-07,31.43000030517578,7591900.0
2026-08-10,31.459999084472656,5272900.0
2026-08-11,31.600000381469727,5174300.0
2026-08-12,31.600000381469727,6686800.0
