date,close,volume
2004-01-02,3.7296833992004395,1160100.0
2004-01-05,4.1491594314575195,2359300.0
2004-01-06,4.057968616485596,1165900.0
2004-01-07,4.1035637855529785,364500.0
2004-01-08,4.285943984985352,821000.0
2004-01-09,4.422729015350342,844900.0
2004-01-12,4.513918876647949,1329000.0
2004-01-13,4.7874908447265625,927400.0
2004-01-14,4.714539527893066,620000.0
2004-01-15,4.468324661254883,917500.0
2004-01-16,4.605110168457031,309600.0
2004-01-20,4.5230393409729,465800.0
2004-01-21,4.358897686004639,208400.0
2004-01-22,4.1947526931762695,364200.0
2004-01-23,4.094444274902344,324600.0
2004-01-26,4.1035637855529785,557200.0
2004-01-27,4.130919933319092,560200.0
2004-01-28,4.039731025695801,886100.0
2004-01-29,3.966778516769409,582700.0
2004-01-30,4.057968616485596,477400.0
2004-02-02,4.048849582672119,562800.0
2004-02-03,3.757040500640869,424100.0
2004-02-04,3.6020164489746094,708400.0
2004-02-05,3.6476123332977295,346900.0
2004-02-06,3.8026347160339355,502000.0
2004-02-09,3.8026347160339355,218900.0
2004-02-10,3.8755877017974854,434200.0
2004-02-11,3.939420461654663,788400.0
2004-02-12,3.7843971252441406,696700.0
2004-02-13,3.6020164489746094,1317000.0
2004-02-17,3.8299922943115234,1288100.0
2004-02-18,3.7843971252441406,312900.0
2004-02-19,3.8299922943115234,506700.0
2004-02-20,3.9211831092834473,393500.0
2004-02-23,3.6020164489746094,643500.0
2004-02-24,3.638493061065674,555700.0
2004-02-25,3.6567306518554688,1053000.0
2004-02-26,3.7661592960357666,327900.0
2004-02-27,4.057968616485596,1211200.0
2004-03-01,4.030611038208008,1324700.0
2004-03-02,4.030611038208008,499000.0
2004-03-03,4.094444274902344,393800.0
2004-03-04,4.231229782104492,689900.0
2004-03-05,4.258586406707764,445100.0
2004-03-08,4.030611038208008,471200.0
2004-03-09,3.893824815750122,757700.0
2004-03-10,3.7843971252441406,897700.0
2004-03-11,3.611135959625244,459600.0
2004-03-12,3.6932082176208496,598200.0
2004-03-15,3.611135959625244,374900.0
2004-03-16,3.6020164489746094,756300.0
2004-03-17,3.611135959625244,657100.0
2004-03-18,3.5655407905578613,400200.0
2004-03-19,3.510826826095581,417300.0
2004-03-22,3.301088809967041,912900.0
2004-03-23,3.1551852226257324,608800.0
2004-03-24,3.146066188812256,508700.0
2004-03-25,3.3558027744293213,471900.0
2004-03-26,3.465231418609619,203200.0
2004-03-29,3.59289813041687,544400.0
2004-03-30,3.483469247817993,666100.0
2004-03-31,3.538184642791748,651700.0
2004-04-01,3.2281365394592285,685600.0
2004-04-02,3.346684217453003,1567500.0
2004-04-05,3.5199456214904785,417400.0
2004-04-06,3.5655407905578613,1712400.0
2004-04-07,3.465231418609619,387500.0
2004-04-08,3.5746593475341797,1265100.0
2004-04-12,3.6293742656707764,406800.0
2004-04-13,3.510826826095581,821600.0
2004-04-14,3.6020164489746094,457500.0
2004-04-15,3.7023260593414307,871700.0
2004-04-16,3.9211831092834473,627900.0
2004-04-19,4.021492004394531,434400.0
2004-04-20,3.8755877017974854,2470900.0
2004-04-21,3.939420461654663,348600.0
2004-04-22,4.1947526931762695,845900.0
2004-04-23,4.057968616485596,632000.0
2004-04-26,4.1035637855529785,569200.0
2004-04-27,3.9211831092834473,479900.0
2004-04-28,3.738801956176758,317000.0
2004-04-29,3.7023260593414307,311500.0
2004-04-30,3.6202545166015625,496300.0
2004-05-03,3.5564215183258057,1132900.0
2004-05-04,3.5199456214904785,578600.0
2004-05-05,3.446993112564087,330500.0
2004-05-06,3.3740408420562744,347200.0
2004-05-07,3.0913515090942383,997700.0
2004-05-10,2.936328172683716,682100.0
2004-05-11,2.991041898727417,516700.0
2004-05-12,3.0457558631896973,437200.0
2004-05-13,3.0913515090942383,188100.0
2004-05-14,3.0639944076538086,279000.0
2004-05-17,2.9819228649139404,159800.0
2004-05-18,3.073112964630127,162700.0
2004-05-19,3.1278274059295654,252400.0
2004-05-20,3.1004700660705566,236300.0
2004-05-21,3.146066188812256,570000.0
2004-05-24,3.2463743686676025,154200.0
2004-05-25,3.446993112564087,1558300.0
2004-05-26,3.538184642791748,394500.0
2004-05-27,3.5746593475341797,751600.0
2004-05-28,3.5199456214904785,855400.0
2004-06-01,3.5746593475341797,365300.0
2004-06-02,3.6476123332977295,667800.0
2004-06-03,3.5564215183258057,553600.0
2004-06-04,3.5564215183258057,2261200.0
2004-06-07,3.7843971252441406,1750200.0
2004-06-08,3.8299922943115234,420500.0
2004-06-09,3.757040500640869,281500.0
2004-06-10,3.8664684295654297,418300.0
2004-06-14,3.7296833992004395,461300.0
2004-06-15,3.7843971252441406,822000.0
2004-06-16,3.7114458084106445,609800.0
2004-06-17,3.7114458084106445,269600.0
2004-06-18,3.7752785682678223,241200.0
2004-06-21,3.6202545166015625,284400.0
2004-06-22,3.7843971252441406,851800.0
2004-06-23,3.9211831092834473,710800.0
2004-06-24,4.021492004394531,1333300.0
2004-06-25,4.1035637855529785,1377200.0
2004-06-28,3.893824815750122,352700.0
2004-06-29,3.9485392570495605,804800.0
2004-06-30,4.057968616485596,439300.0
2004-07-01,4.039731025695801,204000.0
2004-07-02,4.003255367279053,145900.0
2004-07-06,3.9120638370513916,224200.0
2004-07-07,3.9758987426757812,217600.0
2004-07-08,3.9211831092834473,175800.0
2004-07-09,3.893824815750122,440800.0
2004-07-12,3.985015869140625,192400.0
2004-07-13,3.9576587677001953,75500.0
2004-07-14,3.9485392570495605,149800.0
2004-07-15,3.9758987426757812,159000.0
2004-07-16,3.9211831092834473,136900.0
2004-07-19,3.9576587677001953,280700.0
2004-07-20,4.048849582672119,2089400.0
2004-07-21,3.9941353797912598,735800.0
2004-07-22,4.076207160949707,607300.0
2004-07-23,4.076207160949707,235400.0
2004-07-26,3.884706497192383,489500.0
2004-07-27,4.1035637855529785,358700.0
2004-07-28,4.076207160949707,456000.0
2004-07-29,4.094444274902344,2307200.0
2004-07-30,4.586872100830078,2038100.0
2004-08-02,4.714539527893066,1233400.0
2004-08-03,4.741896152496338,1872000.0
2004-08-04,4.732776641845703,1094700.0
2004-08-05,4.632467269897461,380400.0
2004-08-06,4.5230393409729,401200.0
2004-08-09,4.258586406707764,639400.0
2004-08-10,4.541276454925537,587300.0
2004-08-11,4.577754020690918,559900.0
2004-08-12,4.632467269897461,471000.0
2004-08-13,4.805727958679199,588000.0
2004-08-16,4.668943405151367,1268300.0
2004-08-17,4.650704860687256,575300.0
2004-08-18,4.769252300262451,575700.0
2004-08-19,4.732776641845703,559800.0
2004-08-20,4.769252300262451,377100.0
2004-08-23,4.687180995941162,364800.0
2004-08-24,4.632467269897461,513800.0
2004-08-25,4.714539527893066,361200.0
2004-08-26,4.605110168457031,291500.0
2004-08-27,4.760133266448975,159400.0
2004-08-30,4.650704860687256,184700.0
2004-08-31,4.741896152496338,326700.0
2004-09-01,4.714539527893066,552900.0
2004-09-02,4.723658084869385,156400.0
2004-09-03,4.696300506591797,120200.0
2004-09-07,4.7966084480285645,968500.0
2004-09-08,5.015466690063477,1234800.0
2004-09-09,5.0337042808532715,1511000.0
2004-09-10,5.471417427062988,1243900.0
2004-09-13,5.289037704467773,1214100.0
2004-09-14,5.544370651245117,451700.0
2004-09-15,5.462298393249512,587100.0
2004-09-16,5.626441955566406,3080700.0
2004-09-17,5.836178779602051,935000.0
2004-09-20,5.781464099884033,960400.0
2004-09-21,5.9547247886657715,623900.0
2004-09-22,5.744988441467285,830700.0
2004-09-23,5.972964763641357,1565500.0
2004-09-24,6.009439945220947,806300.0
2004-09-27,5.772346019744873,465700.0
2004-09-28,5.708513259887695,1824500.0
2004-09-29,6.173583030700684,1653700.0
2004-09-30,6.383321285247803,1156100.0
2004-10-01,6.337724685668945,737900.0
2004-10-04,6.374202728271484,1410500.0
2004-10-05,6.319487571716309,1698600.0
2004-10-06,6.374202728271484,1596600.0
2004-10-07,6.492748737335205,556100.0
2004-10-08,6.72984504699707,3116600.0
2004-10-11,6.903106212615967,1427200.0
2004-10-12,7.37729549407959,2307700.0
2004-10-13,6.821033477783203,2567000.0
2004-10-14,7.167557716369629,969300.0
2004-10-15,7.386416435241699,1318300.0
2004-10-18,7.659984588623047,655400.0
2004-10-19,7.432011127471924,1547100.0
2004-10-20,7.386416435241699,602400.0
2004-10-21,7.486723899841309,784800.0
2004-10-22,7.340819358825684,458500.0
2004-10-25,7.222271919250488,880900.0
2004-10-26,7.413771629333496,329400.0
2004-10-27,7.422891616821289,596000.0
2004-10-28,7.523199558258057,342000.0
2004-10-29,7.63262939453125,2316900.0
2004-11-01,8.207127571105957,1122800.0
2004-11-02,8.21624755859375,946700.0
2004-11-03,8.207127571105957,734300.0
2004-11-04,8.207127571105957,344400.0
2004-11-05,8.280077934265137,587900.0
2004-11-08,8.3074369430542,338300.0
2004-11-09,8.106818199157715,750700.0
2004-11-10,8.088580131530762,425300.0
2004-11-11,8.115937232971191,322900.0
2004-11-12,8.389505386352539,887000.0
2004-11-15,8.453340530395508,666200.0
2004-11-16,8.143293380737305,692100.0
2004-11-17,8.207127571105957,606200.0
2004-11-18,8.21624755859375,266100.0
2004-11-19,8.115937232971191,398700.0
2004-11-22,8.21624755859375,483000.0
2004-11-23,8.006510734558105,601100.0
2004-11-24,8.143293380737305,492500.0
2004-11-26,7.705580711364746,833200.0
2004-11-29,8.207127571105957,685900.0
2004-11-30,8.75426959991455,2261300.0
2004-12-01,9.091672897338867,2774400.0
2004-12-02,9.082552909851074,2181000.0
2004-12-03,9.68441390991211,1423300.0
2004-12-06,9.182862281799316,1995200.0
2004-12-07,8.982246398925781,1111000.0
2004-12-08,9.0460786819458,1814900.0
2004-12-09,9.000481605529785,824000.0
2004-12-10,8.608362197875977,1723600.0
2004-12-13,8.818099975585938,1021300.0
2004-12-14,9.0460786819458,1244600.0
2004-12-15,8.690438270568848,1185000.0
2004-12-16,8.836339950561523,1156100.0
2004-12-17,8.891054153442383,553400.0
2004-12-20,8.617486000061035,497700.0
2004-12-21,8.590127944946289,482200.0
2004-12-22,8.663080215454102,263800.0
2004-12-23,8.781625747680664,217900.0
2004-12-27,8.389505386352539,601300.0
2004-12-28,8.571887969970703,503800.0
2004-12-29,8.389505386352539,358300.0
2004-12-30,8.380388259887695,261800.0
2004-12-31,8.462459564208984,268000.0
2005-01-03,8.3712739944458,456100.0
2005-01-04,8.316554069519043,732700.0
2005-01-05,8.097699165344238,934400.0
2005-01-06,8.17065143585205,382700.0
2005-01-07,7.960912227630615,1001200.0
2005-01-10,8.125055313110352,917800.0
2005-01-11,7.9882707595825195,580400.0
2005-01-12,7.915317535400391,635000.0
2005-01-13,7.851485729217529,498700.0
2005-01-14,8.052102088928223,339400.0
2005-01-18,8.316554069519043,666100.0
2005-01-19,7.99738883972168,466700.0
2005-01-20,7.495841979980469,1457800.0
2005-01-21,7.897078514099121,1238200.0
2005-01-24,7.477603912353516,1491900.0
2005-01-25,7.422891616821289,280100.0
2005-01-26,7.787649631500244,497500.0
2005-01-27,7.751175403594971,278600.0
2005-01-28,7.8423662185668945,311000.0
2005-01-31,7.805889129638672,543500.0
2005-02-01,7.924436092376709,322400.0
2005-02-02,8.225364685058594,396300.0
2005-02-03,8.280077934265137,421700.0
2005-02-04,8.480698585510254,492600.0
2005-02-07,8.453340530395508,446300.0
2005-02-08,8.617486000061035,537400.0
2005-02-09,8.498934745788574,601400.0
2005-02-10,7.860602378845215,1180800.0
2005-02-11,7.878840923309326,408900.0
2005-02-14,7.641748428344727,600300.0
2005-02-15,7.778533458709717,625200.0
2005-02-16,8.079462051391602,591800.0
2005-02-17,8.079462051391602,694400.0
2005-02-18,8.115937232971191,179800.0
2005-02-22,7.960912227630615,635600.0
2005-02-23,8.079462051391602,460600.0
2005-02-24,7.960912227630615,847000.0
2005-02-25,8.234482765197754,475300.0
2005-02-28,7.933557033538818,558900.0
2005-03-01,8.19800853729248,731900.0
2005-03-02,8.316554069519043,390100.0
2005-03-03,8.32567310333252,404700.0
2005-03-04,8.36214828491211,268200.0
2005-03-07,8.635720252990723,471900.0
2005-03-08,8.489819526672363,599200.0
2005-03-09,8.498934745788574,405200.0
2005-03-10,8.435101509094238,391000.0
2005-03-11,9.173744201660156,1313900.0
2005-03-14,8.836339950561523,901200.0
2005-03-15,8.644840240478516,715500.0
2005-03-16,8.708674430847168,310200.0
2005-03-17,8.444223403930664,1099200.0
2005-03-18,8.453340530395508,800900.0
2005-03-21,8.425985336303711,235100.0
2005-03-22,8.425985336303711,302600.0
2005-03-23,8.042984008789062,637900.0
2005-03-24,8.3074369430542,408000.0
2005-03-28,8.161534309387207,419100.0
2005-03-29,8.125055313110352,539300.0
2005-03-30,8.015625,383500.0
2005-03-31,8.334795951843262,766100.0
2005-04-01,8.088580131530762,401600.0
2005-04-04,7.9517974853515625,307300.0
2005-04-05,8.097699165344238,355800.0
2005-04-06,8.28919792175293,351300.0
2005-04-07,8.19800853729248,317100.0
2005-04-08,8.270960807800293,461600.0
2005-04-11,8.316554069519043,399700.0
2005-04-12,8.21624755859375,494300.0
2005-04-13,8.207127571105957,394100.0
2005-04-14,8.207127571105957,521300.0
2005-04-15,7.869723796844482,548400.0
2005-04-18,7.924436092376709,486200.0
2005-04-19,7.769412994384766,751300.0
2005-04-20,7.897078514099121,1140800.0
2005-04-21,8.161534309387207,1132100.0
2005-04-22,7.99738883972168,450000.0
2005-04-25,8.234482765197754,335200.0
2005-04-26,7.979151248931885,333400.0
2005-04-27,8.006510734558105,265500.0
2005-04-28,7.705580711364746,354700.0
2005-04-29,7.732936859130859,513400.0
2005-05-02,7.714701175689697,340000.0
2005-05-03,7.787649631500244,1140100.0
2005-05-04,8.736030578613281,2004000.0
2005-05-05,8.845458030700684,736300.0
2005-05-06,9.255815505981445,2601900.0
2005-05-09,9.3834810256958,2370100.0
2005-05-10,9.620577812194824,835700.0
2005-05-11,9.529382705688477,891500.0
2005-05-12,9.356124877929688,503800.0
2005-05-13,9.401721000671387,422700.0
2005-05-16,9.44731616973877,946500.0
2005-05-17,9.483792304992676,435600.0
2005-05-18,9.875909805297852,876500.0
2005-05-19,10.377455711364746,1543200.0
2005-05-20,10.249789237976074,723600.0
2005-05-23,10.25890827178955,589900.0
2005-05-24,9.967098236083984,681800.0
2005-05-25,9.921504974365234,748000.0
2005-05-26,10.08564567565918,489400.0
2005-05-27,10.231552124023438,478600.0
2005-05-31,10.249789237976074,982300.0
2005-06-01,10.2133150100708,430700.0
2005-06-02,10.231552124023438,466400.0
2005-06-03,10.012696266174316,597900.0
2005-06-06,10.158597946166992,543900.0
2005-06-07,9.976218223571777,526700.0
2005-06-08,9.784716606140137,391900.0
2005-06-09,9.921504974365234,205800.0
2005-06-10,10.00357723236084,318200.0
2005-06-13,10.35009765625,444600.0
2005-06-14,10.705739974975586,522400.0
2005-06-15,11.052265167236328,720400.0
2005-06-16,11.325837135314941,1611200.0
2005-06-17,11.362310409545898,1143700.0
2005-06-20,11.179933547973633,711300.0
2005-06-21,11.207289695739746,704700.0
2005-06-22,11.216407775878906,1443300.0
2005-06-23,11.189051628112793,666000.0
2005-06-24,11.900334358215332,2871900.0
2005-06-27,11.708836555480957,1162300.0
2005-06-28,12.274215698242188,1037800.0
2005-06-29,12.730167388916016,1267000.0
2005-06-30,12.310690879821777,1427100.0
2005-07-01,12.511309623718262,322900.0
2005-07-05,12.711928367614746,574100.0
2005-07-06,13.432329177856445,1364400.0
2005-07-07,13.532638549804688,841400.0
2005-07-08,13.988593101501465,627200.0
2005-07-11,14.116260528564453,508800.0
2005-07-12,13.660308837890625,694400.0
2005-07-13,13.83356761932373,505500.0
2005-07-14,13.55087947845459,281100.0
2005-07-15,13.532638549804688,313400.0
2005-07-18,13.23171329498291,576800.0
2005-07-19,13.642066955566406,495900.0
2005-07-20,13.860925674438477,521900.0
2005-07-21,13.496163368225098,542300.0
2005-07-22,13.505285263061523,340700.0
2005-07-25,13.404973983764648,248000.0
2005-07-26,13.724140167236328,301400.0
2005-07-27,13.870047569274902,246800.0
2005-07-28,14.590449333190918,1431500.0
2005-07-29,15.128469467163086,1009400.0
2005-08-01,14.818424224853516,716100.0
2005-08-02,14.16185188293457,2887700.0
2005-08-03,13.341141700744629,1675400.0
2005-08-04,13.040215492248535,897300.0
2005-08-05,13.158761024475098,575300.0
2005-08-08,13.003734588623047,365100.0
2005-08-09,13.085808753967285,308100.0
2005-08-10,13.350259780883789,514200.0
2005-08-11,13.341141700744629,249600.0
2005-08-12,13.2225923538208,359700.0
2005-08-15,13.259069442749023,214500.0
2005-08-16,13.012856483459473,423900.0
2005-08-17,12.885188102722168,839100.0
2005-08-18,12.803118705749512,378500.0
2005-08-19,12.921664237976074,293200.0
2005-08-22,13.496163368225098,552500.0
2005-08-23,13.477927207946777,418500.0
2005-08-24,13.532638549804688,473400.0
2005-08-25,13.73326301574707,346100.0
2005-08-26,13.368498802185059,515100.0
2005-08-29,13.23171329498291,360900.0
2005-08-30,13.58735179901123,450500.0
2005-08-31,13.724140167236328,335400.0
2005-09-01,14.061546325683594,291900.0
2005-09-02,13.924761772155762,417600.0
2005-09-06,13.888284683227539,503100.0
2005-09-07,14.18921184539795,456000.0
2005-09-08,14.271283149719238,329700.0
2005-09-09,14.544854164123535,325300.0
2005-09-12,14.18921184539795,732000.0
2005-09-13,13.906521797180176,577700.0
2005-09-14,13.377616882324219,927800.0
2005-09-15,13.61471176147461,331200.0
2005-09-16,13.696785926818848,541600.0
2005-09-19,13.751495361328125,225200.0
2005-09-20,13.268187522888184,426400.0
2005-09-21,13.012856483459473,455400.0
2005-09-22,13.259069442749023,382700.0
2005-09-23,13.158761024475098,345200.0
2005-09-26,13.268187522888184,399600.0
2005-09-27,13.696785926818848,535500.0
2005-09-28,13.541760444641113,873600.0
2005-09-29,14.052427291870117,436400.0
2005-09-30,14.070664405822754,1416600.0
2005-10-03,14.262163162231445,441400.0
2005-10-04,13.81533145904541,600900.0
2005-10-05,13.84268856048584,927500.0
2005-10-06,13.96123218536377,832900.0
2005-10-07,14.015949249267578,546600.0
2005-10-10,13.915640830993652,287100.0
2005-10-11,13.58735179901123,648800.0
2005-10-12,13.176995277404785,1184900.0
2005-10-13,13.277307510375977,1820100.0
2005-10-14,13.715020179748535,977600.0
2005-10-17,13.806212425231934,589800.0
2005-10-18,13.769737243652344,700600.0
2005-10-19,13.952116966247559,1026300.0
2005-10-20,13.660308837890625,633500.0
2005-10-21,14.107142448425293,887900.0
2005-10-24,14.563091278076172,733500.0
2005-10-25,14.207447052001953,513600.0
2005-10-26,13.623832702636719,1051200.0
2005-10-27,13.359378814697266,1551900.0
2005-10-28,13.359378814697266,654900.0
2005-10-31,13.468806266784668,1401600.0
2005-11-01,13.377616882324219,968400.0
2005-11-02,13.341141700744629,1373100.0
2005-11-03,13.58735179901123,1593500.0
2005-11-04,14.015949249267578,1086300.0
2005-11-07,13.997711181640625,1103300.0
2005-11-08,14.982566833496094,3074500.0
2005-11-09,15.529706001281738,3223400.0
2005-11-10,15.593544006347656,949300.0
2005-11-11,15.620890617370605,696300.0
2005-11-14,15.474993705749512,577400.0
2005-11-15,15.383803367614746,898400.0
2005-11-16,15.228780746459961,653700.0
2005-11-17,15.867114067077637,1788200.0
2005-11-18,16.104204177856445,742400.0
2005-11-21,16.706064224243164,1508500.0
2005-11-22,17.034345626831055,934800.0
2005-11-23,16.98874855041504,1788700.0
2005-11-25,16.450729370117188,899000.0
2005-11-28,16.39601707458496,740200.0
2005-11-29,16.13156509399414,515600.0
2005-11-30,16.815494537353516,1003200.0
2005-12-01,17.499418258666992,1983900.0
2005-12-02,17.481178283691406,699400.0
2005-12-05,17.280561447143555,457000.0
2005-12-06,17.271440505981445,885800.0
2005-12-07,17.006988525390625,690700.0
2005-12-08,17.043468475341797,632000.0
2005-12-09,17.171138763427734,593500.0
2005-12-12,16.851970672607422,519700.0
2005-12-13,16.12244415283203,1030100.0
2005-12-14,16.423372268676758,511500.0
2005-12-15,16.313941955566406,362000.0
2005-12-16,16.35954475402832,758400.0
2005-12-19,15.839753150939941,445400.0
2005-12-20,15.92182445526123,595400.0
2005-12-21,16.231874465942383,473000.0
2005-12-22,16.240989685058594,347800.0
2005-12-23,16.48720359802246,430200.0
2005-12-27,16.414255142211914,913300.0
2005-12-28,16.323068618774414,395500.0
2005-12-29,16.38689613342285,277600.0
2005-12-30,16.323068618774414,374600.0
2006-01-03,16.797256469726562,611800.0
2006-01-04,17.070825576782227,693700.0
2006-01-05,17.070825576782227,767500.0
2006-01-06,17.079946517944336,675200.0
2006-01-09,17.18937110900879,867900.0
2006-01-10,17.089059829711914,735700.0
2006-01-11,17.079946517944336,405700.0
2006-01-12,16.870203018188477,310400.0
2006-01-13,16.92491912841797,218100.0
2006-01-17,16.67870330810547,299600.0
2006-01-18,16.961397171020508,512100.0
2006-01-19,17.417348861694336,541400.0
2006-01-20,17.216724395751953,498700.0
2006-01-23,17.24408721923828,350100.0
2006-01-24,18.06479835510254,918800.0
2006-01-25,18.338369369506836,843800.0
2006-01-26,18.666658401489258,487200.0
2006-01-27,19.0405330657959,372800.0
2006-01-30,18.785202026367188,1010600.0
2006-01-31,19.925079345703125,2048200.0
2006-02-01,19.29586410522461,1046600.0
2006-02-02,18.876394271850586,921700.0
2006-02-03,18.739608764648438,365300.0
2006-02-06,19.113492965698242,430800.0
2006-02-07,18.63018035888672,685700.0
2006-02-08,18.757848739624023,619500.0
2006-02-09,18.611942291259766,382500.0
2006-02-10,18.95846176147461,355600.0
2006-02-13,18.51163101196289,332100.0
2006-02-14,19.131723403930664,408900.0
2006-02-15,19.833892822265625,605500.0
2006-02-16,20.07098388671875,783400.0
2006-02-17,20.052751541137695,614800.0
2006-02-21,20.043630599975586,1388800.0
2006-02-22,20.381031036376953,647200.0
2006-02-23,20.162174224853516,1187200.0
2006-02-24,20.782270431518555,653700.0
2006-02-27,20.65460205078125,438200.0
2006-02-28,20.508695602416992,856500.0
2006-03-01,20.63636589050293,900100.0
2006-03-02,20.90081787109375,905300.0
2006-03-03,20.198652267456055,581900.0
2006-03-06,19.988916397094727,796700.0
2006-03-07,19.47825050354004,823700.0
2006-03-08,19.2593936920166,644900.0
2006-03-09,19.350576400756836,570500.0
2006-03-10,19.81565284729004,468200.0
2006-03-13,19.50560760498047,702000.0
2006-03-14,19.833892822265625,567500.0
2006-03-15,19.89772605895996,354600.0
2006-03-16,19.669750213623047,312000.0
2006-03-17,21.758005142211914,3092600.0
2006-03-20,21.976865768432617,907800.0
2006-03-21,21.657691955566406,683200.0
2006-03-22,21.739770889282227,328700.0
2006-03-23,21.63945960998535,260600.0
2006-03-24,21.985980987548828,280900.0
2006-03-27,22.058931350708008,374100.0
2006-03-28,21.265581130981445,338200.0
2006-03-29,21.128795623779297,775000.0
2006-03-30,21.137914657592773,547400.0
2006-03-31,21.347652435302734,441000.0
2006-04-03,21.438840866088867,576500.0
2006-04-04,21.092317581176758,540700.0
2006-04-05,20.73667335510254,761600.0
2006-04-06,21.42060089111328,587500.0
2006-04-07,21.27469825744629,517600.0
2006-04-10,20.982891082763672,698300.0
2006-04-11,20.800508499145508,433000.0
2006-04-12,21.110553741455078,284900.0
2006-04-13,21.06496238708496,236500.0
2006-04-17,20.85521697998047,415200.0
2006-04-18,21.210866928100586,554700.0
2006-04-19,21.64857292175293,454600.0
2006-04-20,21.657691955566406,262600.0
2006-04-21,21.210866928100586,631800.0
2006-04-24,21.63945960998535,515500.0
2006-04-25,21.9586238861084,803000.0
2006-04-26,23.417673110961914,1445500.0
2006-04-27,23.0985050201416,804000.0
2006-04-28,22.907007217407227,349900.0
2006-05-01,23.04378890991211,593500.0
2006-05-02,23.937456130981445,615600.0
2006-05-03,24.056001663208008,694900.0
2006-05-04,24.03775978088379,415500.0
2006-05-05,24.19278907775879,372000.0
2006-05-08,24.393407821655273,490200.0
2006-05-09,24.247501373291016,1139600.0
2006-05-10,23.481502532958984,936300.0
2006-05-11,22.1136474609375,1544200.0
2006-05-12,22.104530334472656,931400.0
2006-05-15,22.332502365112305,974400.0
2006-05-16,22.186599731445312,571000.0
2006-05-17,20.727556228637695,1338900.0
2006-05-18,20.216886520385742,528600.0
2006-05-19,20.335439682006836,1452000.0
2006-05-22,18.785202026367188,2200400.0
2006-05-23,19.268508911132812,1518600.0
2006-05-24,20.061866760253906,9751900.0
2006-05-25,21.411479949951172,2367200.0
2006-05-26,21.71241569519043,1620100.0
2006-05-30,20.919057846069336,2054700.0
2006-05-31,20.873456954956055,2497700.0
2006-06-01,21.840078353881836,1305000.0
2006-06-02,21.803598403930664,1140100.0
2006-06-05,20.754911422729492,887500.0
2006-06-06,20.873456954956055,1203200.0
2006-06-07,20.827861785888672,855200.0
2006-06-08,21.25646209716797,2418300.0
2006-06-09,20.782270431518555,741400.0
2006-06-12,19.751819610595703,1313700.0
2006-06-13,19.113492965698242,1348100.0
2006-06-14,19.70622444152832,992300.0
2006-06-15,21.438840866088867,973500.0
2006-06-16,20.86433982849121,2428600.0
2006-06-19,20.271604537963867,620200.0
2006-06-20,20.681962966918945,1030500.0
2006-06-21,21.347652435302734,1146800.0
2006-06-22,20.982891082763672,624400.0
2006-06-23,21.128795623779297,539400.0
2006-06-26,21.156150817871094,350600.0
2006-06-27,20.298965454101562,771000.0
2006-06-28,20.335439682006836,478700.0
2006-06-29,21.57563018798828,990300.0
2006-06-30,23.837148666381836,9222700.0
2006-07-03,22.916128158569336,1331300.0
2006-07-05,22.779338836669922,1218100.0
2006-07-06,22.934356689453125,886000.0
2006-07-07,22.724620819091797,1089000.0
2006-07-10,22.587839126586914,973200.0
2006-07-11,22.414579391479492,808900.0
2006-07-12,22.587839126586914,991500.0
2006-07-13,22.031578063964844,1058100.0
2006-07-14,20.73667335510254,1599200.0
2006-07-17,20.66372299194336,623700.0
2006-07-18,20.016273498535156,2017200.0
2006-07-19,20.818744659423828,930500.0
2006-07-20,20.80962562561035,590300.0
2006-07-21,20.180416107177734,405100.0
2006-07-24,20.61812400817871,524800.0
2006-07-25,20.90081787109375,1847600.0
2006-07-26,20.85521697998047,535300.0
2006-07-27,20.846111297607422,746000.0
2006-07-28,21.530029296875,962500.0
2006-07-31,21.7762451171875,943200.0
2006-08-01,21.393239974975586,704600.0
2006-08-02,21.894792556762695,555000.0
2006-08-03,22.2048397064209,762600.0
2006-08-04,21.457077026367188,2485400.0
2006-08-07,21.849193572998047,1058800.0
2006-08-08,22.48752784729004,1678200.0
2006-08-09,21.721527099609375,1121200.0
2006-08-10,21.557384490966797,1314200.0
2006-08-11,21.457077026367188,636500.0
2006-08-14,21.502668380737305,745300.0
2006-08-15,22.432815551757812,1648500.0
2006-08-16,22.633438110351562,1025500.0
2006-08-17,22.25954818725586,691700.0
2006-08-18,22.213960647583008,557900.0
2006-08-21,22.25954818725586,541500.0
2006-08-22,22.478408813476562,712700.0
2006-08-23,22.587839126586914,612500.0
2006-08-24,22.733741760253906,1030000.0
2006-08-25,22.48752784729004,1003500.0
2006-08-28,22.2048397064209,1135500.0
2006-08-29,22.587839126586914,1111300.0
2006-08-30,23.6182861328125,2434200.0
2006-08-31,23.472383499145508,1267200.0
2006-09-01,23.207929611206055,855500.0
2006-09-05,23.18057632446289,1013300.0
2006-09-06,22.031578063964844,1899400.0
2006-09-07,22.077171325683594,931900.0
2006-09-08,22.68814468383789,873100.0
2006-09-11,22.815814971923828,678700.0
2006-09-12,22.989070892333984,865900.0
2006-09-13,22.815814971923828,1310100.0
2006-09-14,22.934356689453125,719800.0
2006-09-15,22.624311447143555,1035600.0
2006-09-18,22.524005889892578,493000.0
2006-09-19,21.885669708251953,809700.0
2006-09-20,22.48752784729004,574100.0
2006-09-21,22.469289779663086,585300.0
2006-09-22,22.861413955688477,1431400.0
2006-09-25,23.390316009521484,1141100.0
2006-09-26,22.9434814453125,1183900.0
2006-09-27,22.587839126586914,2102100.0
2006-09-28,22.332502365112305,1101200.0
2006-09-29,22.186599731445312,870200.0
2006-10-02,21.85831642150879,805100.0
2006-10-03,22.077171325683594,1294300.0
2006-10-04,22.824934005737305,1112100.0
2006-10-05,22.85228729248047,915600.0
2006-10-06,23.627403259277344,4337500.0
2006-10-09,23.89185905456543,1416600.0
2006-10-10,23.873624801635742,1689800.0
2006-10-11,24.730812072753906,2924600.0
2006-10-12,25.150285720825195,1690500.0
2006-10-13,25.323545455932617,692100.0
2006-10-16,24.876708984375,1126900.0
2006-10-17,24.50283432006836,1041500.0
2006-10-18,24.19278907775879,1531100.0
2006-10-19,24.06511878967285,1265800.0
2006-10-20,23.846263885498047,519900.0
2006-10-23,23.627403259277344,675400.0
2006-10-24,23.390316009521484,724800.0
2006-10-25,24.11983871459961,1125300.0
2006-10-26,24.63962173461914,1524000.0
2006-10-27,24.64874267578125,919800.0
2006-10-30,24.165428161621094,1222400.0
2006-10-31,24.3569278717041,684200.0
2006-11-01,23.928335189819336,872100.0
2006-11-02,23.983047485351562,1249100.0
2006-11-03,24.53019142150879,827300.0
2006-11-06,25.09557342529297,1217500.0
2006-11-07,25.296180725097656,2838800.0
2006-11-08,24.51195526123047,2212800.0
2006-11-09,24.840240478515625,1516800.0
2006-11-10,24.26573944091797,1405700.0
2006-11-13,25.168529510498047,1837600.0
2006-11-14,25.578882217407227,1330900.0
2006-11-15,25.22323989868164,1555700.0
2006-11-16,25.542402267456055,795200.0
2006-11-17,25.53328514099121,470900.0
2006-11-20,25.633596420288086,934100.0
2006-11-21,26.144262313842773,1745700.0
2006-11-22,26.162494659423828,816100.0
2006-11-24,25.934524536132812,480000.0
2006-11-27,25.9527587890625,963800.0
2006-11-28,25.72478675842285,759300.0
2006-11-29,26.007469177246094,811500.0
2006-11-30,25.87069320678711,846700.0
2006-12-01,25.150285720825195,1015100.0
2006-12-04,25.72478675842285,1287300.0
2006-12-05,26.08954620361328,1007100.0
2006-12-06,26.17161750793457,573300.0
2006-12-07,26.271923065185547,794100.0
2006-12-08,25.89804458618164,649800.0
2006-12-11,26.326637268066406,794600.0
2006-12-12,26.15337371826172,864600.0
2006-12-13,26.344881057739258,1360200.0
2006-12-14,26.09865951538086,605000.0
2006-12-15,25.861568450927734,781000.0
2006-12-18,25.797739028930664,532100.0
2006-12-19,25.551523208618164,583400.0
2006-12-20,25.542402267456055,366300.0
2006-12-21,25.5241641998291,563700.0
2006-12-22,24.98613929748535,692400.0
2006-12-26,24.93143081665039,761700.0
2006-12-27,24.612258911132812,961900.0
2006-12-28,24.922304153442383,723200.0
2006-12-29,25.077333450317383,652500.0
2007-01-03,25.122922897338867,1074600.0
2007-01-04,25.606237411499023,854100.0
2007-01-05,24.922304153442383,3847800.0
2007-01-08,24.86759376525879,959700.0
2007-01-09,25.578882217407227,1499100.0
2007-01-10,26.034832000732422,1159700.0
2007-01-11,26.17161750793457,968300.0
2007-01-12,26.654924392700195,923000.0
2007-01-16,26.08954620361328,532500.0
2007-01-17,25.761259078979492,546400.0
2007-01-18,25.90716552734375,904300.0
2007-01-19,26.49078369140625,1001400.0
2007-01-22,26.15337371826172,846000.0
2007-01-23,26.24457359313965,753100.0
2007-01-24,26.33576011657715,612800.0
2007-01-25,26.654924392700195,1026300.0
2007-01-26,27.17470359802246,1326500.0
2007-01-29,27.35708999633789,1216000.0
2007-01-30,27.35708999633789,351000.0
2007-01-31,27.092636108398438,689900.0
2007-02-01,26.736997604370117,984500.0
2007-02-02,26.60021209716797,679200.0
2007-02-05,26.84642219543457,674300.0
2007-02-06,26.426950454711914,799800.0
2007-02-07,26.673160552978516,622700.0
2007-02-08,27.138235092163086,609800.0
2007-02-09,26.49078369140625,653900.0
2007-02-12,26.126018524169922,451900.0
2007-02-13,25.834209442138672,965200.0
2007-02-14,26.226329803466797,1086400.0
2007-02-15,26.253684997558594,606100.0
2007-02-16,26.13513946533203,761100.0
2007-02-20,27.083520889282227,1039500.0
2007-02-21,27.083520889282227,767300.0
2007-02-22,27.311492919921875,576700.0
2007-02-23,26.38135528564453,2325700.0
2007-02-26,26.025712966918945,2085200.0
2007-02-27,25.22323989868164,1559500.0
2007-02-28,24.594022750854492,2780000.0
2007-03-01,24.174551010131836,1340500.0
2007-03-02,23.919218063354492,2182300.0
2007-03-05,23.70948600769043,1886800.0
2007-03-06,24.6304988861084,1602900.0
2007-03-07,24.712568283081055,1375900.0
2007-03-08,24.712568283081055,1223400.0
2007-03-09,24.7855281829834,1198300.0
2007-03-12,25.177644729614258,885500.0
2007-03-13,24.64874267578125,785700.0
2007-03-14,24.739931106567383,614800.0
2007-03-15,24.739931106567383,1172900.0
2007-03-16,24.86759376525879,623000.0
2007-03-19,24.86759376525879,1135200.0
2007-03-20,25.715665817260742,3685700.0
2007-03-21,26.609329223632812,16950500.0
2007-03-22,27.202064514160156,2489200.0
2007-03-23,27.138235092163086,1196600.0
2007-03-26,27.010570526123047,2412300.0
2007-03-27,26.70964241027832,1031900.0
2007-03-28,26.755233764648438,1201600.0
2007-03-29,26.910259246826172,1083200.0
2007-03-30,26.946733474731445,1096300.0
2007-04-02,26.892019271850586,1085200.0
2007-04-03,27.238544464111328,1197300.0
2007-04-04,27.15647315979004,1020100.0
2007-04-05,26.901138305664062,919200.0
2007-04-09,27.338851928710938,1548200.0
2007-04-10,27.949825286865234,1980800.0
2007-04-11,27.192949295043945,1254200.0
2007-04-12,27.822158813476562,1237700.0
2007-04-13,27.512115478515625,868200.0
2007-04-16,28.05013656616211,903800.0
2007-04-17,27.885997772216797,1164800.0
2007-04-18,27.448280334472656,442900.0
2007-04-19,27.539474487304688,807000.0
2007-04-20,27.68537712097168,670700.0
2007-04-23,27.575944900512695,478600.0
2007-04-24,27.84039878845215,826500.0
2007-04-25,27.76744842529297,823300.0
2007-04-26,27.347972869873047,1554700.0
2007-04-27,27.293254852294922,766800.0
2007-04-30,26.82819366455078,989700.0
2007-05-01,26.937612533569336,1742300.0
2007-05-02,27.70361328125,953100.0
2007-05-03,27.393571853637695,1192100.0
2007-05-04,27.493873596191406,1292600.0
2007-05-07,27.940706253051758,1127100.0
2007-05-08,27.46652603149414,2215200.0
2007-05-09,28.424015045166016,2575000.0
2007-05-10,27.904233932495117,1154300.0
2007-05-11,28.25075912475586,1127700.0
2007-05-14,27.831281661987305,1045600.0
2007-05-15,27.402685165405273,1384500.0
2007-05-16,27.50299072265625,808000.0
2007-05-17,27.420923233032227,1030800.0
2007-05-18,27.904233932495117,975400.0
2007-05-21,28.05925750732422,696700.0
2007-05-22,27.99542236328125,716500.0
2007-05-23,28.424015045166016,1319400.0
2007-05-24,27.740095138549805,1049600.0
2007-05-25,28.104854583740234,491700.0
2007-05-29,28.268999099731445,1058500.0
2007-05-30,29.07146453857422,1217000.0
2007-05-31,29.299442291259766,1162700.0
2007-06-01,29.573017120361328,1118000.0
2007-06-04,29.728044509887695,731400.0
2007-06-05,29.75539207458496,1141300.0
2007-06-06,29.308565139770508,1565900.0
2007-06-07,28.679353713989258,788500.0
2007-06-08,28.9620361328125,609900.0
2007-06-11,28.86172866821289,570300.0
2007-06-12,29.10794448852539,2128000.0
2007-06-13,29.472700119018555,682000.0
2007-06-14,29.527421951293945,1170200.0
2007-06-15,30.275177001953125,1307600.0
2007-06-18,30.384605407714844,1093500.0
2007-06-19,30.740253448486328,1452600.0
2007-06-20,30.685537338256836,1202300.0
2007-06-21,30.129274368286133,1786100.0
2007-06-22,29.92865562438965,902700.0
2007-06-25,29.682443618774414,810800.0
2007-06-26,29.454469680786133,1041800.0
2007-06-27,30.275177001953125,1217700.0
2007-06-28,30.302536010742188,985900.0
2007-06-29,30.630826950073242,1132700.0
2007-07-02,31.624792098999023,1367900.0
2007-07-03,31.907489776611328,678900.0
2007-07-05,31.889249801635742,950000.0
2007-07-06,31.85276985168457,570800.0
2007-07-09,31.880126953125,951100.0
2007-07-10,31.278276443481445,908500.0
2007-07-11,31.54273223876953,638000.0
2007-07-12,32.75555419921875,1644900.0
2007-07-13,32.82851028442383,1232700.0
2007-07-16,32.52757263183594,614700.0
2007-07-17,32.24488830566406,754300.0
2007-07-18,32.05339050292969,1156400.0
2007-07-19,33.257102966308594,1756100.0
2007-07-20,32.901458740234375,1187000.0
2007-07-23,33.07472610473633,804900.0
2007-07-24,32.36344528198242,818700.0
2007-07-25,32.0625,1097900.0
2007-07-26,31.49712371826172,1000700.0
2007-07-27,30.475797653198242,1182200.0
2007-07-30,30.494033813476562,3153600.0
2007-07-31,30.384605407714844,1327800.0
2007-08-01,29.527421951293945,1878800.0
2007-08-02,30.98646354675293,1769900.0
2007-08-03,29.180898666381836,3321500.0
2007-08-06,29.22648811340332,2445100.0
2007-08-07,29.773637771606445,2030600.0
2007-08-08,31.05029296875,3595500.0
2007-08-09,30.0380859375,2645600.0
2007-08-10,30.320781707763672,2092700.0
2007-08-13,30.448442459106445,1125800.0
2007-08-14,28.396665573120117,2017300.0
2007-08-15,27.75832748413086,4510400.0
2007-08-16,26.955854415893555,3939700.0
2007-08-17,28.241640090942383,3174000.0
2007-08-20,27.99542236328125,1094300.0
2007-08-21,28.17780303955078,1193600.0
2007-08-22,28.52432632446289,1491400.0
2007-08-23,28.889087677001953,1283400.0
2007-08-24,29.718917846679688,1009200.0
2007-08-27,29.8557071685791,862700.0
2007-08-28,28.879968643188477,702800.0
2007-08-29,28.898208618164062,733900.0
2007-08-30,29.0532283782959,838900.0
2007-08-31,29.70068359375,726800.0
2007-09-04,30.840557098388672,1102800.0
2007-09-05,30.193119049072266,720700.0
2007-09-06,30.101919174194336,643600.0
2007-09-07,29.573017120361328,1018600.0
2007-09-10,29.48183250427246,455100.0
2007-09-11,30.238698959350586,1241000.0
2007-09-12,29.965133666992188,811600.0
2007-09-13,30.649059295654297,555900.0
2007-09-14,30.247819900512695,1166000.0
2007-09-17,29.883060455322266,438700.0
2007-09-18,30.174875259399414,1091600.0
2007-09-19,31.041183471679688,2318900.0
2007-09-20,31.360349655151367,691900.0
2007-09-21,31.943960189819336,849000.0
2007-09-24,32.29961013793945,878000.0
2007-09-25,32.700836181640625,1699600.0
2007-09-26,32.16281509399414,873200.0
2007-09-27,32.463748931884766,913500.0
2007-09-28,32.17193603515625,706800.0
2007-10-01,32.700836181640625,1245000.0
2007-10-02,32.17193603515625,1307400.0
2007-10-03,32.16281509399414,1009600.0
2007-10-04,32.41814041137695,777400.0
2007-10-05,32.60054397583008,630000.0
2007-10-08,32.07163619995117,696600.0
2007-10-09,32.518455505371094,655700.0
2007-10-10,31.91660499572754,751500.0
2007-10-11,31.59743881225586,896600.0
2007-10-12,31.52448272705078,883600.0
2007-10-15,31.460668563842773,980100.0
2007-10-16,31.077651977539062,818900.0
2007-10-17,31.82542610168457,1240000.0
2007-10-18,31.67039680480957,756500.0
2007-10-19,31.01382064819336,1647100.0
2007-10-22,31.92572021484375,952100.0
2007-10-23,32.281368255615234,809600.0
2007-10-24,32.43638610839844,696400.0
2007-10-25,32.64613723754883,975400.0
2007-10-26,33.175025939941406,1853600.0
2007-10-29,33.22062301635742,1192300.0
2007-10-30,33.038246154785156,1403900.0
2007-10-31,32.463748931884766,2751600.0
2007-11-01,31.633922576904297,1848100.0
2007-11-02,33.9410285949707,2873900.0
2007-11-05,34.92588806152344,2955500.0
2007-11-06,34.6796760559082,1382900.0
2007-11-07,33.731292724609375,1148000.0
2007-11-08,33.53066635131836,930900.0
2007-11-09,29.773637771606445,5421500.0
2007-11-12,28.278112411499023,4131900.0
2007-11-13,30.703771591186523,2594400.0
2007-11-14,30.111040115356445,1133900.0
2007-11-15,30.430191040039062,1116400.0
2007-11-16,31.323863983154297,1055000.0
2007-11-19,30.822322845458984,1764600.0
2007-11-20,31.06854248046875,1397600.0
2007-11-21,30.69465446472168,780800.0
2007-11-23,31.369464874267578,200100.0
2007-11-26,31.633922576904297,1022900.0
2007-11-27,31.67039680480957,864600.0
2007-11-28,32.60054397583008,936300.0
2007-11-29,33.67658233642578,899600.0
2007-11-30,34.14165115356445,1444500.0
2007-12-03,33.43036651611328,929400.0
2007-12-04,31.688629150390625,1532900.0
2007-12-05,32.19929504394531,861300.0
2007-12-06,32.509342193603516,651400.0
2007-12-07,33.35740661621094,6863500.0
2007-12-10,33.175025939941406,978600.0
2007-12-11,32.080753326416016,1105200.0
2007-12-12,31.168840408325195,2063600.0
2007-12-13,30.740253448486328,1091900.0
2007-12-14,30.658170700073242,834100.0
2007-12-17,28.86172866821289,2182800.0
2007-12-18,29.873943328857422,1597500.0
2007-12-19,29.92865562438965,754000.0
2007-12-20,30.0380859375,972800.0
2007-12-21,31.360349655151367,937200.0
2007-12-24,30.90439224243164,401700.0
2007-12-26,31.387704849243164,571900.0
2007-12-27,30.77672576904297,631200.0
2007-12-28,30.6217098236084,699400.0
2007-12-31,30.85880470275879,546100.0
2008-01-02,30.220470428466797,607500.0
2008-01-03,29.445350646972656,1372000.0
2008-01-04,28.424015045166016,1564300.0
2008-01-07,27.65801239013672,1093400.0
2008-01-08,26.955854415893555,1554100.0
2008-01-09,25.989233016967773,2257200.0
2008-01-10,26.071311950683594,1408300.0
2008-01-11,25.779495239257812,1345400.0
2008-01-14,26.892019271850586,2986100.0
2008-01-15,26.426950454711914,1893300.0
2008-01-16,25.323545455932617,1850300.0
2008-01-17,24.302223205566406,1956000.0
2008-01-18,23.864505767822266,4968000.0
2008-01-22,23.46326446533203,2970800.0
2008-01-23,23.253524780273438,3213600.0
2008-01-24,25.077333450317383,2160000.0
2008-01-25,24.04688262939453,1709200.0
2008-01-28,24.411640167236328,942200.0
2008-01-29,26.645803451538086,2976000.0
2008-01-30,25.989233016967773,2106000.0
2008-01-31,27.001449584960938,1529000.0
2008-02-01,28.268999099731445,2065300.0
2008-02-04,27.76744842529297,787000.0
2008-02-05,26.226329803466797,1569600.0
2008-02-06,26.38135528564453,1293500.0
2008-02-07,26.536375045776367,1583200.0
2008-02-08,28.123092651367188,2455100.0
2008-02-11,28.123092651367188,1295700.0
2008-02-12,28.268999099731445,1309700.0
2008-02-13,28.123092651367188,1321400.0
2008-02-14,28.013662338256836,2852900.0
2008-02-15,27.676258087158203,769800.0
2008-02-19,28.305477142333984,961700.0
2008-02-20,28.031898498535156,1280200.0
2008-02-21,26.96497344970703,1894700.0
2008-02-22,29.363277435302734,3286100.0
2008-02-25,29.92865562438965,1855800.0
2008-02-26,30.293428421020508,1518700.0
2008-02-27,29.609495162963867,1638100.0
2008-02-28,29.53653907775879,1373100.0
2008-02-29,28.31458854675293,1528500.0
2008-03-03,27.557706832885742,1235800.0
2008-03-04,26.664047241210938,2510400.0
2008-03-05,26.992326736450195,1399800.0
2008-03-06,26.189847946166992,917100.0
2008-03-07,25.85245132446289,1424600.0
2008-03-10,24.758163452148438,1265600.0
2008-03-11,26.05306625366211,1460900.0
2008-03-12,25.85245132446289,867700.0
2008-03-13,26.58197021484375,2314100.0
2008-03-14,25.624475479125977,1858700.0
2008-03-17,24.82200050354004,1255800.0
2008-03-18,26.180740356445312,2024500.0
2008-03-19,25.551523208618164,1618800.0
2008-03-20,25.89804458618164,1053500.0
2008-03-24,27.147356033325195,2019100.0
2008-03-25,27.68537712097168,2612600.0
2008-03-26,28.460487365722656,2391700.0
2008-03-27,28.515207290649414,1585400.0
2008-03-28,27.448280334472656,1580400.0
2008-03-31,27.202064514160156,1784600.0
2008-04-01,27.402685165405273,2125800.0
2008-04-02,28.460487365722656,3132400.0
2008-04-03,28.761417388916016,2260200.0
2008-04-04,28.287229537963867,1520400.0
2008-04-07,27.958946228027344,1155700.0
2008-04-08,28.351062774658203,1172300.0
2008-04-09,27.265897750854492,1235900.0
2008-04-10,27.393571853637695,1363900.0
2008-04-11,26.96497344970703,1488900.0
2008-04-14,26.7825927734375,605000.0
2008-04-15,27.58506202697754,914400.0
2008-04-16,28.08661460876465,1475300.0
2008-04-17,27.73096466064453,896500.0
2008-04-18,28.77054214477539,1447700.0
2008-04-21,29.02587127685547,796200.0
2008-04-22,28.64287757873535,653800.0
2008-04-23,28.93467903137207,1460900.0
2008-04-24,29.8557071685791,2189100.0
2008-04-25,30.229589462280273,1218500.0
2008-04-28,30.21134376525879,1669700.0
2008-04-29,30.028974533081055,849000.0
2008-04-30,29.490942001342773,1469400.0
2008-05-01,30.557872772216797,2194900.0
2008-05-02,30.484922409057617,1289200.0
2008-05-05,30.293428421020508,1295400.0
2008-05-06,31.451541900634766,1770600.0
2008-05-07,31.369464874267578,2912300.0
2008-05-08,31.223556518554688,790900.0
2008-05-09,30.977352142333984,991400.0
2008-05-12,31.506242752075195,3500800.0
2008-05-13,31.91660499572754,8170300.0
2008-05-14,31.9713191986084,1604100.0
2008-05-15,32.135459899902344,1493000.0
2008-05-16,32.618770599365234,2584800.0
2008-05-19,33.34829330444336,2335100.0
2008-05-20,32.910579681396484,1679500.0
2008-05-21,32.664363861083984,1908500.0
2008-05-22,32.609657287597656,1238700.0
2008-05-23,32.500221252441406,622700.0
2008-05-27,32.89234924316406,893900.0
2008-05-28,33.30269241333008,795700.0
2008-05-29,33.776893615722656,851900.0
2008-05-30,33.9410285949707,1366400.0
2008-06-02,34.09605026245117,1272400.0
2008-06-03,34.232845306396484,1688200.0
2008-06-04,33.466835021972656,2671000.0
2008-06-05,32.78291320800781,3172000.0
2008-06-06,31.269149780273438,2415000.0
2008-06-09,31.624792098999023,2292900.0
2008-06-10,32.700836181640625,2613400.0
2008-06-11,31.871017456054688,2113300.0
2008-06-12,32.19929504394531,1240800.0
2008-06-13,32.6826057434082,1414500.0
2008-06-16,33.758663177490234,2894400.0
2008-06-17,34.506404876708984,2293300.0
2008-06-18,33.758663177490234,1799000.0
2008-06-19,34.26019287109375,2398200.0
2008-06-20,33.503318786621094,1537700.0
2008-06-23,32.80116271972656,1658600.0
2008-06-24,32.10809326171875,1957800.0
2008-06-25,32.764678955078125,2338000.0
2008-06-26,31.89837646484375,2669300.0
2008-06-27,32.01691818237305,1880600.0
2008-06-30,32.837623596191406,2538200.0
2008-07-01,30.886157989501953,3032300.0
2008-07-02,29.9742431640625,3506900.0
2008-07-03,30.977352142333984,1589400.0
2008-07-07,30.785837173461914,1759500.0
2008-07-08,31.871017456054688,2004600.0
2008-07-09,31.469770431518555,1303000.0
2008-07-10,31.342105865478516,1197200.0
2008-07-11,31.30562400817871,1631400.0
2008-07-14,31.323863983154297,920000.0
2008-07-15,31.734228134155273,1702500.0
2008-07-16,31.86189079284668,1458100.0
2008-07-17,31.269149780273438,1766900.0
2008-07-18,31.84364891052246,1396900.0
2008-07-21,31.98955535888672,894200.0
2008-07-22,32.846744537353516,1638500.0
2008-07-23,33.08384323120117,2062100.0
2008-07-24,32.035152435302734,1500600.0
2008-07-25,33.64009475708008,1352400.0
2008-07-28,33.038246154785156,1342400.0
2008-07-29,33.85894775390625,1179600.0
2008-07-30,34.42434310913086,1685900.0
2008-07-31,34.552005767822266,3345400.0
2008-08-01,34.360511779785156,2163900.0
2008-08-04,31.80718994140625,4251500.0
2008-08-05,32.00780487060547,1954600.0
2008-08-06,32.16281509399414,1479500.0
2008-08-07,31.6065616607666,1235000.0
2008-08-08,31.907489776611328,1408300.0
2008-08-11,32.317848205566406,1821700.0
2008-08-12,31.84364891052246,985700.0
2008-08-13,31.49712371826172,859900.0
2008-08-14,31.71599006652832,625900.0
2008-08-15,32.05339050292969,704200.0
2008-08-18,31.387704849243164,679600.0
2008-08-19,30.448442459106445,1378900.0
2008-08-20,30.494033813476562,1339900.0
2008-08-21,31.196205139160156,1143500.0
2008-08-22,31.624792098999023,675700.0
2008-08-25,30.913511276245117,702800.0
2008-08-26,31.150598526000977,858200.0
2008-08-27,30.968229293823242,871900.0
2008-08-28,32.044273376464844,1304200.0
2008-08-29,31.85276985168457,930900.0
2008-09-02,31.82542610168457,836400.0
2008-09-03,31.004701614379883,1624600.0
2008-09-04,30.065441131591797,2018100.0
2008-09-05,29.308565139770508,3050500.0
2008-09-08,29.445350646972656,1528200.0
2008-09-09,28.478734970092773,2240000.0
2008-09-10,29.500064849853516,2558400.0
2008-09-11,28.64287757873535,2990100.0
2008-09-12,28.351062774658203,2058100.0
2008-09-15,27.010570526123047,1940800.0
2008-09-16,26.217208862304688,4171800.0
2008-09-17,24.51195526123047,2825800.0
2008-09-18,25.132047653198242,4501100.0
2008-09-19,27.74921226501465,3674700.0
2008-09-22,26.253684997558594,1622000.0
2008-09-23,25.259716033935547,2886800.0
2008-09-24,24.43899917602539,2448400.0
2008-09-25,24.43899917602539,4995500.0
2008-09-26,25.22323989868164,2360700.0
2008-09-29,21.703292846679688,3236800.0
2008-09-30,23.590925216674805,2167900.0
2008-10-01,22.71550178527832,1805500.0
2008-10-02,19.396175384521484,4931700.0
2008-10-03,18.666658401489258,9612300.0
2008-10-06,16.6148738861084,5706400.0
2008-10-07,15.028162002563477,4943600.0
2008-10-08,14.672520637512207,6847800.0
2008-10-09,12.164787292480469,7122100.0
2008-10-10,13.140521049499512,6163700.0
2008-10-13,16.505443572998047,6178500.0
2008-10-14,16.633108139038086,4814800.0
2008-10-15,14.408065795898438,3379900.0
2008-10-16,15.155828475952148,4559100.0
2008-10-17,16.560155868530273,2936700.0
2008-10-20,17.1984920501709,2709200.0
2008-10-21,16.642229080200195,2582500.0
2008-10-22,16.523679733276367,5056600.0
2008-10-23,15.547943115234375,3461400.0
2008-10-24,14.362472534179688,3782200.0
2008-10-27,14.307759284973145,2013900.0
2008-10-28,15.74856185913086,3786800.0
2008-10-29,17.645328521728516,4114600.0
2008-10-30,18.666658401489258,2615100.0
2008-10-31,19.14084243774414,3649700.0
2008-11-03,19.12260627746582,2158700.0
2008-11-04,18.858158111572266,2375800.0
2008-11-05,17.417348861694336,2059500.0
2008-11-06,16.350418090820312,2863800.0
2008-11-07,16.706064224243164,1475700.0
2008-11-10,16.450729370117188,1805500.0
2008-11-11,15.456755638122559,1540400.0
2008-11-12,13.167880058288574,3438900.0
2008-11-13,14.426304817199707,4054500.0
2008-11-14,14.134499549865723,3613600.0
2008-11-17,13.559995651245117,1904500.0
2008-11-18,12.921664237976074,3149400.0
2008-11-19,11.234644889831543,2916100.0
2008-11-20,9.702649116516113,4406100.0
2008-11-21,9.848553657531738,4930200.0
2008-11-24,11.48997688293457,5829100.0
2008-11-25,12.283332824707031,4445100.0
2008-11-26,13.423211097717285,3453800.0
2008-11-28,14.398948669433594,1309800.0
2008-12-01,12.356284141540527,2466100.0
2008-12-02,12.711928367614746,2626100.0
2008-12-03,13.094923973083496,2141400.0
2008-12-04,12.821354866027832,2476000.0
2008-12-05,14.253043174743652,4475200.0
2008-12-08,15.164942741394043,2936800.0
2008-12-09,14.645161628723145,2225700.0
2008-12-10,15.420278549194336,2343500.0
2008-12-11,14.718113899230957,1551100.0
2008-12-12,14.854901313781738,2138100.0
2008-12-15,13.979473114013672,2423400.0
2008-12-16,14.854901313781738,2645400.0
2008-12-17,15.046399116516113,3186100.0
2008-12-18,15.183180809020996,2889000.0
2008-12-19,14.836662292480469,2369900.0
2008-12-22,13.96123218536377,1869100.0
2008-12-23,13.870047569274902,3238000.0
2008-12-24,13.952116966247559,623000.0
2008-12-26,13.952116966247559,696100.0
2008-12-29,13.742376327514648,793800.0
2008-12-30,14.216567993164062,1576300.0
2008-12-31,14.882257461547852,1834900.0
2009-01-02,16.13156509399414,2071500.0
2009-01-05,16.642229080200195,2389400.0
2009-01-06,17.75474739074707,5118700.0
2009-01-07,17.24408721923828,2277500.0
2009-01-08,17.700035095214844,1800700.0
2009-01-09,16.961397171020508,1421300.0
2009-01-12,16.222755432128906,1869400.0
2009-01-13,16.532800674438477,1349400.0
2009-01-14,15.775925636291504,2138500.0
2009-01-15,16.003902435302734,2706300.0
2009-01-16,16.824607849121094,2293700.0
2009-01-20,15.529706001281738,1998000.0
2009-01-21,16.95227813720703,2431300.0
2009-01-22,17.417348861694336,3238800.0
2009-01-23,17.043468475341797,3005900.0
2009-01-26,17.37175178527832,2789800.0
2009-01-27,17.481178283691406,1836400.0
2009-01-28,19.067893981933594,3556000.0
2009-01-29,18.684892654418945,1799100.0
2009-01-30,18.14687156677246,1547400.0
2009-02-02,18.365724563598633,1645200.0
2009-02-03,18.63018035888672,2396500.0
2009-02-04,18.119510650634766,2342900.0
2009-02-05,18.438676834106445,2154200.0
2009-02-06,19.569433212280273,7702800.0
2009-02-09,19.660629272460938,1775400.0
2009-02-10,18.538990020751953,2033100.0
2009-02-11,18.374845504760742,1816600.0
2009-02-12,18.228940963745117,2586000.0
2009-02-13,18.256298065185547,1593800.0
2009-02-17,16.833730697631836,3425500.0
2009-02-18,16.38689613342285,2635900.0
2009-02-19,16.523679733276367,3035900.0
2009-02-20,17.143775939941406,3264000.0
2009-02-23,16.696943283081055,3843700.0
2009-02-24,17.918893814086914,2705300.0
2009-02-25,18.055675506591797,2364900.0
2009-02-26,18.41132354736328,4076200.0
2009-02-27,18.949350357055664,4499500.0
2009-03-02,17.937131881713867,2337000.0
2009-03-03,17.481178283691406,2553300.0
2009-03-04,18.849035263061523,3039600.0
2009-03-05,17.94625473022461,1980800.0
2009-03-06,18.228940963745117,2934800.0
2009-03-09,18.08304214477539,1805300.0
2009-03-10,20.97376823425293,5449000.0
2009-03-11,21.320287704467773,3003700.0
2009-03-12,21.758005142211914,4560300.0
2009-03-13,21.147031784057617,2411700.0
2009-03-16,20.344558715820312,1746400.0
2009-03-17,20.992013931274414,1492600.0
2009-03-18,21.292932510375977,1860100.0
2009-03-19,21.128795623779297,1384100.0
2009-03-20,20.4266300201416,1516700.0
2009-03-23,21.885669708251953,1204400.0
2009-03-24,21.493553161621094,1507000.0
2009-03-25,21.429719924926758,1501400.0
2009-03-26,21.922151565551758,3472500.0
2009-03-27,21.794479370117188,2224500.0
2009-03-30,20.909931182861328,1513200.0
2009-03-31,21.247333526611328,1928500.0
2009-04-01,22.23219108581543,2036800.0
2009-04-02,24.13807487487793,5318500.0
2009-04-03,24.548431396484375,2239000.0
2009-04-06,23.6821231842041,2569400.0
2009-04-07,22.669902801513672,2964900.0
2009-04-08,23.63652992248535,2271800.0
2009-04-09,24.621381759643555,2735400.0
2009-04-13,23.900976181030273,1502200.0
2009-04-14,22.83405303955078,2640300.0
2009-04-15,23.818899154663086,2742700.0
2009-04-16,24.33869743347168,1862800.0
2009-04-17,24.083362579345703,1697300.0
2009-04-20,22.615198135375977,4654000.0
2009-04-21,22.824934005737305,9461400.0
2009-04-22,22.642547607421875,4267700.0
2009-04-23,22.85228729248047,1379500.0
2009-04-24,23.08026695251465,1756700.0
2009-04-27,22.8796443939209,1374000.0
2009-04-28,21.903911590576172,2290700.0
2009-04-29,22.59695816040039,2149900.0
2009-04-30,22.97995376586914,3160500.0
2009-05-01,22.7884521484375,1400200.0
2009-05-04,22.797576904296875,2677300.0
2009-05-05,23.007314682006836,5510600.0
2009-05-06,23.207929611206055,2964000.0
2009-05-07,22.23219108581543,1998700.0
2009-05-08,22.286907196044922,1436700.0
2009-05-11,22.04981803894043,2161200.0
2009-05-12,21.147031784057617,2873900.0
2009-05-13,20.59989356994629,1569000.0
2009-05-14,20.718435287475586,2323900.0
2009-05-15,20.244245529174805,2465800.0
2009-05-18,21.894792556762695,1876500.0
2009-05-19,22.1136474609375,2005900.0
2009-05-20,21.703292846679688,1414300.0
2009-05-21,21.511796951293945,2844400.0
2009-05-22,21.40236473083496,1653400.0
2009-05-26,22.642547607421875,3210800.0
2009-05-27,22.67902946472168,2354000.0
2009-05-28,23.344715118408203,2988900.0
2009-05-29,23.317358016967773,6541800.0
2009-06-01,23.28999900817871,3525600.0
2009-06-02,22.916128158569336,3374800.0
2009-06-03,22.286907196044922,2256800.0
2009-06-04,22.086288452148438,1834300.0
2009-06-05,22.168363571166992,1524000.0
2009-06-08,21.81271743774414,1967900.0
2009-06-09,21.885669708251953,1795700.0
2009-06-10,21.302061080932617,3444000.0
2009-06-11,21.593862533569336,2498800.0
2009-06-12,21.94038963317871,1301200.0
2009-06-15,21.384122848510742,1835900.0
2009-06-16,20.97376823425293,2097500.0
2009-06-17,20.727556228637695,2924900.0
2009-06-18,20.919057846069336,1324700.0
2009-06-19,21.137914657592773,1555000.0
2009-06-22,20.4266300201416,3174100.0
2009-06-23,20.73667335510254,2823900.0
2009-06-24,21.694169998168945,2519300.0
2009-06-25,22.186599731445312,1997900.0
2009-06-26,22.733741760253906,1543200.0
2009-06-29,22.697263717651367,1516900.0
2009-06-30,22.378103256225586,1539800.0
2009-07-01,22.25954818725586,1687400.0
2009-07-02,21.593862533569336,1642200.0
2009-07-06,20.88257598876953,2333700.0
2009-07-07,20.727556228637695,2072200.0
2009-07-08,20.645483016967773,2167800.0
2009-07-09,21.247333526611328,1562100.0
2009-07-10,21.42060089111328,1313800.0
2009-07-13,21.730648040771484,1505300.0
2009-07-14,21.94038963317871,1204900.0
2009-07-15,22.824934005737305,2437700.0
2009-07-16,23.0985050201416,1169700.0
2009-07-17,23.116741180419922,903300.0
2009-07-20,23.727710723876953,1896900.0
2009-07-21,23.837148666381836,1760100.0
2009-07-22,23.992164611816406,1397800.0
2009-07-23,24.539306640625,1416700.0
2009-07-24,24.320449829101562,1178000.0
2009-07-27,24.33869743347168,1108800.0
2009-07-28,24.42076301574707,1205100.0
2009-07-29,23.198810577392578,2520300.0
2009-07-30,23.764190673828125,2696800.0
2009-07-31,23.79155158996582,1644500.0
2009-08-03,24.19278907775879,1198900.0
2009-08-04,24.11983871459961,1758500.0
2009-08-05,23.69123649597168,1029300.0
2009-08-06,23.144100189208984,1085700.0
2009-08-07,23.025548934936523,1461500.0
2009-08-10,22.797576904296875,1140000.0
2009-08-11,22.85228729248047,2065200.0
2009-08-12,22.970840454101562,1353000.0
2009-08-13,22.8796443939209,1115600.0
2009-08-14,22.642547607421875,983700.0
2009-08-17,21.867433547973633,1517500.0
2009-08-18,22.150127410888672,1641000.0
2009-08-19,22.551361083984375,1182900.0
2009-08-20,22.9434814453125,1641400.0
2009-08-21,22.469289779663086,2174300.0
2009-08-24,22.387222290039062,1281200.0
2009-08-25,22.396337509155273,1123600.0
2009-08-26,22.49664306640625,1203900.0
2009-08-27,22.469289779663086,951000.0
2009-08-28,22.85228729248047,1218500.0
2009-08-31,21.985980987548828,1591300.0
2009-09-01,21.40236473083496,1221400.0
2009-09-02,21.365888595581055,1142300.0
2009-09-03,22.013338088989258,1838600.0
2009-09-04,22.378103256225586,1000800.0
2009-09-08,22.80669403076172,1074700.0
2009-09-09,22.824934005737305,612800.0
2009-09-10,23.33559799194336,998700.0
2009-09-11,24.110715866088867,2693700.0
2009-09-14,23.481502532958984,3955300.0
2009-09-15,24.074237823486328,2061500.0
2009-09-16,24.831117630004883,2272200.0
2009-09-17,24.922304153442383,2085200.0
2009-09-18,25.268836975097656,1482200.0
2009-09-21,25.505924224853516,1739500.0
2009-09-22,25.469449996948242,1801300.0
2009-09-23,24.803760528564453,1675700.0
2009-09-24,24.393407821655273,1196600.0
2009-09-25,24.712568283081055,1676500.0
2009-09-28,25.077333450317383,831500.0
2009-09-29,25.04997444152832,1039500.0
2009-09-30,24.64874267578125,2362600.0
2009-10-01,24.010404586791992,2221500.0
2009-10-02,23.65476417541504,2094800.0
2009-10-05,24.55755043029785,2170500.0
2009-10-06,25.25058364868164,1789600.0
2009-10-07,25.21411895751953,1233100.0
2009-10-08,25.259716033935547,1721100.0
2009-10-09,25.697425842285156,1432900.0
2009-10-12,25.989233016967773,1088300.0
2009-10-13,25.916282653808594,684800.0
2009-10-14,26.84642219543457,2102500.0
2009-10-15,28.58816146850586,6324700.0
2009-10-16,28.396665573120117,1626400.0
2009-10-19,28.697589874267578,1619900.0
2009-10-20,28.34194564819336,3164300.0
2009-10-21,27.785680770874023,2044000.0
2009-10-22,28.214284896850586,2100500.0
2009-10-23,27.885997772216797,1632500.0
2009-10-26,27.68537712097168,1543100.0
2009-10-27,26.773473739624023,2353600.0
2009-10-28,26.317522048950195,1965500.0
2009-10-29,26.791709899902344,1846900.0
2009-10-30,25.72478675842285,2719700.0
2009-11-02,25.496810913085938,2236500.0
2009-11-03,26.417827606201172,1963100.0
2009-11-04,26.08043098449707,2212700.0
2009-11-05,26.901138305664062,1154900.0
2009-11-06,27.293254852294922,1156800.0
2009-11-09,28.387540817260742,1955200.0
2009-11-10,28.433135986328125,1717800.0
2009-11-11,29.299442291259766,2356200.0
2009-11-12,28.232521057128906,1441600.0
2009-11-13,28.597274780273438,1046400.0
2009-11-16,29.171781539916992,1300500.0
2009-11-17,29.718917846679688,1064100.0
2009-11-18,29.208250045776367,1697700.0
2009-11-19,28.907323837280273,1313600.0
2009-11-20,28.93467903137207,1125300.0
2009-11-23,28.86172866821289,1132500.0
2009-11-24,28.478734970092773,2234400.0
2009-11-25,28.624637603759766,2082700.0
2009-11-27,28.843490600585938,593500.0
2009-11-30,29.21737289428711,1223800.0
2009-12-01,29.746265411376953,1766400.0
2009-12-02,30.056324005126953,1649100.0
2009-12-03,29.673324584960938,1380000.0
2009-12-04,29.9742431640625,953900.0
2009-12-07,29.682443618774414,880500.0
2009-12-08,29.135305404663086,1095400.0
2009-12-09,29.07146453857422,1273400.0
2009-12-10,29.901302337646484,942900.0
2009-12-11,30.001611709594727,533800.0
2009-12-14,30.183982849121094,692200.0
2009-12-15,30.138397216796875,780700.0
2009-12-16,30.557872772216797,889900.0
2009-12-17,30.712892532348633,720300.0
2009-12-18,31.06854248046875,920100.0
2009-12-21,31.579198837280273,1476000.0
2009-12-22,32.372554779052734,1508700.0
2009-12-23,31.633922576904297,1337400.0
2009-12-24,32.02604293823242,353300.0
2009-12-28,31.880126953125,663100.0
2009-12-29,31.506242752075195,1092800.0
2009-12-30,31.296510696411133,968200.0
2009-12-31,31.150598526000977,775000.0
2010-01-04,32.07163619995117,1885400.0
2010-01-05,32.837623596191406,1851100.0
2010-01-06,32.7737922668457,2036000.0
2010-01-07,33.23887252807617,3020800.0
2010-01-08,33.27533721923828,1032800.0
2010-01-11,33.503318786621094,1193000.0
2010-01-12,32.217533111572266,1115600.0
2010-01-13,33.08384323120117,1149000.0
2010-01-14,33.20238494873047,1356300.0
2010-01-15,33.421260833740234,1511900.0
2010-01-19,33.4850959777832,949500.0
2010-01-20,33.11119079589844,1161500.0
2010-01-21,32.947059631347656,2047400.0
2010-01-22,31.460668563842773,1692900.0
2010-01-25,31.633922576904297,2270800.0
2010-01-26,31.23267936706543,1852200.0
2010-01-27,31.52448272705078,1674000.0
2010-01-28,30.722007751464844,1469900.0
2010-01-29,30.174875259399414,1883100.0
2010-02-01,31.059412002563477,1451900.0
2010-02-02,31.059412002563477,1042900.0
2010-02-03,30.238698959350586,1448800.0
2010-02-04,29.016754150390625,2081500.0
2010-02-05,28.989397048950195,2307500.0
2010-02-08,29.345041275024414,1272800.0
2010-02-09,30.065441131591797,1924800.0
2010-02-10,30.311656951904297,1427500.0
2010-02-11,30.831439971923828,1721500.0
2010-02-12,30.959104537963867,1793700.0
2010-02-16,31.30562400817871,1147200.0
2010-02-17,31.30562400817871,1138700.0
2010-02-18,31.415054321289062,1981300.0
2010-02-19,31.71599006652832,1170200.0
2010-02-22,31.205324172973633,1840700.0
2010-02-23,31.35122299194336,1796700.0
2010-02-24,31.816307067871094,1749200.0
2010-02-25,32.317848205566406,2427200.0
2010-02-26,32.24488830566406,2250400.0
2010-03-01,32.409034729003906,1255800.0
2010-03-02,32.29961013793945,1701300.0
2010-03-03,32.509342193603516,846800.0
2010-03-04,32.56405258178711,2482900.0
2010-03-05,32.57317352294922,2223400.0
2010-03-08,32.23576736450195,1618000.0
2010-03-09,33.06560134887695,1537500.0
2010-03-10,33.43946838378906,1059100.0
2010-03-11,33.27533721923828,867000.0
2010-03-12,33.06560134887695,1166300.0
2010-03-15,32.47287368774414,2188400.0
2010-03-16,33.175025939941406,1413900.0
2010-03-17,33.13855743408203,742700.0
2010-03-18,32.73731994628906,1220800.0
2010-03-19,32.16281509399414,1021600.0
2010-03-22,32.63701248168945,980300.0
2010-03-23,33.10207748413086,1558300.0
2010-03-24,32.54581832885742,1028400.0
2010-03-25,31.743350982666016,2673900.0
2010-03-26,31.761585235595703,1906900.0
2010-03-29,32.49110412597656,1831200.0
2010-03-30,33.056495666503906,1360100.0
2010-03-31,32.89234924316406,976200.0
2010-04-01,33.39388656616211,1308600.0
2010-04-05,33.71304702758789,1217300.0
2010-04-06,33.39388656616211,893100.0
2010-04-07,32.67348098754883,1287800.0
2010-04-08,32.764678955078125,1330600.0
2010-04-09,33.047359466552734,1262300.0
2010-04-12,32.9835319519043,2550800.0
2010-04-13,32.41814041137695,2011800.0
2010-04-14,32.27223205566406,1712000.0
2010-04-15,32.00780487060547,1768400.0
2010-04-16,31.752464294433594,1045900.0
2010-04-19,31.23267936706543,2294800.0
2010-04-20,32.080753326416016,1953800.0
2010-04-21,32.23576736450195,1809500.0
2010-04-22,32.63701248168945,1521300.0
2010-04-23,32.609657287597656,1910000.0
2010-04-26,32.64613723754883,1363100.0
2010-04-27,32.10809326171875,1671800.0
2010-04-28,31.688629150390625,1371100.0
2010-04-29,32.372554779052734,1178800.0
2010-04-30,32.226654052734375,935300.0
2010-05-03,32.64613723754883,1104700.0
2010-05-04,31.67039680480957,2252100.0
2010-05-05,30.712892532348633,2321800.0
2010-05-06,29.919530868530273,3703000.0
2010-05-07,29.737150192260742,3689700.0
2010-05-10,30.8040828704834,3321300.0
2010-05-11,30.475797653198242,2168400.0
2010-05-12,31.105010986328125,1489700.0
2010-05-13,31.269149780273438,1107400.0
2010-05-14,30.98646354675293,1583800.0
2010-05-17,30.977352142333984,2018600.0
2010-05-18,30.6217098236084,1088400.0
2010-05-19,29.946895599365234,1845900.0
2010-05-20,28.761417388916016,2588300.0
2010-05-21,29.208250045776367,1745200.0
2010-05-24,28.870847702026367,1000800.0
2010-05-25,29.08970832824707,2433900.0
2010-05-26,29.48183250427246,4373200.0
2010-05-27,30.767606735229492,1396000.0
2010-05-28,30.12015724182129,1299300.0
2010-06-01,29.27208709716797,1231900.0
2010-06-02,30.256938934326172,2321900.0
2010-06-03,31.278276443481445,2504200.0
2010-06-04,29.901302337646484,2374300.0
2010-06-07,29.582134246826172,1256700.0
2010-06-08,29.417991638183594,1474700.0
2010-06-09,29.363277435302734,1038900.0
2010-06-10,30.977352142333984,1451300.0
2010-06-11,31.880126953125,1639900.0
2010-06-14,31.551851272583008,1116400.0
2010-06-15,32.454627990722656,1354800.0
2010-06-16,32.25401306152344,986100.0
2010-06-17,31.980438232421875,1122700.0
2010-06-18,32.217533111572266,2228800.0
2010-06-21,32.044273376464844,1306400.0
2010-06-22,31.579198837280273,1433200.0
2010-06-23,31.980438232421875,1399700.0
2010-06-24,31.387704849243164,1457800.0
2010-06-25,31.697744369506836,969000.0
2010-06-28,32.089866638183594,1251400.0
2010-06-29,31.059412002563477,1327300.0
2010-06-30,31.01382064819336,1067600.0
2010-07-01,30.503154754638672,1834800.0
2010-07-02,30.302536010742188,581400.0
2010-07-06,30.548749923706055,1936300.0
2010-07-07,32.02604293823242,1800900.0
2010-07-08,32.52757263183594,1523700.0
2010-07-09,32.23576736450195,982600.0
2010-07-12,31.39681625366211,1015800.0
2010-07-13,31.7889404296875,901800.0
2010-07-14,31.980438232421875,1312800.0
2010-07-15,31.83453369140625,1267200.0
2010-07-16,31.01382064819336,1323300.0
2010-07-19,31.278276443481445,695700.0
2010-07-20,32.73731994628906,3813800.0
2010-07-21,32.35432052612305,1193500.0
2010-07-22,32.65525817871094,1353600.0
2010-07-23,33.21150207519531,1052100.0
2010-07-26,32.864990234375,857500.0
2010-07-27,32.372554779052734,1362100.0
2010-07-28,32.3999137878418,703100.0
2010-07-29,32.226654052734375,1136800.0
2010-07-30,32.99264144897461,1171600.0
2010-08-02,33.8772087097168,1772000.0
2010-08-03,32.855865478515625,2004300.0
2010-08-04,33.44859313964844,1399600.0
2010-08-05,33.375648498535156,1353200.0
2010-08-06,32.81938934326172,1028100.0
2010-08-09,33.10207748413086,604200.0
2010-08-10,33.193275451660156,824400.0
2010-08-11,32.38166809082031,1293000.0
2010-08-12,32.664363861083984,998200.0
2010-08-13,32.82851028442383,768300.0
2010-08-16,33.00176239013672,644900.0
2010-08-17,33.694828033447266,1399000.0
2010-08-18,33.731292724609375,1208400.0
2010-08-19,33.330055236816406,597100.0
2010-08-20,33.494205474853516,660100.0
2010-08-23,33.539791107177734,736400.0
2010-08-24,33.06560134887695,1379000.0
2010-08-25,33.503318786621094,1409100.0
2010-08-26,33.32093811035156,1083600.0
2010-08-27,33.375648498535156,1240500.0
2010-08-30,32.54581832885742,928800.0
2010-08-31,32.64613723754883,1120800.0
2010-09-01,32.82851028442383,1496800.0
2010-09-02,33.019996643066406,1188700.0
2010-09-03,33.64009475708008,1126600.0
2010-09-07,33.9957389831543,874400.0
2010-09-08,34.42434310913086,1678400.0
2010-09-09,34.26019287109375,1022100.0
2010-09-10,34.77998352050781,1519700.0
2010-09-13,35.181217193603516,1117000.0
2010-09-14,34.83469772338867,936700.0
2010-09-15,35.05354690551758,647000.0
2010-09-16,34.52465057373047,684200.0
2010-09-17,34.789093017578125,533100.0
2010-09-20,35.545982360839844,925900.0
2010-09-21,35.874263763427734,1309000.0
2010-09-22,35.454795837402344,1527000.0
2010-09-23,35.500389099121094,762800.0
2010-09-24,36.33934020996094,953400.0
2010-09-27,35.928985595703125,887600.0
2010-09-28,36.421417236328125,928900.0
2010-09-29,36.749691009521484,1289300.0
2010-09-30,36.749691009521484,1333900.0
2010-10-01,36.731449127197266,2175100.0
2010-10-04,36.67673873901367,928800.0
2010-10-05,37.17829132080078,1356100.0
2010-10-06,36.95942687988281,1135900.0
2010-10-07,37.21476745605469,1181800.0
2010-10-08,37.35154724121094,1698700.0
2010-10-11,37.27859878540039,1465100.0
2010-10-12,37.132694244384766,891700.0
2010-10-13,37.32418441772461,1176800.0
2010-10-14,36.968544006347656,1259600.0
2010-10-15,36.37580871582031,1186400.0
2010-10-18,36.011051177978516,577200.0
2010-10-19,35.67363739013672,740400.0
2010-10-20,36.020164489746094,1432600.0
2010-10-21,35.52773666381836,1559700.0
2010-10-22,35.56421661376953,1090800.0
2010-10-25,35.79218673706055,774400.0
2010-10-26,36.00192642211914,932000.0
2010-10-27,35.74659729003906,1951200.0
2010-10-28,36.512596130371094,3076700.0
2010-10-29,35.80129623413086,1676100.0
2010-11-01,35.928985595703125,995100.0
2010-11-02,35.96544647216797,1845100.0
2010-11-03,35.79218673706055,852900.0
2010-11-04,35.6918830871582,1438300.0
2010-11-05,35.044429779052734,1978800.0
2010-11-08,34.670562744140625,1685900.0
2010-11-09,34.460811614990234,1285300.0
2010-11-10,34.81644821166992,1362300.0
2010-11-11,34.77085494995117,948100.0
2010-11-12,34.20548629760742,957000.0
2010-11-15,33.749534606933594,1453700.0
2010-11-16,33.61273956298828,1620600.0
2010-11-17,33.95014953613281,1246500.0
2010-11-18,34.58848190307617,1216100.0
2010-11-19,35.026187896728516,1146900.0
2010-11-22,34.72526168823242,1424100.0
2010-11-23,34.661441802978516,1600500.0
2010-11-24,35.381832122802734,989600.0
2010-11-26,35.50949478149414,339600.0
2010-11-29,35.37272262573242,3343200.0
2010-11-30,35.701011657714844,1942300.0
2010-12-01,36.44876480102539,2809800.0
2010-12-02,36.640254974365234,1045700.0
2010-12-03,36.34846878051758,717500.0
2010-12-06,36.52170944213867,633900.0
2010-12-07,36.41228485107422,779200.0
2010-12-08,36.120479583740234,657600.0
2010-12-09,36.25725555419922,944800.0
2010-12-10,36.29374313354492,606000.0
2010-12-13,36.29374313354492,564800.0
2010-12-14,36.29374313354492,1064700.0
2010-12-15,35.856021881103516,678000.0
2010-12-16,35.79218673706055,494700.0
2010-12-17,35.710121154785156,653300.0
2010-12-20,36.1843147277832,1047000.0
2010-12-21,36.9138298034668,1464700.0
2010-12-22,36.72233200073242,352200.0
2010-12-23,36.57642364501953,519500.0
2010-12-27,36.8499870300293,401700.0
2010-12-28,36.9503173828125,423900.0
2010-12-29,37.077980041503906,249800.0
2010-12-30,37.169166564941406,357500.0
2010-12-31,37.333316802978516,365900.0
2011-01-03,37.29683303833008,1674000.0
2011-01-04,37.4062614440918,2068300.0
2011-01-05,37.16006088256836,916800.0
2011-01-06,36.19343185424805,2344300.0
2011-01-07,36.16608428955078,746700.0
2011-01-10,36.074886322021484,1263300.0
2011-01-11,36.13871765136719,1136000.0
2011-01-12,36.64937210083008,1370800.0
2011-01-13,36.39405822753906,1535000.0
2011-01-14,35.79218673706055,1278800.0
2011-01-18,36.37580871582031,1017700.0
2011-01-19,35.819541931152344,1318100.0
2011-01-20,36.275508880615234,1689400.0
2011-01-21,36.220794677734375,683600.0
2011-01-24,36.72233200073242,1221400.0
2011-01-25,37.05973815917969,1062200.0
2011-01-26,37.287715911865234,1454400.0
2011-01-27,37.397151947021484,1601500.0
2011-01-28,37.34242248535156,911500.0
2011-01-31,37.20563888549805,860000.0
2011-02-01,38.09019088745117,1497400.0
2011-02-02,38.43670654296875,838900.0
2011-02-03,39.11152267456055,2293900.0
2011-02-04,39.16623306274414,1085500.0
2011-02-07,38.93825912475586,1292500.0
2011-02-08,39.567481994628906,902900.0
2011-02-09,39.61307144165039,441400.0
2011-02-10,39.886634826660156,819800.0
2011-02-11,40.36083221435547,570700.0
2011-02-14,40.16020965576172,501000.0
2011-02-15,40.13284683227539,498300.0
2011-02-16,40.31522750854492,1704700.0
2011-02-17,39.81368637084961,1422200.0
2011-02-18,39.63130569458008,919700.0
2011-02-22,38.965606689453125,1236600.0
2011-02-23,38.46406936645508,1353800.0
2011-02-24,38.70115280151367,4147300.0
2011-02-25,38.637325286865234,1423400.0
2011-02-28,38.38199996948242,1437200.0
2011-03-01,38.0537109375,1055600.0
2011-03-02,38.108421325683594,1568900.0
2011-03-03,38.2999267578125,1325100.0
2011-03-04,38.43670654296875,1149900.0
2011-03-07,38.226985931396484,1140000.0
2011-03-08,37.95341491699219,2638900.0
2011-03-09,37.853084564208984,1278000.0
2011-03-10,37.096214294433594,1094800.0
2011-03-11,37.35154724121094,852200.0
2011-03-14,37.08708953857422,629800.0
2011-03-15,36.77704620361328,2118300.0
2011-03-16,37.29683303833008,1998400.0
2011-03-17,37.22388458251953,668500.0
2011-03-18,37.02326202392578,1170100.0
2011-03-21,33.76777267456055,9386100.0
2011-03-22,33.685699462890625,5081500.0
2011-03-23,34.415225982666016,2603000.0
2011-03-24,34.6796760559082,4388700.0
2011-03-25,35.0170783996582,1285200.0
2011-03-28,35.35447311401367,2033800.0
2011-03-29,35.80129623413086,2208900.0
2011-03-30,36.1843147277832,1651900.0
2011-03-31,36.1843147277832,1945500.0
2011-04-01,36.457881927490234,1662500.0
2011-04-04,36.23902130126953,1013700.0
2011-04-05,35.67363739013672,1610700.0
2011-04-06,35.582454681396484,848500.0
2011-04-07,35.582454681396484,945100.0
2011-04-08,35.55510330200195,782700.0
2011-04-11,35.345359802246094,1916900.0
2011-04-12,35.15385818481445,641300.0
2011-04-13,35.545982360839844,1034000.0
2011-04-14,35.37272262573242,990200.0
2011-04-15,35.701011657714844,827400.0
2011-04-18,35.22681427001953,1033000.0
2011-04-19,35.545982360839844,1241300.0
2011-04-20,35.6918830871582,1716400.0
2011-04-21,36.72233200073242,1218900.0
2011-04-25,36.640254974365234,373600.0
2011-04-26,36.47611618041992,607000.0
2011-04-27,36.603790283203125,1111000.0
2011-04-28,36.34846878051758,731200.0
2011-04-29,35.22681427001953,2025100.0
2011-05-02,34.62495803833008,1755200.0
2011-05-03,34.652320861816406,2200000.0
2011-05-04,34.433448791503906,1323700.0
2011-05-05,34.72526168823242,1600000.0
2011-05-06,34.97147750854492,844100.0
2011-05-09,35.46390914916992,1239200.0
2011-05-10,35.901615142822266,813800.0
2011-05-11,35.73746871948242,1000000.0
2011-05-12,35.701011657714844,839000.0
2011-05-13,35.254173278808594,1332900.0
2011-05-16,35.299766540527344,731700.0
2011-05-17,35.08090591430664,1576800.0
2011-05-18,35.55510330200195,867000.0
2011-05-19,35.545982360839844,672400.0
2011-05-20,35.84690856933594,926700.0
2011-05-23,35.84690856933594,1700000.0
2011-05-24,35.865142822265625,815700.0
2011-05-25,35.74659729003906,710400.0
2011-05-26,35.88338851928711,939500.0
2011-05-27,35.79218673706055,1230900.0
2011-05-31,35.82867431640625,1545800.0
2011-06-01,35.29065704345703,1226600.0
2011-06-02,35.40007019042969,1132700.0
2011-06-03,34.843807220458984,1300000.0
2011-06-06,34.05046463012695,1295800.0
2011-06-07,34.29667282104492,1114900.0
2011-06-08,33.81336212158203,768800.0
2011-06-09,33.8772087097168,796500.0
2011-06-10,33.558021545410156,886300.0
2011-06-13,33.86807632446289,3853300.0
2011-06-14,33.64009475708008,2299100.0
2011-06-15,33.36653137207031,1227400.0
2011-06-16,33.539791107177734,1610200.0
2011-06-17,33.44859313964844,972500.0
2011-06-20,33.72216796875,730400.0
2011-06-21,34.28755187988281,1253500.0
2011-06-22,34.843807220458984,1474200.0
2011-06-23,35.135623931884766,1870100.0
2011-06-24,34.96235656738281,1341600.0
2011-06-27,35.10826873779297,774400.0
2011-06-28,34.843807220458984,840100.0
2011-06-29,34.9167594909668,1662200.0
2011-06-30,34.82558059692383,1549400.0
2011-07-01,35.865142822265625,2035300.0
2011-07-05,35.6280517578125,941800.0
2011-07-06,35.99281311035156,1026800.0
2011-07-07,36.36669158935547,1409200.0
2011-07-08,36.120479583740234,561900.0
2011-07-11,35.74659729003906,760400.0
2011-07-12,35.928985595703125,781400.0
2011-07-13,35.72835922241211,1135300.0
2011-07-14,34.707027435302734,1580100.0
2011-07-15,34.86205291748047,920300.0
2011-07-18,33.986629486083984,1261500.0
2011-07-19,34.16899490356445,833400.0
2011-07-20,34.57024002075195,903300.0
2011-07-21,34.81644821166992,785300.0
2011-07-22,34.92588806152344,559900.0
2011-07-25,34.460811614990234,601300.0
2011-07-26,34.74350357055664,1026100.0
2011-07-27,34.132537841796875,1168100.0
2011-07-28,34.72526168823242,2511500.0
2011-07-29,34.807334899902344,1183600.0
2011-08-01,35.0170783996582,1585000.0
2011-08-02,34.09605026245117,2486000.0
2011-08-03,35.5368537902832,2377000.0
2011-08-04,33.10207748413086,3832300.0
2011-08-05,32.44551086425781,2753000.0
2011-08-08,29.92865562438965,3041300.0
2011-08-09,30.98646354675293,4200300.0
2011-08-10,30.065441131591797,3304900.0
2011-08-11,30.758487701416016,3281700.0
2011-08-12,31.64303207397461,2181800.0
2011-08-15,32.59141540527344,1456700.0
2011-08-16,32.518455505371094,1348900.0
2011-08-17,32.79203414916992,1784200.0
2011-08-18,31.369464874267578,2236800.0
2011-08-19,30.98646354675293,1202800.0
2011-08-22,30.90439224243164,1459900.0
2011-08-23,32.500221252441406,1880400.0
2011-08-24,32.810272216796875,1780800.0
2011-08-25,32.02604293823242,1094300.0
2011-08-26,32.47287368774414,727300.0
2011-08-29,33.15679168701172,700200.0
2011-08-30,33.08384323120117,1278200.0
2011-08-31,34.460811614990234,3904500.0
2011-09-01,35.03530502319336,3165600.0
2011-09-02,34.105167388916016,1285100.0
2011-09-06,33.786006927490234,1180400.0
2011-09-07,34.52465057373047,1719300.0
2011-09-08,34.15989303588867,1204200.0
2011-09-09,33.41212844848633,822300.0
2011-09-12,32.89234924316406,1120800.0
2011-09-13,33.36653137207031,776400.0
2011-09-14,33.749534606933594,1523600.0
2011-09-15,34.314910888671875,1253700.0
2011-09-16,34.04133987426758,1140000.0
2011-09-19,34.670562744140625,1350700.0
2011-09-20,34.37874221801758,962500.0
2011-09-21,34.086936950683594,1439900.0
2011-09-22,33.11119079589844,1171100.0
2011-09-23,32.39079666137695,1943100.0
2011-09-26,32.53670120239258,795300.0
2011-09-27,32.9835319519043,958200.0
2011-09-28,32.30872344970703,1395400.0
2011-09-29,32.12633514404297,1197000.0
2011-09-30,31.44240951538086,1585300.0
2011-10-03,30.439329147338867,1981800.0
2011-10-04,30.51226806640625,2446900.0
2011-10-05,31.451541900634766,1759600.0
2011-10-06,32.09899139404297,922600.0
2011-10-07,31.91660499572754,1786700.0
2011-10-10,32.19929504394531,835400.0
2011-10-11,32.035152435302734,830100.0
2011-10-12,32.947059631347656,2885000.0
2011-10-13,33.26621627807617,910800.0
2011-10-14,34.02310562133789,1213300.0
2011-10-17,33.95927810668945,1394600.0
2011-10-18,34.09605026245117,1097900.0
2011-10-19,34.34227752685547,1506300.0
2011-10-20,34.506404876708984,1389300.0
2011-10-21,35.27239990234375,1452800.0
2011-10-24,35.710121154785156,1072000.0
2011-10-25,35.00796127319336,834000.0
2011-10-26,34.68878936767578,901100.0
2011-10-27,35.5368537902832,1256900.0
2011-10-28,35.22681427001953,747800.0
2011-10-31,34.734375,1133900.0
2011-11-01,35.181217193603516,2627700.0
2011-11-02,35.52773666381836,1312900.0
2011-11-03,36.63114929199219,1913700.0
2011-11-04,36.12959671020508,1467700.0
2011-11-07,36.00192642211914,713200.0
2011-11-08,36.00192642211914,1237100.0
2011-11-09,35.26329040527344,952000.0
2011-11-10,35.0170783996582,1014500.0
2011-11-11,36.156951904296875,1475000.0
2011-11-14,35.919864654541016,772900.0
2011-11-15,35.9380989074707,1432400.0
2011-11-16,35.919864654541016,1183100.0
2011-11-17,35.84690856933594,1084300.0
2011-11-18,35.46390914916992,1161700.0
2011-11-21,35.126502990722656,1001700.0
2011-11-22,34.68878936767578,1842100.0
2011-11-23,34.105167388916016,855700.0
2011-11-25,34.07781219482422,385900.0
2011-11-28,35.36360168457031,1011600.0
2011-11-29,36.020164489746094,1034800.0
2011-11-30,37.287715911865234,1435300.0
2011-12-01,37.22388458251953,728700.0
2011-12-02,37.69807052612305,1056400.0
2011-12-05,37.60688400268555,903800.0
2011-12-06,37.82573699951172,1591800.0
2011-12-07,37.4974479675293,648800.0
2011-12-08,36.89559555053711,551600.0
2011-12-09,37.01414489746094,428500.0
2011-12-12,36.88648223876953,416000.0
2011-12-13,36.68586349487305,917900.0
2011-12-14,36.37580871582031,654500.0
2011-12-15,36.49435806274414,734300.0
2011-12-16,36.43964385986328,1253100.0
2011-12-19,36.084007263183594,559700.0
2011-12-20,37.907798767089844,1610900.0
2011-12-21,38.527896881103516,1680200.0
2011-12-22,38.5187873840332,843000.0
2011-12-23,38.70115280151367,339400.0
2011-12-27,39.16623306274414,649000.0
2011-12-28,38.746768951416016,600900.0
2011-12-29,39.13886642456055,901800.0
2011-12-30,39.17534637451172,556000.0
2012-01-03,39.303016662597656,1435300.0
2012-01-04,39.357730865478516,1344100.0
2012-01-05,39.330379486083984,790200.0
2012-01-06,39.34861755371094,645700.0
2012-01-09,39.722496032714844,540400.0
2012-01-10,40.35170364379883,1467300.0
2012-01-11,40.506736755371094,929900.0
2012-01-12,40.780303955078125,1296800.0
2012-01-13,40.63439178466797,1619500.0
2012-01-17,40.63439178466797,604400.0
2012-01-18,41.090354919433594,987600.0
2012-01-19,41.39128494262695,983300.0
2012-01-20,41.008277893066406,1152800.0
2012-01-23,41.04475402832031,687500.0
2012-01-24,40.789424896240234,1073300.0
2012-01-25,41.108585357666016,1609000.0
2012-01-26,41.0356330871582,1060900.0
2012-01-27,41.78339385986328,2213700.0
2012-01-30,41.646610260009766,852700.0
2012-01-31,41.692222595214844,892800.0
2012-02-01,41.66484832763672,1354300.0
2012-02-02,41.53717803955078,1948300.0
2012-02-03,41.555416107177734,1886000.0
2012-02-06,41.445987701416016,876600.0
2012-02-07,41.3092041015625,590900.0
2012-02-08,41.25448989868164,843100.0
2012-02-09,41.464229583740234,1179300.0
2012-02-10,41.208900451660156,460300.0
2012-02-13,41.47334671020508,717800.0
2012-02-14,41.39128494262695,529400.0
2012-02-15,41.464229583740234,726300.0
2012-02-16,42.184635162353516,1332900.0
2012-02-17,42.193756103515625,512600.0
2012-02-21,42.877681732177734,1634300.0
2012-02-22,42.63147735595703,1163700.0
2012-02-23,42.822959899902344,1960500.0
2012-02-24,42.713531494140625,1252700.0
2012-02-27,42.777374267578125,1635100.0
2012-02-28,43.406585693359375,1941600.0
2012-02-29,42.79560470581055,1967500.0
2012-03-01,42.90503692626953,949300.0
2012-03-02,42.95063400268555,994900.0
2012-03-05,43.406585693359375,1770700.0
2012-03-06,43.333621978759766,1299300.0
2012-03-07,43.826053619384766,2223500.0
2012-03-08,44.801788330078125,5334700.0
2012-03-09,45.294219970703125,2070400.0
2012-03-12,45.24862289428711,1031700.0
2012-03-13,45.64986801147461,2353300.0
2012-03-14,45.339805603027344,1455200.0
2012-03-15,45.2759895324707,920300.0
2012-03-16,45.54043960571289,1503500.0
2012-03-19,45.7592887878418,1053200.0
2012-03-20,45.73194122314453,1353500.0
2012-03-21,45.941680908203125,1491400.0
2012-03-22,46.24259567260742,2539800.0
2012-03-23,45.97814178466797,1232100.0
2012-03-26,46.251712799072266,604800.0
2012-03-27,46.233482360839844,1101900.0
2012-03-28,46.041988372802734,2016800.0
2012-03-29,46.124053955078125,1075100.0
2012-03-30,46.33379364013672,1081500.0
2012-04-02,46.424991607666016,1190000.0
2012-04-03,45.66810607910156,3719300.0
2012-04-04,45.31245040893555,1735900.0
2012-04-05,46.023746490478516,3264300.0
2012-04-09,46.41585922241211,2137000.0
2012-04-10,45.70457458496094,1903500.0
2012-04-11,47.01772689819336,3669400.0
2012-04-12,47.37336730957031,1049100.0
2012-04-13,47.54662322998047,1207900.0
2012-04-16,47.656044006347656,1618100.0
2012-04-17,47.966094970703125,1334700.0
2012-04-18,47.455421447753906,1888000.0
2012-04-19,47.291297912597656,1613800.0
2012-04-20,47.40071487426758,944900.0
2012-04-23,47.054195404052734,804000.0
2012-04-24,46.99036407470703,1426900.0
2012-04-25,47.865787506103516,2336800.0
2012-04-26,48.650028228759766,2346500.0
2012-04-27,48.896236419677734,1064100.0
2012-04-30,49.051265716552734,3111000.0
2012-05-01,49.54369354248047,4051900.0
2012-05-02,49.72606658935547,1991900.0
2012-05-03,49.516326904296875,1566600.0
2012-05-04,49.07861328125,1055200.0
2012-05-07,49.580169677734375,1179500.0
2012-05-08,48.87799835205078,1727500.0
2012-05-09,48.54059982299805,1883000.0
2012-05-10,48.35821533203125,1552400.0
2012-05-11,48.37644958496094,1044700.0
2012-05-14,47.336891174316406,1762500.0
2012-05-15,47.53750228881836,1489100.0
2012-05-16,47.18185043334961,983400.0
2012-05-17,45.91431427001953,1406000.0
2012-05-18,45.48572540283203,1831600.0
2012-05-21,45.969024658203125,1618500.0
2012-05-22,46.27907180786133,1146500.0
2012-05-23,46.798858642578125,1751100.0
2012-05-24,47.71076583862305,2406700.0
2012-05-25,47.6651611328125,891600.0
2012-05-29,47.78371810913086,900300.0
2012-05-30,47.355125427246094,1402400.0
2012-05-31,47.37336730957031,1144700.0
2012-06-01,46.80797576904297,1470900.0
2012-06-04,46.725914001464844,831500.0
2012-06-05,46.86268997192383,886900.0
2012-06-06,47.829322814941406,864400.0
2012-06-07,47.829322814941406,925300.0
2012-06-08,48.01170349121094,1167100.0
2012-06-11,47.61045455932617,1105400.0
2012-06-12,48.27614974975586,1530600.0
2012-06-13,48.44940948486328,858700.0
2012-06-14,48.85064697265625,674200.0
2012-06-15,48.9874267578125,1364800.0
2012-06-18,49.87197494506836,1591300.0
2012-06-19,50.29145431518555,2440300.0
2012-06-20,49.881099700927734,939600.0
2012-06-21,49.24276351928711,927200.0
2012-06-22,49.92668914794922,1610300.0
2012-06-25,50.73828887939453,2505600.0
2012-06-26,52.115257263183594,5007900.0
2012-06-27,52.388824462890625,5283600.0
2012-06-28,51.869049072265625,2510000.0
2012-06-29,52.02405548095703,1442400.0
2012-07-02,52.698883056640625,1616300.0
2012-07-03,53.063636779785156,828300.0
2012-07-05,52.80830001831055,493400.0
2012-07-06,52.85390090942383,669100.0
2012-07-09,53.28248596191406,1386600.0
2012-07-10,52.598567962646484,1338100.0
2012-07-11,51.76872634887695,2195600.0
2012-07-12,51.87815475463867,1333800.0
2012-07-13,51.89640808105469,2089400.0
2012-07-16,52.02405548095703,1022800.0
2012-07-17,52.34323501586914,1413000.0
2012-07-18,51.6319580078125,1681700.0
2012-07-19,51.522518157958984,1176100.0
2012-07-20,51.331024169921875,812700.0
2012-07-23,51.34014129638672,1052000.0
2012-07-24,51.20335388183594,1463500.0
2012-07-25,51.376609802246094,1046600.0
2012-07-26,52.79006576538086,2538700.0
2012-07-27,53.64725875854492,2049300.0
2012-07-30,54.176151275634766,1045900.0
2012-07-31,53.85700225830078,2110600.0
2012-08-01,53.24599838256836,1124200.0
2012-08-02,53.30984878540039,1017900.0
2012-08-03,53.97553634643555,2229300.0
2012-08-06,54.71417999267578,1993200.0
2012-08-07,54.77800750732422,1787800.0
2012-08-08,54.759788513183594,1825300.0
2012-08-09,54.97863006591797,1293900.0
2012-08-10,55.08806610107422,1345200.0
2012-08-13,55.078948974609375,773800.0
2012-08-14,55.27955627441406,1175100.0
2012-08-15,56.02732467651367,1504900.0
2012-08-16,55.19749069213867,2439700.0
2012-08-17,55.17925262451172,652000.0
2012-08-20,55.224849700927734,1501000.0
2012-08-21,54.477088928222656,1927600.0
2012-08-22,54.37678146362305,631700.0
2012-08-23,54.084964752197266,981700.0
2012-08-24,54.42237854003906,855200.0
2012-08-27,54.613868713378906,689200.0
2012-08-28,54.6685905456543,2134500.0
2012-08-29,54.759788513183594,946100.0
2012-08-30,54.79624938964844,1196700.0
2012-08-31,54.51355743408203,1389900.0
2012-09-04,54.68682861328125,912500.0
2012-09-05,54.89656066894531,1895900.0
2012-09-06,55.33427047729492,864000.0
2012-09-07,54.75065612792969,1135100.0
2012-09-10,54.55916213989258,948100.0
2012-09-11,54.75065612792969,1037000.0
2012-09-12,54.20351791381836,1426700.0
2012-09-13,54.76888656616211,999000.0
2012-09-14,54.29471206665039,1012800.0
2012-09-17,54.6412353515625,1046800.0
2012-09-18,55.09718322753906,1179000.0
2012-09-19,55.644317626953125,1456600.0
2012-09-20,55.57136154174805,760700.0
2012-09-21,56.08203125,1893100.0
2012-09-24,56.11851501464844,932000.0
2012-09-25,55.82669448852539,785700.0
2012-09-26,56.09114456176758,789300.0
2012-09-27,56.656532287597656,2445300.0
2012-09-28,57.358707427978516,1894700.0
2012-10-01,57.60490036010742,1964100.0
2012-10-02,56.9483528137207,3282200.0
2012-10-03,58.0791015625,2665100.0
2012-10-04,58.28883743286133,2660700.0
2012-10-05,58.75390625,2433000.0
2012-10-08,58.83598327636719,1668700.0
2012-10-09,59.41960525512695,3091000.0
2012-10-10,59.62934494018555,2726800.0
2012-10-11,58.67184829711914,2928800.0
2012-10-12,59.474300384521484,1396900.0
2012-10-15,60.39533996582031,1787400.0
2012-10-16,60.504764556884766,1119600.0
2012-10-17,60.805694580078125,1181900.0
2012-10-18,60.82392883300781,615600.0
2012-10-19,60.27679443359375,814500.0
2012-10-22,59.91203308105469,957300.0
2012-10-23,59.428707122802734,1615700.0
2012-10-24,59.775245666503906,701300.0
2012-10-25,59.98496627807617,948100.0
2012-10-26,60.24943923950195,922600.0
2012-10-31,60.513877868652344,1191700.0
2012-11-01,60.750972747802734,830400.0
2012-11-02,60.732723236083984,783400.0
2012-11-05,60.32239532470703,1116700.0
2012-11-06,60.55035400390625,1567200.0
2012-11-07,61.07925796508789,2537400.0
2012-11-08,61.535213470458984,1820400.0
2012-11-09,61.3072395324707,1180600.0
2012-11-12,61.1522102355957,723600.0
2012-11-13,60.860382080078125,987600.0
2012-11-14,60.18559646606445,948200.0
2012-11-15,59.12778854370117,1944400.0
2012-11-16,60.158241271972656,1393600.0
2012-11-19,61.10662841796875,1050300.0
2012-11-20,61.17047119140625,962300.0
2012-11-21,61.32548141479492,549200.0
2012-11-23,61.78144454956055,475400.0
2012-11-26,61.32548141479492,923100.0
2012-11-27,61.49872970581055,1179500.0
2012-11-28,61.827022552490234,694100.0
2012-11-29,62.082366943359375,1162700.0
2012-11-30,62.75716781616211,1766300.0
2012-12-03,62.39241027832031,713700.0
2012-12-04,62.48356246948242,1319900.0
2012-12-05,61.909095764160156,1486800.0
2012-12-06,62.30119705200195,967000.0
2012-12-07,62.99424743652344,1703900.0
2012-12-10,62.830108642578125,952700.0
2012-12-11,62.501827239990234,1426300.0
2012-12-12,63.1219367980957,1604700.0
2012-12-13,62.976016998291016,870000.0
2012-12-14,63.48670196533203,1169600.0
2012-12-17,63.9426383972168,1961500.0
2012-12-18,63.65994644165039,1274700.0
2012-12-19,63.65085220336914,1765700.0
2012-12-20,63.906166076660156,1486100.0
2012-12-21,64.6539306640625,7185700.0
2012-12-24,64.50802612304688,776300.0
2012-12-26,64.2161865234375,1197100.0
2012-12-27,64.37122344970703,1481000.0
2012-12-28,64.07939910888672,1128500.0
2012-12-31,64.72689056396484,1527600.0
2013-01-02,66.1950454711914,1721400.0
2013-01-03,65.1645736694336,2750900.0
2013-01-04,64.41681671142578,2143600.0
2013-01-07,63.64173126220703,3813100.0
2013-01-08,63.48670196533203,5460000.0
2013-01-09,63.63261413574219,1600100.0
2013-01-10,64.39859008789062,1722100.0
2013-01-11,64.57185363769531,828300.0
2013-01-14,64.31651306152344,1134200.0
2013-01-15,63.915279388427734,2754500.0
2013-01-16,64.54446411132812,2086000.0
2013-01-17,65.19194030761719,1023700.0
2013-01-18,65.01868438720703,1160100.0
2013-01-22,65.29227447509766,1107600.0
2013-01-23,65.05514526367188,1081800.0
2013-01-24,65.52023315429688,2177000.0
2013-01-25,65.06427001953125,1488100.0
2013-01-28,65.12810516357422,726800.0
2013-01-29,64.7815933227539,1249000.0
2013-01-30,63.915279388427734,2008900.0
2013-01-31,63.51405715942383,1894700.0
2013-02-01,64.16150665283203,1595500.0
2013-02-04,63.495792388916016,1210500.0
2013-02-05,64.17061614990234,1231700.0
2013-02-06,63.778499603271484,1046000.0
2013-02-07,63.149269104003906,2576700.0
2013-02-08,63.3681526184082,942200.0
2013-02-11,63.17662811279297,690500.0
2013-02-12,62.2556266784668,2293400.0
2013-02-13,61.507850646972656,5176100.0
2013-02-14,62.109710693359375,4317300.0
2013-02-15,62.63863754272461,2429400.0
2013-02-19,61.918209075927734,2041600.0
2013-02-20,61.76319122314453,1942100.0
2013-02-21,61.78144454956055,1599200.0
2013-02-22,63.83320999145508,4846500.0
2013-02-25,63.95173645019531,3676000.0
2013-02-26,64.20709228515625,1446600.0
2013-02-27,64.48977661132812,2604400.0
2013-02-28,64.85454559326172,2895800.0
2013-03-01,65.31961059570312,2168800.0
2013-03-04,66.03089904785156,2452200.0
2013-03-05,66.59626007080078,2755500.0
2013-03-06,66.55980682373047,2018000.0
2013-03-07,66.69658660888672,1471700.0
2013-03-08,66.86073303222656,1794400.0
2013-03-11,66.62364196777344,1355200.0
2013-03-12,66.00352478027344,1718900.0
2013-03-13,65.83940887451172,1409100.0
2013-03-14,65.53846740722656,1377300.0
2013-03-15,64.94574737548828,3440500.0
2013-03-18,64.51714324951172,1902300.0
2013-03-19,64.42594909667969,1123600.0
2013-03-20,64.86366271972656,1523700.0
2013-03-21,64.82719421386719,1542000.0
2013-03-22,65.56582641601562,2233100.0
2013-03-25,65.49287414550781,1081900.0
2013-03-26,65.49287414550781,1382100.0
2013-03-27,65.92146301269531,1768600.0
2013-03-28,65.65702056884766,1481400.0
2013-04-01,65.74819946289062,1066000.0
2013-04-02,66.18592071533203,1173900.0
2013-04-03,65.73908996582031,1203800.0
2013-04-04,66.10385131835938,1846000.0
2013-04-05,66.51420593261719,1423100.0
2013-04-08,67.22547912597656,1934800.0
2013-04-09,67.37139892578125,1272100.0
2013-04-10,68.40184020996094,1665500.0
2013-04-11,68.51126098632812,1118200.0
2013-04-12,68.83956909179688,1006000.0
2013-04-15,67.86381530761719,2086600.0
2013-04-16,69.06753540039062,1907500.0
2013-04-17,68.35623931884766,1231100.0
2013-04-18,69.1404800415039,1727100.0
2013-04-19,69.36845397949219,2141500.0
2013-04-22,69.8061752319336,901700.0
2013-04-23,70.1709213256836,1212900.0
2013-04-24,69.65116119384766,1518400.0
2013-04-25,71.21049499511719,3959100.0
2013-04-26,71.26522827148438,1220500.0
2013-04-29,71.0098876953125,1313600.0
2013-04-30,72.0312271118164,1961800.0
2013-05-01,71.79413604736328,2272800.0
2013-05-02,71.96739196777344,1463900.0
2013-05-03,72.27743530273438,1010600.0
2013-05-06,71.71204376220703,1004400.0
2013-05-07,72.3230209350586,1384800.0
2013-05-08,72.96138000488281,2248800.0
2013-05-09,72.65132141113281,1801500.0
2013-05-10,72.89752960205078,1194300.0
2013-05-13,72.9431381225586,530500.0
2013-05-14,73.72736358642578,981900.0
2013-05-15,73.6179428100586,739000.0
2013-05-16,72.99784088134766,883100.0
2013-05-17,73.66352844238281,1161900.0
2013-05-20,73.5267333984375,948000.0
2013-05-21,73.58146667480469,1085000.0
2013-05-22,71.60259246826172,2329600.0
2013-05-23,71.67557525634766,1205300.0
2013-05-24,71.2469711303711,868400.0
2013-05-28,70.57218170166016,937100.0
2013-05-29,68.74836730957031,2971300.0
2013-05-30,69.06753540039062,1623700.0
2013-05-31,68.63894653320312,1305900.0
2013-06-03,68.62982177734375,1470500.0
2013-06-04,68.81222534179688,1321700.0
2013-06-05,68.25592803955078,1384400.0
2013-06-06,69.42316436767578,1223700.0
2013-06-07,69.46875,1125900.0
2013-06-10,68.35623931884766,1923600.0
2013-06-11,67.909423828125,1806400.0
2013-06-12,67.46258544921875,2125600.0
2013-06-13,68.96721649169922,2183200.0
2013-06-14,69.52350616455078,1459700.0
2013-06-17,68.9489974975586,946900.0
2013-06-18,69.18608093261719,988100.0
2013-06-19,67.35316467285156,2576600.0
2013-06-20,65.58406829833984,3222600.0
2013-06-21,65.42903900146484,2243400.0
2013-06-24,65.20108795166016,1519900.0
2013-06-25,65.2101821899414,1764800.0
2013-06-26,65.49287414550781,2341700.0
2013-06-27,67.8820571899414,3421500.0
2013-06-28,67.59024047851562,2281500.0
2013-07-01,67.62672424316406,1372600.0
2013-07-02,67.62672424316406,788100.0
2013-07-03,67.46258544921875,366700.0
2013-07-05,67.26197814941406,1199200.0
2013-07-08,67.73615264892578,1115900.0
2013-07-09,67.84558868408203,1059700.0
2013-07-10,69.24991607666016,2137300.0
2013-07-11,71.11933898925781,1890100.0
2013-07-12,71.96739196777344,1358400.0
2013-07-15,71.9035415649414,1510200.0
2013-07-16,71.73028564453125,1127000.0
2013-07-17,71.50232696533203,1653600.0
2013-07-18,71.76677703857422,1081200.0
2013-07-19,72.42333984375,1391400.0
2013-07-22,71.85797119140625,562600.0
2013-07-23,71.75763702392578,1028200.0
2013-07-24,71.23784637451172,950500.0
2013-07-25,70.07972717285156,2257900.0
2013-07-26,69.76969909667969,1232900.0
2013-07-29,69.47789764404297,860600.0
2013-07-30,68.90339660644531,1180900.0
2013-07-31,67.56288146972656,3086600.0
2013-08-01,67.76351165771484,2275700.0
2013-08-02,66.9154281616211,4347300.0
2013-08-05,68.73014831542969,3376700.0
2013-08-06,68.0279541015625,2005800.0
2013-08-07,67.09783935546875,1469900.0
2013-08-08,66.81513977050781,1964100.0
2013-08-09,66.9701919555664,2302200.0
2013-08-12,66.9792709350586,1531200.0
2013-08-13,66.80601501464844,1858300.0
2013-08-14,66.34093475341797,1494500.0
2013-08-15,65.89411926269531,1875400.0
2013-08-16,65.32872772216797,1270000.0
2013-08-19,65.40167236328125,1174000.0
2013-08-20,66.56891632080078,1355100.0
2013-08-21,65.9670639038086,822600.0
2013-08-22,66.04911804199219,693700.0
2013-08-23,66.99751281738281,907600.0
2013-08-26,67.05224609375,851000.0
2013-08-27,67.7544174194336,1646100.0
2013-08-28,68.03707122802734,1254400.0
2013-08-29,68.4930191040039,1011000.0
2013-08-30,68.39273071289062,914600.0
2013-09-03,68.58422088623047,1679000.0
2013-09-04,68.9489974975586,1109300.0
2013-09-05,68.69367218017578,1207000.0
2013-09-06,69.1404800415039,1690700.0
2013-09-09,70.23477172851562,1600500.0
2013-09-10,71.36553192138672,1089700.0
2013-09-11,71.6482162475586,835500.0
2013-09-12,70.43539428710938,993300.0
2013-09-13,69.76057434082031,959700.0
2013-09-16,70.46275329589844,761600.0
2013-09-17,70.47186279296875,863000.0
2013-09-18,70.58131408691406,1934800.0
2013-09-19,70.61776733398438,536600.0
2013-09-20,70.41715240478516,982500.0
2013-09-23,70.41715240478516,901700.0
2013-09-24,70.59953308105469,1037900.0
2013-09-25,71.11933898925781,1054100.0
2013-09-26,72.66954803466797,1771700.0
2013-09-27,72.79723358154297,1076200.0
2013-09-30,73.3717269897461,1471500.0
2013-10-01,72.42333984375,2438100.0
2013-10-02,71.78501892089844,1498100.0
2013-10-03,70.80014038085938,1413900.0
2013-10-04,70.68161010742188,976700.0
2013-10-07,71.1740493774414,914400.0
2013-10-08,70.31685638427734,1311500.0
2013-10-09,70.3077163696289,1427000.0
2013-10-10,71.52967834472656,1228300.0
2013-10-11,72.3686294555664,966200.0
2013-10-14,72.87017059326172,893600.0
2013-10-15,72.89752960205078,846500.0
2013-10-16,74.3292236328125,1728900.0
2013-10-17,76.7548599243164,1779100.0
2013-10-18,77.2108154296875,1466300.0
2013-10-21,78.4783706665039,2138300.0
2013-10-22,79.09845733642578,1591700.0
2013-10-23,77.94947814941406,1578000.0
2013-10-24,79.74591064453125,1587200.0
2013-10-25,79.60000610351562,1402100.0
2013-10-28,79.65473175048828,1277500.0
2013-10-29,80.81285858154297,1188000.0
2013-10-30,81.0955581665039,1243000.0
2013-10-31,79.69120025634766,1466000.0
2013-11-01,79.78237915039062,1481000.0
2013-11-04,80.00125122070312,1390300.0
2013-11-05,82.94669342041016,3721600.0
2013-11-06,83.74004364013672,1726800.0
2013-11-07,83.40265655517578,1635100.0
2013-11-08,83.53030395507812,1891800.0
2013-11-11,83.2385025024414,705200.0
2013-11-12,82.75523376464844,1723700.0
2013-11-13,82.20803833007812,1401200.0
2013-11-14,81.52412414550781,2464500.0
2013-11-15,82.0712661743164,1710100.0
2013-11-18,81.98007202148438,1164300.0
2013-11-19,80.78548431396484,940100.0
2013-11-20,78.90694427490234,1509600.0
2013-11-21,77.94947814941406,1703500.0
2013-11-22,77.28376007080078,2243500.0
2013-11-25,77.44792175292969,1456900.0
2013-11-26,78.16832733154297,971700.0
2013-11-27,78.04978942871094,647600.0
2013-11-29,77.66677856445312,344700.0
2013-12-02,78.35982513427734,1336400.0
2013-12-03,77.8947525024414,875800.0
2013-12-04,78.4054183959961,1356700.0
2013-12-05,78.68810272216797,1629000.0
2013-12-06,79.43586730957031,1215900.0
2013-12-09,79.62737274169922,808600.0
2013-12-10,79.2443618774414,754700.0
2013-12-11,79.11672973632812,1119100.0
2013-12-12,78.8613510131836,921900.0
2013-12-13,79.82798767089844,822100.0
2013-12-16,77.92212677001953,1823300.0
2013-12-17,77.50262451171875,1111900.0
2013-12-18,78.30509948730469,1159400.0
2013-12-19,79.52706909179688,1303700.0
2013-12-20,79.39026641845703,1953700.0
2013-12-23,79.85535430908203,851800.0
2013-12-24,80.37512969970703,403000.0
2013-12-26,80.48455810546875,630400.0
2013-12-27,80.33863830566406,675200.0
2013-12-30,81.46941375732422,706400.0
2013-12-31,81.92536163330078,495000.0
2014-01-02,80.63045501708984,1314100.0
2014-01-03,80.0741958618164,524500.0
2014-01-06,80.08332061767578,761500.0
2014-01-07,80.75814056396484,658300.0
2014-01-08,81.19586181640625,1932900.0
2014-01-09,80.10157012939453,906700.0
2014-01-10,80.53926849365234,1850600.0
2014-01-13,81.26878356933594,1573300.0
2014-01-14,82.591064453125,1402800.0
2014-01-15,82.6822738647461,1952800.0
2014-01-16,82.72785186767578,927500.0
2014-01-17,82.08037567138672,934900.0
2014-01-21,82.66400909423828,803700.0
2014-01-22,83.41178131103516,1691700.0
2014-01-23,84.60635375976562,2028300.0
2014-01-24,82.02568054199219,1806700.0
2014-01-27,81.7065200805664,1562900.0
2014-01-28,82.0074462890625,1190500.0
2014-01-29,82.591064453125,1245100.0
2014-01-30,84.1595230102539,1098500.0
2014-01-31,84.5790023803711,856900.0
2014-02-03,83.88594818115234,1632100.0
2014-02-04,83.54854583740234,1592300.0
2014-02-05,83.63972473144531,847500.0
2014-02-06,83.89507293701172,753900.0
2014-02-07,84.72492218017578,1604800.0
2014-02-10,84.9620132446289,881300.0
2014-02-11,86.38457489013672,989400.0
2014-02-12,85.87389373779297,986600.0
2014-02-13,86.75845336914062,858900.0
2014-02-14,87.87097930908203,747000.0
2014-02-18,88.0898208618164,505400.0
2014-02-19,89.08381652832031,746600.0
2014-02-20,90.46990203857422,1664800.0
2014-02-21,88.67345428466797,1220700.0
2014-02-24,87.45150756835938,1885900.0
2014-02-25,86.94082641601562,1817100.0
2014-02-26,84.615478515625,2724300.0
2014-02-27,86.53046417236328,1273400.0
2014-02-28,86.78582000732422,1090800.0
2014-03-03,86.79495239257812,1096600.0
2014-03-04,87.36943817138672,1359300.0
2014-03-05,86.84966278076172,1155600.0
2014-03-06,87.11410522460938,632900.0
2014-03-07,86.70375061035156,758500.0
2014-03-10,86.22953796386719,737400.0
2014-03-11,86.62165832519531,1032500.0
2014-03-12,86.81317138671875,730400.0
2014-03-13,86.5122299194336,724000.0
2014-03-14,86.59429168701172,606900.0
2014-03-17,86.18395233154297,494200.0
2014-03-18,86.37545013427734,505300.0
2014-03-19,85.48178100585938,779400.0
2014-03-20,85.27205657958984,658000.0
2014-03-21,83.79476928710938,1041100.0
2014-03-24,83.33882141113281,793100.0
2014-03-25,82.5636978149414,946100.0
2014-03-26,82.40869140625,788200.0
2014-03-27,85.0440673828125,6283100.0
2014-03-28,84.12306213378906,786100.0
2014-03-31,82.94669342041016,1755700.0
2014-04-01,83.11083221435547,1917300.0
2014-04-02,82.05303955078125,2146300.0
2014-04-03,82.20803833007812,1503700.0
2014-04-04,80.37512969970703,2976700.0
2014-04-07,79.7003173828125,1249400.0
2014-04-08,80.11978149414062,1122900.0
2014-04-09,82.2810287475586,1167900.0
2014-04-10,81.23233032226562,1283900.0
2014-04-11,80.44807434082031,1031200.0
2014-04-14,80.256591796875,1073900.0
2014-04-15,80.24746704101562,991300.0
2014-04-16,81.98007202148438,1580500.0
2014-04-17,83.13818359375,1553900.0
2014-04-21,83.82210540771484,1049000.0
2014-04-22,84.09568786621094,894600.0
2014-04-23,82.9923095703125,678400.0
2014-04-24,82.65489196777344,978100.0
2014-04-25,82.0074462890625,755400.0
2014-04-28,81.25054931640625,1075300.0
2014-04-29,81.7885971069336,875300.0
2014-04-30,81.8524169921875,1299800.0
2014-05-01,82.5819320678711,1438300.0
2014-05-02,86.53046417236328,3527000.0
2014-05-05,88.0168685913086,2290600.0
2014-05-06,88.02598571777344,1004500.0
2014-05-07,87.87097930908203,1336900.0
2014-05-08,88.27223205566406,989500.0
2014-05-09,88.63697052001953,601800.0
2014-05-12,89.46678924560547,1154600.0
2014-05-13,90.42432403564453,1222600.0
2014-05-14,91.95628356933594,1869800.0
2014-05-15,90.84378051757812,2086300.0
2014-05-16,91.36357116699219,1212800.0
2014-05-19,91.28148651123047,1164000.0
2014-05-20,91.39089965820312,1099500.0
2014-05-21,91.95628356933594,1245300.0
2014-05-22,92.54903411865234,804700.0
2014-05-23,91.7374267578125,975400.0
2014-05-27,91.54593658447266,1288900.0
2014-05-28,91.60066986083984,1803400.0
2014-05-29,91.8377456665039,874300.0
2014-05-30,92.55814361572266,1709400.0
2014-06-02,91.55506896972656,873900.0
2014-06-03,90.98968505859375,887100.0
2014-06-04,91.65535736083984,671300.0
2014-06-05,91.26325988769531,778700.0
2014-06-06,91.58241271972656,793500.0
2014-06-09,91.41827392578125,737700.0
2014-06-10,91.41827392578125,749200.0
2014-06-11,91.3818130493164,991200.0
2014-06-12,91.04437255859375,689200.0
2014-06-13,89.51241302490234,861900.0
2014-06-16,89.1567611694336,965500.0
2014-06-17,89.03819274902344,465700.0
2014-06-18,89.12938690185547,814900.0
2014-06-19,89.84981536865234,671700.0
2014-06-20,89.9957046508789,1236000.0
2014-06-23,89.57623291015625,679200.0
2014-06-24,89.95923614501953,725100.0
2014-06-25,91.3818130493164,827000.0
2014-06-26,91.0079116821289,725900.0
2014-06-27,92.68579864501953,1287500.0
2014-06-30,93.2876968383789,1032200.0
2014-07-01,92.95940399169922,757900.0
2014-07-02,92.6584701538086,760900.0
2014-07-03,92.76788330078125,390800.0
2014-07-07,92.43960571289062,656500.0
2014-07-08,91.75566864013672,1044600.0
2014-07-09,94.32723999023438,1094400.0
2014-07-10,94.96558380126953,1544100.0
2014-07-11,94.50961303710938,673000.0
2014-07-14,94.88351440429688,376500.0
2014-07-15,94.62816619873047,495500.0
2014-07-16,95.23004150390625,479200.0
2014-07-17,94.0810317993164,653500.0
2014-07-18,94.82878875732422,1004800.0
2014-07-21,95.330322265625,931200.0
2014-07-22,95.14794158935547,870100.0
2014-07-23,95.28474426269531,1056500.0
2014-07-24,94.36370086669922,1083600.0
2014-07-25,94.12664031982422,2480700.0
2014-07-28,97.27268981933594,1850700.0
2014-07-29,97.09943389892578,1142300.0
2014-07-30,99.3609619140625,1466200.0
2014-07-31,97.50979614257812,1319000.0
2014-08-01,96.81674194335938,984400.0
2014-08-04,95.70421600341797,1191200.0
2014-08-05,95.5309829711914,965900.0
2014-08-06,97.2909164428711,1840700.0
2014-08-07,97.64656066894531,1005400.0
2014-08-08,100.75617980957031,1627700.0
2014-08-11,99.84426879882812,1175000.0
2014-08-12,99.98104858398438,861900.0
2014-08-13,99.34269714355469,932700.0
2014-08-14,99.5068359375,928100.0
2014-08-15,99.00531005859375,961600.0
2014-08-18,99.66188049316406,1206900.0
2014-08-19,98.50375366210938,1393100.0
2014-08-20,99.63450622558594,1005500.0
2014-08-21,99.70745849609375,1608000.0
2014-08-22,99.0235366821289,970700.0
2014-08-25,100.3458023071289,936200.0
2014-08-26,100.40963745117188,687600.0
2014-08-27,100.86558532714844,1070100.0
2014-08-28,100.9203109741211,638900.0
2014-08-29,100.57378387451172,526700.0
2014-09-02,100.73792266845703,690200.0
2014-09-03,101.22122955322266,1216900.0
2014-09-04,101.68631744384766,907900.0
2014-09-05,103.00856018066406,1124500.0
2014-09-08,103.55569458007812,855200.0
2014-09-09,102.771484375,1147100.0
2014-09-10,102.89002990722656,976800.0
2014-09-11,103.63777923583984,1140500.0
2014-09-12,102.3428955078125,1574800.0
2014-09-15,101.54039764404297,738700.0
2014-09-16,103.19095611572266,857600.0
2014-09-17,103.263916015625,927400.0
2014-09-18,102.90826416015625,921000.0
2014-09-19,102.2516860961914,1200700.0
2014-09-22,99.99928283691406,1394400.0
2014-09-23,100.02664184570312,957800.0
2014-09-24,100.96592712402344,601400.0
2014-09-25,99.65275573730469,1186700.0
2014-09-26,101.77749633789062,1484000.0
2014-09-29,100.98411560058594,949500.0
2014-09-30,101.13004302978516,781300.0
2014-10-01,99.80778503417969,1202700.0
2014-10-02,99.74394989013672,1364900.0
2014-10-03,101.64981079101562,1421600.0
2014-10-06,102.06929016113281,700300.0
2014-10-07,100.7470474243164,789700.0
2014-10-08,101.47657775878906,922200.0
2014-10-09,100.20901489257812,1021800.0
2014-10-10,98.32137298583984,1089500.0
2014-10-13,96.9079360961914,912900.0
2014-10-14,97.01736450195312,1691400.0
2014-10-15,97.43683624267578,1238700.0
2014-10-16,97.20889282226562,894400.0
2014-10-17,98.75910186767578,1080700.0
2014-10-20,99.38829040527344,1451200.0
2014-10-21,101.0479736328125,1028300.0
2014-10-22,100.29108428955078,512800.0
2014-10-23,100.85647583007812,666200.0
2014-10-24,101.74102783203125,498900.0
2014-10-27,102.41583251953125,1110900.0
2014-10-28,103.09973907470703,859600.0
2014-10-29,102.55261993408203,818300.0
2014-10-30,104.32172393798828,865800.0
2014-10-31,102.4340591430664,2242400.0
2014-11-03,102.4340591430664,2139200.0
2014-11-04,100.93853759765625,1590800.0
2014-11-05,100.68321990966797,1867500.0
2014-11-06,101.81396484375,1072300.0
2014-11-07,104.52233123779297,1201300.0
2014-11-10,103.30036926269531,946100.0
2014-11-11,102.51615142822266,735600.0
2014-11-12,103.22742462158203,844100.0
2014-11-13,102.60733795166016,765900.0
2014-11-14,103.08150482177734,734200.0
2014-11-17,103.318603515625,614300.0
2014-11-18,104.76852416992188,869300.0
2014-11-19,104.14845275878906,679600.0
2014-11-20,105.90840911865234,947500.0
2014-11-21,107.03005981445312,740200.0
2014-11-24,107.22154235839844,484800.0
2014-11-25,109.39189147949219,2441500.0
2014-11-26,109.81135559082031,704200.0
2014-11-28,110.95125579833984,462800.0
2014-12-01,109.38278198242188,830300.0
2014-12-02,105.90840911865234,2067600.0
2014-12-03,106.0907974243164,1396500.0
2014-12-04,105.46159362792969,775900.0
2014-12-05,104.60438537597656,1628200.0
2014-12-08,103.13622283935547,1826300.0
2014-12-09,103.14533996582031,825500.0
2014-12-10,100.94767761230469,1857900.0
2014-12-11,100.28196716308594,988400.0
2014-12-12,100.41875457763672,1176900.0
2014-12-15,100.48258972167969,1585300.0
2014-12-16,99.56156158447266,1194600.0
2014-12-17,101.69542694091797,1390100.0
2014-12-18,103.628662109375,1142700.0
2014-12-19,103.18183135986328,1045000.0
2014-12-22,103.5101089477539,1323400.0
2014-12-23,103.59217834472656,1310000.0
2014-12-24,103.29125213623047,451300.0
2014-12-26,102.7350082397461,572100.0
2014-12-29,102.48876953125,734800.0
2014-12-30,102.37024688720703,622200.0
2014-12-31,101.00233459472656,434100.0
2015-01-02,101.19388580322266,1012900.0
2015-01-05,99.59805297851562,863800.0
2015-01-06,99.0782699584961,1704400.0
2015-01-07,100.43700408935547,688600.0
2015-01-08,101.44007873535156,1068900.0
2015-01-09,101.0844497680664,825900.0
2015-01-12,100.76527404785156,716000.0
2015-01-13,100.84736633300781,725700.0
2015-01-14,100.26374053955078,798900.0
2015-01-15,98.84115600585938,994800.0
2015-01-16,99.87161254882812,975100.0
2015-01-20,100.59201049804688,820600.0
2015-01-21,101.57686614990234,890400.0
2015-01-22,106.20933532714844,1657900.0
2015-01-23,107.9510726928711,957900.0
2015-01-26,108.64412689208984,893600.0
2015-01-27,109.41923522949219,975600.0
2015-01-28,107.61368560791016,792800.0
2015-01-29,108.43438720703125,1027500.0
2015-01-30,106.41908264160156,873100.0
2015-02-02,107.60455322265625,1070800.0
2015-02-03,107.54071044921875,993400.0
2015-02-04,108.27024841308594,713200.0
2015-02-05,108.99976348876953,515400.0
2015-02-06,107.4951400756836,726900.0
2015-02-09,105.99961853027344,734800.0
2015-02-10,107.96021270751953,1432300.0
2015-02-11,108.84475708007812,583700.0
2015-02-12,109.11832427978516,802900.0
2015-02-13,110.95125579833984,851400.0
2015-02-17,111.41632080078125,942400.0
2015-02-18,111.40719604492188,823100.0
2015-02-19,110.35850524902344,792700.0
2015-02-20,110.5682373046875,970400.0
2015-02-23,108.84475708007812,962700.0
2015-02-24,107.43128967285156,773200.0
2015-02-25,109.20039367675781,1349800.0
2015-02-26,109.42835998535156,1009900.0
2015-02-27,113.72341918945312,1775200.0
2015-03-02,114.2796859741211,1216600.0
2015-03-03,113.86931610107422,701600.0
2015-03-04,114.38909912109375,1261900.0
2015-03-05,113.61400604248047,746500.0
2015-03-06,111.16097259521484,919000.0
2015-03-09,111.57131958007812,837200.0
2015-03-10,109.83871459960938,742600.0
2015-03-11,109.35540771484375,1076800.0
2015-03-12,110.2946548461914,1493800.0
2015-03-13,108.92682647705078,1254800.0
2015-03-16,108.40703582763672,915400.0
2015-03-17,108.37966918945312,869700.0
2015-03-18,110.10316467285156,1138000.0
2015-03-19,109.47396087646484,622700.0
2015-03-20,111.76282501220703,1078900.0
2015-03-23,111.04244232177734,748400.0
2015-03-24,110.6867904663086,460300.0
2015-03-25,108.49822998046875,471000.0
2015-03-26,108.7261962890625,684800.0
2015-03-27,110.10316467285156,1318200.0
2015-03-30,109.60162353515625,953200.0
2015-03-31,106.78385162353516,1409200.0
2015-04-01,108.95417785644531,1160000.0
2015-04-02,109.55601501464844,693500.0
2015-04-06,109.96636962890625,1101500.0
2015-04-07,109.07270812988281,1244500.0
2015-04-08,107.65016174316406,739200.0
2015-04-09,108.05138397216797,836200.0
2015-04-10,107.30362701416016,573000.0
2015-04-13,108.25199127197266,554400.0
2015-04-14,108.58942413330078,458900.0
2015-04-15,109.04535675048828,547300.0
2015-04-16,109.81135559082031,643800.0
2015-04-17,109.20039367675781,1324400.0
2015-04-20,111.10627746582031,719400.0
2015-04-21,111.19744873046875,986600.0
2015-04-22,111.89051055908203,896200.0
2015-04-23,113.42249298095703,952500.0
2015-04-24,110.50439453125,973300.0
2015-04-27,108.77179718017578,1161300.0
2015-04-28,107.64103698730469,831400.0
2015-04-29,106.50114440917969,739200.0
2015-04-30,105.6166000366211,831900.0
2015-05-01,105.95401000976562,846300.0
2015-05-04,106.0816879272461,1083600.0
2015-05-05,104.1758041381836,913100.0
2015-05-06,104.44937896728516,899300.0
2015-05-07,103.85662841796875,694200.0
2015-05-08,105.73516082763672,761000.0
2015-05-11,105.01473999023438,478400.0
2015-05-12,105.27008819580078,690800.0
2015-05-13,105.36128234863281,659500.0
2015-05-14,106.06343078613281,667200.0
2015-05-15,107.75045013427734,600600.0
2015-05-18,107.91460418701172,542800.0
2015-05-19,106.16375732421875,856100.0
2015-05-20,104.59527587890625,1617700.0
2015-05-21,103.54658508300781,1181300.0
2015-05-22,103.40980529785156,995800.0
2015-05-26,102.98120880126953,858300.0
2015-05-27,102.80792999267578,899800.0
2015-05-28,102.62556457519531,842100.0
2015-05-29,101.95986938476562,1794200.0
2015-06-01,104.99651336669922,1873600.0
2015-06-02,104.86883544921875,921500.0
2015-06-03,104.14845275878906,755100.0
2015-06-04,107.69575500488281,2546800.0
2015-06-05,106.64705657958984,985800.0
2015-06-08,106.14550018310547,651900.0
2015-06-09,105.77162170410156,602000.0
2015-06-10,106.59233856201172,853500.0
2015-06-11,106.33702087402344,819200.0
2015-06-12,106.69264221191406,532100.0
2015-06-15,107.38568878173828,932000.0
2015-06-16,107.06653594970703,517600.0
2015-06-17,107.2853775024414,591000.0
2015-06-18,109.84784698486328,1103600.0
2015-06-19,109.20039367675781,689100.0
2015-06-22,109.16390991210938,423100.0
2015-06-23,109.57428741455078,522400.0
2015-06-24,108.55294036865234,626300.0
2015-06-25,109.04535675048828,487000.0
2015-06-26,106.97533416748047,2541600.0
2015-06-29,105.43421173095703,797100.0
2015-06-30,104.84149932861328,935700.0
2015-07-01,105.99049377441406,648600.0
2015-07-02,105.935791015625,470500.0
2015-07-06,105.36128234863281,749100.0
2015-07-07,105.6166000366211,926900.0
2015-07-08,104.81414794921875,706100.0
2015-07-09,105.43421173095703,526500.0
2015-07-10,106.33702087402344,436600.0
2015-07-13,105.57101440429688,572700.0
2015-07-14,106.22757720947266,485900.0
2015-07-15,106.20933532714844,640100.0
2015-07-16,106.50114440917969,642500.0
2015-07-17,104.9691390991211,747300.0
2015-07-20,105.64395904541016,766900.0
2015-07-21,106.10905456542969,629200.0
2015-07-22,105.58924102783203,505800.0
2015-07-23,108.82648468017578,1541400.0
2015-07-24,107.24891662597656,993300.0
2015-07-27,105.81725311279297,693600.0
2015-07-28,106.76560974121094,964300.0
2015-07-29,106.51937866210938,1203300.0
2015-07-30,107.79605865478516,1537700.0
2015-07-31,110.08491516113281,1328300.0
2015-08-03,110.55911254882812,1278000.0
2015-08-04,110.55911254882812,846700.0
2015-08-05,110.09404754638672,1095500.0
2015-08-06,110.77798461914062,1292100.0
2015-08-07,111.04244232177734,617200.0
2015-08-10,112.58353424072266,896200.0
2015-08-11,113.3404312133789,886500.0
2015-08-12,114.60797119140625,1053700.0
2015-08-13,114.7812271118164,624300.0
2015-08-14,116.17644500732422,600000.0
2015-08-17,116.73270416259766,414600.0
2015-08-18,115.35572814941406,512000.0
2015-08-19,115.7204818725586,428600.0
2015-08-20,112.4011459350586,1043000.0
2015-08-21,109.82959747314453,1236400.0
2015-08-24,104.39463806152344,2202500.0
2015-08-25,103.71073150634766,1428000.0
2015-08-26,104.85972595214844,2117600.0
2015-08-27,108.43438720703125,1455100.0
2015-08-28,108.7261962890625,1091900.0
2015-08-31,107.78693389892578,644100.0
2015-09-01,104.44937896728516,997300.0
2015-09-02,105.64395904541016,922500.0
2015-09-03,106.38260650634766,798500.0
2015-09-04,105.27919006347656,654200.0
2015-09-08,107.46776580810547,597800.0
2015-09-09,104.95092010498047,831600.0
2015-09-10,101.87779998779297,2247000.0
2015-09-11,101.26683807373047,1696100.0
2015-09-14,102.12401580810547,966900.0
2015-09-15,102.92647552490234,980900.0
2015-09-16,103.06327056884766,929900.0
2015-09-17,102.5799560546875,1484900.0
2015-09-18,101.5130386352539,1560500.0
2015-09-21,101.95986938476562,879600.0
2015-09-22,99.38829040527344,1428800.0
2015-09-23,99.38829040527344,732000.0
2015-09-24,96.88056182861328,1195100.0
2015-09-25,96.3790283203125,1440700.0
2015-09-28,95.97779083251953,1358400.0
2015-09-29,94.48226928710938,1419800.0
2015-09-30,95.51273345947266,1705200.0
2015-10-01,94.62816619873047,1007700.0
2015-10-02,96.1054458618164,812700.0
2015-10-05,99.86251068115234,1661400.0
2015-10-06,98.72261810302734,1256600.0
2015-10-07,100.27283477783203,1991900.0
2015-10-08,100.78353118896484,1405100.0
2015-10-09,100.49169158935547,564700.0
2015-10-12,99.47037506103516,609000.0
2015-10-13,99.53421020507812,844800.0
2015-10-14,99.30623626708984,715900.0
2015-10-15,100.9932632446289,991500.0
2015-10-16,100.65585327148438,765800.0
2015-10-19,101.05709838867188,642200.0
2015-10-20,102.2790298461914,1212200.0
2015-10-21,101.3488998413086,784400.0
2015-10-22,105.56188201904297,1142300.0
2015-10-23,105.85370635986328,776700.0
2015-10-26,107.26715087890625,582100.0
2015-10-27,106.91150665283203,930100.0
2015-10-28,107.0118179321289,891500.0
2015-10-29,108.29759979248047,724900.0
2015-10-30,108.5346908569336,927600.0
2015-11-02,110.48616027832031,923900.0
2015-11-03,109.53777313232422,853300.0
2015-11-04,107.26715087890625,1440700.0
2015-11-05,100.08136749267578,6749300.0
2015-11-06,98.8958740234375,2365700.0
2015-11-09,97.3912582397461,1164500.0
2015-11-10,96.40637969970703,1152300.0
2015-11-11,97.482421875,784200.0
2015-11-12,96.7164306640625,642700.0
2015-11-13,95.9595718383789,914300.0
2015-11-16,97.86541748046875,919800.0
2015-11-17,96.65258026123047,806300.0
2015-11-18,96.47022247314453,1129500.0
2015-11-19,95.9595718383789,931900.0
2015-11-20,93.94424438476562,1937500.0
2015-11-23,93.47916412353516,1108400.0
2015-11-24,96.20574951171875,1162700.0
2015-11-25,96.33345031738281,698100.0
2015-11-27,97.01736450195312,347100.0
2015-11-30,95.89572143554688,1204800.0
2015-12-01,99.80778503417969,1507400.0
2015-12-02,98.60406494140625,1262600.0
2015-12-03,97.482421875,1090300.0
2015-12-04,98.96884155273438,1056300.0
2015-12-07,99.42476654052734,630000.0
2015-12-08,98.39431762695312,783200.0
2015-12-09,95.75894927978516,811300.0
2015-12-10,95.4306640625,1121400.0
2015-12-11,92.17515563964844,2060200.0
2015-12-14,92.79524230957031,1330900.0
2015-12-15,93.55211639404297,886100.0
2015-12-16,94.73759460449219,1077100.0
2015-12-17,92.1113510131836,1806600.0
2015-12-18,91.5732650756836,1927100.0
2015-12-21,92.45783996582031,811000.0
2015-12-22,92.72230529785156,714600.0
2015-12-23,94.27252197265625,1115700.0
2015-12-24,94.8743896484375,268000.0
2015-12-28,95.68598175048828,483700.0
2015-12-29,96.84410858154297,534800.0
2015-12-30,95.84099578857422,476500.0
2015-12-31,95.81365203857422,689400.0
2016-01-04,96.44286346435547,1191200.0
2016-01-05,97.71039581298828,906900.0
2016-01-06,96.81674194335938,504000.0
2016-01-07,93.55211639404297,725100.0
2016-01-08,92.68579864501953,1005000.0
2016-01-11,94.7193603515625,832500.0
2016-01-12,91.94718933105469,1013000.0
2016-01-13,89.11116027832031,1345900.0
2016-01-14,90.71611785888672,1494800.0
2016-01-15,83.85858917236328,3163800.0
2016-01-19,82.81903839111328,2898100.0
2016-01-20,80.75814056396484,2814500.0
2016-01-21,79.78237915039062,2436700.0
2016-01-22,85.73712921142578,2725600.0
2016-01-25,85.45441436767578,2158700.0
2016-01-26,88.4910888671875,1733500.0
2016-01-27,86.8587646484375,1061300.0
2016-01-28,86.69464874267578,1498000.0
2016-01-29,90.53375244140625,1597300.0
2016-02-01,89.49415588378906,1786400.0
2016-02-02,87.91657257080078,1397800.0
2016-02-03,87.3420639038086,2097100.0
2016-02-04,87.45150756835938,1023700.0
2016-02-05,85.1717300415039,1835400.0
2016-02-08,79.19879150390625,3507100.0
2016-02-09,78.18656158447266,2300100.0
2016-02-10,78.73369598388672,1967200.0
2016-02-11,77.47531127929688,2354000.0
2016-02-12,80.96788024902344,1415600.0
2016-02-16,82.5545883178711,1108500.0
2016-02-17,83.58503723144531,1092900.0
2016-02-18,83.50296020507812,948800.0
2016-02-19,81.74298095703125,1247700.0
2016-02-22,84.8252182006836,1441100.0
2016-02-23,84.58812713623047,1080800.0
2016-02-24,87.26911926269531,1362700.0
2016-02-25,88.0898208618164,1340400.0
2016-02-26,86.32074737548828,2953600.0
2016-02-29,86.53046417236328,1560700.0
2016-03-01,87.84361267089844,1376400.0
2016-03-02,87.54267883300781,1067900.0
2016-03-03,88.29045867919922,1636100.0
2016-03-04,88.07160186767578,1412000.0
2016-03-07,87.96216583251953,1500000.0
2016-03-08,85.29027557373047,1134400.0
2016-03-09,83.67623138427734,2141300.0
2016-03-10,83.77653503417969,1299600.0
2016-03-11,86.22042083740234,1205400.0
2016-03-14,86.05628967285156,1023800.0
2016-03-15,86.69464874267578,1022200.0
2016-03-16,87.15057373046875,702500.0
2016-03-17,90.56110382080078,1700500.0
2016-03-18,90.43341827392578,1176400.0
2016-03-21,89.75860595703125,609600.0
2016-03-22,89.12938690185547,780200.0
2016-03-23,88.40899658203125,640400.0
2016-03-24,89.284423828125,859300.0
2016-03-28,89.12026977539062,399900.0
2016-03-29,91.36357116699219,658300.0
2016-03-30,91.15380859375,857900.0
2016-03-31,91.34534454345703,906700.0
2016-04-01,93.05059051513672,1237800.0
2016-04-04,92.87734985351562,1082600.0
2016-04-05,91.27235412597656,1140200.0
2016-04-06,91.72832489013672,1001900.0
2016-04-07,90.34225463867188,718600.0
2016-04-08,91.01703643798828,441600.0
2016-04-11,90.06865692138672,639200.0
2016-04-12,91.56416320800781,1172200.0
2016-04-13,92.52167510986328,633300.0
2016-04-14,91.97454071044922,405500.0
2016-04-15,92.64021301269531,427300.0
2016-04-18,93.21472930908203,658500.0
2016-04-19,92.88643646240234,575800.0
2016-04-20,94.30901336669922,971600.0
2016-04-21,93.92601013183594,778500.0
2016-04-22,94.60081481933594,563500.0
2016-04-25,94.37284088134766,429600.0
2016-04-26,95.13884735107422,740000.0
2016-04-27,95.58568572998047,637000.0
2016-04-28,94.88351440429688,590500.0
2016-04-29,93.9625015258789,731500.0
2016-05-02,95.92308044433594,1331200.0
2016-05-03,90.30574035644531,5441700.0
2016-05-04,90.99879455566406,1927600.0
2016-05-05,91.15380859375,875500.0
2016-05-06,92.03837585449219,998300.0
2016-05-09,91.3818130493164,2314400.0
2016-05-10,93.14178466796875,1115700.0
2016-05-11,92.71317291259766,678000.0
2016-05-12,92.2663345336914,755500.0
2016-05-13,91.1903076171875,1082600.0
2016-05-16,91.0899887084961,802700.0
2016-05-17,90.4607925415039,1132800.0
2016-05-18,89.77684020996094,755000.0
2016-05-19,88.85584259033203,1641800.0
2016-05-20,88.72817993164062,2250900.0
2016-05-23,89.02908325195312,1077700.0
2016-05-24,89.80421447753906,970400.0
2016-05-25,89.85891723632812,803100.0
2016-05-26,90.00482940673828,694700.0
2016-05-27,90.14161682128906,922700.0
2016-05-31,90.6431655883789,3815100.0
2016-06-01,89.69477844238281,1195300.0
2016-06-02,92.78614044189453,1107900.0
2016-06-03,93.01409912109375,900100.0
2016-06-06,93.15087890625,601300.0
2016-06-07,95.22090911865234,861100.0
2016-06-08,94.93824005126953,723300.0
2016-06-09,94.69200134277344,472100.0
2016-06-10,92.12044525146484,712300.0
2016-06-13,91.88336181640625,1030800.0
2016-06-14,91.40914916992188,730500.0
2016-06-15,91.60066986083984,600000.0
2016-06-16,91.60978698730469,1131500.0
2016-06-17,90.91671752929688,1048200.0
2016-06-20,93.08704376220703,655800.0
2016-06-21,93.61595153808594,1261300.0
2016-06-22,93.83483123779297,662000.0
2016-06-23,97.81069946289062,1456600.0
2016-06-24,94.20868682861328,2778200.0
2016-06-27,92.08397674560547,1199400.0
2016-06-28,94.41842651367188,1040000.0
2016-06-29,97.974853515625,1185800.0
2016-06-30,98.43082427978516,1463600.0
2016-07-01,100.20901489257812,1299700.0
2016-07-05,99.34269714355469,798700.0
2016-07-06,99.99018096923828,741500.0
2016-07-07,100.87471008300781,1529400.0
2016-07-08,104.33082580566406,1527400.0
2016-07-11,103.318603515625,1439200.0
2016-07-12,102.84442901611328,1675500.0
2016-07-13,102.21519470214844,943800.0
2016-07-14,103.4736328125,786300.0
2016-07-15,103.98429107666016,1275500.0
2016-07-18,103.73809814453125,598100.0
2016-07-19,102.90826416015625,656900.0
2016-07-20,102.69853210449219,745800.0
2016-07-21,102.0966567993164,759600.0
2016-07-22,103.20006561279297,864100.0
2016-07-25,102.90826416015625,482700.0
2016-07-26,102.47966003417969,655100.0
2016-07-27,102.81707763671875,676500.0
2016-07-28,102.57083892822266,972200.0
2016-07-29,104.86883544921875,1624700.0
2016-08-01,105.78987884521484,1384000.0
2016-08-02,103.30036926269531,672200.0
2016-08-03,103.23654174804688,557300.0
2016-08-04,103.58306121826172,570200.0
2016-08-05,103.82926940917969,413200.0
2016-08-08,104.84149932861328,940000.0
2016-08-09,106.1546401977539,904000.0
2016-08-10,105.92664337158203,885900.0
2016-08-11,105.91754913330078,559500.0
2016-08-12,106.07255554199219,616000.0
2016-08-15,105.58013153076172,625100.0
2016-08-16,104.26700592041016,549000.0
2016-08-17,104.37641906738281,578200.0
2016-08-18,104.60438537597656,378900.0
2016-08-19,103.23654174804688,545400.0
2016-08-22,103.48277282714844,605600.0
2016-08-23,103.00856018066406,930800.0
2016-08-24,103.30949401855469,643200.0
2016-08-25,104.06639862060547,493600.0
2016-08-26,103.82015228271484,425900.0
2016-08-29,104.16669464111328,459800.0
2016-08-30,103.92959594726562,410900.0
2016-08-31,104.0937271118164,481700.0
2016-09-01,104.12108612060547,652600.0
2016-09-02,105.6622085571289,426700.0
2016-09-06,107.25802612304688,631300.0
2016-09-07,108.03315734863281,566600.0
2016-09-08,107.00269317626953,463800.0
2016-09-09,100.60114288330078,1649800.0
2016-09-12,101.68631744384766,1215100.0
2016-09-13,99.38829040527344,1244700.0
2016-09-14,99.1512222290039,915500.0
2016-09-15,99.30623626708984,858600.0
2016-09-16,98.79557037353516,1188100.0
2016-09-19,100.6193618774414,586800.0
2016-09-20,99.5798110961914,731400.0
2016-09-21,100.8017807006836,708600.0
2016-09-22,102.771484375,696500.0
2016-09-23,102.0328140258789,548100.0
2016-09-26,101.58599090576172,540900.0
2016-09-27,102.0328140258789,552000.0
2016-09-28,103.1727066040039,511100.0
2016-09-29,101.76838684082031,456000.0
2016-09-30,102.2790298461914,721600.0
2016-10-03,101.9325180053711,482600.0
2016-10-04,101.85955047607422,1120300.0
2016-10-05,99.44300842285156,961700.0
2016-10-06,99.90808868408203,802700.0
2016-10-07,99.56156158447266,596300.0
2016-10-10,100.1543197631836,294700.0
2016-10-11,98.92324829101562,956700.0
2016-10-12,100.76527404785156,716300.0
2016-10-13,101.39448547363281,511900.0
2016-10-14,102.0328140258789,673700.0
2016-10-17,101.06620788574219,499900.0
2016-10-18,101.54039764404297,378200.0
2016-10-19,102.17874145507812,809700.0
2016-10-20,101.70452880859375,724200.0
2016-10-21,103.5009994506836,907100.0
2016-10-24,105.04209899902344,864300.0
2016-10-25,104.98739624023438,648200.0
2016-10-26,105.10594940185547,779700.0
2016-10-27,104.5588150024414,798700.0
2016-10-28,103.69248962402344,707800.0
2016-10-31,103.30036926269531,985400.0
2016-11-01,101.12092590332031,1315700.0
2016-11-02,97.96572875976562,3455800.0
2016-11-03,98.43082427978516,1819800.0
2016-11-04,96.65258026123047,1704100.0
2016-11-07,98.11164855957031,1608700.0
2016-11-08,99.35181427001953,1058600.0
2016-11-09,94.4366683959961,2987000.0
2016-11-10,91.1903076171875,4107400.0
2016-11-11,90.29664611816406,1969900.0
2016-11-14,88.37252807617188,3357800.0
2016-11-15,88.50930786132812,2253300.0
2016-11-16,90.49724578857422,1514400.0
2016-11-17,91.76480102539062,1354900.0
2016-11-18,91.87422943115234,940400.0
2016-11-21,92.66758728027344,1142100.0
2016-11-22,92.99588775634766,1060100.0
2016-11-23,91.63714599609375,1001700.0
2016-11-25,92.17515563964844,282300.0
2016-11-28,90.84378051757812,773200.0
2016-11-29,91.01703643798828,1078100.0
2016-11-30,90.24192810058594,2430400.0
2016-12-01,87.63387298583984,2002200.0
2016-12-02,88.15365600585938,1134300.0
2016-12-05,89.42121887207031,800600.0
2016-12-06,89.19322204589844,1001500.0
2016-12-07,91.53681945800781,967900.0
2016-12-08,90.54285430908203,933600.0
2016-12-09,89.86804962158203,889400.0
2016-12-12,90.9623031616211,1131300.0
2016-12-13,94.0992660522461,1373400.0
2016-12-14,92.43049621582031,968800.0
2016-12-15,92.9776382446289,614400.0
2016-12-16,92.81346893310547,1061300.0
2016-12-19,95.50363159179688,960200.0
2016-12-20,94.77406311035156,658400.0
2016-12-21,95.35769653320312,552300.0
2016-12-22,95.41240692138672,579000.0
2016-12-23,95.6039047241211,408700.0
2016-12-27,96.05076599121094,417400.0
2016-12-28,94.92911529541016,586100.0
2016-12-29,94.79232025146484,463200.0
2016-12-30,94.16311645507812,609900.0
2017-01-03,96.23310089111328,1269300.0
2017-01-04,96.36991119384766,704600.0
2017-01-05,95.09324645996094,691400.0
2017-01-06,94.40019989013672,623600.0
2017-01-09,93.91690826416016,823200.0
2017-01-10,93.56126403808594,910600.0
2017-01-11,95.48535919189453,1244300.0
2017-01-12,95.85923767089844,526200.0
2017-01-13,96.26959991455078,759100.0
2017-01-17,96.26959991455078,0.0
2017-01-18,97.62832641601562,782500.0
2017-01-19,96.44286346435547,507700.0
2017-01-20,96.23310089111328,846600.0
2017-01-23,95.6039047241211,585800.0
2017-01-24,94.92911529541016,1025800.0
2017-01-25,94.38195037841797,1100000.0
2017-01-26,95.6677474975586,1641200.0
2017-01-27,94.86527252197266,450400.0
2017-01-30,95.11148071289062,458000.0
2017-01-31,95.98689270019531,1092700.0
2017-02-01,94.71025085449219,1082800.0
2017-02-02,95.19355010986328,746000.0
2017-02-03,96.3790283203125,1028200.0
2017-02-06,95.20267486572266,1306100.0
2017-02-07,95.55831909179688,666300.0
2017-02-08,97.4459457397461,1117200.0
2017-02-09,98.14813995361328,1171700.0
2017-02-10,97.5371322631836,768500.0
2017-02-13,99.96282196044922,1067100.0
2017-02-14,99.1512222290039,608700.0
2017-02-15,98.75910186767578,502500.0
2017-02-16,99.3335952758789,689300.0
2017-02-17,98.91412353515625,1008900.0
2017-02-21,100.956787109375,900600.0
2017-02-22,101.82308959960938,772100.0
2017-02-23,101.39448547363281,578500.0
2017-02-24,101.36712646484375,724000.0
2017-02-27,102.85354614257812,958000.0
2017-02-28,105.57101440429688,2793700.0
2017-03-01,105.19713592529297,1334100.0
2017-03-02,105.1241683959961,1000600.0
2017-03-03,104.85061645507812,1256500.0
2017-03-06,105.02387237548828,1089000.0
2017-03-07,105.24274444580078,905000.0
2017-03-08,104.5496826171875,1070700.0
2017-03-09,106.31877136230469,1369900.0
2017-03-10,107.42217254638672,1357700.0
2017-03-13,107.2762680053711,1623500.0
2017-03-14,105.89019012451172,1342600.0
2017-03-15,106.40995788574219,1437300.0
2017-03-16,105.90840911865234,1012300.0
2017-03-17,105.46159362792969,4900100.0
2017-03-20,106.74738311767578,1077700.0
2017-03-21,106.76560974121094,1057800.0
2017-03-22,106.58321380615234,1171300.0
2017-03-23,107.72308349609375,1885900.0
2017-03-24,107.86900329589844,1090900.0
2017-03-27,107.42217254638672,768100.0
2017-03-28,108.10610961914062,1006200.0
2017-03-29,109.22773742675781,824600.0
2017-03-30,108.44351196289062,815100.0
2017-03-31,109.76577758789062,1366300.0
2017-04-03,109.01801300048828,1122600.0
2017-04-04,108.91769409179688,1226400.0
2017-04-05,108.58942413330078,1005200.0
2017-04-06,109.49221801757812,947400.0
2017-04-07,110.49529266357422,1287300.0
2017-04-10,111.24305725097656,789100.0
2017-04-11,113.1124496459961,1798800.0
2017-04-12,112.22789764404297,909600.0
2017-04-13,112.89358520507812,997200.0
2017-04-17,113.96052551269531,855600.0
2017-04-18,114.1246566772461,1083900.0
2017-04-19,114.05171203613281,924600.0
2017-04-20,113.33131408691406,873900.0
2017-04-21,112.87535095214844,656500.0
2017-04-24,112.58353424072266,807800.0
2017-04-25,113.0942153930664,966400.0
2017-04-26,112.75679779052734,752700.0
2017-04-27,114.2887954711914,1087300.0
2017-04-28,115.34661865234375,885200.0
2017-05-01,116.0396499633789,1317400.0
2017-05-02,117.61725616455078,1472000.0
2017-05-03,116.57767486572266,1041200.0
2017-05-04,116.89683532714844,945600.0
2017-05-05,118.20087432861328,1049600.0
2017-05-08,119.84230041503906,1251000.0
2017-05-09,118.3194351196289,1048600.0
2017-05-10,117.80872344970703,811700.0
2017-05-11,116.46826171875,1513200.0
2017-05-12,116.29500579833984,1174700.0
2017-05-15,118.92127990722656,1395500.0
2017-05-16,119.24956512451172,1024000.0
2017-05-17,122.26797485351562,2640800.0
2017-05-18,120.3711929321289,2084900.0
2017-05-19,121.1007080078125,855200.0
2017-05-22,122.04000091552734,595300.0
2017-05-23,122.4776611328125,583700.0
2017-05-24,122.25880432128906,578000.0
2017-05-25,123.60847473144531,1098000.0
2017-05-26,124.03702545166016,665200.0
2017-05-30,125.8243637084961,1858200.0
2017-05-31,126.00675964355469,1692600.0
2017-06-01,126.07059478759766,750600.0
2017-06-02,126.4718246459961,826700.0
2017-06-05,125.7787857055664,705600.0
2017-06-06,124.92160034179688,1197900.0
2017-06-07,123.92762756347656,1064900.0
2017-06-08,122.44119262695312,1311500.0
2017-06-09,122.46858215332031,924800.0
2017-06-12,120.75420379638672,1170900.0
2017-06-13,120.41680145263672,1119800.0
2017-06-14,121.20104217529297,966500.0
2017-06-15,120.57183074951172,692300.0
2017-06-16,121.32869720458984,964700.0
2017-06-19,121.24662780761719,677600.0
2017-06-20,119.96993255615234,894100.0
2017-06-21,119.53224182128906,742700.0
2017-06-22,119.6781234741211,580300.0
2017-06-23,120.28913879394531,2864600.0
2017-06-26,121.1007080078125,723300.0
2017-06-27,123.78173828125,1640600.0
2017-06-28,122.51417541503906,979800.0
2017-06-29,122.66919708251953,860000.0
2017-06-30,123.01570129394531,1076500.0
2017-07-03,122.45033264160156,648200.0
2017-07-05,122.56888580322266,580300.0
2017-07-06,122.52330780029297,925400.0
2017-07-07,124.63887786865234,1045200.0
2017-07-10,122.641845703125,924000.0
2017-07-11,121.83024597167969,794700.0
2017-07-12,124.24679565429688,692500.0
2017-07-13,123.93673706054688,297600.0
2017-07-14,124.46565246582031,704800.0
2017-07-17,124.01880645751953,1130900.0
2017-07-18,125.37754821777344,1028500.0
2017-07-19,126.2621078491211,1064700.0
2017-07-20,123.84553527832031,1095900.0
2017-07-21,124.56594848632812,993200.0
2017-07-24,124.18297576904297,666600.0
2017-07-25,123.51725769042969,830200.0
2017-07-26,123.62671661376953,642100.0
2017-07-27,124.01880645751953,1024600.0
2017-07-28,125.51433563232422,1021000.0
2017-07-31,125.43229675292969,853300.0
2017-08-01,125.32280731201172,1089400.0
2017-08-02,125.8426742553711,832400.0
2017-08-03,126.17092895507812,1347500.0
2017-08-04,127.62995910644531,1037900.0
2017-08-07,127.228759765625,535500.0
2017-08-08,126.04322052001953,493900.0
2017-08-09,126.78186798095703,576600.0
2017-08-10,126.77275848388672,454000.0
2017-08-11,126.08882904052734,733500.0
2017-08-14,128.1132354736328,673700.0
2017-08-15,128.85189819335938,586200.0
2017-08-16,131.0587158203125,1123900.0
2017-08-17,129.68173217773438,788400.0
2017-08-18,130.31089782714844,573600.0
2017-08-21,131.36875915527344,493000.0
2017-08-22,132.76394653320312,759900.0
2017-08-23,133.3475799560547,558600.0
2017-08-24,135.03465270996094,992300.0
2017-08-25,138.7004852294922,4331700.0
2017-08-28,138.9375,2211700.0
2017-08-29,138.60928344726562,1792100.0
2017-08-30,139.55763244628906,2149100.0
2017-08-31,140.022705078125,23507200.0
2017-09-01,137.60617065429688,2486900.0
2017-09-05,137.84324645996094,1809600.0
2017-09-06,137.24139404296875,1351000.0
2017-09-07,137.37820434570312,1169000.0
2017-09-08,136.2838897705078,857500.0
2017-09-11,136.9040069580078,1253800.0
2017-09-12,136.54833984375,1373200.0
2017-09-13,136.01031494140625,1279200.0
2017-09-14,135.66380310058594,1288300.0
2017-09-15,136.77633666992188,1898800.0
2017-09-18,137.2687530517578,974200.0
2017-09-19,132.6089630126953,2382500.0
2017-09-20,133.2107696533203,2256200.0
2017-09-21,132.23509216308594,949000.0
2017-09-22,130.05560302734375,1529400.0
2017-09-25,128.99777221679688,1740100.0
2017-09-26,129.86415100097656,1466600.0
2017-09-27,130.38388061523438,988300.0
2017-09-28,131.0951690673828,1007900.0
2017-09-29,131.35963439941406,992600.0
2017-10-02,130.2835235595703,1052500.0
2017-10-03,131.1042938232422,894700.0
2017-10-04,134.2412567138672,1022000.0
2017-10-05,133.93118286132812,1245400.0
2017-10-06,134.34156799316406,575500.0
2017-10-09,134.71542358398438,635400.0
2017-10-10,135.34461975097656,760600.0
2017-10-11,138.01654052734375,1047300.0
2017-10-12,138.80987548828125,1147300.0
2017-10-13,137.64263916015625,838700.0
2017-10-16,135.97384643554688,1040900.0
2017-10-17,135.381103515625,1051400.0
2017-10-18,134.41453552246094,1360200.0
2017-10-19,134.9616241455078,1625200.0
2017-10-20,134.861328125,834200.0
2017-10-23,134.9525146484375,595000.0
2017-10-24,135.17138671875,737500.0
2017-10-25,133.57554626464844,772400.0
2017-10-26,133.6393585205078,1522100.0
2017-10-27,133.79437255859375,1079000.0
2017-10-30,136.9404296875,2414500.0
2017-10-31,143.33291625976562,2151700.0
2017-11-01,139.13816833496094,1937400.0
2017-11-02,142.3480987548828,1195100.0
2017-11-03,140.91636657714844,715000.0
2017-11-06,149.93508911132812,2398600.0
2017-11-07,151.0567169189453,1369500.0
2017-11-08,154.56752014160156,878000.0
2017-11-09,154.57666015625,886200.0
2017-11-10,154.06602478027344,698800.0
2017-11-13,150.64639282226562,1945500.0
2017-11-14,150.94729614257812,1488000.0
2017-11-15,150.73756408691406,1360900.0
2017-11-16,150.16305541992188,903100.0
2017-11-17,150.65545654296875,1063500.0
2017-11-20,151.0840606689453,692900.0
2017-11-21,153.04466247558594,1047700.0
2017-11-22,152.2695770263672,481500.0
2017-11-24,154.76821899414062,568200.0
2017-11-27,157.16648864746094,1134600.0
2017-11-28,156.9293975830078,1005100.0
2017-11-29,154.8046112060547,1285200.0
2017-11-30,154.79556274414062,1372100.0
2017-12-01,154.25755310058594,807400.0
2017-12-04,147.9106903076172,914600.0
2017-12-05,149.43357849121094,1246700.0
2017-12-06,151.7406768798828,623800.0
2017-12-07,151.99600219726562,1232900.0
2017-12-08,150.63726806640625,564900.0
2017-12-11,151.9321746826172,1090600.0
2017-12-12,151.07498168945312,878600.0
2017-12-13,150.8561248779297,954400.0
2017-12-14,151.19351196289062,1046100.0
2017-12-15,149.26025390625,1995900.0
2017-12-18,147.53680419921875,1217400.0
2017-12-19,144.07159423828125,1747100.0
2017-12-20,144.0624542236328,1205800.0
2017-12-21,143.93478393554688,764600.0
2017-12-22,146.10513305664062,602900.0
2017-12-26,145.74034118652344,364000.0
2017-12-27,147.053466796875,569000.0
2017-12-28,148.64024353027344,508700.0
2017-12-29,148.9684600830078,592400.0
2018-01-02,146.4789581298828,931600.0
2018-01-03,148.31192016601562,773300.0
2018-01-04,147.50027465820312,1055800.0
2018-01-05,148.52166748046875,826800.0
2018-01-08,148.53988647460938,827900.0
2018-01-09,149.14175415039062,684200.0
2018-01-10,146.71609497070312,915000.0
2018-01-11,143.624755859375,959800.0
2018-01-12,142.20216369628906,877600.0
2018-01-16,145.7677001953125,1412800.0
2018-01-17,147.24497985839844,751100.0
2018-01-18,147.4091033935547,1441200.0
2018-01-19,151.1844024658203,1618000.0
2018-01-22,152.88052368164062,1027700.0
2018-01-23,153.42767333984375,834700.0
2018-01-24,154.06602478027344,627500.0
2018-01-25,155.28797912597656,1038100.0
2018-01-26,157.10269165039062,802500.0
2018-01-29,154.58580017089844,789700.0
2018-01-30,154.7590789794922,1159800.0
2018-01-31,159.12710571289062,1399200.0
2018-02-01,159.33682250976562,1340900.0
2018-02-02,157.95069885253906,777700.0
2018-02-05,153.44593811035156,1336000.0
2018-02-06,151.3759002685547,2522700.0
2018-02-07,151.8409881591797,1075500.0
2018-02-08,145.7677001953125,1271700.0
2018-02-09,145.6582794189453,1305800.0
2018-02-12,145.5670928955078,1271700.0
2018-02-13,147.1993408203125,1249100.0
2018-02-14,148.23895263671875,1392100.0
2018-02-15,152.37904357910156,1146400.0
2018-02-16,154.22105407714844,1438200.0
2018-02-20,154.76821899414062,819000.0
2018-02-21,154.56752014160156,1210200.0
2018-02-22,156.04486083984375,1011600.0
2018-02-23,157.69537353515625,887500.0
2018-02-26,157.5129852294922,1298300.0
2018-02-27,148.8225555419922,2728600.0
2018-02-28,143.4149932861328,1996500.0
2018-03-01,141.30848693847656,1396000.0
2018-03-02,139.4390869140625,1627000.0
2018-03-05,142.87696838378906,1335900.0
2018-03-06,142.71282958984375,1078400.0
2018-03-07,144.78286743164062,1347200.0
2018-03-08,149.74362182617188,1129000.0
2018-03-09,151.82273864746094,1120900.0
2018-03-12,154.029541015625,784400.0
2018-03-13,155.33355712890625,1039500.0
2018-03-14,155.2332763671875,999400.0
2018-03-15,154.8411102294922,909000.0
2018-03-16,153.82894897460938,1168700.0
2018-03-19,154.0751495361328,1176900.0
2018-03-20,154.41250610351562,1368700.0
2018-03-21,152.3699188232422,1103100.0
2018-03-22,154.4854736328125,1316900.0
2018-03-23,153.99307250976562,1312800.0
2018-03-26,158.1513214111328,802400.0
2018-03-27,155.11471557617188,1296400.0
2018-03-28,155.44297790527344,868000.0
2018-03-29,155.8624267578125,1144400.0
2018-04-02,154.22105407714844,972400.0
2018-04-03,153.81065368652344,1047600.0
2018-04-04,155.33355712890625,672600.0
2018-04-05,156.5646209716797,690400.0
2018-04-06,154.7772979736328,849600.0
2018-04-09,156.46432495117188,810900.0
2018-04-10,148.70407104492188,5422600.0
2018-04-11,149.90773010253906,1557300.0
2018-04-12,149.96246337890625,1461000.0
2018-04-13,150.0445098876953,1067600.0
2018-04-16,151.51266479492188,692500.0
2018-04-17,152.98995971679688,880500.0
2018-04-18,153.0537872314453,640600.0
2018-04-19,151.02024841308594,1031300.0
2018-04-20,151.0931854248047,765100.0
2018-04-23,151.21180725097656,780800.0
2018-04-24,150.40016174316406,1112000.0
2018-04-25,149.99893188476562,1138600.0
2018-04-26,150.6645965576172,1031100.0
2018-04-27,144.94700622558594,1825500.0
2018-04-30,146.11422729492188,1846000.0
2018-05-01,143.624755859375,1880000.0
2018-05-02,142.12008666992188,1592700.0
2018-05-03,142.4027862548828,992400.0
2018-05-04,145.12025451660156,696900.0
2018-05-07,143.7159423828125,653300.0
2018-05-08,143.53355407714844,877000.0
2018-05-09,144.9378662109375,481700.0
2018-05-10,147.68270874023438,791500.0
2018-05-11,145.9956817626953,760300.0
2018-05-14,144.07159423828125,648200.0
2018-05-15,143.7797393798828,874900.0
2018-05-16,143.85269165039062,514600.0
2018-05-17,143.63388061523438,526300.0
2018-05-18,143.79798889160156,961200.0
2018-05-21,145.6947784423828,593700.0
2018-05-22,143.43319702148438,891600.0
2018-05-23,144.03509521484375,589400.0
2018-05-24,142.98638916015625,602900.0
2018-05-25,143.9985809326172,571400.0
2018-05-29,144.71897888183594,663400.0
2018-05-30,144.96522521972656,532500.0
2018-05-31,144.14451599121094,983100.0
2018-06-01,144.5183868408203,425400.0
2018-06-04,145.81326293945312,434500.0
2018-06-05,145.60354614257812,795700.0
2018-06-06,143.93478393554688,762400.0
2018-06-07,143.67945861816406,945100.0
2018-06-08,143.4605712890625,680200.0
2018-06-11,144.1627655029297,459200.0
2018-06-12,146.58839416503906,821400.0
2018-06-13,142.59426879882812,744300.0
2018-06-14,143.1687469482422,904300.0
2018-06-15,142.41183471679688,1081600.0
2018-06-18,143.94390869140625,679900.0
2018-06-19,144.4910430908203,1087400.0
2018-06-20,144.8102264404297,596400.0
2018-06-21,146.42425537109375,712200.0
2018-06-22,147.7830047607422,686700.0
2018-06-25,148.20245361328125,819400.0
2018-06-26,149.72537231445312,1455000.0
2018-06-27,149.78009033203125,1228400.0
2018-06-28,150.40016174316406,735300.0
2018-06-29,150.5734100341797,836400.0
2018-07-02,150.1812744140625,867100.0
2018-07-03,148.38485717773438,618900.0
2018-07-05,151.40325927734375,585400.0
2018-07-06,150.8834686279297,785500.0
2018-07-09,148.68582153320312,906900.0
2018-07-10,150.9108123779297,783400.0
2018-07-11,150.2269287109375,618700.0
2018-07-12,150.7558135986328,623600.0
2018-07-13,150.1083526611328,530500.0
2018-07-16,148.75869750976562,607400.0
2018-07-17,149.26943969726562,925300.0
2018-07-18,148.1295166015625,755000.0
2018-07-19,148.30279541015625,484900.0
2018-07-20,147.96539306640625,569900.0
2018-07-23,147.2814483642578,572300.0
2018-07-24,146.19630432128906,1676800.0
2018-07-25,146.52459716796875,1703000.0
2018-07-26,147.20849609375,1521200.0
2018-07-27,145.96832275390625,609300.0
2018-07-30,144.2721710205078,1338600.0
2018-07-31,144.30865478515625,2149200.0
2018-08-01,147.3361358642578,3144200.0
2018-08-02,143.3511505126953,1437200.0
2018-08-03,144.5275115966797,1750300.0
2018-08-06,144.8740234375,943300.0
2018-08-07,144.1354217529297,537500.0
2018-08-08,143.36940002441406,885000.0
2018-08-09,143.1231689453125,429700.0
2018-08-10,142.3480987548828,574900.0
2018-08-13,141.52732849121094,871300.0
2018-08-14,141.16262817382812,797000.0
2018-08-15,141.3905487060547,657900.0
2018-08-16,141.98333740234375,941000.0
2018-08-17,143.91651916503906,729600.0
2018-08-20,143.98947143554688,814500.0
2018-08-21,142.81314086914062,471000.0
2018-08-22,140.52423095703125,852400.0
2018-08-23,140.6063232421875,472800.0
2018-08-24,142.28424072265625,683000.0
2018-08-27,142.9954833984375,574600.0
2018-08-28,142.84048461914062,601300.0
2018-08-29,143.652099609375,445200.0
2018-08-30,140.67013549804688,1054800.0
2018-08-31,141.5547332763672,1081900.0
2018-09-04,142.18392944335938,800000.0
2018-09-05,142.9225616455078,778500.0
2018-09-06,144.1354217529297,914700.0
2018-09-07,144.2448272705078,829900.0
2018-09-10,145.08377075195312,568800.0
2018-09-11,144.3177947998047,426200.0
2018-09-12,144.53660583496094,549400.0
2018-09-13,146.84378051757812,513400.0
2018-09-14,145.59446716308594,659700.0
2018-09-17,145.521484375,403400.0
2018-09-18,146.63401794433594,721200.0
2018-09-19,146.36953735351562,467900.0
2018-09-20,146.6522674560547,405400.0
2018-09-21,146.3877716064453,1152600.0
2018-09-24,145.3938751220703,598200.0
2018-09-25,144.78286743164062,669000.0
2018-09-26,144.54571533203125,502100.0
2018-09-27,144.53660583496094,464500.0
2018-09-28,146.4789581298828,740500.0
2018-10-01,143.52439880371094,469600.0
2018-10-02,142.63986206054688,587200.0
2018-10-03,140.98934936523438,1077200.0
2018-10-04,139.7400665283203,577000.0
2018-10-05,139.35699462890625,669000.0
2018-10-08,141.25375366210938,543500.0
2018-10-09,142.11094665527344,441700.0
2018-10-10,139.52114868164062,974100.0
2018-10-11,133.7305450439453,1149600.0
2018-10-12,134.60601806640625,1287300.0
2018-10-15,135.99208068847656,610400.0
2018-10-16,139.41172790527344,531000.0
2018-10-17,138.9192657470703,422800.0
2018-10-18,139.80381774902344,1036500.0
2018-10-19,140.7796173095703,704600.0
2018-10-22,140.04092407226562,1291000.0
2018-10-23,140.4056854248047,711200.0
2018-10-24,140.8525390625,686800.0
2018-10-25,142.3754425048828,820500.0
2018-10-26,137.88890075683594,889600.0
2018-10-29,141.12612915039062,1062200.0
2018-10-30,147.92892456054688,1283700.0
2018-10-31,147.8833465576172,1348600.0
2018-11-01,149.39707946777344,650500.0
2018-11-02,150.3454132080078,738000.0
2018-11-05,151.94125366210938,898400.0
2018-11-06,151.5674591064453,1069800.0
2018-11-07,155.5797576904297,1043400.0
2018-11-08,156.4096221923828,1083900.0
2018-11-09,156.4004669189453,911300.0
2018-11-12,156.7561492919922,770700.0
2018-11-13,157.2759246826172,1228100.0
2018-11-14,156.88377380371094,824200.0
2018-11-15,155.17857360839844,1008800.0
2018-11-16,156.8655548095703,679600.0
2018-11-19,157.88690185546875,825100.0
2018-11-20,153.90182495117188,1341500.0
2018-11-21,152.84405517578125,1309300.0
2018-11-23,151.04762268066406,291500.0
2018-11-26,151.42147827148438,680000.0
2018-11-27,150.64639282226562,846500.0
2018-11-28,153.5279998779297,639700.0
2018-11-29,153.7012176513672,626100.0
2018-11-30,155.7621612548828,934700.0
2018-12-03,154.98707580566406,1047800.0
2018-12-04,154.86849975585938,686000.0
2018-12-06,156.4004669189453,1083100.0
2018-12-07,153.35470581054688,599400.0
2018-12-10,153.99307250976562,798600.0
2018-12-11,156.19989013671875,779100.0
2018-12-12,154.0842742919922,739300.0
2018-12-13,157.04791259765625,817900.0
2018-12-14,157.3032989501953,866900.0
2018-12-17,150.1083526611328,1246300.0
2018-12-18,150.86526489257812,948000.0
2018-12-19,150.55517578125,1170300.0
2018-12-20,149.00497436523438,1042900.0
2018-12-21,147.53680419921875,1977000.0
2018-12-24,144.19923400878906,830500.0
2018-12-26,149.79833984375,1044500.0
2018-12-27,148.81346130371094,687800.0
2018-12-28,148.17514038085938,575700.0
2018-12-31,147.62799072265625,814900.0
2019-01-02,146.58839416503906,805800.0
2019-01-03,148.22068786621094,804200.0
2019-01-04,148.58544921875,743900.0
2019-01-07,150.09011840820312,593900.0
2019-01-08,152.52488708496094,763300.0
2019-01-09,150.40928649902344,523000.0
2019-01-10,153.24533081054688,486100.0
2019-01-11,154.83200073242188,451200.0
2019-01-14,154.25755310058594,647200.0
2019-01-15,155.47947692871094,525800.0
2019-01-16,157.36712646484375,695100.0
2019-01-17,158.1787109375,634500.0
2019-01-18,157.80482482910156,1068100.0
2019-01-22,157.90509033203125,638700.0
2019-01-23,160.0389862060547,834500.0
2019-01-24,160.97824096679688,569400.0
2019-01-25,161.653076171875,957400.0
2019-01-28,161.9722137451172,542300.0
2019-01-29,163.0117950439453,666700.0
2019-01-30,163.05738830566406,712900.0
2019-01-31,166.4496612548828,878400.0
2019-02-01,165.18212890625,590700.0
2019-02-04,166.3858184814453,572300.0
2019-02-05,168.32818603515625,754700.0
2019-02-06,165.4374237060547,542700.0
2019-02-07,167.470947265625,370000.0
2019-02-08,167.07884216308594,515300.0
2019-02-11,167.7628173828125,505200.0
2019-02-12,167.06973266601562,403800.0
2019-02-13,168.10018920898438,423600.0
2019-02-14,167.96343994140625,432600.0
2019-02-15,169.1580047607422,1332700.0
2019-02-19,167.37977600097656,873800.0
2019-02-20,166.86912536621094,652800.0
2019-02-21,166.5682373046875,776000.0
2019-02-22,166.4678497314453,992300.0
2019-02-25,165.1365203857422,656800.0
2019-02-26,165.04530334472656,556100.0
2019-02-27,164.51641845703125,347500.0
2019-02-28,164.65321350097656,999000.0
2019-03-01,166.06666564941406,684400.0
2019-03-04,166.40406799316406,839100.0
2019-03-05,166.05751037597656,734900.0
2019-03-06,166.23995971679688,399500.0
2019-03-07,167.2247772216797,707900.0
2019-03-08,167.30686950683594,511700.0
2019-03-11,169.53189086914062,568100.0
2019-03-12,170.63528442382812,579500.0
2019-03-13,172.31320190429688,710300.0
2019-03-14,172.7509002685547,490200.0
2019-03-15,174.12789916992188,1102900.0
2019-03-18,174.6841278076172,733700.0
2019-03-19,174.9850311279297,667900.0
2019-03-20,175.64161682128906,632600.0
2019-03-21,178.7967987060547,810500.0
2019-03-22,179.7543182373047,999200.0
2019-03-25,178.34999084472656,759800.0
2019-03-26,177.8210906982422,655200.0
2019-03-27,176.68121337890625,824500.0
2019-03-28,177.7572479248047,1077200.0
2019-03-29,182.07057189941406,1491800.0
2019-04-01,180.4747314453125,1041500.0
2019-04-02,182.05227661132812,758300.0
2019-04-03,182.49000549316406,571200.0
2019-04-04,180.67538452148438,922200.0
2019-04-05,183.30162048339844,699200.0
2019-04-08,183.73931884765625,530800.0
2019-04-09,183.46578979492188,612200.0
2019-04-10,184.687744140625,443500.0
2019-04-11,185.4081268310547,505200.0
2019-04-12,186.24708557128906,419800.0
2019-04-15,185.21661376953125,424600.0
2019-04-16,181.35922241210938,483700.0
2019-04-17,179.91847229003906,667100.0
2019-04-18,180.72096252441406,630300.0
2019-04-22,181.8060760498047,472600.0
2019-04-23,182.36236572265625,454000.0
2019-04-24,183.1465301513672,387300.0
2019-04-25,181.95204162597656,435400.0
2019-04-26,183.35638427734375,390600.0
2019-04-29,182.2073516845703,639500.0
2019-04-30,185.7820281982422,892400.0
2019-05-01,185.85499572753906,768100.0
2019-05-02,186.2014617919922,853200.0
2019-05-03,188.6909637451172,529000.0
2019-05-06,187.88848876953125,390100.0
2019-05-07,186.34735107421875,665300.0
2019-05-08,189.6211395263672,729800.0
2019-05-09,189.04660034179688,551700.0
2019-05-10,191.85525512695312,591500.0
2019-05-13,190.8339385986328,433200.0
2019-05-14,191.01634216308594,479900.0
2019-05-15,191.8643798828125,572300.0
2019-05-16,193.60614013671875,424800.0
2019-05-17,191.48138427734375,525700.0
2019-05-20,185.32601928710938,1491200.0
2019-05-21,187.3960723876953,701500.0
2019-05-22,188.61802673339844,468500.0
2019-05-23,191.5269775390625,440000.0
2019-05-24,190.3506317138672,492100.0
2019-05-28,185.87319946289062,1318100.0
2019-05-29,185.81849670410156,912200.0
2019-05-30,193.87969970703125,1054400.0
2019-05-31,197.3449249267578,994300.0
2019-06-03,198.26596069335938,762500.0
2019-06-04,198.3024444580078,492200.0
2019-06-05,201.2752227783203,608900.0
2019-06-06,201.96823120117188,465400.0
2019-06-07,201.07461547851562,462700.0
2019-06-10,202.02297973632812,460900.0
2019-06-11,203.60057067871094,410800.0
2019-06-12,206.86520385742188,791600.0
2019-06-13,204.72222900390625,855100.0
2019-06-14,206.5460205078125,788600.0
2019-06-17,207.68589782714844,926300.0
2019-06-18,209.32733154296875,782500.0
2019-06-19,212.91110229492188,596100.0
2019-06-20,213.09347534179688,524100.0
2019-06-21,211.4794464111328,837600.0
2019-06-24,212.03570556640625,441200.0
2019-06-25,208.21484375,437800.0
2019-06-26,203.8103485107422,607800.0
2019-06-27,205.0231475830078,364400.0
2019-06-28,205.0323028564453,832700.0
2019-07-01,205.16905212402344,616100.0
2019-07-02,210.12069702148438,639300.0
2019-07-03,213.6497039794922,313500.0
2019-07-05,212.11776733398438,381100.0
2019-07-08,212.8563995361328,360200.0
2019-07-09,214.06927490234375,564700.0
2019-07-10,215.18174743652344,509100.0
2019-07-11,214.4613494873047,429600.0
2019-07-12,213.3579559326172,374900.0
2019-07-15,214.54342651367188,538900.0
2019-07-16,211.8441925048828,465500.0
2019-07-17,211.42474365234375,432500.0
2019-07-18,211.3791046142578,845300.0
2019-07-19,208.27865600585938,445200.0
2019-07-22,210.01126098632812,578600.0
2019-07-23,212.62838745117188,393700.0
2019-07-24,213.45826721191406,602400.0
2019-07-25,213.1938018798828,340300.0
2019-07-26,215.95687866210938,412800.0
2019-07-29,216.10276794433594,901500.0
2019-07-30,226.5440673828125,1014600.0
2019-07-31,223.79010009765625,814500.0
2019-08-01,225.048583984375,723800.0
2019-08-02,226.71728515625,708900.0
2019-08-05,223.39801025390625,530600.0
2019-08-06,226.13369750976562,569200.0
2019-08-07,225.90573120117188,532800.0
2019-08-08,230.31019592285156,468200.0
2019-08-09,231.88780212402344,315100.0
2019-08-12,232.38937377929688,385500.0
2019-08-13,236.88504028320312,623100.0
2019-08-14,232.3072967529297,676700.0
2019-08-15,236.9580078125,457900.0
2019-08-16,237.3592529296875,1251800.0
2019-08-19,237.86085510253906,642700.0
2019-08-20,237.14041137695312,342600.0
2019-08-21,237.47779846191406,384700.0
2019-08-22,237.5780792236328,414700.0
2019-08-23,237.82435607910156,713500.0
2019-08-26,241.6451416015625,480400.0
2019-08-27,241.84609985351562,464600.0
2019-08-28,240.30282592773438,409300.0
2019-08-29,239.72747802734375,421100.0
2019-08-30,239.645263671875,497800.0
2019-09-03,242.7866973876953,552100.0
2019-09-04,245.90057373046875,610700.0
2019-09-05,240.34852600097656,632200.0
2019-09-06,239.5996856689453,413200.0
2019-09-09,230.12086486816406,869100.0
2019-09-10,220.15809631347656,1373200.0
2019-09-11,221.208251953125,1059800.0
2019-09-12,224.55050659179688,858200.0
2019-09-13,222.3771209716797,742500.0
2019-09-16,224.9066162109375,512900.0
2019-09-17,231.02490234375,654800.0
2019-09-18,231.3902130126953,647600.0
2019-09-19,229.3994903564453,737500.0
2019-09-20,234.47671508789062,941900.0
2019-09-23,233.38095092773438,517400.0
2019-09-24,232.65040588378906,781500.0
2019-09-25,224.65090942382812,1238500.0
2019-09-26,224.61439514160156,1075900.0
2019-09-27,216.2679901123047,1157300.0
2019-09-30,220.21286010742188,806900.0
2019-10-01,216.49623107910156,704400.0
2019-10-02,213.48277282714844,622900.0
2019-10-03,216.67889404296875,818500.0
2019-10-04,216.03968811035156,449100.0
2019-10-07,215.8296661376953,414700.0
2019-10-08,216.56930541992188,740500.0
2019-10-09,217.92079162597656,375900.0
2019-10-10,221.73793029785156,599200.0
2019-10-11,220.505126953125,504500.0
2019-10-14,219.94810485839844,298400.0
2019-10-15,218.25868225097656,352900.0
2019-10-16,212.7156982421875,839700.0
2019-10-17,219.1992645263672,803300.0
2019-10-18,222.9068145751953,931500.0
2019-10-21,224.486572265625,506600.0
2019-10-22,223.7103729248047,788300.0
2019-10-23,226.44989013671875,762900.0
2019-10-24,225.15318298339844,728200.0
2019-10-25,222.9524383544922,462100.0
2019-10-28,221.4547576904297,723400.0
2019-10-29,217.95733642578125,986300.0
2019-10-30,220.88865661621094,448000.0
2019-10-31,219.75634765625,524700.0
2019-11-01,219.32711791992188,539000.0
2019-11-04,214.2315673828125,435200.0
2019-11-05,208.8986358642578,924000.0
2019-11-06,211.40072631835938,424000.0
2019-11-07,207.0448760986328,619200.0
2019-11-08,208.6246795654297,377300.0
2019-11-11,208.77076721191406,415100.0
2019-11-12,206.73443603515625,637400.0
2019-11-13,211.23635864257812,707900.0
2019-11-14,214.57855224609375,519200.0
2019-11-15,216.66058349609375,643700.0
2019-11-18,215.6561737060547,406700.0
2019-11-19,219.1536102294922,485800.0
2019-11-20,220.18707275390625,505700.0
2019-11-21,217.40675354003906,452600.0
2019-11-22,212.50454711914062,416800.0
2019-11-25,211.76373291015625,738100.0
2019-11-26,216.8396759033203,1335100.0
2019-11-27,217.25123596191406,503400.0
2019-11-29,216.272705078125,239500.0
2019-12-02,212.3124542236328,458500.0
2019-12-03,214.90077209472656,341000.0
2019-12-04,215.25746154785156,348300.0
2019-12-05,215.78793334960938,277400.0
2019-12-06,216.29092407226562,399700.0
2019-12-09,217.44332885742188,324600.0
2019-12-10,215.4770050048828,540000.0
2019-12-11,215.6324462890625,554500.0
2019-12-12,208.5718231201172,676800.0
2019-12-13,215.3671875,749300.0
2019-12-16,214.63555908203125,994800.0
2019-12-17,208.1602783203125,1537400.0
2019-12-18,213.92214965820312,1750600.0
2019-12-19,217.80918884277344,882100.0
2019-12-20,220.61691284179688,1202000.0
2019-12-23,220.05899047851562,377800.0
2019-12-24,219.63832092285156,203000.0
2019-12-26,220.6534881591797,257300.0
2019-12-27,220.79074096679688,312700.0
2019-12-30,218.1201171875,805300.0
2019-12-31,220.40660095214844,787000.0
2020-01-02,218.46766662597656,555800.0
2020-01-03,220.4431610107422,787400.0
2020-01-06,220.64437866210938,810600.0
2020-01-07,217.1689453125,539300.0
2020-01-08,219.5286102294922,547800.0
2020-01-09,220.5986328125,358900.0
2020-01-10,223.91864013671875,387000.0
2020-01-13,228.69276428222656,669000.0
2020-01-14,227.42149353027344,526300.0
2020-01-15,228.1897430419922,352200.0
2020-01-16,229.31468200683594,698000.0
2020-01-17,230.51280212402344,533200.0
2020-01-21,232.70782470703125,650200.0
2020-01-22,231.0341033935547,586000.0
2020-01-23,233.2291259765625,387300.0
2020-01-24,231.5279541015625,316600.0
2020-01-27,231.1530303955078,482300.0
2020-01-28,230.24758911132812,574100.0
2020-01-29,228.04342651367188,449300.0
2020-01-30,232.06759643554688,557100.0
2020-01-31,228.24461364746094,537800.0
2020-02-03,228.26292419433594,518500.0
2020-02-04,232.46087646484375,411700.0
2020-02-05,232.8267059326172,357600.0
2020-02-06,234.59185791015625,508600.0
2020-02-07,236.71372985839844,363800.0
2020-02-10,242.12808227539062,717900.0
2020-02-11,259.7429504394531,1776900.0
2020-02-12,267.8006286621094,1099000.0
2020-02-13,265.02935791015625,611800.0
2020-02-14,269.4467468261719,425200.0
2020-02-18,266.80364990234375,581200.0
2020-02-19,265.09332275390625,576300.0
2020-02-20,267.1786193847656,606300.0
2020-02-21,270.3979187011719,1696000.0
2020-02-24,270.2699890136719,825400.0
2020-02-25,266.2275085449219,881600.0
2020-02-26,263.657470703125,844400.0
2020-02-27,248.66738891601562,1324900.0
2020-02-28,242.44821166992188,1941700.0
2020-03-02,260.7032165527344,1231500.0
2020-03-03,262.1758117675781,1193900.0
2020-03-04,277.33966064453125,1180800.0
2020-03-05,274.66912841796875,1020600.0
2020-03-06,261.17889404296875,1049600.0
2020-03-09,242.49551391601562,1079100.0
2020-03-10,258.2337341308594,1176900.0
2020-03-11,251.64715576171875,1096000.0
2020-03-12,241.8084716796875,1721500.0
2020-03-13,258.2337341308594,1530100.0
2020-03-16,235.16683959960938,1664800.0
2020-03-17,251.4272918701172,1576700.0
2020-03-18,238.40982055664062,1528900.0
2020-03-19,224.56781005859375,1396200.0
2020-03-20,210.08457946777344,1384300.0
2020-03-23,197.37857055664062,1736200.0
2020-03-24,221.9111785888672,1703100.0
2020-03-25,222.73562622070312,1178900.0
2020-03-26,242.29391479492188,1038400.0
2020-03-27,239.44496154785156,849700.0
2020-03-30,255.27481079101562,824700.0
2020-03-31,247.31411743164062,1856000.0
2020-04-01,238.61131286621094,834500.0
2020-04-02,251.86695861816406,1091700.0
2020-04-03,242.57789611816406,668600.0
2020-04-06,254.17552185058594,1380500.0
2020-04-07,253.44264221191406,734100.0
2020-04-08,276.7110595703125,864100.0
2020-04-09,280.1463623046875,1386200.0
2020-04-13,264.7471008300781,601700.0
2020-04-14,277.21490478515625,805800.0
2020-04-15,276.4912109375,661200.0
2020-04-16,282.7938537597656,584900.0
2020-04-17,288.4093017578125,762700.0
2020-04-20,275.0713195800781,585500.0
2020-04-21,269.3550109863281,555800.0
2020-04-22,280.83343505859375,608200.0
2020-04-23,280.9341735839844,637200.0
2020-04-24,280.1280212402344,731700.0
2020-04-27,282.8854064941406,653000.0
2020-04-28,279.6883850097656,662500.0
2020-04-29,267.0097961425781,1031500.0
2020-04-30,265.58984375,1679300.0
2020-05-01,262.69512939453125,584100.0
2020-05-04,264.28900146484375,797600.0
2020-05-05,269.7947692871094,730900.0
2020-05-06,264.1516418457031,818900.0
2020-05-07,262.1177978515625,874600.0
2020-05-08,267.3670654296875,708500.0
2020-05-11,271.672607421875,1005600.0
2020-05-12,264.90289306640625,666000.0
2020-05-13,260.2491149902344,789400.0
2020-05-14,259.1864929199219,682000.0
2020-05-15,260.2582702636719,596300.0
2020-05-18,265.04937744140625,847300.0
2020-05-19,260.4415588378906,473500.0
2020-05-20,259.93768310546875,505400.0
2020-05-21,257.68414306640625,495500.0
2020-05-22,265.62652587890625,858600.0
2020-05-26,268.8602600097656,771600.0
2020-05-27,277.9117736816406,639400.0
2020-05-28,285.0684814453125,564500.0
2020-05-29,288.2247619628906,727300.0
2020-06-01,291.4820861816406,715700.0
2020-06-02,292.0141906738281,609600.0
2020-06-03,288.97723388671875,606200.0
2020-06-04,275.8014221191406,864100.0
2020-06-05,272.6725769042969,1385200.0
2020-06-08,270.34210205078125,1122800.0
2020-06-09,282.8298034667969,875200.0
2020-06-10,280.8753967285156,583500.0
2020-06-11,266.084716796875,1060400.0
2020-06-12,272.84698486328125,597700.0
2020-06-15,274.6820983886719,582700.0
2020-06-16,277.1318664550781,690400.0
2020-06-17,273.3240661621094,773500.0
2020-06-18,265.4332275390625,792100.0
2020-06-19,277.3703308105469,2357800.0
2020-06-22,272.6175842285156,844800.0
2020-06-23,269.5529479980469,661600.0
2020-06-24,264.03863525390625,1086500.0
2020-06-25,265.4332275390625,1002800.0
2020-06-26,269.92919921875,4149300.0
2020-06-29,265.3323974609375,632900.0
2020-06-30,273.35162353515625,772000.0
2020-07-01,276.498779296875,623300.0
2020-07-02,275.7922058105469,594400.0
2020-07-06,277.4530029296875,728600.0
2020-07-07,280.2972412109375,549200.0
2020-07-08,278.17779541015625,489700.0
2020-07-09,282.3984680175781,380600.0
2020-07-10,279.3155517578125,521500.0
2020-07-13,267.6721496582031,741300.0
2020-07-14,272.6175842285156,712600.0
2020-07-15,268.7547607421875,745400.0
2020-07-16,267.5160827636719,393300.0
2020-07-17,273.0947265625,397500.0
2020-07-20,275.9757995605469,472800.0
2020-07-21,272.3699035644531,480500.0
2020-07-22,273.6085205078125,319200.0
2020-07-23,274.048828125,537500.0
2020-07-24,274.048828125,520200.0
2020-07-27,279.3797607421875,671300.0
2020-07-28,286.49066162109375,774900.0
2020-07-29,291.3812255859375,665600.0
2020-07-30,285.72906494140625,707900.0
2020-07-31,285.8483581542969,530800.0
2020-08-03,280.20562744140625,441400.0
2020-08-04,284.71978759765625,896500.0
2020-08-05,281.2056884765625,412300.0
2020-08-06,281.9855651855469,514500.0
2020-08-07,285.6098327636719,324200.0
2020-08-10,276.0216064453125,808100.0
2020-08-11,271.2596740722656,663500.0
2020-08-12,279.2880859375,484000.0
2020-08-13,279.5082702636719,316700.0
2020-08-14,278.1686706542969,271200.0
2020-08-17,282.36175537109375,357700.0
2020-08-18,282.1141052246094,359000.0
2020-08-19,273.6268005371094,587800.0
2020-08-20,275.085693359375,249300.0
2020-08-21,280.25140380859375,423600.0
2020-08-24,277.0765686035156,406700.0
2020-08-25,279.7874450683594,359700.0
2020-08-26,278.8591613769531,373400.0
2020-08-27,281.1289978027344,419600.0
2020-08-28,281.3680114746094,313000.0
2020-08-31,281.2576904296875,483100.0
2020-09-01,281.7630920410156,308400.0
2020-09-02,288.7010498046875,548400.0
2020-09-03,281.9009094238281,509300.0
2020-09-04,275.9461669921875,480400.0
2020-09-08,281.00042724609375,729800.0
2020-09-09,287.95672607421875,908800.0
2020-09-10,278.7857971191406,562400.0
2020-09-11,279.8793029785156,344900.0
2020-09-14,284.584228515625,389400.0
2020-09-15,297.1369323730469,558900.0
2020-09-16,296.02484130859375,577900.0
2020-09-17,287.02862548828125,483800.0
2020-09-18,283.6744384765625,703700.0
2020-09-21,280.32958984375,655000.0
2020-09-22,287.8097229003906,506700.0
2020-09-23,280.3939514160156,537000.0
2020-09-24,281.44146728515625,633200.0
2020-09-25,288.563232421875,650800.0
2020-09-28,285.31024169921875,649200.0
2020-09-29,288.42535400390625,403600.0
2020-09-30,292.66168212890625,627900.0
2020-10-01,289.6291198730469,873800.0
2020-10-02,292.3307189941406,661300.0
2020-10-05,295.83203125,573800.0
2020-10-06,289.5004577636719,469100.0
2020-10-07,287.9107666015625,360600.0
2020-10-08,289.75787353515625,499800.0
2020-10-09,289.12371826171875,420600.0
2020-10-12,288.4804992675781,556600.0
2020-10-13,283.7846984863281,730300.0
2020-10-14,281.7447204589844,323100.0
2020-10-15,285.3653259277344,402700.0
2020-10-16,285.0988464355469,300700.0
2020-10-19,282.8291015625,364800.0
2020-10-20,281.75396728515625,318000.0
2020-10-21,282.36041259765625,324000.0
2020-10-22,270.17535400390625,951500.0
2020-10-23,277.6187438964844,632200.0
2020-10-26,278.73980712890625,435600.0
2020-10-27,277.3614196777344,448500.0
2020-10-28,271.4710388183594,648600.0
2020-10-29,271.1035461425781,591000.0
2020-10-30,266.8304748535156,518300.0
2020-11-02,269.72509765625,548700.0
2020-11-03,267.4186096191406,1102300.0
2020-11-04,277.5359802246094,545100.0
2020-11-05,281.0279541015625,437100.0
2020-11-06,281.7630920410156,503900.0
2020-11-09,273.3548889160156,940400.0
2020-11-10,267.0785827636719,793100.0
2020-11-11,274.3840637207031,767300.0
2020-11-12,272.8952941894531,547400.0
2020-11-13,279.3554992675781,408500.0
2020-11-16,271.4618835449219,571000.0
2020-11-17,274.55865478515625,418500.0
2020-11-18,274.7474060058594,503500.0
2020-11-19,274.04791259765625,460000.0
2020-11-20,266.997802734375,662500.0
2020-11-23,263.4728698730469,608100.0
2020-11-24,257.60101318359375,1184100.0
2020-11-25,260.10430908203125,986600.0
2020-11-27,262.9759216308594,400800.0
2020-11-30,264.3103942871094,1164000.0
2020-12-01,265.7829895019531,913000.0
2020-12-02,261.82537841796875,571300.0
2020-12-03,263.5925598144531,526300.0
2020-12-04,263.6385498046875,447500.0
2020-12-07,261.1903381347656,560300.0
2020-12-08,258.4844970703125,484000.0
2020-12-09,253.9102783203125,648300.0
2020-12-10,253.65257263183594,594100.0
2020-12-11,253.67103576660156,653300.0
2020-12-14,252.3365020751953,588200.0
2020-12-15,254.28762817382812,495900.0
2020-12-16,253.7998809814453,586600.0
2020-12-17,259.57977294921875,694400.0
2020-12-18,254.87669372558594,1621300.0
2020-12-21,253.02682495117188,566600.0
2020-12-22,253.94715881347656,510300.0
2020-12-23,251.24131774902344,527800.0
2020-12-24,253.11874389648438,182800.0
2020-12-28,254.25076293945312,450700.0
2020-12-29,254.02073669433594,443500.0
2020-12-30,252.69544982910156,365200.0
2020-12-31,259.6625671386719,709500.0
2021-01-04,253.68017578125,868000.0
2021-01-05,250.873046875,780700.0
2021-01-06,243.56539916992188,852600.0
2021-01-07,244.12680053710938,840200.0
2021-01-08,246.4921417236328,552500.0
2021-01-11,239.626220703125,957600.0
2021-01-12,240.40850830078125,691900.0
2021-01-13,244.28329467773438,729700.0
2021-01-14,243.08682250976562,531800.0
2021-01-15,247.67019653320312,538800.0
2021-01-19,247.70703125,424100.0
2021-01-20,250.83628845214844,766300.0
2021-01-21,250.97434997558594,435900.0
2021-01-22,250.99270629882812,641500.0
2021-01-25,254.508544921875,782700.0
2021-01-26,255.38287353515625,642600.0
2021-01-27,250.0631866455078,564700.0
2021-01-28,248.36968994140625,483500.0
2021-01-29,247.27444458007812,806100.0
2021-02-01,256.1100158691406,816800.0
2021-02-02,259.4508361816406,1106100.0
2021-02-03,250.44973754882812,1308200.0
2021-02-04,252.40086364746094,962200.0
2021-02-05,252.0511016845703,526200.0
2021-02-08,245.7466278076172,824900.0
2021-02-09,245.42454528808594,477800.0
2021-02-10,244.83554077148438,568100.0
2021-02-11,243.9151153564453,572000.0
2021-02-12,242.92111206054688,564400.0
2021-02-16,238.834716796875,960700.0
2021-02-17,238.8899383544922,772700.0
2021-02-18,241.87188720703125,609400.0
2021-02-19,240.92388916015625,873300.0
2021-02-22,239.01876831054688,861800.0
2021-02-23,228.97760009765625,1395600.0
2021-02-24,230.5606231689453,1345300.0
2021-02-25,236.09201049804688,1350500.0
2021-02-26,234.81272888183594,1676800.0
2021-03-01,228.19529724121094,795600.0
2021-03-02,226.71351623535156,924600.0
2021-03-03,220.114501953125,1062400.0
2021-03-04,217.1325225830078,1376900.0
2021-03-05,222.90318298339844,1214700.0
2021-03-08,223.4830780029297,1061100.0
2021-03-09,228.7693328857422,763600.0
2021-03-10,230.4945526123047,541000.0
2021-03-11,238.6039581298828,1081000.0
2021-03-12,240.80885314941406,956000.0
2021-03-15,244.92355346679688,664300.0
2021-03-16,249.02902221679688,706800.0
2021-03-17,246.99002075195312,698600.0
2021-03-18,246.94395446777344,707900.0
2021-03-19,245.46780395507812,1261100.0
2021-03-22,252.87603759765625,649700.0
2021-03-23,252.91297912597656,764300.0
2021-03-24,251.36300659179688,816200.0
2021-03-25,251.27076721191406,472000.0
2021-03-26,260.6902160644531,521600.0
2021-03-29,259.6107482910156,598800.0
2021-03-30,254.85040283203125,453900.0
2021-03-31,256.0588684082031,734000.0
2021-04-01,259.4078063964844,798900.0
2021-04-05,263.0335998535156,469500.0
2021-04-06,263.35638427734375,466200.0
2021-04-07,262.18475341796875,382600.0
2021-04-08,257.98712158203125,638000.0
2021-04-09,254.34292602539062,815800.0
2021-04-12,258.7712707519531,777700.0
2021-04-13,260.2843017578125,627400.0
2021-04-14,259.26947021484375,378800.0
2021-04-15,266.10577392578125,872600.0
2021-04-16,266.0041809082031,495300.0
2021-04-19,265.7828063964844,675900.0
2021-04-20,269.4084777832031,608800.0
2021-04-21,268.7903747558594,857000.0
2021-04-22,271.7610168457031,458900.0
2021-04-23,273.53240966796875,667400.0
2021-04-26,273.7999267578125,560400.0
2021-04-27,271.9548034667969,1037300.0
2021-04-28,274.8147888183594,474400.0
2021-04-29,274.999267578125,513300.0
2021-04-30,276.5122375488281,549700.0
2021-05-03,275.5343322753906,498700.0
2021-05-04,273.9106140136719,583200.0
2021-05-05,271.428955078125,581700.0
2021-05-06,268.974853515625,533500.0
2021-05-07,268.3844299316406,790200.0
2021-05-10,269.4454345703125,614000.0
2021-05-11,268.8826599121094,527700.0
2021-05-12,262.24005126953125,456100.0
2021-05-13,261.2437744140625,604300.0
2021-05-14,266.27178955078125,461200.0
2021-05-17,266.1609802246094,434000.0
2021-05-18,268.77191162109375,657400.0
2021-05-19,266.5903625488281,488400.0
2021-05-20,270.9534606933594,408400.0
2021-05-21,268.93829345703125,613300.0
2021-05-24,274.124267578125,945200.0
2021-05-25,276.1578369140625,525500.0
2021-05-26,275.9175720214844,618600.0
2021-05-27,274.6788635253906,1307800.0
2021-05-28,275.5848388671875,582000.0
2021-06-01,279.42108154296875,560200.0
2021-06-02,286.206298828125,755000.0
2021-06-03,286.0398864746094,606500.0
2021-06-04,289.0904235839844,414300.0
2021-06-07,291.37371826171875,540300.0
2021-06-08,293.4259033203125,727200.0
2021-06-09,292.76959228515625,397700.0
2021-06-10,294.56292724609375,955800.0
2021-06-11,293.35198974609375,478000.0
2021-06-14,295.82012939453125,769200.0
2021-06-15,295.5613098144531,549100.0
2021-06-16,293.3056640625,642300.0
2021-06-17,297.54876708984375,723900.0
2021-06-18,294.3687438964844,982300.0
2021-06-21,296.8462219238281,520100.0
2021-06-22,296.7630615234375,391400.0
2021-06-23,293.2409973144531,508700.0
2021-06-24,291.8636474609375,570200.0
2021-06-25,294.9788818359375,2049600.0
2021-06-28,298.4361267089844,607700.0
2021-06-29,297.6689453125,396500.0
2021-06-30,294.60919189453125,614400.0
2021-07-01,295.847900390625,612600.0
2021-07-02,298.4361267089844,389400.0
2021-07-06,301.5422668457031,436600.0
2021-07-07,305.7945556640625,722800.0
2021-07-08,304.04736328125,669800.0
2021-07-09,304.43560791015625,421100.0
2021-07-12,305.6095886230469,401100.0
2021-07-13,304.2692565917969,424300.0
2021-07-14,306.7004699707031,356800.0
2021-07-15,307.1996765136719,374000.0
2021-07-16,308.854248046875,247000.0
2021-07-19,309.2425231933594,550400.0
2021-07-20,309.9543762207031,545000.0
2021-07-21,306.86688232421875,349500.0
2021-07-22,308.8450622558594,508600.0
2021-07-23,311.5628662109375,290500.0
2021-07-26,312.6258544921875,464900.0
2021-07-27,315.02935791015625,389200.0
2021-07-28,314.59478759765625,449200.0
2021-07-29,312.85693359375,425800.0
2021-07-30,315.2142333984375,851900.0
2021-08-02,316.48065185546875,493300.0
2021-08-03,319.8639831542969,540700.0
2021-08-04,322.6833801269531,583700.0
2021-08-05,320.7051086425781,511500.0
2021-08-06,320.7791442871094,364800.0
2021-08-09,320.3908996582031,290000.0
2021-08-10,315.5008239746094,282900.0
2021-08-11,320.2984313964844,406300.0
2021-08-12,323.7464599609375,369000.0
2021-08-13,327.065185546875,507700.0
2021-08-16,325.8079833984375,672400.0
2021-08-17,332.5099182128906,482900.0
2021-08-18,326.917236328125,664300.0
2021-08-19,332.6578369140625,504300.0
2021-08-20,334.78399658203125,489500.0
2021-08-23,331.0216064453125,293600.0
2021-08-24,325.9836120605469,540900.0
2021-08-25,323.6872253417969,547700.0
2021-08-26,324.5205993652344,632200.0
2021-08-27,326.6965026855469,806300.0
2021-08-30,332.076171875,405300.0
2021-08-31,332.3818054199219,646700.0
2021-09-01,339.242919921875,469800.0
2021-09-02,339.54852294921875,528000.0
2021-09-03,339.3354797363281,749500.0
2021-09-07,338.1133117675781,443900.0
2021-09-08,341.2799072265625,402400.0
2021-09-09,333.0114440917969,692600.0
2021-09-10,326.68731689453125,749200.0
2021-09-13,326.5390930175781,498900.0
2021-09-14,330.1595458984375,542100.0
2021-09-15,329.1318054199219,385500.0
2021-09-16,329.10394287109375,325600.0
2021-09-17,326.57623291015625,825800.0
2021-09-20,327.2521057128906,521500.0
2021-09-21,328.10400390625,358000.0
2021-09-22,331.9280700683594,355400.0
2021-09-23,327.455810546875,402500.0
2021-09-24,319.3817443847656,683700.0
2021-09-27,311.1131286621094,584000.0
2021-09-28,307.03900146484375,623700.0
2021-09-29,308.1316223144531,442300.0
2021-09-30,306.0854187011719,472200.0
2021-10-01,308.8630676269531,429300.0
2021-10-04,309.4093933105469,457900.0
2021-10-05,306.2612609863281,490200.0
2021-10-06,311.87237548828125,687300.0
2021-10-07,312.87237548828125,434400.0
2021-10-08,305.4278564453125,395200.0
2021-10-11,305.39080810546875,318000.0
2021-10-12,309.1871643066406,362700.0
2021-10-13,302.50189208984375,899700.0
2021-10-14,302.6593322753906,614000.0
2021-10-15,302.6871643066406,486800.0
2021-10-18,299.4463806152344,393800.0
2021-10-19,307.5760498046875,549900.0
2021-10-20,311.400146484375,280000.0
2021-10-21,314.9650573730469,307100.0
2021-10-22,320.02056884765625,746500.0
2021-10-25,323.35394287109375,459000.0
2021-10-26,327.90020751953125,379700.0
2021-10-27,323.47430419921875,656300.0
2021-10-28,326.8724365234375,393400.0
2021-10-29,319.751953125,705900.0
2021-11-01,321.66876220703125,631700.0
2021-11-02,331.7984619140625,722800.0
2021-11-03,325.927978515625,449500.0
2021-11-04,320.8075866699219,517300.0
2021-11-05,318.7149658203125,432700.0
2021-11-08,322.2149963378906,426500.0
2021-11-09,323.576171875,399600.0
2021-11-10,317.150146484375,403100.0
2021-11-11,317.5298156738281,343000.0
2021-11-12,318.3076171875,472500.0
2021-11-15,322.2891845703125,434400.0
2021-11-16,321.6502685546875,452400.0
2021-11-17,324.8871765136719,430600.0
2021-11-18,320.2033386230469,402100.0
2021-11-19,319.9714050292969,417000.0
2021-11-22,318.88623046875,660500.0
2021-11-23,323.64434814453125,488900.0
2021-11-24,328.7547302246094,428300.0
2021-11-26,325.5920715332031,247200.0
2021-11-29,329.7842712402344,540400.0
2021-11-30,318.8677978515625,1397000.0
2021-12-01,314.69415283203125,581100.0
2021-12-02,322.80029296875,694800.0
2021-12-03,323.4031982421875,740200.0
2021-12-06,322.91156005859375,867300.0
2021-12-07,333.9578552246094,487200.0
2021-12-08,332.95623779296875,318100.0
2021-12-09,327.40057373046875,394200.0
2021-12-10,332.9005432128906,429100.0
2021-12-13,338.5488586425781,569100.0
2021-12-14,337.1391296386719,725000.0
2021-12-15,343.33477783203125,665600.0
2021-12-16,343.6315002441406,594200.0
2021-12-17,348.6213684082031,1383600.0
2021-12-20,347.2114562988281,644300.0
2021-12-21,345.7090759277344,620500.0
2021-12-22,350.2073669433594,421600.0
2021-12-23,347.1374206542969,399900.0
2021-12-27,355.55889892578125,464500.0
2021-12-28,356.82958984375,330900.0
2021-12-29,357.0335998535156,365400.0
2021-12-30,360.38177490234375,260700.0
2021-12-31,360.80841064453125,313800.0
2022-01-03,352.3219299316406,492100.0
2022-01-04,342.6669006347656,628200.0
2022-01-05,325.33233642578125,1224600.0
2022-01-06,323.8482971191406,813400.0
2022-01-07,322.67974853515625,851700.0
2022-01-10,317.73626708984375,808100.0
2022-01-11,316.9107971191406,1044400.0
2022-01-12,313.9614562988281,966400.0
2022-01-13,309.9454345703125,725500.0
2022-01-14,302.60906982421875,1058000.0
2022-01-18,302.395751953125,725500.0
2022-01-19,297.9346008300781,786000.0
2022-01-20,293.8257751464844,1037100.0
2022-01-21,289.689208984375,1204800.0
2022-01-24,302.8594970703125,1542100.0
2022-01-25,301.9319763183594,1024000.0
2022-01-26,292.8612365722656,1096100.0
2022-01-27,283.9759826660156,761500.0
2022-01-28,294.71624755859375,741400.0
2022-01-31,301.8392028808594,655400.0
2022-02-01,298.9918212890625,548700.0
2022-02-02,300.1048278808594,546500.0
2022-02-03,298.3705139160156,433800.0
2022-02-04,298.2313232421875,758400.0
2022-02-07,298.2406005859375,637300.0
2022-02-08,295.2448425292969,468300.0
2022-02-09,302.6369323730469,558500.0
2022-02-10,295.0129089355469,628800.0
2022-02-11,289.38323974609375,762800.0
2022-02-14,286.916015625,632700.0
2022-02-15,286.6470642089844,619000.0
2022-02-16,281.7963562011719,639600.0
2022-02-17,274.5156555175781,832000.0
2022-02-18,269.7298889160156,725200.0
2022-02-22,275.535888671875,837600.0
2022-02-23,270.2214050292969,702400.0
2022-02-24,280.3773193359375,901000.0
2022-02-25,284.615966796875,632100.0
2022-02-28,281.3883056640625,969100.0
2022-03-01,293.7237548828125,1258500.0
2022-03-02,297.85113525390625,837400.0
2022-03-03,302.38641357421875,861900.0
2022-03-04,306.9033203125,911800.0
2022-03-07,307.8307189941406,901800.0
2022-03-08,301.3384094238281,1011500.0
2022-03-09,303.1974182128906,548200.0
2022-03-10,305.60479736328125,578100.0
2022-03-11,298.26177978515625,670400.0
2022-03-14,298.0943603515625,635000.0
2022-03-15,299.52581787109375,527700.0
2022-03-16,302.89068603515625,573800.0
2022-03-17,306.803955078125,541100.0
2022-03-18,307.324462890625,885800.0
2022-03-21,304.5080261230469,688400.0
2022-03-22,299.98138427734375,888400.0
2022-03-23,297.8899230957031,566900.0
2022-03-24,302.47247314453125,496100.0
2022-03-25,305.80010986328125,287200.0
2022-03-28,310.354736328125,460500.0
2022-03-29,316.7403869628906,522800.0
2022-03-30,318.8039855957031,458400.0
2022-03-31,319.84490966796875,991300.0
2022-04-01,325.8868103027344,585100.0
2022-04-04,330.051025390625,742100.0
2022-04-05,335.15399169921875,729900.0
2022-04-06,344.0029296875,861300.0
2022-04-07,343.2593688964844,867700.0
2022-04-08,346.4476318359375,629900.0
2022-04-11,335.8326416015625,581000.0
2022-04-12,329.49334716796875,771600.0
2022-04-13,329.6141052246094,554500.0
2022-04-14,330.3298645019531,400100.0
2022-04-18,330.86895751953125,566800.0
2022-04-19,335.47003173828125,493400.0
2022-04-20,345.84344482421875,578100.0
2022-04-21,344.0680236816406,434900.0
2022-04-22,340.535888671875,546100.0
2022-04-25,334.5684509277344,965100.0
2022-04-26,326.4445495605469,832000.0
2022-04-27,324.2787780761719,957200.0
2022-04-28,333.91778564453125,723900.0
2022-04-29,322.6427917480469,690300.0
2022-05-02,314.06341552734375,827900.0
2022-05-03,324.306640625,1000400.0
2022-05-04,326.9464111328125,692400.0
2022-05-05,318.2369384765625,584900.0
2022-05-06,317.9766540527344,625400.0
2022-05-09,300.3251647949219,513500.0
2022-05-10,293.1122131347656,714700.0
2022-05-11,292.8426513671875,573800.0
2022-05-12,300.60406494140625,783700.0
2022-05-13,310.61492919921875,526300.0
2022-05-16,305.2795715332031,436500.0
2022-05-17,302.43524169921875,523300.0
2022-05-18,292.58880615234375,680500.0
2022-05-19,297.2651062011719,652500.0
2022-05-20,304.2610168457031,821400.0
2022-05-23,311.22894287109375,599000.0
2022-05-24,323.3110656738281,745100.0
2022-05-25,322.6496276855469,732100.0
2022-05-26,315.28125,641400.0
2022-05-27,323.7676086425781,658100.0
2022-05-31,313.56719970703125,1335300.0
2022-06-01,308.4157409667969,669400.0
2022-06-02,312.9709777832031,1228700.0
2022-06-03,306.99981689453125,795100.0
2022-06-06,310.8285217285156,446100.0
2022-06-07,314.7129821777344,591200.0
2022-06-08,314.7129821777344,660200.0
2022-06-09,310.8097839355469,590300.0
2022-06-10,303.24566650390625,853700.0
2022-06-13,287.56781005859375,639600.0
2022-06-14,276.7245788574219,986600.0
2022-06-15,280.7582092285156,864900.0
2022-06-16,270.95831298828125,809600.0
2022-06-17,272.0482177734375,1292600.0
2022-06-21,282.48150634765625,623400.0
2022-06-22,290.399658203125,700600.0
2022-06-23,303.53448486328125,869100.0
2022-06-24,305.2950134277344,933600.0
2022-06-27,302.2116394042969,501600.0
2022-06-28,293.44580078125,540800.0
2022-06-29,295.51385498046875,862800.0
2022-06-30,298.1408386230469,790200.0
2022-07-01,307.83819580078125,614700.0
2022-07-05,302.4817810058594,514300.0
2022-07-06,304.7361145019531,323200.0
2022-07-07,303.99090576171875,350100.0
2022-07-08,302.01605224609375,252200.0
2022-07-11,302.1091613769531,311600.0
2022-07-12,296.6316833496094,576800.0
2022-07-13,298.1500549316406,430800.0
2022-07-14,296.24041748046875,453100.0
2022-07-15,298.7928771972656,461100.0
2022-07-18,292.0484924316406,631500.0
2022-07-19,300.674560546875,496200.0
2022-07-20,293.3060607910156,563400.0
2022-07-21,298.59722900390625,595900.0
2022-07-22,298.84881591796875,447500.0
2022-07-25,298.5041198730469,519000.0
2022-07-26,301.69000244140625,603000.0
2022-07-27,298.5227355957031,669600.0
2022-07-28,311.7600402832031,474100.0
2022-07-29,312.80328369140625,608600.0
2022-08-01,310.0645446777344,530600.0
2022-08-02,315.0204162597656,988700.0
2022-08-03,320.3301696777344,589600.0
2022-08-04,322.5751647949219,397200.0
2022-08-05,321.75543212890625,439400.0
2022-08-08,321.3642272949219,368500.0
2022-08-09,321.9137878417969,580000.0
2022-08-10,326.3759460449219,395700.0
2022-08-11,319.9762268066406,413100.0
2022-08-12,326.0777893066406,524000.0
2022-08-15,330.8194274902344,496600.0
2022-08-16,324.2054748535156,726600.0
2022-08-17,323.03167724609375,332800.0
2022-08-18,320.79595947265625,540900.0
2022-08-19,320.9078063964844,407700.0
2022-08-22,315.77496337890625,377900.0
2022-08-23,310.9029846191406,462200.0
2022-08-24,310.8376159667969,424900.0
2022-08-25,316.4201354980469,588700.0
2022-08-26,308.3264465332031,586500.0
2022-08-29,309.3906555175781,516600.0
2022-08-30,303.0426330566406,341200.0
2022-08-31,303.6307373046875,692200.0
2022-09-01,304.70428466796875,579700.0
2022-09-02,297.0587158203125,441000.0
2022-09-06,298.3283386230469,559300.0
2022-09-07,305.4138488769531,384400.0
2022-09-08,307.3275146484375,369400.0
2022-09-09,308.7838439941406,470600.0
2022-09-12,311.2203063964844,308900.0
2022-09-13,296.4238586425781,333500.0
2022-09-14,295.2010192871094,470100.0
2022-09-15,287.06060791015625,671700.0
2022-09-16,291.028076171875,782500.0
2022-09-19,290.9067077636719,417700.0
2022-09-20,282.32763671875,576000.0
2022-09-21,280.3019104003906,387100.0
2022-09-22,275.66217041015625,453500.0
2022-09-23,275.1767272949219,684100.0
2022-09-26,267.4378356933594,584400.0
2022-09-27,265.3186950683594,537200.0
2022-09-28,272.1334533691406,705600.0
2022-09-29,263.507568359375,603900.0
2022-09-30,265.72943115234375,1038600.0
2022-10-03,269.7249755859375,571100.0
2022-10-04,273.91656494140625,534100.0
2022-10-05,264.3011169433594,676100.0
2022-10-06,250.204833984375,794700.0
2022-10-07,244.95840454101562,855600.0
2022-10-10,239.40386962890625,650600.0
2022-10-11,238.2649688720703,776300.0
2022-10-12,228.32284545898438,1066500.0
2022-10-13,233.1492156982422,1444000.0
2022-10-14,226.0076904296875,990600.0
2022-10-17,236.3138885498047,868600.0
2022-10-18,241.0935821533203,979100.0
2022-10-19,235.7070770263672,635300.0
2022-10-20,231.4781951904297,1619500.0
2022-10-21,231.7022705078125,909800.0
2022-10-24,230.8994140625,1065300.0
2022-10-25,239.54391479492188,802700.0
2022-10-26,241.5789794921875,931900.0
2022-10-27,242.94192504882812,811300.0
2022-10-28,252.06253051757812,1000800.0
2022-10-31,251.9598388671875,1142800.0
2022-11-01,257.43035888671875,1092100.0
2022-11-02,250.5128631591797,925400.0
2022-11-03,252.333251953125,597000.0
2022-11-04,254.20970153808594,543200.0
2022-11-07,258.7186584472656,858100.0
2022-11-08,260.23095703125,884800.0
2022-11-09,256.4688415527344,505200.0
2022-11-10,277.1371765136719,1265800.0
2022-11-11,278.17333984375,775500.0
2022-11-14,270.17303466796875,945600.0
2022-11-15,275.5594482421875,543600.0
2022-11-16,277.0099182128906,439700.0
2022-11-17,269.37396240234375,582400.0
2022-11-18,272.0129089355469,622300.0
2022-11-21,276.6355895996094,739100.0
2022-11-22,275.1759033203125,886900.0
2022-11-23,278.497802734375,588000.0
2022-11-25,277.4964904785156,313900.0
2022-11-28,274.4272155761719,605700.0
2022-11-29,275.6344299316406,449100.0
2022-11-30,280.0793151855469,1987700.0
2022-12-01,281.86663818359375,586700.0
2022-12-02,276.2893981933594,757300.0
2022-12-05,274.67047119140625,510100.0
2022-12-06,270.141357421875,602700.0
2022-12-07,269.2242431640625,573700.0
2022-12-08,270.69342041015625,474000.0
2022-12-09,269.6828308105469,490300.0
2022-12-12,271.8724670410156,572000.0
2022-12-13,282.1193542480469,894800.0
2022-12-14,275.48468017578125,481400.0
2022-12-15,270.11322021484375,556200.0
2022-12-16,262.29010009765625,1252700.0
2022-12-19,259.64190673828125,766900.0
2022-12-20,260.48406982421875,634200.0
2022-12-21,262.6551208496094,807500.0
2022-12-22,262.1029357910156,489200.0
2022-12-23,264.36749267578125,350300.0
2022-12-27,264.358154296875,525100.0
2022-12-28,260.80224609375,291300.0
2022-12-29,266.5946960449219,375900.0
2022-12-30,262.30877685546875,429200.0
2023-01-03,263.6470031738281,482500.0
2023-01-04,273.837646484375,777900.0
2023-01-05,263.30072021484375,624800.0
2023-01-06,272.73345947265625,608400.0
2023-01-09,272.67730712890625,500200.0
2023-01-10,274.9605712890625,626400.0
2023-01-11,286.4332580566406,760600.0
2023-01-12,286.7607727050781,740800.0
2023-01-13,286.8636779785156,458600.0
2023-01-17,283.373291015625,928200.0
2023-01-18,273.6972961425781,826100.0
2023-01-19,275.5408630371094,680600.0
2023-01-20,277.7492370605469,640400.0
2023-01-23,267.8860168457031,1075900.0
2023-01-24,268.9529113769531,797400.0
2023-01-25,272.9205627441406,659800.0
2023-01-26,272.38714599609375,430300.0
2023-01-27,270.4689025878906,974600.0
2023-01-30,271.563720703125,851300.0
2023-01-31,278.4230041503906,603200.0
2023-02-01,281.8291931152344,527700.0
2023-02-02,288.3048400878906,825300.0
2023-02-03,278.6476135253906,639900.0
2023-02-06,276.7760314941406,503400.0
2023-02-07,274.3055419921875,660100.0
2023-02-08,273.9687194824219,619700.0
2023-02-09,270.87115478515625,547900.0
2023-02-10,270.8992614746094,847100.0
2023-02-13,272.8083190917969,718000.0
2023-02-14,268.77508544921875,611300.0
2023-02-15,270.141357421875,1295700.0
2023-02-16,265.378173828125,678600.0
2023-02-17,263.1790771484375,724700.0
2023-02-21,255.2717742919922,952400.0
2023-02-22,242.3673095703125,2677400.0
2023-02-23,248.4779510498047,1464600.0
2023-02-24,241.26309204101562,749900.0
2023-02-27,243.20953369140625,991400.0
2023-02-28,242.69488525390625,874400.0
2023-03-01,238.54000854492188,1016000.0
2023-03-02,240.8326416015625,629600.0
2023-03-03,243.6306610107422,729900.0
2023-03-06,239.71910095214844,866500.0
2023-03-07,230.26771545410156,1192600.0
2023-03-08,234.70327758789062,948200.0
2023-03-09,228.89111328125,1083500.0
2023-03-10,225.4638671875,929000.0
2023-03-13,233.8488006591797,1299100.0
2023-03-14,235.48260498046875,1194100.0
2023-03-15,240.70326232910156,1365700.0
2023-03-16,242.66571044921875,1042800.0
2023-03-17,240.35585021972656,1256800.0
2023-03-20,241.51077270507812,687300.0
2023-03-21,239.2854461669922,979900.0
2023-03-22,231.1821746826172,762500.0
2023-03-23,231.8300323486328,630600.0
2023-03-24,240.75958251953125,617900.0
2023-03-27,235.8675994873047,613900.0
2023-03-28,235.42628479003906,916100.0
2023-03-29,238.65631103515625,797100.0
2023-03-30,241.50137329101562,505200.0
2023-03-31,245.1351318359375,554800.0
2023-04-03,239.4638214111328,814000.0
2023-04-04,241.06944274902344,608600.0
2023-04-05,242.44970703125,512900.0
2023-04-06,243.8299560546875,336400.0
2023-04-10,245.76425170898438,387500.0
2023-04-11,247.88632202148438,677400.0
2023-04-12,245.69854736328125,609800.0
2023-04-13,249.15394592285156,543400.0
2023-04-14,242.75018310546875,548400.0
2023-04-17,247.11634826660156,537700.0
2023-04-18,246.99429321289062,710500.0
2023-04-19,249.12574768066406,545400.0
2023-04-20,242.84408569335938,715000.0
2023-04-21,241.20089721679688,463400.0
2023-04-24,240.01779174804688,404500.0
2023-04-25,236.26193237304688,586900.0
2023-04-26,234.92861938476562,613500.0
2023-04-27,241.17274475097656,501300.0
2023-04-28,244.96617126464844,873400.0
2023-05-01,245.10702514648438,941600.0
2023-05-02,231.9145965576172,970800.0
2023-05-03,226.2150421142578,801900.0
2023-05-04,223.75498962402344,1218900.0
2023-05-05,224.96621704101562,722900.0
2023-05-08,218.90054321289062,707300.0
2023-05-09,219.83009338378906,770900.0
2023-05-10,222.58128356933594,1069900.0
2023-05-11,218.82540893554688,984600.0
2023-05-12,222.2620086669922,579900.0
2023-05-15,220.91929626464844,788900.0
2023-05-16,217.642333984375,1109000.0
2023-05-17,220.29019165039062,818600.0
2023-05-18,220.57188415527344,956300.0
2023-05-19,219.13528442382812,554400.0
2023-05-22,222.0272674560547,424400.0
2023-05-23,216.3653564453125,697300.0
2023-05-24,210.5531768798828,615200.0
2023-05-25,208.96023559570312,965700.0
2023-05-26,210.93959045410156,651900.0
2023-05-30,209.09222412109375,916100.0
2023-05-31,209.03565979003906,1142100.0
2023-06-01,208.00830078125,922700.0
2023-06-02,212.6832275390625,1528100.0
2023-06-05,211.382568359375,576600.0
2023-06-06,211.02439880371094,498100.0
2023-06-07,214.6343231201172,499000.0
2023-06-08,215.82192993164062,500300.0
2023-06-09,211.2412109375,876100.0
2023-06-12,213.45616149902344,521100.0
2023-06-13,216.34030151367188,588100.0
2023-06-14,216.61366271972656,506800.0
2023-06-15,220.50631713867188,788900.0
2023-06-16,217.32054138183594,1018500.0
2023-06-20,211.69361877441406,995600.0
2023-06-21,208.4795684814453,1270000.0
2023-06-22,209.78965759277344,920000.0
2023-06-23,210.26097106933594,1659900.0
2023-06-26,211.4391326904297,790300.0
2023-06-27,212.54188537597656,930400.0
2023-06-28,214.304443359375,881800.0
2023-06-29,216.481689453125,748600.0
2023-06-30,218.44216918945312,1228400.0
2023-07-03,220.58172607421875,320800.0
2023-07-05,227.1229248046875,1194100.0
2023-07-06,225.2472686767578,805800.0
2023-07-07,227.0098114013672,769100.0
2023-07-10,224.16334533691406,727200.0
2023-07-11,227.92410278320312,596000.0
2023-07-12,229.30018615722656,806400.0
2023-07-13,229.83740234375,867100.0
2023-07-14,229.7620391845703,780800.0
2023-07-17,213.1544952392578,2253100.0
2023-07-18,214.96420288085938,1307100.0
2023-07-19,220.80792236328125,1038800.0
2023-07-20,210.05357360839844,2850600.0
2023-07-21,213.6164093017578,1539900.0
2023-07-24,214.5306396484375,1084500.0
2023-07-25,207.58413696289062,1689200.0
2023-07-26,213.39013671875,1461000.0
2023-07-27,209.62001037597656,1016200.0
2023-07-28,206.3022918701172,1001100.0
2023-07-31,206.3682861328125,1048500.0
2023-08-01,214.99249267578125,1908900.0
2023-08-02,215.42604064941406,1123800.0
2023-08-03,209.7802734375,1162600.0
2023-08-04,210.07244873046875,928400.0
2023-08-07,207.46160888671875,766200.0
2023-08-08,210.22325134277344,722700.0
2023-08-09,214.62489318847656,730900.0
2023-08-10,215.19984436035156,1121700.0
2023-08-11,216.83985900878906,749800.0
2023-08-14,217.7447052001953,838000.0
2023-08-15,216.71731567382812,781400.0
2023-08-16,207.8103485107422,748500.0
2023-08-17,208.24391174316406,769100.0
2023-08-18,209.72369384765625,595700.0
2023-08-21,205.68023681640625,630400.0
2023-08-22,205.5765380859375,604900.0
2023-08-23,208.4246826171875,624100.0
2023-08-24,207.92320251464844,456100.0
2023-08-25,210.37388610839844,490000.0
2023-08-28,210.64828491210938,542200.0
2023-08-29,215.30369567871094,622200.0
2023-08-30,214.90631103515625,956200.0
2023-08-31,212.4556121826172,735400.0
2023-09-01,209.768310546875,495100.0
2023-09-05,209.91026306152344,743100.0
2023-09-06,206.26731872558594,682900.0
2023-09-07,209.34251403808594,764700.0
2023-09-08,205.2548370361328,670700.0
2023-09-11,203.62733459472656,734000.0
2023-09-12,202.83250427246094,564800.0
2023-09-13,200.91165161132812,720300.0
2023-09-14,207.0526885986328,585500.0
2023-09-15,206.41867065429688,1003500.0
2023-09-18,203.53273010253906,603100.0
2023-09-19,201.99981689453125,545800.0
2023-09-20,203.40969848632812,463400.0
2023-09-21,193.67306518554688,646500.0
2023-09-22,190.2949981689453,1015700.0
2023-09-25,190.50320434570312,621000.0
2023-09-26,189.33937072753906,714700.0
2023-09-27,185.51661682128906,1185600.0
2023-09-28,187.78753662109375,1139100.0
2023-09-29,189.40557861328125,918500.0
2023-10-02,187.57937622070312,1030500.0
2023-10-03,179.7635498046875,975000.0
2023-10-04,180.53948974609375,884200.0
2023-10-05,180.99365234375,898600.0
2023-10-06,181.60867309570312,734900.0
2023-10-09,184.3433074951172,960600.0
2023-10-10,184.52305603027344,605500.0
2023-10-11,190.75869750976562,1080100.0
2023-10-12,189.17849731445312,867400.0
2023-10-13,190.73031616210938,744900.0
2023-10-16,191.98878479003906,766800.0
2023-10-17,189.6326904296875,812700.0
2023-10-18,184.28651428222656,521300.0
2023-10-19,179.25262451171875,1805300.0
2023-10-20,181.5614013671875,1147500.0
2023-10-23,182.81040954589844,1105200.0
2023-10-24,186.48175048828125,1085200.0
2023-10-25,185.18545532226562,1069400.0
2023-10-26,195.22486877441406,1401500.0
2023-10-27,193.03907775878906,850200.0
2023-10-30,193.89068603515625,939400.0
2023-10-31,197.41064453125,784600.0
2023-11-01,196.49281311035156,792300.0
2023-11-02,205.70901489257812,1467300.0
2023-11-03,214.8779296875,1538800.0
2023-11-06,208.9640350341797,1028800.0
2023-11-07,207.8758544921875,640600.0
2023-11-08,208.19760131835938,472100.0
2023-11-09,206.6552276611328,782600.0
2023-11-10,207.21353149414062,620600.0
2023-11-13,207.1472930908203,450000.0
2023-11-14,221.0851287841797,1063800.0
2023-11-15,222.08230590820312,951500.0
2023-11-16,224.13360595703125,688200.0
2023-11-17,221.94940185546875,615000.0
2023-11-20,223.3358917236328,523000.0
2023-11-21,221.80690002441406,564100.0
2023-11-22,221.4745330810547,400300.0
2023-11-24,223.25990295410156,184900.0
2023-11-27,225.52964782714844,906800.0
2023-11-28,229.98365783691406,983500.0
2023-11-29,232.86114501953125,931200.0
2023-11-30,234.53260803222656,1178200.0
2023-12-01,237.96095275878906,801700.0
2023-12-04,236.37498474121094,590100.0
2023-12-05,237.7899627685547,716000.0
2023-12-06,238.83465576171875,1044700.0
2023-12-07,238.4832763671875,727800.0
2023-12-08,231.89248657226562,1105800.0
2023-12-11,230.16407775878906,710400.0
2023-12-12,227.51451110839844,713400.0
2023-12-13,235.57725524902344,1101100.0
2023-12-14,238.20787048339844,1303000.0
2023-12-15,235.98561096191406,1385300.0
2023-12-18,234.12423706054688,673800.0
2023-12-19,236.2610321044922,478000.0
2023-12-20,233.9058074951172,664700.0
2023-12-21,239.1385498046875,776700.0
2023-12-22,238.7776641845703,500800.0
2023-12-26,239.87928771972656,273600.0
2023-12-27,241.4177703857422,505200.0
2023-12-28,241.45578002929688,339000.0
2023-12-29,240.9239501953125,568300.0
2024-01-02,242.14903259277344,599100.0
2024-01-03,235.814697265625,530100.0
2024-01-04,237.31517028808594,698100.0
2024-01-05,234.1812286376953,889600.0
2024-01-08,235.9191436767578,679100.0
2024-01-09,233.22206115722656,582000.0
2024-01-10,230.64840698242188,635100.0
2024-01-11,227.30555725097656,699600.0
2024-01-12,227.82786560058594,626900.0
2024-01-16,226.03297424316406,799500.0
2024-01-17,221.1896209716797,796900.0
2024-01-18,220.88571166992188,1001400.0
2024-01-19,219.2617950439453,1094500.0
2024-01-22,222.02532958984375,774000.0
2024-01-23,221.48402404785156,655600.0
2024-01-24,215.84292602539062,1112300.0
2024-01-25,220.8477325439453,1097500.0
2024-01-26,216.44122314453125,1003600.0
2024-01-29,216.11834716796875,771200.0
2024-01-30,211.873291015625,1199400.0
2024-01-31,212.5950469970703,691200.0
2024-02-01,219.2997589111328,991000.0
2024-02-02,213.4022674560547,1222900.0
2024-02-05,206.65008544921875,773800.0
2024-02-06,207.5997314453125,1232900.0
2024-02-07,206.08021545410156,1305200.0
2024-02-08,205.3205108642578,1317600.0
2024-02-09,206.507568359375,1035300.0
2024-02-12,204.7981719970703,1011700.0
2024-02-13,198.37835693359375,1656600.0
2024-02-14,198.5492706298828,809400.0
2024-02-15,201.30332946777344,610000.0
2024-02-16,196.3935089111328,849900.0
2024-02-20,196.62142944335938,1271000.0
2024-02-21,197.03927612304688,916400.0
2024-02-22,200.5720977783203,1330400.0
2024-02-23,202.24354553222656,1046000.0
2024-02-26,197.32418823242188,1477400.0
2024-02-27,189.88824462890625,3033400.0
2024-02-28,194.8360595703125,2199500.0
2024-02-29,198.70123291015625,1769100.0
2024-03-01,197.8085174560547,1373000.0
2024-03-04,201.3793182373047,1014300.0
2024-03-05,205.6053924560547,1555000.0
2024-03-06,206.05174255371094,1410900.0
2024-03-07,207.15338134765625,933900.0
2024-03-08,212.44309997558594,1186200.0
2024-03-11,212.49058532714844,951800.0
2024-03-12,209.28065490722656,1085600.0
2024-03-13,209.67173767089844,836900.0
2024-03-14,206.1708526611328,1057200.0
2024-03-15,205.55079650878906,1200700.0
2024-03-18,203.43310546875,816000.0
2024-03-19,205.1692657470703,467900.0
2024-03-20,205.77975463867188,956500.0
2024-03-21,205.11203002929688,656200.0
2024-03-22,205.54127502441406,879500.0
2024-03-25,208.31719970703125,885500.0
2024-03-26,204.33935546875,893700.0
2024-03-27,208.031005859375,772600.0
2024-03-28,206.71458435058594,888800.0
2024-04-01,204.06268310546875,1045600.0
2024-04-02,203.1374053955078,933200.0
2024-04-03,204.74952697753906,1232800.0
2024-04-04,203.93869018554688,1240700.0
2024-04-05,203.566650390625,630400.0
2024-04-08,203.1946258544922,651200.0
2024-04-09,208.5270538330078,753800.0
2024-04-10,194.96231079101562,1115400.0
2024-04-11,195.5918731689453,786800.0
2024-04-12,192.53933715820312,872500.0
2024-04-15,190.6505584716797,917900.0
2024-04-16,186.07176208496094,817000.0
2024-04-17,187.17831420898438,761700.0
2024-04-18,186.92076110839844,627300.0
2024-04-19,187.0256805419922,698300.0
2024-04-22,187.7315673828125,1068400.0
2024-04-23,189.16246032714844,773100.0
2024-04-24,189.8302001953125,808800.0
2024-04-25,188.8094940185547,789800.0
2024-04-26,187.18783569335938,644200.0
2024-04-29,192.5870361328125,780500.0
2024-04-30,177.54371643066406,2540000.0
2024-05-01,180.4054718017578,1685800.0
2024-05-02,184.9365997314453,1094200.0
2024-05-03,184.19252014160156,1072800.0
2024-05-06,183.715576171875,881400.0
2024-05-07,186.96844482421875,962900.0
2024-05-08,188.13223266601562,769700.0
2024-05-09,189.3341827392578,827500.0
2024-05-10,188.4088592529297,714200.0
2024-05-13,188.90489196777344,719000.0
2024-05-14,189.92559814453125,1017800.0
2024-05-15,193.03536987304688,1247800.0
2024-05-16,193.52188110351562,825600.0
2024-05-17,190.1927032470703,853300.0
2024-05-20,189.26739501953125,858900.0
2024-05-21,189.229248046875,599100.0
2024-05-22,185.7589111328125,1016000.0
2024-05-23,180.98477172851562,730900.0
2024-05-24,180.313720703125,500600.0
2024-05-28,179.54678344726562,790300.0
2024-05-29,178.6744384765625,781200.0
2024-05-30,185.21246337890625,1065300.0
2024-05-31,188.548583984375,1592600.0
2024-06-03,188.62527465820312,681600.0
2024-06-04,190.41798400878906,741900.0
2024-06-05,188.74989318847656,504300.0
2024-06-06,187.29273986816406,438200.0
2024-06-07,185.3946075439453,786000.0
2024-06-10,185.17413330078125,988200.0
2024-06-11,184.39759826660156,903000.0
2024-06-12,188.17469787597656,1198700.0
2024-06-13,188.8649444580078,952700.0
2024-06-14,187.85836791992188,596300.0
2024-06-17,183.28555297851562,619500.0
2024-06-18,183.28555297851562,530600.0
2024-06-20,182.89251708984375,540900.0
2024-06-21,186.5833282470703,1192900.0
2024-06-24,189.01832580566406,721400.0
2024-06-25,184.70437622070312,552300.0
2024-06-26,185.5671844482422,746700.0
2024-06-27,188.8074188232422,879800.0
2024-06-28,188.18431091308594,1463500.0
2024-07-01,181.9338836669922,956900.0
2024-07-02,181.1861114501953,1232300.0
2024-07-03,184.234619140625,474500.0
2024-07-05,182.94046020507812,666400.0
2024-07-08,185.94105529785156,655000.0
2024-07-09,187.44610595703125,714100.0
2024-07-10,187.12017822265625,572400.0
2024-07-11,201.18370056152344,1495400.0
2024-07-12,204.03089904785156,1345200.0
2024-07-15,201.567138671875,888700.0
2024-07-16,204.2513885498047,776800.0
2024-07-17,205.36343383789062,651700.0
2024-07-18,202.51622009277344,802700.0
2024-07-19,200.3592529296875,768500.0
2024-07-22,200.18670654296875,477800.0
2024-07-23,198.75830078125,533700.0
2024-07-24,196.9560089111328,678100.0
2024-07-25,202.3436737060547,1341400.0
2024-07-26,205.83316040039062,911900.0
2024-07-29,208.81460571289062,1996100.0
2024-07-30,208.92965698242188,1939800.0
2024-07-31,210.4634552001953,1191500.0
2024-08-01,217.76844787597656,1170800.0
2024-08-02,220.23219299316406,1866500.0
2024-08-05,211.96856689453125,1930100.0
2024-08-06,211.2112274169922,1049800.0
2024-08-07,206.0919952392578,1018300.0
2024-08-08,207.9230499267578,454200.0
2024-08-09,204.1075897216797,735400.0
2024-08-12,207.2423858642578,811800.0
2024-08-13,209.5240020751953,470700.0
2024-08-14,208.86253356933594,465200.0
2024-08-15,205.89068603515625,977400.0
2024-08-16,209.15013122558594,656400.0
2024-08-19,209.28431701660156,333300.0
2024-08-20,210.41555786132812,310500.0
2024-08-21,210.2333984375,372500.0
2024-08-22,210.28152465820312,510500.0
2024-08-23,218.86151123046875,991700.0
2024-08-26,219.1118927001953,509600.0
2024-08-27,220.04595947265625,408400.0
2024-08-28,219.23707580566406,592700.0
2024-08-29,218.14894104003906,793200.0
2024-08-30,218.26451110839844,1081900.0
2024-09-03,222.26077270507812,709200.0
2024-09-04,224.58151245117188,737100.0
2024-09-05,224.72592163085938,960300.0
2024-09-06,229.67555236816406,1312800.0
2024-09-09,230.9466552734375,1052900.0
2024-09-10,233.54666137695312,847300.0
2024-09-11,232.88221740722656,751500.0
2024-09-12,230.96592712402344,763400.0
2024-09-13,233.9510955810547,450300.0
2024-09-16,236.01182556152344,1059600.0
2024-09-17,235.92515563964844,651300.0
2024-09-18,231.02369689941406,609000.0
2024-09-19,229.46368408203125,776200.0
2024-09-20,230.60000610351562,1177100.0
2024-09-23,231.62074279785156,639300.0
2024-09-24,233.01702880859375,660300.0
2024-09-25,230.46519470214844,484300.0
2024-09-26,227.5089111328125,790800.0
2024-09-27,229.80072021484375,709300.0
2024-09-30,231.784423828125,828500.0
2024-10-01,233.652587890625,816800.0
2024-10-02,233.00741577148438,739100.0
2024-10-03,231.02369689941406,880600.0
2024-10-04,226.65188598632812,1139100.0
2024-10-07,228.9051971435547,901600.0
2024-10-08,229.78147888183594,627500.0
2024-10-09,226.74813842773438,627300.0
2024-10-10,224.59112548828125,656500.0
2024-10-11,224.86073303222656,533700.0
2024-10-14,230.93704223632812,546200.0
2024-10-15,240.0755157470703,3295400.0
2024-10-16,239.5362548828125,893800.0
2024-10-17,238.04367065429688,677500.0
2024-10-18,238.30369567871094,512100.0
2024-10-21,234.45184326171875,569300.0
2024-10-22,232.51629638671875,754700.0
2024-10-23,234.66371154785156,496000.0
2024-10-24,236.95555114746094,787500.0
2024-10-25,232.83404541015625,599100.0
2024-10-28,231.05258178710938,1324200.0
2024-10-29,223.1659393310547,1363500.0
2024-10-30,223.29112243652344,821900.0
2024-10-31,220.9703826904297,803500.0
2024-11-01,217.23411560058594,720200.0
2024-11-04,220.2963409423828,785400.0
2024-11-05,219.9015350341797,682200.0
2024-11-06,210.64747619628906,2237300.0
2024-11-07,213.37266540527344,1860200.0
2024-11-08,215.6259765625,1332300.0
2024-11-11,212.0341339111328,1077500.0
2024-11-12,211.46600341796875,1153600.0
2024-11-13,210.4163818359375,735500.0
2024-11-14,211.32562255859375,1275600.0
2024-11-15,213.85992431640625,888400.0
2024-11-18,214.36294555664062,857400.0
2024-11-19,212.29290771484375,615300.0
2024-11-20,211.78024291992188,566100.0
2024-11-21,212.2542266845703,688600.0
2024-11-22,213.44398498535156,579300.0
2024-11-25,218.5900115966797,1012700.0
2024-11-26,219.18008422851562,644400.0
2024-11-27,221.03729248046875,396100.0
2024-11-29,218.8511962890625,351600.0
2024-12-02,215.64944458007812,644300.0
2024-12-03,215.7945556640625,644100.0
2024-12-04,213.589111328125,872400.0
2024-12-05,214.33389282226562,622600.0
2024-12-06,213.1731719970703,1072300.0
2024-12-09,215.95895385742188,866900.0
2024-12-10,210.27127075195312,933100.0
2024-12-11,209.1395263671875,899300.0
2024-12-12,208.98475646972656,730800.0
2024-12-13,207.27264404296875,609600.0
2024-12-16,205.33804321289062,813600.0
2024-12-17,202.1556396484375,779300.0
2024-12-18,194.4849395751953,1356900.0
2024-12-19,191.75717163085938,1819600.0
2024-12-20,196.9128875732422,2458100.0
2024-12-23,196.6323699951172,1109000.0
2024-12-24,195.93589782714844,438300.0
2024-12-26,197.3288116455078,591600.0
2024-12-27,196.55496215820312,653500.0
2024-12-30,196.67103576660156,658800.0
2024-12-31,197.13536071777344,696400.0
2025-01-02,193.84654235839844,513700.0
2025-01-03,195.2007598876953,525900.0
2025-01-06,192.42459106445312,811200.0
2025-01-07,189.48402404785156,761100.0
2025-01-08,193.1791229248047,1131100.0
2025-01-10,186.4563751220703,1108900.0
2025-01-13,188.58444213867188,846100.0
2025-01-14,188.64247131347656,853500.0
2025-01-15,190.78021240234375,1021000.0
2025-01-16,197.50291442871094,1188300.0
2025-01-17,196.95156860351562,697700.0
2025-01-21,197.6770477294922,670900.0
2025-01-22,191.91195678710938,996500.0
2025-01-23,192.1924591064453,576700.0
2025-01-24,190.39328002929688,673500.0
2025-01-27,201.1399688720703,1022700.0
2025-01-28,195.07501220703125,815100.0
2025-01-29,191.6217803955078,738000.0
2025-01-30,192.62774658203125,709100.0
2025-01-31,191.09939575195312,769300.0
2025-02-03,191.26385498046875,812800.0
2025-02-04,191.080078125,676200.0
2025-02-05,196.8258056640625,822500.0
2025-02-06,198.29608154296875,620400.0
2025-02-07,199.0893096923828,779000.0
2025-02-10,199.56326293945312,556300.0
2025-02-11,202.3974609375,526300.0
2025-02-12,201.8074188232422,588600.0
2025-02-13,201.31407165527344,441000.0
2025-02-14,198.65399169921875,486800.0
2025-02-18,199.65032958984375,537500.0
2025-02-19,200.97552490234375,696800.0
2025-02-20,203.16162109375,485400.0
2025-02-21,206.0345001220703,1132700.0
2025-02-24,205.8797149658203,1171700.0
2025-02-25,212.00271606445312,1779000.0
2025-02-26,208.4430694580078,761700.0
2025-02-27,211.06446838378906,666300.0
2025-02-28,210.77426147460938,1094000.0
2025-03-03,214.26617431640625,629600.0
2025-03-04,212.17684936523438,958000.0
2025-03-05,213.1731719970703,792200.0
2025-03-06,211.5867919921875,826800.0
2025-03-07,216.41358947753906,1520800.0
2025-03-10,217.55502319335938,1453500.0
2025-03-11,213.21185302734375,1536400.0
2025-03-12,209.4006805419922,755400.0
2025-03-13,208.61312866210938,939300.0
2025-03-14,212.18142700195312,1282800.0
2025-03-17,214.7774200439453,927000.0
2025-03-18,216.9650421142578,750900.0
2025-03-19,213.69818115234375,794500.0
2025-03-20,214.84548950195312,632800.0
2025-03-21,215.4969024658203,1208600.0
2025-03-24,212.62869262695312,747300.0
2025-03-25,208.3700714111328,809400.0
2025-03-26,208.74925231933594,394500.0
2025-03-27,210.38270568847656,558100.0
2025-03-28,210.82994079589844,533800.0
2025-03-31,213.91207885742188,1209500.0
2025-04-01,214.3107147216797,670900.0
2025-04-02,213.26065063476562,708000.0
2025-04-03,224.4710693359375,1610200.0
2025-04-04,213.8148651123047,2220100.0
2025-04-07,208.4867401123047,1982300.0
2025-04-08,202.78916931152344,1736700.0
2025-04-09,206.26022338867188,1931100.0
2025-04-10,206.3185577392578,1530500.0
2025-04-11,213.10507202148438,1118100.0
2025-04-14,218.50125122070312,860600.0
2025-04-15,218.6373748779297,747400.0
2025-04-16,219.4152069091797,1622500.0
2025-04-17,222.7112579345703,1308100.0
2025-04-21,219.2985382080078,982300.0
2025-04-22,225.00584411621094,1111100.0
2025-04-23,217.6942596435547,1823500.0
2025-04-24,216.6636505126953,883200.0
2025-04-25,215.93441772460938,856200.0
2025-04-28,217.09144592285156,882200.0
2025-04-29,231.88961791992188,1703100.0
2025-04-30,236.65379333496094,1201100.0
2025-05-01,234.06752014160156,740400.0
2025-05-02,235.25372314453125,758600.0
2025-05-05,235.24398803710938,700900.0
2025-05-06,236.09959411621094,739700.0
2025-05-07,233.64944458007812,860600.0
2025-05-08,230.0616912841797,925100.0
2025-05-09,233.046630859375,670600.0
2025-05-12,223.30433654785156,1065200.0
2025-05-13,219.56105041503906,1067300.0
2025-05-14,216.55670166015625,1526100.0
2025-05-15,222.74041748046875,929800.0
2025-05-16,226.61984252929688,1084700.0
2025-05-19,228.9824676513672,544500.0
2025-05-20,227.30043029785156,648200.0
2025-05-21,225.4725341796875,594100.0
2025-05-22,223.01060485839844,705300.0
2025-05-23,224.2318115234375,400800.0
2025-05-27,225.68746948242188,573200.0
2025-05-28,223.7530975341797,673700.0
2025-05-29,224.93521118164062,512400.0
2025-05-30,226.5471954345703,1256500.0
2025-06-02,225.73631286621094,522800.0
2025-06-03,224.1927032470703,627200.0
2025-06-04,225.43345642089844,427900.0
2025-06-05,224.35879516601562,674700.0
2025-06-06,220.48028564453125,482400.0
2025-06-09,219.80618286132812,610900.0
2025-06-10,220.94921875,546900.0
2025-06-11,219.5717010498047,745500.0
2025-06-12,222.8152313232422,643700.0
2025-06-13,222.5807342529297,592600.0
2025-06-16,224.81797790527344,1147400.0
2025-06-17,223.2548370361328,821700.0
2025-06-18,223.05946350097656,595900.0
2025-06-20,224.02664184570312,937500.0
2025-06-23,228.72581481933594,573900.0
2025-06-24,231.148681640625,598800.0
2025-06-25,227.31898498535156,493900.0
2025-06-26,225.3845977783203,700700.0
2025-06-27,225.4822998046875,780100.0
2025-06-30,229.42922973632812,621400.0
2025-07-01,233.2393798828125,846700.0
2025-07-02,232.11585998535156,728200.0
2025-07-03,228.54019165039062,524800.0
2025-07-07,228.2080078125,695000.0
2025-07-08,228.84307861328125,650100.0
2025-07-09,228.8723602294922,725200.0
2025-07-10,227.42645263671875,583300.0
2025-07-11,223.5283966064453,678900.0
2025-07-14,226.98680114746094,461200.0
2025-07-15,224.7300567626953,610600.0
2025-07-16,228.50111389160156,1058400.0
2025-07-17,227.49484252929688,445900.0
2025-07-18,228.5108642578125,395600.0
2025-07-21,228.9700469970703,403300.0
2025-07-22,233.83531188964844,960700.0
2025-07-23,231.4515380859375,980500.0
2025-07-24,229.7027587890625,894000.0
2025-07-25,228.53042602539062,500400.0
2025-07-28,221.52561950683594,634500.0
2025-07-29,223.64561462402344,977100.0
2025-07-30,221.7503204345703,778500.0
2025-07-31,219.54238891601562,859200.0
2025-08-01,223.30369567871094,1083100.0
2025-08-04,225.09153747558594,944600.0
2025-08-05,214.11048889160156,2174000.0
2025-08-06,214.70645141601562,987900.0
2025-08-07,217.99879455566406,754400.0
2025-08-08,215.76158142089844,569100.0
2025-08-11,214.0616455078125,602800.0
2025-08-12,212.96746826171875,621900.0
2025-08-13,214.335205078125,929500.0
2025-08-14,211.912353515625,921900.0
2025-08-15,214.87252807617188,791300.0
2025-08-18,210.19288635253906,850200.0
2025-08-19,215.1851348876953,743200.0
2025-08-20,218.55567932128906,941700.0
2025-08-21,216.87672424316406,526100.0
2025-08-22,218.8207550048828,513500.0
2025-08-25,217.5443878173828,530100.0
2025-08-26,214.86398315429688,1325300.0
2025-08-27,204.34857177734375,1234200.0
2025-08-28,202.29652404785156,1811700.0
2025-08-29,201.12815856933594,1350800.0
2025-09-02,198.3299560546875,1276500.0
2025-09-03,195.68881225585938,1438300.0
2025-09-04,191.6240234375,2126000.0
2025-09-05,194.1473388671875,1863200.0
2025-09-08,187.87342834472656,2436400.0
2025-09-09,187.9912567138672,2326300.0
2025-09-10,190.0531005859375,1517500.0
2025-09-11,195.8164520263672,1602900.0
2025-09-12,196.33682250976562,1334400.0
2025-09-15,194.4517059326172,1480200.0
2025-09-16,195.5611572265625,1746400.0
2025-09-17,195.75755310058594,1458500.0
2025-09-18,195.2077178955078,1119800.0
2025-09-19,195.48263549804688,1832400.0
2025-09-22,194.40261840820312,1733700.0
2025-09-23,195.2077178955078,899800.0
2025-09-24,191.6829376220703,1408500.0
2025-09-25,191.87930297851562,966200.0
2025-09-26,190.6912841796875,1248200.0
2025-09-29,192.53713989257812,925800.0
2025-09-30,189.8371124267578,1307000.0
2025-10-01,188.305419921875,1237500.0
2025-10-02,188.21705627441406,841900.0
2025-10-03,188.59999084472656,1144100.0
2025-10-06,185.23231506347656,1072100.0
2025-10-07,185.1046600341797,895900.0
2025-10-08,184.20138549804688,958600.0
2025-10-09,184.0835723876953,819300.0
2025-10-10,185.664306640625,844000.0
2025-10-13,184.70211791992188,997900.0
2025-10-14,187.59852600097656,1267800.0
2025-10-15,190.9171142578125,1164900.0
2025-10-16,193.83316040039062,908700.0
2025-10-17,192.6942138671875,713400.0
2025-10-20,194.16697692871094,627100.0
2025-10-21,194.07861328125,570100.0
2025-10-22,193.7938690185547,610900.0
2025-10-23,192.53713989257812,1018700.0
2025-10-24,195.07025146484375,878300.0
2025-10-27,193.71533203125,1133200.0
2025-10-28,189.88616943359375,3275700.0
2025-10-29,186.9603271484375,1342900.0
2025-10-30,187.66725158691406,1320100.0
2025-10-31,188.00106811523438,1330800.0
2025-11-03,190.00399780273438,1854000.0
2025-11-04,192.63531494140625,1447200.0
2025-11-05,192.23277282714844,978600.0
2025-11-06,191.211669921875,998900.0
2025-11-07,193.8135223388672,798300.0
2025-11-10,195.79681396484375,717600.0
2025-11-11,199.15467834472656,967700.0
2025-11-12,197.9666748046875,781300.0
2025-11-13,191.48033142089844,1169600.0
2025-11-14,194.69882202148438,821900.0
2025-11-17,193.28701782226562,725200.0
2025-11-18,195.1825714111328,778500.0
2025-11-19,193.59307861328125,630700.0
2025-11-20,192.76376342773438,731400.0
2025-11-21,192.5366973876953,1111500.0
2025-11-24,190.6312713623047,1372200.0
2025-11-25,190.83860778808594,772000.0
2025-11-26,192.3096160888672,756200.0
2025-11-28,191.7962646484375,313100.0
2025-12-01,186.16883850097656,941800.0
2025-12-02,184.58920288085938,590300.0
2025-12-03,184.95449829101562,837600.0
2025-12-04,187.5806121826172,760600.0
2025-12-05,187.1659698486328,716000.0
2025-12-08,188.5481414794922,852300.0
2025-12-09,186.87965393066406,636800.0
2025-12-10,186.810546875,824000.0
2025-12-11,190.3745880126953,693800.0
2025-12-12,189.219482421875,1008700.0
2025-12-15,190.67076110839844,911900.0
2025-12-16,187.5608673095703,698400.0
2025-12-17,188.51852416992188,755000.0
2025-12-18,187.93605041503906,956100.0
2025-12-19,187.59048461914062,1526800.0
2025-12-22,188.20260620117188,673100.0
2025-12-23,189.46629333496094,700000.0
2025-12-24,190.14752197265625,242400.0
2025-12-26,190.14752197265625,348100.0
2025-12-29,191.2236328125,563400.0
2025-12-30,192.27999877929688,477300.0
2025-12-31,190.96693420410156,366300.0
2026-01-02,190.02903747558594,380800.0
2026-01-05,187.63986206054688,1037600.0
2026-01-06,185.7245635986328,714900.0
2026-01-07,179.10987854003906,1174900.0
2026-01-08,179.05064392089844,785700.0
2026-01-09,178.89268493652344,938900.0
2026-01-12,182.644287109375,945300.0
2026-01-13,185.64556884765625,704200.0
2026-01-14,189.61439514160156,762000.0
2026-01-15,189.5452880859375,650700.0
2026-01-16,191.63829040527344,670900.0
2026-01-20,183.51307678222656,885600.0
2026-01-21,183.75990295410156,678700.0
2026-01-22,182.9305877685547,879300.0
2026-01-23,184.77679443359375,681100.0
2026-01-26,185.28028869628906,475700.0
2026-01-27,184.4114990234375,596400.0
2026-01-28,181.8149871826172,745300.0
2026-01-29,185.37901306152344,760400.0
2026-01-30,181.765625,1238400.0
2026-02-02,178.83343505859375,1289700.0
2026-02-03,177.36241149902344,1014100.0
2026-02-04,182.51593017578125,1329600.0
2026-02-05,178.21145629882812,1083100.0
2026-02-06,178.43853759765625,663100.0
2026-02-09,182.2790069580078,520800.0
2026-02-10,186.67233276367188,722600.0
2026-02-11,188.5283966064453,793000.0
2026-02-12,196.7523193359375,1221800.0
2026-02-13,198.21348571777344,1015100.0
2026-02-17,200.53355407714844,1293300.0
2026-02-18,194.9456329345703,1020300.0
2026-02-19,195.7650604248047,728800.0
2026-02-20,196.9991455078125,676600.0
2026-02-23,197.09786987304688,1009900.0
2026-02-24,199.0329132080078,687900.0
2026-02-25,194.65933227539062,805000.0
2026-02-26,189.72299194335938,2027100.0
2026-02-27,198.5985107421875,2197700.0
2026-03-02,196.3870391845703,1428600.0
2026-03-03,194.86663818359375,1219500.0
2026-03-04,193.92874145507812,931400.0
2026-03-05,193.1981658935547,1055300.0
2026-03-06,194.0768280029297,1101200.0
2026-03-09,193.43508911132812,1188200.0
2026-03-10,191.23348999023438,1216700.0
2026-03-11,186.15895080566406,913200.0
2026-03-12,182.37771606445312,745000.0
2026-03-13,186.9103240966797,675200.0
2026-03-16,186.48291015625,719900.0
2026-03-17,186.02566528320312,561300.0
2026-03-18,181.930419921875,620400.0
2026-03-19,181.1849365234375,713200.0
2026-03-20,173.10377502441406,1510200.0
2026-03-23,170.94680786132812,996300.0
2026-03-24,165.75816345214844,1052200.0
2026-03-25,164.1578369140625,1231300.0
2026-03-26,165.1717071533203,662900.0
2026-03-27,166.05636596679688,836700.0
2026-03-30,168.80972290039062,811100.0
2026-03-31,171.07603454589844,1248900.0
2026-04-01,170.52932739257812,976900.0
2026-04-02,202.81419372558594,6566500.0
2026-04-06,211.14385986328125,3397500.0
2026-04-07,204.62327575683594,2121300.0
2026-04-08,217.39608764648438,3486700.0
2026-04-09,217.1475830078125,1714500.0
2026-04-10,222.40579223632812,1556400.0
2026-04-13,218.91688537597656,1315500.0
2026-04-14,216.76986694335938,1200800.0
2026-04-15,212.9131622314453,1758200.0
2026-04-16,220.42774963378906,1055400.0
2026-04-17,221.79945373535156,944700.0
2026-04-20,219.0858612060547,661600.0
2026-04-21,211.8197784423828,1195100.0
2026-04-22,210.5872344970703,1157200.0
2026-04-23,218.28073120117188,1034400.0
2026-04-24,218.15150451660156,720400.0
2026-04-27,213.70835876464844,1040900.0
2026-04-28,216.28280639648438,1167500.0
2026-04-29,214.6725311279297,1109200.0
2026-04-30,219.87110900878906,1554000.0
2026-05-01,217.26686096191406,613200.0
2026-05-04,216.60089111328125,618700.0
2026-05-05,216.07406616210938,787900.0
2026-05-06,217.12770080566406,847300.0
2026-05-07,217.30661010742188,553500.0
2026-05-08,216.85931396484375,459800.0
2026-05-11,215.9547882080078,457800.0
2026-05-12,212.32672119140625,1132300.0
2026-05-13,206.41246032714844,1417300.0
2026-05-14,200.001220703125,1022000.0
2026-05-15,198.42076110839844,1063600.0
2026-05-18,202.118408203125,606400.0
2026-05-19,206.2633514404297,684300.0
2026-05-20,206.4919891357422,561400.0
2026-05-21,206.82000732421875,441700.0
2026-05-22,205.57000732421875,632100.0
2026-05-26,201.72999572753906,651600.0
2026-05-27,200.1999969482422,707000.0
2026-05-28,204.6199951171875,997800.0
2026-05-29,203.16000366210938,1415000.0
2026-06-01,204.0500030517578,950100.0
2026-06-02,196.2100067138672,890500.0
2026-06-03,196.5800018310547,1473600.0
2026-06-04,207.85000610351562,791700.0
2026-06-05,208.02000427246094,682600.0
2026-06-08,200.10000610351562,935300.0
2026-06-09,204.77999877929688,816200.0
2026-06-10,207.3300018310547,823200.0
2026-06-11,203.64999389648438,723200.0
2026-06-12,204.7899932861328,550000.0
2026-06-15,195.82000732421875,2653700.0
2026-06-16,195.72999572753906,706400.0
2026-06-17,191.57000732421875,917900.0
2026-06-18,186.8699951171875,1819300.0
2026-06-22,187.58999633789062,873800.0
2026-06-23,189.58999633789062,690800.0
2026-06-24,185.4600067138672,1044900.0
2026-06-25,180.9499969482422,1066300.0
2026-06-26,183.75999450683594,1305300.0
2026-06-29,179.5,689600.0
2026-06-30,176.4600067138672,1268900.0
2026-07-01,180.75,1215500.0
2026-07-02,184.55999755859375,1506300.0
2026-07-06,180.57000732421875,1214700.0
2026-07-07,183.22999572753906,768600.0
2026-07-08,181.99000549316406,1281200.0
2026-07-09,182.47999572753906,1122700.0
2026-07-10,190.02999877929688,1443800.0
2026-07-13,187.10000610351562,1092900.0
2026-07-14,187.25,567800.0
2026-07-15,187.08999633789062,494400.0
2026-07-16,185.0399932861328,620900.0
2026-07-17,185.69000244140625,617700.0
2026-07-20,181.97000122070312,806600.0
2026-07-23,174.85000610351562,749500.0
2026-07-24,173.57000732421875,1059300.0
2026-07-27,172.61000061035156,986900.0
2026-07-28,174.92999267578125,1003300.0
2026-07-29,186.2899932861328,1616100.0
2026-07-30,181.89999389648438,1196600.0
2026-08-03,179.5399932861328,1818300.0
2026-08-04,187.89999389648438,2377900.0
2026-08-05,178.39999389648438,2211000.0
2026-08-06,182.60000610351562,900900.0
2026-08-07,184.02999877929688,595000.0
2026-08-10,181.0500030517578,1367500.0
2026-08-11,181.97000122070312,614100.0
2026-08-12,183.0800018310547,683400.0
