date,close,volume
2004-01-02,9.915079116821289,4535558
2004-01-05,10.01144790649414,6627623
2004-01-06,10.048921585083008,6834395
2004-01-07,10.00609016418457,4333263
2004-01-08,10.121197700500488,4041151
2004-01-09,10.139938354492188,5763320
2004-01-12,10.09710693359375,6203446
2004-01-13,10.279130935668945,4679095
2004-01-14,10.354083061218262,3816752
2004-01-15,10.247011184692383,5656437
2004-01-16,10.150647163391113,5289059
2004-01-20,10.038211822509766,7415539
2004-01-21,10.040888786315918,8155610
2004-01-22,10.126550674438477,5133770
2004-01-23,10.147963523864746,9171284
2004-01-26,10.30055046081543,3136838
2004-01-27,10.196150779724121,3200632
2004-01-28,10.13725757598877,4193363
2004-01-29,10.13725757598877,5329910
2004-01-30,10.279130935668945,3901251
2004-02-02,10.501313209533691,5841105
2004-02-03,10.785056114196777,7616156
2004-02-04,10.712784767150879,6050115
2004-02-05,10.586971282958984,5483800
2004-02-06,10.74758243560791,5043955
2004-02-09,10.793091773986816,5352574
2004-02-10,10.779705047607422,4330744
2004-02-11,10.921579360961914,5754647
2004-02-12,10.908193588256836,4770870
2004-02-13,10.886775970458984,3173492
2004-02-17,11.020623207092285,2417472
2004-02-18,11.004560470581055,2615570
2004-02-19,11.0179443359375,3488267
2004-02-20,10.999204635620117,3243442
2004-02-23,11.060773849487305,2362911
2004-02-24,11.08218765258789,3652789
2004-02-25,11.135726928710938,3527159
2004-02-26,11.127693176269531,2830457
2004-02-27,11.21335506439209,6249333
2004-03-01,11.256186485290527,4295210
2004-03-02,11.21335506439209,5379715
2004-03-03,11.283239364624023,3084235
2004-03-04,11.339678764343262,3657825
2004-03-05,11.492881774902344,2837732
2004-03-08,11.457942008972168,2696992
2004-03-09,11.358492851257324,2073598
2004-03-10,11.302053451538086,2902365
2004-03-11,11.0171480178833,3683567
2004-03-12,11.0171480178833,3639079
2004-03-15,11.030584335327148,4149434
2004-03-16,10.984895706176758,4586482
2004-03-17,11.019834518432617,2629840
2004-03-18,11.03864860534668,3265826
2004-03-19,10.98220157623291,3296604
2004-03-22,11.009081840515137,5133211
2004-03-23,10.91501235961914,3370191
2004-03-24,10.874700546264648,3036669
2004-03-25,10.8666353225708,3700075
2004-03-26,10.777936935424805,2325418
2004-03-29,10.94457721710205,3750719
2004-03-30,11.146162986755371,3047302
2004-03-31,11.248296737670898,4421400
2004-04-01,11.304742813110352,3472038
2004-04-02,11.264424324035645,2813949
2004-04-05,11.342367172241211,3389777
2004-04-06,11.267110824584961,2764424
2004-04-07,11.275174140930176,4498345
2004-04-08,11.27785873413086,2019317
2004-04-12,11.361180305480957,2796881
2004-04-13,11.10046672821045,7046763
2004-04-14,10.92038631439209,7001715
2004-04-15,10.656990051269531,6279831
2004-04-16,10.433906555175781,8108884
2004-04-19,10.321017265319824,4675178
2004-04-20,10.181255340576172,6662038
2004-04-21,10.04417896270752,12977963
2004-04-22,10.208131790161133,8312858
2004-04-23,10.364019393920898,10323501
2004-04-26,10.243070602416992,5000026
2004-04-27,10.256509780883789,3750719
2004-04-28,10.253823280334473,3826265
2004-04-29,10.361332893371582,5142444
2004-04-30,10.29682731628418,6111951
2004-05-03,10.398959159851074,4236452
2004-05-04,10.29682731628418,4944346
2004-05-05,10.28338623046875,2529672
2004-05-06,10.345205307006836,6008705
2004-05-07,10.114058494567871,7985492
2004-05-10,10.25113296508789,4270587
2004-05-11,10.326391220092773,4836903
2004-05-12,10.28338623046875,4152232
2004-05-13,10.42852783203125,2889215
2004-05-14,10.549479484558105,4385305
2004-05-17,10.364019393920898,4289614
2004-05-18,10.310264587402344,3425312
2004-05-19,10.261886596679688,5583969
2004-05-20,10.25113296508789,6411337
2004-05-21,10.25113296508789,4469805
2004-05-24,10.23501205444336,2693914
2004-05-25,10.189311981201172,5552071
2004-05-26,10.183939933776855,7355942
2004-05-27,10.323705673217773,3159502
2004-05-28,10.302204132080078,2152781
2004-06-01,10.26994800567627,2678525
2004-06-02,10.307765007019043,2301075
2004-06-03,10.186211585998535,2686919
2004-06-04,10.34018325805664,2652504
2004-06-07,10.3131685256958,3649991
2004-06-08,10.33747673034668,3106340
2004-06-09,10.234829902648926,2918594
2004-06-10,10.259145736694336,3400969
2004-06-14,10.318571090698242,2958325
2004-06-15,10.472541809082031,4790176
2004-06-16,10.580586433410645,4159507
2004-06-17,10.683233261108398,3959170
2004-06-18,10.702138900756836,6543403
2004-06-21,10.721048355102539,3032752
2004-06-22,10.788576126098633,2461960
2004-06-23,10.837200164794922,2639913
2004-06-24,10.915534019470215,4832706
2004-06-25,11.012777328491211,4669582
2004-06-28,10.912832260131836,12862966
2004-06-29,10.98306655883789,3175450
2004-06-30,10.926340103149414,4116977
2004-07-01,10.891225814819336,4440426
2004-07-02,10.6400146484375,12868002
2004-07-06,10.523862838745117,12563020
2004-07-07,10.542771339416504,6898189
2004-07-08,10.356389045715332,5246250
2004-07-09,10.253743171691895,6382518
2004-07-12,10.34018325805664,4662028
2004-07-13,10.259145736694336,4093194
2004-07-14,10.253743171691895,3463644
2004-07-15,10.464435577392578,7753258
2004-07-16,10.43202018737793,3959730
2004-07-19,10.42121410369873,2566046
2004-07-20,10.518457412719727,3034431
2004-07-21,10.391504287719727,2651665
2004-07-22,10.28885555267334,3332698
2004-07-23,9.99172592163086,9922547
2004-07-26,10.024136543273926,5036680
2004-07-27,10.03764820098877,3514008
2004-07-28,10.013335227966309,2874385
2004-07-29,10.078164100646973,5482681
2004-07-30,10.242938041687012,4409928
2004-08-02,10.329376220703125,7884484
2004-08-03,10.377996444702148,5164548
2004-08-04,10.350987434387207,2848364
2004-08-05,10.091672897338867,1977347
2004-08-06,10.221324920654297,3964206
2004-08-09,10.159199714660645,2263022
2004-08-10,10.229433059692383,2164533
2004-08-11,10.226731300354004,2547579
2004-08-12,10.345582008361816,3147750
2004-08-13,10.240233421325684,3686645
2004-08-16,10.396903991699219,2604378
2004-08-17,10.34288215637207,2423068
2004-08-18,10.583287239074707,2913557
2004-08-19,10.531963348388672,2392010
2004-08-20,10.710246086120605,2965880
2004-08-23,10.699440002441406,1773932
2004-08-24,10.658920288085938,2602420
2004-08-25,10.783178329467773,2033866
2004-08-26,10.812891006469727,1913832
2004-08-27,10.664325714111328,1551771
2004-08-30,10.62110710144043,1184393
2004-08-31,10.540067672729492,3428110
2004-09-01,10.515636444091797,3037229
2004-09-02,10.550929069519043,2859836
2004-09-03,10.521066665649414,2971196
2004-09-07,10.667645454406738,4712112
2004-09-08,10.68393325805664,4688609
2004-09-09,10.681218147277832,2716019
2004-09-10,10.936375617980957,4690847
2004-09-13,10.863088607788086,3540869
2004-09-14,10.985234260559082,2314226
2004-09-15,11.120952606201172,4124252
2004-09-16,11.180670738220215,3043664
2004-09-17,11.468398094177246,7365735
2004-09-20,11.837560653686523,9348957
2004-09-21,11.905416488647461,10505091
2004-09-22,11.802274703979492,7145532
2004-09-23,11.737130165100098,6117547
2004-09-24,11.875558853149414,5727226
2004-09-27,11.918987274169922,4320112
2004-09-28,11.989569664001465,5728345
2004-09-29,12.024856567382812,4040872
2004-09-30,12.106285095214844,6228908
2004-10-01,12.144288063049316,4012612
2004-10-04,12.043852806091309,4957217
2004-10-05,12.130715370178223,2851722
2004-10-06,12.168719291687012,2869909
2004-10-07,12.17957592010498,4150273
2004-10-08,11.959709167480469,3864038
2004-10-11,12.065568923950195,2418871
2004-10-12,12.160577774047852,1777290
2004-10-13,12.2012939453125,3772543
2004-10-14,11.943421363830566,2475670
2004-10-15,12.100857734680176,3038908
2004-10-18,12.117141723632812,3170973
2004-10-19,12.019428253173828,3496661
2004-10-20,11.745269775390625,5139926
2004-10-21,11.766983985900879,3537232
2004-10-22,11.78869915008545,5851178
2004-10-25,11.677411079406738,7029415
2004-10-26,11.61497688293457,13415011
2004-10-27,12.206717491149902,9346999
2004-10-28,12.193146705627441,3818431
2004-10-29,12.285435676574707,4389223
2004-11-01,12.25829792022705,6028571
2004-11-02,12.109002113342285,10323501
2004-11-03,13.360349655151367,26127444
2004-11-04,13.420063018798828,10510407
2004-11-05,13.270768165588379,5499189
2004-11-08,13.344057083129883,4133206
2004-11-09,13.387486457824707,4782342
2004-11-10,13.3549165725708,3303039
2004-11-11,13.699646949768066,4186927
2004-11-12,13.737650871276855,3640758
2004-11-15,13.867941856384277,4062416
2004-11-16,13.897798538208008,3945460
2004-11-17,13.949376106262207,7405746
2004-11-18,13.916800498962402,3622850
2004-11-19,13.661646842956543,3358160
2004-11-22,13.707791328430176,3430348
2004-11-23,13.821792602539062,3830742
2004-11-24,13.759363174438477,2231685
2004-11-26,13.759363174438477,618078
2004-11-29,13.699646949768066,2153061
2004-11-30,13.88966178894043,4647198
2004-12-01,13.97684097290039,4478479
2004-12-02,13.865129470825195,2866271
2004-12-03,14.143034934997559,5695609
2004-12-06,14.126689910888672,4243447
2004-12-07,13.859688758850098,3350885
2004-12-08,13.90600299835205,3010928
2004-12-09,14.126689910888672,4235612
2004-12-10,14.328313827514648,4284018
2004-12-13,14.377351760864258,3299402
2004-12-14,14.491778373718262,5090401
2004-12-15,14.589862823486328,3229452
2004-12-16,14.576239585876465,5520454
2004-12-17,14.527200698852539,5384191
2004-12-20,14.521746635437012,3357600
2004-12-21,14.777857780456543,3993026
2004-12-22,14.685219764709473,3085355
2004-12-23,14.603482246398926,1756864
2004-12-27,14.489053726196289,1917469
2004-12-28,14.576239585876465,3131242
2004-12-29,14.576239585876465,2273655
2004-12-30,14.625285148620605,2137392
2004-12-31,14.54627513885498,1928941
2005-01-03,14.889557838439941,9067758
2005-01-04,14.622554779052734,8187508
2005-01-05,14.647079467773438,6263883
2005-01-06,14.712468147277832,5321516
2005-01-07,14.625285148620605,2899288
2005-01-10,14.61438274383545,6460862
2005-01-11,14.56261157989502,9070556
2005-01-12,14.826894760131836,5354253
2005-01-13,14.821447372436523,4691686
2005-01-14,14.976743698120117,3334936
2005-01-18,14.788748741149902,6897350
2005-01-19,14.42366886138916,10341968
2005-01-20,14.121238708496094,8098531
2005-01-21,13.897835731506348,6230027
2005-01-24,13.840617179870605,4184969
2005-01-25,13.76705551147461,3877189
2005-01-26,13.829718589782715,3783176
2005-01-27,13.826990127563477,3415519
2005-01-28,13.562712669372559,5763320
2005-01-31,13.674417495727539,6264442
2005-02-01,13.786127090454102,4460292
2005-02-02,13.878755569458008,4095433
2005-02-03,13.835166931152344,4045069
2005-02-04,13.927794456481934,2899288
2005-02-07,13.805194854736328,5356491
2005-02-08,13.034152030944824,24694868
2005-02-09,12.99600601196289,9359310
2005-02-10,12.889753341674805,9020192
2005-02-11,13.29843521118164,9937097
2005-02-14,13.347475051879883,4265831
2005-02-15,13.573614120483398,4978202
2005-02-16,13.532742500305176,4683572
2005-02-17,13.535470008850098,4665385
2005-02-18,13.055947303771973,19696801
2005-02-22,12.641818046569824,13315682
2005-02-23,12.933348655700684,5958061
2005-02-24,12.941524505615234,3336335
2005-02-25,13.11589241027832,3471758
2005-02-28,13.295709609985352,6467017
2005-03-01,13.33385181427002,5564103
2005-03-02,13.374876976013184,7427011
2005-03-03,13.52531623840332,7960310
2005-03-04,13.73318862915039,4909930
2005-03-07,13.826181411743164,4231415
2005-03-08,13.692153930664062,3795767
2005-03-09,13.533515930175781,3478753
2005-03-10,13.61557388305664,3510651
2005-03-11,13.445992469787598,4094034
2005-03-14,13.8863525390625,7231711
2005-03-15,13.719510078430176,2732247
2005-03-16,13.391289710998535,5207917
2005-03-17,13.642926216125488,4838861
2005-03-18,13.73318862915039,7564953
2005-03-21,13.719510078430176,5759403
2005-03-22,13.817972183227539,9522154
2005-03-23,13.656603813171387,6916656
2005-03-24,13.418641090393066,4269188
2005-03-28,13.391289710998535,6642452
2005-03-29,13.563605308532715,6396228
2005-03-30,13.659337997436523,4016809
2005-03-31,13.631982803344727,3572486
2005-04-01,13.429582595825195,5123418
2005-04-04,13.645657539367676,4528843
2005-04-05,13.793355941772461,2984627
2005-04-06,13.716778755187988,4142159
2005-04-07,13.823446273803711,2851442
2005-04-08,13.659337997436523,3040866
2005-04-11,13.700364112854004,2686640
2005-04-12,13.83438491821289,6698972
2005-04-13,13.618307113647461,3511210
2005-04-14,13.445992469787598,5679101
2005-04-15,13.355737686157227,5318718
2005-04-18,13.645657539367676,5669028
2005-04-19,13.4924898147583,5487438
2005-04-20,13.445992469787598,4360403
2005-04-21,12.652799606323242,23891562
2005-04-22,12.603564262390137,13721672
2005-04-25,12.852470397949219,9378616
2005-04-26,12.8360595703125,5173222
2005-04-27,12.907167434692383,6697013
2005-04-28,12.830584526062012,4622856
2005-04-29,13.03024959564209,8500604
2005-05-02,13.18068790435791,4650556
2005-05-03,13.265474319458008,5205959
2005-05-04,13.385821342468262,4908811
2005-05-05,13.31197738647461,3542268
2005-05-06,13.213509559631348,4781222
2005-05-09,13.497963905334473,4148595
2005-05-10,13.454198837280273,5036400
2005-05-11,13.339324951171875,4994430
2005-05-12,13.213509559631348,4473722
2005-05-13,13.019311904907227,4710153
2005-05-16,13.243589401245117,4628731
2005-05-17,13.128717422485352,8843918
2005-05-18,13.24085521697998,8360704
2005-05-19,13.358467102050781,3846970
2005-05-20,13.402230262756348,3724698
2005-05-23,13.39402961730957,4804166
2005-05-24,13.418641090393066,2529952
2005-05-25,13.251798629760742,3641037
2005-05-26,13.399492263793945,3598508
2005-05-27,13.391289710998535,2498054
2005-05-31,13.202567100524902,3927273
2005-06-01,13.444357872009277,4205954
2005-06-02,13.480080604553223,5793539
2005-06-03,13.342697143554688,2241198
2005-06-06,13.504806518554688,2696153
2005-06-07,13.518546104431152,4492469
2005-06-08,13.620209693908691,2286526
2005-06-09,13.436118125915527,3345289
2005-06-10,13.326210975646973,2502531
2005-06-13,13.458105087280273,2701469
2005-06-14,13.482826232910156,2411316
2005-06-15,13.389410972595215,5578373
2005-06-16,13.463594436645508,2766103
2005-06-17,13.677913665771484,7112516
2005-06-20,13.991145133972168,7688624
2005-06-21,14.029617309570312,4900697
2005-06-22,13.999394416809082,3750159
2005-06-23,13.919709205627441,3215182
2005-06-24,13.980157852172852,3869914
2005-06-27,13.642196655273438,4728900
2005-06-28,13.949936866760254,3157263
2005-06-29,13.804312705993652,2092344
2005-06-30,13.958174705505371,4022964
2005-07-01,13.807058334350586,3061292
2005-07-05,13.708133697509766,5451903
2005-07-06,13.59273624420166,3117811
2005-07-07,13.628457069396973,7001156
2005-07-08,13.622960090637207,4182171
2005-07-11,13.826287269592285,4472043
2005-07-12,13.776832580566406,3162579
2005-07-13,14.177989959716797,5014576
2005-07-14,14.373076438903809,6027731
2005-07-15,14.150513648986816,3117252
2005-07-18,13.993895530700684,2204824
2005-07-19,13.985655784606934,2648027
2005-07-20,13.790567398071289,5245411
2005-07-21,13.925206184387207,10749636
2005-07-22,14.073579788208008,4478479
2005-07-25,13.936190605163574,3349766
2005-07-26,14.134026527404785,3572207
2005-07-27,14.09281063079834,2683842
2005-07-28,14.177989959716797,2454126
2005-07-29,14.147764205932617,2721055
2005-08-01,13.947182655334473,3129003
2005-08-02,14.101056098937988,2026032
2005-08-03,14.123037338256836,2105495
2005-08-04,14.142271041870117,2490220
2005-08-05,14.018627166748047,2186917
2005-08-08,13.922451972961426,1310303
2005-08-09,13.985655784606934,1494132
2005-08-10,13.851016998291016,2274214
2005-08-11,13.958174705505371,2279251
2005-08-12,13.936190605163574,1975948
2005-08-15,13.90871810913086,2097661
2005-08-16,13.958174705505371,2446851
2005-08-17,13.9966402053833,2122843
2005-08-18,13.941691398620605,1595699
2005-08-19,14.213708877563477,4320951
2005-08-22,14.128533363342285,3402648
2005-08-23,14.09281063079834,3652509
2005-08-24,13.875744819641113,6010943
2005-08-25,13.807058334350586,4512055
2005-08-26,13.59273624420166,4605788
2005-08-29,13.606472969055176,4606347
2005-08-30,13.518546104431152,4439307
2005-08-31,13.731071472167969,5583689
2005-09-01,13.87182903289795,4642162
2005-09-02,13.827672004699707,3272821
2005-09-06,13.855270385742188,4122014
2005-09-07,14.12299633026123,5525490
2005-09-08,14.269272804260254,11146952
2005-09-09,14.379666328430176,4649157
2005-09-12,14.628079414367676,5052069
2005-09-13,14.746753692626953,6495277
2005-09-14,14.727433204650879,5598238
2005-09-15,14.663955688476562,5183855
2005-09-16,14.807473182678223,4997788
2005-09-19,14.73847770690918,2277572
2005-09-20,14.724672317504883,3472598
2005-09-21,14.481788635253906,3442939
2005-09-22,14.60047435760498,4192243
2005-09-23,14.531475067138672,2595705
2005-09-26,14.575634956359863,2718537
2005-09-27,14.636351585388184,2343605
2005-09-28,14.548036575317383,2417752
2005-09-29,14.81023120880127,3388658
2005-09-30,14.804713249206543,2613332
2005-10-03,14.752270698547363,2799119
2005-10-04,14.597716331481934,2339967
2005-10-05,14.65015697479248,4213788
2005-10-06,14.432112693786621,4306961
2005-10-07,14.429352760314941,4138522
2005-10-10,14.332748413085938,1891448
2005-10-11,14.244429588317871,3497220
2005-10-12,14.46247386932373,4204834
2005-10-13,14.398992538452148,4859287
2005-10-14,14.503876686096191,2618089
2005-10-17,14.628079414367676,2749595
2005-10-18,14.429352760314941,3419436
2005-10-19,14.680512428283691,5243172
2005-10-20,14.859914779663086,9993896
2005-10-21,15.028280258178711,5534724
2005-10-24,15.221477508544922,3807239
2005-10-25,15.221477508544922,5394824
2005-10-26,15.204916000366211,4255758
2005-10-27,15.053120613098145,4147755
2005-10-28,15.331879615783691,4744009
2005-10-31,15.326363563537598,5887272
2005-11-01,14.697071075439453,13435996
2005-11-02,14.826798439025879,4934833
2005-11-03,14.752270698547363,5164548
2005-11-04,14.766077041625977,6005068
2005-11-07,14.785396575927734,3699516
2005-11-08,14.7881498336792,3161460
2005-11-09,14.873717308044434,3726097
2005-11-10,14.90407657623291,5475126
2005-11-11,14.89855670928955,2912438
2005-11-14,14.757798194885254,3439581
2005-11-15,14.735719680786133,3105220
2005-11-16,14.702593803405762,4550667
2005-11-17,14.752270698547363,4857328
2005-11-18,14.699836730957031,5341382
2005-11-21,14.487313270568848,6972896
2005-11-22,14.605997085571289,8162046
2005-11-23,14.572879791259766,5854815
2005-11-25,14.46247386932373,2190554
2005-11-28,14.65843391418457,5129573
2005-11-29,14.73847770690918,6243457
2005-11-30,14.563876152038574,5854815
2005-12-01,14.702446937561035,7455271
2005-12-02,14.774504661560059,6145247
2005-12-05,14.774504661560059,5557667
2005-12-06,14.893674850463867,4578927
2005-12-07,14.813301086425781,7426452
2005-12-08,14.998988151550293,9357631
2005-12-09,15.087674140930176,9107770
2005-12-12,15.06551456451416,6838032
2005-12-13,15.123703956604004,7924775
2005-12-14,15.1458740234375,4199238
2005-12-15,14.979591369628906,3946019
2005-12-16,14.910303115844727,5151678
2005-12-19,15.170816421508789,9792440
2005-12-20,14.971273422241211,4578647
2005-12-21,15.359278678894043,7572787
2005-12-22,15.350958824157715,3179927
2005-12-23,15.470132827758789,3888381
2005-12-27,15.306621551513672,6584254
2005-12-28,15.204073905944824,2681883
2005-12-29,15.223475456237793,2182440
2005-12-30,15.267818450927734,2041421
2006-01-03,15.46735954284668,7051240
2006-01-04,15.59761905670166,6485484
2006-01-05,15.46735954284668,5578093
2006-01-06,15.630875587463379,3226374
2006-01-09,16.09092903137207,11509293
2006-01-10,16.060443878173828,4982958
2006-01-11,15.888618469238281,4139081
2006-01-12,15.833192825317383,3717143
2006-01-13,16.107566833496094,4075007
2006-01-17,16.03827667236328,4482396
2006-01-18,15.86644458770752,2982388
2006-01-19,15.34264850616455,6965901
2006-01-20,15.331559181213379,7971502
2006-01-23,15.450733184814453,3614177
2006-01-24,15.486759185791016,4261914
2006-01-25,15.431336402893066,3145232
2006-01-26,15.470132827758789,3098505
2006-01-27,15.750049591064453,5164548
2006-01-30,15.41747760772705,3393135
2006-01-31,15.508932113647461,7468142
2006-02-01,15.464590072631836,5103832
2006-02-02,15.409164428710938,8297469
2006-02-03,15.442422866821289,11621493
2006-02-06,15.506162643432617,5045633
2006-02-07,15.456271171569824,6593487
2006-02-08,15.450733184814453,6442955
2006-02-09,15.392534255981445,5306407
2006-02-10,15.334334373474121,5050110
2006-02-13,15.517251968383789,4700920
2006-02-14,15.472908020019531,4095712
2006-02-15,15.339879035949707,4083121
2006-02-16,15.37035846710205,3035270
2006-02-17,15.445196151733398,3221617
2006-02-21,15.3842191696167,2782611
2006-02-22,15.738957405090332,6470095
2006-02-23,15.727876663208008,3336055
2006-02-24,15.794393539428711,2500573
2006-02-27,15.774991035461426,3120050
2006-02-28,15.633648872375488,4096832
2006-03-01,15.942476272583008,5211275
2006-03-02,15.845094680786133,4131807
2006-03-03,15.900744438171387,8889246
2006-03-06,15.731026649475098,2893132
2006-03-07,15.61973762512207,5044794
2006-03-08,15.636427879333496,4574170
2006-03-09,15.57243824005127,8037535
2006-03-10,15.419416427612305,7524102
2006-03-13,15.430541038513184,2953009
2006-03-14,15.469497680664062,4163424
2006-03-15,15.366552352905273,4885868
2006-03-16,15.461145401000977,3125086
2006-03-17,15.469497680664062,4246804
2006-03-20,15.335941314697266,5706521
2006-03-21,15.224649429321289,7773404
2006-03-22,15.19126033782959,4975404
2006-03-23,14.949204444885254,6824882
2006-03-24,14.951987266540527,7143854
2006-03-27,14.84347915649414,7703454
2006-03-28,14.857391357421875,10434861
2006-03-29,14.815650939941406,7195337
2006-03-30,14.659850120544434,10764466
2006-03-31,14.45117473602295,10787409
2006-04-03,14.556907653808594,9286842
2006-04-04,14.868520736694336,9704863
2006-04-05,14.787836074829102,6634897
2006-04-06,14.618114471435547,5755206
2006-04-07,14.434484481811523,6142449
2006-04-10,14.337100982666016,5338584
2006-04-11,14.236946105957031,6157279
2006-04-12,14.178509712219238,6591528
2006-04-13,14.189640998840332,4407130
2006-04-17,14.097823143005371,4915247
2006-04-18,14.133996963500977,9464235
2006-04-19,14.38718318939209,7079779
2006-04-20,15.068851470947266,16498127
2006-04-21,14.726625442504883,5038638
2006-04-24,14.73775577545166,3223016
2006-04-25,14.52072811126709,3846131
2006-04-26,14.651497840881348,2859556
2006-04-27,14.832350730895996,4823472
2006-04-28,14.712711334228516,5924765
2006-05-01,14.651497840881348,8210731
2006-05-02,14.534646987915039,8947165
2006-05-03,14.476217269897461,4029680
2006-05-04,14.484565734863281,2847804
2006-05-05,14.509605407714844,5705402
2006-05-08,14.98259449005127,10254110
2006-05-09,14.890772819519043,2954968
2006-05-10,14.92138385772705,2798560
2006-05-11,14.77670669555664,2594306
2006-05-12,14.734967231750488,6086210
2006-05-15,15.041023254394531,4933154
2006-05-16,15.041023254394531,2794922
2006-05-17,14.97981071472168,6602720
2006-05-18,14.92138385772705,4874676
2006-05-19,15.135610580444336,5832711
2006-05-22,15.071625709533691,4126770
2006-05-23,14.94363784790039,4221622
2006-05-24,15.16622543334961,6000311
2006-05-25,15.25247573852539,3554579
2006-05-26,15.199607849121094,3890339
2006-05-30,14.929726600646973,6628462
2006-05-31,15.027565002441406,6382518
2006-06-01,15.192488670349121,4054022
2006-06-02,15.153355598449707,3599067
2006-06-05,14.87662124633789,3876069
2006-06-06,15.049928665161133,4493028
2006-06-07,15.030359268188477,3660903
2006-06-08,15.041540145874023,8302226
2006-06-09,14.801148414611816,5281785
2006-06-12,14.70330810546875,3580041
2006-06-13,14.585905075073242,6358735
2006-06-14,14.599886894226074,3184124
2006-06-15,14.79555892944336,4278702
2006-06-16,14.812333106994629,5836348
2006-06-19,14.639019012451172,2299676
2006-06-20,14.683749198913574,2814508
2006-06-21,14.725675582885742,2878862
2006-06-22,14.557954788208008,5249608
2006-06-23,14.521617889404297,3767507
2006-06-26,14.65578842163086,4025483
2006-06-27,14.605478286743164,2876344
2006-06-28,14.58031940460205,3165377
2006-06-29,14.815130233764648,3689723
2006-06-30,14.792768478393555,6091246
2006-07-03,14.742448806762695,1410752
2006-07-05,14.770400047302246,2858996
2006-07-06,14.728469848632812,2542543
2006-07-07,14.725675582885742,1630115
2006-07-10,14.71170425415039,1882215
2006-07-11,14.803938865661621,2300795
2006-07-12,14.697724342346191,2057369
2006-07-13,14.538386344909668,2795762
2006-07-14,14.398619651794434,2977072
2006-07-17,14.516021728515625,3020441
2006-07-18,14.658589363098145,3737009
2006-07-19,14.745241165161133,5404057
2006-07-20,14.057598114013672,10753833
2006-07-21,14.068777084350586,8321812
2006-07-24,14.174999237060547,5858732
2006-07-25,14.105114936828613,4764434
2006-07-26,14.105114936828613,6415534
2006-07-27,14.060385704040527,5054027
2006-07-28,13.976532936096191,5109428
2006-07-31,14.060385704040527,6620628
2006-08-01,13.959763526916504,2509246
2006-08-02,13.973734855651855,4366839
2006-08-03,14.200155258178711,4795772
2006-08-04,14.147045135498047,3268344
2006-08-07,14.054802894592285,3001135
2006-08-08,13.982122421264648,4497785
2006-08-09,13.691414833068848,5323195
2006-08-10,13.565620422363281,5010379
2006-08-11,13.420267105102539,3738408
2006-08-14,13.381132125854492,6036405
2006-08-15,13.400697708129883,8072510
2006-08-16,13.375536918640137,5788502
2006-08-17,13.43983268737793,7536973
2006-08-18,13.400697708129883,6649447
2006-08-21,13.177072525024414,6327117
2006-08-22,13.059672355651855,5466453
2006-08-23,13.185457229614258,7555719
2006-08-24,12.858407020568848,13491396
2006-08-25,12.86679744720459,8130428
2006-08-28,12.973012924194336,6180782
2006-08-29,13.109986305236816,7502277
2006-08-30,13.441600799560547,11774823
2006-08-31,13.638319969177246,9611690
2006-09-01,13.728246688842773,7155325
2006-09-05,14.037379264831543,12866043
2006-09-06,13.927781105041504,11388140
2006-09-07,13.80412769317627,8006477
2006-09-08,13.995226860046387,5625939
2006-09-11,14.318412780761719,8610285
2006-09-12,14.374616622924805,7991648
2006-09-13,14.675310134887695,9002005
2006-09-14,14.61349105834961,6188616
2006-09-15,14.624731063842773,9271453
2006-09-18,14.470161437988281,4673220
2006-09-19,14.506702423095703,3694199
2006-09-20,14.534806251525879,2446851
2006-09-21,14.33527660369873,4555424
2006-09-22,14.4561128616333,3237286
2006-09-25,14.678128242492676,4756320
2006-09-26,14.658456802368164,3648592
2006-09-27,14.492647171020508,3965326
2006-09-28,14.607864379882812,3261069
2006-09-29,14.607864379882812,2642151
2006-10-02,14.338082313537598,3855924
2006-10-03,14.312789916992188,4199798
2006-10-04,14.41677188873291,5109987
2006-10-05,14.43082332611084,3139076
2006-10-06,14.23691177368164,5557108
2006-10-09,14.312789916992188,4379709
2006-10-10,14.461740493774414,4113899
2006-10-11,14.197565078735352,6974295
2006-10-12,13.995226860046387,8654774
2006-10-13,13.601785659790039,16765056
2006-10-16,13.61021614074707,6298298
2006-10-17,13.523098945617676,8365740
2006-10-18,13.396637916564941,8800270
2006-10-19,13.289846420288086,8256059
2006-10-20,13.247690200805664,10291044
2006-10-23,13.405064582824707,9523553
2006-10-24,13.295461654663086,9306148
2006-10-25,13.478132247924805,9673246
2006-10-26,13.618646621704102,5589285
2006-10-27,13.497807502746582,7940444
2006-10-30,13.528724670410156,7521024
2006-10-31,13.680475234985352,8833566
2006-11-01,13.638319969177246,9691153
2006-11-02,13.719818115234375,5698687
2006-11-03,13.905295372009277,7857623
2006-11-06,13.885623931884766,6524936
2006-11-07,13.939020156860352,5724428
2006-11-08,13.267363548278809,35969969
2006-11-09,13.1746244430542,16612845
2006-11-10,13.242070198059082,9404078
2006-11-13,13.315139770507812,5050110
2006-11-14,13.416306495666504,6860416
2006-11-15,13.309518814086914,9407156
2006-11-16,13.433170318603516,5903220
2006-11-17,13.37415599822998,5026327
2006-11-20,13.264555931091309,4379150
2006-11-21,13.00600814819336,12906055
2006-11-22,13.01724624633789,10732568
2006-11-24,12.927315711975098,2983228
2006-11-27,12.702496528625488,9829934
2006-11-28,12.643477439880371,7708770
2006-11-29,12.79042911529541,8018229
2006-11-30,12.954336166381836,12070012
2006-12-01,12.886512756347656,9352595
2006-12-04,13.152158737182617,11720542
2006-12-05,13.542142868041992,12973487
2006-12-06,13.804957389831543,14735387
2006-12-07,13.77669906616211,14142491
2006-12-08,13.530841827392578,13952787
2006-12-11,13.869967460632324,10016560
2006-12-12,13.796485900878906,5314241
2006-12-13,13.737133979797363,4325148
2006-12-14,14.022562026977539,7114754
2006-12-15,13.91235065460205,5590404
2006-12-18,13.934954643249512,4279261
2006-12-19,14.033870697021484,4926718
2006-12-20,14.186470985412598,5493873
2006-12-21,14.14408016204834,5657556
2006-12-22,13.98299503326416,3323744
2006-12-26,14.079084396362305,1785963
2006-12-27,13.949089050292969,5393425
2006-12-28,13.872786521911621,4532480
2006-12-29,13.782356262207031,3919998
2007-01-03,13.485623359680176,9551253
2007-01-04,13.988652229309082,18975197
2007-01-05,14.033870697021484,8448281
2007-01-08,14.005608558654785,5268634
2007-01-09,14.01973819732666,7764450
2007-01-10,13.754096984863281,20113983
2007-01-11,13.833224296569824,7297184
2007-01-12,13.785177230834961,7124268
2007-01-16,13.677791595458984,4191404
2007-01-17,13.564752578735352,9418348
2007-01-18,12.849775314331055,38095609
2007-01-19,12.84129810333252,27793373
2007-01-22,12.781953811645508,15506796
2007-01-23,12.7113037109375,13138569
2007-01-24,13.030638694763184,14690060
2007-01-25,12.8328218460083,8458354
2007-01-26,12.8328218460083,14058831
2007-01-29,12.940207481384277,10755792
2007-01-30,12.926081657409668,7277878
2007-01-31,12.988252639770508,6414695
2007-02-01,12.903470039367676,9834690
2007-02-02,13.129549026489258,11653950
2007-02-05,11.97371768951416,85981701
2007-02-06,11.857852935791016,69554643
2007-02-07,12.09523868560791,29662997
2007-02-08,12.075453758239746,13899065
2007-02-09,12.024585723876953,13264479
2007-02-12,12.010458946228027,11227255
2007-02-13,11.987853050231934,13800296
2007-02-14,12.041542053222656,8658131
2007-02-15,12.15175724029541,15848152
2007-02-16,12.41457462310791,15550445
2007-02-20,12.341099739074707,6719117
2007-02-21,12.465442657470703,11762232
2007-02-22,12.445663452148438,6792425
2007-02-23,12.307186126708984,5656437
2007-02-26,12.236534118652344,7347828
2007-02-27,11.993504524230957,17431260
2007-02-28,12.124266624450684,12124573
2007-03-01,12.14416790008545,7938206
2007-03-02,11.9906587600708,7511231
2007-03-05,11.888322830200195,10617571
2007-03-06,12.101529121398926,7803342
2007-03-07,11.945175170898438,14348704
2007-03-08,11.922431945800781,14166554
2007-03-09,11.97076416015625,10374145
2007-03-12,11.865579605102539,10108055
2007-03-13,11.717756271362305,14120667
2007-03-14,11.717756271362305,18934905
2007-03-15,11.811564445495605,10171849
2007-03-16,11.800196647644043,11769227
2007-03-19,11.808724403381348,5855934
2007-03-20,11.925276756286621,5681059
2007-03-21,12.14700984954834,9796078
2007-03-22,11.93949031829834,33178964
2007-03-23,11.811564445495605,12220545
2007-03-26,11.751871109008789,6732548
2007-03-27,11.734811782836914,8002560
2007-03-28,11.62110710144043,7698697
2007-03-29,11.592676162719727,8554325
2007-03-30,11.626791000366211,9348678
2007-04-02,11.73197078704834,7555160
2007-04-03,11.817253112792969,4832426
2007-04-04,11.709229469299316,4862924
2007-04-05,11.780301094055176,4050385
2007-04-09,11.817253112792969,6910500
2007-04-10,11.91959285736084,5213234
2007-04-11,11.729127883911133,14610317
2007-04-12,11.584151268005371,11818752
2007-04-13,13.292637825012207,101531026
2007-04-16,15.649262428283691,201424942
2007-04-17,15.919320106506348,82516657
2007-04-18,15.723175048828125,64799721
2007-04-19,15.626520156860352,30603685
2007-04-20,15.350778579711914,76667159
2007-04-23,15.450264930725098,19972684
2007-04-24,15.276859283447266,12248525
2007-04-25,15.356461524963379,23634986
2007-04-26,15.31666088104248,20038437
2007-04-27,15.416155815124512,18340610
2007-04-30,15.302448272705078,23386244
2007-05-01,15.208634376525879,22252774
2007-05-02,15.40478801727295,22938004
2007-05-03,15.487223625183105,14265043
2007-05-04,15.572505950927734,21204363
2007-05-07,15.436056137084961,8816498
2007-05-08,15.356461524963379,12856530
2007-05-09,15.401944160461426,11496143
2007-05-10,15.29391860961914,14766445
2007-05-11,15.39341926574707,18963165
2007-05-14,15.390573501586914,7864898
2007-05-15,15.370671272277832,15822970
2007-05-16,15.56397819519043,18555217
2007-05-17,15.737383842468262,28428519
2007-05-18,15.748762130737305,11204311
2007-05-21,15.720330238342285,8983818
2007-05-22,15.737383842468262,5754087
2007-05-23,15.81698226928711,8345595
2007-05-24,15.879524230957031,18690920
2007-05-25,15.925003051757812,8632110
2007-05-29,15.990386962890625,9695630
2007-05-30,16.01313018798828,6043400
2007-05-31,15.979021072387695,8999487
2007-06-01,15.981863021850586,7053198
2007-06-04,16.001758575439453,5605793
2007-06-05,15.976176261901855,8550128
2007-06-06,15.984702110290527,9289920
2007-06-07,15.939217567443848,14783513
2007-06-08,15.964804649353027,5587886
2007-06-11,15.961957931518555,6504231
2007-06-12,16.092729568481445,14767564
2007-06-13,16.26044464111328,14736786
2007-06-14,16.203588485717773,13011539
2007-06-15,16.212129592895508,12481598
2007-06-18,16.23486328125,7283194
2007-06-19,16.408266067504883,43915449
2007-06-20,16.39974021911621,14348704
2007-06-21,16.408266067504883,8427296
2007-06-22,16.357101440429688,13062743
2007-06-25,16.30308723449707,10423110
2007-06-26,16.345733642578125,15159844
2007-06-27,16.362791061401367,14895433
2007-06-28,16.351415634155273,15369414
2007-06-29,16.36847496032715,33742201
2007-07-02,16.431011199951172,18436861
2007-07-03,16.46512794494629,3414959
2007-07-05,16.44522476196289,4010373
2007-07-06,16.459440231323242,4082282
2007-07-09,16.482179641723633,6334952
2007-07-10,16.431011199951172,8368818
2007-07-11,14.824868202209473,94505808
2007-07-12,15.26548957824707,48874904
2007-07-13,15.248435974121094,20065018
2007-07-16,15.052285194396973,12301407
2007-07-17,14.699788093566895,30376207
2007-07-18,14.526376724243164,29845147
2007-07-19,14.642931938171387,23984736
2007-07-20,14.475210189819336,10266701
2007-07-23,14.47805404663086,7974580
2007-07-24,15.009649276733398,16680277
2007-07-25,14.537745475769043,12495588
2007-07-26,14.242108345031738,17105293
2007-07-27,14.043115615844727,12348973
2007-07-30,14.08859920501709,14729511
2007-07-31,13.977731704711914,29590249
2007-08-01,13.852654457092285,16117319
2007-08-02,13.807167053222656,15825488
2007-08-03,13.645133972167969,13779870
2007-08-06,13.989102363586426,13900464
2007-08-07,14.122713088989258,20876438
2007-08-08,14.236421585083008,12960336
2007-08-09,13.9720458984375,11505656
2007-08-10,13.701990127563477,22615954
2007-08-13,13.332428932189941,8068593
2007-08-14,13.412023544311523,17073116
2007-08-15,13.289791107177734,15695101
2007-08-16,13.213037490844727,17227006
2007-08-17,13.719040870666504,17124320
2007-08-20,13.747467994689941,6519620
2007-08-21,14.023212432861328,12584285
2007-08-22,14.22789478302002,6722195
2007-08-23,14.168197631835938,3699795
2007-08-24,14.171038627624512,6153362
2007-08-27,13.99763011932373,5149719
2007-08-28,13.926563262939453,4413285
2007-08-29,14.119871139526367,4440426
2007-08-30,13.99763011932373,4492749
2007-08-31,14.293280601501465,7498080
2007-09-04,14.188094139099121,11357642
2007-09-05,13.957833290100098,16441328
2007-09-06,13.835598945617676,16249665
2007-09-07,13.719040870666504,10829099
2007-09-10,13.764524459838867,7652250
2007-09-11,13.866866111755371,12898500
2007-09-12,13.818537712097168,16423141
2007-09-13,13.716200828552246,11052380
2007-09-14,13.611019134521484,17455603
2007-09-17,13.358017921447754,12413047
2007-09-18,13.545639038085938,12330786
2007-09-19,13.801482200622559,10666536
2007-09-20,13.713357925415039,20398539
2007-09-21,13.733261108398438,7397632
2007-09-24,13.585434913635254,5004223
2007-09-25,13.147652626037598,13942994
2007-09-26,12.795154571533203,71820183
2007-09-27,13.963516235351562,48461920
2007-09-28,14.119871139526367,25512444
2007-10-01,14.18525505065918,8673520
2007-10-02,14.239263534545898,74037318
2007-10-03,14.071541786193848,8662888
2007-10-04,14.057330131530762,5805850
2007-10-05,14.071541786193848,20287738
2007-10-08,13.989102363586426,10836374
2007-10-09,13.78726863861084,23431851
2007-10-10,13.824227333068848,8078665
2007-10-11,13.861180305480957,19315993
2007-10-12,13.773054122924805,9195907
2007-10-15,13.051002502441406,40297915
2007-10-16,13.386441230773926,17079831
2007-10-17,13.434770584106445,24672484
2007-10-18,13.818537712097168,25575679
2007-10-19,13.409184455871582,72385099
2007-10-22,13.20734691619873,20460095
2007-10-23,13.40634822845459,8951921
2007-10-24,13.480256080627441,14164595
2007-10-25,13.420559883117676,9208498
2007-10-26,13.505838394165039,6415814
2007-10-29,13.41771411895752,4632089
2007-10-30,13.375072479248047,4115858
2007-10-31,13.40634822845459,3768906
2007-11-01,12.951505661010742,8681355
2007-11-02,12.763887405395508,10773419
2007-11-05,12.303359985351562,9937936
2007-11-06,12.183963775634766,6470655
2007-11-07,11.697857856750488,16080386
2007-11-08,11.459068298339844,17179440
2007-11-09,11.351045608520508,12982160
2007-11-12,11.01560115814209,10873308
2007-11-13,11.797353744506836,11787135
2007-11-14,11.362415313720703,7089852
2007-11-15,11.17194938659668,9256903
2007-11-16,11.100884437561035,11033913
2007-11-19,10.375984191894531,21134973
2007-11-20,10.563607215881348,16101651
2007-11-21,10.543708801269531,20084044
2007-11-23,11.018442153930664,5922247
2007-11-26,10.481168746948242,9512920
2007-11-27,10.452741622924805,6806135
2007-11-28,10.73985481262207,8880572
2007-11-29,10.637517929077148,10446333
2007-11-30,10.825139045715332,19737372
2007-12-03,10.515280723571777,5184694
2007-12-04,10.495380401611328,13316521
2007-12-05,10.53518009185791,16196503
2007-12-06,10.555075645446777,8198700
2007-12-07,10.267961502075195,13068619
2007-12-10,9.921147346496582,13635214
2007-12-11,9.079699516296387,23928216
2007-12-12,8.098955154418945,129164913
2007-12-13,7.911336898803711,38267686
2007-12-14,7.587261199951172,27466847
2007-12-17,7.931234359741211,27082402
2007-12-18,8.206975936889648,34633084
2007-12-19,6.507022857666016,163699228
2007-12-20,5.836136341094971,163574997
2007-12-21,5.642832279205322,129091326
2007-12-24,6.271076202392578,27705516
2007-12-26,6.290973663330078,29143688
2007-12-27,5.585974216461182,120146400
2007-12-28,5.585974216461182,290309288
2007-12-31,5.7252678871154785,81724823
2008-01-02,5.503536701202393,125974354
2008-01-03,5.446680545806885,37142331
2008-01-04,4.738840579986572,130335597
2008-01-07,5.068597793579102,132920109
2008-01-08,4.917932510375977,63480744
2008-01-09,5.2988600730896,49197794
2008-01-10,5.620089054107666,66547912
2008-01-11,5.736641883850098,49712346
2008-01-14,5.770752906799316,20986679
2008-01-15,5.495008945465088,22574824
2008-01-16,5.676943302154541,35694086
2008-01-17,5.267590522766113,36745015
2008-01-18,5.358558177947998,24867785
2008-01-22,5.406883716583252,40089184
2008-01-23,5.313074111938477,101759343
2008-01-24,5.600190162658691,34581321
2008-01-25,5.651357650756836,35664707
2008-01-28,5.8133955001831055,53179068
2008-01-29,5.802023887634277,25990622
2008-01-30,5.733799934387207,24554129
2008-01-31,6.111881732940674,47137906
2008-02-01,6.5382914543151855,36536844
2008-02-04,6.100511074066162,15898796
2008-02-05,5.802023887634277,31196301
2008-02-06,5.796338081359863,22197094
2008-02-07,6.143153667449951,37510827
2008-02-08,5.89867639541626,48973954
2008-02-11,5.728112697601318,26356041
2008-02-12,5.628616809844971,24522791
2008-02-13,5.986802101135254,37713403
2008-02-14,6.1545233726501465,35983119
2008-02-15,6.24833345413208,27143118
2008-02-19,6.2682318687438965,20248287
2008-02-20,6.421741485595703,22482210
2008-02-21,6.259706020355225,24988938
2008-02-22,6.344987392425537,27789456
2008-02-25,6.2682318687438965,19580684
2008-02-26,6.168736457824707,25051054
2008-02-27,6.2113776206970215,21760326
2008-02-28,6.1033525466918945,13948590
2008-02-29,5.5746049880981445,40479785
2008-03-03,5.622930526733398,35591399
2008-03-04,5.486479759216309,26155704
2008-03-05,5.526278972625732,22448354
2008-03-06,5.048699855804443,29701889
2008-03-07,5.239161014556885,24648701
2008-03-10,4.744524955749512,37256769
2008-03-11,5.603032112121582,39359186
2008-03-12,5.162407398223877,28667189
2008-03-13,5.000371932983398,45192177
2008-03-14,4.727468490600586,48064324
2008-03-17,4.70188570022583,53556238
2008-03-18,4.900876998901367,32373420
2008-03-19,4.679142475128174,42136201
2008-03-20,4.485837936401367,66896543
2008-03-24,4.59670352935791,48025991
2008-03-25,4.599547386169434,26798964
2008-03-26,4.6677727699279785,39826732
2008-03-27,4.653557777404785,17920910
2008-03-28,4.309589862823486,27386824
2008-03-31,4.36359977722168,20314319
2008-04-01,4.8781352043151855,36909817
2008-04-02,4.989002227783203,28153476
2008-04-03,5.4580535888671875,31642582
2008-04-04,5.256219387054443,50474801
2008-04-07,5.367084980010986,16146139
2008-04-08,5.330129146575928,20844261
2008-04-09,5.085656642913818,28460137
2008-04-10,5.008900165557861,16744911
2008-04-11,5.074283123016357,20761440
2008-04-14,5.119767189025879,19334460
2008-04-15,4.957731246948242,16466790
2008-04-16,4.622288703918457,69048484
2008-04-17,4.886663913726807,58505900
2008-04-18,4.889505386352539,28484479
2008-04-21,4.991842746734619,20136367
2008-04-22,5.011744976043701,17361030
2008-04-23,4.673458099365234,39426618
2008-04-24,4.915090084075928,26414799
2008-04-25,5.060070514678955,14467339
2008-04-28,4.917932510375977,15782958
2008-04-29,5.097025394439697,16875857
2008-04-30,5.267590522766113,43512258
2008-05-01,5.679786682128906,47815302
2008-05-02,6.182950973510742,58657272
2008-05-05,6.3307719230651855,36425203
2008-05-06,6.521235466003418,32591664
2008-05-07,6.29665994644165,22188420
2008-05-08,6.333614349365234,21920651
2008-05-09,6.168736457824707,15527781
2008-05-12,6.219905853271484,16131030
2008-05-13,6.174422264099121,14709086
2008-05-14,6.174422264099121,17299754
2008-05-15,6.126096725463867,15642219
2008-05-16,5.96974515914917,23485573
2008-05-19,5.617245674133301,46856707
2008-05-20,5.907205104827881,50440945
2008-05-21,6.254019737243652,57399851
2008-05-22,6.5382914543151855,31655173
2008-05-23,6.717385292053223,25319941
2008-05-27,6.632101535797119,27256717
2008-05-28,6.643472671508789,18444976
2008-05-29,6.652002811431885,26486987
2008-05-30,6.444482326507568,16592979
2008-06-02,6.333614349365234,14597166
2008-06-03,6.200007438659668,16163207
2008-06-04,6.1545233726501465,14776518
2008-06-05,6.62641716003418,19084319
2008-06-06,6.271076202392578,13060784
2008-06-09,6.208535671234131,10986067
2008-06-10,6.254019737243652,9722211
2008-06-11,6.106196403503418,9397643
2008-06-12,6.558192253112793,24839525
2008-06-13,6.779924392700195,15725879
2008-06-16,7.021557807922363,26110376
2008-06-17,6.961862564086914,25579876
2008-06-18,6.771396160125732,29027012
2008-06-19,6.717385292053223,15472660
2008-06-20,6.492809772491455,14783513
2008-06-23,6.273918151855469,20082925
2008-06-24,6.217062950134277,21725071
2008-06-25,6.2511773109436035,21484723
2008-06-26,5.7764387130737305,20746610
2008-06-27,5.537649154663086,30489526
2008-06-30,5.5006937980651855,14689500
2008-07-01,5.5006937980651855,26258111
2008-07-02,5.350030422210693,18143351
2008-07-03,5.244847774505615,9302790
2008-07-07,4.889505386352539,46714569
2008-07-08,5.1425089836120605,35835385
2008-07-09,4.642187118530273,30201052
2008-07-10,4.474465370178223,30371730
2008-07-11,4.545533657073975,52486283
2008-07-14,4.423296928405762,25929066
2008-07-15,4.301059246063232,30432727
2008-07-16,4.815594673156738,22295863
2008-07-17,5.21073579788208,36661634
2008-07-18,5.108396053314209,20762839
2008-07-21,5.2164201736450195,22363015
2008-07-22,5.281803131103516,22599166
2008-07-23,5.426784515380859,29031488
2008-07-24,4.684828281402588,36486480
2008-07-25,4.832650661468506,15847872
2008-07-28,4.681985855102539,15775124
2008-07-29,4.832650661468506,21425125
2008-07-30,4.917932510375977,18640836
2008-07-31,4.8696064949035645,17418669
2008-08-01,4.889505386352539,14503153
2008-08-04,4.87529182434082,14486085
2008-08-05,4.960574150085449,15752180
2008-08-06,4.932147026062012,13295536
2008-08-07,4.7416839599609375,23331123
2008-08-08,4.761582374572754,23651214
2008-08-11,4.889505386352539,22008788
2008-08-12,4.610917091369629,16168243
2008-08-13,4.46025276184082,21854898
2008-08-14,4.59670352935791,13124579
2008-08-15,4.591018199920654,13455862
2008-08-18,4.397709846496582,9399881
2008-08-19,3.695557117462158,42805483
2008-08-20,4.073639392852783,53341632
2008-08-21,3.994044065475464,21849302
2008-08-22,4.16745138168335,21910578
2008-08-25,4.04521369934082,10918356
2008-08-26,4.332330226898193,15555201
2008-08-27,4.537006855010986,19443302
2008-08-28,4.818437099456787,22666878
2008-08-29,4.693356990814209,9787124
2008-09-02,4.86392068862915,15623472
2008-09-03,4.920775413513184,13931242
2008-09-04,4.642187118530273,17897407
2008-09-05,4.855393409729004,18735968
2008-09-08,4.846864700317383,37324481
2008-09-09,4.332330226898193,31139781
2008-09-10,4.374971389770508,24269013
2008-09-11,4.16745138168335,32408674
2008-09-12,4.121966361999512,33759269
2008-09-15,3.5249924659729004,40273852
2008-09-16,3.684185028076172,40752590
2008-09-17,3.254932403564453,74570337
2008-09-18,3.5022504329681396,52091205
2008-09-19,4.477310657501221,47791799
2008-09-22,4.258417129516602,13091003
2008-09-23,4.264103412628174,10175207
2008-09-24,4.292531490325928,5961139
2008-09-25,4.144707679748535,9555450
2008-09-26,3.9485599994659424,15615358
2008-09-29,2.9564454555511475,40461598
2008-09-30,3.507936477661133,21078453
2008-10-01,2.3736839294433594,45734989
2008-10-02,2.643744468688965,76467102
2008-10-03,2.8455779552459717,30708330
2008-10-06,2.7261838912963867,31330325
2008-10-07,2.4959216117858887,33525356
2008-10-08,2.2315471172332764,27402213
2008-10-09,1.819351077079773,69535616
2008-10-10,2.194591522216797,79175286
2008-10-13,2.422011137008667,33336211
2008-10-14,3.269146203994751,47038297
2008-10-15,2.5755181312561035,47932538
2008-10-16,3.192392349243164,54036095
2008-10-17,2.9308600425720215,23901076
2008-10-20,3.050255537033081,17144185
2008-10-21,3.055940866470337,12347574
2008-10-22,2.700599193572998,19514091
2008-10-23,2.700599193572998,30954274
2008-10-24,2.5925745964050293,20696806
2008-10-27,2.396425724029541,18544584
2008-10-28,2.686384916305542,18800322
2008-10-29,2.8711628913879395,33134755
2008-10-30,2.8995907306671143,17595503
2008-10-31,3.0331990718841553,16878375
2008-11-03,2.8796913623809814,8555724
2008-11-04,3.2122912406921387,16021348
2008-11-05,2.9422318935394287,12924801
2008-11-06,2.8796913623809814,25795042
2008-11-07,2.9848721027374268,14943838
2008-11-10,2.6664862632751465,29185378
2008-11-11,2.348100423812866,24941092
2008-11-12,2.075197219848633,27075966
2008-11-13,2.3225150108337402,28376477
2008-11-14,2.112151861190796,14474054
2008-11-17,1.907476544380188,14204886
2008-11-18,1.7539687156677246,21914496
2008-11-19,1.6516294479370117,21415612
2008-11-20,1.560662031173706,35632810
2008-11-21,1.8307223320007324,29132776
2008-11-24,2.245760679244995,26038748
2008-11-25,2.7403972148895264,45397270
2008-11-26,2.683542013168335,20536760
2008-11-28,2.6181600093841553,5992197
2008-12-01,2.075197219848633,18717501
2008-12-02,2.117838144302368,15849831
2008-12-03,2.1491081714630127,15373051
2008-12-04,2.001286029815674,16012115
2008-12-05,2.1604790687561035,19974642
2008-12-08,2.43053936958313,22496759
2008-12-09,2.4731802940368652,16570036
2008-12-10,2.6608009338378906,16000643
2008-12-11,2.3168296813964844,15601368
2008-12-12,2.35662841796875,12044271
2008-12-15,2.2486042976379395,11151429
2008-12-16,2.6011033058166504,18629923
2008-12-17,2.63805890083313,16440768
2008-12-18,2.504450559616089,12738734
2008-12-19,2.504450559616089,14485246
2008-12-22,2.35662841796875,13106671
2008-12-23,2.3168296813964844,7565232
2008-12-24,2.342414617538452,2375782
2008-12-26,2.35662841796875,3817591
2008-12-29,2.3793692588806152,13221949
2008-12-30,2.476022958755493,9355393
2008-12-31,2.5300347805023193,6986606
2009-01-02,2.5783610343933105,8435690
2009-01-05,2.763139486312866,16939931
2009-01-06,3.061626434326172,23723123
2009-01-07,2.996243953704834,24294474
2009-01-08,2.8910624980926514,24289718
2009-01-09,3.0275135040283203,19827188
2009-01-12,3.2122912406921387,40802395
2009-01-13,3.337372303009033,26669976
2009-01-14,3.283360481262207,28314921
2009-01-15,3.2719883918762207,32147621
2009-01-16,3.269146203994751,29480008
2009-01-20,3.1184821128845215,36248090
2009-01-21,3.3260011672973633,32452043
2009-01-22,2.913804292678833,39615763
2009-01-23,2.7716684341430664,27473562
2009-01-26,2.6636438369750977,13374160
2009-01-27,2.683542013168335,17377539
2009-01-28,3.050255537033081,31319413
2009-01-29,3.18670654296875,21720874
2009-01-30,3.254932403564453,20150077
2009-02-02,3.317471981048584,20399938
2009-02-03,3.19523549079895,24107288
2009-02-04,2.558461904525757,67348699
2009-02-05,2.6039466857910156,42677055
2009-02-06,2.8427348136901855,35034877
2009-02-09,2.7347121238708496,21115107
2009-02-10,2.487393856048584,33676728
2009-02-11,2.623845100402832,14477971
2009-02-12,2.55277681350708,20792498
2009-02-13,2.4703376293182373,16615923
2009-02-17,2.2599751949310303,29006306
2009-02-18,2.2514472007751465,23378409
2009-02-19,2.1633212566375732,18606980
2009-02-20,2.1690073013305664,48995778
2009-02-23,2.060983657836914,16474064
2009-02-24,2.4532811641693115,23616519
2009-02-25,2.3850550651550293,21730387
2009-02-26,1.6487867832183838,269657810
2009-02-27,1.3076581954956055,91412339
2009-03-02,1.0660258531570435,72781016
2009-03-03,1.068868637084961,48919113
2009-03-04,1.1314091682434082,25373103
2009-03-05,0.9608451128005981,24378694
2009-03-06,0.9324175119400024,19533677
2009-03-09,0.9068326950073242,23286915
2009-03-10,1.1086671352386475,36517258
2009-03-11,1.1228806972503662,25045737
2009-03-12,1.2394328117370605,20294174
2009-03-13,1.2536462545394897,15151170
2009-03-16,1.1825779676437378,25764544
2009-03-17,1.2678606510162354,12392902
2009-03-18,1.3332430124282837,31382928
2009-03-19,1.2252192497253418,26447535
2009-03-20,1.199634313583374,22246338
2009-03-23,1.3389286994934082,29791145
2009-03-24,1.1683642864227295,31684552
2009-03-25,1.0148564577102661,41184042
2009-03-26,1.174049735069275,58859567
2009-03-27,1.2707029581069946,49177928
2009-03-30,1.2365901470184326,33388814
2009-03-31,1.4071545600891113,32362507
2009-04-01,1.3787267208099365,18124045
2009-04-02,1.4412672519683838,44509465
2009-04-03,1.5208637714385986,43152435
2009-04-06,1.5805613994598389,26917040
2009-04-07,1.6004608869552612,21460940
2009-04-08,1.6431007385253906,26684806
2009-04-09,1.9017904996871948,36681220
2009-04-13,1.7966086864471436,24270132
2009-04-14,1.6288868188858032,24390446
2009-04-15,1.705641746520996,20586845
2009-04-16,1.674371361732483,21782150
2009-04-17,1.3986260890960693,53566871
2009-04-20,1.2365901470184326,33842370
2009-04-21,1.3844122886657715,43285899
2009-04-22,1.3076581954956055,31650976
2009-04-23,1.350299596786499,34602866
2009-04-24,1.3758841753005981,31194902
2009-04-27,1.2621750831604004,38346030
2009-04-28,1.3161863088607788,14989446
2009-04-29,1.421367883682251,17900765
2009-04-30,1.3730409145355225,15671318
2009-05-01,1.4952788352966309,17590466
2009-05-04,1.67721426486969,31662168
2009-05-05,1.6573151350021362,16365222
2009-05-06,1.7369120121002197,28176140
2009-05-07,1.5976181030273438,32271572
2009-05-08,1.8875765800476074,37306294
2009-05-11,1.6630005836486816,44746455
2009-05-12,1.6914278268814087,37663318
2009-05-13,1.5407631397247314,27868080
2009-05-14,1.5805613994598389,18427908
2009-05-15,1.5777183771133423,21470733
2009-05-18,1.6374155282974243,27449499
2009-05-19,1.5805613994598389,24757543
2009-05-20,1.6828995943069458,30733792
2009-05-21,1.850621223449707,52286506
2009-05-22,1.6402580738067627,22167435
2009-05-26,1.776709794998169,25067282
2009-05-27,1.7226980924606323,21613711
2009-05-28,1.7994517087936401,29208882
2009-05-29,1.879048466682434,48798239
2009-06-01,1.896105170249939,25072598
2009-06-02,1.751125693321228,29028690
2009-06-03,1.6573151350021362,28568140
2009-06-04,1.8591498136520386,26186482
2009-06-05,1.879048466682434,21176103
2009-06-08,2.2542898654937744,157049502
2009-06-09,2.2486042976379395,60327118
2009-06-10,2.3168296813964844,42168938
2009-06-11,2.3907408714294434,49083355
2009-06-12,2.4703376293182373,25946134
2009-06-15,2.319673538208008,27001260
2009-06-16,2.3168296813964844,21659878
2009-06-17,2.1860642433166504,33812151
2009-06-18,2.3054585456848145,88928834
2009-06-19,2.487393856048584,55003644
2009-06-22,2.2400758266448975,49906527
2009-06-23,2.367999315261841,31257297
2009-06-24,2.367999315261841,25746357
2009-06-25,2.615316867828369,57970083
2009-06-26,2.635216474533081,40950409
2009-06-29,2.8569488525390625,71188115
2009-06-30,2.919489860534668,40621364
2009-07-01,2.819993734359741,35548590
2009-07-02,2.6608009338378906,26780497
2009-07-06,2.7119696140289307,25029229
2009-07-07,2.5499331951141357,25058328
2009-07-08,2.5186643600463867,32331729
2009-07-09,2.5726754665374756,18446095
2009-07-10,2.5499331951141357,10756911
2009-07-13,2.686384916305542,22353222
2009-07-14,2.686384916305542,11841975
2009-07-15,2.720498561859131,35260676
2009-07-16,2.7915666103363037,18491982
2009-07-17,2.757453441619873,12275386
2009-07-20,2.783038854598999,16079546
2009-07-21,2.7034413814544678,25241318
2009-07-22,2.657958745956421,51456059
2009-07-23,2.5613040924072266,51108548
2009-07-24,2.609631061553955,19447219
2009-07-27,2.6011033058166504,14036447
2009-07-28,2.521507740020752,22725076
2009-07-29,2.498765707015991,15169357
2009-07-30,2.5755181312561035,18123485
2009-07-31,2.527190923690796,17110889
2009-08-03,2.4561240673065186,29004628
2009-08-04,2.487393856048584,15942165
2009-08-05,2.615316867828369,28520574
2009-08-06,2.6067893505096436,22547963
2009-08-07,2.692070245742798,19777383
2009-08-10,2.640901803970337,10126242
2009-08-11,2.5613040924072266,14528335
2009-08-12,2.504450559616089,15308977
2009-08-13,2.515821933746338,12045670
2009-08-14,2.487393856048584,12786300
2009-08-17,2.3509433269500732,13697889
2009-08-18,2.399268627166748,7611120
2009-08-19,2.359470844268799,10601342
2009-08-20,2.43053936958313,8691148
2009-08-21,2.478865623474121,11224737
2009-08-24,2.6067893505096436,23915066
2009-08-25,2.643744468688965,21911418
2009-08-26,2.521507740020752,15369694
2009-08-27,2.53287672996521,12876396
2009-08-28,2.5499331951141357,12054064
2009-08-31,2.5300347805023193,19546268
2009-09-01,2.348100423812866,17578715
2009-09-02,2.3225150108337402,12450820
2009-09-03,2.402111768722534,12330226
2009-09-04,2.416325330734253,9071676
2009-09-08,2.4731802940368652,9275370
2009-09-09,2.527190923690796,19463448
2009-09-10,2.694913148880005,35194363
2009-09-11,2.629530191421509,14902708
2009-09-14,2.4930801391601562,24986140
2009-09-15,2.4646518230438232,15998684
2009-09-16,2.6266884803771973,28285542
2009-09-17,2.555619478225708,30797026
2009-09-18,2.504450559616089,15685028
2009-09-21,2.5016074180603027,27424317
2009-09-22,2.5129785537719727,14683624
2009-09-23,2.4532811641693115,14374725
2009-09-24,2.515821933746338,35270469
2009-09-25,2.490237236022949,24373658
2009-09-28,2.5016074180603027,14423410
2009-09-29,2.53287672996521,23432411
2009-09-30,2.478865623474121,18078717
2009-10-01,2.348100423812866,19539833
2009-10-02,2.339571714401245,19371953
2009-10-05,2.393583059310913,13457541
2009-10-06,2.4532811641693115,14586534
2009-10-07,2.5243496894836426,10601342
2009-10-08,2.5954172611236572,17731486
2009-10-09,2.5783610343933105,9928143
2009-10-12,2.555619478225708,9057686
2009-10-13,2.515821933746338,7214083
2009-10-14,2.720498561859131,23403871
2009-10-15,2.717655658721924,14069183
2009-10-16,2.609631061553955,22058033
2009-10-19,2.5726754665374756,13126817
2009-10-20,2.5300347805023193,14658442
2009-10-21,3.053098201751709,128527529
2009-10-22,3.1184821128845215,44512263
2009-10-23,3.1270101070404053,21528092
2009-10-26,3.101425886154175,24771533
2009-10-27,2.9735026359558105,18734289
2009-10-28,2.868320941925049,14761129
2009-10-29,2.922332525253296,27729579
2009-10-30,2.757453441619873,25237680
2009-11-02,2.7716684341430664,14305894
2009-11-03,2.837050676345825,19781580
2009-11-04,2.774510622024536,15396555
2009-11-05,2.839893102645874,14689220
2009-11-06,2.8711628913879395,13103034
2009-11-09,3.055940866470337,15096329
2009-11-10,3.0019288063049316,9644986
2009-11-11,3.024670362472534,6160077
2009-11-12,2.913804292678833,7960030
2009-11-13,2.9052767753601074,7259131
2009-11-16,2.9735026359558105,8230597
2009-11-17,3.055940866470337,9315661
2009-11-18,3.2719883918762207,21919252
2009-11-19,3.1156392097473145,15927615
2009-11-20,3.0957391262054443,10126522
2009-11-23,3.1611220836639404,8637986
2009-11-24,3.2208194732666016,13385912
2009-11-25,3.2208194732666016,6297459
2009-11-27,3.047412633895874,6648608
2009-11-30,3.1184821128845215,9507044
2009-12-01,3.198077917098999,8026343
2009-12-02,3.189549684524536,11342812
2009-12-03,3.283360481262207,23780482
2009-12-04,3.2464048862457275,16716091
2009-12-07,3.217977285385132,10249913
2009-12-08,3.1412229537963867,13317920
2009-12-09,3.132694959640503,5812285
2009-12-10,3.2122912406921387,10918076
2009-12-11,3.3601138591766357,9932061
2009-12-14,3.411283493041992,7178829
2009-12-15,3.2918875217437744,9146662
2009-12-16,3.2805168628692627,11074764
2009-12-17,3.206606149673462,7901272
2009-12-18,3.215134382247925,16639426
2009-12-21,3.1497509479522705,11629327
2009-12-22,3.135538339614868,11772025
2009-12-23,3.2122912406921387,8801948
2009-12-24,3.257774591445923,2975393
2009-12-28,3.2321908473968506,5376077
2009-12-29,3.269146203994751,6228348
2009-12-30,3.2805168628692627,5686096
2009-12-31,3.203763246536255,4745688
2010-01-04,3.2805168628692627,7181906
2010-01-05,3.3231594562530518,9438773
2010-01-06,3.3430581092834473,8206534
2010-01-07,3.4539244174957275,11738449
2010-01-08,3.3089442253112793,11608902
2010-01-11,3.263460159301758,11584839
2010-01-12,3.257774591445923,9976549
2010-01-13,3.2719883918762207,10658142
2010-01-14,3.274831533432007,16134947
2010-01-15,3.055940866470337,42100387
2010-01-19,3.277674436569214,31303464
2010-01-20,3.4027552604675293,38329242
2010-01-21,3.357271194458008,44938398
2010-01-22,2.9564454555511475,40907879
2010-01-25,3.0275135040283203,18986668
2010-01-26,2.9564454555511475,11082318
2010-01-27,2.9678163528442383,13359331
2010-01-28,2.9308600425720215,10359875
2010-01-29,2.9934005737304688,15519667
2010-02-01,3.0275135040283203,10636877
2010-02-02,3.081526279449463,11259152
2010-02-03,3.0331990718841553,6638255
2010-02-04,2.8882193565368652,15376969
2010-02-05,2.982029676437378,16899640
2010-02-08,2.9507603645324707,11081479
2010-02-09,3.047412633895874,11217742
2010-02-10,3.0303568840026855,7989969
2010-02-11,3.072997808456421,8703179
2010-02-12,3.1042683124542236,9156455
2010-02-16,3.18670654296875,8379730
2010-02-17,3.169650077819824,8471225
2010-02-18,3.1099534034729004,6982129
2010-02-19,3.169650077819824,12113102
2010-02-22,3.215134382247925,7150569
2010-02-23,3.132694959640503,7608322
2010-02-24,3.1582789421081543,6783751
2010-02-25,3.1497509479522705,8651136
2010-02-26,3.178178548812866,8121475
2010-03-01,3.112795829772949,11411643
2010-03-02,3.203763246536255,12335263
2010-03-03,3.2321908473968506,10379181
2010-03-04,3.306101083755493,10891215
2010-03-05,3.411283493041992,12166264
2010-03-08,3.4937219619750977,14424529
2010-03-09,3.470980167388916,11398213
2010-03-10,3.465294599533081,14406902
2010-03-11,3.5647900104522705,16299469
2010-03-12,3.473823308944702,10474873
2010-03-15,3.5022504329681396,12953061
2010-03-16,3.5107789039611816,9461717
2010-03-17,3.567633867263794,9310905
2010-03-18,3.488037109375,11097707
2010-03-19,3.2975735664367676,26642276
2010-03-22,3.3231594562530518,17231763
2010-03-23,3.3146302700042725,14139973
2010-03-24,3.3828556537628174,13629058
2010-03-25,3.4254977703094482,18446934
2010-03-26,3.576162099838257,43243370
2010-03-29,3.601745367050171,17045136
2010-03-30,3.567633867263794,11078681
2010-03-31,3.559105396270752,11972082
2010-04-01,3.56194806098938,14041763
2010-04-05,3.627330780029297,9265857
2010-04-06,3.559105396270752,14877526
2010-04-07,3.5107789039611816,9608892
2010-04-08,3.7467269897460938,19983596
2010-04-09,3.7467269897460938,22898552
2010-04-12,3.7922096252441406,12871639
2010-04-13,3.701242446899414,9738159
2010-04-14,3.840535879135132,12068613
2010-04-15,3.8604369163513184,9326294
2010-04-16,3.604588508605957,23037613
2010-04-19,3.596060276031494,18781295
2010-04-20,3.627330780029297,16952802
2010-04-21,3.7296700477600098,18253313
2010-04-22,3.82916522026062,26901371
2010-04-23,3.7922096252441406,9613648
2010-04-26,3.607431411743164,14732309
2010-04-27,3.431182861328125,18418674
2010-04-28,3.5221498012542725,12645841
2010-04-29,3.5932180881500244,13106671
2010-04-30,3.479509115219116,13582891
2010-05-03,3.638702154159546,11159543
2010-05-04,3.473823308944702,18040385
2010-05-05,3.3231594562530518,23055800
2010-05-06,3.166806697845459,20527247
2010-05-07,3.138380765914917,28453701
2010-05-10,3.428339958190918,25439976
2010-05-11,3.294729709625244,14582616
2010-05-12,3.405597448348999,8179393
2010-05-13,3.4425532817840576,10308951
2010-05-14,3.345900535583496,12133807
2010-05-17,3.3146302700042725,15511552
2010-05-18,3.2236626148223877,10970398
2010-05-19,3.200920820236206,12133807
2010-05-20,2.9621307849884033,15146693
2010-05-21,2.9564454555511475,26230690
2010-05-24,2.910961151123047,16779046
2010-05-25,2.9536030292510986,23026980
2010-05-26,3.1156392097473145,32804032
2010-05-27,3.269146203994751,21015218
2010-05-28,3.1582789421081543,15187544
2010-06-01,3.0900540351867676,12508179
2010-06-02,3.2122912406921387,13865209
2010-06-03,3.266303062438965,11484391
2010-06-04,3.1270101070404053,16539258
2010-06-07,2.9507603645324707,21877562
2010-06-08,3.064469575881958,14158160
2010-06-09,3.1270101070404053,17676645
2010-06-10,3.266303062438965,19181129
2010-06-11,3.2862021923065186,11754958
2010-06-14,3.2378768920898438,13040639
2010-06-15,3.405597448348999,19103625
2010-06-16,3.3743276596069336,9883935
2010-06-17,3.414126396179199,11669059
2010-06-18,3.3885412216186523,11168777
2010-06-21,3.411283493041992,13178300
2010-06-22,3.391383409500122,15597171
2010-06-23,3.422654151916504,9679121
2010-06-24,3.263460159301758,12935154
2010-06-25,3.2975735664367676,15804223
2010-06-28,3.3260011672973633,10506210
2010-06-29,3.024670362472534,20410011
2010-06-30,2.9536030292510986,12094915
2010-07-01,2.9337029457092285,12008456
2010-07-02,2.9422318935394287,10079795
2010-07-06,2.9337029457092285,15036732
2010-07-07,3.0928966999053955,9998653
2010-07-08,3.166806697845459,7377766
2010-07-09,3.2122912406921387,6533890
2010-07-12,3.2208194732666016,9751310
2010-07-13,3.317471981048584,9228084
2010-07-14,3.254932403564453,10176326
2010-07-15,3.263460159301758,11685008
2010-07-16,3.1071105003356934,10690598
2010-07-19,3.2208194732666016,11051540
2010-07-20,3.3146302700042725,13589886
2010-07-21,2.9393889904022217,44382995
2010-07-22,3.0587828159332275,16007078
2010-07-23,3.1071105003356934,16124594
2010-07-26,3.1497509479522705,13850939
2010-07-27,3.189549684524536,11263349
2010-07-28,3.277674436569214,21042639
2010-07-29,3.3714849948883057,16786601
2010-07-30,3.411283493041992,22643375
2010-08-02,3.4908785820007324,13024690
2010-08-03,3.368642807006836,15731755
2010-08-04,3.3288440704345703,11580083
2010-08-05,3.3402152061462402,6251851
2010-08-06,3.4453954696655273,14308972
2010-08-09,3.496563673019409,9178000
2010-08-10,3.459609031677246,11921439
2010-08-11,3.348742723464966,13459779
2010-08-12,3.3004159927368164,10704309
2010-08-13,3.317471981048584,7566352
2010-08-16,3.385698080062866,9129035
2010-08-17,3.3885412216186523,8312019
2010-08-18,3.35442852973938,8422260
2010-08-19,3.260618209838867,10716340
2010-08-20,3.2520899772644043,7869095
2010-08-23,3.209449052810669,6086769
2010-08-24,3.1497509479522705,10456406
2010-08-25,3.1639645099639893,11010690
2010-08-26,3.146908760070801,9662613
2010-08-27,3.198077917098999,10841411
2010-08-30,3.192392349243164,10179404
2010-08-31,3.1412229537963867,11474878
2010-09-01,3.257774591445923,11367435
2010-09-02,3.3032588958740234,6265282
2010-09-03,3.35442852973938,9800275
2010-09-07,3.266303062438965,6479608
2010-09-08,3.3601138591766357,14734268
2010-09-09,3.3743276596069336,10116449
2010-09-10,3.368642807006836,4759118
2010-09-13,3.4453954696655273,9826296
2010-09-14,3.274831533432007,39387446
2010-09-15,3.209449052810669,14172430
2010-09-16,3.189549684524536,8189186
2010-09-17,3.331686496734619,22333076
2010-09-20,3.4254977703094482,15031416
2010-09-21,3.4539244174957275,8633509
2010-09-22,3.380012035369873,13916413
2010-09-23,3.411283493041992,11167937
2010-09-24,3.399911403656006,16115081
2010-09-27,3.3657991886138916,10870790
2010-09-28,3.385698080062866,10026633
2010-09-29,3.35442852973938,6421130
2010-09-30,3.283360481262207,15019384
2010-10-01,3.260618209838867,9702065
2010-10-04,3.200920820236206,9084267
2010-10-05,3.2435619831085205,11876391
2010-10-06,3.254932403564453,7685267
2010-10-07,3.198077917098999,8710454
2010-10-08,3.206606149673462,7921977
2010-10-11,3.19523549079895,4744009
2010-10-12,3.1838645935058594,9242913
2010-10-13,3.206606149673462,10611415
2010-10-14,3.2265050411224365,9199264
2010-10-15,3.189549684524536,7755496
2010-10-18,3.1639645099639893,10851763
2010-10-19,3.1440651416778564,12156191
2010-10-20,3.2378768920898438,12847297
2010-10-21,3.2407188415527344,6997238
2010-10-22,3.2805168628692627,6345025
2010-10-25,3.3402152061462402,10350082
2010-10-26,3.35442852973938,6669593
2010-10-27,3.357271194458008,8174357
2010-10-28,3.399911403656006,8599933
2010-10-29,3.3828556537628174,11656188
2010-11-01,3.377171516418457,5760802
2010-11-02,3.357271194458008,7425612
2010-11-03,3.3657991886138916,6606358
2010-11-04,3.482351064682007,11815674
2010-11-05,3.604588508605957,12660111
2010-11-08,3.559105396270752,14098842
2010-11-09,3.507936477661133,5691132
2010-11-10,3.5221498012542725,10926750
2010-11-11,3.459609031677246,6216876
2010-11-12,3.357271194458008,9301951
2010-11-15,3.3345298767089844,9891210
2010-11-16,3.277674436569214,13937957
2010-11-17,3.274831533432007,5519335
2010-11-18,3.3260011672973633,5305288
2010-11-19,3.3288440704345703,5063261
2010-11-22,3.2918875217437744,6877764
2010-11-23,3.2293479442596436,9805311
2010-11-24,3.277674436569214,5079769
2010-11-26,3.2350339889526367,2034985
2010-11-29,3.2378768920898438,25651504
2010-11-30,3.283360481262207,11913045
2010-12-01,3.408440351486206,15465385
2010-12-02,3.459609031677246,12751885
2010-12-03,3.4453954696655273,4373554
2010-12-06,3.377171516418457,14534491
2010-12-07,3.462451696395874,17029747
2010-12-08,3.488037109375,9506205
2010-12-09,3.5107789039611816,6662598
2010-12-10,3.496563673019409,14372766
2010-12-13,3.5107789039611816,7497801
2010-12-14,3.482351064682007,4524646
2010-12-15,3.4254977703094482,5400140
2010-12-16,3.419811248779297,6144128
2010-12-17,3.428339958190918,12588482
2010-12-20,3.644387722015381,25553854
2010-12-21,3.689872980117798,15296386
2010-12-22,3.709770441055298,6522418
2010-12-23,3.6472299098968506,7472898
2010-12-27,3.6415438652038574,6912459
2010-12-28,3.6301724910736084,12882552
2010-12-29,3.570476770401001,6311449
2010-12-30,3.547734022140503,7040887
2010-12-31,3.5790047645568848,3609140
2011-01-03,3.6500725746154785,13019654
2011-01-04,3.65575909614563,9555730
2011-01-05,3.6415438652038574,11489148
2011-01-06,3.763782024383545,33240240
2011-01-07,3.846221685409546,29251691
2011-01-10,3.7922096252441406,10187798
2011-01-11,3.9570887088775635,20458976
2011-01-12,4.025313377380371,24581269
2011-01-13,4.005415439605713,22575383
2011-01-14,4.059426307678223,9572797
2011-01-18,4.0480570793151855,10218016
2011-01-19,3.9286601543426514,14732869
2011-01-20,4.016786575317383,30574585
2011-01-21,4.002572059631348,13869126
2011-01-24,3.991201162338257,12991953
2011-01-25,4.031000137329102,11323786
2011-01-26,4.0679545402526855,12914169
2011-01-27,4.1560797691345215,13888433
2011-01-28,4.093539714813232,15272603
2011-01-31,4.096381664276123,10704029
2011-02-01,4.272632598876953,18509609
2011-02-02,4.17313814163208,8832167
2011-02-03,4.150394439697266,6869090
2011-02-04,4.102066516876221,10739563
2011-02-07,4.065110683441162,13002306
2011-02-08,4.212933540344238,14073940
2011-02-09,4.218618869781494,5849219
2011-02-10,4.232834339141846,4865442
2011-02-11,4.264103412628174,4716589
2011-02-14,4.349386692047119,9503127
2011-02-15,4.266946792602539,9810627
2011-02-16,4.3266425132751465,5189730
2011-02-17,4.3067450523376465,6120065
2011-02-18,4.320958137512207,7071945
2011-02-22,4.121966361999512,9798316
2011-02-23,3.999729633331299,11658986
2011-02-24,4.130496501922607,11464525
2011-02-25,4.2527313232421875,8834685
2011-02-28,4.212933540344238,11669898
2011-03-01,4.076483249664307,8753543
2011-03-02,4.124809265136719,8073349
2011-03-03,4.249889373779297,9701785
2011-03-04,4.184508800506592,7236467
2011-03-07,4.175980091094971,15375290
2011-03-08,4.352229595184326,15424255
2011-03-09,4.3124308586120605,26601705
2011-03-10,4.201564788818359,9965637
2011-03-11,4.247048377990723,9876101
2011-03-14,4.17313814163208,10354559
2011-03-15,4.0480570793151855,12946626
2011-03-16,3.9315025806427,21015218
2011-03-17,4.102066516876221,12373595
2011-03-18,4.190194606781006,13488598
2011-03-21,4.212933540344238,8867981
2011-03-22,4.215777397155762,7508713
2011-03-23,4.175980091094971,7053198
2011-03-24,4.195878028869629,7263608
2011-03-25,4.258417129516602,6561590
2011-03-28,4.298216342926025,11582321
2011-03-29,4.409084320068359,12841981
2011-03-30,4.4033989906311035,10945776
2011-03-31,4.349386692047119,12672142
2011-04-01,4.3067450523376465,12482438
2011-04-04,4.377811908721924,6371046
2011-04-05,4.397709846496582,12936553
2011-04-06,4.397709846496582,4991072
2011-04-07,4.409084320068359,6531651
2011-04-08,4.32948637008667,4903215
2011-04-11,4.292531490325928,9648623
2011-04-12,4.190194606781006,9779849
2011-04-13,4.184508800506592,6011783
2011-04-14,4.147551536560059,5072494
2011-04-15,4.201564788818359,6177704
2011-04-18,4.116281986236572,7973181
2011-04-19,4.187350273132324,10704309
2011-04-20,4.110596179962158,10561890
2011-04-21,4.636503219604492,40899765
2011-04-25,4.625131130218506,14062188
2011-04-26,4.681985855102539,15122630
2011-04-27,4.684828281402588,11010410
2011-04-28,4.681985855102539,7444079
2011-04-29,4.716099739074707,6815089
2011-05-02,4.747368335723877,8889246
2011-05-03,4.738840579986572,8793275
2011-05-04,4.6450300216674805,9095459
2011-05-05,4.60807466506958,10070841
2011-05-06,4.70188570022583,6674349
2011-05-09,4.699041843414307,5183295
2011-05-10,4.764424800872803,4458893
2011-05-11,4.656401634216309,7348947
2011-05-12,4.602388858795166,13086246
2011-05-13,4.511420726776123,11664302
2011-05-16,4.610917091369629,8777046
2011-05-17,4.551219940185547,8637146
2011-05-18,4.636503219604492,9483541
2011-05-19,4.684828281402588,8897360
2011-05-20,4.6450300216674805,10054053
2011-05-23,4.545533657073975,6855100
2011-05-24,4.480152606964111,9156735
2011-05-25,4.562591075897217,12827711
2011-05-26,4.733155250549316,12663748
2011-05-27,4.787167072296143,11133522
2011-05-31,4.844022274017334,19620695
2011-06-01,4.738219738006592,16631872
2011-06-02,4.815427303314209,9190031
2011-06-03,4.661013126373291,14234545
2011-06-06,4.626699447631836,12937952
2011-06-07,4.672451972961426,10036146
2011-06-08,4.5752272605896,13725309
2011-06-09,4.549489974975586,12907734
2011-06-10,4.503738880157471,11720542
2011-06-13,4.495162010192871,20361885
2011-06-14,4.500880241394043,23640582
2011-06-15,4.486583232879639,12114780
2011-06-16,4.523756980895996,11468163
2011-06-17,4.563788890838623,10799161
2011-06-20,4.663871765136719,7613918
2011-06-21,4.7239203453063965,7621192
2011-06-22,4.689607620239258,7962269
2011-06-23,4.755377769470215,11011249
2011-06-24,4.763954162597656,11219700
2011-06-27,4.801127910614014,14431524
2011-06-28,4.8497395515441895,10441017
2011-06-29,4.864038944244385,11236488
2011-06-30,4.806848526000977,11864080
2011-07-01,4.855459690093994,13807291
2011-07-05,4.86117696762085,11007052
2011-07-06,4.806848526000977,10101340
2011-07-07,4.841164588928223,13435996
2011-07-08,4.775393962860107,15872494
2011-07-11,4.6524338722229,12474044
2011-07-12,4.6381354331970215,10608057
2011-07-13,4.646716117858887,10672971
2011-07-14,4.618120193481445,10227809
2011-07-15,4.589523792266846,9183875
2011-07-18,4.555210590362549,11379746
2011-07-19,4.615260601043701,17891811
2011-07-20,4.655293941497803,15395435
2011-07-21,4.806848526000977,18711905
2011-07-22,4.77825403213501,8219964
2011-07-25,4.6381354331970215,10890376
2011-07-26,4.5923848152160645,8115879
2011-07-27,4.452269077301025,12280142
2011-07-28,4.437970161437988,8833286
2011-07-29,4.457986831665039,13295536
2011-08-01,4.480863571166992,13603596
2011-08-02,4.335029602050781,11639400
2011-08-03,4.3436079025268555,14069743
2011-08-04,4.111985683441162,20485837
2011-08-05,4.0176215171813965,20075930
2011-08-08,3.425701856613159,46269127
2011-08-09,3.914679765701294,29789467
2011-08-10,3.740247964859009,35285018
2011-08-11,4.0605149269104,18831379
2011-08-12,3.971869468688965,16120117
2011-08-15,4.077670574188232,13127656
2011-08-16,3.9346940517425537,13343662
2011-08-17,3.963289499282837,11206270
2011-08-18,3.6944963932037354,15087096
2011-08-19,3.640165328979492,14280712
2011-08-22,3.725951671600342,14865774
2011-08-23,3.9318361282348633,17491137
2011-08-24,3.9661505222320557,16789119
2011-08-25,3.914679765701294,20671904
2011-08-26,3.9032421112060547,35539357
2011-08-29,3.963289499282837,40744756
2011-08-30,3.8860831260681152,23620156
2011-08-31,3.955221652984619,15987212
2011-09-01,3.834231376647949,10282090
2011-09-02,3.6527462005615234,9901842
2011-09-06,3.615295886993408,17293039
2011-09-07,3.851515531539917,15828846
2011-09-08,3.7622132301330566,8525506
2011-09-09,3.6613876819610596,11570569
2011-09-12,3.7478106021881104,16199301
2011-09-13,3.796783447265625,12419203
2011-09-14,3.897606611251831,24149258
2011-09-15,3.897606611251831,19374191
2011-09-16,3.883201837539673,20717231
2011-09-19,3.8486337661743164,9142185
2011-09-20,3.793900966644287,8413026
2011-09-21,3.6498653888702393,16262815
2011-09-22,3.589369773864746,45218478
2011-09-23,3.574967384338379,13444110
2011-09-26,3.6498653888702393,29720356
2011-09-27,3.6988370418548584,28222027
2011-09-28,3.6066555976867676,13118983
2011-09-29,3.678673267364502,17910558
2011-09-30,3.586489200592041,18779337
2011-10-03,3.269610643386841,21136372
2011-10-04,3.396362781524658,24875899
2011-10-05,3.514472007751465,18508490
2011-10-06,3.7074801921844482,23413664
2011-10-07,3.618178129196167,15725040
2011-10-10,3.860156774520874,13667111
2011-10-11,3.9177722930908203,13435996
2011-10-12,3.955221652984619,22059992
2011-10-13,3.883201837539673,11831623
2011-10-14,3.9004883766174316,10777616
2011-10-17,3.7420480251312256,9317340
2011-10-18,3.937936305999756,19556901
2011-10-19,3.839991331100464,13917252
2011-10-20,3.935056209564209,24583788
2011-10-21,4.0301194190979,14902987
2011-10-24,4.084853649139404,24231799
2011-10-25,3.560563802719116,52150523
2011-10-26,3.724764108657837,35147637
2011-10-27,4.004191875457764,23274044
2011-10-28,3.9321768283843994,17681681
2011-10-31,3.937936305999756,17460919
2011-11-01,3.7823774814605713,19088516
2011-11-02,3.955221652984619,14112273
2011-11-03,4.0618062019348145,15407747
2011-11-04,4.079092979431152,12321553
2011-11-07,4.079092979431152,11842535
2011-11-08,4.13094425201416,8578948
2011-11-09,3.88608455657959,12144159
2011-11-10,3.969623327255249,12801130
2011-11-11,4.090616226196289,8122034
2011-11-14,3.972505569458008,9675764
2011-11-15,3.9897890090942383,8703459
2011-11-16,3.9321768283843994,15446079
2011-11-17,3.773736000061035,44973933
2011-11-18,3.765094757080078,12233416
2011-11-21,3.629699468612671,15803384
2011-11-22,3.603773832321167,7306417
2011-11-23,3.4626193046569824,13127656
2011-11-25,3.453976631164551,3350885
2011-11-28,3.5288755893707275,15841996
2011-11-29,3.482783555984497,9602736
2011-11-30,3.741307020187378,20850416
2011-12-01,3.694828510284424,15040649
2011-12-02,3.6715922355651855,9972072
2011-12-05,3.691924571990967,10526076
2011-12-06,3.8226394653320312,20663230
2011-12-07,3.8778278827667236,14953631
2011-12-08,3.7209718227386475,11669059
2011-12-09,3.799400568008423,8764455
2011-12-12,3.7238783836364746,10649468
2011-12-13,3.7587342262268066,12152833
2011-12-14,3.7703535556793213,15373611
2011-12-15,3.8574960231781006,11216343
2011-12-16,3.895256757736206,16610047
2011-12-19,3.805210828781128,12911371
2011-12-20,3.9446377754211426,7540610
2011-12-21,3.9243063926696777,6230866
2011-12-22,3.973686456680298,6709044
2011-12-23,4.028875350952148,4950501
2011-12-27,3.9388277530670166,10978513
2011-12-28,3.9126853942871094,7525501
2011-12-29,3.9388277530670166,8890085
2011-12-30,3.8923518657684326,5859851
2012-01-03,3.9969229698181152,13215514
2012-01-04,3.906876802444458,11959212
2012-01-05,3.976590394973755,11733693
2012-01-06,4.0027313232421875,14051276
2012-01-09,4.011447429656982,8441566
2012-01-10,3.999828338623047,20866924
2012-01-11,3.9969229698181152,7088733
2012-01-12,3.9794952869415283,9625959
2012-01-13,3.9620656967163086,10489982
2012-01-17,3.9620656967163086,9575036
2012-01-18,4.150875091552734,20308164
2012-01-19,4.22639799118042,17531988
2012-01-20,4.246728897094727,9751030
2012-01-23,4.23220682144165,8517112
2012-01-24,4.23220682144165,7970663
2012-01-25,4.246728897094727,9916112
2012-01-26,4.360016822814941,12883951
2012-01-27,4.394872188568115,13606394
2012-01-30,4.345492362976074,10418633
2012-01-31,4.342586994171143,13811767
2012-02-01,4.447159290313721,15534496
2012-02-02,4.499441623687744,8761377
2012-02-03,4.644680976867676,12389824
2012-02-06,4.612727642059326,6669593
2012-02-07,4.595300197601318,10920874
2012-02-08,4.577871799468994,10227529
2012-02-09,4.621441841125488,17775134
2012-02-10,4.612727642059326,9113366
2012-02-13,4.650490760803223,9786844
2012-02-14,4.667919158935547,8608047
2012-02-15,4.62725305557251,8183311
2012-02-16,4.644680976867676,9099656
2012-02-17,4.688251495361328,7744584
2012-02-21,4.726013660430908,7428970
2012-02-22,4.708584785461426,9060204
2012-02-23,4.752156734466553,7229752
2012-02-24,4.702775955200195,16087940
2012-02-27,4.714394569396973,9861271
2012-02-28,4.702775955200195,7601886
2012-02-29,4.613492965698242,15453914
2012-03-01,4.754003524780273,8976264
2012-03-02,4.715946674346924,8683873
2012-03-05,4.677892208099365,7130143
2012-03-06,4.57836389541626,8727522
2012-03-07,4.674964427947998,11213265
2012-03-08,4.730584621429443,7863499
2012-03-09,4.789130687713623,8696464
2012-03-12,4.7627854347229,5861250
2012-03-13,4.8506059646606445,10649468
2012-03-14,4.713022708892822,15875013
2012-03-15,4.727656364440918,18451131
2012-03-16,4.7627854347229,11749362
2012-03-19,4.830113887786865,9635752
2012-03-20,4.8213300704956055,6545361
2012-03-21,4.76863956451416,5284303
2012-03-22,4.69252872467041,7726677
2012-03-23,4.718875885009766,4948263
2012-03-26,4.76863956451416,12809804
2012-03-27,4.689601421356201,11494184
2012-03-28,4.642765522003174,22165756
2012-03-29,4.63983678817749,11165419
2012-03-30,4.613492965698242,9397363
2012-04-02,4.628129005432129,12271748
2012-04-03,4.636909484863281,18518003
2012-04-04,4.522743225097656,8417223
2012-04-05,4.467124938964844,12733418
2012-04-09,4.4290690422058105,7526620
2012-04-10,4.347102642059326,16850395
2012-04-11,4.370522499084473,19162663
2012-04-12,4.4583420753479,7777321
2012-04-13,4.347102642059326,13902982
2012-04-16,4.344175338745117,10273976
2012-04-17,4.408576965332031,6972616
2012-04-18,4.376375675201416,10190876
2012-04-19,4.364665508270264,11825187
2012-04-20,4.414432525634766,10860157
2012-04-23,4.367594242095947,12700402
2012-04-24,4.38223123550415,12040354
2012-04-25,4.347102642059326,13046794
2012-04-26,4.350030422210693,14141092
2012-04-27,4.350030422210693,6494438
2012-04-30,4.341246604919434,13411933
2012-05-01,4.317831516265869,8706537
2012-05-02,4.230010509490967,6739263
2012-05-03,4.156826496124268,10632400
2012-05-04,4.063151836395264,9239276
2012-05-07,4.074859619140625,6797181
2012-05-08,4.019240379333496,15955875
2012-05-09,4.057294845581055,10776217
2012-05-10,4.063151836395264,7747942
2012-05-11,4.0104594230651855,7083137
2012-05-14,3.9870407581329346,11468442
2012-05-15,3.9665474891662598,11294407
2012-05-16,3.8640923500061035,10834695
2012-05-17,3.7938356399536133,10657022
2012-05-18,3.7733442783355713,9627079
2012-05-21,3.884582281112671,8128190
2012-05-22,3.91385555267334,11150590
2012-05-23,3.896291732788086,14404104
2012-05-24,3.9694764614105225,13219990
2012-05-25,3.9724032878875732,8268650
2012-05-29,4.039730072021484,9512081
2012-05-30,4.147555828094482,18129081
2012-05-31,4.126877784729004,13385912
2012-06-01,4.044163227081299,12176336
2012-06-04,4.073703765869141,10984109
2012-06-05,4.165281295776367,9277888
2012-06-06,4.301171779632568,10086230
2012-06-07,4.221409320831299,12877795
2012-06-08,4.292306900024414,9374139
2012-06-11,4.191868305206299,10826861
2012-06-12,4.286399841308594,9538662
2012-06-13,4.2184553146362305,8850913
2012-06-14,4.292306900024414,11158424
2012-06-15,4.434105396270752,24839245
2012-06-18,4.4400129318237305,9924506
2012-06-19,4.519774436950684,10195073
2012-06-20,4.445921897888184,13091562
2012-06-21,4.375022888183594,9235359
2012-06-22,4.475462913513184,10127361
2012-06-25,4.422288417816162,9936537
2012-06-26,4.345483303070068,19275422
2012-06-27,4.490233421325684,13719713
2012-06-28,4.516819953918457,9181077
2012-06-29,4.6408915519714355,12246846
2012-07-02,4.723606109619141,12222224
2012-07-03,4.732468605041504,5149439
2012-07-05,4.732468605041504,7870214
2012-07-06,4.809274673461914,11983834
2012-07-09,4.800412654876709,8522708
2012-07-10,4.738374710083008,14700692
2012-07-11,4.785643100738525,15953636
2012-07-12,4.729515075683594,9232001
2012-07-13,4.821091651916504,8529143
2012-07-16,4.838816165924072,7174352
2012-07-17,4.776778697967529,13481603
2012-07-18,4.738374710083008,12221664
2012-07-19,4.490233421325684,58390343
2012-07-20,4.634984493255615,36609312
2012-07-23,4.564085006713867,18002332
2012-07-24,4.519774436950684,14923133
2012-07-25,4.617259502410889,14253572
2012-07-26,4.7176971435546875,17835571
2012-07-27,4.759055137634277,15292469
2012-07-30,4.738374710083008,10543983
2012-07-31,4.723606109619141,17799477
2012-08-01,4.646799564361572,11327423
2012-08-02,4.590672492980957,10696754
2012-08-03,4.732468605041504,8721926
2012-08-06,4.676341533660889,8542294
2012-08-07,4.732468605041504,5569419
2012-08-08,4.741331577301025,6700650
2012-08-09,4.723606109619141,6578098
2012-08-10,4.762010097503662,4188606
2012-08-13,4.762010097503662,4541434
2012-08-14,4.7442851066589355,3888660
2012-08-15,4.800412654876709,7937087
2012-08-16,4.7501935958862305,8266971
2012-08-17,4.735422134399414,8151134
2012-08-20,4.7176971435546875,9465354
2012-08-21,4.637938022613525,13621503
2012-08-22,4.670433044433594,10742921
2012-08-23,4.6408915519714355,4119216
2012-08-24,4.67338752746582,5007021
2012-08-27,4.643845081329346,6131257
2012-08-28,4.643845081329346,4185808
2012-08-29,4.637938022613525,3228892
2012-08-30,4.5877180099487305,4065494
2012-08-31,4.652709007263184,7946600
2012-09-04,4.67338752746582,8003399
2012-09-05,4.609367847442627,9136589
2012-09-06,4.698696613311768,7976259
2012-09-07,4.746336936950684,5265276
2012-09-10,4.7493157386779785,4529402
2012-09-11,4.811845302581787,5628177
2012-09-12,4.847578525543213,4879432
2012-09-13,4.939884185791016,9594342
2012-09-14,4.996459484100342,7365455
2012-09-17,4.939884185791016,5666510
2012-09-18,4.933929443359375,5853696
2012-09-19,4.95477294921875,9118122
2012-09-20,4.901175022125244,9527750
2012-09-21,4.850555896759033,14311490
2012-09-24,4.895219326019287,10714381
2012-09-25,4.779092788696289,7334118
2012-09-26,4.686785697937012,6935962
2012-09-27,4.713585376739502,9503407
2012-09-28,4.680830001831055,9025229
2012-10-01,4.758249282836914,9178839
2012-10-02,4.820779800415039,7847271
2012-10-03,4.850555896759033,7083697
2012-10-04,4.9666829109191895,9665691
2012-10-05,4.963705062866211,9880857
2012-10-08,4.99348258972168,3724698
2012-10-09,4.95477294921875,6065784
2012-10-10,4.960728168487549,5394824
2012-10-11,5.154273509979248,11978798
2012-10-12,5.061966896057129,9784326
2012-10-15,5.091742515563965,6841949
2012-10-16,5.1006760597229,12277624
2012-10-17,5.1096086502075195,14016301
2012-10-18,5.050055980682373,15700138
2012-10-19,4.945838451385498,8793834
2012-10-22,4.969660758972168,9203182
2012-10-23,4.999436855316162,12004539
2012-10-24,5.103654384613037,11932631
2012-10-25,5.222760200500488,10780694
2012-10-26,5.207871437072754,10174367
2012-10-31,5.234670639038086,9875261
2012-11-01,5.2704010009765625,16178596
2012-11-02,5.264445781707764,12629333
2012-11-05,5.264445781707764,10392611
2012-11-06,5.285290241241455,10869111
2012-11-07,5.094721794128418,19228975
2012-11-08,5.0143256187438965,10365751
2012-11-09,5.017303943634033,8375533
2012-11-12,5.002415180206299,6743180
2012-11-13,4.999436855316162,9277608
2012-11-14,4.9309515953063965,7287671
2012-11-15,4.922018051147461,10063007
2012-11-16,4.984548091888428,6861815
2012-11-19,5.050055980682373,7049561
2012-11-20,5.017303943634033,7366574
2012-11-21,5.029213905334473,5411052
2012-11-23,5.076854228973389,2005047
2012-11-26,4.984548091888428,6970657
2012-11-27,4.984548091888428,8092935
2012-11-28,5.076854228973389,11826307
2012-11-29,4.999436855316162,9018793
2012-11-30,4.927974224090576,20614265
2012-12-03,4.9101080894470215,8662888
2012-12-04,4.95477294921875,6977932
2012-12-05,5.052279472351074,12090718
2012-12-06,5.100279808044434,10509008
2012-12-07,5.070279121398926,12498946
2012-12-10,5.145283222198486,9594902
2012-12-11,5.196286201477051,8681075
2012-12-12,5.1242828369140625,11246841
2012-12-13,5.067278861999512,10241799
2012-12-14,5.007275581359863,10316506
2012-12-17,5.133282661437988,10861556
2012-12-18,5.163283824920654,9442970
2012-12-19,5.061277866363525,6494438
2012-12-20,5.046278476715088,10835535
2012-12-21,5.046278476715088,22517465
2012-12-24,5.037277698516846,2825700
2012-12-26,5.0192766189575195,4236172
2012-12-27,5.031277656555176,4720786
2012-12-28,5.04027795791626,5999472
2012-12-31,5.1392822265625,8009835
2013-01-02,5.220287322998047,6280671
2013-01-03,5.205286979675293,5409373
2013-01-04,5.250288486480713,5651960
2013-01-07,5.217288494110107,4732537
2013-01-08,5.2322893142700195,7365175
2013-01-09,5.268289089202881,6573901
2013-01-10,5.292290210723877,10460043
2013-01-11,5.2112860679626465,11029996
2013-01-14,5.208286285400391,4059059
2013-01-15,5.199285984039307,6820964
2013-01-16,5.190284729003906,11814555
2013-01-17,5.046278476715088,26100024
2013-01-18,5.064279556274414,13392627
2013-01-22,5.076280117034912,9573357
2013-01-23,5.091279983520508,6496396
2013-01-24,5.070279121398926,6575860
2013-01-25,5.070279121398926,4020726
2013-01-28,5.025275707244873,4459732
2013-01-29,5.064279556274414,6672391
2013-01-30,5.031277656555176,13290780
2013-01-31,5.067278861999512,12286018
2013-02-01,5.121281147003174,9386171
2013-02-04,5.100279808044434,13573658
2013-02-05,5.148283958435059,11502858
2013-02-06,5.3492937088012695,14984409
2013-02-07,5.37329626083374,13322397
2013-02-08,5.598306179046631,16596337
2013-02-11,5.508302688598633,13836949
2013-02-12,5.478301525115967,7323205
2013-02-13,5.514303684234619,10543144
2013-02-14,5.682312488555908,11775943
2013-02-15,5.688313007354736,9559367
2013-02-19,5.760316371917725,8888407
2013-02-20,5.739315509796143,14506231
2013-02-21,5.670313358306885,10606099
2013-02-22,5.670313358306885,10462282
2013-02-25,5.631309986114502,12096873
2013-02-26,5.601308345794678,11573367
2013-02-27,5.719262599945068,9179119
2013-02-28,5.737409591674805,8886728
2013-03-01,5.979366302490234,20044592
2013-03-04,5.934001922607422,15528620
2013-03-05,5.943072319030762,10849245
2013-03-06,5.921902179718018,9402959
2013-03-07,5.8583879470825195,11495023
2013-03-08,5.767655372619629,32187632
2013-03-11,5.870484828948975,14962025
2013-03-12,5.970293045043945,13529729
2013-03-13,5.988439559936523,8993611
2013-03-14,6.018685340881348,8163725
2013-03-15,6.0247344970703125,15610042
2013-03-18,6.088247776031494,11345330
2013-03-19,6.006586074829102,8418063
2013-03-20,6.027756690979004,8173238
2013-03-21,6.070102214813232,11118972
2013-03-22,6.142687797546387,11035312
2013-03-25,6.0821990966796875,7714366
2013-03-26,6.136636734008789,6623426
2013-03-27,6.1336140632629395,4630690
2013-03-28,6.200152397155762,8460872
2013-04-01,6.0761494636535645,6648887
2013-04-02,6.10336971282959,7196456
2013-04-03,5.927950382232666,13862131
2013-04-04,5.937025547027588,12827711
2013-04-05,5.988439559936523,6975134
2013-04-08,6.0217084884643555,3999461
2013-04-09,6.118493556976318,5805570
2013-04-10,6.1608357429504395,5959460
2013-04-11,6.284837245941162,9294956
2013-04-12,6.327180862426758,8107485
2013-04-15,6.239470481872559,10838892
2013-04-16,6.299959182739258,7718563
2013-04-17,6.1608357429504395,13714957
2013-04-18,5.976341247558594,16174399
2013-04-19,6.145713806152344,8232835
2013-04-22,6.239470481872559,6439597
2013-04-23,6.169907569885254,13234260
2013-04-24,6.254593849182129,6491360
2013-04-25,6.290886878967285,5395663
2013-04-26,6.206202030181885,6330195
2013-04-29,6.209226131439209,6568025
2013-04-30,6.245520114898682,6515423
2013-05-01,6.221324443817139,5040037
2013-05-02,6.348351001739502,3977637
2013-05-03,6.339277267456055,6657281
2013-05-06,6.39371919631958,4609145
2013-05-07,6.4572319984436035,3784855
2013-05-08,6.469329357147217,5601596
2013-05-09,6.445134162902832,5918330
2013-05-10,6.399765968322754,5505345
2013-05-13,6.36649751663208,4151113
2013-05-14,6.520746231079102,6798860
2013-05-15,6.7717766761779785,12324630
2013-05-16,6.768752574920654,11676054
2013-05-17,6.877632141113281,10934304
2013-05-20,6.913926601409912,7813975
2013-05-21,6.926024436950684,8188627
2013-05-22,6.926024436950684,9675764
2013-05-23,6.850412845611572,10661779
2013-05-24,6.89275598526001,6440996
2013-05-28,6.950221061706543,10047058
2013-05-29,7.101442813873291,34457650
2013-05-30,7.27081298828125,22645053
2013-05-31,7.180078029632568,13027768
2013-06-03,7.24661922454834,13648924
2013-06-04,7.210325717926025,15985254
2013-06-05,7.164669036865234,10011804
2013-06-06,7.228587627410889,9860152
2013-06-07,7.170755386352539,13158994
2013-06-10,7.149450778961182,15788834
2013-06-11,7.109884738922119,15082619
2013-06-12,7.103796482086182,7691422
2013-06-13,7.079448223114014,20173020
2013-06-14,6.994227886199951,21405819
2013-06-17,7.003358364105225,10704588
2013-06-18,7.039880752563477,10771461
2013-06-19,6.972920894622803,8683033
2013-06-20,6.842046737670898,11660385
2013-06-21,6.805523872375488,17148103
2013-06-24,6.7111711502075195,9732283
2013-06-25,6.975963592529297,10694516
2013-06-26,6.991182804107666,7251017
2013-06-27,6.997271537780762,6748776
2013-06-28,6.957704067230225,10781813
2013-07-01,7.000312805175781,6000031
2013-07-02,6.997271537780762,8824612
2013-07-03,6.966833114624023,6890075
2013-07-05,6.997271537780762,4695883
2013-07-08,7.0216193199157715,6384756
2013-07-09,7.082493305206299,8718568
2013-07-10,7.076404571533203,5820120
2013-07-11,7.106842041015625,6822643
2013-07-12,7.1220598220825195,7657566
2013-07-15,7.164669036865234,7492484
2013-07-16,7.12510347366333,7808099
2013-07-17,7.12510347366333,6799700
2013-07-18,7.438595294952393,26644794
2013-07-19,7.469030380249023,11749921
2013-07-22,7.566429138183594,11022161
2013-07-23,7.5451202392578125,12025244
2013-07-24,7.475118160247803,6371885
2013-07-25,7.435554027557373,6775357
2013-07-26,7.3533735275268555,4369357
2013-07-29,7.304676532745361,4659230
2013-07-30,7.465987205505371,15938247
2013-07-31,7.520771026611328,15593814
2013-08-01,7.6029510498046875,18542626
2013-08-02,7.6059956550598145,7751299
2013-08-05,7.627298355102539,10029711
2013-08-06,7.5359907150268555,8986896
2013-08-07,7.453811168670654,10862955
2013-08-08,7.5603413581848145,5718552
2013-08-09,7.526861190795898,5455540
2013-08-12,7.5451202392578125,3658105
2013-08-13,7.60903787612915,14931807
2013-08-14,7.6029510498046875,7805581
2013-08-15,7.499466419219971,6494158
2013-08-16,7.554251670837402,7761372
2013-08-19,7.456857681274414,8156450
2013-08-20,7.5603413581848145,5629296
2013-08-21,7.5238165855407715,4547589
2013-08-22,7.596863269805908,2949931
2013-08-23,7.60903787612915,6131817
2013-08-26,7.5359907150268555,6372165
2013-08-27,7.298585414886475,9078950
2013-08-28,7.298585414886475,8457235
2013-08-29,7.329024791717529,5322635
2013-08-30,7.301632404327393,4984917
2013-09-03,7.405114650726318,5048431
2013-09-04,7.411240577697754,10902407
2013-09-05,7.4020538330078125,8031939
2013-09-06,7.395928382873535,6803897
2013-09-09,7.561302661895752,7552362
2013-09-10,7.582740783691406,5358450
2013-09-11,7.6378655433654785,9768657
2013-09-12,7.625617027282715,5187772
2013-09-13,7.58580207824707,4329345
2013-09-16,7.604179859161377,5533045
2013-09-17,7.634801864624023,5366284
2013-09-18,7.745052814483643,8621477
2013-09-19,7.751176357269287,12643882
2013-09-20,7.677677631378174,11159543
2013-09-23,7.601115703582764,5770036
2013-09-24,7.650115489959717,7773404
2013-09-25,7.683804035186768,6280111
2013-09-26,7.717490196228027,5973450
2013-09-27,7.6991143226623535,4086759
2013-09-30,7.625617027282715,9146382
2013-10-01,7.619489669799805,8804746
2013-10-02,7.598053932189941,6935403
2013-10-03,7.533740997314453,8029980
2013-10-04,7.674614429473877,6803337
2013-10-07,7.564367771148682,4525485
2013-10-08,7.435741901397705,7689743
2013-10-09,7.4020538330078125,9287681
2013-10-10,7.570490837097168,9055447
2013-10-11,7.683804035186768,5876360
2013-10-14,7.720552444458008,8724444
2013-10-15,7.708303451538086,7831602
2013-10-16,7.87980318069458,10821265
2013-10-17,7.873677730560303,8801948
2013-10-18,7.898179054260254,5134610
2013-10-21,7.947177410125732,5571657
2013-10-22,8.002301216125488,7661763
2013-10-23,7.861427307128906,9586508
2013-10-24,7.870616912841797,7337195
2013-10-25,7.87980318069458,5654758
2013-10-28,7.876739025115967,8734796
2013-10-29,7.928802490234375,5301091
2013-10-30,7.8461151123046875,3775901
2013-10-31,7.7695536613464355,7157844
2013-11-01,7.7328009605407715,6500593
2013-11-04,7.714428424835205,4419161
2013-11-05,7.729737758636475,6545641
2013-11-06,7.766490459442139,4955818
2013-11-07,7.634801864624023,7765010
2013-11-08,7.686866760253906,7342791
2013-11-11,7.7756781578063965,8189466
2013-11-12,7.8644914627075195,8531382
2013-11-13,7.916550636291504,7352025
2013-11-14,8.048237800598145,13541201
2013-11-15,8.045177459716797,5644126
2013-11-18,7.990053653717041,10563569
2013-11-19,7.956364154815674,9005083
2013-11-20,7.931865692138672,7467302
2013-11-21,7.999240875244141,7519345
2013-11-22,8.039053916931152,5431478
2013-11-25,8.072741508483887,5328511
2013-11-26,8.100303649902344,6028291
2013-11-27,8.146240234375,3811436
2013-11-29,8.161550521850586,3109138
2013-12-02,8.10336685180664,5384471
2013-12-03,8.121740341186523,6393430
2013-12-04,8.177180290222168,7021861
2013-12-05,8.053979873657227,6713521
2013-12-06,8.143301963806152,10484666
2013-12-09,8.211058616638184,9273411
2013-12-10,8.115581512451172,9206539
2013-12-11,7.943106651306152,27362202
2013-12-12,7.878425598144531,16504842
2013-12-13,7.933865070343018,7300542
2013-12-16,7.933865070343018,6975414
2013-12-17,7.878425598144531,9351755
2013-12-18,8.00778579711914,9712138
2013-12-19,7.989306449890137,9054328
2013-12-20,7.992384433746338,9750191
2013-12-23,7.992384433746338,7131263
2013-12-24,8.023184776306152,2285406
2013-12-26,8.023184776306152,4780383
2013-12-27,8.010865211486816,2780093
2013-12-30,8.029340744018555,5200083
2013-12-31,8.094018936157227,6151403
2014-01-02,8.013944625854492,6729470
2014-01-03,8.087862014770508,5234219
2014-01-06,8.0509033203125,6279551
2014-01-07,7.964664936065674,6916376
2014-01-08,8.149457931518555,11098827
2014-01-09,8.201818466186523,7521863
2014-01-10,8.260335922241211,8305303
2014-01-13,8.300375938415527,9348957
2014-01-14,8.334254264831543,12225581
2014-01-15,8.38969612121582,11162621
2014-01-16,8.358895301818848,10198150
2014-01-17,7.536555767059326,51661712
2014-01-21,7.4657182693481445,21253048
2014-01-22,7.521154403686523,12559103
2014-01-23,7.185446262359619,55931181
2014-01-24,7.086887836456299,22538729
2014-01-27,7.077647686004639,16070313
2014-01-28,7.046848773956299,16635509
2014-01-29,7.123847484588623,24906117
2014-01-30,7.114607810974121,11864359
2014-01-31,7.009891510009766,13059945
2014-02-03,6.840496063232422,23826089
2014-02-04,6.748096942901611,15403550
2014-02-05,6.775816440582275,13980767
2014-02-06,6.9421305656433105,11770347
2014-02-07,7.006810665130615,10278173
2014-02-10,7.034530162811279,7748781
2014-02-11,7.203924655914307,16602213
2014-02-12,7.259363651275635,10980471
2014-02-13,7.2716851234436035,10344206
2014-02-14,7.268604755401611,7346149
2014-02-18,7.367160797119141,12251882
2014-02-19,7.302483081817627,17616488
2014-02-20,7.210084915161133,14037286
2014-02-21,7.342523097991943,13361010
2014-02-24,7.379480361938477,10206544
2014-02-25,7.2716851234436035,15288552
2014-02-26,7.253202438354492,8705138
2014-02-27,7.32404088973999,7652530
2014-02-28,7.373318195343018,8463950
2014-03-03,7.391799449920654,7054038
2014-03-04,7.505757808685303,9630996
2014-03-05,7.524351119995117,7548724
2014-03-06,7.632817268371582,14906065
2014-03-07,7.691695690155029,11639400
2014-03-10,7.710290908813477,6695894
2014-03-11,7.731982231140137,8700101
2014-03-12,7.691695690155029,6057390
2014-03-13,7.629716396331787,8605809
2014-03-14,7.577035427093506,10974875
2014-03-17,7.710290908813477,12292174
2014-03-18,7.744379997253418,16128232
2014-03-19,7.769169807434082,15439644
2014-03-20,7.89932918548584,13386751
2014-03-21,7.967508792877197,21344543
2014-03-24,7.821852684020996,11545947
2014-03-25,7.769169807434082,7239825
2014-03-26,7.7195868492126465,6170429
2014-03-27,7.623518943786621,11420597
2014-03-28,7.623518943786621,6971217
2014-03-31,7.586334705352783,16205177
2014-04-01,7.639012813568115,19589917
2014-04-02,7.682399749755859,18263665
2014-04-03,7.604924201965332,17968756
2014-04-04,7.604924201965332,9996135
2014-04-07,7.505756855010986,12348134
2014-04-08,7.552243232727051,10017120
2014-04-09,7.673104286193848,6309490
2014-04-10,7.676200866699219,15270924
2014-04-11,7.688599109649658,14708247
2014-04-14,7.725784778594971,11219141
2014-04-15,7.704092502593994,14144450
2014-04-16,7.905526161193848,16379492
2014-04-17,8.035684585571289,30054437
2014-04-21,8.020190238952637,17552414
2014-04-22,8.004697799682617,11950818
2014-04-23,7.99539852142334,12286298
2014-04-24,7.945812225341797,11472919
2014-04-25,8.001596450805664,14619270
2014-04-28,8.007795333862305,17005964
2014-04-29,7.9737043380737305,15393757
2014-04-30,7.979904651641846,95491263
2014-05-01,7.821221351623535,30871900
2014-05-02,7.786538600921631,17782400
2014-05-05,7.621787071228027,18121400
2014-05-06,7.717171669006348,20417500
2014-05-07,7.647801876068115,16503600
2014-05-08,7.656471252441406,8573800
2014-05-09,7.647801876068115,8214500
2014-05-12,7.881917476654053,9890100
2014-05-13,7.812551498413086,10576500
2014-05-14,7.717171669006348,11166200
2014-05-15,7.673816680908203,9601500
2014-05-16,7.743185520172119,5736500
2014-05-19,7.682485103607178,5626300
2014-05-20,7.587105751037598,7007700
2014-05-21,7.734512805938721,9900400
2014-05-22,7.673816680908203,5078800
2014-05-23,7.647801876068115,5360100
2014-05-27,7.647801876068115,6782400
2014-05-28,7.578434467315674,8187400
2014-05-29,7.431027889251709,8864100
2014-05-30,7.465712547302246,6461600
2014-06-02,7.5524210929870605,5980200
2014-06-03,7.717171669006348,8251900
2014-06-04,7.673816680908203,7481700
2014-06-05,7.656471252441406,5337500
2014-06-06,7.734512805938721,13388900
2014-06-09,7.708498001098633,3992300
2014-06-10,7.734512805938721,2925300
2014-06-11,7.5524210929870605,3868700
2014-06-12,7.448369979858398,5698300
2014-06-13,7.396345138549805,2568700
2014-06-16,7.318305015563965,2329500
2014-06-17,7.379000186920166,4841800
2014-06-18,7.526409149169922,6075100
2014-06-19,7.240267753601074,8480400
2014-06-20,7.257607460021973,9593500
2014-06-23,7.214252471923828,4110800
2014-06-24,7.257607460021973,6201000
2014-06-25,7.205582141876221,3723800
2014-06-26,7.162225723266602,3392400
2014-06-27,7.240267753601074,9473900
2014-06-30,7.205582141876221,2996700
2014-07-01,7.240267753601074,3747800
2014-07-02,7.136213779449463,3730700
2014-07-03,7.136213779449463,2826200
2014-07-07,7.231595039367676,3976000
2014-07-08,7.34431791305542,9882100
2014-07-09,7.283622741699219,5490500
2014-07-10,7.283622741699219,4836400
2014-07-11,7.379000186920166,5091400
2014-07-14,7.335648059844971,4033100
2014-07-15,7.326974391937256,2935900
2014-07-16,7.335648059844971,3609800
2014-07-17,7.335648059844971,4732000
2014-07-18,7.335648059844971,3390300
2014-07-21,7.318305015563965,2625300
2014-07-22,7.318305015563965,2571300
2014-07-23,7.370330333709717,2955100
2014-07-24,7.561092853546143,9804300
2014-07-25,7.569766044616699,3481100
2014-07-28,7.509067058563232,4900100
2014-07-29,7.526409149169922,4634700
2014-07-30,7.647801876068115,3701700
2014-07-31,7.682485103607178,11322600
2014-08-01,7.743185520172119,7018700
2014-08-04,7.717171669006348,8403200
2014-08-05,7.708498001098633,3405400
2014-08-06,7.734512805938721,2929000
2014-08-07,7.691156387329102,2452200
2014-08-08,7.795206546783447,2356900
2014-08-11,7.751855850219727,4045800
2014-08-12,7.717171669006348,2844700
2014-08-13,7.682485103607178,2744800
2014-08-14,7.708498001098633,2680400
2014-08-15,7.682485103607178,2680300
2014-08-18,7.699828624725342,2291000
2014-08-19,7.708498001098633,2919000
2014-08-20,7.717171669006348,2271000
2014-08-21,7.743185520172119,1704000
2014-08-22,7.630461692810059,1838500
2014-08-25,7.639132976531982,1662700
2014-08-26,7.717171669006348,2325200
2014-08-27,7.725840091705322,2153900
2014-08-28,7.699828624725342,1749000
2014-08-29,7.682485103607178,1607400
2014-09-02,7.795206546783447,4950900
2014-09-03,7.80388069152832,8661500
2014-09-04,7.907930850982666,2554200
2014-09-05,7.881917476654053,2060100
2014-09-08,7.881917476654053,1950400
2014-09-09,7.717171669006348,3600700
2014-09-10,7.734512805938721,2277600
2014-09-11,7.80388069152832,2362600
2014-09-12,7.769195079803467,2691600
2014-09-15,7.725840091705322,4078800
2014-09-16,7.673816680908203,3286100
2014-09-17,7.743185520172119,3006300
2014-09-18,7.925272464752197,5186600
2014-09-19,7.864577293395996,9828500
2014-09-22,7.812551498413086,3166900
2014-09-23,7.682485103607178,5766500
2014-09-24,7.587105751037598,6095600
2014-09-25,7.491724491119385,3121700
2014-09-26,7.578434467315674,2019500
2014-09-29,7.500395774841309,3047400
2014-09-30,7.422356128692627,3697200
2014-10-01,7.34431791305542,6566000
2014-10-02,7.509067058563232,8134100
2014-10-03,7.691156387329102,8623500
2014-10-06,7.708498001098633,5174800
2014-10-07,7.6044464111328125,4390600
2014-10-08,7.673816680908203,6567100
2014-10-09,7.6044464111328125,6579100
2014-10-10,7.587105751037598,5065700
2014-10-13,7.630461692810059,5629100
2014-10-14,7.691156387329102,4355500
2014-10-15,7.587105751037598,9424400
2014-10-16,7.5524210929870605,6830400
2014-10-17,7.630461692810059,2997000
2014-10-20,7.621787071228027,3479200
2014-10-21,7.647801876068115,5091400
2014-10-22,7.717171669006348,3516700
2014-10-23,7.795206546783447,11000600
2014-10-24,7.838562965393066,5448900
2014-10-27,8.003314018249512,6493600
2014-10-28,8.098692893981934,3665100
2014-10-29,8.176734924316406,4239300
2014-10-30,8.15071964263916,4205400
2014-10-31,8.280783653259277,3344400
2014-11-03,8.428190231323242,4394800
2014-11-04,8.428190231323242,4806300
2014-11-05,8.514900207519531,6367000
2014-11-06,8.601607322692871,3593000
2014-11-07,8.592940330505371,2658400
2014-11-10,8.662306785583496,2555600
2014-11-11,8.644965171813965,2111800
2014-11-12,8.688319206237793,2761800
2014-11-13,8.636295318603516,3166700
2014-11-14,8.549583435058594,5000400
2014-11-17,8.584268569946289,2861500
2014-11-18,8.55825424194336,3082400
2014-11-19,8.540912628173828,1816000
2014-11-20,8.324137687683105,4329800
2014-11-21,8.315467834472656,2824800
2014-11-24,8.324137687683105,5639200
2014-11-25,8.280783653259277,6109000
2014-11-26,8.358823776245117,2677900
2014-11-28,8.39350700378418,1385200
2014-12-01,8.41951847076416,3882600
2014-12-02,8.497557640075684,2681600
2014-12-03,8.575594902038574,3658600
2014-12-04,8.592940330505371,3972700
2014-12-05,8.644965171813965,3061900
2014-12-08,8.723003387451172,3808700
2014-12-09,8.79237174987793,3391100
2014-12-10,8.644965171813965,3308300
2014-12-11,8.766356468200684,4034900
2014-12-12,8.514900207519531,3280800
2014-12-15,8.41951847076416,3853300
2014-12-16,8.41951847076416,5590600
2014-12-17,8.592940330505371,7049700
2014-12-18,8.653634071350098,7894400
2014-12-19,8.575594902038574,9957700
2014-12-22,8.783700942993164,3020200
2014-12-23,8.879082679748535,2821600
2014-12-24,8.931111335754395,1226900
2014-12-26,8.887752532958984,1645000
2014-12-29,8.94844913482666,1731400
2014-12-30,8.965792655944824,1711600
2014-12-31,8.835725784301758,1864200
2015-01-02,8.94844913482666,2993400
2015-01-05,8.644965171813965,3212900
2015-01-06,8.497557640075684,2803100
2015-01-07,8.584268569946289,2139000
2015-01-08,8.679649353027344,2248800
2015-01-09,8.44553279876709,2942600
2015-01-12,8.39350700378418,2616100
2015-01-13,8.410850524902344,3270500
2015-01-14,8.410850524902344,2650300
2015-01-15,8.376166343688965,3067700
2015-01-16,8.41951847076416,2786200
2015-01-20,8.350151062011719,3802700
2015-01-21,8.402175903320312,2685500
2015-01-22,7.847237586975098,18330100
2015-01-23,7.9859724044799805,13574200
2015-01-26,8.046669006347656,8553300
2015-01-27,7.933944225311279,3825700
2015-01-28,7.968628406524658,5344300
2015-01-29,7.899263858795166,5202700
2015-01-30,7.899263858795166,7295600
2015-02-02,8.029326438903809,4459900
2015-02-03,8.090020179748535,4893500
2015-02-04,8.289457321166992,5384300
2015-02-05,8.272112846374512,7004300
2015-02-06,8.194073677062988,2685500
2015-02-09,8.246100425720215,3533600
2015-02-10,8.194073677062988,2949900
2015-02-11,8.046669006347656,4037500
2015-02-12,8.037995338439941,3011800
2015-02-13,8.029326438903809,2169800
2015-02-17,7.959957122802734,1593300
2015-02-18,8.003314018249512,1894000
2015-02-19,7.9859724044799805,2590900
2015-02-20,8.116036415100098,3492700
2015-02-23,8.064008712768555,1781100
2015-02-24,8.124707221984863,5136500
2015-02-25,8.211416244506836,4010500
2015-02-26,8.228755950927734,2612200
2015-02-27,8.211416244506836,4247100
2015-03-02,8.202744483947754,4495100
2015-03-03,8.280783653259277,2480900
2015-03-04,8.202744483947754,3237000
2015-03-05,8.246100425720215,1769800
2015-03-06,8.220086097717285,2331000
2015-03-09,8.13337516784668,3162300
2015-03-10,7.968628406524658,1722600
2015-03-11,7.959957122802734,2491300
2015-03-12,7.899263858795166,2861700
2015-03-13,7.890591621398926,1887800
2015-03-16,7.925272464752197,2654000
2015-03-17,8.011984825134277,1593800
2015-03-18,8.055338859558105,1521700
2015-03-19,8.046669006347656,1316900
2015-03-20,8.037995338439941,4839300
2015-03-23,8.072680473327637,4031400
2015-03-24,8.046669006347656,2552100
2015-03-25,7.847237586975098,6386000
2015-03-26,7.795206546783447,2488700
2015-03-27,7.777868270874023,4567800
2015-03-30,7.829892635345459,4430100
2015-03-31,8.046669006347656,5169200
2015-04-01,8.13337516784668,4381400
2015-04-02,8.18540096282959,2435200
2015-04-06,8.280783653259277,6192700
2015-04-07,8.272112846374512,4308200
2015-04-08,8.220086097717285,2277300
2015-04-09,8.142047882080078,1428100
2015-04-10,8.168059349060059,1264700
2015-04-13,8.228755950927734,1230600
2015-04-14,8.315467834472656,3033800
2015-04-15,8.384836196899414,4356700
2015-04-16,8.272112846374512,4765800
2015-04-17,8.228755950927734,4334500
2015-04-20,8.428190231323242,8179300
2015-04-21,8.523573875427246,2935400
2015-04-22,8.618951797485352,4754200
2015-04-23,8.870407104492188,9675800
2015-04-24,8.887752532958984,6046600
2015-04-27,8.861738204956055,3327600
2015-04-28,8.957118034362793,3161100
2015-04-29,9.017817497253418,6063400
2015-04-30,8.835725784301758,5212700
2015-05-01,8.931111335754395,5081000
2015-05-04,8.94844913482666,3482700
2015-05-05,8.94844913482666,4513500
2015-05-06,8.983135223388672,3203600
2015-05-07,8.974462509155273,2762900
2015-05-08,9.009146690368652,2939400
2015-05-11,9.07851505279541,3661000
2015-05-12,9.026485443115234,2713000
2015-05-13,9.095855712890625,2207200
2015-05-14,9.277947425842285,2364300
2015-05-15,9.18256664276123,1299400
2015-05-18,9.19123649597168,1729000
2015-05-19,9.19123649597168,1896300
2015-05-20,9.199904441833496,1255800
2015-05-21,9.026485443115234,3933800
2015-05-22,9.026485443115234,4697500
2015-05-26,8.991805076599121,2170900
2015-05-27,8.957118034362793,4576000
2015-05-28,8.94844913482666,2851100
2015-05-29,8.896424293518066,1627800
2015-06-01,8.939780235290527,3279900
2015-06-02,8.957118034362793,3584200
2015-06-03,8.983135223388672,2860100
2015-06-04,8.818384170532227,1717500
2015-06-05,8.835725784301758,1640600
2015-06-08,8.801039695739746,1583200
2015-06-09,8.775032997131348,3479700
2015-06-10,8.870407104492188,3157200
2015-06-11,8.879082679748535,2642000
2015-06-12,8.887752532958984,1629200
2015-06-15,8.870407104492188,1497200
2015-06-16,8.896424293518066,1864600
2015-06-17,8.79237174987793,1681400
2015-06-18,8.79237174987793,1474100
2015-06-19,8.79237174987793,2351300
2015-06-22,8.879082679748535,1073700
2015-06-23,8.9050931930542,1648200
2015-06-24,8.757688522338867,1783100
2015-06-25,8.670979499816895,2354800
2015-06-26,8.696990966796875,6581800
2015-06-29,8.532243728637695,2200400
2015-06-30,8.55825424194336,5140300
2015-07-01,8.584268569946289,2136700
2015-07-02,8.644965171813965,2073500
2015-07-06,8.688319206237793,4408300
2015-07-07,8.610279083251953,3030000
2015-07-08,8.436859130859375,2190700
2015-07-09,8.428190231323242,1993000
2015-07-10,8.575594902038574,1500300
2015-07-13,8.653634071350098,1501300
2015-07-14,8.462874412536621,3163800
2015-07-15,8.44553279876709,1501700
2015-07-16,8.644965171813965,6647000
2015-07-17,8.653634071350098,3713500
2015-07-20,8.480216979980469,3190500
2015-07-21,8.540912628173828,3638900
2015-07-22,8.540912628173828,4470200
2015-07-23,8.064008712768555,11425400
2015-07-24,8.176734924316406,4501300
2015-07-27,7.951284408569336,3323700
2015-07-28,7.951284408569336,2342800
2015-07-29,7.916604518890381,2944500
2015-07-30,7.9946417808532715,1901800
2015-07-31,7.916604518890381,2528800
2015-08-03,7.890591621398926,2793500
2015-08-04,7.838562965393066,2463800
2015-08-05,8.003314018249512,3131800
2015-08-06,7.864577293395996,1848900
2015-08-07,7.829892635345459,3430600
2015-08-10,7.951284408569336,1092200
2015-08-11,8.003314018249512,2717600
2015-08-12,7.838562965393066,2593100
2015-08-13,7.760523796081543,1611300
2015-08-14,7.743185520172119,2075400
2015-08-17,7.760523796081543,2362100
2015-08-18,7.699828624725342,1544700
2015-08-19,7.743185520172119,5524200
2015-08-20,7.569766044616699,2043600
2015-08-21,7.318305015563965,2043500
2015-08-24,7.110201835632324,5081100
2015-08-25,6.980138301849365,3100500
2015-08-26,7.19691276550293,4725200
2015-08-27,7.379000186920166,3456200
2015-08-28,7.405015468597412,2351300
2015-08-31,7.352988243103027,3709900
2015-09-01,7.049503803253174,3286600
2015-09-02,6.954123497009277,3544500
2015-09-03,6.910770416259766,2848800
2015-09-04,6.789374828338623,1846000
2015-09-08,6.902098178863525,1924300
2015-09-09,6.936782360076904,4842500
2015-09-10,6.954123497009277,2108900
2015-09-11,6.971466541290283,2378100
2015-09-14,7.0148210525512695,1630000
2015-09-15,7.092860221862793,1227900
2015-09-16,7.127545356750488,2583600
2015-09-17,7.023492813110352,9196800
2015-09-18,7.032162189483643,4798900
2015-09-21,7.058176517486572,2084500
2015-09-22,6.945453643798828,1765700
2015-09-23,6.876084804534912,924700
2015-09-24,6.70266580581665,3407600
2015-09-25,6.667982578277588,3564400
2015-09-28,6.555260181427002,3976100
2015-09-29,6.503232479095459,7652000
2015-09-30,6.4165239334106445,3441100
2015-10-01,6.234433650970459,9904500
2015-10-02,6.017658233642578,9226300
2015-10-05,6.2777886390686035,6873200
2015-10-06,6.3211445808410645,6461400
2015-10-07,6.347155570983887,5060500
2015-10-08,6.199748516082764,5263900
2015-10-09,6.1303815841674805,5121800
2015-10-12,6.017658233642578,5084800
2015-10-13,5.922276973724365,4863600
2015-10-14,5.904936790466309,3301600
2015-10-15,5.965632915496826,2786400
2015-10-16,6.008987903594971,3188900
2015-10-19,5.939619541168213,4355800
2015-10-20,6.165065765380859,7868200
2015-10-21,6.121710300445557,4978900
2015-10-22,6.078356742858887,8717400
2015-10-23,6.139052391052246,5914800
2015-10-26,6.1303815841674805,4161300
2015-10-27,5.9569621086120605,2366900
2015-10-28,6.087026119232178,3322200
2015-10-29,6.06968355178833,4612600
2015-10-30,6.121710300445557,4300300
2015-11-02,6.113039016723633,3001600
2015-11-03,6.121710300445557,4578700
2015-11-04,6.095697402954102,4300000
2015-11-05,6.06968355178833,2645300
2015-11-06,6.173736095428467,3354300
2015-11-09,6.095697402954102,4251200
2015-11-10,5.922276973724365,2832300
2015-11-11,5.766200542449951,3341000
2015-11-12,5.653477668762207,3545400
2015-11-13,5.6101226806640625,5009700
2015-11-16,5.688162803649902,2340200
2015-11-17,5.688162803649902,5238900
2015-11-18,5.774871826171875,3088500
2015-11-19,5.913605690002441,4978000
2015-11-20,5.809556007385254,2674300
2015-11-23,5.766200542449951,3771500
2015-11-24,5.748858451843262,2656800
2015-11-25,5.844237327575684,2350300
2015-11-27,5.8182268142700195,1247600
2015-11-30,5.861581325531006,3107800
2015-12-01,5.8008832931518555,2197600
2015-12-02,5.696831703186035,2701900
2015-12-03,5.766200542449951,3569500
2015-12-04,5.852910041809082,3016400
2015-12-07,5.844237327575684,3231400
2015-12-08,5.714173793792725,5301300
2015-12-09,5.722845554351807,3879700
2015-12-10,5.844237327575684,3681500
2015-12-11,5.618795394897461,3979800
2015-12-14,5.523412704467773,3924200
2015-12-15,5.696831703186035,4351800
2015-12-16,5.852910041809082,4274000
2015-12-17,5.618795394897461,2989700
2015-12-18,5.471386909484863,7052700
2015-12-21,5.480058670043945,2807600
2015-12-22,5.514743328094482,2806000
2015-12-23,5.6274638175964355,2447300
2015-12-24,5.6448073387146,745000
2015-12-28,5.584110736846924,2650000
2015-12-29,5.714173793792725,2602800
2015-12-30,5.653477668762207,1683100
2015-12-31,5.653477668762207,2434300
2016-01-04,5.6708197593688965,4146700
2016-01-05,5.540755748748779,4048900
2016-01-06,5.2892961502075195,3026100
2016-01-07,5.046509265899658,4646900
2016-01-08,5.05518102645874,3690700
2016-01-11,5.05518102645874,4171700
2016-01-12,4.864418029785156,3433300
2016-01-13,4.890431880950928,6211600
2016-01-14,4.7430243492126465,2780800
2016-01-15,4.69966983795166,3096100
2016-01-19,4.664985656738281,5083200
2016-01-20,4.690998077392578,4161700
2016-01-21,5.219928741455078,11257900
2016-01-22,5.254612445831299,7842100
2016-01-25,5.202587604522705,5144300
2016-01-26,5.445375442504883,4752800
2016-01-27,5.402019023895264,6717700
2016-01-28,5.254612445831299,3108100
2016-01-29,5.549426078796387,4153600
2016-02-01,5.506070137023926,3770300
2016-02-02,5.081193447113037,4273400
2016-02-03,5.072522163391113,5275600
2016-02-04,5.254612445831299,2835400
2016-02-05,5.323980331420898,2176700
2016-02-08,5.0118255615234375,2870900
2016-02-09,4.682327747344971,5968400
2016-02-10,4.94245719909668,3397300
2016-02-11,4.968471050262451,4495800
2016-02-12,4.94245719909668,3987800
2016-02-16,5.15056037902832,1727700
2016-02-17,5.315310001373291,3629000
2016-02-18,5.141889572143555,3070000
2016-02-19,5.072522163391113,2920000
2016-02-22,5.254612445831299,4553100
2016-02-23,5.228599548339844,2922600
2016-02-24,5.107206344604492,2990400
2016-02-25,5.141889572143555,2431700
2016-02-26,5.159232139587402,2348800
2016-02-29,5.0638508796691895,2823600
2016-03-01,5.254612445831299,5848200
2016-03-02,5.367335796356201,5994000
2016-03-03,5.454045295715332,3670400
2016-03-04,5.6101226806640625,4580800
2016-03-07,5.445375442504883,4353500
2016-03-08,5.271955490112305,2508800
2016-03-09,5.254612445831299,2363600
2016-03-10,5.280625343322754,3603800
2016-03-11,5.376007556915283,2009100
2016-03-14,5.280625343322754,1888400
2016-03-15,5.133218765258789,3826200
2016-03-16,5.237271308898926,2753900
2016-03-17,5.410689830780029,2527100
2016-03-18,5.6708197593688965,9200100
2016-03-21,5.6708197593688965,2103300
2016-03-22,5.731517314910889,2128700
2016-03-23,5.488729000091553,2610100
2016-03-24,5.436701774597168,3717300
2016-03-28,5.506070137023926,2177500
2016-03-29,5.688162803649902,5308700
2016-03-30,5.662149429321289,5579000
2016-03-31,5.514743328094482,4190100
2016-04-01,5.618795394897461,3005600
2016-04-04,5.566767692565918,2263600
2016-04-05,5.506070137023926,2295000
2016-04-06,5.558096408843994,2048400
2016-04-07,5.462716102600098,3206400
2016-04-08,5.341322422027588,13005800
2016-04-11,5.4193620681762695,2833200
2016-04-12,5.514743328094482,3007800
2016-04-13,5.878922939300537,3785400
2016-04-14,5.835567474365234,2641800
2016-04-15,5.766200542449951,3130900
2016-04-18,5.8182268142700195,3562800
2016-04-19,5.783543109893799,4315100
2016-04-20,5.887592315673828,9926600
2016-04-21,5.913605690002441,8356800
2016-04-22,5.766200542449951,8302700
2016-04-25,5.878922939300537,7966100
2016-04-26,5.89626407623291,3687700
2016-04-27,5.913605690002441,3318500
2016-04-28,5.89626407623291,5426900
2016-04-29,5.870251655578613,3592800
2016-05-02,5.913605690002441,3472300
2016-05-03,5.705502986907959,3324000
2016-05-04,5.705502986907959,2180800
2016-05-05,5.6708197593688965,3074800
2016-05-06,5.774871826171875,3085200
2016-05-09,5.653477668762207,4577900
2016-05-10,5.8008832931518555,2097800
2016-05-11,5.636136054992676,1575600
2016-05-12,5.540755748748779,2982500
2016-05-13,5.488729000091553,1741500
2016-05-16,5.454045295715332,3359200
2016-05-17,5.402019023895264,7204800
2016-05-18,5.436701774597168,7022700
2016-05-19,5.323980331420898,3203400
2016-05-20,5.410689830780029,4263500
2016-05-23,5.367335796356201,2259000
2016-05-24,5.523412704467773,2065300
2016-05-25,5.6708197593688965,3175600
2016-05-26,5.809556007385254,6614200
2016-05-27,5.844237327575684,3094800
2016-05-31,5.9569621086120605,5023400
2016-06-01,5.9569621086120605,2644000
2016-06-02,6.061014652252197,6339600
2016-06-03,6.113039016723633,6005700
2016-06-06,6.217091083526611,2973400
2016-06-07,6.199748516082764,2826600
2016-06-08,6.234433650970459,3085100
2016-06-09,6.1563944816589355,2894900
2016-06-10,5.939619541168213,2847300
2016-06-13,5.826895713806152,2717600
2016-06-14,5.428033828735352,5254500
2016-06-15,5.471386909484863,3300500
2016-06-16,5.4193620681762695,2783500
2016-06-17,5.402019023895264,3934500
2016-06-20,5.445375442504883,2121600
2016-06-21,5.297967910766602,3307800
2016-06-22,5.280625343322754,2042800
2016-06-23,5.523412704467773,3540800
2016-06-24,5.15056037902832,12384600
2016-06-27,4.838406085968018,3275300
2016-06-28,4.916443824768066,3759400
2016-06-29,5.254612445831299,6566900
2016-06-30,5.3586649894714355,4640800
2016-07-01,5.4193620681762695,2676300
2016-07-05,5.297967910766602,3319500
2016-07-06,5.410689830780029,2930100
2016-07-07,5.523412704467773,2825800
2016-07-08,5.766200542449951,3051600
2016-07-11,5.861581325531006,1743900
2016-07-12,6.008987903594971,2422800
2016-07-13,6.035000801086426,2411000
2016-07-14,6.165065765380859,2914900
2016-07-15,6.1563944816589355,4477300
2016-07-18,6.217091083526611,2373000
2016-07-19,6.1563944816589355,2302000
2016-07-20,6.303800106048584,2065200
2016-07-21,6.06968355178833,3767500
2016-07-22,6.199748516082764,2925200
2016-07-25,6.121710300445557,3462700
2016-07-26,6.113039016723633,2559700
2016-07-27,6.165065765380859,2832700
2016-07-28,6.182407379150391,3475800
2016-07-29,6.234433650970459,2800100
2016-08-01,6.191077709197998,3228400
2016-08-02,6.1563944816589355,3062200
2016-08-03,6.191077709197998,3408900
2016-08-04,6.208420276641846,3360100
2016-08-05,6.2777886390686035,1982200
2016-08-08,6.199748516082764,1264900
2016-08-09,6.14772367477417,2512700
2016-08-10,6.225761890411377,3311500
2016-08-11,6.260445594787598,1625600
2016-08-12,6.295130729675293,1581000
2016-08-15,6.381839752197266,1455800
2016-08-16,6.364497184753418,1406300
2016-08-17,6.347155570983887,1508500
2016-08-18,6.381839752197266,1848100
2016-08-19,6.364497184753418,1459500
2016-08-22,6.303800106048584,1633500
2016-08-23,6.295130729675293,1508800
2016-08-24,6.234433650970459,1316200
2016-08-25,6.234433650970459,2428500
2016-08-26,6.295130729675293,1982000
2016-08-29,6.364497184753418,2089400
2016-08-30,6.442535877227783,2359000
2016-08-31,6.433863639831543,2182600
2016-09-01,6.381839752197266,1647100
2016-09-02,6.407851696014404,1429600
2016-09-06,6.312471866607666,1587000
2016-09-07,6.503232479095459,2128100
2016-09-08,6.520576000213623,1525800
2016-09-09,6.42519474029541,2484600
2016-09-12,6.572601795196533,1902100
2016-09-13,6.399181842803955,1776600
2016-09-14,6.2691168785095215,2734000
2016-09-15,6.494563579559326,2288200
2016-09-16,6.407851696014404,4686200
2016-09-19,6.3298139572143555,2290100
2016-09-20,6.3298139572143555,1258500
2016-09-21,6.355827331542969,1669300
2016-09-22,6.459877014160156,2102000
2016-09-23,6.442535877227783,1371300
2016-09-26,6.312471866607666,1271000
2016-09-27,6.451207160949707,1559700
2016-09-28,6.494563579559326,850000
2016-09-29,6.364497184753418,1596700
2016-09-30,6.477220058441162,2499400
2016-10-03,6.407851696014404,1480600
2016-10-04,6.451207160949707,3440000
2016-10-05,6.485891342163086,4960300
2016-10-06,6.3905110359191895,1542300
2016-10-07,6.381839752197266,1814000
2016-10-10,6.381839752197266,1394900
2016-10-11,6.260445594787598,5062700
2016-10-12,6.24310302734375,2004600
2016-10-13,6.139052391052246,2399400
2016-10-14,6.24310302734375,2542700
2016-10-17,6.225761890411377,2972100
2016-10-18,6.2864580154418945,2669000
2016-10-19,6.2691168785095215,3742200
2016-10-20,6.173736095428467,4038500
2016-10-21,6.191077709197998,2995300
2016-10-24,6.234433650970459,2456500
2016-10-25,6.165065765380859,1405100
2016-10-26,6.24310302734375,2152000
2016-10-27,6.191077709197998,4002400
2016-10-28,6.173736095428467,4333300
2016-10-31,6.113039016723633,4432000
2016-11-01,6.139052391052246,10531000
2016-11-02,6.095697402954102,5739700
2016-11-03,6.078356742858887,3015300
2016-11-04,6.052341461181641,5143600
2016-11-07,6.165065765380859,2822200
2016-11-08,6.1563944816589355,2365800
2016-11-09,7.274949073791504,22096400
2016-11-10,7.699828624725342,11029700
2016-11-11,7.795206546783447,6388200
2016-11-14,8.064008712768555,6107400
2016-11-15,8.18540096282959,3393600
2016-11-16,8.220086097717285,2458600
2016-11-17,8.506229400634766,4670700
2016-11-18,8.220086097717285,6604600
2016-11-21,8.246100425720215,3911400
2016-11-22,8.39350700378418,4774600
2016-11-23,8.497557640075684,1542000
2016-11-25,8.454203605651855,743300
2016-11-28,8.384836196899414,2096500
2016-11-29,8.454203605651855,3316900
2016-11-30,8.731675148010254,4736200
2016-12-01,8.965792655944824,5427900
2016-12-02,9.009146690368652,4274600
2016-12-05,9.1478853225708,10202200
2016-12-06,9.347311019897461,4986800
2016-12-07,9.85890007019043,5753000
2016-12-08,9.988964080810547,6342300
2016-12-09,9.746175765991211,4465300
2016-12-12,9.390669822692871,4826500
2016-12-13,9.32130241394043,4218800
2016-12-14,9.277947425842285,3376200
2016-12-15,9.451367378234863,3624800
2016-12-16,9.416679382324219,9931100
2016-12-19,9.355984687805176,3232000
2016-12-20,9.694150924682617,4415400
2016-12-21,9.59010124206543,2666200
2016-12-22,9.494719505310059,1510700
2016-12-23,9.555419921875,1318200
2016-12-27,9.633453369140625,1566500
2016-12-28,9.494719505310059,1839300
2016-12-29,9.520732879638672,1987800
2016-12-30,9.555419921875,2914400
2017-01-03,9.841558456420898,5406600
2017-01-04,9.971627235412598,5352500
2017-01-05,9.850231170654297,3960900
2017-01-06,9.780863761901855,4139400
2017-01-09,9.763520240783691,2092700
2017-01-10,9.841558456420898,3470800
2017-01-11,9.841558456420898,3297400
2017-01-12,9.694150924682617,3062700
2017-01-13,9.850231170654297,4075500
2017-01-17,9.503392219543457,3319400
2017-01-18,9.57275676727295,5116200
2017-01-19,9.841558456420898,5492200
2017-01-20,9.945611953735352,3531100
2017-01-23,9.850231170654297,3248100
2017-01-24,10.162386894226074,4443500
2017-01-25,10.249095916748047,3819500
2017-01-26,10.257767677307129,2452200
2017-01-27,10.223081588745117,2744900
2017-01-30,10.171055793762207,4416200
2017-01-31,10.30112075805664,5217500
2017-02-01,10.266437530517578,2575900
2017-02-02,10.28377914428711,3642300
2017-02-03,10.439857482910156,3162700
2017-02-06,10.413844108581543,1910000
2017-02-07,10.344478607177734,1866300
2017-02-08,10.43118667602539,5596400
2017-02-09,10.752015113830566,4404300
2017-02-10,10.778027534484863,3774600
2017-02-13,10.78669548034668,1612000
2017-02-14,10.795366287231445,2030000
2017-02-15,10.812707901000977,2293700
2017-02-16,10.708656311035156,2050200
2017-02-17,10.604606628417969,2695200
2017-02-21,10.526564598083496,3037900
2017-02-22,10.457199096679688,3268000
2017-02-23,10.33580493927002,2800100
2017-02-24,10.370491027832031,2947300
2017-02-27,10.587265968322754,2736400
2017-02-28,10.396502494812012,3432900
2017-03-01,10.526564598083496,5463100
2017-03-02,10.327134132385254,2883300
2017-03-03,10.370491027832031,2096200
2017-03-06,10.19707202911377,2804500
2017-03-07,10.127701759338379,1970600
2017-03-08,10.040990829467773,2542500
2017-03-09,10.014976501464844,1455300
2017-03-10,10.266437530517578,3427000
2017-03-13,10.33580493927002,3528500
2017-03-14,10.46586799621582,2895600
2017-03-15,10.595935821533203,3211000
2017-03-16,10.708656311035156,2861300
2017-03-17,10.647960662841797,4843000
2017-03-20,10.604606628417969,2781500
2017-03-21,10.058337211608887,5685200
2017-03-22,9.997637748718262,3933600
2017-03-23,10.179728507995605,3956000
2017-03-24,10.136371612548828,2245700
2017-03-27,10.27510929107666,3009100
2017-03-28,10.587265968322754,4338800
2017-03-29,10.535236358642578,4342800
2017-03-30,10.673973083496094,5189900
2017-03-31,10.491884231567383,3610800
2017-04-03,10.387828826904297,2773200
2017-04-04,10.318464279174805,1929700
2017-04-05,10.032319068908691,2562000
2017-04-06,10.318464279174805,2395000
2017-04-07,10.43118667602539,2897000
2017-04-10,10.361818313598633,2251700
2017-04-11,10.4832124710083,2713100
2017-04-12,10.266437530517578,1965400
2017-04-13,10.023651123046875,2479800
2017-04-17,10.171055793762207,3452700
2017-04-18,9.962953567504883,4899000
2017-04-19,9.997637748718262,3495700
2017-04-20,11.012140274047852,10797600
2017-04-21,11.098852157592773,4583200
2017-04-24,11.055495262145996,3625300
2017-04-25,11.020812034606934,2452800
2017-04-26,11.064167022705078,2571500
2017-04-27,10.96011734008789,3186700
2017-04-28,10.873403549194336,3064500
2017-05-01,11.055495262145996,4155600
2017-05-02,11.142207145690918,4270800
2017-05-03,11.116192817687988,3171000
2017-05-04,10.86473560333252,4159300
2017-05-05,10.344478607177734,9187000
2017-05-08,10.145044326782227,9941300
2017-05-09,10.266437530517578,5795600
2017-05-10,10.075675964355469,3566000
2017-05-11,9.841558456420898,3335700
2017-05-12,9.702826499938965,2974500
2017-05-15,9.754851341247559,3468800
2017-05-16,9.581430435180664,2851800
2017-05-17,9.121868133544922,4819700
2017-05-18,9.19123649597168,3993700
2017-05-19,9.477380752563477,6071200
2017-05-22,9.451367378234863,3484700
2017-05-23,9.37332820892334,2204000
2017-05-24,9.260603904724121,1840600
2017-05-25,9.121868133544922,3094100
2017-05-26,9.286617279052734,3018200
2017-05-30,9.08718490600586,2576400
2017-05-31,9.009146690368652,3933200
2017-06-01,8.94844913482666,5952800
2017-06-02,8.766356468200684,8089700
2017-06-05,8.749016761779785,7044600
2017-06-06,8.983135223388672,6533200
2017-06-07,8.957118034362793,3492800
2017-06-08,9.312631607055664,7659800
2017-06-09,9.381996154785156,4190300
2017-06-12,9.251933097839355,3633100
2017-06-13,9.329971313476562,2320800
2017-06-14,9.2952880859375,2617400
2017-06-15,9.19123649597168,1598500
2017-06-16,9.095855712890625,2817700
2017-06-19,9.355984687805176,1735400
2017-06-20,9.286617279052734,1235400
2017-06-21,9.390669822692871,2819000
2017-06-22,9.408010482788086,2859900
2017-06-23,9.416679382324219,2704700
2017-06-26,9.720166206359863,2184700
2017-06-27,9.893585205078125,3576400
2017-06-28,9.928269386291504,3277600
2017-06-29,9.928269386291504,2512400
2017-06-30,9.971627235412598,2082700
2017-07-03,10.058337211608887,1323700
2017-07-05,9.962953567504883,2193300
2017-07-06,9.746175765991211,1998200
2017-07-07,9.850231170654297,1521900
2017-07-10,9.772192001342773,1891700
2017-07-11,9.876245498657227,1467200
2017-07-12,9.988964080810547,2032300
2017-07-13,10.032319068908691,1368800
2017-07-14,10.101689338684082,2950500
2017-07-17,9.997637748718262,1391800
2017-07-18,9.945611953735352,1939200
2017-07-19,10.240427017211914,3932000
2017-07-20,9.520732879638672,6968100
2017-07-21,9.408010482788086,3715600
2017-07-24,9.607442855834961,4308000
2017-07-25,9.806877136230469,3411900
2017-07-26,9.642127990722656,2235300
2017-07-27,9.581430435180664,2720500
2017-07-28,9.61611557006836,3470400
2017-07-31,9.607442855834961,1765900
2017-08-01,9.624785423278809,1652500
2017-08-02,9.555419921875,2211300
2017-08-03,9.434025764465332,3085400
2017-08-04,9.494719505310059,5095000
2017-08-07,9.477380752563477,2123600
2017-08-08,9.529404640197754,2878700
2017-08-09,9.32130241394043,1321800
2017-08-10,8.965792655944824,2495800
2017-08-11,8.957118034362793,1513700
2017-08-14,9.104531288146973,1335400
2017-08-15,9.03515911102295,1117200
2017-08-16,9.017817497253418,1551300
2017-08-17,8.853067398071289,5443200
2017-08-18,8.957118034362793,2144100
2017-08-21,8.809713363647461,2704100
2017-08-22,8.922432899475098,1656000
2017-08-23,8.939780235290527,1196800
2017-08-24,8.939780235290527,798700
2017-08-25,8.931111335754395,999700
2017-08-28,8.809713363647461,1116500
2017-08-29,8.783700942993164,1930200
2017-08-30,8.749016761779785,1570500
2017-08-31,8.818384170532227,1968100
2017-09-01,9.130537986755371,1760500
2017-09-05,8.965792655944824,2500600
2017-09-06,8.965792655944824,1408200
2017-09-07,8.861738204956055,1507700
2017-09-08,8.835725784301758,1448400
2017-09-11,9.03515911102295,2499400
2017-09-12,9.408010482788086,3606400
2017-09-13,9.390669822692871,3361000
2017-09-14,9.208576202392578,1986700
2017-09-15,9.286617279052734,3743900
2017-09-18,9.381996154785156,1523400
2017-09-19,9.416679382324219,1928700
2017-09-20,9.39933967590332,1386300
2017-09-21,9.381996154785156,701300
2017-09-22,9.451367378234863,1748600
2017-09-25,9.555419921875,2881400
2017-09-26,9.61611557006836,2075600
2017-09-27,9.945611953735352,3181900
2017-09-28,9.893585205078125,1649700
2017-09-29,9.945611953735352,2353900
2017-10-02,9.902253150939941,1455800
2017-10-03,9.988964080810547,1282400
2017-10-04,9.997637748718262,1601700
2017-10-05,9.642127990722656,4189600
2017-10-06,9.633453369140625,2549100
2017-10-09,9.53807544708252,2447500
2017-10-10,9.659470558166504,1532000
2017-10-11,9.581430435180664,1858200
2017-10-12,9.390669822692871,2869100
2017-10-13,9.529404640197754,3195800
2017-10-16,9.780863761901855,2178800
2017-10-17,9.763520240783691,2072800
2017-10-18,9.945611953735352,2581200
2017-10-19,9.269277572631836,8900000
2017-10-20,9.494719505310059,7593000
2017-10-23,9.199904441833496,3105700
2017-10-24,9.243263244628906,5741700
2017-10-25,9.069842338562012,2674400
2017-10-26,9.347311019897461,2723200
2017-10-27,9.364655494689941,2641900
2017-10-30,9.208576202392578,1463300
2017-10-31,9.18256664276123,1699800
2017-11-01,9.08718490600586,3183900
2017-11-02,9.104531288146973,3390100
2017-11-03,9.03515911102295,1840300
2017-11-06,9.009146690368652,2222600
2017-11-07,8.844398498535156,2064000
2017-11-08,8.696990966796875,2800100
2017-11-09,8.740345001220703,3376000
2017-11-10,8.79237174987793,1503900
2017-11-13,8.532243728637695,3324500
2017-11-14,8.601607322692871,3437600
2017-11-15,8.835725784301758,3937000
2017-11-16,8.983135223388672,3651700
2017-11-17,8.957118034362793,1723700
2017-11-20,9.21725082397461,2285700
2017-11-21,9.19123649597168,3043200
2017-11-22,9.208576202392578,2092600
2017-11-24,9.19123649597168,861300
2017-11-27,9.095855712890625,2254600
2017-11-28,9.442695617675781,3945100
2017-11-29,10.049665451049805,6062400
2017-11-30,10.032319068908691,4539600
2017-12-01,9.876245498657227,7196800
2017-12-04,10.231756210327148,6637700
2017-12-05,10.032319068908691,2434600
2017-12-06,9.962953567504883,2129900
2017-12-07,10.049665451049805,2018100
2017-12-08,10.171055793762207,2439700
2017-12-11,9.841558456420898,3583700
2017-12-12,10.06700611114502,4691900
2017-12-13,9.676812171936035,3134300
2017-12-14,9.529404640197754,4837200
2017-12-15,9.685482025146484,7682100
2017-12-18,9.850231170654297,3209300
2017-12-19,9.564090728759766,2880300
2017-12-20,9.694150924682617,2442900
2017-12-21,9.850231170654297,1954900
2017-12-22,10.075675964355469,2843800
2017-12-26,10.049665451049805,2035900
2017-12-27,9.841558456420898,1663000
2017-12-28,9.910927772521973,1487800
2017-12-29,9.79820442199707,1540900
2018-01-02,9.832887649536133,2629600
2018-01-03,9.79820442199707,2972800
2018-01-04,9.919600486755371,2322300
2018-01-05,10.084349632263184,3959800
2018-01-08,10.136371612548828,2943600
2018-01-09,10.145044326782227,4240600
2018-01-10,10.344478607177734,5467400
2018-01-11,10.353147506713867,5900200
2018-01-12,10.153714179992676,3929900
2018-01-16,9.945611953735352,2334000
2018-01-17,9.962953567504883,5345900
2018-01-18,9.737508773803711,8737600
2018-01-19,9.676812171936035,8566100
2018-01-22,9.555419921875,4603600
2018-01-23,9.694150924682617,7125400
2018-01-24,9.88491439819336,7196000
2018-01-25,10.006307601928711,5442400
2018-01-26,10.075675964355469,3814100
2018-01-29,10.153714179992676,4709100
2018-01-30,9.962953567504883,5218200
2018-01-31,9.919600486755371,5217900
2018-02-01,10.223081588745117,5872700
2018-02-02,9.9542818069458,5551000
2018-02-05,9.486048698425293,5634200
2018-02-06,9.581430435180664,11911900
2018-02-07,9.694150924682617,4202600
2018-02-08,9.277947425842285,7168500
2018-02-09,9.251933097839355,4737400
2018-02-12,9.494719505310059,4466600
2018-02-13,9.460037231445312,4874700
2018-02-14,9.57275676727295,6867400
2018-02-15,9.642127990722656,4339600
2018-02-16,9.780863761901855,2672300
2018-02-20,9.633453369140625,2056300
2018-02-21,9.529404640197754,2454900
2018-02-22,9.486048698425293,2423200
2018-02-23,9.512063980102539,2723000
2018-02-26,9.676812171936035,2522800
2018-02-27,9.520732879638672,2214200
2018-02-28,9.460037231445312,4341300
2018-03-01,9.520732879638672,3106000
2018-03-02,9.607442855834961,3040800
2018-03-05,9.728836059570312,3365100
2018-03-06,9.624785423278809,2177200
2018-03-07,9.581430435180664,2633200
2018-03-08,9.460037231445312,3149700
2018-03-09,9.772192001342773,4547200
2018-03-12,9.832887649536133,4062600
2018-03-13,9.867573738098145,4406600
2018-03-14,9.61611557006836,2325100
2018-03-15,9.694150924682617,2398200
2018-03-16,9.893585205078125,4414400
2018-03-19,9.867573738098145,2305200
2018-03-20,9.694150924682617,3146900
2018-03-21,9.832887649536133,1415400
2018-03-22,9.546746253967285,3128800
2018-03-23,9.173893928527832,2466800
2018-03-26,9.460037231445312,1987300
2018-03-27,9.364655494689941,3320100
2018-03-28,9.53807544708252,5683300
2018-03-29,9.720166206359863,1798500
2018-04-02,9.503392219543457,2880300
2018-04-03,9.720166206359863,4449000
2018-04-04,9.850231170654297,3304700
2018-04-05,9.988964080810547,3488800
2018-04-06,9.85890007019043,3603100
2018-04-09,9.971627235412598,6958800
2018-04-10,9.928269386291504,4079300
2018-04-11,9.815546989440918,4819200
2018-04-12,9.88491439819336,2788000
2018-04-13,9.850231170654297,4193300
2018-04-16,10.049665451049805,4822200
2018-04-17,10.040990829467773,3570200
2018-04-18,9.962953567504883,3036600
2018-04-19,10.049665451049805,3353500
2018-04-20,10.119030952453613,3875000
2018-04-23,10.127701759338379,3734000
2018-04-24,10.353147506713867,7382000
2018-04-25,10.309791564941406,4267100
2018-04-26,10.231756210327148,2706500
2018-04-27,10.179728507995605,2747000
2018-04-30,9.9542818069458,4359000
2018-05-01,9.980294227600098,2940000
2018-05-02,9.919600486755371,2844200
2018-05-03,9.79820442199707,3119400
2018-05-04,9.893585205078125,1925500
2018-05-07,9.893585205078125,3999300
2018-05-08,9.988964080810547,2910400
2018-05-09,9.997637748718262,2934400
2018-05-10,10.006307601928711,2153600
2018-05-11,10.006307601928711,1623700
2018-05-14,9.997637748718262,4070100
2018-05-15,10.006307601928711,7208100
2018-05-16,10.014976501464844,4638400
2018-05-17,10.119030952453613,3121200
2018-05-18,9.962953567504883,2530200
2018-05-21,10.093018531799316,3024200
2018-05-22,10.249095916748047,1562600
2018-05-23,10.119030952453613,1564700
2018-05-24,10.06700611114502,1394200
2018-05-25,9.971627235412598,1359200
2018-05-29,9.763520240783691,4716500
2018-05-30,9.945611953735352,2516900
2018-05-31,9.910927772521973,2698000
2018-06-01,9.988964080810547,2026100
2018-06-04,10.136371612548828,1545000
2018-06-05,10.153714179992676,2075400
2018-06-06,10.353147506713867,2180100
2018-06-07,10.344478607177734,1916700
2018-06-08,10.46586799621582,1700900
2018-06-11,10.387828826904297,2642300
2018-06-12,10.162386894226074,2559700
2018-06-13,10.11036205291748,2102700
2018-06-14,10.06700611114502,1574300
2018-06-15,9.945611953735352,6783400
2018-06-18,10.058337211608887,1945700
2018-06-19,10.162386894226074,4117700
2018-06-20,10.266437530517578,1972300
2018-06-21,10.171055793762207,1602900
2018-06-22,10.20573902130127,2965400
2018-06-25,10.101689338684082,2214300
2018-06-26,10.049665451049805,3059800
2018-06-27,9.867573738098145,3210500
2018-06-28,9.893585205078125,3831100
2018-06-29,9.928269386291504,3650800
2018-07-02,10.06700611114502,2486800
2018-07-03,10.006307601928711,877000
2018-07-05,10.032319068908691,1850100
2018-07-06,10.075675964355469,1097400
2018-07-09,10.361818313598633,2210500
2018-07-10,10.526564598083496,2348400
2018-07-11,10.33580493927002,1755600
2018-07-12,10.188396453857422,1728900
2018-07-13,9.980294227600098,2891000
2018-07-16,10.049665451049805,1423900
2018-07-17,10.119030952453613,1322500
2018-07-18,10.30112075805664,1241200
2018-07-19,10.240427017211914,2067500
2018-07-20,10.162386894226074,1324100
2018-07-23,10.257767677307129,1444500
2018-07-24,10.19707202911377,1824200
2018-07-25,9.746175765991211,6307400
2018-07-26,9.893585205078125,4423000
2018-07-27,9.997637748718262,2795600
2018-07-30,9.79820442199707,2924500
2018-07-31,9.789532661437988,2715800
2018-08-01,9.746175765991211,1710100
2018-08-02,9.711496353149414,1913900
2018-08-03,9.746175765991211,1534100
2018-08-06,9.702826499938965,1856200
2018-08-07,9.737508773803711,1302900
2018-08-08,9.746175765991211,1126300
2018-08-09,9.9542818069458,2358400
2018-08-10,9.850231170654297,1818800
2018-08-13,9.659470558166504,1560600
2018-08-14,9.702826499938965,1335700
2018-08-15,9.720166206359863,1915100
2018-08-16,9.928269386291504,1547800
2018-08-17,10.101689338684082,1487000
2018-08-20,10.127701759338379,1913100
2018-08-21,10.136371612548828,3508000
2018-08-22,10.127701759338379,1423100
2018-08-23,9.997637748718262,1539100
2018-08-24,9.962953567504883,978400
2018-08-27,10.040990829467773,1354100
2018-08-28,10.06700611114502,1504600
2018-08-29,10.058337211608887,1478000
2018-08-30,10.11036205291748,2161600
2018-08-31,10.162386894226074,2450900
2018-09-04,10.179728507995605,2200200
2018-09-05,10.266437530517578,2156200
2018-09-06,10.19707202911377,2902200
2018-09-07,10.153714179992676,1996900
2018-09-10,10.19707202911377,1699400
2018-09-11,10.223081588745117,790500
2018-09-12,10.101689338684082,2538700
2018-09-13,9.962953567504883,3078900
2018-09-14,10.101689338684082,3927000
2018-09-17,10.093018531799316,2144600
2018-09-18,10.049665451049805,2079000
2018-09-19,10.231756210327148,2914800
2018-09-20,10.40517520904541,2253000
2018-09-21,10.318464279174805,5860600
2018-09-24,10.240427017211914,2382700
2018-09-25,10.101689338684082,2891400
2018-09-26,9.971627235412598,2342400
2018-09-27,9.876245498657227,2558100
2018-09-28,9.668142318725586,2248500
2018-10-01,9.624785423278809,2007400
2018-10-02,9.61611557006836,1250700
2018-10-03,9.720166206359863,1639700
2018-10-04,9.564090728759766,3466300
2018-10-05,9.42535400390625,2818900
2018-10-08,9.408010482788086,2569100
2018-10-09,9.312631607055664,3134800
2018-10-10,9.234590530395508,5352800
2018-10-11,9.07851505279541,3562200
2018-10-12,8.913763999938965,3215400
2018-10-15,8.965792655944824,2086300
2018-10-16,9.19123649597168,3950800
2018-10-17,9.199904441833496,3393900
2018-10-18,9.052499771118164,2358100
2018-10-19,9.173893928527832,1700400
2018-10-22,9.165224075317383,5059600
2018-10-23,8.939780235290527,4918400
2018-10-24,8.497557640075684,4363200
2018-10-25,8.714330673217773,3528300
2018-10-26,8.618951797485352,3067700
2018-10-29,8.627622604370117,3276600
2018-10-30,8.766356468200684,2230100
2018-10-31,8.79237174987793,2592400
2018-11-01,8.974462509155273,2397100
2018-11-02,8.79237174987793,2531100
2018-11-05,8.818384170532227,2280100
2018-11-06,8.809713363647461,1749900
2018-11-07,9.000473022460938,2105100
2018-11-08,9.18256664276123,3143700
2018-11-09,9.095855712890625,2940000
2018-11-12,9.061169624328613,4998400
2018-11-13,9.165224075317383,5115400
2018-11-14,9.173893928527832,3801600
2018-11-15,9.269277572631836,3022200
2018-11-16,9.000473022460938,3631100
2018-11-19,8.922432899475098,1883000
2018-11-20,8.575594902038574,7632100
2018-11-21,8.766356468200684,4861400
2018-11-23,8.740345001220703,1019200
2018-11-26,8.9050931930542,2001600
2018-11-27,8.79237174987793,1946000
2018-11-28,8.9050931930542,2216000
2018-11-29,8.9050931930542,1426400
2018-11-30,8.9050931930542,3070900
2018-12-03,9.03515911102295,2322100
2018-12-04,8.592940330505371,2525800
2018-12-06,8.584268569946289,4399800
2018-12-07,8.384836196899414,2485600
2018-12-10,8.18540096282959,2717300
2018-12-11,8.046669006347656,2736000
2018-12-12,8.116036415100098,4319500
2018-12-13,7.838562965393066,3688700
2018-12-14,7.621787071228027,2846500
2018-12-17,7.370330333709717,4684600
2018-12-18,7.300963878631592,3142600
2018-12-19,7.049503803253174,5383000
2018-12-20,7.066845417022705,4812100
2018-12-21,7.066845417022705,7333900
2018-12-24,7.040834903717041,2638200
2018-12-26,7.309634685516357,2951900
2018-12-27,7.248937129974365,3834500
2018-12-28,7.240267753601074,2323400
2018-12-31,7.205582141876221,2672600
2019-01-02,7.396345138549805,3151200
2019-01-03,7.465712547302246,2412200
2019-01-04,7.743185520172119,2590000
2019-01-07,7.751855850219727,3542600
2019-01-08,7.717171669006348,5406900
2019-01-09,7.942614555358887,2534100
2019-01-10,7.925272464752197,1653500
2019-01-11,7.829892635345459,4378800
2019-01-14,7.821221351623535,3065300
2019-01-15,7.795206546783447,2056100
2019-01-16,8.029326438903809,2981300
2019-01-17,8.081348419189453,2981700
2019-01-18,8.142047882080078,2383300
2019-01-22,8.13337516784668,3486200
2019-01-23,8.228755950927734,4569000
2019-01-24,9.303956985473633,22033400
2019-01-25,9.555419921875,8667000
2019-01-28,9.416679382324219,5002300
2019-01-29,9.329971313476562,2746100
2019-01-30,9.416679382324219,4052600
2019-01-31,9.286617279052734,2237400
2019-02-01,9.277947425842285,3366500
2019-02-04,9.21725082397461,4711800
2019-02-05,9.303956985473633,3093600
2019-02-06,9.486048698425293,3471100
2019-02-07,9.451367378234863,1996000
2019-02-08,9.286617279052734,3097300
2019-02-11,9.390669822692871,2134000
2019-02-12,9.607442855834961,3584300
2019-02-13,9.780863761901855,4481800
2019-02-14,9.79820442199707,4988200
2019-02-15,9.841558456420898,3196700
2019-02-19,9.902253150939941,2778300
2019-02-20,9.867573738098145,2885200
2019-02-21,9.850231170654297,2006200
2019-02-22,9.850231170654297,1937900
2019-02-25,9.910927772521973,2161100
2019-02-26,9.668142318725586,2448800
2019-02-27,9.61611557006836,2475200
2019-02-28,9.581430435180664,2818700
2019-03-01,9.711496353149414,3148800
2019-03-04,9.728885650634766,3523800
2019-03-05,9.511526107788086,2645000
2019-03-06,9.302865028381348,2390700
2019-03-07,9.189839363098145,3466100
2019-03-08,9.13767147064209,2408600
2019-03-11,9.233308792114258,2321300
2019-03-12,9.181145668029785,5109700
2019-03-13,9.215922355651855,5791200
2019-03-14,9.146367073059082,3091100
2019-03-15,9.155060768127441,6193300
2019-03-18,9.28547477722168,2631200
2019-03-19,9.111590385437012,3751200
2019-03-20,9.024646759033203,3880000
2019-03-21,9.076813697814941,3557000
2019-03-22,8.668183326721191,3417500
2019-03-25,8.598627090454102,2788000
2019-03-26,8.624709129333496,2835200
2019-03-27,8.633404731750488,1868300
2019-03-28,8.64210033416748,2406900
2019-03-29,8.616019248962402,3086500
2019-04-01,8.772514343261719,2374800
2019-04-02,8.711654663085938,2457700
2019-04-03,8.8333740234375,2721700
2019-04-04,9.024646759033203,3270700
2019-04-05,8.972481727600098,2326200
2019-04-08,8.963790893554688,1616000
2019-04-09,8.859456062316895,2457900
2019-04-10,8.920318603515625,3095900
2019-04-11,8.885539054870605,3427300
2019-04-12,8.955097198486328,3782700
2019-04-15,8.963790893554688,1424900
2019-04-16,8.885539054870605,3277600
2019-04-17,8.755125999450684,5581300
2019-04-18,8.60732364654541,7150900
2019-04-22,8.546465873718262,3257400
2019-04-23,8.633404731750488,5852400
2019-04-24,8.763819694519043,4401700
2019-04-25,8.659490585327148,2560100
2019-04-26,8.955097198486328,4238500
2019-04-29,8.87684440612793,2530100
2019-04-30,8.8333740234375,3229400
2019-05-01,8.772514343261719,2220300
2019-05-02,8.824678421020508,2611300
2019-05-03,8.87684440612793,5208000
2019-05-06,9.007262229919434,3583100
2019-05-07,8.911623001098633,2298900
2019-05-08,8.8333740234375,1802700
2019-05-09,8.894230842590332,1794000
2019-05-10,8.972481727600098,2605300
2019-05-13,8.68557071685791,2469000
2019-05-14,8.763819694519043,2444500
2019-05-15,8.711654663085938,1818400
2019-05-16,8.711654663085938,2471600
2019-05-17,8.755125999450684,1747400
2019-05-20,8.650794982910156,1803400
2019-05-21,8.702960014343262,2222700
2019-05-22,8.624709129333496,2824400
2019-05-23,8.424742698669434,2350100
2019-05-24,8.450825691223145,2049200
2019-05-28,8.502992630004883,2637100
2019-05-29,8.546465873718262,2517900
2019-05-30,8.520380020141602,2002300
2019-05-31,8.268247604370117,2852400
2019-06-03,8.303024291992188,2885300
2019-06-04,8.650794982910156,2133300
2019-06-05,8.676876068115234,3141500
2019-06-06,8.685599327087402,2180900
2019-06-07,8.572232246398926,1707800
2019-06-10,8.450143814086914,2088400
2019-06-11,8.528629302978516,2003800
2019-06-12,8.31933879852295,2631800
2019-06-13,8.371662139892578,2927900
2019-06-14,8.336780548095703,2477000
2019-06-17,8.127487182617188,1995900
2019-06-18,8.31061840057373,2211700
2019-06-19,8.24085521697998,1718700
2019-06-20,8.075166702270508,5269700
2019-06-21,8.014121055603027,5636700
2019-06-24,7.944358825683594,2478100
2019-06-25,7.970518589019775,3087800
2019-06-26,7.970518589019775,1971600
2019-06-27,8.24957275390625,2737300
2019-06-28,8.476305961608887,3898000
2019-07-01,8.423981666564941,1444200
2019-07-02,8.476305961608887,2358700
2019-07-03,8.502467155456543,1025400
2019-07-05,8.493748664855957,969200
2019-07-08,8.31061840057373,3063100
2019-07-09,8.24957275390625,3313800
2019-07-10,8.205972671508789,4838900
2019-07-11,8.179807662963867,3336400
2019-07-12,8.389101028442383,2781100
2019-07-15,8.328062057495117,3484200
2019-07-16,8.450143814086914,2363600
2019-07-17,8.258294105529785,4750400
2019-07-18,8.467585563659668,3856100
2019-07-19,8.380383491516113,1774700
2019-07-22,8.179807662963867,4023300
2019-07-23,8.345499038696289,3524700
2019-07-24,8.833847045898438,4487100
2019-07-25,7.9879608154296875,8609200
2019-07-26,8.092604637145996,5794900
2019-07-29,8.005398750305176,4324500
2019-07-30,8.014121055603027,2487200
2019-07-31,7.944358825683594,2629000
2019-08-01,7.822269439697266,3842400
2019-08-02,7.717623710632324,2999100
2019-08-05,7.342643737792969,3011900
2019-08-06,7.333924770355225,2590300
2019-08-07,7.299041748046875,3322800
2019-08-08,7.473451614379883,3355900
2019-08-09,7.386246681213379,2036500
2019-08-12,7.142073154449463,3311100
2019-08-13,7.168236255645752,4610400
2019-08-14,6.8891777992248535,3145700
2019-08-15,6.836856365203857,2740500
2019-08-16,7.072309970855713,3295100
2019-08-19,7.2205586433410645,2596900
2019-08-20,7.150794982910156,2838500
2019-08-21,7.229278564453125,3717200
2019-08-22,7.237998962402344,2884600
2019-08-23,7.142073154449463,2844000
2019-08-26,7.264159679412842,2464600
2019-08-27,7.098471164703369,2315600
2019-08-28,7.211838245391846,3275500
2019-08-29,7.386246681213379,1766200
2019-08-30,7.360084533691406,2632000
2019-09-03,7.360084533691406,3933500
2019-09-04,7.438569068908691,2488100
2019-09-05,7.639848709106445,3467400
2019-09-06,7.709859371185303,2688100
2019-09-09,7.9023871421813965,6192800
2019-09-10,8.138669967651367,4037800
2019-09-11,8.02490520477295,3494500
2019-09-12,8.103662490844727,2786900
2019-09-13,8.156172752380371,3257400
2019-09-16,8.31369400024414,4035300
2019-09-17,8.208678245544434,3751500
2019-09-18,8.287440299987793,3140600
2019-09-19,8.418710708618164,4180500
2019-09-20,8.436214447021484,7998200
2019-09-23,8.48871898651123,3414900
2019-09-24,8.147421836853027,5180300
2019-09-25,8.261185646057129,4023000
2019-09-26,7.972397804260254,3294800
2019-09-27,7.893634796142578,3123500
2019-09-30,7.718608856201172,3531900
2019-10-01,7.456072807312012,5205100
2019-10-02,7.254792213439941,4826400
2019-10-03,7.254792213439941,6958300
2019-10-04,7.281044960021973,3869000
2019-10-07,7.167280197143555,3200000
2019-10-08,7.097270965576172,3212100
2019-10-09,7.176031589508057,1533000
2019-10-10,7.2372918128967285,1879300
2019-10-11,7.473575115203857,3990700
2019-10-14,7.51732873916626,1901800
2019-10-15,7.683604717254639,3355300
2019-10-16,7.57858943939209,1611100
2019-10-17,7.648599624633789,2198900
2019-10-18,7.709859371185303,2602800
2019-10-21,7.876134395599365,1808700
2019-10-22,7.919888973236084,2243800
2019-10-23,7.919888973236084,4023500
2019-10-24,7.316051483154297,9474900
2019-10-25,7.57858943939209,2736200
2019-10-28,7.491076469421387,3681400
2019-10-29,7.613595485687256,2907600
2019-10-30,7.4210662841796875,1672900
2019-10-31,7.38606071472168,2998700
2019-11-01,7.51732873916626,1958400
2019-11-04,7.762366771697998,2335100
2019-11-05,7.762366771697998,3538900
2019-11-06,7.797372817993164,5908500
2019-11-07,7.928640842437744,2032800
2019-11-08,7.727359771728516,2287100
2019-11-11,7.648599624633789,1332200
2019-11-12,7.683604717254639,1576700
2019-11-13,7.596092700958252,5531400
2019-11-14,7.631095886230469,3601000
2019-11-15,7.596092700958252,3478700
2019-11-18,7.499827861785889,5668700
2019-11-19,7.639848709106445,3159900
2019-11-20,7.5260844230651855,7421800
2019-11-21,7.447319984436035,3935000
2019-11-22,7.648599624633789,3788400
2019-11-25,7.569838047027588,3220600
2019-11-26,7.38606071472168,2107500
2019-11-27,7.412315368652344,6130100
2019-11-29,7.464822292327881,2617800
2019-12-02,7.4210662841796875,3483100
2019-12-03,7.3423051834106445,4799500
2019-12-04,7.3423051834106445,6135600
2019-12-05,7.377435684204102,5427700
2019-12-06,7.526741027832031,8653700
2019-12-09,7.614567756652832,4087900
2019-12-10,7.535523891448975,1883700
2019-12-11,7.623352527618408,1951800
2019-12-12,7.913179874420166,3240500
2019-12-13,7.816567897796631,2926400
2019-12-16,7.869264602661133,4775600
2019-12-17,7.97465705871582,2250500
2019-12-18,8.018572807312012,2903100
2019-12-19,7.948309898376465,3000100
2019-12-20,7.965874671936035,7899600
2019-12-23,8.009787559509277,2317800
2019-12-24,7.97465705871582,1141800
2019-12-26,8.00100326538086,1330400
2019-12-27,7.8956146240234375,2263800
2019-12-30,7.842917442321777,1767900
2019-12-31,7.825351238250732,2774800
2020-01-02,7.851701259613037,1765600
2020-01-03,7.737525939941406,4168200
2020-01-06,7.7463059425354,5859500
2020-01-07,7.614567756652832,2415500
2020-01-08,7.588220596313477,2482200
2020-01-09,7.561871528625488,2788200
2020-01-10,7.368651866912842,4035700
2020-01-13,7.3862199783325195,1962900
2020-01-14,7.491611003875732,3408500
2020-01-15,7.561871528625488,3279500
2020-01-16,7.7463059425354,2888100
2020-01-17,7.781439304351807,2084000
2020-01-21,7.7463059425354,4276600
2020-01-22,7.992221832275391,8976100
2020-01-23,10.319623947143555,23890200
2020-01-24,10.08249568939209,8841900
2020-01-27,9.83658218383789,6404500
2020-01-28,9.775105476379395,4747800
2020-01-29,9.91562557220459,5281500
2020-01-30,9.66971206665039,4714200
2020-01-31,9.590666770935059,4450700
2020-02-03,9.406230926513672,3932500
2020-02-04,9.423798561096191,3497200
2020-02-05,9.819015502929688,3994600
2020-02-06,9.871710777282715,3539500
2020-02-07,9.91562557220459,3523900
2020-02-10,10.187891006469727,5099900
2020-02-11,10.45136833190918,5723400
2020-02-12,10.512847900390625,4775000
2020-02-13,10.468931198120117,6035300
2020-02-14,10.591888427734375,4457300
2020-02-18,10.55675983428955,2305300
2020-02-19,10.512847900390625,3232800
2020-02-20,10.785109519958496,3253800
2020-02-21,10.574324607849121,4183900
2020-02-24,10.293282508850098,5415100
2020-02-25,9.65214729309082,4113800
2020-02-26,9.362317085266113,3618400
2020-02-27,9.098840713500977,4775500
2020-02-28,9.107620239257812,6599300
2020-03-02,9.625798225402832,5134300
2020-03-03,9.046144485473633,5409500
2020-03-04,9.58188247680664,10289900
2020-03-05,9.150344848632812,3553600
2020-03-06,8.789263725280762,7930700
2020-03-09,8.243239402770996,4203600
2020-03-10,8.401762008666992,8893400
2020-03-11,7.882155418395996,6727400
2020-03-12,7.1247663497924805,6772100
2020-03-13,7.274481296539307,6074500
2020-03-16,5.979870319366455,6483500
2020-03-17,5.909415245056152,10346800
2020-03-18,6.041519641876221,6973200
2020-03-19,6.0855536460876465,4690200
2020-03-20,5.83896017074585,9791600
2020-03-23,5.6804375648498535,5811900
2020-03-24,6.120780944824219,7423600
2020-03-25,6.332147121429443,4772700
2020-03-26,6.82533073425293,5356000
2020-03-27,6.464250087738037,4070200
2020-03-30,6.420213222503662,3838100
2020-03-31,6.332147121429443,4390200
2020-04-01,5.953450679779053,3876300
2020-04-02,5.8741888999938965,2462800
2020-04-03,5.372196197509766,5797900
2020-04-06,5.900609016418457,3433800
2020-04-07,5.918223857879639,5181300
2020-04-08,6.191236972808838,3646400
2020-04-09,6.332147121429443,4355100
2020-04-13,6.120780944824219,3873100
2020-04-14,6.023904323577881,4159500
2020-04-15,5.786120414733887,4484200
2020-04-16,5.768505573272705,3997900
2020-04-17,6.076745986938477,4780200
2020-04-20,6.015097141265869,4224400
2020-04-21,5.953450679779053,3653200
2020-04-22,6.023904323577881,4217400
2020-04-23,6.323339462280273,4870300
2020-04-24,6.561124801635742,4001400
2020-04-27,6.569932460784912,4375800
2020-04-28,6.728455543518066,3607300
2020-04-29,7.51226806640625,6378100
2020-04-30,7.344937801361084,3699000
2020-05-01,7.1247663497924805,2955700
2020-05-04,7.1247663497924805,2616900
2020-05-05,7.0983452796936035,2537000
2020-05-06,6.931013107299805,4209500
2020-05-07,6.9133992195129395,3239300
2020-05-08,7.15999174118042,2255700
2020-05-11,7.027890205383301,4085900
2020-05-12,6.763683319091797,3338500
2020-05-13,6.420213222503662,5871900
2020-05-14,6.517091274261475,4368900
2020-05-15,6.543511390686035,4078200
2020-05-18,6.6932291984558105,3693900
2020-05-19,6.429021835327148,3765300
2020-05-20,6.393794059753418,6178600
2020-05-21,6.5082831382751465,3004300
2020-05-22,6.43782901763916,2352800
2020-05-26,6.719648838043213,7267200
2020-05-27,6.816523551940918,5175600
2020-05-28,6.763683319091797,5077700
2020-05-29,6.675614833831787,4504200
2020-06-01,6.763683319091797,2551000
2020-06-02,6.710843086242676,2435700
2020-06-03,6.904593467712402,3964200
2020-06-04,7.178656101226807,5829800
2020-06-05,7.4792399406433105,4477300
2020-06-08,7.682576656341553,9496600
2020-06-09,7.5234456062316895,8253000
2020-06-10,7.152133464813232,5336900
2020-06-11,6.8250274658203125,6145400
2020-06-12,6.984159469604492,5995000
2020-06-15,7.072566986083984,4954700
2020-06-16,7.1079301834106445,5377100
2020-06-17,6.94879674911499,4061100
2020-06-18,6.798504829406738,5330900
2020-06-19,6.771982192993164,16723500
2020-06-22,6.665894508361816,4883000
2020-06-23,6.533283233642578,6324200
2020-06-24,6.215019226074219,7244600
2020-06-25,6.1973371505737305,5949100
2020-06-26,5.896752834320068,11813800
2020-06-29,6.144292831420898,4984200
2020-06-30,6.215019226074219,5136800
2020-07-01,6.126611232757568,4456500
2020-07-02,6.179657459259033,3458000
2020-07-06,6.29458475112915,3620600
2020-07-07,6.135451793670654,4244200
2020-07-08,6.073566436767578,3923300
2020-07-09,5.826027870178223,6933700
2020-07-10,6.047044277191162,5368200
2020-07-13,6.091249465942383,4870500
2020-07-14,6.03820276260376,3524500
2020-07-15,6.091249465942383,5369200
2020-07-16,6.1973371505737305,3131400
2020-07-17,6.073566436767578,2956900
2020-07-20,6.03820276260376,7056800
2020-07-21,6.215019226074219,3426200
2020-07-22,6.285743713378906,4262100
2020-07-23,6.100088596343994,11017000
2020-07-24,6.170814514160156,4845000
2020-07-27,6.091249465942383,6422500
2020-07-28,5.99399995803833,6130100
2020-07-29,6.153133392333984,5271100
2020-07-30,6.047044277191162,1911400
2020-07-31,5.9851603507995605,4187900
2020-08-03,6.011682510375977,2842600
2020-08-04,6.02936315536499,3328800
2020-08-05,6.064727306365967,2647100
2020-08-06,6.073566436767578,5594600
2020-08-07,6.188497066497803,8550600
2020-08-10,6.356469631195068,4440600
2020-08-11,6.462558269500732,4710800
2020-08-12,6.480238914489746,3656100
2020-08-13,6.444875717163086,3949400
2020-08-14,6.524442195892334,1642000
2020-08-17,6.471397876739502,2941200
2020-08-18,6.347628593444824,4614600
2020-08-19,6.382990837097168,4744500
2020-08-20,6.338788032531738,4986400
2020-08-21,6.303425312042236,2407900
2020-08-24,6.568647384643555,2748000
2020-08-25,6.621690273284912,2476100
2020-08-26,6.577486991882324,3139100
2020-08-27,6.665894508361816,3476200
2020-08-28,6.878071308135986,5656900
2020-08-31,6.754301071166992,8839800
2020-09-01,6.789663791656494,4348700
2020-09-02,6.816186428070068,2528300
2020-09-03,6.727434158325195,4797800
2020-09-04,6.798436164855957,3383300
2020-09-08,6.612055778503418,5101500
2020-09-09,6.718558311462402,4826500
2020-09-10,6.6298065185546875,5826200
2020-09-11,6.612055778503418,4103300
2020-09-14,6.922689437866211,4904100
2020-09-15,6.940439224243164,6199300
2020-09-16,7.224448204040527,6813300
2020-09-17,7.295449733734131,4377200
2020-09-18,7.215571880340576,7262200
2020-09-21,7.10906982421875,6224500
2020-09-22,6.975940227508545,4670800
2020-09-23,6.904938697814941,4690400
2020-09-24,6.904938697814941,3394100
2020-09-25,6.967065811157227,2519000
2020-09-28,7.073568344116211,3279700
2020-09-29,7.06469202041626,2277000
2020-09-30,7.180071830749512,4670300
2020-10-01,7.224448204040527,2766800
2020-10-02,7.366452217102051,5334800
2020-10-05,7.517330169677734,3442700
2020-10-06,7.508456230163574,3865800
2020-10-07,7.5972089767456055,3412600
2020-10-08,7.765836715698242,3320400
2020-10-09,7.774713516235352,4329600
2020-10-12,7.872338771820068,3146200
2020-10-13,7.854593276977539,3026100
2020-10-14,8.138599395751953,7174200
2020-10-15,8.378228187561035,6131500
2020-10-16,8.351602554321289,2786300
2020-10-19,8.387104988098145,3038200
2020-10-20,8.378228187561035,2712600
2020-10-21,8.209598541259766,3411400
2020-10-22,8.307223320007324,3524700
2020-10-23,8.484731674194336,3392800
2020-10-26,8.395979881286621,3062700
2020-10-27,8.156349182128906,2904100
2020-10-28,8.227349281311035,7546900
2020-10-29,8.28947639465332,3974600
2020-10-30,8.156349182128906,3825200
2020-11-02,8.44923210144043,4629800
2020-11-03,8.520230293273926,3749200
2020-11-04,8.999495506286621,7387000
2020-11-05,9.114875793457031,4811300
2020-11-06,8.866369247436523,2762300
2020-11-09,9.274630546569824,5188700
2020-11-10,9.514260292053223,4120300
2020-11-11,9.469883918762207,3940900
2020-11-12,9.390007019042969,2376600
2020-11-13,9.603013038635254,3192600
2020-11-16,9.674013137817383,3467200
2020-11-17,9.798266410827637,5395700
2020-11-18,9.594139099121094,3804800
2020-11-19,9.682890892028809,4217300
2020-11-20,9.549761772155762,3637900
2020-11-23,9.620762825012207,2742200
2020-11-24,9.620762825012207,4270200
2020-11-25,9.904767990112305,4089900
2020-11-27,9.789392471313477,1355800
2020-11-30,9.416632652282715,4409700
2020-12-01,9.8870210647583,3557800
2020-12-02,10.108901977539062,4098700
2020-12-03,10.188990592956543,2864500
2020-12-04,10.233482360839844,2285300
2020-12-07,10.144495010375977,3290300
2020-12-08,10.046609878540039,3073900
2020-12-09,10.242382049560547,2838500
2020-12-10,10.464847564697266,2357100
2020-12-11,10.722909927368164,5370000
2020-12-14,10.65172290802002,3291200
2020-12-15,10.918681144714355,2002000
2020-12-16,10.856391906738281,2307400
2020-12-17,11.05216121673584,2442100
2020-12-18,11.034363746643066,6667600
2020-12-21,11.078858375549316,3399300
2020-12-22,10.998769760131836,3132000
2020-12-23,10.900884628295898,4411600
2020-12-24,10.918681144714355,1009300
2020-12-28,10.794098854064941,2975800
2020-12-29,10.598329544067383,3504000
2020-12-30,10.811898231506348,3094900
2020-12-31,11.02546501159668,3274600
2021-01-04,10.758504867553711,4464600
2021-01-05,11.04326343536377,4632900
2021-01-06,11.399209022521973,6374600
2021-01-07,11.603879928588867,7947700
2021-01-08,11.594980239868164,3735700
2021-01-11,11.91533088684082,3793800
2021-01-12,12.137800216674805,3832400
2021-01-13,12.01321792602539,5445600
2021-01-14,12.271280288696289,5360200
2021-01-15,12.262382507324219,4126600
2021-01-19,12.369166374206543,6334800
2021-01-20,12.45815372467041,6525600
2021-01-21,12.022117614746094,3534900
2021-01-22,11.772953987121582,5130300
2021-01-25,11.666170120239258,5157800
2021-01-26,11.621676445007324,4235300
2021-01-27,10.874189376831055,6389500
2021-01-28,12.395862579345703,14838400
2021-01-29,12.351369857788086,8354800
2021-02-01,12.262382507324219,4845800
2021-02-02,13.285731315612793,10006100
2021-02-03,13.419209480285645,8193900
2021-02-04,13.561589241027832,4235400
2021-02-05,13.650577545166016,3459100
2021-02-08,13.392515182495117,12224200
2021-02-09,13.330221176147461,6490300
2021-02-10,13.428109169006348,8870200
2021-02-11,13.339125633239746,5963200
2021-02-12,13.19674301147461,5297600
2021-02-16,13.463704109191895,6112000
2021-02-17,13.374714851379395,4382500
2021-02-18,13.339125633239746,3813000
2021-02-19,13.40141487121582,7383000
2021-02-22,13.437006950378418,6491400
2021-02-23,13.641678810119629,5217200
2021-02-24,13.534894943237305,4135400
2021-02-25,13.348021507263184,6081400
2021-02-26,14.051017761230469,9221200
2021-03-01,14.175597190856934,8335800
2021-03-02,14.148900985717773,11779400
2021-03-03,14.033223152160645,5314700
2021-03-04,14.256110191345215,8495800
2021-03-05,14.372013092041016,7481600
2021-03-08,14.434423446655273,7545500
2021-03-09,14.568158149719238,8289000
2021-03-10,14.657313346862793,9952400
2021-03-11,15.415144920349121,7369100
2021-03-12,15.219000816345215,2512500
2021-03-15,15.005024909973145,4214500
2021-03-16,15.343817710876465,7264400
2021-03-17,15.441889762878418,9111100
2021-03-18,15.156588554382324,6088600
2021-03-19,15.299239158630371,12089900
2021-03-22,15.290325164794922,7832200
2021-03-23,14.648397445678711,4179300
2021-03-24,14.621651649475098,5343900
2021-03-25,15.165507316589355,7585000
2021-03-26,15.950087547302246,11525600
2021-03-29,15.629120826721191,8210900
2021-03-30,16.14622688293457,4865000
2021-03-31,16.021404266357422,5970600
2021-04-01,16.28887939453125,5087700
2021-04-05,16.707914352416992,4798600
2021-04-06,16.600923538208008,4665500
2021-04-07,16.77031898498535,4327700
2021-04-08,16.97538185119629,4761300
2021-04-09,17.019956588745117,4673800
2021-04-12,17.091279983520508,4691100
2021-04-13,16.82381820678711,4254300
2021-04-14,16.895143508911133,5762300
2021-04-15,16.877309799194336,6211000
2021-04-16,17.180442810058594,5028300
2021-04-19,17.34092140197754,5283100
2021-04-20,16.752492904663086,5542800
2021-04-21,17.412250518798828,7007100
2021-04-22,16.654417037963867,5696400
2021-04-23,17.251768112182617,6858700
2021-04-26,17.011043548583984,4163900
2021-04-27,17.00213050842285,3091200
2021-04-28,17.1536922454834,8202300
2021-04-29,17.332008361816406,3871600
2021-04-30,17.52814483642578,3755900
2021-05-03,17.49248695373535,5581400
2021-05-04,17.813453674316406,3186300
2021-05-05,17.956098556518555,2494800
2021-05-06,18.134416580200195,2418200
2021-05-07,18.419719696044922,2513300
2021-05-10,18.054174423217773,3287200
2021-05-11,17.6351375579834,2949500
2021-05-12,17.037792205810547,4202000
2021-05-13,17.51923179626465,4583300
2021-05-14,17.67080307006836,3921500
2021-05-17,17.706464767456055,6216300
2021-05-18,17.554901123046875,4484500
2021-05-19,17.6173095703125,3446800
2021-05-20,17.465734481811523,2927200
2021-05-21,17.51032066345215,2727800
2021-05-24,17.57272720336914,3324100
2021-05-25,17.537067413330078,3856100
2021-05-26,17.768875122070312,2515900
2021-05-27,17.982851028442383,2450900
2021-05-28,18.054174423217773,2494800
2021-06-01,18.072004318237305,2803900
2021-06-02,17.893688201904297,2126700
2021-06-03,17.956193923950195,1499400
2021-06-04,17.786544799804688,2574400
2021-06-07,17.974050521850586,1884700
2021-06-08,18.152633666992188,3591800
2021-06-09,18.188350677490234,2195400
2021-06-10,18.00977325439453,1975900
2021-06-11,18.34014129638672,3229700
2021-06-14,17.750831604003906,2441100
2021-06-15,18.22406005859375,2649700
2021-06-16,18.277639389038086,3039200
2021-06-17,17.777610778808594,2479200
2021-06-18,17.17936897277832,6555000
2021-06-21,17.938339233398438,2420200
2021-06-22,17.41152572631836,4889700
2021-06-23,17.536531448364258,2324500
2021-06-24,17.634750366210938,2523400
2021-06-25,18.33121681213379,8114800
2021-06-28,18.197277069091797,2295800
2021-06-29,18.304426193237305,2488600
2021-06-30,18.69730567932129,4866300
2021-07-01,18.741943359375,3879500
2021-07-02,18.670515060424805,2551700
2021-07-06,18.116914749145508,3811100
2021-07-07,17.813335418701172,6484400
2021-07-08,17.072223663330078,4667400
2021-07-09,17.875835418701172,3000100
2021-07-12,18.215137481689453,2458700
2021-07-13,17.956193923950195,2282100
2021-07-14,17.884767532348633,2082800
2021-07-15,18.081201553344727,1631100
2021-07-16,17.813335418701172,2212800
2021-07-19,17.41152572631836,3432700
2021-07-20,17.884767532348633,2716600
2021-07-21,18.22406005859375,2325900
2021-07-22,17.125797271728516,3215800
2021-07-23,16.965076446533203,2980600
2021-07-26,16.75971221923828,2404300
2021-07-27,16.768644332885742,2658900
2021-07-28,16.857925415039062,1720700
2021-07-29,16.956148147583008,2099800
2021-07-30,16.813289642333984,1379100
2021-08-02,16.90257453918457,2161600
2021-08-03,16.90257453918457,2223200
2021-08-04,16.72399139404297,1846000
2021-08-05,16.90257453918457,1187500
2021-08-06,17.054367065429688,3692500
2021-08-09,16.786495208740234,2144600
2021-08-10,16.866859436035156,1794000
2021-08-11,16.875789642333984,2991300
2021-08-12,16.79542350769043,2366300
2021-08-13,16.75971221923828,1957300
2021-08-16,16.83114242553711,3288000
2021-08-17,16.69721031188965,1823300
2021-08-18,16.527559280395508,1445200
2021-08-19,16.348974227905273,2211700
2021-08-20,16.39362335205078,1517100
2021-08-23,16.39362335205078,3267400
2021-08-24,16.348974227905273,3475500
2021-08-25,16.88471221923828,2792300
2021-08-26,16.51862907409668,1790000
2021-08-27,16.956148147583008,2150200
2021-08-30,16.491840362548828,1502600
2021-08-31,16.74184799194336,3691300
2021-09-01,16.41147804260254,2263800
2021-09-02,16.617185592651367,2211900
2021-09-03,16.3488712310791,2250800
2021-09-07,16.00007438659668,2215600
2021-09-08,16.00007438659668,2382600
2021-09-09,16.116342544555664,2010000
2021-09-10,16.026905059814453,2981000
2021-09-13,16.178945541381836,4027900
2021-09-14,15.579727172851562,2111800
2021-09-15,15.946412086486816,2290100
2021-09-16,15.982187271118164,2945600
2021-09-17,16.187891006469727,8826100
2021-09-20,15.651276588439941,2862300
2021-09-21,15.615501403808594,2615900
2021-09-22,15.481344223022461,1915900
2021-09-23,15.991127967834473,2255000
2021-09-24,16.00007438659668,1653400
2021-09-27,16.26838493347168,1589100
2021-09-28,15.946412086486816,1330700
2021-09-29,15.579727172851562,1667200
2021-09-30,15.740711212158203,3624800
2021-10-01,15.910639762878418,1702200
2021-10-04,15.704936981201172,1095000
2021-10-05,15.794371604919434,1625900
2021-10-06,15.678105354309082,1407200
2021-10-07,15.848037719726562,1936000
2021-10-08,15.678105354309082,1105400
2021-10-11,15.570783615112305,654800
2021-10-12,15.47240161895752,1164300
2021-10-13,15.293530464172363,1854900
2021-10-14,15.687053680419922,962600
2021-10-15,15.579727172851562,1339200
2021-10-18,15.785429000854492,1980400
2021-10-19,15.731768608093262,1508800
2021-10-20,15.973247528076172,2179700
2021-10-21,16.429365158081055,3055500
2021-10-22,16.545635223388672,2504500
2021-10-25,16.760282516479492,1621500
2021-10-26,16.55457878112793,1803700
2021-10-27,15.722821235656738,2877800
2021-10-28,16.223665237426758,2051700
2021-10-29,16.411481857299805,2042800
2021-11-01,16.796058654785156,2600100
2021-11-02,16.313100814819336,2856900
2021-11-03,16.53668975830078,1840700
2021-11-04,16.474088668823242,1524300
2021-11-05,16.491971969604492,1739800
2021-11-08,16.447256088256836,1087900
2021-11-09,16.55457878112793,1799600
2021-11-10,16.81393814086914,2380400
2021-11-11,16.545635223388672,1366000
2021-11-12,16.75133514404297,1500800
2021-11-15,16.68873405456543,1264700
2021-11-16,16.56352424621582,1964100
2021-11-17,16.429365158081055,2249700
2021-11-18,16.483030319213867,1589200
2021-11-19,16.46514320373535,1927200
2021-11-22,16.581411361694336,1773900
2021-11-23,16.679786682128906,2395100
2021-11-24,16.545635223388672,1168900
2021-11-26,15.973247528076172,1645900
2021-11-29,16.009017944335938,1971900
2021-11-30,15.901692390441895,5195700
2021-12-01,16.04479217529297,3002200
2021-12-02,16.60271644592285,2758400
2021-12-03,16.260761260986328,2645500
2021-12-06,16.539724349975586,2771000
2021-12-07,16.863679885864258,3143200
2021-12-08,16.899673461914062,1950700
2021-12-09,16.90867042541504,1597800
2021-12-10,16.962665557861328,1470600
2021-12-13,16.485734939575195,1464100
2021-12-14,16.422739028930664,2557900
2021-12-15,16.89067840576172,3588700
2021-12-16,16.773693084716797,3722800
2021-12-17,16.467735290527344,5596800
2021-12-20,15.87381649017334,2472000
2021-12-21,16.575719833374023,1876700
2021-12-22,16.971664428710938,1774800
2021-12-23,17.196632385253906,1192000
2021-12-27,17.340618133544922,1177900
2021-12-28,17.502592086791992,1435100
2021-12-29,17.547584533691406,1063400
2021-12-30,17.520593643188477,1270900
2021-12-31,17.700563430786133,2170500
2022-01-03,17.691564559936523,1316400
2022-01-04,18.123504638671875,1590200
2022-01-05,17.817550659179688,1252200
2022-01-06,18.168500900268555,1625700
2022-01-07,18.30348014831543,1451900
2022-01-10,18.366474151611328,1572100
2022-01-11,18.33047866821289,2250400
2022-01-12,18.3394718170166,1509300
2022-01-13,18.663429260253906,1292300
2022-01-14,18.699432373046875,905700
2022-01-18,18.222496032714844,1083700
2022-01-19,17.025657653808594,2982500
2022-01-20,16.377744674682617,2988200
2022-01-21,15.486870765686035,3730900
2022-01-24,15.603853225708008,3754800
2022-01-25,15.45087718963623,2824400
2022-01-26,15.405882835388184,3389000
2022-01-27,15.76583480834961,3445600
2022-01-28,16.197769165039062,3193000
2022-01-31,16.503734588623047,7082600
2022-02-01,17.340618133544922,4517500
2022-02-02,17.322614669799805,3164800
2022-02-03,17.592580795288086,4729700
2022-02-04,17.943531036376953,5589700
2022-02-07,17.619577407836914,2251300
2022-02-08,17.628572463989258,2116200
2022-02-09,17.565584182739258,2029300
2022-02-10,17.889541625976562,3954700
2022-02-11,17.817550659179688,2348700
2022-02-14,17.718563079833984,2748800
2022-02-15,18.3394718170166,2735000
2022-02-16,18.627439498901367,2100600
2022-02-17,18.096511840820312,2472500
2022-02-18,18.033519744873047,1904700
2022-02-22,17.619577407836914,1865000
2022-02-23,17.115646362304688,2069900
2022-02-24,17.205631256103516,2855700
2022-02-25,17.988529205322266,1945400
2022-02-28,17.727563858032227,4751400
2022-03-01,17.088651657104492,3778800
2022-03-02,17.457597732543945,2763900
2022-03-03,16.78789520263672,2362300
2022-03-04,15.837634086608887,2774300
2022-03-07,15.529932975769043,4599300
2022-03-08,15.2855806350708,4142000
2022-03-09,16.000532150268555,2808500
2022-03-10,15.747137069702148,2819800
2022-03-11,15.548029899597168,2289400
2022-03-14,15.747137069702148,2849200
2022-03-15,15.8738374710083,2259700
2022-03-16,16.534494400024414,2590400
2022-03-17,16.5616397857666,2430200
2022-03-18,16.860292434692383,7298400
2022-03-21,16.525442123413086,3084000
2022-03-22,16.64309310913086,2184200
2022-03-23,16.172489166259766,1738900
2022-03-24,16.443994522094727,1386500
2022-03-25,16.516393661499023,1351600
2022-03-28,16.398738861083984,1417300
2022-03-29,16.878393173217773,1898800
2022-03-30,16.326339721679688,2501600
2022-03-31,16.61594009399414,5278400
2022-04-01,16.516393661499023,3294300
2022-04-04,16.208690643310547,2444300
2022-04-05,16.40778923034668,2200000
2022-04-06,15.747137069702148,3499400
2022-04-07,15.466583251953125,2476300
2022-04-08,15.674734115600586,1740100
2022-04-11,15.077428817749023,1722700
2022-04-12,15.131728172302246,4687800
2022-04-13,15.339881896972656,1310000
2022-04-14,15.213177680969238,1342800
2022-04-18,15.158881187438965,1749300
2022-04-19,15.656632423400879,2067800
2022-04-20,15.810486793518066,1033100
2022-04-21,15.566130638122559,1291000
2022-04-22,15.140777587890625,1064700
2022-04-25,15.484681129455566,1578700
2022-04-26,15.077428817749023,1808500
2022-04-27,14.787827491760254,2510500
2022-04-28,15.294629096984863,2806200
2022-04-29,15.140777587890625,4965900
2022-05-02,15.321784973144531,4419900
2022-05-03,15.629487037658691,3895400
2022-05-04,16.42588996887207,3102200
2022-05-05,15.66568374633789,3014900
2022-05-06,15.3851318359375,2795900
2022-05-09,14.95977783203125,3444100
2022-05-10,14.452972412109375,3450000
2022-05-11,14.308172225952148,3497300
2022-05-12,14.443925857543945,6353900
2022-05-13,15.041227340698242,3550300
2022-05-16,15.357980728149414,2426900
2022-05-17,16.03673553466797,2868900
2022-05-18,15.367029190063477,4159500
2022-05-19,15.58423137664795,3192500
2022-05-20,15.882884979248047,2913300
2022-05-23,16.353492736816406,2769900
2022-05-24,16.33538818359375,2487300
2022-05-25,16.634042739868164,2868200
2022-05-26,17.24039649963379,2568700
2022-05-27,17.63859748840332,2544400
2022-05-31,17.729101181030273,3504900
2022-06-01,17.231351852416992,3333300
2022-06-02,17.804813385009766,2549200
2022-06-03,17.613658905029297,2599700
2022-06-06,17.77750587463379,3066800
2022-06-07,18.3327693939209,3715100
2022-06-08,17.886735916137695,1975800
2022-06-09,17.559045791625977,2148100
2022-06-10,16.612363815307617,2485200
2022-06-13,15.474533081054688,1999400
2022-06-14,15.465431213378906,2661900
2022-06-15,15.611069679260254,2357400
2022-06-16,13.61758804321289,4868400
2022-06-17,14.200159072875977,4975200
2022-06-21,14.272980690002441,2052100
2022-06-22,14.136442184448242,2166700
2022-06-23,14.263876914978027,2090300
2022-06-24,14.800932884216309,2646400
2022-06-27,14.81914234161377,1254400
2022-06-28,14.655293464660645,1556500
2022-06-29,14.591573715209961,1434800
2022-06-30,14.509649276733398,2663400
2022-07-01,15.055808067321777,1574900
2022-07-05,14.746319770812988,2539900
2022-07-06,14.591573715209961,3953700
2022-07-07,14.946578979492188,1570500
2022-07-08,14.810038566589355,1324600
2022-07-11,14.555161476135254,1631100
2022-07-12,14.245672225952148,3113300
2022-07-13,14.318492889404297,2227800
2022-07-14,14.081825256347656,1867800
2022-07-15,14.336699485778809,2657500
2022-07-18,14.43682861328125,2659100
2022-07-19,15.174145698547363,3074200
2022-07-20,15.165042877197266,2265500
2022-07-21,15.392608642578125,2249600
2022-07-22,15.301579475402832,3024100
2022-07-25,15.165042877197266,2295200
2022-07-26,14.882859230041504,2450000
2022-07-27,15.70210075378418,2795600
2022-07-28,14.118234634399414,6021900
2022-07-29,14.200159072875977,3835800
2022-08-01,14.427725791931152,3005600
2022-08-02,13.99079704284668,1848400
2022-08-03,14.136442184448242,1802700
2022-08-04,13.99079704284668,1589200
2022-08-05,13.954384803771973,1893500
2022-08-08,14.154645919799805,1842000
2022-08-09,13.681306838989258,2503600
2022-08-10,14.382213592529297,2994100
2022-08-11,14.518753051757812,1869300
2022-08-12,14.719010353088379,962000
2022-08-15,14.473237991333008,2044600
2022-08-16,14.682599067687988,1948200
2022-08-17,14.509649276733398,1171000
2022-08-18,14.518753051757812,1408700
2022-08-19,14.163747787475586,1421300
2022-08-22,13.61758804321289,2411500
2022-08-23,13.626690864562988,1356000
2022-08-24,13.535663604736328,1506300
2022-08-25,13.917976379394531,1346200
2022-08-26,13.508358001708984,1543500
2022-08-29,13.526561737060547,2063400
2022-08-30,13.61758804321289,2439900
2022-08-31,13.908872604370117,2919400
2022-09-01,13.551297187805176,3300800
2022-09-02,13.45960807800293,2608300
2022-09-06,13.358753204345703,2504500
2022-09-07,13.881368637084961,2678800
2022-09-08,14.18393325805664,1951800
2022-09-09,14.48650074005127,1607400
2022-09-12,14.514006614685059,2000400
2022-09-13,13.798850059509277,2077300
2022-09-14,13.826354026794434,2251100
2022-09-15,14.202272415161133,2540400
2022-09-16,14.018898010253906,7057800
2022-09-19,14.156426429748535,1371200
2022-09-20,14.000561714172363,2169700
2022-09-21,13.844694137573242,1815400
2022-09-22,13.487112998962402,1658800
2022-09-23,13.019512176513672,1427800
2022-09-26,12.753621101379395,1812000
2022-09-27,12.735282897949219,2118900
2022-09-28,13.05618667602539,1743100
2022-09-29,12.927827835083008,3450000
2022-09-30,12.826971054077148,2967000
2022-10-03,13.422933578491211,2194000
2022-10-04,14.312294960021973,2218100
2022-10-05,14.19310188293457,2066700
2022-10-06,14.559847831726074,2727000
2022-10-07,14.202272415161133,2547500
2022-10-10,14.138090133666992,1447200
2022-10-11,14.202272415161133,1868600
2022-10-12,14.202272415161133,1752600
2022-10-13,14.376476287841797,3473200
2022-10-14,13.863029479980469,2266700
2022-10-17,14.275620460510254,2177200
2022-10-18,14.413150787353516,1725200
2022-10-19,14.064741134643555,1394200
2022-10-20,13.945549011230469,1845200
2022-10-21,14.147257804870605,2176000
2022-10-24,14.293957710266113,1258400
2022-10-25,15.03662109375,3285000
2022-10-26,14.633198738098145,2109400
2022-10-27,14.77072811126709,3284400
2022-10-28,15.385029792785645,2111600
2022-10-31,15.210824012756348,2255600
2022-11-01,15.4125337600708,1370000
2022-11-02,14.889921188354492,1582300
2022-11-03,14.734051704406738,1195900
2022-11-04,14.990777969360352,1595400
2022-11-07,15.284175872802734,1407400
2022-11-08,15.403365135192871,774500
2022-11-09,15.091629028320312,849600
2022-11-10,16.0360050201416,1410300
2022-11-11,16.21938133239746,1515400
2022-11-14,15.715102195739746,1010200
2022-11-15,15.861800193786621,1348800
2022-11-16,15.650920867919922,1070500
2022-11-17,15.394198417663574,1291200
2022-11-18,15.11913776397705,2296100
2022-11-21,15.275004386901855,2898200
2022-11-22,15.550063133239746,1129700
2022-11-23,15.73343563079834,911700
2022-11-25,15.66926097869873,490000
2022-11-28,15.366691589355469,1120100
2022-11-29,15.678425788879395,915400
2022-11-30,16.008499145507812,2842000
2022-12-01,15.971589088439941,1311500
2022-12-02,15.870096206665039,1159800
2022-12-05,15.436436653137207,1442200
2022-12-06,15.501025199890137,2138400
2022-12-07,15.399528503417969,1127400
2022-12-08,15.362622261047363,966600
2022-12-09,15.298035621643066,781400
2022-12-12,15.547160148620605,881000
2022-12-13,15.537934303283691,1628900
2022-12-14,15.408756256103516,1207000
2022-12-15,15.178088188171387,1972200
2022-12-16,14.799787521362305,4587800
2022-12-19,14.836694717407227,1817600
2022-12-20,15.067364692687988,1315700
2022-12-21,15.344167709350586,1393400
2022-12-22,15.141178131103516,1125000
2022-12-23,15.251900672912598,647200
2022-12-27,15.261126518249512,968700
2022-12-28,15.002777099609375,924700
2022-12-29,15.38107681274414,861800
2022-12-30,15.316488265991211,2353200
2023-01-03,15.251900672912598,1571100
2023-01-04,15.325715065002441,1293300
2023-01-05,14.892054557800293,1253000
2023-01-06,15.371849060058594,1653300
2023-01-09,15.57483959197998,887600
2023-01-10,15.584064483642578,1052200
2023-01-11,15.842415809631348,707900
2023-01-12,15.860871315002441,821100
2023-01-13,15.943912506103516,746000
2023-01-17,15.556387901306152,1207600
2023-01-18,15.482572555541992,986300
2023-01-19,14.809016227722168,1175800
2023-01-20,15.298035621643066,1733400
2023-01-23,15.676335334777832,895200
2023-01-24,15.547160148620605,804800
2023-01-25,15.870096206665039,1505600
2023-01-26,15.980817794799805,894700
2023-01-27,16.239166259765625,2494100
2023-01-30,15.657878875732422,944700
2023-01-31,16.21148681640625,1422700
2023-02-01,16.414478302001953,1491700
2023-02-02,13.655664443969727,10873200
2023-02-03,13.969377517700195,4913900
2023-02-06,14.181591987609863,4118200
2023-02-07,14.689064025878906,2998900
2023-02-08,14.135457038879395,2044100
2023-02-09,13.997055053710938,2651600
2023-02-10,14.070869445800781,2669300
2023-02-13,14.015509605407715,1451100
2023-02-14,14.061643600463867,4960100
2023-02-15,14.015509605407715,2211200
2023-02-16,13.692572593688965,1666400
2023-02-17,13.44344711303711,2155500
2023-02-21,13.268138885498047,2421900
2023-02-22,13.2589111328125,1397200
2023-02-23,13.34195327758789,1722700
2023-02-24,13.240460395812988,1845200
2023-02-27,13.277366638183594,2049500
2023-02-28,13.268138885498047,3547500
2023-03-01,13.037468910217285,1741600
2023-03-02,13.028170585632324,1693400
2023-03-03,13.251348495483398,1792800
2023-03-06,13.130459785461426,2473900
2023-03-07,12.91657829284668,1294600
2023-03-08,12.93517780303955,2606000
2023-03-09,12.693397521972656,3165400
2023-03-10,11.940164566040039,3940700
2023-03-13,11.391510963439941,5232900
2023-03-14,11.614690780639648,3842500
2023-03-15,11.493802070617676,3885000
2023-03-16,11.735581398010254,3327700
2023-03-17,11.14973258972168,5858600
2023-03-20,11.14043140411377,3078900
2023-03-21,11.605392456054688,2476000
2023-03-22,11.159031867980957,1723300
2023-03-23,10.628978729248047,4381100
2023-03-24,10.480191230773926,5892600
2023-03-27,10.656875610351562,2459200
2023-03-28,10.721969604492188,3308400
2023-03-29,11.075338363647461,2178700
2023-03-30,11.354315757751465,5412600
2023-03-31,11.521699905395508,4938400
2023-04-03,11.586793899536133,2194200
2023-04-04,11.531000137329102,3041100
2023-04-05,12.144746780395508,4514000
2023-04-06,12.005257606506348,2127300
2023-04-10,12.11684799194336,1374100
2023-04-11,12.507412910461426,2935900
2023-04-12,12.498115539550781,1592900
2023-04-13,12.786391258239746,1925400
2023-04-14,13.316444396972656,3375200
2023-04-17,13.437333106994629,3390500
2023-04-18,13.483829498291016,1696200
2023-04-19,13.688413619995117,1446300
2023-04-20,13.567523956298828,1092300
2023-04-21,13.64191722869873,2608600
2023-04-24,13.576821327209473,1797500
2023-04-25,13.400137901306152,2714500
2023-04-26,13.63261604309082,4316200
2023-04-27,14.199868202209473,4615700
2023-04-28,13.967389106750488,3482700
2023-05-01,13.874394416809082,2273200
2023-05-02,13.251348495483398,2230400
2023-05-03,12.91657829284668,1950000
2023-05-04,12.963074684143066,2407700
2023-05-05,13.297847747802734,3317400
2023-05-08,13.716309547424316,2289600
2023-05-09,13.985987663269043,3502000
2023-05-10,13.865097045898438,2308900
2023-05-11,13.985987663269043,1947000
2023-05-12,14.004585266113281,1890100
2023-05-15,14.20916748046875,2811000
2023-05-16,14.1068754196167,2562600
2023-05-17,14.311458587646484,2408900
2023-05-18,14.590434074401855,2090900
2023-05-19,14.227765083312988,2409800
2023-05-22,14.274261474609375,3812300
2023-05-23,14.283560752868652,3081500
2023-05-24,14.246363639831543,2791300
2023-05-25,14.450946807861328,2367400
2023-05-26,14.888008117675781,1917200
2023-05-30,14.590434074401855,3043900
2023-05-31,14.190568923950195,3946200
2023-06-01,14.41537094116211,6276700
2023-06-02,15.220908164978027,3046200
2023-06-05,15.445706367492676,2457900
2023-06-06,15.848477363586426,2447400
2023-06-07,16.232515335083008,2453700
2023-06-08,16.251245498657227,2212600
2023-06-09,15.839109420776367,1904800
2023-06-12,15.651773452758789,2727100
2023-06-13,15.839109420776367,1579700
2023-06-14,15.717344284057617,1572600
2023-06-15,15.707978248596191,1857400
2023-06-16,15.473807334899902,2500500
2023-06-20,15.408243179321289,2304000
2023-06-21,15.426974296569824,933900
2023-06-22,15.192808151245117,1524800
2023-06-23,14.893073081970215,4416900
2023-06-26,14.977371215820312,1515400
2023-06-27,15.099142074584961,1746000
2023-06-28,15.183439254760742,1578100
2023-06-29,15.426974296569824,1114300
2023-06-30,15.286473274230957,1695300
2023-07-03,15.436341285705566,537000
2023-07-05,14.986740112304688,1279400
2023-07-06,14.761940002441406,2665700
2023-07-07,14.996106147766113,1211400
2023-07-10,15.183439254760742,945500
2023-07-11,15.445706367492676,1317000
2023-07-12,15.586207389831543,2504100
2023-07-13,15.57684326171875,3446900
2023-07-14,15.370774269104004,1460600
2023-07-17,15.455076217651367,1933600
2023-07-18,15.717344284057617,8880300
2023-07-19,15.698612213134766,1310400
2023-07-20,15.483175277709961,1411200
2023-07-21,15.455076217651367,872400
2023-07-24,15.604941368103027,3118200
2023-07-25,15.426974296569824,1318900
2023-07-26,15.23027515411377,2084300
2023-07-27,14.733838081359863,3969100
2023-07-28,14.771305084228516,2107300
2023-07-31,15.155341148376465,2667800
2023-08-01,15.127240180969238,1154300
2023-08-02,14.780672073364258,1905300
2023-08-03,14.752572059631348,898400
2023-08-04,14.602702140808105,1036500
2023-08-07,14.771305084228516,1049800
2023-08-08,14.518404006958008,1249100
2023-08-09,14.406003952026367,918200
2023-08-10,14.012600898742676,1105700
2023-08-11,14.162467956542969,1059400
2023-08-14,13.872101783752441,1263600
2023-08-15,13.553632736206055,1293400
2023-08-16,13.413130760192871,749900
2023-08-17,13.394400596618652,1060100
2023-08-18,13.478699684143066,1104300
2023-08-21,13.403764724731445,920900
2023-08-22,13.150863647460938,925700
2023-08-23,13.403764724731445,997600
2023-08-24,13.441232681274414,809700
2023-08-25,13.385031700134277,892200
2023-08-28,13.441232681274414,2943400
2023-08-29,13.56299877166748,1591900
2023-08-30,13.385031700134277,1864300
2023-08-31,13.441667556762695,1810000
2023-09-01,13.819243431091309,905900
2023-09-05,13.677650451660156,2207400
2023-09-06,13.498305320739746,1447200
2023-09-07,13.18680477142334,5751100
2023-09-08,13.432228088378906,1767900
2023-09-11,13.46054744720459,1235600
2023-09-12,13.366154670715332,3062200
2023-09-13,13.196244239807129,1915000
2023-09-14,13.451105117797852,2727300
2023-09-15,13.46054744720459,7519900
2023-09-18,13.281197547912598,1727000
2023-09-19,13.337834358215332,1804400
2023-09-20,13.337834358215332,2065900
2023-09-21,12.913064002990723,1320900
2023-09-22,12.875306129455566,1037600
2023-09-25,12.979138374328613,806900
2023-09-26,12.809229850769043,1672000
2023-09-27,12.686518669128418,1277600
2023-09-28,12.76203441619873,812400
2023-09-29,12.856427192687988,1001300
2023-10-02,12.76203441619873,1084600
2023-10-03,12.52604866027832,1286300
2023-10-04,12.403337478637695,1371800
2023-10-05,12.554367065429688,1488000
2023-10-06,12.459973335266113,1871700
2023-10-09,12.469411849975586,1342700
2023-10-10,12.582684516906738,2237200
2023-10-11,12.582684516906738,1562700
2023-10-12,12.76203441619873,1709500
2023-10-13,12.356141090393066,1474200
2023-10-16,12.478852272033691,2659600
2023-10-17,12.837549209594727,2167700
2023-10-18,12.69595718383789,1274300
2023-10-19,12.544926643371582,2413000
2023-10-20,12.403337478637695,1872000
2023-10-23,12.318382263183594,1303200
2023-10-24,12.271184921264648,1437000
2023-10-25,12.261747360229492,1541500
2023-10-26,12.422215461730957,5416500
2023-10-27,12.091837882995605,2696600
2023-10-30,12.422215461730957,2082700
2023-10-31,12.271184921264648,2277600
2023-11-01,12.69595718383789,2849800
2023-11-02,13.488866806030273,2892700
2023-11-03,13.960833549499512,2668400
2023-11-06,13.998591423034668,1913200
2023-11-07,14.121302604675293,1892400
2023-11-08,13.894760131835938,2393200
2023-11-09,13.875879287719727,2481700
2023-11-10,14.036348342895508,2273100
2023-11-13,14.045787811279297,2162500
2023-11-14,14.168499946594238,1311300
2023-11-15,14.196818351745605,1343000
2023-11-16,13.592698097229004,4849800
2023-11-17,13.649334907531738,1037600
2023-11-20,13.611576080322266,1241100
2023-11-21,13.167925834655762,1577600
2023-11-22,13.554939270019531,1453300
2023-11-24,13.573819160461426,485400
2023-11-27,13.328394889831543,1253400
2023-11-28,13.621016502380371,1229200
2023-11-29,13.621016502380371,1329100
2023-11-30,14.1873779296875,2526800
2023-12-01,14.95760440826416,2643700
2023-12-04,15.062202453613281,3390000
2023-12-05,15.157291412353516,3763300
2023-12-06,15.109749794006348,2058300
2023-12-07,15.461581230163574,3145400
2023-12-08,16.032115936279297,3611100
2023-12-11,16.184261322021484,2719200
2023-12-12,16.032115936279297,3441400
2023-12-13,16.983013153076172,9780000
2023-12-14,17.477479934692383,3380900
2023-12-15,17.353862762451172,3657100
2023-12-18,17.296812057495117,2230600
2023-12-19,17.75324249267578,1977800
2023-12-20,17.686677932739258,2984600
2023-12-21,17.943422317504883,2091200
2023-12-22,17.933914184570312,874000
2023-12-26,18.1716365814209,824400
2023-12-27,18.342798233032227,953300
2023-12-28,18.333288192749023,978400
2023-12-29,18.1811466217041,870800
2024-01-02,18.285741806030273,1407400
2024-01-03,17.6201171875,2097700
2024-01-04,17.6201171875,2107600
2024-01-05,17.724714279174805,1885500
2024-01-08,17.629627227783203,1169800
2024-01-09,17.23024559020996,2182200
2024-01-10,17.59158706665039,3877200
2024-01-11,17.7152042388916,1691300
2024-01-12,17.629627227783203,1234700
2024-01-16,17.810293197631836,1572400
2024-01-17,17.772258758544922,1391000
2024-01-18,17.629627227783203,2002500
2024-01-19,18.05752944946289,1086600
2024-01-22,18.380830764770508,1485800
2024-01-23,18.247709274291992,1799600
2024-01-24,18.25721549987793,1874900
2024-01-25,18.884807586669922,5027700
2024-01-26,18.884807586669922,3739500
2024-01-29,19.17958641052246,3211300
2024-01-30,19.550434112548828,2604600
2024-01-31,18.903823852539062,2416100
2024-02-01,18.532976150512695,1743300
2024-02-02,18.36181640625,1592900
2024-02-05,18.323780059814453,1308000
2024-02-06,18.276233673095703,3114800
2024-02-07,18.152620315551758,1443300
2024-02-08,18.542484283447266,1345200
2024-02-09,18.637577056884766,1981400
2024-02-12,18.884807586669922,2008000
2024-02-13,18.637577056884766,2361200
2024-02-14,19.170076370239258,2686800
2024-02-15,19.265165328979492,1886500
2024-02-16,19.189096450805664,1702300
2024-02-20,19.265165328979492,5405100
2024-02-21,18.799230575561523,3438000
2024-02-22,18.723155975341797,4411300
2024-02-23,18.704139709472656,4665100
2024-02-26,18.590024948120117,2258000
2024-02-27,19.03695297241211,1845300
2024-02-28,19.512401580810547,1851200
2024-02-29,19.80717658996582,3494700
2024-03-01,19.78805923461914,2653400
2024-03-04,20.09395980834961,1675000
2024-03-05,19.93145179748535,1268400
2024-03-06,19.74026107788086,3811500
2024-03-07,20.113082885742188,1158200
2024-03-08,19.76894187927246,1316800
2024-03-11,19.893213272094727,3254600
2024-03-12,20.065284729003906,2373500
2024-03-13,20.160877227783203,2318900
2024-03-14,19.93145179748535,2613200
2024-03-15,19.635107040405273,15732200
2024-03-18,19.606428146362305,1836600
2024-03-19,19.730703353881836,1089700
2024-03-20,20.17999839782715,2054600
2024-03-21,20.667530059814453,1807400
2024-03-22,20.41898536682129,1177700
2024-03-25,20.409423828125,746800
2024-03-26,20.20867156982422,1307900
2024-03-27,20.648408889770508,1195300
2024-03-28,20.830036163330078,2363400
2024-04-01,20.390304565429688,1530800
2024-04-02,20.227792739868164,1213900
2024-04-03,20.41898536682129,937300
2024-04-04,20.132200241088867,775300
2024-04-05,20.2851505279541,704700
2024-04-08,20.54325294494629,771800
2024-04-09,20.332950592041016,793100
2024-04-10,19.988807678222656,1021500
2024-04-11,20.07484245300293,843400
2024-04-12,19.759380340576172,770700
2024-04-15,19.80717658996582,1141200
2024-04-16,19.749820709228516,1257900
2024-04-17,19.67334747314453,1137700
2024-04-18,19.864532470703125,1428700
2024-04-19,20.160877227783203,1211100
2024-04-22,20.38074493408203,2258200
2024-04-23,20.963869094848633,1561000
2024-04-24,21.12638282775879,2046500
2024-04-25,20.963869094848633,2942000
2024-04-26,20.935192108154297,1857600
2024-04-29,20.677085876464844,1516500
2024-04-30,20.256471633911133,1094100
2024-05-01,20.31382942199707,2092900
2024-05-02,20.533695220947266,1070700
2024-05-03,21.040348052978516,1211400
2024-05-06,20.72488784790039,1832400
2024-05-07,20.677085876464844,1444800
2024-05-08,20.801361083984375,1510200
2024-05-09,20.973432540893555,694400
2024-05-10,20.82048225402832,567300
2024-05-13,20.54325294494629,1053500
2024-05-14,20.390304565429688,1340600
2024-05-15,20.08440399169922,1506500
2024-05-16,20.14175796508789,1206500
2024-05-17,20.227792739868164,989500
2024-05-20,19.759380340576172,1655600
2024-05-21,20.09395980834961,1717500
2024-05-22,19.69246482849121,1975400
2024-05-23,19.74026107788086,1869000
2024-05-24,20.055721282958984,1146600
2024-05-28,19.606428146362305,925600
2024-05-29,19.635107040405273,1025400
2024-05-30,19.998367309570312,2460700
2024-05-31,20.514577865600586,3101400
2024-06-03,20.275588989257812,922300
2024-06-04,20.160877227783203,1281700
2024-06-05,20.017486572265625,1486300
2024-06-06,19.95982551574707,1820700
2024-06-07,19.767623901367188,1561500
2024-06-10,19.979045867919922,1327600
2024-06-11,19.32556915283203,2120800
2024-06-12,19.930997848510742,3992200
2024-06-13,19.834896087646484,1120800
2024-06-14,19.24869155883789,1214500
2024-06-17,19.642698287963867,1256700
2024-06-18,19.70996856689453,952900
2024-06-20,19.863727569580078,1150900
2024-06-21,20.007875442504883,2871600
2024-06-24,20.171241760253906,2822000
2024-06-25,19.854116439819336,895800
2024-06-26,19.738798141479492,1165300
2024-06-27,19.70996856689453,2217600
2024-06-28,19.979045867919922,4061400
2024-07-01,19.90216636657715,1265200
2024-07-02,20.07514762878418,1312600
2024-07-03,20.065532684326172,1192200
2024-07-05,19.546598434448242,1740900
2024-07-08,19.844505310058594,1229500
2024-07-09,19.892559051513672,1184200
2024-07-10,19.95021629333496,1161500
2024-07-11,20.8631591796875,1865000
2024-07-12,21.055355072021484,1066100
2024-07-15,22.016347885131836,1539300
2024-07-16,22.77553939819336,2829800
2024-07-17,22.583337783813477,2138700
2024-07-18,22.439186096191406,1673800
2024-07-19,22.035568237304688,1512300
2024-07-22,22.410356521606445,1849300
2024-07-23,22.583337783813477,1729800
2024-07-24,22.717876434326172,3824800
2024-07-25,22.10283851623535,3479500
2024-07-26,21.84337043762207,1919800
2024-07-29,21.680002212524414,1432800
2024-07-30,21.910640716552734,1837000
2024-07-31,21.804933547973633,1233800
2024-08-01,21.247556686401367,1660300
2024-08-02,20.0270938873291,2023400
2024-08-05,19.344789505004883,1568700
2024-08-06,19.1525936126709,2338000
2024-08-07,19.162202835083008,2161700
2024-08-08,19.652311325073242,826400
2024-08-09,19.815675735473633,862600
2024-08-12,19.546598434448242,1154100
2024-08-13,19.892559051513672,880100
2024-08-14,19.863727569580078,1001700
2024-08-15,20.190460205078125,1213400
2024-08-16,20.23851203918457,1338500
2024-08-19,20.36344337463379,946900
2024-08-20,20.161630630493164,845300
2024-08-21,20.18085479736328,1164400
2024-08-22,20.22890281677246,899400
2024-08-23,20.805498123168945,928100
2024-08-26,20.67095947265625,982600
2024-08-27,20.32500457763672,826600
2024-08-28,20.719009399414062,1326200
2024-08-29,20.815107345581055,911100
2024-08-30,21.199506759643555,1341900
2024-09-03,20.853551864624023,1276000
2024-09-04,20.42110252380371,1086000
2024-09-05,20.218246459960938,1280700
2024-09-06,19.455108642578125,1309000
2024-09-09,19.46476936340332,1914600
2024-09-10,19.54204750061035,2391600
2024-09-11,19.3681697845459,1672400
2024-09-12,20.198925018310547,2254600
2024-09-13,20.508041381835938,1086600
2024-09-16,20.508041381835938,1283000
2024-09-17,20.846139907836914,1087800
2024-09-18,21.00069808959961,1046000
2024-09-19,21.32913589477539,1472500
2024-09-20,21.319477081298828,3231100
2024-09-23,21.319477081298828,969800
2024-09-24,20.79783821105957,1524300
2024-09-25,21.106956481933594,3479400
2024-09-26,21.49335479736328,1395700
2024-09-27,21.79281234741211,1214400
2024-09-30,22.092275619506836,1497100
2024-10-01,21.222877502441406,1329500
2024-10-02,21.242197036743164,1535900
2024-10-03,21.261520385742188,1015800
2024-10-04,21.98600959777832,1007400
2024-10-07,22.150230407714844,1523000
2024-10-08,22.06329345703125,841600
2024-10-09,21.976354598999023,1276400
2024-10-10,21.918392181396484,933600
2024-10-11,22.478670120239258,1085100
2024-10-14,22.304790496826172,1536000
2024-10-15,22.3917293548584,1133800
2024-10-16,22.710506439208984,1486500
2024-10-17,22.836084365844727,1115400
2024-10-18,22.42070960998535,1294100
2024-10-21,22.169551849365234,1505900
2024-10-22,22.246829986572266,1386100
2024-10-23,22.0246524810791,1326200
2024-10-24,21.4547119140625,4783000
2024-10-25,21.155256271362305,2880500
2024-10-28,21.589956283569336,2102800
2024-10-29,21.406414031982422,1640700
2024-10-30,21.79281234741211,2012600
2024-10-31,21.280838012695312,1161200
2024-11-01,20.962060928344727,1402600
2024-11-04,20.643280029296875,2242300
2024-11-05,21.135936737060547,1485200
2024-11-06,23.647518157958984,3923400
2024-11-07,22.903703689575195,1744600
2024-11-08,22.42070960998535,1691600
2024-11-11,23.08724594116211,1699600
2024-11-12,23.26112174987793,1559200
2024-11-13,23.23214340209961,1248700
2024-11-14,23.203163146972656,890700
2024-11-15,23.637859344482422,1385300
2024-11-18,23.377042770385742,1231900
2024-11-19,23.058263778686523,2580600
2024-11-20,23.154863357543945,1608300
2024-11-21,24.01460075378418,2189700
2024-11-22,26.2074031829834,6476300
2024-11-25,26.931896209716797,5756800
2024-11-26,26.4875431060791,5048500
2024-11-27,26.2750244140625,1557600
2024-11-29,26.448902130126953,2098900
2024-12-02,25.65678596496582,3775900
2024-12-03,25.598827362060547,1709500
2024-12-04,25.927265167236328,1923400
2024-12-05,25.500160217285156,1816600
2024-12-06,25.791366577148438,1971600
2024-12-09,25.3254337310791,1643900
2024-12-10,25.46133041381836,1652700
2024-12-11,25.70400619506836,1981500
2024-12-12,26.43202781677246,2574600
2024-12-13,26.38349151611328,2562700
2024-12-16,26.936786651611328,2314400
2024-12-17,26.868839263916016,3122400
2024-12-18,26.082576751708984,5333600
2024-12-19,26.664993286132812,4258400
2024-12-20,26.975616455078125,12068300
2024-12-23,26.664993286132812,2610500
2024-12-24,27.14063262939453,1017700
2024-12-26,27.315359115600586,1274800
2024-12-27,27.053272247314453,1530700
2024-12-30,26.742650985717773,1821500
2024-12-31,26.77176856994629,1702000
2025-01-02,26.54850959777832,2412200
2025-01-03,27.344480514526367,1929600
2025-01-06,27.37360382080078,3162200
2025-01-07,27.101808547973633,2905200
2025-01-08,26.68440818786621,2135200
2025-01-10,26.160234451293945,2811600
2025-01-13,26.45144271850586,1799400
2025-01-14,26.82030487060547,3081900
2025-01-15,27.37360382080078,4207700
2025-01-16,27.30565071105957,2110400
2025-01-17,27.16004753112793,1926400
2025-01-21,27.732757568359375,2487600
2025-01-22,28.227811813354492,3095400
2025-01-23,28.441364288330078,3647800
2025-01-24,28.159868240356445,5580600
2025-01-27,27.800708770751953,2778900
2025-01-28,27.74246597290039,1247200
2025-01-29,27.858949661254883,1588000
2025-01-30,27.878360748291016,1858900
2025-01-31,27.092100143432617,3213700
2025-02-03,27.189170837402344,1524400
2025-02-04,28.159868240356445,2748700
2025-02-05,29.07231903076172,2761800
2025-02-06,29.169384002685547,2350000
2025-02-07,29.07231903076172,2084000
2025-02-10,28.237520217895508,2009700
2025-02-11,28.256933212280273,2080600
2025-02-12,28.6355037689209,2192800
2025-02-13,29.14026641845703,2079700
2025-02-14,30.50894546508789,2796700
2025-02-18,31.586416244506836,4226100
2025-02-19,31.57670783996582,3261300
2025-02-20,31.091360092163086,3434200
2025-02-21,29.78092384338379,5500400
2025-02-24,29.69356346130371,2436000
2025-02-25,29.14026641845703,3118000
2025-02-26,29.217924118041992,3084900
2025-02-27,29.23733901977539,2820000
2025-02-28,29.305282592773438,3520900
2025-03-03,28.40254020690918,1978100
2025-03-04,28.26664161682129,4821500
2025-03-05,28.539653778076172,2426900
2025-03-06,28.276390075683594,2912700
2025-03-07,28.724912643432617,2983800
2025-03-10,28.08138084411621,3327100
2025-03-11,27.740114212036133,3191900
2025-03-12,28.07163429260254,3381100
2025-03-13,27.652360916137695,3597800
2025-03-14,28.529903411865234,2237700
2025-03-17,28.529903411865234,3772900
2025-03-18,28.403146743774414,2741400
2025-03-19,29.358694076538086,3693400
2025-03-20,29.124683380126953,3669000
2025-03-21,28.958927154541016,22118200
2025-03-24,29.660959243774414,3133100
2025-03-25,29.290443420410156,1905900
2025-03-26,29.18318748474121,2371400
2025-03-27,28.988174438476562,1678100
2025-03-28,28.17888641357422,1682100
2025-03-31,28.63715934753418,1936400
2025-04-01,28.88092041015625,1738600
2025-04-02,29.38794708251953,2047700
2025-04-03,26.687063217163086,3227300
2025-04-04,24.90272331237793,3955900
2025-04-07,24.307945251464844,5948400
2025-04-08,24.220191955566406,3407500
2025-04-09,26.570058822631836,3606700
2025-04-10,25.136735916137695,2014700
2025-04-11,24.82472038269043,2519300
2025-04-14,25.448753356933594,1687400
2025-04-15,25.985027313232422,1728200
2025-04-16,25.6242618560791,1746600
2025-04-17,26.111785888671875,1979300
2025-04-21,25.390249252319336,1669200
2025-04-22,26.043529510498047,3338500
2025-04-23,26.472553253173828,2483000
2025-04-24,27.437849044799805,3406100
2025-04-25,27.057580947875977,3229800
2025-04-28,27.506099700927734,2284200
2025-04-29,28.100879669189453,3144800
2025-04-30,28.188636779785156,2634300
2025-05-01,29.241689682006836,3119400
2025-05-02,30.411746978759766,2562400
2025-05-05,30.684757232666016,2094600
2025-05-06,30.353242874145508,1825800
2025-05-07,30.733510971069336,3457300
2025-05-08,31.162532806396484,2183100
2025-05-09,31.377044677734375,1806500
2025-05-12,32.478851318359375,2189700
2025-05-13,32.85911560058594,1817600
2025-05-14,32.790863037109375,1457700
2025-05-15,32.56660461425781,2003600
2025-05-16,32.849369049072266,1568400
2025-05-19,32.95661926269531,1233800
2025-05-20,32.7616081237793,1027000
2025-05-21,31.971824645996094,1182000
2025-05-22,32.810367584228516,2345700
2025-05-23,32.74211120605469,2003500
2025-05-27,33.50265121459961,2154600
2025-05-28,32.67385482788086,1729900
2025-05-29,32.06932830810547,1976300
2025-05-30,31.562299728393555,4115000
2025-06-02,31.562299728393555,1981900
2025-06-03,31.854812622070312,1482700
2025-06-04,31.377044677734375,1502200
2025-06-05,31.142080307006836,2069700
2025-06-06,31.4847354888916,1142600
2025-06-09,31.171451568603516,1496500
2025-06-10,30.92670249938965,1360300
2025-06-11,31.014814376831055,1712700
2025-06-12,30.96586036682129,1740500
2025-06-13,30.544889450073242,2016800
2025-06-16,31.151872634887695,1500900
2025-06-17,30.58405113220215,1592100
2025-06-18,31.034393310546875,1689700
2025-06-20,30.916913986206055,5046100
2025-06-23,31.034393310546875,1561800
2025-06-24,31.445571899414062,1508200
2025-06-25,31.641372680664062,1390400
2025-06-26,32.25814437866211,1692300
2025-06-27,32.26793670654297,4123200
2025-06-30,32.101505279541016,1591100
2025-07-01,32.65953826904297,2858700
2025-07-02,33.09029769897461,1965500
2025-07-03,33.15882873535156,1646800
2025-07-07,33.67770004272461,1947600
2025-07-08,33.04134750366211,2834900
2025-07-09,32.444156646728516,2912000
2025-07-10,33.00218963623047,3176000
2025-07-11,32.7084846496582,1408800
2025-07-14,32.86513137817383,2010300
2025-07-15,31.94486427307129,2639600
2025-07-16,32.013397216796875,1478000
2025-07-17,32.444156646728516,1674400
2025-07-18,32.14066696166992,1672000
2025-07-21,32.03297805786133,1535400
2025-07-22,32.072139739990234,1859600
2025-07-23,32.32667541503906,1723700
2025-07-24,31.337879180908203,2696700
2025-07-25,32.052555084228516,4763000
2025-07-28,32.101505279541016,3177100
2025-07-29,31.543476104736328,2756000
2025-07-30,31.151872634887695,2779900
2025-07-31,31.132293701171875,1808800
2025-08-01,30.57425880432129,1855400
2025-08-04,31.19103240966797,1811700
2025-08-05,31.132293701171875,2043400
2025-08-06,31.171451568603516,1259400
2025-08-07,30.89733123779297,1646200
2025-08-08,31.220401763916016,876100
2025-08-11,31.083341598510742,1220700
2025-08-12,31.8763370513916,1262600
2025-08-13,32.39520263671875,1969700
2025-08-14,32.297306060791016,1198100
2025-08-15,29.683368682861328,6784600
2025-08-18,29.986860275268555,2688800
2025-08-19,29.614837646484375,1196300
2025-08-20,30.01622772216797,1421700
2025-08-21,30.19244956970215,1384900
2025-08-22,31.06376075744629,1516600
2025-08-25,30.8483829498291,1544000
2025-08-26,31.181243896484375,1959700
2025-08-27,31.044179916381836,1719800
2025-08-28,30.65258026123047,1474300
2025-08-29,30.623210906982422,1709500
2025-09-02,30.329509735107422,1999400
2025-09-03,30.221820831298828,1809800
2025-09-04,31.23445701599121,1579000
2025-09-05,30.585582733154297,1846400
2025-09-08,29.926876068115234,2625800
2025-09-09,29.31732940673828,4904900
2025-09-10,28.32435417175293,2935900
2025-09-11,28.540645599365234,3465400
2025-09-12,27.655813217163086,4094900
2025-09-15,27.39036750793457,5045400
2025-09-16,27.567333221435547,2735600
2025-09-17,27.645986557006836,4118300
2025-09-18,27.970420837402344,3043000
2025-09-19,27.95075798034668,6982500
2025-09-22,28.06873321533203,2699600
2025-09-23,27.508344650268555,2551600
2025-09-24,27.960590362548828,2329900
2025-09-25,27.606658935546875,3011600
2025-09-26,27.439523696899414,2634900
2025-09-29,27.55750274658203,3376500
2025-09-30,27.21339988708496,5101000
2025-10-01,26.938119888305664,3429400
2025-10-02,26.770986557006836,3014900
2025-10-03,27.08559226989746,4047700
2025-10-06,26.662839889526367,2937700
2025-10-07,26.584190368652344,3431200
2025-10-08,26.12211036682129,2874200
2025-10-09,25.994304656982422,1641900
2025-10-10,25.22745132446289,3198600
2025-10-13,25.070148468017578,2726100
2025-10-14,25.85666275024414,3305300
2025-10-15,25.85666275024414,2653100
2025-10-16,24.765377044677734,2470000
2025-10-17,25.256946563720703,2009000
2025-10-20,25.64037322998047,1682900
2025-10-21,26.2990779876709,2878600
2025-10-22,26.544864654541016,3432900
2025-10-23,26.2794132232666,6674000
2025-10-24,27.1544132232666,10041600
2025-10-27,27.970420837402344,3335300
2025-10-28,27.773792266845703,2972700
2025-10-29,26.52519989013672,3312100
2025-10-30,26.16143798828125,2967100
2025-10-31,26.39739418029785,1802300
2025-11-03,26.790651321411133,1818100
2025-11-04,26.653011322021484,1682500
2025-11-05,26.91845703125,1994600
2025-11-06,26.308908462524414,1516500
2025-11-07,26.308908462524414,2355500
2025-11-10,26.377731323242188,2325100
2025-11-11,26.32857322692871,1416000
2025-11-12,27.704973220825195,4188000
2025-11-13,27.81311798095703,4252300
2025-11-14,27.134748458862305,3235300
2025-11-17,26.436717987060547,2790600
2025-11-18,26.39739418029785,2046700
2025-11-19,26.702165603637695,1469500
2025-11-20,26.45638084411621,2004200
2025-11-21,27.41986083984375,2597400
2025-11-24,27.773792266845703,2928500
2025-11-25,28.540645599365234,1741900
2025-11-26,28.560306549072266,1348200
2025-11-28,28.80609130859375,565300
2025-12-01,29.25834083557129,1650100
2025-12-02,29.278003692626953,2137000
2025-12-03,29.592609405517578,1846500
2025-12-04,29.780216217041016,1977900
2025-12-05,30.27391815185547,2310300
2025-12-08,30.46152687072754,3101300
2025-12-09,25.909578323364258,20024000
2025-12-10,27.025348663330078,8482100
2025-12-11,27.025348663330078,4578100
2025-12-12,26.5513916015625,3149100
2025-12-15,26.15642738342285,3728200
2025-12-16,26.50202178955078,2605200
2025-12-17,26.54151725769043,3098900
2025-12-18,26.6402587890625,2772100
2025-12-19,27.005599975585938,6424900
2025-12-22,27.183334350585938,2069200
2025-12-23,27.272199630737305,1831700
2025-12-24,27.311695098876953,913100
2025-12-26,27.173458099365234,1093000
2025-12-29,27.005599975585938,991400
2025-12-30,26.85748863220215,1909600
2025-12-31,26.71925163269043,1325700
2026-01-02,27.064844131469727,1352700
2026-01-05,27.390689849853516,2022000
2026-01-06,27.805400848388672,2500300
2026-01-07,27.351192474365234,1811700
2026-01-08,27.578296661376953,2355700
2026-01-09,27.262327194213867,1914800
2026-01-12,26.38353157043457,2864600
2026-01-13,26.492149353027344,2994000
2026-01-14,26.699504852294922,2317900
2026-01-15,26.65013313293457,1933600
2026-01-16,26.511898040771484,1818600
2026-01-20,25.67259979248047,2096600
2026-01-21,26.097185134887695,2590900
2026-01-22,26.363784790039062,2600400
2026-01-23,27.272199630737305,8487200
2026-01-26,27.035221099853516,3972300
2026-01-27,26.798242568969727,3657900
2026-01-28,26.037940979003906,4298600
2026-01-29,26.58101463317871,2688300
2026-01-30,26.80811882019043,2550400
2026-02-02,26.956228256225586,3886100
2026-02-03,27.045095443725586,2238700
2026-02-04,27.499303817749023,2163500
2026-02-05,26.56126594543457,3410000
2026-02-06,26.956228256225586,2483400
2026-02-09,26.511898040771484,2710200
2026-02-10,26.58101463317871,2606200
2026-02-11,25.50473976135254,4461100
2026-02-12,24.448213577270508,3051300
2026-02-13,23.737281799316406,3905400
2026-02-17,23.599044799804688,3398300
2026-02-18,23.599044799804688,2762000
2026-02-19,23.11521339416504,4332700
2026-02-20,22.315414428710938,7440100
2026-02-23,19.60991668701172,5655100
2026-02-24,19.590167999267578,5755200
2026-02-25,20.143115997314453,5913300
2026-02-26,21.110774993896484,6144900
2026-02-27,18.50402069091797,6677100
2026-03-02,18.721248626708984,7195800
2026-03-03,18.948354721069336,9316700
2026-03-04,19.392684936523438,6359700
2026-03-05,19.770401000976562,5242800
2026-03-06,18.97521209716797,2852000
2026-03-09,19.859859466552734,7350700
2026-03-10,19.830041885375977,5274300
2026-03-11,20.52583122253418,4008500
2026-03-12,20.25745391845703,4607300
2026-03-13,19.62130355834961,4673900
2026-03-16,19.899620056152344,2749400
2026-03-17,19.720703125,3346100
2026-03-18,19.49208641052246,2625000
2026-03-19,19.472206115722656,6521000
2026-03-20,19.611364364624023,5812000
2026-03-23,19.999019622802734,3384100
2026-03-24,20.058658599853516,3224400
2026-03-25,20.30715560913086,2536800
2026-03-26,20.515892028808594,2312300
2026-03-27,20.23757553100586,2521500
2026-03-30,20.515892028808594,2313100
2026-03-31,21.281261444091797,3702900
2026-04-01,21.609277725219727,3374700
2026-04-02,21.509878158569336,5382400
2026-04-06,22.026752471923828,3213600
2026-04-07,21.7683162689209,2901300
2026-04-08,21.509878158569336,3248900
2026-04-09,21.31108283996582,3005100
2026-04-10,21.340900421142578,2687200
2026-04-13,21.818016052246094,3488400
2026-04-14,21.91741371154785,2065600
2026-04-15,21.281261444091797,4754300
2026-04-16,22.046632766723633,3833000
2026-04-17,22.50386619567871,3888600
2026-04-20,22.971040725708008,2168200
2026-04-21,22.652965545654297,2391500
2026-04-22,22.961101531982422,2181400
2026-04-23,23.279176712036133,8532200
2026-04-24,23.686710357666016,11689900
2026-04-27,23.28911590576172,3621700
2026-04-28,23.28911590576172,3853600
2026-04-29,22.851760864257812,3533200
2026-04-30,22.941221237182617,2175600
2026-05-01,22.553565979003906,2114700
2026-05-04,22.374649047851562,1982100
2026-05-05,22.404468536376953,1156400
2026-05-06,22.394527435302734,1584200
2026-05-07,22.523746490478516,1738800
2026-05-08,22.334888458251953,1885200
2026-05-11,21.62915802001953,2717000
2026-05-12,21.877655029296875,2350600
2026-05-13,21.191802978515625,2796300
2026-05-14,21.460180282592773,2527000
2026-05-15,21.042705535888672,2168600
2026-05-18,21.718616485595703,2319800
2026-05-19,21.330961227416992,1628900
2026-05-20,21.88759422302246,1684500
2026-05-21,21.818016052246094,1632100
2026-05-22,22.01681137084961,1007500
2026-05-26,21.947233200073242,1401100
2026-05-27,21.748435974121094,1430900
2026-05-28,21.748435974121094,1433400
2026-05-29,21.98699378967285,2483400
2026-06-01,21.927352905273438,2868600
2026-06-02,21.91741371154785,1956200
2026-06-03,21.489999771118164,1997200
2026-06-04,22.280000686645508,3506400
2026-06-05,22.389999389648438,3508600
2026-06-08,22.389999389648438,1932000
2026-06-09,23.049999237060547,1871100
2026-06-10,21.299999237060547,6946900
2026-06-11,22.139999389648438,2434300
2026-06-12,22.3799991607666,3003600
2026-06-15,21.920000076293945,2855100
2026-06-16,22.450000762939453,2312900
2026-06-17,22.950000762939453,3089400
2026-06-18,23.030000686645508,5175700
2026-06-22,22.84000015258789,2074600
2026-06-23,23.239999771118164,2594800
2026-06-24,23.84000015258789,1583600
2026-06-25,24.610000610351562,2660600
2026-06-26,25.450000762939453,6019700
2026-06-29,26.110000610351562,2765400
2026-06-30,25.940000534057617,3694700
2026-07-01,25.670000076293945,3583600
2026-07-02,25.600000381469727,2188600
2026-07-06,25.530000686645508,4255800
2026-07-07,25.079999923706055,2957900
2026-07-08,23.899999618530273,3366000
2026-07-09,24.729999542236328,4672600
2026-07-10,24.959999084472656,3502000
2026-07-13,24.889999389648438,2166400
2026-07-14,25.530000686645508,2501900
2026-07-15,25.34000015258789,2915800
2026-07-16,25.600000381469727,2457800
2026-07-17,25.34000015258789,1923700
2026-07-20,25.329999923706055,2329700
2026-07-21,25.190000534057617,2717600
2026-07-22,25.219999313354492,1796100
2026-07-23,24.18000030517578,5673400
2026-07-24,24.290000915527344,6262600
2026-07-27,25.420000076293945,3203700
2026-07-28,25.190000534057617,2711400
2026-07-29,25.690000534057617,3509600
2026-07-30,25.84000015258789,2386900
2026-07-31,26.0,2458300
2026-08-03,27.100000381469727,3942900
2026-08-04,27.860000610351562,2061100
2026-08-05,27.469999313354492,1902900
2026-08-06,27.40999984741211,2010400
2026-08-07,27.3700008392334,1497600
2026-08-10,27.31999969482422,2432000
2026-08-11,27.15999984741211,1356100
2026-08-12,27.969999313354492,1968900
