date,close,volume
2004-01-02,22.227767944335938,2631800
2004-01-05,22.039201736450195,6555300
2004-01-06,22.728660583496094,5080300
2004-01-07,22.551883697509766,3389100
2004-01-08,22.2513427734375,6064300
2004-01-09,21.832958221435547,4755200
2004-01-12,22.003854751586914,3958700
2004-01-13,22.534198760986328,5295400
2004-01-14,22.59902000427246,3304400
2004-01-15,23.01151466369629,4104400
2004-01-16,23.07634162902832,4717100
2004-01-20,22.345626831054688,4425900
2004-01-21,22.54598617553711,4132700
2004-01-22,22.628488540649414,2627700
2004-01-23,22.98206329345703,3038100
2004-01-26,22.699195861816406,3028900
2004-01-27,22.852413177490234,5679000
2004-01-28,22.080448150634766,5685600
2004-01-29,22.404558181762695,5926400
2004-01-30,22.369199752807617,3293100
2004-02-02,22.740449905395508,3938800
2004-02-03,22.98206329345703,3907100
2004-02-04,22.98206329345703,6280800
2004-02-05,23.040983200073242,4923300
2004-02-06,23.24134063720703,3917600
2004-02-09,23.294376373291016,2863300
2004-02-10,24.3374080657959,8157400
2004-02-11,24.543657302856445,5460500
2004-02-12,24.584911346435547,3322600
2004-02-13,24.26079750061035,3076100
2004-02-17,24.6792049407959,4309000
2004-02-18,24.962522506713867,4638200
2004-02-19,24.620159149169922,8791500
2004-02-20,25.169126510620117,5665200
2004-02-23,25.334394454956055,3933100
2004-02-24,25.216341018676758,4368300
2004-02-25,25.3284912109375,2618800
2004-02-26,25.499656677246094,3735200
2004-02-27,25.94827651977539,5670800
2004-03-01,26.213899612426758,4221400
2004-03-02,25.723968505859375,3035300
2004-03-03,25.729862213134766,3662400
2004-03-04,25.83612632751465,2965000
2004-03-05,25.499656677246094,4261600
2004-03-08,25.34029769897461,2855700
2004-03-09,25.293067932128906,2383000
2004-03-10,24.631975173950195,3250900
2004-03-11,26.38507652282715,18401200
2004-03-12,26.934022903442383,6519900
2004-03-15,26.644790649414062,4206500
2004-03-16,26.733325958251953,3944600
2004-03-17,26.562166213989258,3897300
2004-03-18,26.497224807739258,3610300
2004-03-19,26.40278434753418,3133700
2004-03-22,26.10175323486328,3944600
2004-03-23,25.877443313598633,3022300
2004-03-24,25.871538162231445,3611800
2004-03-25,26.219806671142578,4670400
2004-03-26,26.27292823791504,3151800
2004-03-29,26.815977096557617,3537500
2004-03-30,26.686111450195312,2837500
2004-03-31,26.58576774597168,3240900
2004-04-01,26.1607666015625,4986000
2004-04-02,26.414592742919922,3257200
2004-04-05,26.6093692779541,2577000
2004-04-06,26.798250198364258,2061000
2004-04-07,26.449996948242188,3185800
2004-04-08,26.072233200073242,4707400
2004-04-12,26.473608016967773,2405900
2004-04-13,25.800704956054688,3224300
2004-04-14,25.29895782470703,5383700
2004-04-15,25.788896560668945,3675100
2004-04-16,26.137155532836914,3404700
2004-04-19,25.85382652282715,2606800
2004-04-20,25.800704956054688,2791900
2004-04-21,26.030916213989258,2812800
2004-04-22,26.538551330566406,3601200
2004-04-23,26.40868377685547,2033200
2004-04-26,26.10175323486328,2207900
2004-04-27,26.29063606262207,2687700
2004-04-28,26.10175323486328,3201700
2004-04-29,25.61771583557129,3661000
2004-04-30,25.600013732910156,3080400
2004-05-03,26.01321029663086,4259000
2004-05-04,26.030916213989258,3413900
2004-05-05,26.39097785949707,3141700
2004-05-06,26.060426712036133,4554800
2004-05-07,25.535083770751953,6491700
2004-05-10,25.70626449584961,4808800
2004-05-11,26.143075942993164,4040500
2004-05-12,26.178485870361328,5353500
2004-05-13,25.48196029663086,6661200
2004-05-14,25.381608963012695,3768200
2004-05-17,24.915287017822266,4279300
2004-05-18,25.636627197265625,4589800
2004-05-19,25.58933448791504,3841600
2004-05-20,25.44150733947754,2978800
2004-05-21,25.54793930053711,2611400
2004-05-24,25.873125076293945,3868700
2004-05-25,26.091890335083008,3255000
2004-05-26,25.808086395263672,3420900
2004-05-27,26.257444381713867,3623600
2004-05-28,26.42890167236328,2334600
2004-06-01,26.168746948242188,2413000
2004-06-02,26.83095932006836,3753200
2004-06-03,26.819124221801758,4280600
2004-06-04,26.730436325073242,2688600
2004-06-07,27.1265811920166,2233200
2004-06-08,27.315778732299805,2898500
2004-06-09,26.97876739501953,3223500
2004-06-10,27.04970932006836,10224700
2004-06-14,27.04970932006836,3078900
2004-06-15,27.321680068969727,3120900
2004-06-16,27.19753646850586,2148500
2004-06-17,27.30986785888672,2055100
2004-06-18,27.19161033630371,2409400
2004-06-21,27.451765060424805,3203200
2004-06-22,26.700876235961914,7462500
2004-06-23,27.091106414794922,3746300
2004-06-24,26.872331619262695,2508300
2004-06-25,26.281078338623047,3975700
2004-06-28,26.03866958618164,5027800
2004-06-29,25.003982543945312,16079900
2004-06-30,25.11041259765625,5328400
2004-07-01,24.980331420898438,5166100
2004-07-02,24.684715270996094,4614700
2004-07-06,24.3831787109375,4656400
2004-07-07,24.530994415283203,6927100
2004-07-08,24.12301254272461,6554900
2004-07-09,24.40091323852539,4640200
2004-07-12,25.039457321166992,4664600
2004-07-13,25.802183151245117,7304600
2004-07-14,25.193185806274414,5125900
2004-07-15,25.18727684020996,3689700
2004-07-16,25.069015502929688,4566900
2004-07-19,25.27005386352539,4162600
2004-07-20,25.725313186645508,3437000
2004-07-21,25.423768997192383,3224400
2004-07-22,25.494722366333008,3288500
2004-07-23,25.914512634277344,6815000
2004-07-26,25.287782669067383,3824100
2004-07-27,26.174665451049805,4726700
2004-07-28,26.032764434814453,2669700
2004-07-29,26.210145950317383,2492600
2004-07-30,25.778520584106445,4880900
2004-08-02,25.949989318847656,2795400
2004-08-03,25.689836502075195,2967900
2004-08-04,25.500648498535156,2615200
2004-08-05,24.690631866455078,3702000
2004-08-06,24.12894058227539,5033000
2004-08-09,24.29448127746582,2519200
2004-08-10,24.276744842529297,5432200
2004-08-11,23.89834976196289,4570900
2004-08-12,24.773408889770508,9748100
2004-08-13,25.388307571411133,5274900
2004-08-16,25.961814880371094,4036400
2004-08-17,26.003204345703125,4963100
2004-08-18,26.12759017944336,3592200
2004-08-19,26.00913429260254,3092700
2004-08-20,25.949899673461914,2577900
2004-08-23,25.90842056274414,3944000
2004-08-24,26.257902145385742,4738400
2004-08-25,26.524442672729492,3583000
2004-08-26,26.459293365478516,1626400
2004-08-27,26.61922264099121,2087800
2004-08-30,26.500757217407227,1958100
2004-08-31,26.405994415283203,4922400
2004-09-01,26.631067276000977,2522200
2004-09-02,27.087177276611328,4548300
2004-09-03,27.205629348754883,2531200
2004-09-07,27.39516258239746,4198300
2004-09-08,27.13456153869629,2832000
2004-09-09,26.755456924438477,2926000
2004-09-10,27.140478134155273,2292600
2004-09-13,27.39516258239746,2574900
2004-09-14,27.371475219726562,2597600
2004-09-15,27.004243850708008,3371400
2004-09-16,26.8620662689209,2033900
2004-09-17,26.844301223754883,3503500
2004-09-20,26.87984275817871,2280800
2004-09-21,27.045700073242188,3701800
2004-09-22,26.87984275817871,3306700
2004-09-23,26.74953269958496,3725500
2004-09-24,27.377399444580078,4145800
2004-09-27,27.099002838134766,2618200
2004-09-28,27.146408081054688,3116700
2004-09-29,27.13456153869629,2210200
2004-09-30,26.8028564453125,3462100
2004-10-01,26.921302795410156,2930700
2004-10-04,27.655799865722656,3344600
2004-10-05,27.55510139465332,2666500
2004-10-06,27.898649215698242,2557700
2004-10-07,27.916423797607422,5921400
2004-10-08,28.034875869750977,3797900
2004-10-11,28.289588928222656,2892100
2004-10-12,28.100040435791016,3042500
2004-10-13,27.643957138061523,3520700
2004-10-14,27.258928298950195,2325300
2004-10-15,27.774261474609375,2712400
2004-10-18,28.28366470336914,3444200
2004-10-19,28.704208374023438,5509500
2004-10-20,28.532440185546875,4010300
2004-10-21,28.490966796875,3243100
2004-10-22,28.25997543334961,3331200
2004-10-25,28.331058502197266,3355500
2004-10-26,28.704208374023438,4462100
2004-10-27,29.290616989135742,4118300
2004-10-28,29.61639976501465,4185800
2004-10-29,29.628244400024414,5753500
2004-11-01,29.894792556762695,4971200
2004-11-02,29.912567138671875,4818700
2004-11-03,29.83556365966797,4749400
2004-11-04,30.40418243408203,6428600
2004-11-05,30.700361251831055,5316700
2004-11-08,30.54042625427246,2844600
2004-11-09,30.262039184570312,3073500
2004-11-10,30.13765525817871,3930900
2004-11-11,30.072509765625,9084200
2004-11-12,30.81291389465332,5752000
2004-11-15,31.055767059326172,3253600
2004-11-16,30.481210708618164,3162900
2004-11-17,30.267629623413086,5012700
2004-11-18,30.61170768737793,3816500
2004-11-19,30.42780303955078,3539200
2004-11-22,30.374418258666992,3289900
2004-11-23,30.67104148864746,2653700
2004-11-24,30.831222534179688,3667100
2004-11-26,30.973588943481445,806800
2004-11-29,30.789690017700195,3943100
2004-11-30,30.386281967163086,4284000
2004-12-01,30.807479858398438,3244600
2004-12-02,31.086313247680664,6506900
2004-12-03,30.67104148864746,4882200
2004-12-06,30.32103157043457,2776000
2004-12-07,30.1845760345459,3114700
2004-12-08,30.64731216430664,3266600
2004-12-09,30.80155372619629,2534700
2004-12-10,30.67104148864746,2083300
2004-12-13,30.558334350585938,2535800
2004-12-14,30.807479858398438,2630400
2004-12-15,30.730375289916992,2694300
2004-12-16,30.36848258972168,3053400
2004-12-17,29.976932525634766,5743500
2004-12-20,29.982881546020508,3279000
2004-12-21,30.01847267150879,4046600
2004-12-22,30.05406379699707,5141400
2004-12-23,29.959136962890625,3082000
2004-12-27,30.439674377441406,3671800
2004-12-28,30.76595687866211,2596900
2004-12-29,30.67104148864746,2809400
2004-12-30,30.90833282470703,2012800
2004-12-31,30.807479858398438,2764100
2005-01-03,30.730375289916992,4434100
2005-01-04,30.398162841796875,2424500
2005-01-05,30.421886444091797,2580900
2005-01-06,28.77263832092285,13875000
2005-01-07,29.081125259399414,6716600
2005-01-10,29.47267723083496,3735500
2005-01-11,29.193851470947266,4146300
2005-01-12,29.50827407836914,3306800
2005-01-13,29.217592239379883,3388900
2005-01-14,29.514204025268555,2969600
2005-01-18,29.781160354614258,2912300
2005-01-19,29.626909255981445,3199400
2005-01-20,29.632850646972656,4420300
2005-01-21,29.128582000732422,4803600
2005-01-24,28.867563247680664,3572700
2005-01-25,29.12265968322754,2919700
2005-01-26,29.959136962890625,4013500
2005-01-27,29.7574405670166,3173100
2005-01-28,29.35995864868164,2992200
2005-01-31,30.119335174560547,2854500
2005-02-01,30.07778549194336,4032600
2005-02-02,30.439674377441406,3245800
2005-02-03,30.694787979125977,3623400
2005-02-04,30.56426429748535,2577400
2005-02-07,30.475255966186523,2203900
2005-02-08,30.04220199584961,2569400
2005-02-09,29.484535217285156,6293100
2005-02-10,29.10485076904297,4594600
2005-02-11,29.205713272094727,2923700
2005-02-14,29.484535217285156,2906600
2005-02-15,29.555727005004883,3051900
2005-02-16,29.157621383666992,7103300
2005-02-17,29.805288314819336,7244500
2005-02-18,30.07864761352539,4498700
2005-02-22,29.704288482666016,4738300
2005-02-23,30.3044376373291,3808900
2005-02-24,30.38762092590332,3056300
2005-02-25,30.524288177490234,1760500
2005-02-28,30.197467803955078,2794500
2005-03-01,30.49457550048828,3335500
2005-03-02,30.82137680053711,4176300
2005-03-03,31.195730209350586,5790500
2005-03-04,31.13038444519043,4533000
2005-03-07,31.118480682373047,2677500
2005-03-08,31.047195434570312,2191100
2005-03-09,30.910512924194336,2261300
2005-03-10,31.070947647094727,1942300
2005-03-11,30.750083923339844,2583600
2005-03-14,30.987764358520508,2747600
2005-03-15,30.868928909301758,2414700
2005-03-16,30.559938430786133,3443600
2005-03-17,30.559938430786133,2418600
2005-03-18,30.16180992126465,4304300
2005-03-21,29.876588821411133,2659800
2005-03-22,29.9716739654541,3368600
2005-03-23,29.76370620727539,4023400
2005-03-24,29.76370620727539,2030900
2005-03-28,29.989513397216797,1970200
2005-03-29,29.858781814575195,2281400
2005-03-30,30.18561553955078,2653000
2005-03-31,29.72210693359375,3551000
2005-04-01,29.35369873046875,5472400
2005-04-04,29.561676025390625,3704200
2005-04-05,29.959789276123047,2932200
2005-04-06,29.69239616394043,2543400
2005-04-07,30.149930953979492,4037800
2005-04-08,29.73993682861328,3222400
2005-04-11,29.561676025390625,2163600
2005-04-12,29.947904586791992,4465900
2005-04-13,29.549793243408203,2858800
2005-04-14,29.11007308959961,3359800
2005-04-15,28.521814346313477,3673300
2005-04-18,28.89021873474121,4258200
2005-04-19,28.456451416015625,5727200
2005-04-20,27.83847999572754,5507400
2005-04-21,28.432689666748047,3352600
2005-04-22,27.707748413085938,3754000
2005-04-25,27.939489364624023,3281400
2005-04-26,27.672107696533203,2925600
2005-04-27,27.868186950683594,3051800
2005-04-28,27.83847999572754,3292700
2005-04-29,27.57703399658203,4473400
2005-05-02,28.04645347595215,3157000
2005-05-03,27.897912979125977,4337200
2005-05-04,27.499788284301758,8511800
2005-05-05,28.09398651123047,4116400
2005-05-06,27.850358963012695,3117200
2005-05-09,28.29007339477539,2262800
2005-05-10,28.230653762817383,2418800
2005-05-11,28.64065170288086,3441200
2005-05-12,28.99717140197754,7326200
2005-05-13,28.812978744506836,4918800
2005-05-16,29.413122177124023,4021400
2005-05-17,29.912254333496094,4387200
2005-05-18,30.959714889526367,6753400
2005-05-19,31.3465633392334,7891500
2005-05-20,30.882356643676758,3784600
2005-05-23,31.0311336517334,2778500
2005-05-24,31.45368003845215,4342200
2005-05-25,31.489404678344727,3324700
2005-05-26,31.739376068115234,3802600
2005-05-27,31.840560913085938,2262500
2005-05-31,31.959556579589844,3750000
2005-06-01,32.03694534301758,3547800
2005-06-02,32.524959564208984,4124900
2005-06-03,32.090511322021484,2872700
2005-06-06,32.10240936279297,1799700
2005-06-07,32.26309585571289,3499900
2005-06-08,32.078609466552734,3287700
2005-06-09,32.096439361572266,2939100
2005-06-10,31.870309829711914,2508400
2005-06-13,31.739376068115234,2284100
2005-06-14,32.46543884277344,3663100
2005-06-15,32.73326873779297,4483300
2005-06-16,32.47140121459961,2258500
2005-06-17,32.388065338134766,4473000
2005-06-20,32.67376708984375,3842900
2005-06-21,32.584476470947266,3023900
2005-06-22,33.28675079345703,4345200
2005-06-23,32.75111770629883,3025500
2005-06-24,32.17978286743164,3962800
2005-06-27,32.5666389465332,3040400
2005-06-28,33.13202667236328,2760300
2005-06-29,32.67376708984375,2398800
2005-06-30,32.38213348388672,3540800
2005-07-01,32.47140121459961,2562700
2005-07-05,33.35221481323242,2830500
2005-07-06,33.06656265258789,3322200
2005-07-07,33.5783805847168,4725600
2005-07-08,33.88190460205078,4220400
2005-07-11,34.04853820800781,2029200
2005-07-12,34.673465728759766,5195900
2005-07-13,34.44134521484375,3379500
2005-07-14,34.750823974609375,3789200
2005-07-15,34.9353141784668,2320900
2005-07-18,35.11387252807617,2075500
2005-07-19,35.44715118408203,2748200
2005-07-20,35.69710922241211,3755700
2005-07-21,34.65559005737305,4968900
2005-07-22,35.173370361328125,3267900
2005-07-25,34.94721984863281,3151100
2005-07-26,35.13172149658203,3134600
2005-07-27,35.32217788696289,1713000
2005-07-28,35.49475860595703,2528900
2005-07-29,34.965087890625,3018900
2005-08-01,34.39968490600586,4801000
2005-08-02,34.304466247558594,4631500
2005-08-03,34.32231903076172,3425200
2005-08-04,33.38199234008789,5273100
2005-08-05,33.01298522949219,2798400
2005-08-08,32.76301574707031,2026100
2005-08-09,32.98323440551758,3169600
2005-08-10,33.054656982421875,3929800
2005-08-11,33.12013626098633,6163900
2005-08-12,33.67361068725586,4014600
2005-08-15,34.01283645629883,3229400
2005-08-16,33.155826568603516,3889900
2005-08-17,33.388343811035156,3604600
2005-08-18,33.477787017822266,3403400
2005-08-19,32.994834899902344,4178500
2005-08-22,33.47180938720703,3706900
2005-08-23,33.447975158691406,4036700
2005-08-24,33.23930358886719,3492900
2005-08-25,33.39430618286133,3210600
2005-08-26,33.19755554199219,3439400
2005-08-29,33.22141647338867,2768200
2005-08-30,32.27938461303711,4545100
2005-08-31,32.046844482421875,7075200
2005-09-01,31.4685115814209,5598700
2005-09-02,31.6950740814209,3998300
2005-09-06,32.17204666137695,3872200
2005-09-07,32.27938461303711,3131400
2005-09-08,32.2257194519043,3703300
2005-09-09,32.434391021728516,2529000
2005-09-12,33.04254150390625,4289800
2005-09-13,32.30918502807617,3733000
2005-09-14,31.450620651245117,4517800
2005-09-15,31.46256446838379,2367100
2005-09-16,31.7785587310791,5894000
2005-09-19,31.14059066772461,3451600
2005-09-20,30.31184959411621,4151800
2005-09-21,30.31781578063965,5955300
2005-09-22,31.3612060546875,5383200
2005-09-23,31.35523223876953,3627000
2005-09-26,31.408889770507812,4344000
2005-09-27,31.438705444335938,2650500
2005-09-28,30.621902465820312,4234700
2005-09-29,30.705358505249023,4161500
2005-09-30,30.961727142333984,3628000
2005-10-03,30.896148681640625,3079800
2005-10-04,31.063098907470703,4194900
2005-10-05,30.550334930419922,4505300
2005-10-06,31.015392303466797,6485500
2005-10-07,31.46256446838379,4234200
2005-10-10,31.134645462036133,3398300
2005-10-11,30.997509002685547,2844100
2005-10-12,30.675540924072266,5756700
2005-10-13,31.212156295776367,4514700
2005-10-14,31.891828536987305,3445600
2005-10-17,31.754711151123047,3611300
2005-10-18,31.730850219726562,4212200
2005-10-19,33.388343811035156,7910700
2005-10-20,33.2452507019043,8357500
2005-10-21,32.577491760253906,4902200
2005-10-24,32.92329406738281,2957200
2005-10-25,32.2257194519043,4471500
2005-10-26,32.11244201660156,3380100
2005-10-27,31.30156707763672,3821400
2005-10-28,32.49998092651367,4185600
2005-10-31,33.203529357910156,5566300
2005-11-01,32.97099304199219,3378700
2005-11-02,33.966678619384766,5747300
2005-11-03,33.865318298339844,8106800
2005-11-04,34.2290153503418,4717300
2005-11-07,34.4555778503418,4432500
2005-11-08,33.91898727416992,3669300
2005-11-09,33.72224426269531,3301900
2005-11-10,35.08757400512695,7131800
2005-11-11,34.84909439086914,3876600
2005-11-14,34.8371696472168,2993700
2005-11-15,32.37478256225586,24183900
2005-11-16,32.55994415283203,5983300
2005-11-17,33.091548919677734,5695100
2005-11-18,32.98403549194336,4930200
2005-11-21,32.80485534667969,3806500
2005-11-22,32.89444351196289,5350600
2005-11-23,32.91236114501953,4941400
2005-11-25,32.99001693725586,2266000
2005-11-28,32.685394287109375,6982800
2005-11-29,32.255313873291016,6551900
2005-11-30,31.9626407623291,4525800
2005-12-01,32.13585662841797,6419200
2005-12-02,32.171688079833984,3675700
2005-12-05,31.425029754638672,5450400
2005-12-06,31.77744483947754,5225700
2005-12-07,31.71175193786621,3266100
2005-12-08,31.478782653808594,4717000
2005-12-09,32.13585662841797,4286000
2005-12-12,32.32698059082031,2984000
2005-12-13,32.58980941772461,3361500
2005-12-14,32.5539665222168,2867600
2005-12-15,32.58382034301758,2527100
2005-12-16,32.05819320678711,4373200
2005-12-19,31.53852081298828,2699400
2005-12-20,32.27323532104492,3695900
2005-12-21,32.5539665222168,4935100
2005-12-22,32.82276916503906,3472700
2005-12-23,33.15727233886719,2830900
2005-12-27,33.199073791503906,3994600
2005-12-28,33.181156158447266,2841400
2005-12-29,32.995994567871094,2224000
2005-12-30,32.83470916748047,2129400
2006-01-03,32.685394287109375,4473700
2006-01-04,32.64356231689453,4054300
2006-01-05,32.54800796508789,5378900
2006-01-06,32.45243453979492,4067900
2006-01-09,32.49423599243164,3643300
2006-01-10,32.458404541015625,3580700
2006-01-11,32.458404541015625,3784800
2006-01-12,32.2134895324707,2577300
2006-01-13,32.48229217529297,2471800
2006-01-17,32.31504821777344,2716300
2006-01-18,32.21946334838867,3899200
2006-01-19,32.506187438964844,3063500
2006-01-20,32.00442123413086,4165200
2006-01-23,31.5086612701416,4079300
2006-01-24,32.40464401245117,6506200
2006-01-25,32.73318099975586,4665600
2006-01-26,32.19558334350586,5501500
2006-01-27,32.356849670410156,3864400
2006-01-30,32.476314544677734,2729300
2006-01-31,32.70329666137695,3977300
2006-02-01,32.697330474853516,3586800
2006-02-02,32.99001693725586,5666100
2006-02-03,32.82875061035156,3834800
2006-02-06,32.85263442993164,4283900
2006-02-07,32.44047927856445,3527300
2006-02-08,32.285179138183594,3483700
2006-02-09,32.24335861206055,3788800
2006-02-10,32.61967086791992,4016100
2006-02-13,32.57786560058594,1953300
2006-02-14,33.10947799682617,3447000
2006-02-15,33.39073181152344,3599300
2006-02-16,32.66667556762695,5917900
2006-02-17,32.49912643432617,5187600
2006-02-21,32.110145568847656,4621800
2006-02-22,32.67263412475586,4116800
2006-02-23,32.61878204345703,4243500
2006-02-24,32.3435173034668,2838500
2006-02-27,33.199241638183594,3697800
2006-02-28,32.55296325683594,4707500
2006-03-01,32.654685974121094,3469300
2006-03-02,32.14008712768555,4024300
2006-03-03,31.948575973510742,4077000
2006-03-06,31.67930030822754,4801600
2006-03-07,31.631427764892578,4455100
2006-03-08,31.936607360839844,3269300
2006-03-09,31.56560707092285,2662100
2006-03-10,31.900720596313477,3613600
2006-03-13,31.930641174316406,3023900
2006-03-14,32.63673400878906,3827900
2006-03-15,32.14604187011719,4295700
2006-03-16,32.14604187011719,2473300
2006-03-17,32.17597579956055,3624900
2006-03-20,32.0323486328125,2772600
2006-03-21,31.930641174316406,5867700
2006-03-22,32.05032730102539,4546700
2006-03-23,31.91267967224121,4167300
2006-03-24,32.14008712768555,3771700
2006-03-27,31.816936492919922,2639500
2006-03-28,31.86480140686035,3092600
2006-03-29,31.894733428955078,3859300
2006-03-30,31.56560707092285,5131600
2006-03-31,31.12279510498047,4836500
2006-04-03,30.62612533569336,5488100
2006-04-04,30.85350227355957,4553100
2006-04-05,31.224502563476562,3943500
2006-04-06,31.48780632019043,5378800
2006-04-07,31.09287452697754,3401600
2006-04-10,30.88941192626953,3595800
2006-04-11,30.632099151611328,3073700
2006-04-12,30.75177574157715,3519400
2006-04-13,30.805641174316406,2950500
2006-04-17,30.65602684020996,4389800
2006-04-18,30.925312042236328,5311100
2006-04-19,30.793668746948242,3802100
2006-04-20,30.87742805480957,3056700
2006-04-21,30.42864227294922,4446900
2006-04-24,30.997121810913086,4271800
2006-04-25,31.164670944213867,3216700
2006-04-26,31.924644470214844,5258700
2006-04-27,31.9904727935791,4431200
2006-04-28,31.775047302246094,3858400
2006-05-01,31.787015914916992,4340800
2006-05-02,32.06826400756836,3139500
2006-05-03,32.02635955810547,2378000
2006-05-04,31.804981231689453,5014200
2006-05-05,32.63673400878906,3893800
2006-05-08,32.73847198486328,2889000
2006-05-09,32.493125915527344,2813600
2006-05-10,32.3076286315918,2406100
2006-05-11,31.966514587402344,3410800
2006-05-12,31.242469787597656,5576400
2006-05-15,29.931964874267578,24870400
2006-05-16,29.51908302307129,11794400
2006-05-17,29.20128059387207,5951700
2006-05-18,29.03339385986328,5467500
2006-05-19,29.477108001708984,6390600
2006-05-22,29.45911979675293,5004500
2006-05-23,29.46510887145996,4907900
2006-05-24,29.369171142578125,5914000
2006-05-25,29.393156051635742,6586500
2006-05-26,29.291231155395508,3727200
2006-05-30,29.18928337097168,6114300
2006-05-31,29.333187103271484,6290700
2006-06-01,29.54306411743164,5121900
2006-06-02,29.495098114013672,4914500
2006-06-05,29.051372528076172,3390100
2006-06-06,28.54169464111328,7866800
2006-06-07,29.321216583251953,7299200
2006-06-08,29.585039138793945,6549200
2006-06-09,29.027395248413086,3687400
2006-06-12,28.9074764251709,4656000
2006-06-13,28.817527770996094,6002900
2006-06-14,28.943439483642578,3930700
2006-06-15,29.68696403503418,5096800
2006-06-16,29.513078689575195,5413900
2006-06-19,29.441131591796875,3664700
2006-06-20,29.405153274536133,6095800
2006-06-21,29.752925872802734,4528100
2006-06-22,29.621009826660156,2942900
2006-06-23,29.531064987182617,2980100
2006-06-26,29.68696403503418,2046900
2006-06-27,29.08136558532715,3645800
2006-06-28,29.057355880737305,2970200
2006-06-29,29.573049545288086,2774000
2006-06-30,29.303213119506836,3440800
2006-07-03,29.1593017578125,1775300
2006-07-05,28.943439483642578,3373600
2006-07-06,29.48309898376465,4529100
2006-07-07,29.513078689575195,3523200
2006-07-10,29.74692726135254,2857700
2006-07-11,30.06473159790039,4261700
2006-07-12,29.39915657043457,4471900
2006-07-13,29.08136558532715,4452000
2006-07-14,28.62564468383789,4758500
2006-07-17,28.511720657348633,7011800
2006-07-18,27.300498962402344,18869400
2006-07-19,27.414426803588867,8113500
2006-07-20,27.852140426635742,5470700
2006-07-21,27.63028907775879,4581200
2006-07-24,27.690250396728516,4851800
2006-07-25,27.90012550354004,3991400
2006-07-26,27.504377365112305,3663100
2006-07-27,27.63628387451172,4469100
2006-07-28,27.85814094543457,3804000
2006-07-31,27.53435516357422,5123400
2006-08-01,27.372447967529297,3437200
2006-08-02,27.450393676757812,3082700
2006-08-03,27.81617546081543,5511500
2006-08-04,28.313844680786133,4944200
2006-08-07,28.026033401489258,2845300
2006-08-08,27.546344757080078,3318000
2006-08-09,27.150577545166016,5083300
2006-08-10,28.61365509033203,9260200
2006-08-11,29.021400451660156,6897300
2006-08-14,28.88348960876465,3998500
2006-08-15,29.18928337097168,4834500
2006-08-16,29.6701717376709,4247100
2006-08-17,29.95267677307129,6697700
2006-08-18,29.934656143188477,3044600
2006-08-21,29.393674850463867,2788000
2006-08-22,29.345571517944336,3064200
2006-08-23,28.654314041137695,4272700
2006-08-24,28.245569229125977,6705300
2006-08-25,28.19146728515625,3642700
2006-08-28,28.684368133544922,4268000
2006-08-29,29.285463333129883,4163800
2006-08-30,29.201309204101562,4521200
2006-08-31,29.087100982666016,5285200
2006-09-01,29.42371368408203,3897900
2006-09-05,29.43573760986328,3042900
2006-09-06,29.045021057128906,3386700
2006-09-07,29.26142120361328,3994500
2006-09-08,30.391483306884766,5943900
2006-09-11,30.806241989135742,4837100
2006-09-12,31.557601928710938,6705900
2006-09-13,31.74395179748535,5700400
2006-09-14,32.01444625854492,6823400
2006-09-15,32.24287033081055,7060800
2006-09-18,32.206790924072266,5388100
2006-09-19,32.693687438964844,8656700
2006-09-20,33.072364807128906,7828600
2006-09-21,32.693687438964844,7985100
2006-09-22,32.958160400390625,4409600
2006-09-25,33.58932876586914,9119400
2006-09-26,33.67348861694336,6514900
2006-09-27,33.613372802734375,6893200
2006-09-28,33.80571365356445,4752100
2006-09-29,33.21062469482422,4404900
2006-10-02,33.55327224731445,5399800
2006-10-03,34.14833450317383,6612000
2006-10-04,34.64124298095703,6417200
2006-10-05,35.27241134643555,10934700
2006-10-06,35.194252014160156,7126000
2006-10-09,35.21829605102539,4626700
2006-10-10,35.25436019897461,7771000
2006-10-11,35.200260162353516,4180800
2006-10-12,35.84944152832031,5843300
2006-10-13,35.87348556518555,4656000
2006-10-16,35.615013122558594,4556200
2006-10-17,35.03195571899414,6136000
2006-10-18,34.97784423828125,4546200
2006-10-19,34.51502990722656,4608900
2006-10-20,34.863643646240234,4351500
2006-10-23,35.897544860839844,6334500
2006-10-24,35.51884841918945,4376200
2006-10-25,34.90572738647461,7951400
2006-10-26,35.62704086303711,4108700
2006-10-27,35.200260162353516,4187700
2006-10-30,35.38059616088867,4317700
2006-10-31,35.57294845581055,7259900
2006-11-01,34.683326721191406,6768300
2006-11-02,34.23849868774414,8430800
2006-11-03,33.67946243286133,5060300
2006-11-06,34.38277053833008,4038000
2006-11-07,34.454898834228516,3465900
2006-11-08,34.647239685058594,3294000
2006-11-09,34.00407791137695,4930200
2006-11-10,34.827571868896484,4655000
2006-11-13,34.71937561035156,5044300
2006-11-14,35.56092071533203,7795600
2006-11-15,35.025962829589844,6734800
2006-11-16,35.266876220703125,5332200
2006-11-17,35.06809616088867,4002900
2006-11-20,34.875362396240234,3006000
2006-11-21,34.76093292236328,3330700
2006-11-22,35.1885986328125,2761700
2006-11-24,34.76093292236328,1571800
2006-11-27,34.375404357910156,5188900
2006-11-28,34.248939514160156,3858500
2006-11-29,34.845245361328125,3275600
2006-11-30,34.98979949951172,7010000
2006-12-01,34.51997756958008,5041500
2006-12-04,34.953651428222656,3064700
2006-12-05,35.194602966308594,3283100
2006-12-06,35.01390075683594,2662100
2006-12-07,34.977745056152344,3599400
2006-12-08,35.01390075683594,2040200
2006-12-11,35.140377044677734,2624000
2006-12-12,34.766929626464844,4035000
2006-12-13,35.23675537109375,3483600
2006-12-14,35.98967742919922,5725900
2006-12-15,35.39336395263672,5275800
2006-12-18,35.266876220703125,2788600
2006-12-19,35.230751037597656,3409100
2006-12-20,34.839210510253906,2972900
2006-12-21,34.766929626464844,3620200
2006-12-22,34.5260124206543,2301700
2006-12-26,34.38746643066406,2374800
2006-12-27,34.61635971069336,2122200
2006-12-28,34.39349365234375,1751600
2006-12-29,34.36335754394531,1901800
2007-01-03,34.441673278808594,5691300
2007-01-04,34.68865203857422,3237400
2007-01-05,34.495887756347656,2962000
2007-01-08,34.54408264160156,2874700
2007-01-09,35.09220886230469,3820200
2007-01-10,35.122314453125,3369900
2007-01-11,36.02582931518555,4874200
2007-01-12,36.32698059082031,5133500
2007-01-16,36.646236419677734,4575800
2007-01-17,36.35710906982422,5104600
2007-01-18,37.0498046875,6335800
2007-01-19,37.55576705932617,5996700
2007-01-22,37.04378890991211,5511100
2007-01-23,37.00162124633789,4265400
2007-01-24,37.03171157836914,4031900
2007-01-25,36.549869537353516,3644300
2007-01-26,36.254722595214844,3237700
2007-01-29,36.182437896728516,3067000
2007-01-30,36.405303955078125,4402500
2007-01-31,36.959442138671875,3207900
2007-02-01,37.224491119384766,3858000
2007-02-02,37.3630256652832,3276400
2007-02-05,37.41722106933594,3096300
2007-02-06,37.7725944519043,3118400
2007-02-07,37.82680130004883,1858600
2007-02-08,37.50154495239258,2856800
2007-02-09,37.146175384521484,4963400
2007-02-12,37.224491119384766,2929800
2007-02-13,37.423240661621094,2265700
2007-02-14,37.6099853515625,3264400
2007-02-15,37.82119369506836,2074900
2007-02-16,37.96603012084961,3454500
2007-02-20,38.81697082519531,4695200
2007-02-21,38.38850402832031,3049900
2007-02-22,38.09278106689453,2945000
2007-02-23,38.080711364746094,3237200
2007-02-26,37.748783111572266,3421600
2007-02-27,35.8477783203125,6358500
2007-02-28,37.13321304321289,7802600
2007-03-01,36.75300979614258,5343600
2007-03-02,36.83145523071289,5700400
2007-03-05,36.08312225341797,4894900
2007-03-06,36.65040588378906,5542800
2007-03-07,36.571964263916016,4269000
2007-03-08,37.22975158691406,4517900
2007-03-09,37.34443283081055,4119200
2007-03-12,37.5556526184082,3345200
2007-03-13,36.49349594116211,7382800
2007-03-14,35.78740692138672,10753800
2007-03-15,35.95638656616211,7780900
2007-03-16,36.07106018066406,5526000
2007-03-19,36.47539138793945,3813900
2007-03-20,36.897830963134766,3721700
2007-03-21,37.16942596435547,5185300
2007-03-22,36.9521598815918,2867800
2007-03-23,37.12114334106445,2727000
2007-03-26,37.15131759643555,3633700
2007-03-27,36.5357551574707,4154900
2007-03-28,36.179683685302734,4502600
2007-03-29,36.058990478515625,3487000
2007-03-30,35.76325607299805,5042300
2007-04-02,36.167598724365234,4571700
2007-04-03,36.70473098754883,4542400
2007-04-04,36.56592559814453,2463300
2007-04-05,36.87974548339844,1887800
2007-04-09,37.04269790649414,2754500
2007-04-10,36.54780578613281,3998800
2007-04-11,36.01675033569336,6685100
2007-04-12,36.179683685302734,4336100
2007-04-13,35.99864196777344,5735900
2007-04-16,36.31245422363281,2693400
2007-04-17,36.57798767089844,4795600
2007-04-18,36.69868850708008,4017800
2007-04-19,36.97025680541992,5352300
2007-04-20,37.489280700683594,5050000
2007-04-23,37.0728645324707,3625700
2007-04-24,36.40901565551758,8987100
2007-04-25,36.523681640625,4168300
2007-04-26,36.783180236816406,5499700
2007-04-27,36.674537658691406,3201700
2007-04-30,35.82964324951172,6931200
2007-05-01,35.992610931396484,7572700
2007-05-02,35.5761833190918,6698300
2007-05-03,35.35289764404297,9888300
2007-05-04,35.59428405761719,4749900
2007-05-07,35.81758499145508,5697400
2007-05-08,35.47358703613281,6316400
2007-05-09,35.70293045043945,4459600
2007-05-10,35.437374114990234,7195400
2007-05-11,35.15373229980469,6379900
2007-05-14,34.99079132080078,6247300
2007-05-15,34.731292724609375,9591400
2007-05-16,34.65871047973633,11336900
2007-05-17,34.88853073120117,8478300
2007-05-18,35.16672134399414,9896400
2007-05-21,35.160667419433594,7395200
2007-05-22,35.10017013549805,10810800
2007-05-23,35.43886184692383,15470100
2007-05-24,36.38229751586914,11889200
2007-05-25,36.74514389038086,7224900
2007-05-29,36.76933670043945,6639300
2007-05-30,36.93864822387695,5510700
2007-05-31,37.755088806152344,11810400
2007-06-01,38.504981994628906,11945200
2007-06-04,38.61384201049805,6863200
2007-06-05,38.68035888671875,8300000
2007-06-06,38.7650260925293,10495800
2007-06-07,37.81554412841797,11042200
2007-06-08,38.32353973388672,7404800
2007-06-11,38.063499450683594,5600200
2007-06-12,37.77322769165039,8373400
2007-06-13,38.384037017822266,7670700
2007-06-14,38.6077766418457,7156600
2007-06-15,38.57754898071289,8525000
2007-06-18,38.69246292114258,10064600
2007-06-19,38.28728103637695,13744200
2007-06-20,38.855743408203125,20239400
2007-06-21,38.946449279785156,8066800
2007-06-22,38.867835998535156,10514600
2007-06-25,38.80131530761719,14000600
2007-06-26,38.04536819458008,16425500
2007-06-27,38.55337905883789,10061200
2007-06-28,38.40217971801758,7989400
2007-06-29,38.462650299072266,7340000
2007-07-02,38.6077766418457,6707600
2007-07-03,38.25703811645508,3978700
2007-07-05,38.831546783447266,7767500
2007-07-06,41.184051513671875,30181800
2007-07-09,40.34950256347656,12176400
2007-07-10,39.19441223144531,15467000
2007-07-11,39.67216873168945,11065500
2007-07-12,42.3572998046875,32807200
2007-07-13,42.41776657104492,19536500
2007-07-16,41.66183090209961,10519800
2007-07-17,41.438072204589844,7818600
2007-07-18,41.13567352294922,8268900
2007-07-19,41.66183090209961,9325900
2007-07-20,40.77888488769531,10322200
2007-07-23,40.31924819946289,7337900
2007-07-24,39.18836975097656,11001400
2007-07-25,38.952518463134766,9649100
2007-07-26,37.62809371948242,13781000
2007-07-27,37.55549621582031,13275100
2007-07-30,37.99093246459961,8778400
2007-07-31,36.630226135253906,10525300
2007-08-01,36.61208724975586,11559000
2007-08-02,38.1602668762207,11270800
2007-08-03,36.59394073486328,8513000
2007-08-06,37.24708557128906,12358100
2007-08-07,37.89418411254883,10898400
2007-08-08,39.43631362915039,13747600
2007-08-09,37.80950927734375,13879700
2007-08-10,37.71274948120117,12264300
2007-08-13,38.263084411621094,7312200
2007-08-14,36.33995056152344,9085200
2007-08-15,35.14252853393555,11087100
2007-08-16,36.22159194946289,12882000
2007-08-17,37.08848571777344,11741600
2007-08-20,35.821495056152344,10091900
2007-08-21,36.43376159667969,9771500
2007-08-22,38.543418884277344,8653600
2007-08-23,37.59164810180664,5704700
2007-08-24,38.24637222290039,4147300
2007-08-27,37.73713684082031,3633000
2007-08-28,37.05817794799805,9505000
2007-08-29,38.75559616088867,5949800
2007-08-30,38.682857513427734,7713700
2007-08-31,39.96802520751953,7817600
2007-09-04,38.94351577758789,5266800
2007-09-05,37.51283645629883,7801300
2007-09-06,38.42824172973633,6506600
2007-09-07,36.979373931884766,10584900
2007-09-10,36.64592742919922,5866700
2007-09-11,37.46435546875,5375300
2007-09-12,38.022064208984375,7652500
2007-09-13,39.05263137817383,9954500
2007-09-14,39.107200622558594,5476800
2007-09-17,38.44036865234375,3926900
2007-09-18,40.786434173583984,8112700
2007-09-19,40.11957931518555,8255700
2007-09-20,39.76190948486328,5522200
2007-09-21,39.79829406738281,8970200
2007-09-24,38.97990036010742,8414100
2007-09-25,37.191532135009766,16745300
2007-09-26,37.89476013183594,9112400
2007-09-27,37.403717041015625,7313600
2007-09-28,38.53734588623047,8600500
2007-10-01,39.398189544677734,6374300
2007-10-02,39.59825134277344,4018200
2007-10-03,39.84073257446289,5394500
2007-10-04,39.519439697265625,2917200
2007-10-05,40.96223449707031,7733800
2007-10-08,40.19837951660156,3250500
2007-10-09,39.858909606933594,5009900
2007-10-10,39.871036529541016,7621100
2007-10-11,39.17388153076172,10230800
2007-10-12,38.90108108520508,5094000
2007-10-15,38.58584213256836,7295900
2007-10-16,38.59189987182617,5482000
2007-10-17,38.44641876220703,7641400
2007-10-18,37.9857063293457,6304300
2007-10-19,36.839942932128906,9862200
2007-10-22,37.312774658203125,7861800
2007-10-23,37.197608947753906,8373300
2007-10-24,37.403717041015625,8748800
2007-10-25,37.773521423339844,8914900
2007-10-26,38.20999526977539,6284300
2007-10-29,37.88263702392578,8146900
2007-10-30,38.10087203979492,5853300
2007-10-31,37.197608947753906,12594400
2007-11-01,35.44563674926758,14732300
2007-11-02,35.966983795166016,12667200
2007-11-05,35.10614013671875,10589300
2007-11-06,35.730552673339844,13886300
2007-11-07,35.65781021118164,10984500
2007-11-08,35.585060119628906,10686400
2007-11-09,34.063446044921875,12820100
2007-11-12,34.33019256591797,10003900
2007-11-13,36.13065719604492,9178200
2007-11-14,34.41505813598633,11073800
2007-11-15,33.342041015625,12497500
2007-11-16,32.74644088745117,13641500
2007-11-19,32.758602142333984,9022600
2007-11-20,31.415435791015625,26882500
2007-11-21,32.88015365600586,24403100
2007-11-23,34.745994567871094,13580400
2007-11-26,33.56085205078125,13135200
2007-11-27,34.64267349243164,13561800
2007-11-28,36.21072769165039,16808400
2007-11-29,36.125614166259766,9953700
2007-11-30,36.4477424621582,12101500
2007-12-03,36.17423629760742,7359300
2007-12-04,36.11955261230469,16227000
2007-12-05,36.54497528076172,7047400
2007-12-06,33.7735595703125,22224200
2007-12-07,33.73710250854492,8819100
2007-12-10,33.79180145263672,7258800
2007-12-11,32.23591232299805,15119400
2007-12-12,32.321006774902344,13317200
2007-12-13,31.9077205657959,11069600
2007-12-14,31.33641242980957,7686500
2007-12-17,31.55522918701172,15187800
2007-12-18,32.21767807006836,14367700
2007-12-19,31.342496871948242,12032000
2007-12-20,30.515928268432617,18598100
2007-12-21,30.801570892333984,12001000
2007-12-24,31.88947868347168,6031400
2007-12-26,31.09332847595215,9721900
2007-12-27,30.777286529541016,8834300
2007-12-28,30.83805274963379,7390400
2007-12-31,30.38831901550293,9881300
2008-01-02,30.09050750732422,11078500
2008-01-03,30.126962661743164,12350900
2008-01-04,29.22140884399414,15503200
2008-01-07,29.774459838867188,12112000
2008-01-08,29.750141143798828,15212200
2008-01-09,30.339693069458008,13026700
2008-01-10,31.330339431762695,18752700
2008-01-11,30.3579158782959,15944200
2008-01-14,30.686120986938477,9630800
2008-01-15,30.309293746948242,13012800
2008-01-16,30.497709274291992,15845300
2008-01-17,30.351839065551758,13268500
2008-01-18,30.44908332824707,19255200
2008-01-22,32.71607208251953,27658400
2008-01-23,33.056400299072266,25541000
2008-01-24,32.21767807006836,17086000
2008-01-25,31.36073112487793,11255600
2008-01-28,32.49726867675781,10843300
2008-01-29,32.09006118774414,11420200
2008-01-30,31.834802627563477,10626300
2008-01-31,33.682403564453125,19756100
2008-02-01,34.673065185546875,13365400
2008-02-04,32.84977340698242,10297100
2008-02-05,32.05967330932617,10914700
2008-02-06,30.996065139770508,14202200
2008-02-07,32.88015365600586,19418600
2008-02-08,31.9077205657959,10442300
2008-02-11,32.934852600097656,7521600
2008-02-12,32.76469039916992,7811800
2008-02-13,33.129337310791016,7030300
2008-02-14,32.296695709228516,6395600
2008-02-15,32.33935546875,7848300
2008-02-19,31.82139778137207,7654000
2008-02-20,32.540443420410156,9112800
2008-02-21,31.297338485717773,13976400
2008-02-22,31.7299747467041,15567300
2008-02-25,32.449039459228516,12165700
2008-02-26,33.448394775390625,14776000
2008-02-27,33.411842346191406,10627200
2008-02-28,32.796390533447266,7660900
2008-02-29,32.05905532836914,8117400
2008-03-03,32.24184799194336,6936800
2008-03-04,32.333248138427734,8117700
2008-03-05,32.1748161315918,12406000
2008-03-06,31.851865768432617,10296500
2008-03-07,31.687318801879883,10491300
2008-03-10,31.21811294555664,8937600
2008-03-11,31.431394577026367,19362300
2008-03-12,31.13279151916504,11259100
2008-03-13,30.809825897216797,17445600
2008-03-14,30.36499786376953,11598800
2008-03-17,29.554527282714844,13144900
2008-03-18,31.071874618530273,13300500
2008-03-19,30.553913116455078,12967800
2008-03-20,31.900611877441406,11449800
2008-03-24,32.68668746948242,8411100
2008-03-25,32.56480407714844,8856000
2008-03-26,31.949359893798828,12014500
2008-03-27,31.065759658813477,12057900
2008-03-28,30.279666900634766,13370500
2008-03-31,30.8829402923584,12471200
2008-04-01,32.46121597290039,10911300
2008-04-02,32.57091522216797,11549200
2008-04-03,32.449039459228516,5654700
2008-04-04,32.095611572265625,7002400
2008-04-07,32.156532287597656,6007400
2008-04-08,32.45512008666992,7452400
2008-04-09,31.894502639770508,8194400
2008-04-10,32.39418411254883,11577800
2008-04-11,31.669038772583008,8488500
2008-04-14,31.662948608398438,5626700
2008-04-15,32.01637649536133,8038900
2008-04-16,32.68061065673828,6486200
2008-04-17,32.54652404785156,5436100
2008-04-18,33.271690368652344,9490200
2008-04-21,33.24121856689453,8209900
2008-04-22,32.07121658325195,12952500
2008-04-23,31.918903350830078,15437500
2008-04-24,32.235748291015625,11718700
2008-04-25,32.893882751464844,11347900
2008-04-28,32.86951446533203,6278200
2008-04-29,32.967002868652344,9392500
2008-04-30,32.37590789794922,9307400
2008-05-01,33.052337646484375,10065500
2008-05-02,32.851234436035156,8866100
2008-05-05,32.412479400634766,9745600
2008-05-06,32.56480407714844,8355600
2008-05-07,32.56480407714844,10682600
2008-05-08,31.894502639770508,15295200
2008-05-09,31.833572387695312,6592300
2008-05-12,32.58918762207031,7578200
2008-05-13,32.449039459228516,5226300
2008-05-14,32.81466293334961,6478600
2008-05-15,33.576377868652344,8698000
2008-05-16,33.52750778198242,10304400
2008-05-19,33.55194091796875,9513800
2008-05-20,33.16705322265625,13699400
2008-05-21,32.2995491027832,8489200
2008-05-22,32.385066986083984,7786200
2008-05-23,31.7924747467041,7354000
2008-05-27,31.859676361083984,9348600
2008-05-28,31.963537216186523,11698200
2008-05-29,32.837162017822266,9118000
2008-05-30,32.598899841308594,6402900
2008-06-02,32.26900863647461,6574300
2008-06-03,33.60081100463867,19044500
2008-06-04,33.112091064453125,11848700
2008-06-05,33.37478256225586,11434000
2008-06-06,32.08572006225586,12854100
2008-06-09,32.04296112060547,9221000
2008-06-10,32.49504089355469,9309800
2008-06-11,31.52977752685547,9354000
2008-06-12,31.896343231201172,8817300
2008-06-13,32.70887756347656,9449000
2008-06-16,32.433956146240234,6505100
2008-06-17,32.04296112060547,6563400
2008-06-18,31.06546974182129,10872100
2008-06-19,31.645849227905273,9862000
2008-06-20,30.533977508544922,15088700
2008-06-23,29.776432037353516,15612200
2008-06-24,30.03913116455078,14203300
2008-06-25,30.472881317138672,12569300
2008-06-26,29.104406356811523,12923200
2008-06-27,29.244924545288086,12100200
2008-06-30,28.401851654052734,12321800
2008-07-01,29.037214279174805,13175300
2008-07-02,28.524036407470703,11764100
2008-07-03,28.652328491210938,5152300
2008-07-07,28.817283630371094,10711200
2008-07-08,29.733661651611328,10909700
2008-07-09,28.908910751342773,9132200
2008-07-10,27.42436408996582,15760500
2008-07-11,27.332725524902344,14747400
2008-07-14,26.83177947998047,11093000
2008-07-15,26.685152053833008,13795900
2008-07-16,28.212465286254883,14223000
2008-07-17,29.0616512298584,14504600
2008-07-18,28.63399887084961,9493700
2008-07-21,27.89478302001953,7989500
2008-07-22,28.07807159423828,14626400
2008-07-23,28.236907958984375,14873000
2008-07-24,27.418270111083984,10343200
2008-07-25,27.228872299194336,7222800
2008-07-28,26.856204986572266,7180300
2008-07-29,27.906993865966797,7429300
2008-07-30,28.03529167175293,10536800
2008-07-31,27.632081985473633,6417400
2008-08-01,27.29607582092285,7387400
2008-08-04,27.497676849365234,5450000
2008-08-05,29.31824493408203,15155000
2008-08-06,29.33045768737793,9460600
2008-08-07,27.955873489379883,10044900
2008-08-08,29.776432037353516,11854500
2008-08-11,31.29763412475586,27015500
2008-08-12,30.155208587646484,16992500
2008-08-13,29.367109298706055,10799900
2008-08-14,30.332368850708008,11807100
2008-08-15,31.4014949798584,11107500
2008-08-18,30.672225952148438,11202200
2008-08-19,30.46999168395996,12873400
2008-08-20,30.696739196777344,9843200
2008-08-21,31.291173934936523,8409300
2008-08-22,32.27170944213867,12707000
2008-08-25,31.787565231323242,9340600
2008-08-26,32.449440002441406,8891300
2008-08-27,32.388160705566406,7590800
2008-08-28,33.01935958862305,6909000
2008-08-29,32.492332458496094,6025800
2008-09-02,33.73024368286133,12917100
2008-09-03,33.71186828613281,9458000
2008-09-04,32.98872756958008,15770900
2008-09-05,33.7241325378418,15556100
2008-09-08,35.4768180847168,20146600
2008-09-09,34.453399658203125,23753700
2008-09-10,34.77206039428711,12857300
2008-09-11,35.317474365234375,12735400
2008-09-12,35.09072494506836,9796500
2008-09-15,33.95087814331055,14412300
2008-09-16,35.464576721191406,21043700
2008-09-17,32.841644287109375,20772200
2008-09-18,34.03052520751953,22351300
2008-09-19,32.67617416381836,23299000
2008-09-22,30.519020080566406,21086200
2008-09-23,30.34128189086914,14111400
2008-09-24,30.18807601928711,8456700
2008-09-25,30.776403427124023,10043500
2008-09-26,31.542438507080078,9732700
2008-09-29,29.01756477355957,16435100
2008-09-30,30.059391021728516,11575300
2008-10-01,28.950162887573242,14274600
2008-10-02,27.393566131591797,14700100
2008-10-03,26.756223678588867,20846400
2008-10-06,25.95341682434082,23778600
2008-10-07,24.42746353149414,24995600
2008-10-08,25.309938430786133,30508100
2008-10-09,22.99956512451172,17929900
2008-10-10,22.674772262573242,26265300
2008-10-13,25.00965690612793,15275700
2008-10-14,24.378437042236328,14480700
2008-10-15,21.890342712402344,14951700
2008-10-16,23.23243522644043,22895800
2008-10-17,24.12717056274414,15725700
2008-10-20,23.330495834350586,13263900
2008-10-21,23.10375213623047,8799700
2008-10-22,20.47469711303711,18308500
2008-10-23,20.793373107910156,16405800
2008-10-24,20.174413681030273,13003600
2008-10-27,20.03346824645996,10662000
2008-10-28,23.600147247314453,24190600
2008-10-29,24.95450210571289,30513000
2008-10-30,23.52659797668457,17746200
2008-10-31,24.5867977142334,15085200
2008-11-03,24.096542358398438,6305600
2008-11-04,25.340585708618164,12090600
2008-11-05,23.13439178466797,11120900
2008-11-06,21.737136840820312,16987400
2008-11-07,22.3806095123291,8797600
2008-11-10,22.239654541015625,7090100
2008-11-11,21.97000503540039,7316000
2008-11-12,20.39503288269043,10225400
2008-11-13,21.65134048461914,13471400
2008-11-14,20.2418270111084,11809100
2008-11-17,19.414501190185547,18703500
2008-11-18,18.515220642089844,20321900
2008-11-19,16.605798721313477,39770700
2008-11-20,17.246387481689453,25409100
2008-11-21,17.2956600189209,22217200
2008-11-24,18.74928092956543,19557000
2008-11-25,19.716312408447266,16165100
2008-11-26,21.638050079345703,14860000
2008-11-28,20.794214248657227,5241800
2008-12-01,18.19493865966797,14257200
2008-12-02,19.4206600189209,14624800
2008-12-03,21.237689971923828,18550300
2008-12-04,20.966670989990234,15762900
2008-12-05,21.533342361450195,13721300
2008-12-08,23.602907180786133,21197200
2008-12-09,23.393489837646484,19069000
2008-12-10,23.929357528686523,14153400
2008-12-11,23.128639221191406,19666800
2008-12-12,22.075380325317383,19630200
2008-12-15,21.367036819458008,10937800
2008-12-16,22.26015853881836,9943300
2008-12-17,22.00761604309082,10679600
2008-12-18,21.816675186157227,13750900
2008-12-19,21.200740814208984,12705100
2008-12-22,20.190582275390625,11044200
2008-12-23,19.679363250732422,7348000
2008-12-24,19.925735473632812,3710000
2008-12-26,19.857980728149414,4192600
2008-12-29,19.95037269592285,9485100
2008-12-30,20.664865493774414,6320300
2008-12-31,21.26848030090332,6760700
2009-01-02,21.330081939697266,8066500
2009-01-05,22.26015853881836,8750900
2009-01-06,23.473554611206055,14464400
2009-01-07,22.7960262298584,10041400
2009-01-08,23.110158920288086,18905200
2009-01-09,21.804363250732422,9625000
2009-01-12,21.625734329223633,8718600
2009-01-13,21.521020889282227,8414100
2009-01-14,20.757247924804688,8619800
2009-01-15,21.508708953857422,12320500
2009-01-16,21.57029151916504,8752100
2009-01-20,20.04892349243164,11302200
2009-01-21,21.02827262878418,12536700
2009-01-22,20.892765045166016,11671000
2009-01-23,20.572477340698242,9628200
2009-01-26,20.418489456176758,11096700
2009-01-27,20.5355224609375,10944000
2009-01-28,21.508708953857422,10965100
2009-01-29,20.141313552856445,12924000
2009-01-30,19.217405319213867,15832500
2009-02-02,18.601459503173828,17155500
2009-02-03,19.777910232543945,24485000
2009-02-04,19.303630828857422,20745200
2009-02-05,19.888782501220703,19482200
2009-02-06,20.338417053222656,17308300
2009-02-09,20.159799575805664,11995400
2009-02-10,19.272842407226562,14187900
2009-02-11,19.556175231933594,7799300
2009-02-12,19.001821517944336,28205400
2009-02-13,18.527542114257812,9543000
2009-02-17,18.2503662109375,12896000
2009-02-18,18.231792449951172,21037500
2009-02-19,18.510467529296875,9996000
2009-02-20,18.423768997192383,12262700
2009-02-23,17.606313705444336,10721500
2009-02-24,17.2347469329834,26996500
2009-02-25,17.08611488342285,28313000
2009-02-26,17.228544235229492,13167000
2009-02-27,17.532001495361328,17297600
2009-03-02,16.94986915588379,12331900
2009-03-03,16.070484161376953,30336100
2009-03-04,16.819814682006836,13676200
2009-03-05,16.29342269897461,13311700
2009-03-06,15.884700775146484,12434600
2009-03-09,15.71129322052002,11816500
2009-03-10,16.85078239440918,13459800
2009-03-11,16.658809661865234,15474000
2009-03-12,17.643474578857422,12663900
2009-03-13,18.56001853942871,16870100
2009-03-16,17.85403060913086,11136300
2009-03-17,18.85727310180664,10204800
2009-03-18,19.557065963745117,18579200
2009-03-19,19.464174270629883,10966900
2009-03-20,18.79534149169922,11573400
2009-03-23,20.48599624633789,14772300
2009-03-24,20.47360610961914,9971700
2009-03-25,20.578887939453125,13303200
2009-03-26,21.63167381286621,15375200
2009-03-27,21.161014556884766,9526600
2009-03-30,20.60985565185547,9198200
2009-03-31,21.29726219177246,13802000
2009-04-01,21.29107093811035,10347200
2009-04-02,22.331470489501953,12031600
2009-04-03,22.715436935424805,10639800
2009-04-06,21.953704833984375,9772500
2009-04-07,21.693603515625,7659400
2009-04-08,23.285171508789062,17798600
2009-04-09,24.70333480834961,24532300
2009-04-13,24.907697677612305,10584400
2009-04-14,24.19551658630371,14979300
2009-04-15,23.86729621887207,11755100
2009-04-16,24.678564071655273,10790100
2009-04-17,25.105867385864258,12032900
2009-04-20,23.532878875732422,15067400
2009-04-21,23.991161346435547,11243600
2009-04-22,24.29461097717285,13956200
2009-04-23,23.960187911987305,9762400
2009-04-24,24.820993423461914,12474000
2009-04-27,24.393688201904297,8684800
2009-04-28,24.536123275756836,9626700
2009-04-29,24.92629051208496,11616200
2009-04-30,25.551761627197266,12744200
2009-05-01,24.80242347717285,9196900
2009-05-04,25.11206817626953,10130900
2009-05-05,25.551761627197266,9723400
2009-05-06,25.681808471679688,10685600
2009-05-07,26.424951553344727,14925500
2009-05-08,27.118553161621094,11975700
2009-05-11,26.462116241455078,12052500
2009-05-12,26.3382511138916,8574500
2009-05-13,25.062524795532227,12665500
2009-05-14,25.068714141845703,8525300
2009-05-15,25.00058364868164,10744300
2009-05-18,25.970535278320312,9445000
2009-05-19,26.07621955871582,9228700
2009-05-20,26.69797134399414,21713200
2009-05-21,25.864822387695312,14277200
2009-05-22,25.33011817932129,8483200
2009-05-26,25.49176597595215,11534800
2009-05-27,24.621326446533203,12555600
2009-05-28,24.3353214263916,11561400
2009-05-29,24.434799194335938,11770700
2009-06-01,25.90835189819336,13152400
2009-06-02,25.665870666503906,9671200
2009-06-03,25.47313117980957,13958700
2009-06-04,25.460693359375,13665600
2009-06-05,25.174673080444336,11712500
2009-06-08,25.47934341430664,7295400
2009-06-09,25.57882308959961,7417100
2009-06-10,25.100074768066406,9762400
2009-06-11,24.59023666381836,8488900
2009-06-12,25.106290817260742,6898300
2009-06-15,24.938430786132812,9438800
2009-06-16,24.012006759643555,9418600
2009-06-17,24.27936553955078,12031900
2009-06-18,24.248273849487305,6664300
2009-06-19,24.60890007019043,8055900
2009-06-22,24.540494918823242,9254200
2009-06-23,23.825485229492188,10006700
2009-06-24,24.049312591552734,8476800
2009-06-25,25.062768936157227,12328000
2009-06-26,24.602680206298828,7744300
2009-06-29,24.65241241455078,6433700
2009-06-30,24.540494918823242,7532400
2009-07-01,24.05553436279297,8747000
2009-07-02,23.284568786621094,8634700
2009-07-06,23.37782859802246,6713900
2009-07-07,22.84933853149414,6253100
2009-07-08,23.166433334350586,8004500
2009-07-09,23.86901092529297,15045300
2009-07-10,23.502174377441406,8503700
2009-07-13,23.837923049926758,8386900
2009-07-14,23.980924606323242,7142300
2009-07-15,24.72701644897461,9166800
2009-07-16,24.602680206298828,8019100
2009-07-17,24.59645652770996,5700300
2009-07-20,24.83272933959961,8204300
2009-07-21,24.90733528137207,8386000
2009-07-22,25.59746551513672,8626900
2009-07-23,26.26275062561035,11859400
2009-07-24,26.554969787597656,6885700
2009-07-27,26.64823341369629,4003600
2009-07-28,26.865856170654297,6203400
2009-07-29,27.095905303955078,6422200
2009-07-30,27.108327865600586,4731900
2009-07-31,27.120769500732422,11652200
2009-08-03,26.76015281677246,8215000
2009-08-04,26.219221115112305,7865000
2009-08-05,25.995397567749023,10085600
2009-08-06,25.933210372924805,14009400
2009-08-07,26.691747665405273,16928500
2009-08-10,26.10108757019043,7899700
2009-08-11,26.23788070678711,8287600
2009-08-12,26.430622100830078,6333600
2009-08-13,26.26275062561035,15854000
2009-08-14,26.13216781616211,7127600
2009-08-17,25.728044509887695,7677100
2009-08-18,27.669658660888672,20120100
2009-08-19,28.125404357910156,15959200
2009-08-20,28.26275634765625,7820600
2009-08-21,28.506244659423828,6096600
2009-08-24,28.20033836364746,6538900
2009-08-25,29.01194190979004,11087200
2009-08-26,29.60504150390625,10179500
2009-08-27,29.523876190185547,7195200
2009-08-28,29.586301803588867,6601100
2009-08-31,29.34283447265625,8105400
2009-09-01,29.08062171936035,10369000
2009-09-02,28.887075424194336,8034700
2009-09-03,29.386531829833984,12238200
2009-09-04,29.41775131225586,6052800
2009-09-08,29.536357879638672,8562100
2009-09-09,29.748628616333008,8003400
2009-09-10,30.07326889038086,6848500
2009-09-11,29.935924530029297,6209800
2009-09-14,29.60504150390625,6682700
2009-09-15,29.661226272583008,7104600
2009-09-16,30.260578155517578,6574700
2009-09-17,30.385433197021484,7146800
2009-09-18,30.460346221923828,6274600
2009-09-21,30.491558074951172,4071300
2009-09-22,30.067033767700195,6967400
2009-09-23,29.69244384765625,5619300
2009-09-24,29.748628616333008,5384200
2009-09-25,28.899574279785156,8414600
2009-09-28,29.786087036132812,6022000
2009-09-29,29.517637252807617,5473100
2009-09-30,29.14305877685547,9389200
2009-10-01,29.074377059936523,7220100
2009-10-02,28.730995178222656,6094700
2009-10-05,29.29914093017578,5453900
2009-10-06,30.023340225219727,7075500
2009-10-07,30.28553009033203,7311700
2009-10-08,30.803728103637695,12095400
2009-10-09,31.147096633911133,8251400
2009-10-12,30.966045379638672,7273000
2009-10-13,31.27821159362793,7676500
2009-10-14,32.05860137939453,9284500
2009-10-15,31.477981567382812,8629800
2009-10-16,31.265729904174805,6769200
2009-10-19,31.459264755249023,5167700
2009-10-20,31.19704818725586,4338200
2009-10-21,30.529024124145508,7883100
2009-10-22,30.897384643554688,6838200
2009-10-23,30.61018943786621,5971800
2009-10-26,30.516542434692383,4953000
2009-10-27,30.248090744018555,6532900
2009-10-28,30.116968154907227,9569800
2009-10-29,30.92234230041504,7408000
2009-10-30,30.235591888427734,10165900
2009-11-02,30.803728103637695,7133200
2009-11-03,30.747547149658203,7137700
2009-11-04,30.7600154876709,7232700
2009-11-05,31.028484344482422,8271500
2009-11-06,31.028484344482422,5293300
2009-11-09,31.496707916259766,8792600
2009-11-10,31.52169418334961,4833300
2009-11-11,31.284456253051758,5304000
2009-11-12,30.547754287719727,9597800
2009-11-13,30.58521842956543,10022200
2009-11-16,31.396821975708008,10966500
2009-11-17,30.4478759765625,23494700
2009-11-18,29.990520477294922,11592500
2009-11-19,30.009315490722656,8746600
2009-11-20,29.733646392822266,7729500
2009-11-23,29.60835075378418,7176700
2009-11-24,29.733646392822266,5863000
2009-11-25,29.9654483795166,4333900
2009-11-27,29.88401985168457,4244300
2009-11-30,29.169801712036133,12868200
2009-12-01,29.307636260986328,9542800
2009-12-02,29.896547317504883,11267200
2009-12-03,29.038230895996094,14367600
2009-12-04,28.59343147277832,17511600
2009-12-07,29.031980514526367,8642600
2009-12-08,28.737518310546875,6370500
2009-12-09,28.38042449951172,6643500
2009-12-10,28.812705993652344,7746300
2009-12-11,29.401620864868164,7553000
2009-12-14,29.971729278564453,8979600
2009-12-15,29.85894775390625,7023300
2009-12-16,29.746185302734375,5365900
2009-12-17,29.75871467590332,7612000
2009-12-18,30.22232437133789,10493400
2009-12-21,30.90520477294922,8023200
2009-12-22,30.566884994506836,5161200
2009-12-23,30.6044864654541,4639600
2009-12-24,30.47918701171875,1508900
2009-12-28,30.353885650634766,4196400
2009-12-29,30.435346603393555,3761400
2009-12-30,30.510522842407227,2940700
2009-12-31,30.303781509399414,3235900
2010-01-04,30.416540145874023,4589100
2010-01-05,30.5293025970459,4760100
2010-01-06,31.111953735351562,7217400
2010-01-07,31.494123458862305,12531000
2010-01-08,31.368824005126953,6512800
2010-01-11,31.437740325927734,3751700
2010-01-12,30.911466598510742,5472000
2010-01-13,30.911466598510742,4793400
2010-01-14,31.387609481811523,7498700
2010-01-15,31.43147850036621,9093100
2010-01-19,32.0767707824707,9924900
2010-01-20,31.776046752929688,8591500
2010-01-21,31.46280288696289,9239600
2010-01-22,31.56304168701172,11722400
2010-01-25,31.807363510131836,8908700
2010-01-26,32.59050750732422,13054200
2010-01-27,32.55290603637695,11010600
2010-01-28,32.521583557128906,8252700
2010-01-29,32.1206169128418,9523400
2010-02-01,32.00785446166992,8797500
2010-02-02,31.838693618774414,13402900
2010-02-03,31.70086097717285,7192400
2010-02-04,30.7423095703125,15325900
2010-02-05,30.88641357421875,7345800
2010-02-08,30.560636520385742,4944100
2010-02-09,30.786169052124023,4628400
2010-02-10,30.667146682739258,4433700
2010-02-11,30.798690795898438,4716400
2010-02-12,30.47293472290039,8710900
2010-02-16,31.38136100769043,5788600
2010-02-17,31.808818817138672,5474300
2010-02-18,31.896835327148438,4882200
2010-02-19,31.890539169311523,5172500
2010-02-22,31.833972930908203,4000300
2010-02-23,31.469364166259766,15695000
2010-02-24,32.05400085449219,9273500
2010-02-25,32.02885055541992,8211800
2010-02-26,32.38716506958008,4189600
2010-03-01,32.839778900146484,4883600
2010-03-02,32.48146438598633,4805300
2010-03-03,32.48774719238281,3993500
2010-03-04,33.279815673828125,6891400
2010-03-05,33.62556076049805,4503300
2010-03-08,33.619293212890625,3261700
2010-03-09,33.22953414916992,3597600
2010-03-10,33.09123229980469,4164700
2010-03-11,33.19810485839844,3217600
2010-03-12,33.3678092956543,3757400
2010-03-15,33.612998962402344,3841300
2010-03-16,33.59413528442383,2844600
2010-03-17,33.43069076538086,3488500
2010-03-18,33.34269332885742,4068400
2010-03-19,33.506134033203125,5225500
2010-03-22,33.870731353759766,3767300
2010-03-23,33.877010345458984,3173600
2010-03-24,33.55013656616211,4685500
2010-03-25,33.60043716430664,3540700
2010-03-26,34.17875671386719,4888000
2010-03-29,33.9210205078125,3607300
2010-03-30,33.7827262878418,3079300
2010-03-31,33.06608200073242,6467400
2010-04-01,33.39925765991211,5057800
2010-04-05,33.7952995300293,4241000
2010-04-06,34.00275421142578,4355700
2010-04-07,33.95246124267578,6541800
2010-04-08,34.97712707519531,11861900
2010-04-09,34.99599075317383,7134600
2010-04-12,35.19086837768555,4535500
2010-04-13,35.492610931396484,5908500
2010-04-14,35.668636322021484,4475700
2010-04-15,35.58060836791992,3772300
2010-04-16,35.19715118408203,6310000
2010-04-19,35.24742889404297,5624700
2010-04-20,35.291446685791016,4167300
2010-04-21,35.7880744934082,5472100
2010-04-22,36.20924758911133,4998100
2010-04-23,36.42298126220703,5318000
2010-04-26,36.49214553833008,5507300
2010-04-27,35.62462615966797,5898900
2010-04-28,35.5869140625,5192100
2010-04-29,36.05209732055664,3739500
2010-04-30,35.75035095214844,6571200
2010-05-03,35.82579040527344,5127400
2010-05-04,34.93940734863281,6793900
2010-05-05,35.24115753173828,11130600
2010-05-06,34.58736801147461,14732900
2010-05-07,34.13474655151367,11650400
2010-05-10,35.62462615966797,7906800
2010-05-11,35.379451751708984,4479900
2010-05-12,35.913795471191406,4736900
2010-05-13,34.618812561035156,7770500
2010-05-14,34.681678771972656,8092800
2010-05-17,35.23485565185547,7600000
2010-05-18,34.18815994262695,8566000
2010-05-19,34.06835174560547,10166400
2010-05-20,33.28017807006836,10634700
2010-05-21,34.27012634277344,11596600
2010-05-24,34.23229217529297,6131100
2010-05-25,34.41515350341797,8474100
2010-05-26,33.79092025756836,9305500
2010-05-27,34.87545394897461,5639800
2010-05-28,34.38364028930664,5089600
2010-06-01,33.99269104003906,4590900
2010-06-02,34.28274154663086,6187400
2010-06-03,34.352108001708984,5819900
2010-06-04,33.29278564453125,6302600
2010-06-07,32.78834915161133,5748200
2010-06-08,33.05318069458008,6825600
2010-06-09,33.02165985107422,6082200
2010-06-10,33.803531646728516,4915300
2010-06-11,33.8665885925293,3457800
2010-06-14,34.080970764160156,3905700
2010-06-15,34.42776107788086,4388200
2010-06-16,34.162940979003906,4297800
2010-06-17,34.12510681152344,5093000
2010-06-18,33.84135818481445,8810100
2010-06-21,33.34953689575195,8359000
2010-06-22,32.96488952636719,9440200
2010-06-23,33.210819244384766,5855000
2010-06-24,31.987560272216797,9736000
2010-06-25,31.842540740966797,8414200
2010-06-28,31.47681999206543,6147700
2010-06-29,30.89672088623047,10199500
2010-06-30,31.00391960144043,9576100
2010-07-01,31.281362533569336,10683000
2010-07-02,31.230897903442383,5492400
2010-07-06,31.483131408691406,8557300
2010-07-07,31.79839515686035,7568800
2010-07-08,31.539875030517578,9063700
2010-07-09,31.432680130004883,5319100
2010-07-12,30.997591018676758,5637700
2010-07-13,31.457910537719727,6053400
2010-07-14,31.30657386779785,5210800
2010-07-15,32.025390625,6685600
2010-07-16,31.703819274902344,8912200
2010-07-19,31.672279357910156,4050100
2010-07-20,32.17673110961914,5492600
2010-07-21,31.63446044921875,4183300
2010-07-22,32.44786834716797,4522500
2010-07-23,32.718994140625,5377500
2010-07-26,33.324310302734375,5447000
2010-07-27,32.870323181152344,4088300
2010-07-28,32.66224670410156,4252200
2010-07-29,32.479400634765625,4624700
2010-07-30,32.359580993652344,7277000
2010-08-02,32.63071823120117,5934100
2010-08-03,32.145198822021484,5756500
2010-08-04,32.473087310791016,4821700
2010-08-05,33.330623626708984,7022700
2010-08-06,32.99011993408203,4869900
2010-08-09,33.63958740234375,5365500
2010-08-10,33.38106155395508,3768200
2010-08-11,32.79466247558594,3712400
2010-08-12,32.668548583984375,4206500
2010-08-13,32.03800582885742,3833900
2010-08-16,31.981252670288086,3128000
2010-08-17,32.113685607910156,6146700
2010-08-18,32.91841506958008,16317000
2010-08-19,32.855045318603516,8392900
2010-08-20,33.045143127441406,5527300
2010-08-23,32.95643997192383,4054500
2010-08-24,32.65228271484375,6288500
2010-08-25,32.67761993408203,10250600
2010-08-26,32.734642028808594,4969500
2010-08-27,32.78534698486328,6555200
2010-08-30,32.1897087097168,5379200
2010-08-31,32.4178352355957,7301700
2010-09-01,33.102176666259766,5222000
2010-09-02,33.29859161376953,7957200
2010-09-03,33.47602844238281,5570900
2010-09-07,33.15920639038086,3280600
2010-09-08,33.260581970214844,5884300
2010-09-09,33.406314849853516,3719000
2010-09-10,33.62175369262695,3418600
2010-09-13,33.70414733886719,3546300
2010-09-14,34.058982849121094,5242100
2010-09-15,34.06533432006836,3213000
2010-09-16,34.192054748535156,3294200
2010-09-17,34.05266189575195,5392300
2010-09-20,34.59759521484375,3603300
2010-09-21,34.26176071166992,4770000
2010-09-22,34.28077697753906,3742600
2010-09-23,34.0716667175293,3246200
2010-09-24,34.88274383544922,4428600
2010-09-27,34.46452713012695,4152900
2010-09-28,34.553253173828125,6355900
2010-09-29,33.92593002319336,6166300
2010-09-30,33.86256408691406,7182400
2010-10-01,33.88157272338867,5092100
2010-10-04,33.84988784790039,4672700
2010-10-05,34.369483947753906,5489900
2010-10-06,34.26176071166992,5683800
2010-10-07,34.420188903808594,7053000
2010-10-08,34.34412384033203,6613700
2010-10-11,34.756019592285156,4470300
2010-10-12,34.686317443847656,5787300
2010-10-13,34.483543395996094,4053900
2010-10-14,34.26176071166992,5660600
2010-10-15,34.426517486572266,4208600
2010-10-18,34.24275207519531,4347800
2010-10-19,33.900577545166016,5801900
2010-10-20,34.331459045410156,5154000
2010-10-21,34.3504753112793,5364600
2010-10-22,34.13502883911133,4816400
2010-10-25,34.06533432006836,4156700
2010-10-26,33.67245864868164,5379700
2010-10-27,33.41267776489258,6471700
2010-10-28,33.17822265625,6192800
2010-10-29,32.912078857421875,6469400
2010-11-01,33.887908935546875,11881600
2010-11-02,34.18571472167969,5154300
2010-11-03,34.19839096069336,5374100
2010-11-04,34.69898223876953,9336300
2010-11-05,34.94610595703125,4515600
2010-11-08,34.78769302368164,2714300
2010-11-09,34.50888442993164,2978900
2010-11-10,34.58493423461914,3470200
2010-11-11,34.40749740600586,3589000
2010-11-12,34.33781051635742,4188800
2010-11-15,34.318790435791016,3506800
2010-11-16,34.08433151245117,5933800
2010-11-17,35.40848922729492,10691900
2010-11-18,35.2175178527832,7912900
2010-11-19,35.847774505615234,9116300
2010-11-22,35.50399398803711,6253200
2010-11-23,35.16658401489258,6330100
2010-11-24,36.44618606567383,6958600
2010-11-26,36.19152069091797,2051300
2010-11-29,35.86050033569336,5770800
2010-11-30,36.24883270263672,6755500
2010-12-01,36.93635940551758,5687500
2010-12-02,37.97406768798828,10728500
2010-12-03,37.63665771484375,6837500
2010-12-06,37.70667266845703,4132600
2010-12-07,37.617549896240234,4622800
2010-12-08,37.64300537109375,2691700
2010-12-09,37.82126235961914,4661800
2010-12-10,37.528419494628906,3901400
2010-12-13,37.42656707763672,3518600
2010-12-14,37.611175537109375,4123800
2010-12-15,37.42019271850586,4698700
2010-12-16,37.59845733642578,3787800
2010-12-17,37.254676818847656,6878700
2010-12-20,37.30561065673828,2830300
2010-12-21,38.005882263183594,5601400
2010-12-22,38.215965270996094,5428900
2010-12-23,38.362396240234375,3334400
2010-12-27,38.22871017456055,1676800
2010-12-28,38.13957595825195,2129600
2010-12-29,38.12684631347656,2744200
2010-12-30,38.165042877197266,1728000
2010-12-31,38.27962875366211,1988200
2011-01-03,38.687068939208984,5362000
2011-01-04,38.19049835205078,4105000
2011-01-05,37.522071838378906,7343400
2011-01-06,34.96921920776367,28555900
2011-01-07,35.04563522338867,12546400
2011-01-10,35.15385818481445,10861700
2011-01-11,35.13475799560547,8239700
2011-01-12,35.30027770996094,8210400
2011-01-13,35.28116226196289,7178800
2011-01-14,35.0583610534668,6340900
2011-01-18,34.778255462646484,6383000
2011-01-19,34.71458053588867,11887700
2011-01-20,35.36394119262695,7778100
2011-01-21,35.4785270690918,5939300
2011-01-24,35.5230827331543,5538100
2011-01-25,35.618587493896484,6268700
2011-01-26,35.389408111572266,4396700
2011-01-27,34.905582427978516,9727600
2011-01-28,34.599998474121094,5657900
2011-01-31,34.905582427978516,6002600
2011-02-01,34.78461456298828,6555100
2011-02-02,34.03340530395508,12448900
2011-02-03,34.41537857055664,8349600
2011-02-04,34.549068450927734,5221300
2011-02-07,34.88648223876953,5203700
2011-02-08,35.2620735168457,4720300
2011-02-09,35.02014923095703,4932600
2011-02-10,34.73367691040039,4399800
2011-02-11,34.625457763671875,5743700
2011-02-14,34.29928207397461,5850800
2011-02-15,34.44638442993164,5926400
2011-02-16,34.369651794433594,5313700
2011-02-17,33.9922981262207,7465500
2011-02-18,33.1928596496582,23068400
2011-02-22,32.66203689575195,14844000
2011-02-23,32.14399337768555,17860500
2011-02-24,33.25681686401367,17166900
2011-02-25,33.487056732177734,9493900
2011-02-28,33.60856628417969,6727000
2011-03-01,33.55740737915039,10232600
2011-03-02,33.448692321777344,9351300
2011-03-03,33.30797576904297,12971300
2011-03-04,33.03297805786133,11071900
2011-03-07,32.80912780761719,7924400
2011-03-08,32.94345474243164,8526200
2011-03-09,33.02656936645508,4886100
2011-03-10,32.7195930480957,5221800
2011-03-11,32.95622634887695,5800500
2011-03-14,32.66203689575195,4481500
2011-03-15,32.52132797241211,5612400
2011-03-16,32.399810791015625,5850400
2011-03-17,32.22073745727539,5575800
2011-03-18,31.971309661865234,15492100
2011-03-21,32.431793212890625,6327900
2011-03-22,32.2974967956543,5525300
2011-03-23,32.13119888305664,5720100
2011-03-24,32.36783218383789,6087100
2011-03-25,31.945735931396484,9873900
2011-03-28,31.68990135192871,6259200
2011-03-29,31.440471649169922,9378700
2011-03-30,32.14399337768555,7642300
2011-03-31,31.984106063842773,6268100
2011-04-01,32.20793914794922,5934700
2011-04-04,32.016082763671875,5394900
2011-04-05,32.45098114013672,6706200
2011-04-06,32.591678619384766,5367400
2011-04-07,31.734664916992188,12467800
2011-04-08,31.67711639404297,8381400
2011-04-11,31.504430770874023,5478000
2011-04-12,32.25912094116211,9932700
2011-04-13,32.03525924682617,5796100
2011-04-14,31.99049949645996,4161400
2011-04-15,32.13119888305664,5315100
2011-04-18,32.150394439697266,4212200
2011-04-19,31.862586975097656,7162700
2011-04-20,32.00968933105469,5237400
2011-04-21,31.913759231567383,4174400
2011-04-25,31.657926559448242,3665400
2011-04-26,31.881763458251953,6400000
2011-04-27,32.355037689208984,5313100
2011-04-28,32.118408203125,4713700
2011-04-29,31.40209197998047,9155000
2011-05-02,31.210233688354492,10163500
2011-05-03,31.446889877319336,7943800
2011-05-04,31.46604347229004,8188600
2011-05-05,32.195159912109375,13181300
2011-05-06,32.30388641357422,8800100
2011-05-09,31.97771453857422,4757400
2011-05-10,32.27829360961914,4612600
2011-05-11,32.49575424194336,7527400
2011-05-12,33.10332107543945,7932000
2011-05-13,32.949832916259766,6292800
2011-05-16,32.352142333984375,7049600
2011-05-17,32.634910583496094,6113500
2011-05-18,32.10792541503906,20200000
2011-05-19,32.320003509521484,7400700
2011-05-20,31.93441390991211,8131400
2011-05-23,31.818723678588867,4945800
2011-05-24,31.645200729370117,6230400
2011-05-25,31.722312927246094,5864500
2011-05-26,31.754478454589844,6416600
2011-05-27,31.728736877441406,2940700
2011-05-31,31.83156394958496,5666600
2011-06-01,31.20818328857422,8454600
2011-06-02,30.816160202026367,9610000
2011-06-03,30.462678909301758,6389700
2011-06-06,30.436975479125977,6071700
2011-06-07,30.244176864624023,6715000
2011-06-08,30.115646362304688,7939200
2011-06-09,30.308448791503906,6177900
2011-06-10,30.01282501220703,6467800
2011-06-13,29.83930015563965,5930000
2011-06-14,30.391986846923828,7024100
2011-06-15,30.019245147705078,5503700
2011-06-16,29.85215187072754,5612100
2011-06-17,29.903545379638672,9075600
2011-06-20,30.35984992980957,5650000
2011-06-21,30.64263153076172,4958800
2011-06-22,30.089935302734375,5489700
2011-06-23,30.610498428344727,7581800
2011-06-24,29.77501678466797,12521200
2011-06-27,29.858579635620117,8301100
2011-06-28,30.00638771057129,6258200
2011-06-29,29.877851486206055,5648200
2011-06-30,30.147783279418945,7011500
2011-07-01,30.80330467224121,5428200
2011-07-05,30.55908966064453,5600500
2011-07-06,31.13106918334961,6942600
2011-07-07,33.2068977355957,22113000
2011-07-08,32.86628723144531,9819200
2011-07-11,32.57707977294922,4802800
2011-07-12,32.73774337768555,5827000
2011-07-13,32.66705322265625,6394300
2011-07-14,32.641334533691406,7170300
2011-07-15,32.834144592285156,8227300
2011-07-18,32.51280212402344,5829100
2011-07-19,32.96910858154297,7117800
2011-07-20,32.750606536865234,5782300
2011-07-21,33.24544906616211,6371000
2011-07-22,33.296875,3985300
2011-07-25,32.86628723144531,3376200
2011-07-26,32.525665283203125,5895500
2011-07-27,32.35856628417969,5372900
2011-07-28,32.40999221801758,4263900
2011-07-29,33.09122085571289,9507500
2011-08-01,32.8405876159668,8813100
2011-08-02,31.458831787109375,8307400
2011-08-03,31.97295379638672,9521800
2011-08-04,30.72618293762207,12894500
2011-08-05,31.26603126525879,11255100
2011-08-08,29.845727920532227,13016000
2011-08-09,31.458831787109375,14367600
2011-08-10,30.01282501220703,9750200
2011-08-11,30.379135131835938,12130700
2011-08-12,31.15676498413086,6869900
2011-08-15,31.11821746826172,5971100
2011-08-16,31.926557540893555,8853800
2011-08-17,32.68965148925781,21727300
2011-08-18,32.747840881347656,14249600
2011-08-19,32.282222747802734,8574400
2011-08-22,32.366294860839844,6144100
2011-08-23,32.74137878417969,6226200
2011-08-24,32.980648040771484,4895800
2011-08-25,32.52796936035156,4619700
2011-08-26,32.870704650878906,4688400
2011-08-29,33.20051193237305,4377000
2011-08-30,32.95478820800781,6497200
2011-08-31,33.413917541503906,9410400
2011-09-01,33.01945495605469,7921800
2011-09-02,32.14643096923828,4702400
2011-09-06,31.90717124938965,5175000
2011-09-07,32.70904541015625,5700300
2011-09-08,32.715511322021484,9835200
2011-09-09,32.346900939941406,7976600
2011-09-12,32.40510940551758,5302500
2011-09-13,32.94831085205078,6606200
2011-09-14,33.161720275878906,6868200
2011-09-15,33.433319091796875,4925700
2011-09-16,34.05413818359375,11127500
2011-09-19,34.11878967285156,6356100
2011-09-20,33.80839157104492,4411200
2011-09-21,33.25872039794922,4833700
2011-09-22,31.771352767944336,13278100
2011-09-23,31.7778263092041,8057700
2011-09-26,32.734893798828125,5928600
2011-09-27,32.612022399902344,7628300
2011-09-28,32.32750701904297,7616800
2011-09-29,32.482696533203125,7887500
2011-09-30,31.71315574645996,8794500
2011-10-03,30.911273956298828,8410500
2011-10-04,31.991226196289062,10200000
2011-10-05,32.17877197265625,6120000
2011-10-06,33.56912612915039,13756000
2011-10-07,33.34279251098633,7249800
2011-10-10,34.03472900390625,4816900
2011-10-11,34.319271087646484,6647000
2011-10-12,34.112335205078125,5562700
2011-10-13,34.099395751953125,4658000
2011-10-14,34.241676330566406,4802100
2011-10-17,34.2093391418457,4042300
2011-10-18,34.687889099121094,5611600
2011-10-19,34.4486083984375,4203400
2011-10-20,34.73314666748047,4702300
2011-10-21,35.33456039428711,5880900
2011-10-24,35.386295318603516,4376700
2011-10-25,35.17935562133789,3881400
2011-10-26,35.664371490478516,6543300
2011-10-27,35.92949676513672,7589200
2011-10-28,35.722572326660156,5384900
2011-10-31,35.40568923950195,4293900
2011-11-01,34.02180099487305,16462300
2011-11-02,34.2222900390625,12183000
2011-11-03,33.78253936767578,10045000
2011-11-04,33.73727035522461,5265500
2011-11-07,34.16407012939453,3869400
2011-11-08,34.30635070800781,5203000
2011-11-09,33.42685317993164,5876900
2011-11-10,33.47858810424805,3927200
2011-11-11,34.319271087646484,4291900
2011-11-14,34.241249084472656,3747000
2011-11-15,34.585914611816406,6530100
2011-11-16,34.42983627319336,13135800
2011-11-17,34.23472213745117,6392700
2011-11-18,34.46885681152344,6125100
2011-11-21,34.169677734375,5908200
2011-11-22,34.26723861694336,5393100
2011-11-23,33.51283264160156,5225000
2011-11-25,33.30472183227539,2330100
2011-11-28,33.57786560058594,4721200
2011-11-29,33.97459030151367,5617300
2011-11-30,34.27375030517578,9160800
2011-12-01,33.91605758666992,8934100
2011-12-02,34.390811920166016,7522500
2011-12-05,34.676979064941406,4379000
2011-12-06,34.89809799194336,4199500
2011-12-07,35.24277877807617,8397100
2011-12-08,34.77452850341797,5069000
2011-12-09,34.79403305053711,3975800
2011-12-12,34.77452850341797,4388600
2011-12-13,34.34529113769531,4487300
2011-12-14,34.13065719604492,3428000
2011-12-15,33.8640251159668,3650500
2011-12-16,33.94858169555664,4165300
2011-12-19,33.454307556152344,3143300
2011-12-20,33.6754150390625,6704400
2011-12-21,33.63639831542969,6752600
2011-12-22,33.34374237060547,5842800
2011-12-23,33.623390197753906,3340800
2011-12-27,33.8900260925293,3652900
2011-12-28,33.62990951538086,2999400
2011-12-29,33.610389709472656,3158100
2011-12-30,33.31122589111328,2558900
2012-01-03,33.24619674682617,7627900
2012-01-04,32.51778030395508,14091600
2012-01-05,31.548757553100586,19509400
2012-01-06,31.83491325378418,12595700
2012-01-09,31.587779998779297,6795300
2012-01-10,31.730850219726562,6325500
2012-01-11,31.886938095092773,3988300
2012-01-12,32.39421844482422,7093700
2012-01-13,32.400726318359375,6843600
2012-01-17,32.43973922729492,5066600
2012-01-18,32.4332389831543,9401000
2012-01-19,33.10311508178711,7505900
2012-01-20,32.62834167480469,7244800
2012-01-23,32.61534118652344,6324100
2012-01-24,33.00556182861328,4341600
2012-01-25,33.25919723510742,5155700
2012-01-26,32.84296798706055,4860000
2012-01-27,32.550296783447266,5636800
2012-01-30,32.73240661621094,5347200
2012-01-31,33.04458236694336,6980700
2012-02-01,33.44129180908203,6522900
2012-02-02,33.81850051879883,9816200
2012-02-03,33.9095344543457,6083200
2012-02-06,33.85103225708008,3709700
2012-02-07,34.08514404296875,4667200
2012-02-08,34.18919372558594,5568000
2012-02-09,34.27375030517578,3284600
2012-02-10,34.09814453125,3216800
2012-02-13,34.24860382080078,3114200
2012-02-14,34.18973159790039,4438100
2012-02-15,33.88883972167969,4806900
2012-02-16,33.96732711791992,3930100
2012-02-17,34.431739807128906,5030200
2012-02-21,34.366329193115234,5074400
2012-02-22,34.6475944519043,6773400
2012-02-23,35.64836502075195,15638800
2012-02-24,36.11932373046875,10355600
2012-02-27,36.17817687988281,6293700
2012-02-28,36.636051177978516,8244500
2012-02-29,37.08083724975586,11148500
2012-03-01,37.12662887573242,8223000
2012-03-02,37.01543426513672,3462100
2012-03-05,37.08738708496094,4053900
2012-03-06,36.95003128051758,6344500
2012-03-07,37.04814910888672,4776600
2012-03-08,37.434059143066406,5108000
2012-03-09,37.73493576049805,4200000
2012-03-12,37.92462921142578,4660100
2012-03-13,38.25166702270508,5178800
2012-03-14,38.330177307128906,4766600
2012-03-15,38.428287506103516,4510700
2012-03-16,38.205894470214844,5758900
2012-03-19,38.17973709106445,4229300
2012-03-20,37.94424819946289,5256500
2012-03-21,37.65644836425781,5421700
2012-03-22,37.89192581176758,4237700
2012-03-23,38.06199645996094,4879700
2012-03-26,38.500244140625,3876200
2012-03-27,38.06199645996094,4113200
2012-03-28,38.0423583984375,4566500
2012-03-29,37.92462921142578,4237400
2012-03-30,38.114315032958984,3724100
2012-04-02,38.12739562988281,4146500
2012-04-03,37.859214782714844,4550600
2012-04-04,37.81996536254883,5985600
2012-04-05,37.75456237792969,7552500
2012-04-09,37.62374496459961,5058800
2012-04-10,36.891151428222656,6011100
2012-04-11,37.41443634033203,4447700
2012-04-12,37.89192581176758,4081000
2012-04-13,37.56486892700195,4509800
2012-04-16,37.53871536254883,4180600
2012-04-17,37.67607498168945,3727300
2012-04-18,37.53215789794922,2948400
2012-04-19,37.146244049072266,3702900
2012-04-20,37.46676254272461,3609700
2012-04-23,37.04814910888672,3559000
2012-04-24,37.10700988769531,3357200
2012-04-25,37.17241287231445,3518700
2012-04-26,37.60411834716797,3570700
2012-04-27,38.107784271240234,4263700
2012-04-30,37.89846420288086,3920000
2012-05-01,37.94424819946289,4872300
2012-05-02,37.92462921142578,7562500
2012-05-03,36.989280700683594,11344300
2012-05-04,36.40058898925781,5671300
2012-05-07,36.472530364990234,3031200
2012-05-08,36.33515548706055,3062500
2012-05-09,36.1585693359375,2901600
2012-05-10,36.17817687988281,3462600
2012-05-11,36.25667953491211,3942400
2012-05-14,36.11857223510742,4174600
2012-05-15,36.22380065917969,4383900
2012-05-16,36.38163375854492,9027300
2012-05-17,36.04623794555664,6045500
2012-05-18,36.473697662353516,7144300
2012-05-21,36.717037200927734,4779400
2012-05-22,37.26947021484375,5777400
2012-05-23,37.3418083190918,3956300
2012-05-24,37.65092086791992,4460600
2012-05-25,37.894248962402344,4293900
2012-05-29,38.22964859008789,4792600
2012-05-30,38.00605010986328,7232100
2012-05-31,38.0849723815918,6856500
2012-06-01,37.6180305480957,4809900
2012-06-04,37.861358642578125,6150600
2012-06-05,37.696937561035156,3994100
2012-06-06,37.815330505371094,6650600
2012-06-07,37.696937561035156,5565600
2012-06-08,38.933349609375,6426500
2012-06-11,38.604522705078125,5272900
2012-06-12,38.24937438964844,5557700
2012-06-13,38.177040100097656,4732900
2012-06-14,38.5058708190918,4283300
2012-06-15,38.47298812866211,6014700
2012-06-18,38.4532585144043,3834200
2012-06-19,38.604522705078125,4519300
2012-06-20,38.47298812866211,3988400
2012-06-21,37.749568939208984,5399200
2012-06-22,37.85478973388672,5363300
2012-06-25,37.63775634765625,3674100
2012-06-26,37.90081787109375,3493200
2012-06-27,37.85478973388672,3924200
2012-06-28,37.78903579711914,5162600
2012-06-29,38.26911926269531,7682100
2012-07-02,38.321720123291016,4113400
2012-07-03,37.999473571777344,3649200
2012-07-05,37.585140228271484,6482300
2012-07-06,38.19020462036133,5031700
2012-07-09,38.17045211791992,4662200
2012-07-10,38.95307922363281,8310600
2012-07-11,39.32136535644531,9239500
2012-07-12,39.38056564331055,6516700
2012-07-13,40.741905212402344,10553200
2012-07-16,40.44596481323242,6414400
2012-07-17,40.28811264038086,7796100
2012-07-18,40.37361526489258,4168400
2012-07-19,40.28154373168945,3446800
2012-07-20,40.36046600341797,3588800
2012-07-23,39.748836517333984,4260100
2012-07-24,39.82118606567383,3773300
2012-07-25,39.696224212646484,3253100
2012-07-26,40.15658187866211,3230700
2012-07-27,40.45911407470703,3561400
2012-07-30,40.80109786987305,3638100
2012-07-31,39.88694763183594,7223800
2012-08-01,39.86722183227539,4844100
2012-08-02,40.75505828857422,5299500
2012-08-03,41.01152420043945,3918100
2012-08-06,41.03126525878906,2415900
2012-08-07,41.1956787109375,3409000
2012-08-08,41.39299011230469,2821900
2012-08-09,41.22857666015625,2817600
2012-08-10,41.327213287353516,2934600
2012-08-13,41.347049713134766,3507900
2012-08-14,41.92253112792969,4780800
2012-08-15,42.66334533691406,9058900
2012-08-16,42.27309036254883,5735300
2012-08-17,42.42522430419922,3022800
2012-08-20,42.09450149536133,4224900
2012-08-21,42.418601989746094,4477900
2012-08-22,42.1209602355957,2676200
2012-08-23,41.66455841064453,2863600
2012-08-24,42.127567291259766,2764700
2012-08-27,41.90929412841797,2389500
2012-08-28,42.20694351196289,4541800
2012-08-29,42.504600524902344,4765500
2012-08-30,42.43845748901367,3491400
2012-08-31,42.39214324951172,3869900
2012-09-04,42.22679138183594,3254100
2012-09-05,42.15402603149414,2646200
2012-09-06,42.90147399902344,2993000
2012-09-07,42.33261489868164,3875800
2012-09-10,42.861778259277344,3834400
2012-09-11,42.65011978149414,3435800
2012-09-12,42.58396911621094,2308500
2012-09-13,43.033748626708984,2735000
2012-09-14,42.77579879760742,4480000
2012-09-17,42.603816986083984,4111200
2012-09-18,42.51780700683594,3850400
2012-09-19,43.00068664550781,3402500
2012-09-20,43.25865936279297,3233000
2012-09-21,43.28510284423828,4156300
2012-09-24,43.093299865722656,2544200
2012-09-25,42.58396911621094,3114800
2012-09-26,42.220184326171875,3477400
2012-09-27,42.061424255371094,6441100
2012-09-28,41.98206329345703,4026900
2012-10-01,41.66455841064453,4207900
2012-10-02,41.65793991088867,3012200
2012-10-03,41.73070526123047,4071500
2012-10-04,42.10111618041992,4024700
2012-10-05,42.451683044433594,3802100
2012-10-08,42.326011657714844,2360100
2012-10-09,41.59841537475586,2170600
2012-10-10,41.44627380371094,3435300
2012-10-11,40.51363754272461,5255800
2012-10-12,40.69222640991211,4323800
2012-10-15,40.88404846191406,3218100
2012-10-16,41.605018615722656,3846400
2012-10-17,41.697628021240234,3370600
2012-10-18,41.631473541259766,2614500
2012-10-19,41.16185760498047,3780300
2012-10-22,41.14863204956055,3110600
2012-10-23,41.43305206298828,5359100
2012-10-24,41.55873107910156,3297300
2012-10-25,41.750545501708984,3454600
2012-10-26,42.27971649169922,5307700
2012-10-31,42.1672477722168,5837500
2012-11-01,41.631473541259766,6155000
2012-11-02,41.47935485839844,3711500
2012-11-05,41.935752868652344,3981200
2012-11-06,41.929141998291016,4005100
2012-11-07,41.53227233886719,5058700
2012-11-08,40.89067077636719,4568400
2012-11-09,41.02294921875,3963600
2012-11-12,40.99649429321289,2295500
2012-11-13,41.06925582885742,3617600
2012-11-14,40.599632263183594,5525600
2012-11-15,41.30077362060547,8896000
2012-11-16,41.34046173095703,3858000
2012-11-19,41.91923904418945,5390100
2012-11-20,41.912593841552734,4713100
2012-11-21,42.39158248901367,4447800
2012-11-23,42.89719772338867,1819100
2012-11-26,41.766231536865234,6499400
2012-11-27,41.62653350830078,5039900
2012-11-28,41.78619384765625,4891800
2012-11-29,41.77288055419922,8909700
2012-11-30,41.999080657958984,6041000
2012-12-03,41.446895599365234,3570400
2012-12-04,41.240665435791016,4571400
2012-12-05,41.27393341064453,6021500
2012-12-06,41.380367279052734,3285700
2012-12-07,41.43358612060547,3634700
2012-12-10,41.220706939697266,3901900
2012-12-11,40.868099212646484,6364800
2012-12-12,40.2760009765625,8309800
2012-12-13,40.74835205078125,4233600
2012-12-14,40.2494010925293,3369100
2012-12-17,40.64191436767578,4928200
2012-12-18,41.43358612060547,5146900
2012-12-19,40.927982330322266,4660100
2012-12-20,40.15624237060547,8178600
2012-12-21,39.650638580322266,8667800
2012-12-24,39.6107177734375,1714400
2012-12-26,39.39118194580078,4671500
2012-12-27,39.20490646362305,3724100
2012-12-28,38.96540069580078,3477200
2012-12-31,39.364566802978516,3926700
2013-01-02,39.13172149658203,9523000
2013-01-03,40.023193359375,10665800
2013-01-04,40.302608489990234,5249300
2013-01-07,40.7816162109375,4896500
2013-01-08,40.34252166748047,4928700
2013-01-09,40.0364990234375,4431400
2013-01-10,40.12300491333008,4747500
2013-01-11,39.963321685791016,4481800
2013-01-14,40.17621612548828,4444800
2013-01-15,40.64191436767578,4692200
2013-01-16,40.794921875,4192500
2013-01-17,40.888057708740234,3597900
2013-01-18,40.93463134765625,3675300
2013-01-22,40.908016204833984,2473200
2013-01-23,40.608642578125,3596600
2013-01-24,41.154178619384766,4844000
2013-01-25,40.941287994384766,4552100
2013-01-28,40.66853332519531,3887000
2013-01-29,40.808231353759766,3695400
2013-01-30,40.568729400634766,3644800
2013-01-31,40.189517974853516,5309700
2013-02-01,40.68183135986328,4707900
2013-02-04,40.48225021362305,4085200
2013-02-05,41.513431549072266,6969600
2013-02-06,41.70634460449219,6060000
2013-02-07,41.446895599365234,6032900
2013-02-08,41.573299407958984,4136600
2013-02-11,41.69304656982422,3516900
2013-02-12,41.73295974731445,3379400
2013-02-13,41.70634460449219,4807100
2013-02-14,41.972469329833984,5352200
2013-02-15,41.28998565673828,14611300
2013-02-19,41.397037506103516,6881500
2013-02-20,41.918949127197266,6561200
2013-02-21,42.42075729370117,7221800
2013-02-22,42.55458450317383,5342900
2013-02-25,42.07952117919922,6177100
2013-02-26,42.85567855834961,8096600
2013-02-27,42.2334098815918,13623700
2013-02-28,42.12635040283203,8465700
2013-03-01,42.90919876098633,6536100
2013-03-04,44.45481872558594,12363500
2013-03-05,44.61539840698242,5927600
2013-03-06,44.2407112121582,4301900
2013-03-07,44.0600471496582,4017900
2013-03-08,44.39459991455078,3827600
2013-03-11,45.0569953918457,4984400
2013-03-12,44.90311813354492,4140300
2013-03-13,45.117210388183594,3636200
2013-03-14,45.0569953918457,3294000
2013-03-15,44.695701599121094,5945700
2013-03-18,44.66893005371094,3573400
2013-03-19,44.46819305419922,4063000
2013-03-20,45.846534729003906,7924900
2013-03-21,45.532066345214844,4789600
2013-03-22,45.779624938964844,3167100
2013-03-25,45.77293395996094,4260200
2013-03-26,45.9067497253418,3327400
2013-03-27,46.20115661621094,4590800
2013-03-28,45.7996940612793,3982000
2013-04-01,45.940208435058594,2734100
2013-04-02,46.05394744873047,2884500
2013-04-03,45.4852180480957,6136300
2013-04-04,46.02719497680664,3540300
2013-04-05,46.06732940673828,3800300
2013-04-08,46.341678619384766,2874200
2013-04-09,46.11417770385742,2918700
2013-04-10,46.074031829833984,3128100
2013-04-11,46.24799728393555,3962900
2013-04-12,46.495582580566406,2286200
2013-04-15,45.81977844238281,3046400
2013-04-16,45.75286102294922,7288400
2013-04-17,46.00713348388672,4696400
2013-04-18,45.69263458251953,3982200
2013-04-19,46.19447326660156,4073600
2013-04-22,46.234615325927734,2793400
2013-04-23,46.629390716552734,3289700
2013-04-24,46.64276885986328,3834100
2013-04-25,47.285099029541016,3316500
2013-04-26,47.184715270996094,2514100
2013-04-29,47.26502227783203,2295100
2013-04-30,47.211483001708984,2877600
2013-05-01,47.198116302490234,2400800
2013-05-02,46.29484558105469,9431500
2013-05-03,47.17135238647461,4902300
2013-05-06,46.856876373291016,3068500
2013-05-07,47.20479202270508,3027900
2013-05-08,46.70299530029297,3741000
2013-05-09,46.48887634277344,3659000
2013-05-10,46.662837982177734,3995100
2013-05-13,46.70319747924805,2877100
2013-05-14,46.70319747924805,3773500
2013-05-15,47.34212875366211,5177000
2013-05-16,47.07984161376953,4066800
2013-05-17,47.792747497558594,4405700
2013-05-20,47.517005920410156,2445000
2013-05-21,47.92728042602539,5386100
2013-05-22,46.003726959228516,16202100
2013-05-23,46.18531799316406,8516700
2013-05-24,46.891517639160156,5412500
2013-05-28,46.75027847290039,6160200
2013-05-29,46.689735412597656,4838900
2013-05-30,46.95876693725586,4776900
2013-05-31,46.74354934692383,5653600
2013-06-03,47.78602600097656,5941100
2013-06-04,48.09541320800781,8030400
2013-06-05,47.194183349609375,5569100
2013-06-06,47.25469207763672,5559900
2013-06-07,47.321956634521484,5114900
2013-06-10,46.99911117553711,4239200
2013-06-11,47.07984161376953,2887500
2013-06-12,46.69646453857422,4104200
2013-06-13,46.80406951904297,3183600
2013-06-14,46.427452087402344,3953500
2013-06-17,46.98566436767578,3079700
2013-06-18,47.18743896484375,2357200
2013-06-19,46.326560974121094,4931700
2013-06-20,46.1785774230957,5632600
2013-06-21,46.29291534423828,4934300
2013-06-24,45.92973709106445,4000100
2013-06-25,46.494686126708984,3587500
2013-06-26,46.48796844482422,3708300
2013-06-27,46.266021728515625,4950200
2013-06-28,46.3130989074707,7715800
2013-07-01,46.62921905517578,2638200
2013-07-02,46.78388214111328,3162300
2013-07-03,46.662841796875,1590100
2013-07-05,47.24796676635742,2281700
2013-07-08,47.873451232910156,3742900
2013-07-09,48.270263671875,3923600
2013-07-10,48.44513702392578,2623400
2013-07-11,48.80833435058594,3233300
2013-07-12,48.801597595214844,2711900
2013-07-15,48.66036605834961,2145300
2013-07-16,48.47206497192383,2165100
2013-07-17,48.835243225097656,2336600
2013-07-18,48.707435607910156,2502200
2013-07-19,48.79489517211914,4077200
2013-07-22,49.11771774291992,2298500
2013-07-23,49.26567077636719,2717600
2013-07-24,49.31276321411133,2670000
2013-07-25,48.30390548706055,5589600
2013-07-26,48.06178283691406,4071300
2013-07-29,48.09541320800781,2489100
2013-07-30,48.03487777709961,2912900
2013-07-31,47.92054748535156,4108200
2013-08-01,48.14249038696289,3694800
2013-08-02,48.088687896728516,5548400
2013-08-05,48.418235778808594,3073400
2013-08-06,48.28372573852539,3265700
2013-08-07,48.20975875854492,2536900
2013-08-08,47.90037536621094,3714900
2013-08-09,47.56407928466797,2382400
2013-08-12,47.59097671508789,2260600
2013-08-13,47.88018035888672,3122700
2013-08-14,47.10673141479492,5219400
2013-08-15,46.46107864379883,5749300
2013-08-16,46.124786376953125,4369800
2013-08-19,46.185691833496094,3870300
2013-08-20,45.989437103271484,6448800
2013-08-21,44.331233978271484,15246800
2013-08-22,43.47843933105469,10177600
2013-08-23,43.552894592285156,6523700
2013-08-26,43.403995513916016,4516100
2013-08-27,42.815162658691406,5801600
2013-08-28,42.821937561035156,4158000
2013-08-29,42.740718841552734,4115500
2013-08-30,42.8490104675293,4137000
2013-09-03,43.038516998291016,5982700
2013-09-04,43.01145935058594,4147900
2013-09-05,42.95052719116211,3031900
2013-09-06,42.835472106933594,3306400
2013-09-09,43.26864242553711,3364200
2013-09-10,43.810081481933594,4456400
2013-09-11,43.986045837402344,3529300
2013-09-12,43.376914978027344,5596800
2013-09-13,43.153560638427734,4115300
2013-09-16,43.17387771606445,3163300
2013-09-17,43.57320022583008,2543000
2013-09-18,44.31767272949219,4347100
2013-09-19,44.25678634643555,2886700
2013-09-20,43.68825912475586,4669700
2013-09-23,43.58673858642578,2501100
2013-09-24,43.255104064941406,4167100
2013-09-25,42.80161666870117,6325900
2013-09-26,42.88962173461914,4035200
2013-09-27,43.27539825439453,3378300
2013-09-30,43.302467346191406,4572300
2013-10-01,43.255104064941406,4126100
2013-10-02,43.079124450683594,3587600
2013-10-03,42.943756103515625,3964700
2013-10-04,42.916683197021484,2791400
2013-10-07,42.42262649536133,3323700
2013-10-08,42.05038070678711,4430300
2013-10-09,42.42937088012695,3859500
2013-10-10,42.943756103515625,2638300
2013-10-11,42.78132247924805,3537700
2013-10-14,43.079124450683594,3101400
2013-10-15,42.59181594848633,3844500
2013-10-16,43.24833297729492,3194500
2013-10-17,43.8980712890625,3524200
2013-10-18,43.76948547363281,5862100
2013-10-21,43.78977966308594,2800800
2013-10-22,44.07405090332031,3842500
2013-10-23,43.49875259399414,4687400
2013-10-24,43.403995513916016,4638000
2013-10-25,43.363399505615234,4308900
2013-10-28,43.91159439086914,5674500
2013-10-29,43.5325927734375,6048100
2013-10-30,44.473358154296875,8585400
2013-10-31,43.85070037841797,7481500
2013-11-01,43.73563766479492,3768800
2013-11-04,44.141719818115234,4358700
2013-11-05,43.74240493774414,5107100
2013-11-06,44.466583251953125,4490300
2013-11-07,43.870994567871094,5154200
2013-11-08,44.06727600097656,3717000
2013-11-11,44.45982360839844,2610300
2013-11-12,44.290618896484375,3181700
2013-11-13,45.258460998535156,5694600
2013-11-14,45.12309646606445,4629500
2013-11-15,45.27199935913086,3542300
2013-11-18,45.26517868041992,3489000
2013-11-19,45.387794494628906,3357800
2013-11-20,45.29243850708008,4762500
2013-11-21,43.72569274902344,16380600
2013-11-22,43.391910552978516,8144500
2013-11-25,43.432777404785156,5013700
2013-11-26,43.507713317871094,5885400
2013-11-27,43.87555694580078,4767200
2013-11-29,43.54859161376953,3350000
2013-12-02,42.73115158081055,7169100
2013-12-03,42.79246520996094,10395800
2013-12-04,43.12623977661133,9442300
2013-12-05,42.66304016113281,8368500
2013-12-06,43.17393112182617,6381600
2013-12-09,43.07855987548828,5853800
2013-12-10,43.0240592956543,4028900
2013-12-11,42.86738586425781,3035200
2013-12-12,42.840152740478516,4029200
2013-12-13,42.4791145324707,4751000
2013-12-16,42.34967803955078,4768700
2013-12-17,41.99546432495117,5310800
2013-12-18,43.289737701416016,8304600
2013-12-19,42.33605194091797,7901900
2013-12-20,42.56766891479492,6869100
2013-12-23,42.15214920043945,5720200
2013-12-24,42.036346435546875,3356300
2013-12-26,42.560855865478516,3971800
2013-12-27,42.33605194091797,3260100
2013-12-30,42.55403518676758,3683000
2013-12-31,43.098995208740234,6783400
2014-01-02,43.037696838378906,7400100
2014-01-03,43.24886703491211,4589400
2014-01-06,42.95595932006836,4609600
2014-01-07,42.85376739501953,5398300
2014-01-08,42.70390701293945,5529900
2014-01-09,43.14667510986328,7264600
2014-01-10,42.656219482421875,12949700
2014-01-13,41.89329528808594,8031200
2014-01-14,42.036346435546875,5519900
2014-01-15,41.93416976928711,4233700
2014-01-16,41.42327117919922,5288400
2014-01-17,41.03498458862305,8132100
2014-01-21,40.3265495300293,10595500
2014-01-22,40.17668914794922,7185100
2014-01-23,39.951904296875,7029900
2014-01-24,39.318389892578125,7467500
2014-01-27,39.31158447265625,6013100
2014-01-28,39.43418502807617,4907300
2014-01-29,38.752986907958984,5928000
2014-01-30,38.60312271118164,6207900
2014-01-31,38.58269119262695,6326300
2014-02-03,37.74483108520508,6733600
2014-02-04,37.54728317260742,5969600
2014-02-05,37.51322555541992,8176000
2014-02-06,38.051368713378906,8886800
2014-02-07,38.37150955200195,6344700
2014-02-10,38.494136810302734,6017900
2014-02-11,38.92329025268555,8170900
2014-02-12,38.79386901855469,7010800
2014-02-13,38.73257064819336,7564500
2014-02-14,38.47860336303711,8586200
2014-02-18,38.7050895690918,6094900
2014-02-19,39.336578369140625,8838300
2014-02-20,38.862972259521484,8790200
2014-02-21,38.60214614868164,6596600
2014-02-24,38.533512115478516,9151600
2014-02-25,38.7874641418457,8030600
2014-02-26,41.51926803588867,24180800
2014-02-27,41.635963439941406,9453700
2014-02-28,42.92634963989258,14246300
2014-03-03,42.528263092041016,6813300
2014-03-04,42.095829010009766,6400100
2014-03-05,41.59477996826172,7421100
2014-03-06,41.69087219238281,4835100
2014-03-07,41.6977424621582,3817500
2014-03-10,41.97916030883789,3663700
2014-03-11,41.828147888183594,4485100
2014-03-12,41.93796157836914,3851500
2014-03-13,40.99761962890625,6142600
2014-03-14,40.74366760253906,5631200
2014-03-17,40.95643615722656,3424500
2014-03-18,40.990760803222656,3129000
2014-03-19,40.826026916503906,4280700
2014-03-20,40.97703170776367,3332100
2014-03-21,40.80543518066406,5995400
2014-03-24,40.81230163574219,4543700
2014-03-25,40.53773880004883,5216800
2014-03-26,40.63383865356445,4438900
2014-03-27,41.004486083984375,4416400
2014-03-28,41.16920852661133,3063900
2014-03-31,41.53300476074219,4255900
2014-04-01,41.574180603027344,4246000
2014-04-02,41.793827056884766,3970400
2014-04-03,42.363521575927734,4565300
2014-04-04,41.965415954589844,3823500
2014-04-07,41.52613830566406,4199100
2014-04-08,42.2125244140625,4527800
2014-04-09,42.01347351074219,4689100
2014-04-10,40.95643615722656,5904100
2014-04-11,40.42791748046875,5330700
2014-04-14,40.78483581542969,4065900
2014-04-15,40.826026916503906,3717000
2014-04-16,41.12117385864258,3539600
2014-04-17,41.18294143676758,3634700
2014-04-21,41.01820755004883,3704100
2014-04-22,41.402584075927734,4834600
2014-04-23,41.69087219238281,2969900
2014-04-24,42.17820358276367,3671000
2014-04-25,42.04779815673828,5164600
2014-04-28,42.679256439208984,4895200
2014-04-29,42.535125732421875,4176400
2014-04-30,42.38411331176758,4526900
2014-05-01,42.377254486083984,3611600
2014-05-02,42.56256866455078,3423800
2014-05-05,41.09371566772461,16189500
2014-05-06,39.563087463378906,13323400
2014-05-07,39.899417877197266,6424400
2014-05-08,40.02981948852539,6808800
2014-05-09,40.585792541503906,6254800
2014-05-12,40.93585205078125,3719600
2014-05-13,40.88093566894531,4900300
2014-05-14,40.681880950927734,4275200
2014-05-15,39.933738708496094,8249000
2014-05-16,40.24946212768555,6409200
2014-05-19,40.30478286743164,3674200
2014-05-20,39.14314270019531,9392600
2014-05-21,39.55108642578125,14802300
2014-05-22,38.714439392089844,12411400
2014-05-23,38.50700759887695,7575800
2014-05-27,38.562320709228516,5639700
2014-05-28,38.264991760253906,5822700
2014-05-29,38.63838195800781,4829700
2014-05-30,39.246829986572266,6305300
2014-06-02,39.0601692199707,3747500
2014-06-03,39.267616271972656,4517600
2014-06-04,39.53727340698242,3633000
2014-06-05,39.75163269042969,4506100
2014-06-06,39.88298797607422,3571500
2014-06-09,39.82767105102539,4424800
2014-06-10,39.316009521484375,6609800
2014-06-11,39.46811294555664,5344900
2014-06-12,39.57876205444336,5457900
2014-06-13,39.57183837890625,3718800
2014-06-16,39.92448806762695,5342600
2014-06-17,40.221805572509766,6618700
2014-06-18,40.5882682800293,3748900
2014-06-19,40.6159553527832,3900500
2014-06-20,40.30478286743164,5189000
2014-06-23,40.39468002319336,3749100
2014-06-24,40.5882682800293,4374500
2014-06-25,40.145751953125,5998500
2014-06-26,40.014373779296875,3548000
2014-06-27,40.18722915649414,8466000
2014-06-30,40.06969451904297,4864300
2014-07-01,40.3600959777832,3768500
2014-07-02,40.63666915893555,3061400
2014-07-03,41.14836120605469,3014400
2014-07-07,41.48024368286133,4917300
2014-07-08,41.348873138427734,4582200
2014-07-09,41.5217399597168,4276700
2014-07-10,41.43875503540039,3799900
2014-07-11,41.48716354370117,3109100
2014-07-14,41.61162567138672,3809200
2014-07-15,41.97809600830078,5722100
2014-07-16,41.58397674560547,6987700
2014-07-17,41.293556213378906,4559400
2014-07-18,41.49407958984375,4735900
2014-07-21,41.00315475463867,4122900
2014-07-22,41.05846405029297,3548400
2014-07-23,41.99192428588867,6167200
2014-07-24,42.17170333862305,3491900
2014-07-25,41.75682067871094,2629200
2014-07-28,41.69459915161133,4011200
2014-07-29,42.24776077270508,3807200
2014-07-30,42.441375732421875,3677000
2014-07-31,41.203670501708984,7067900
2014-08-01,41.38343048095703,4011800
2014-08-04,41.971187591552734,4232000
2014-08-05,40.1250114440918,14982100
2014-08-06,40.083526611328125,7262700
2014-08-07,39.75853729248047,4917200
2014-08-08,40.47764205932617,4710700
2014-08-11,40.35318374633789,2788100
2014-08-12,40.422325134277344,2946000
2014-08-13,40.28404998779297,3660300
2014-08-14,40.6159553527832,3144900
2014-08-15,40.24256134033203,4186700
2014-08-18,40.849525451660156,4016700
2014-08-19,41.337921142578125,4807300
2014-08-20,42.0914192199707,12835000
2014-08-21,42.60770034790039,6562000
2014-08-22,42.593746185302734,4566200
2014-08-25,42.54491424560547,4368200
2014-08-26,42.34955978393555,3224800
2014-08-27,42.412349700927734,2797700
2014-08-28,42.10536575317383,4221300
2014-08-29,41.91002655029297,4008100
2014-09-02,41.993743896484375,2602700
2014-09-03,42.13328170776367,3553500
2014-09-04,42.57979965209961,4363300
2014-09-05,42.61468505859375,3401800
2014-09-08,42.25187683105469,3191300
2014-09-09,42.47515106201172,4237200
2014-09-10,43.22167205810547,8681600
2014-09-11,43.66818618774414,5599800
2014-09-12,43.62633514404297,4427400
2014-09-15,43.4030647277832,3694100
2014-09-16,43.8565559387207,4552400
2014-09-17,43.863529205322266,3275900
2014-09-18,44.603092193603516,7343500
2014-09-19,44.51935577392578,4918900
2014-09-22,44.20541000366211,3078100
2014-09-23,44.01005935668945,3995300
2014-09-24,44.56821060180664,3249400
2014-09-25,43.87052536010742,2840900
2014-09-26,44.058902740478516,2336200
2014-09-29,43.98215866088867,2170300
2014-09-30,43.73099136352539,2557700
2014-10-01,43.30538558959961,3876400
2014-10-02,43.65425109863281,3199800
2014-10-03,44.00307083129883,2606500
2014-10-06,43.451904296875,2481300
2014-10-07,42.93561935424805,3661900
2014-10-08,43.82168197631836,3951200
2014-10-09,42.977481842041016,4349000
2014-10-10,42.27281951904297,6201900
2014-10-13,42.16815948486328,5330000
2014-10-14,43.0402717590332,4542600
2014-10-15,41.847225189208984,7773900
2014-10-16,41.470481872558594,4332600
2014-10-17,41.21232986450195,6502300
2014-10-20,42.063507080078125,4302200
2014-10-21,43.0053825378418,4790200
2014-10-22,42.78910827636719,3790600
2014-10-23,43.27750015258789,3412700
2014-10-24,42.95655059814453,3984500
2014-10-27,42.9495849609375,3630500
2014-10-28,42.31467819213867,4976500
2014-10-29,42.48212432861328,2992200
2014-10-30,43.103057861328125,2303500
2014-10-31,43.130985260009766,4231400
2014-11-03,42.970516204833984,2728000
2014-11-04,42.8170166015625,3038300
2014-11-05,42.642581939697266,2687700
2014-11-06,43.1798210144043,3956100
2014-11-07,44.77054214477539,7531300
2014-11-10,45.71241760253906,7876600
2014-11-11,45.851959228515625,3418200
2014-11-12,46.54963684082031,6236600
2014-11-13,47.093833923339844,7880200
2014-11-14,47.53337860107422,5487900
2014-11-17,47.1959114074707,7260900
2014-11-18,47.463069915771484,5575400
2014-11-19,50.9713134765625,25615400
2014-11-20,50.05031204223633,11065700
2014-11-21,50.275272369384766,6835200
2014-11-24,50.31747055053711,4095500
2014-11-25,50.6900749206543,6635000
2014-11-26,50.732261657714844,4123300
2014-11-28,52.02586364746094,4466500
2014-12-01,51.14705276489258,7798400
2014-12-02,51.372039794921875,4142600
2014-12-03,51.55484390258789,6699600
2014-12-04,51.51967239379883,4238000
2014-12-05,51.78685760498047,3760000
2014-12-08,51.87120056152344,3851500
2014-12-09,51.74464797973633,3367600
2014-12-10,51.25955581665039,4556000
2014-12-11,51.69544982910156,5648200
2014-12-12,50.90099334716797,4592000
2014-12-15,51.46343231201172,3638000
2014-12-16,50.81663131713867,7869200
2014-12-17,51.72357177734375,2972800
2014-12-18,52.47584915161133,7823800
2014-12-19,51.990726470947266,6277200
2014-12-22,52.37740707397461,3730300
2014-12-23,52.510986328125,3514500
2014-12-24,52.482872009277344,1783800
2014-12-26,52.771121978759766,2222500
2014-12-29,53.10153579711914,2744900
2014-12-30,53.22809600830078,2160800
2014-12-31,53.36872482299805,3206000
2015-01-02,52.960933685302734,3710300
2015-01-05,52.0118293762207,3778200
2015-01-06,52.004791259765625,4659300
2015-01-07,53.97333908081055,6946900
2015-01-08,54.226436614990234,6344900
2015-01-09,53.73429870605469,3215300
2015-01-12,53.87489700317383,2842900
2015-01-13,53.39683151245117,4915600
2015-01-14,52.257877349853516,5634900
2015-01-15,53.199981689453125,17296000
2015-01-16,52.68675231933594,9973000
2015-01-20,51.793888092041016,9165600
2015-01-21,51.990726470947266,5034400
2015-01-22,53.270286560058594,4662800
2015-01-23,52.93281555175781,3954600
2015-01-26,52.90470504760742,3584800
2015-01-27,52.56019973754883,3228200
2015-01-28,52.208656311035156,4174300
2015-01-29,53.07342529296875,4545700
2015-01-30,51.751708984375,7176900
2015-02-02,52.20164108276367,4926500
2015-02-03,53.34059524536133,4920000
2015-02-04,53.157798767089844,5670200
2015-02-05,53.39683151245117,3111300
2015-02-06,53.68507766723633,4101400
2015-02-09,53.00313186645508,3112700
2015-02-10,53.888973236083984,2810100
2015-02-11,53.727256774902344,2760400
2015-02-12,54.043643951416016,3751000
2015-02-13,53.8808479309082,2381100
2015-02-17,54.2489013671875,4037200
2015-02-18,54.751461029052734,4545200
2015-02-19,54.27724075317383,5613100
2015-02-20,54.41173553466797,4477600
2015-02-23,54.28431701660156,4264100
2015-02-24,54.46834182739258,4810000
2015-02-25,54.60990905761719,9410300
2015-02-26,54.43294143676758,5283000
2015-02-27,54.38340759277344,4741000
2015-03-02,54.985050201416016,6116300
2015-03-03,55.21158218383789,12906900
2015-03-04,55.01338195800781,8019500
2015-03-05,55.35313415527344,6622300
2015-03-06,54.65237808227539,3927900
2015-03-09,55.61504364013672,4418000
2015-03-10,54.97798538208008,4807000
2015-03-11,55.055850982666016,3829900
2015-03-12,56.13177490234375,4190900
2015-03-13,56.04684066772461,5401500
2015-03-16,56.9741096496582,4452100
2015-03-17,57.35634231567383,5042400
2015-03-18,57.37757110595703,4906600
2015-03-19,57.05194854736328,3991700
2015-03-20,57.55455780029297,5534900
2015-03-23,57.49790573120117,3372500
2015-03-24,58.042930603027344,5686000
2015-03-25,57.77396011352539,5617100
2015-03-26,56.93870162963867,4795000
2015-03-27,57.73147201538086,3752700
2015-03-30,58.14204406738281,3854700
2015-03-31,58.09249496459961,5368000
2015-04-01,58.106658935546875,4961700
2015-04-02,58.517189025878906,3002000
2015-04-06,58.991432189941406,3825800
2015-04-07,58.47471237182617,3021300
2015-04-08,58.84989929199219,3272200
2015-04-09,58.956050872802734,3369900
2015-04-10,59.15425491333008,2811500
2015-04-13,58.72247314453125,2429700
2015-04-14,58.79323959350586,2861100
2015-04-15,58.014644622802734,3841700
2015-04-16,57.986331939697266,4219700
2015-04-17,56.641414642333984,6089800
2015-04-20,57.28553771972656,3898100
2015-04-21,57.512046813964844,2929400
2015-04-22,57.57576370239258,4212600
2015-04-23,57.993385314941406,4628700
2015-04-24,58.53844451904297,3611700
2015-04-27,57.60407257080078,4778900
2015-04-28,57.69610595703125,3233300
2015-04-29,55.827392578125,6637200
2015-04-30,55.799072265625,5376700
2015-05-01,56.37950897216797,3066500
2015-05-04,56.75468063354492,2946400
2015-05-05,55.89818572998047,3172100
2015-05-06,56.004356384277344,3907000
2015-05-07,56.70512771606445,3964700
2015-05-08,57.15104675292969,4021200
2015-05-11,57.05903625488281,2778000
2015-05-12,57.200618743896484,2760900
2015-05-13,56.49277114868164,4881200
2015-05-14,54.68777084350586,9895600
2015-05-15,55.58674240112305,6851300
2015-05-18,55.836124420166016,4754100
2015-05-19,55.5225944519043,8702700
2015-05-20,55.70785903930664,10683400
2015-05-21,56.570072174072266,6725000
2015-05-22,56.49879455566406,3847300
2015-05-26,56.34916305541992,4691200
2015-05-27,57.21849060058594,4792200
2015-05-28,57.04035949707031,2968300
2015-05-29,56.520172119140625,3576700
2015-06-01,56.655582427978516,3181600
2015-06-02,57.00472640991211,3453000
2015-06-03,57.24700927734375,3440800
2015-06-04,56.976226806640625,5688100
2015-06-05,56.43467330932617,3922400
2015-06-08,56.213783264160156,3196000
2015-06-09,56.220909118652344,5471500
2015-06-10,56.76958465576172,4670000
2015-06-11,57.05459213256836,3575100
2015-06-12,56.62705993652344,2909100
2015-06-15,57.32536315917969,6228300
2015-06-16,57.695919036865234,4060700
2015-06-17,58.5010986328125,5215200
2015-06-18,59.27781295776367,6680000
2015-06-19,59.391807556152344,11601500
2015-06-22,60.01883316040039,4797900
2015-06-23,60.39650344848633,5916800
2015-06-24,60.097225189208984,3281300
2015-06-25,60.21125030517578,5008600
2015-06-26,59.911983489990234,6189100
2015-06-29,58.493980407714844,5224500
2015-06-30,58.166194915771484,5060000
2015-07-01,59.13526916503906,4087900
2015-07-02,58.62221145629883,3422000
2015-07-06,59.092491149902344,3539100
2015-07-07,60.175628662109375,5709100
2015-07-08,59.48442459106445,4087600
2015-07-09,59.1708984375,3864000
2015-07-10,59.79084014892578,3271100
2015-07-13,59.92621612548828,3450800
2015-07-14,59.92621612548828,4095400
2015-07-15,60.1827278137207,2853900
2015-07-16,60.574642181396484,2971600
2015-07-17,60.34663391113281,2924600
2015-07-20,60.01883316040039,3261400
2015-07-21,58.629356384277344,6085900
2015-07-22,59.01413345336914,4350900
2015-07-23,58.180442810058594,3489600
2015-07-24,57.15436553955078,5294300
2015-07-27,56.64130401611328,4637300
2015-07-28,57.382389068603516,5457200
2015-07-29,58.315818786621094,5323500
2015-07-30,58.37995529174805,2991300
2015-07-31,58.32294845581055,2832200
2015-08-03,57.28261947631836,3595800
2015-08-04,57.04035949707031,4355600
2015-08-05,57.033233642578125,4303400
2015-08-06,56.67695617675781,4508200
2015-08-07,56.277923583984375,3153400
2015-08-10,56.270790100097656,2998400
2015-08-11,56.199527740478516,4188100
2015-08-12,56.29216003417969,5077100
2015-08-13,56.285030364990234,3322900
2015-08-14,56.54155349731445,3597900
2015-08-17,56.677921295166016,2908900
2015-08-18,57.62517166137695,7326700
2015-08-19,58.03424835205078,21173800
2015-08-20,57.88351058959961,7497600
2015-08-21,56.26169967651367,7982000
2015-08-24,54.022701263427734,10419100
2015-08-25,53.06108856201172,7554700
2015-08-26,55.142189025878906,8160000
2015-08-27,55.86699676513672,6929900
2015-08-28,55.99616241455078,4424900
2015-08-31,55.766502380371094,4477100
2015-09-01,54.101646423339844,6690000
2015-09-02,55.29291534423828,7527600
2015-09-03,55.5799446105957,4559200
2015-09-04,54.84079360961914,4112900
2015-09-08,56.24732971191406,4929100
2015-09-09,55.371829986572266,3349100
2015-09-10,55.307247161865234,4479000
2015-09-11,55.888526916503906,3346100
2015-09-14,55.36465835571289,2715300
2015-09-15,55.8454704284668,3423600
2015-09-16,56.33345413208008,3468900
2015-09-17,55.98183059692383,5668900
2015-09-18,54.984317779541016,6651600
2015-09-21,56.161224365234375,4180400
2015-09-22,56.01053237915039,3146400
2015-09-23,56.520042419433594,3940200
2015-09-24,56.735328674316406,3934200
2015-09-25,56.728145599365234,3055600
2015-09-28,55.73781967163086,4332800
2015-09-29,55.96031188964844,4816600
2015-09-30,56.44828414916992,4579600
2015-10-01,57.05826187133789,6393600
2015-10-02,57.072593688964844,4631100
2015-10-05,57.05826187133789,4708700
2015-10-06,56.046409606933594,4892800
2015-10-07,56.37651824951172,3291100
2015-10-08,56.46980285644531,3580600
2015-10-09,56.60615539550781,2857600
2015-10-12,56.842960357666016,1556800
2015-10-13,56.66354751586914,2910200
2015-10-14,54.68292236328125,18449200
2015-10-15,53.91503143310547,10162100
2015-10-16,53.85763931274414,4871600
2015-10-19,53.60649490356445,4639400
2015-10-20,53.39118194580078,5021800
2015-10-21,54.82645797729492,5847400
2015-10-22,55.33595657348633,4943800
2015-10-23,52.34346389770508,9443200
2015-10-26,53.118499755859375,6706700
2015-10-27,53.628013610839844,4083700
2015-10-28,54.704444885253906,4327800
2015-10-29,54.740333557128906,3815800
2015-10-30,55.386192321777344,4952700
2015-11-02,55.4435920715332,4147100
2015-11-03,56.13970184326172,3740800
2015-11-04,55.536903381347656,3726700
2015-11-05,56.08230209350586,3217600
2015-11-06,55.41489028930664,4483400
2015-11-09,54.704444885253906,5529800
2015-11-10,55.39336395263672,3943700
2015-11-11,53.728458404541016,7441100
2015-11-12,53.77153015136719,5801900
2015-11-13,51.589969635009766,8161000
2015-11-16,52.29873275756836,8938200
2015-11-17,52.73270797729492,9077600
2015-11-18,50.46889877319336,25042800
2015-11-19,51.02583312988281,8337100
2015-11-20,51.22834014892578,5994100
2015-11-23,52.277042388916016,5454100
2015-11-24,52.71823501586914,4802400
2015-11-25,52.91352844238281,5598700
2015-11-27,53.116031646728516,2596100
2015-11-30,52.43618392944336,7748900
2015-12-01,52.66037368774414,4361100
2015-12-02,52.023921966552734,5571100
2015-12-03,52.935218811035156,7226800
2015-12-04,53.44873809814453,6492900
2015-12-07,53.079864501953125,4991800
2015-12-08,52.551910400390625,3839500
2015-12-09,52.081783294677734,4235900
2015-12-10,52.3421516418457,4234600
2015-12-11,51.95882034301758,3764900
2015-12-14,52.59528350830078,4721100
2015-12-15,52.78333282470703,4581800
2015-12-16,53.37641906738281,3959100
2015-12-17,52.31321716308594,6749900
2015-12-18,51.61888885498047,7597700
2015-12-21,51.86479949951172,3727800
2015-12-22,52.515724182128906,3524500
2015-12-23,53.26790237426758,2592900
2015-12-24,52.920745849609375,1097700
2015-12-28,52.703765869140625,2427300
2015-12-29,53.83929443359375,4548300
2015-12-30,53.24623489379883,2143600
2015-12-31,52.515724182128906,3488200
2016-01-04,53.19559097290039,8233300
2016-01-05,54.12860107421875,8191400
2016-01-06,53.578914642333984,4921400
2016-01-07,53.43424987792969,11289900
2016-01-08,51.62612533569336,7749000
2016-01-11,52.37831115722656,6369700
2016-01-12,53.05818557739258,4851100
2016-01-13,51.81415939331055,5963500
2016-01-14,50.924564361572266,6283200
2016-01-15,50.68589401245117,7435800
2016-01-19,50.07836151123047,5645400
2016-01-20,48.884986877441406,9395700
2016-01-21,49.644405364990234,6869300
2016-01-22,50.42552185058594,3740800
2016-01-25,49.84690475463867,5312200
2016-01-26,50.94626235961914,4052600
2016-01-27,51.12705993652344,3961400
2016-01-28,51.34404754638672,4073300
2016-01-29,52.37831115722656,5184500
2016-02-01,52.67484664916992,4714900
2016-02-02,53.02202606201172,4635500
2016-02-03,52.48680877685547,5444900
2016-02-04,50.65696334838867,7650400
2016-02-05,50.309776306152344,3764200
2016-02-08,50.62803268432617,5392400
2016-02-09,50.52677536010742,5110600
2016-02-10,49.7311897277832,4691200
2016-02-11,49.217674255371094,3846100
2016-02-12,51.01163864135742,4651800
2016-02-16,52.14201354980469,3952000
2016-02-17,52.579559326171875,4933400
2016-02-18,52.89314651489258,5394800
2016-02-19,52.739994049072266,4390800
2016-02-22,52.84937286376953,4766400
2016-02-23,53.957862854003906,5823100
2016-02-24,56.10916519165039,15048400
2016-02-25,57.37077713012695,8383100
2016-02-26,57.19577407836914,5190100
2016-02-29,57.21036911010742,5226200
2016-03-01,59.04080581665039,7174400
2016-03-02,59.14289855957031,9385300
2016-03-03,58.12921905517578,11353900
2016-03-04,59.164764404296875,6059200
2016-03-07,58.938716888427734,4665000
2016-03-08,58.72719192504883,3981100
2016-03-09,59.22310256958008,3573100
2016-03-10,59.434593200683594,5694800
2016-03-11,59.704437255859375,4103300
2016-03-14,59.631500244140625,3548800
2016-03-15,59.543983459472656,3213000
2016-03-16,60.083648681640625,4066000
2016-03-17,60.543067932128906,5689900
2016-03-18,60.31699752807617,7754400
2016-03-21,59.9450569152832,4656000
2016-03-22,59.58043670654297,5264600
2016-03-23,59.434593200683594,4792700
2016-03-24,59.828399658203125,4304900
2016-03-28,60.38262176513672,5692900
2016-03-29,60.506595611572266,3576500
2016-03-30,60.966033935546875,3205900
2016-03-31,60.0034065246582,9481500
2016-04-01,60.353450775146484,4288800
2016-04-04,60.018001556396484,3753600
2016-04-05,59.872154235839844,4397200
2016-04-06,59.92317581176758,3885500
2016-04-07,59.485633850097656,4138800
2016-04-08,58.98244094848633,3958500
2016-04-11,58.172977447509766,4683000
2016-04-12,58.90953063964844,3338900
2016-04-13,59.478336334228516,2497900
2016-04-14,59.638790130615234,2689900
2016-04-15,60.23675537109375,3547000
2016-04-18,60.834754943847656,3716800
2016-04-19,61.243141174316406,3423700
2016-04-20,60.43366622924805,3737200
2016-04-21,60.34616470336914,3328900
2016-04-22,60.03986740112305,3208300
2016-04-25,60.23675537109375,3163700
2016-04-26,60.23675537109375,2933800
2016-04-27,60.73998260498047,3580200
2016-04-28,59.31060791015625,3833000
2016-04-29,57.97608947753906,6838700
2016-05-02,58.42823028564453,4891900
2016-05-03,58.333404541015625,3231300
2016-05-04,58.12921905517578,3214500
2016-05-05,56.97699737548828,5655500
2016-05-06,57.42184829711914,3467700
2016-05-09,58.289634704589844,4391500
2016-05-10,58.37717056274414,3855000
2016-05-11,55.20488357543945,11492700
2016-05-12,55.1319694519043,9124900
2016-05-13,53.87762451171875,9456800
2016-05-16,54.825565338134766,8756400
2016-05-17,54.09074783325195,9292800
2016-05-18,49.968345642089844,36405600
2016-05-19,49.27760696411133,12987700
2016-05-20,50.45331954956055,9325800
2016-05-23,49.91690444946289,7890200
2016-05-24,50.475379943847656,7586700
2016-05-25,50.9089241027832,8697700
2016-05-26,50.637046813964844,7018000
2016-05-27,50.629703521728516,4811900
2016-05-31,50.54152297973633,8560500
2016-06-01,50.269622802734375,8786700
2016-06-02,50.2035026550293,13664100
2016-06-03,50.445980072021484,7251000
2016-06-06,50.56354522705078,5623900
2016-06-07,50.14470672607422,5375400
2016-06-08,50.4239501953125,5708900
2016-06-09,49.74055480957031,6122900
2016-06-10,49.88017272949219,4743600
2016-06-13,49.15269088745117,4603700
2016-06-14,49.04246139526367,5271800
2016-06-15,49.431922912597656,5894700
2016-06-16,49.21881866455078,4967900
2016-06-17,49.60093307495117,7864300
2016-06-20,49.96100616455078,4327200
2016-06-21,50.18880844116211,4579800
2016-06-22,50.60029983520508,4421800
2016-06-23,51.276329040527344,7511100
2016-06-24,50.96036911010742,6760800
2016-06-27,51.03384780883789,5570000
2016-06-28,51.24694061279297,7325300
2016-06-29,51.43801498413086,6771300
2016-06-30,51.30573272705078,6502300
2016-07-01,51.474754333496094,5005400
2016-07-05,51.24694061279297,3311100
2016-07-06,51.81277847290039,3907800
2016-07-07,51.504146575927734,5088100
2016-07-08,52.40062713623047,4675400
2016-07-11,53.304473876953125,5264100
2016-07-12,54.02460479736328,6648500
2016-07-13,53.76741409301758,3606700
2016-07-14,54.0025634765625,4802000
2016-07-15,53.6718864440918,5205300
2016-07-18,54.347938537597656,3852600
2016-07-19,54.34058380126953,4255700
2016-07-20,54.73004913330078,2802300
2016-07-21,54.627166748046875,3269200
2016-07-22,55.053367614746094,2514400
2016-07-25,56.06742477416992,4208000
2016-07-26,56.00864028930664,5027200
2016-07-27,55.295860290527344,3161800
2016-07-28,54.957847595214844,4165900
2016-07-29,55.354644775390625,4969000
2016-08-01,55.48691940307617,3818200
2016-08-02,54.29649353027344,5071800
2016-08-03,54.45081329345703,5490100
2016-08-04,54.48019790649414,3095300
2016-08-05,55.06806182861328,3056600
2016-08-08,55.11214828491211,3022200
2016-08-09,53.35590362548828,7492600
2016-08-10,53.67923355102539,4037400
2016-08-11,54.3846435546875,6311400
2016-08-12,55.70736312866211,6670900
2016-08-15,55.94438934326172,5373400
2016-08-16,55.90735626220703,6924200
2016-08-17,52.31500244140625,19611500
2016-08-18,52.070579528808594,11650900
2016-08-19,51.93724822998047,5930800
2016-08-22,52.13723373413086,4548900
2016-08-23,52.6260986328125,5622700
2016-08-24,53.1297721862793,5780500
2016-08-25,52.44832992553711,5068000
2016-08-26,52.10761642456055,5023100
2016-08-29,52.6260986328125,3992200
2016-08-30,52.13723373413086,4031800
2016-08-31,51.98909378051758,5025100
2016-09-01,52.27797317504883,5199900
2016-09-02,52.44832992553711,7857000
2016-09-06,51.92242431640625,8235200
2016-09-07,52.070579528808594,5131500
2016-09-08,51.448387145996094,9141200
2016-09-09,51.10767364501953,6177800
2016-09-12,51.329872131347656,8167900
2016-09-13,51.06322479248047,9374900
2016-09-14,50.51512145996094,6638000
2016-09-15,51.26322555541992,5370900
2016-09-16,51.27803421020508,7138000
2016-09-19,51.02620315551758,4504600
2016-09-20,50.82621765136719,2988200
2016-09-21,51.45580291748047,4311000
2016-09-22,50.781768798828125,7619200
2016-09-23,50.93730926513672,3541900
2016-09-26,49.789241790771484,6902800
2016-09-27,50.581783294677734,5778400
2016-09-28,50.2336540222168,3376000
2016-09-29,50.15959548950195,2887300
2016-09-30,50.87066650390625,4900500
2016-10-03,50.87066650390625,3295900
2016-10-04,50.84842300415039,4376500
2016-10-05,50.174400329589844,4762300
2016-10-06,50.670658111572266,5032300
2016-10-07,51.13731384277344,3863100
2016-10-10,51.003971099853516,2724100
2016-10-11,50.655845642089844,3029900
2016-10-12,50.26329040527344,4279600
2016-10-13,50.28549575805664,3292100
2016-10-14,50.44846725463867,3818700
2016-10-17,49.804054260253906,4059500
2016-10-18,49.892940521240234,3011600
2016-10-19,50.01884460449219,2619600
2016-10-20,50.15217208862305,3961200
2016-10-21,50.537349700927734,3121800
2016-10-24,50.5595703125,2545800
2016-10-25,50.329959869384766,2553100
2016-10-26,50.80400085449219,2846500
2016-10-27,50.08551788330078,3731200
2016-10-28,50.98176193237305,4114500
2016-10-31,50.90768814086914,3349500
2016-11-01,50.204036712646484,4019500
2016-11-02,50.5595703125,3970600
2016-11-03,49.38185501098633,5068400
2016-11-04,49.27817153930664,3937300
2016-11-07,50.01884460449219,4777700
2016-11-08,49.663326263427734,5097500
2016-11-09,50.96692657470703,9570700
2016-11-10,52.24834442138672,9639100
2016-11-11,52.84830093383789,5330600
2016-11-14,53.909000396728516,7455400
2016-11-15,53.363704681396484,7693800
2016-11-16,56.792301177978516,22059200
2016-11-17,56.86701202392578,8065000
2016-11-18,56.911827087402344,6057500
2016-11-21,57.150856018066406,4477000
2016-11-22,58.16675567626953,5853300
2016-11-23,58.622398376464844,6768400
2016-11-25,58.71951675415039,2543800
2016-11-28,58.05470275878906,5405500
2016-11-29,58.570106506347656,4694000
2016-11-30,57.696128845214844,5819100
2016-12-01,58.12940216064453,6685300
2016-12-02,58.219024658203125,7523700
2016-12-05,57.50193786621094,7173300
2016-12-06,57.34507369995117,7704200
2016-12-07,57.49446487426758,6791000
2016-12-08,58.14432907104492,5090500
2016-12-09,57.80820083618164,4047700
2016-12-12,57.32267379760742,4489300
2016-12-13,58.017356872558594,4925600
2016-12-14,57.658790588378906,6045400
2016-12-15,57.50193786621094,4089400
2016-12-16,57.33013153076172,8217400
2016-12-19,57.54674530029297,2856600
2016-12-20,58.00242233276367,3504600
2016-12-21,57.613983154296875,2152400
2016-12-22,55.081729888916016,8438800
2016-12-23,54.90247344970703,3333700
2016-12-27,55.051856994628906,2200300
2016-12-28,54.402000427246094,2648500
2016-12-29,54.24514389038086,2795300
2016-12-30,53.953819274902344,3069200
2017-01-03,54.34223175048828,3907100
2017-01-04,55.13404846191406,5316200
2017-01-05,54.20030212402344,7096300
2017-01-06,53.363704681396484,5235100
2017-01-09,53.356224060058594,3814300
2017-01-10,53.356224060058594,4681800
2017-01-11,53.490692138671875,3479900
2017-01-12,53.221778869628906,4163200
2017-01-13,52.43000030517578,5332300
2017-01-17,52.99021911621094,5426700
2017-01-18,49.93510818481445,19063200
2017-01-19,48.84453582763672,12274900
2017-01-20,47.88093185424805,12983500
2017-01-23,47.69418716430664,7909000
2017-01-24,48.11248779296875,6084400
2017-01-25,48.55320358276367,5702500
2017-01-26,47.9332275390625,4393100
2017-01-27,47.582149505615234,7472000
2017-01-30,47.8958740234375,5220500
2017-01-31,48.16477966308594,5735100
2017-02-01,47.55972671508789,5307400
2017-02-02,47.56720733642578,5518400
2017-02-03,47.61948776245117,4965300
2017-02-06,47.372982025146484,6003300
2017-02-07,47.48503875732422,4256000
2017-02-08,48.38139343261719,4511000
2017-02-09,49.60643768310547,7754800
2017-02-10,49.09850311279297,5520800
2017-02-13,48.85726547241211,4218200
2017-02-14,49.490509033203125,5117100
2017-02-15,49.56587600708008,3974000
2017-02-16,49.1512565612793,3325000
2017-02-17,49.59604263305664,4235400
2017-02-21,49.91265869140625,4838600
2017-02-22,49.7091178894043,3029400
2017-02-23,48.985435485839844,4867900
2017-02-24,50.138816833496094,6909000
2017-02-27,50.44036865234375,6839200
2017-02-28,44.30399703979492,45305400
2017-03-01,43.595375061035156,22808000
2017-03-02,43.68583679199219,10976600
2017-03-03,43.23350524902344,9057200
2017-03-06,42.291194915771484,11313400
2017-03-07,41.567501068115234,13236500
2017-03-08,41.47704315185547,9417300
2017-03-09,41.61273193359375,10878100
2017-03-10,41.73334884643555,7591300
2017-03-13,41.60518264770508,7522200
2017-03-14,41.27349853515625,6000100
2017-03-15,41.13779830932617,8525500
2017-03-16,41.15288162231445,6354100
2017-03-17,40.92672348022461,14193800
2017-03-20,40.987030029296875,9164000
2017-03-21,40.24825668334961,9146700
2017-03-22,40.3914909362793,5869000
2017-03-23,40.0598030090332,5722400
2017-03-24,40.04472351074219,4351800
2017-03-27,40.20302963256836,7644400
2017-03-28,40.40656280517578,4395800
2017-03-29,41.57503128051758,9848600
2017-03-30,41.650421142578125,4870200
2017-03-31,41.60518264770508,7457800
2017-04-03,40.73072052001953,6970900
2017-04-04,40.278404235839844,6578300
2017-04-05,39.765777587890625,6810800
2017-04-06,40.38396072387695,8672400
2017-04-07,40.135169982910156,5782100
2017-04-10,40.54979705810547,4978100
2017-04-11,40.4894905090332,4917500
2017-04-12,40.25580596923828,4534800
2017-04-13,40.24825668334961,5087400
2017-04-17,40.46686553955078,4702400
2017-04-18,40.40656280517578,4371000
2017-04-19,40.625179290771484,5419600
2017-04-20,41.19055938720703,5843200
2017-04-21,41.29609298706055,5948300
2017-04-24,41.32625961303711,5717900
2017-04-25,41.57503128051758,4096700
2017-04-26,42.20073318481445,6273500
2017-04-27,42.28365707397461,3881200
2017-04-28,42.10272979736328,8428000
2017-05-01,42.042415618896484,5164200
2017-05-02,42.336429595947266,4017100
2017-05-03,43.22597885131836,7542800
2017-05-04,43.18828201293945,5508800
2017-05-05,43.21090316772461,4845500
2017-05-08,43.19581604003906,4553800
2017-05-09,43.7838249206543,8020700
2017-05-10,44.032588958740234,6954300
2017-05-11,42.261051177978516,13327000
2017-05-12,42.065040588378906,8957000
2017-05-15,42.17935562133789,8392900
2017-05-16,41.55447006225586,11944900
2017-05-17,41.943111419677734,23241100
2017-05-18,42.545127868652344,11919700
2017-05-19,42.667049407958984,9949500
2017-05-22,42.263179779052734,9528900
2017-05-23,41.52400207519531,7136800
2017-05-24,41.24965286254883,6780700
2017-05-25,41.30299758911133,7360400
2017-05-26,41.45540237426758,3738300
2017-05-30,41.866905212402344,5763600
2017-05-31,42.02693557739258,8401700
2017-06-01,42.41558837890625,5165300
2017-06-02,42.30890655517578,4485200
2017-06-05,42.39271545410156,4236800
2017-06-06,41.592567443847656,6395100
2017-06-07,41.50874710083008,5728200
2017-06-08,41.63068389892578,5767100
2017-06-09,43.36053466796875,7889200
2017-06-12,44.099700927734375,11661500
2017-06-13,43.7263069152832,5947600
2017-06-14,44.09209060668945,4337100
2017-06-15,42.263179779052734,10528000
2017-06-16,40.09134292602539,49491700
2017-06-19,39.40549850463867,14747200
2017-06-20,38.79585647583008,8795400
2017-06-21,38.498661041259766,9996500
2017-06-22,38.58248519897461,6746000
2017-06-23,38.68154525756836,6256700
2017-06-26,39.2302131652832,5805000
2017-06-27,39.679832458496094,6671600
2017-06-28,39.67222213745117,6148000
2017-06-29,39.695072174072266,4663000
2017-06-30,39.84748077392578,4008400
2017-07-03,40.12181091308594,2790900
2017-07-05,39.748409271240234,3960700
2017-07-06,39.199745178222656,3712700
2017-07-07,38.91778564453125,4882400
2017-07-10,38.23956298828125,6520000
2017-07-11,38.41484069824219,4594300
2017-07-12,38.76536560058594,4482100
2017-07-13,40.6247673034668,23218000
2017-07-14,40.56380844116211,5829200
2017-07-17,40.944828033447266,12488000
2017-07-18,40.944828033447266,4526300
2017-07-19,41.22677993774414,3954200
2017-07-20,41.592567443847656,6665900
2017-07-21,41.79071044921875,6355400
2017-07-24,41.18868637084961,5627100
2017-07-25,41.98884582519531,4506500
2017-07-26,41.882144927978516,3403400
2017-07-27,42.712772369384766,4489100
2017-07-28,42.75850296020508,5372000
2017-07-31,43.18524169921875,5662800
2017-08-01,43.330047607421875,4029000
2017-08-02,43.28430938720703,3677100
2017-08-03,43.46721267700195,5321700
2017-08-04,43.87872314453125,4462800
2017-08-07,44.10733413696289,3903900
2017-08-08,44.7626953125,8129300
2017-08-09,44.099700927734375,6389400
2017-08-10,42.40034484863281,10853100
2017-08-11,42.407962799072266,6022800
2017-08-14,42.993656158447266,5775200
2017-08-15,41.88392639160156,9457300
2017-08-16,43.39437484741211,22059400
2017-08-17,43.247955322265625,15275200
2017-08-18,42.8857536315918,4738500
2017-08-21,43.58704376220703,11604200
2017-08-22,43.57162857055664,7969500
2017-08-23,43.509971618652344,4237800
2017-08-24,41.776039123535156,15836400
2017-08-25,42.39255142211914,6979900
2017-08-28,41.95329284667969,6368500
2017-08-29,42.03805160522461,4347800
2017-08-30,41.860801696777344,3494500
2017-08-31,42.022647857666016,6017800
2017-09-01,43.32501220703125,7047500
2017-09-05,44.195831298828125,7890400
2017-09-06,44.71216583251953,9376800
2017-09-07,45.020408630371094,6951100
2017-09-08,44.13417053222656,10951400
2017-09-11,44.14958572387695,6057500
2017-09-12,44.611976623535156,5313700
2017-09-13,45.86040496826172,8704700
2017-09-14,45.82958221435547,5057800
2017-09-15,46.207183837890625,6718700
2017-09-18,45.53673553466797,5133100
2017-09-19,45.73709487915039,3944000
2017-09-20,45.6677360534668,4830500
2017-09-21,44.951053619384766,5395400
2017-09-22,45.45967102050781,3510600
2017-09-25,45.12059020996094,5990400
2017-09-26,45.15140914916992,4211000
2017-09-27,45.367191314697266,4279400
2017-09-28,45.39802169799805,5183600
2017-09-29,45.47507858276367,3816900
2017-10-02,45.38261032104492,3909900
2017-10-03,45.14372634887695,3580000
2017-10-04,45.20536804199219,3037900
2017-10-05,44.98958969116211,4868800
2017-10-06,44.01858901977539,8925600
2017-10-09,43.34814453125,6312200
2017-10-10,44.38848114013672,7358500
2017-10-11,45.582969665527344,11676600
2017-10-12,46.384437561035156,8970700
2017-10-13,46.89305114746094,6800500
2017-10-16,46.353599548339844,4602200
2017-10-17,46.369014739990234,3285900
2017-10-18,46.261131286621094,3538600
2017-10-19,46.56938171386719,4201300
2017-10-20,47.59431457519531,6053800
2017-10-23,48.22624969482422,8877800
2017-10-24,48.4959716796875,5644700
2017-10-25,47.717628479003906,6352500
2017-10-26,47.7869758605957,4287300
2017-10-27,46.438385009765625,6964400
2017-10-30,45.8912239074707,6162200
2017-10-31,45.498207092285156,6458100
2017-11-01,45.359493255615234,4710500
2017-11-02,46.076175689697266,4790500
2017-11-03,45.744808197021484,3992500
2017-11-06,45.69086837768555,4538700
2017-11-07,44.611976623535156,6587600
2017-11-08,44.981868743896484,4921600
2017-11-09,46.16094970703125,8496200
2017-11-10,47.31689453125,6854500
2017-11-13,46.54627227783203,6608800
2017-11-14,46.787628173828125,8018700
2017-11-15,42.170387268066406,34811200
2017-11-16,42.90229797363281,12744700
2017-11-17,45.26931381225586,16719400
2017-11-20,45.0668830871582,7973000
2017-11-21,44.57633590698242,6318400
2017-11-22,44.76321029663086,2867400
2017-11-24,43.50962448120117,5892400
2017-11-27,43.47848129272461,8277500
2017-11-28,44.0858039855957,6312100
2017-11-29,48.025657653808594,18820900
2017-11-30,46.63969421386719,14923100
2017-12-01,46.33604431152344,8318000
2017-12-04,48.710845947265625,11463100
2017-12-05,48.4305419921875,8184300
2017-12-06,47.27817153930664,5562300
2017-12-07,47.56626510620117,3965300
2017-12-08,47.784278869628906,3666500
2017-12-11,48.08793640136719,4315300
2017-12-12,47.511756896972656,4769300
2017-12-13,48.7964973449707,7998100
2017-12-14,48.22810363769531,6332000
2017-12-15,48.74978256225586,9152100
2017-12-18,49.89436340332031,6372500
2017-12-19,49.8787841796875,6424900
2017-12-20,50.205806732177734,8163800
2017-12-21,50.78199005126953,7640900
2017-12-22,50.91436004638672,3938900
2017-12-26,51.249168395996094,2637700
2017-12-27,50.719688415527344,3510600
2017-12-28,50.470523834228516,2467500
2017-12-29,50.805355072021484,5058100
2018-01-02,52.658477783203125,8509000
2018-01-03,52.30030822753906,6057500
2018-01-04,51.27251434326172,7124500
2018-01-05,51.817562103271484,5549700
2018-01-08,52.30809783935547,8337200
2018-01-09,53.834205627441406,18160800
2018-01-10,55.07223129272461,10985200
2018-01-11,57.618309020996094,12186000
2018-01-12,59.798492431640625,14846000
2018-01-16,58.365806579589844,10167900
2018-01-17,59.81406021118164,7083700
2018-01-18,60.65494918823242,7668600
2018-01-19,60.810691833496094,7808100
2018-01-22,61.18444061279297,5621600
2018-01-23,60.82627868652344,5372700
2018-01-24,59.86854934692383,9765100
2018-01-25,59.4091682434082,6347700
2018-01-26,59.915245056152344,4981200
2018-01-29,59.798492431640625,3489400
2018-01-30,58.474822998046875,5626300
2018-01-31,58.56825256347656,8706300
2018-02-01,58.37358856201172,4649100
2018-02-02,56.80078887939453,6807800
2018-02-05,55.103370666503906,6518200
2018-02-06,56.61388397216797,8051600
2018-02-07,57.03435516357422,6521900
2018-02-08,55.36808776855469,5705500
2018-02-09,56.41144561767578,7733200
2018-02-12,55.967628479003906,4624500
2018-02-13,57.52487564086914,4417500
2018-02-14,58.66948699951172,7388700
2018-02-15,59.20672607421875,3428600
2018-02-16,58.94196319580078,4279000
2018-02-20,57.19916915893555,7086000
2018-02-21,57.27767562866211,8645200
2018-02-22,58.9027214050293,6987100
2018-02-23,59.201053619384766,5475600
2018-02-26,60.37077713012695,5779300
2018-02-27,59.32667541503906,6234300
2018-02-28,59.201053619384766,5520500
2018-03-01,58.196170806884766,7084400
2018-03-02,58.9969482421875,4956200
2018-03-05,58.98908615112305,7654800
2018-03-06,56.35914993286133,20019700
2018-03-07,56.0765380859375,7684600
2018-03-08,54.75762939453125,8753900
2018-03-09,55.33858871459961,6813000
2018-03-12,55.47990036010742,3665100
2018-03-13,55.87242889404297,4485800
2018-03-14,55.464195251464844,4683700
2018-03-15,55.448490142822266,6528600
2018-03-16,55.73109817504883,7297000
2018-03-19,55.2208137512207,3214900
2018-03-20,56.1785888671875,5015000
2018-03-21,55.063819885253906,3792600
2018-03-22,54.08249282836914,6614000
2018-03-23,53.289581298828125,5261000
2018-03-26,55.1737060546875,4893900
2018-03-27,53.784175872802734,6896500
2018-03-28,54.3101692199707,8052400
2018-03-29,54.50642776489258,7594300
2018-04-02,54.15314483642578,5903000
2018-04-03,54.58493423461914,3484200
2018-04-04,56.414119720458984,5200200
2018-04-05,56.86943817138672,4525100
2018-04-06,56.75168228149414,6360100
2018-04-09,56.11579895019531,3093300
2018-04-10,57.14423370361328,4653900
2018-04-11,57.167755126953125,3545700
2018-04-12,56.861595153808594,3020200
2018-04-13,56.147186279296875,3824400
2018-04-16,56.524009704589844,4837600
2018-04-17,56.877281188964844,3066500
2018-04-18,56.94009780883789,3211100
2018-04-19,55.723270416259766,5816500
2018-04-20,55.20513153076172,4110000
2018-04-23,55.69970703125,3346000
2018-04-24,55.36998748779297,3946100
2018-04-25,55.84888458251953,2590900
2018-04-26,56.42980194091797,3112700
2018-04-27,57.19130325317383,3711800
2018-04-30,56.99503707885742,4810200
2018-05-01,55.793922424316406,5619600
2018-05-02,56.09224319458008,4603400
2018-05-03,55.85671615600586,3217300
2018-05-04,55.7782096862793,2609500
2018-05-07,54.42792892456055,5927700
2018-05-08,54.498565673828125,3852300
2018-05-09,54.89894104003906,4122900
2018-05-10,55.14230728149414,3574200
2018-05-11,55.150177001953125,3032200
2018-05-14,57.23057174682617,7312700
2018-05-15,57.86400604248047,5000000
2018-05-16,59.566341400146484,8596200
2018-05-17,60.04143524169922,5476000
2018-05-18,60.12849426269531,4317600
2018-05-21,60.86487579345703,5073900
2018-05-22,59.756370544433594,7550100
2018-05-23,56.35167694091797,17346600
2018-05-24,56.16958236694336,8246300
2018-05-25,56.383365631103516,5984000
2018-05-29,56.77132034301758,6711000
2018-05-30,58.17280578613281,7652200
2018-05-31,57.71356201171875,6418900
2018-06-01,57.64229202270508,4017300
2018-06-04,60.453155517578125,7619000
2018-06-05,62.15550994873047,8824700
2018-06-06,61.68041229248047,4396700
2018-06-07,62.0367317199707,5668000
2018-06-08,61.77540588378906,4815200
2018-06-11,62.598915100097656,4291400
2018-06-12,62.60681915283203,4251900
2018-06-13,61.77540588378906,3502700
2018-06-14,61.14201354980469,4246800
2018-06-15,61.165775299072266,6780000
2018-06-18,61.062843322753906,3341000
2018-06-19,60.627357482910156,3926700
2018-06-20,59.69302749633789,5147600
2018-06-21,60.2868766784668,4261000
2018-06-22,60.20770263671875,3254500
2018-06-25,60.84112548828125,6191500
2018-06-26,60.43732452392578,3575900
2018-06-27,60.86487579345703,4328100
2018-06-28,59.85930252075195,4670700
2018-06-29,60.271034240722656,3438400
2018-07-02,59.99390411376953,3518800
2018-07-03,60.67485427856445,1993300
2018-07-05,60.61151123046875,2772100
2018-07-06,60.80155563354492,2380600
2018-07-09,61.56956481933594,3397100
2018-07-10,61.99713134765625,3831400
2018-07-11,61.42705535888672,3001100
2018-07-12,60.5719108581543,3472600
2018-07-13,61.537906646728516,2958900
2018-07-16,61.13407897949219,3405600
2018-07-17,61.18159484863281,3179100
2018-07-18,60.84905242919922,4161000
2018-07-19,62.12382507324219,5180200
2018-07-20,61.56956481933594,2896300
2018-07-23,62.30596160888672,3415900
2018-07-24,62.83645248413086,5504400
2018-07-25,63.33526611328125,3655700
2018-07-26,63.23234558105469,4409300
2018-07-27,63.446102142333984,3361600
2018-07-30,64.3012466430664,3781800
2018-07-31,63.88159942626953,3959500
2018-08-01,62.51179122924805,4204800
2018-08-02,63.944942474365234,4180100
2018-08-03,64.49129486083984,3142400
2018-08-06,64.61796569824219,2467200
2018-08-07,65.11677551269531,2910700
2018-08-08,65.23555755615234,2674100
2018-08-09,65.41767883300781,3025200
2018-08-10,65.48893737792969,2343300
2018-08-13,64.97428131103516,3895600
2018-08-14,65.97976684570312,4680400
2018-08-15,64.39173126220703,6191700
2018-08-16,65.49299621582031,6603600
2018-08-17,66.26705932617188,7431500
2018-08-20,66.49049377441406,5699300
2018-08-21,66.45059204101562,8030000
2018-08-22,68.58131408691406,19633800
2018-08-23,69.19576263427734,7409600
2018-08-24,69.674560546875,4505200
2018-08-27,69.10796356201172,3940300
2018-08-28,69.18775177001953,3953800
2018-08-29,69.92994689941406,3307100
2018-08-30,69.674560546875,2940500
2018-08-31,69.82618713378906,3469400
2018-09-04,70.98330688476562,3562700
2018-09-05,70.7040023803711,7113900
2018-09-06,70.92744445800781,4504900
2018-09-07,70.81572723388672,4614900
2018-09-10,71.23070526123047,4156000
2018-09-11,70.86363220214844,3070200
2018-09-12,70.7439193725586,2920500
2018-09-13,70.28905487060547,3756500
2018-09-14,70.17732238769531,3433300
2018-09-17,69.6506118774414,2857300
2018-09-18,69.9698486328125,5014100
2018-09-19,69.55487823486328,3218500
2018-09-20,69.73042297363281,3242100
2018-09-21,69.674560546875,6707500
2018-09-24,69.61869812011719,3475700
2018-09-25,69.674560546875,2949600
2018-09-26,70.1374282836914,3880100
2018-09-27,69.83418273925781,3075800
2018-09-28,70.39278411865234,3924000
2018-10-01,70.60025024414062,3154800
2018-10-02,69.12394714355469,4258800
2018-10-03,68.60523223876953,4270700
2018-10-04,67.70347595214844,5473200
2018-10-05,67.44810485839844,5075200
2018-10-08,68.15037536621094,3732000
2018-10-09,68.35786437988281,3330900
2018-10-10,67.99076843261719,4952600
2018-10-11,66.07553100585938,5091000
2018-10-12,67.51995086669922,5128900
2018-10-15,67.51195526123047,3345500
2018-10-16,68.47754669189453,2691700
2018-10-17,67.3683090209961,4191800
2018-10-18,66.52239990234375,4242600
2018-10-19,65.45307159423828,5464400
2018-10-22,66.41868591308594,3420200
2018-10-23,65.97179412841797,4517500
2018-10-24,65.65257263183594,5098800
2018-10-25,66.89749145507812,5311600
2018-10-26,65.38923645019531,6128800
2018-10-29,67.11297607421875,5353000
2018-10-30,68.44561767578125,5767600
2018-10-31,66.73789978027344,6674200
2018-11-01,67.21669006347656,4388600
2018-11-02,67.3603286743164,3637600
2018-11-05,68.1104736328125,3670700
2018-11-06,68.30197143554688,3837700
2018-11-07,69.23567199707031,6778300
2018-11-08,69.9059829711914,4477900
2018-11-09,69.3792953491211,3490000
2018-11-12,68.20624542236328,4720800
2018-11-13,67.28849792480469,4328400
2018-11-14,66.33885192871094,5625500
2018-11-15,64.44758605957031,7119000
2018-11-16,63.585723876953125,8260900
2018-11-19,62.07747268676758,9144000
2018-11-20,55.543853759765625,20866400
2018-11-21,55.72891616821289,11724700
2018-11-23,54.19208526611328,5652600
2018-11-26,55.72087860107422,10028800
2018-11-27,57.43474197387695,13392500
2018-11-28,57.83708572387695,8457200
2018-11-29,57.2657585144043,6718400
2018-11-30,57.096797943115234,7100400
2018-12-03,58.20719909667969,7747600
2018-12-04,55.7691535949707,9762000
2018-12-06,55.9542236328125,6304400
2018-12-07,54.562191009521484,5471500
2018-12-10,54.972564697265625,5750900
2018-12-11,53.733428955078125,5756500
2018-12-12,54.546112060546875,5451300
2018-12-13,53.65296936035156,5866800
2018-12-14,54.0472412109375,6471700
2018-12-17,51.7540283203125,8576400
2018-12-18,52.550621032714844,7074300
2018-12-19,50.55512619018555,6705300
2018-12-20,49.64589309692383,8216200
2018-12-21,49.187255859375,8825100
2018-12-24,49.52520751953125,3623400
2018-12-26,52.38969039916992,6157300
2018-12-27,52.067832946777344,5706000
2018-12-28,52.26900100708008,4193200
2018-12-31,53.17823028564453,4178500
2019-01-02,53.45985412597656,4549300
2019-01-03,52.727638244628906,4562200
2019-01-04,53.45180130004883,4825900
2019-01-07,56.06686782836914,7630600
2019-01-08,56.01054763793945,6756000
2019-01-09,56.55769348144531,6025100
2019-01-10,54.948429107666016,13913700
2019-01-11,56.01054763793945,5025900
2019-01-14,55.390995025634766,4568000
2019-01-15,54.8840446472168,3770000
2019-01-16,54.59438705444336,4888700
2019-01-17,55.81743240356445,4133200
2019-01-18,56.871490478515625,4484100
2019-01-22,56.549644470214844,5763900
2019-01-23,56.58182907104492,4446600
2019-01-24,56.815181732177734,4057000
2019-01-25,58.2474250793457,5544200
2019-01-28,58.030174255371094,3511100
2019-01-29,57.69223403930664,3320600
2019-01-30,58.19914245605469,3789300
2019-01-31,58.73823547363281,6699400
2019-02-01,57.2657585144043,5916200
2019-02-04,58.28765106201172,3622300
2019-02-05,58.55317306518555,3526200
2019-02-06,58.3439826965332,3399300
2019-02-07,57.820953369140625,3711600
2019-02-08,57.03242874145508,4146200
2019-02-11,56.44504928588867,6661000
2019-02-12,56.65425491333008,4505500
2019-02-13,58.39226150512695,7186900
2019-02-14,58.078433990478516,4624800
2019-02-15,58.60950469970703,3835800
2019-02-19,59.502464294433594,6868000
2019-02-20,59.02350997924805,5005600
2019-02-21,58.47150421142578,3985000
2019-02-22,58.65011215209961,3144800
2019-02-25,59.34010696411133,7782000
2019-02-26,58.68256378173828,5370900
2019-02-27,59.275146484375,5164400
2019-02-28,58.966678619384766,5375600
2019-03-01,59.21022415161133,6833800
2019-03-04,58.991050720214844,7383800
2019-03-05,61.69422912597656,17015100
2019-03-06,62.424827575683594,7874200
2019-03-07,61.83222579956055,5617900
2019-03-08,61.539974212646484,4581900
2019-03-11,61.91341781616211,3435900
2019-03-12,61.84033966064453,3646200
2019-03-13,62.60341262817383,3796600
2019-03-14,62.09197235107422,3779500
2019-03-15,62.22998809814453,5274100
2019-03-18,63.22032165527344,3923500
2019-03-19,63.69115447998047,4192300
2019-03-20,62.94434356689453,4325300
2019-03-21,64.52728271484375,5322000
2019-03-22,63.577537536621094,3174500
2019-03-25,63.74799728393555,2911400
2019-03-26,64.64092254638672,3493600
2019-03-27,64.79517364501953,3609400
2019-03-28,65.20105743408203,5394100
2019-03-29,65.15235137939453,3886600
2019-04-01,64.91693878173828,4733900
2019-04-02,64.5029296875,2909200
2019-04-03,64.38115692138672,3251700
2019-04-04,66.06153106689453,4396200
2019-04-05,65.704345703125,4234600
2019-04-08,66.50801086425781,4609000
2019-04-09,65.4770736694336,4863800
2019-04-10,65.55010986328125,2265400
2019-04-11,65.30658721923828,2627800
2019-04-12,65.53385925292969,3517200
2019-04-15,66.54856872558594,3306200
2019-04-16,66.54046630859375,2663600
2019-04-17,67.11681365966797,3045000
2019-04-18,67.587646484375,3162700
2019-04-22,66.58103942871094,3331200
2019-04-23,66.69469451904297,6238500
2019-04-24,67.2791748046875,2660000
2019-04-25,66.35374450683594,3797000
2019-04-26,62.60341262817383,12352800
2019-04-29,63.155418395996094,9097000
2019-04-30,62.8469352722168,5339800
2019-05-01,61.42633819580078,5463200
2019-05-02,62.035160064697266,4456300
2019-05-03,61.6455078125,5774300
2019-05-06,61.678001403808594,4008600
2019-05-07,60.91493225097656,4437200
2019-05-08,61.21528625488281,3997700
2019-05-09,60.97176742553711,4549300
2019-05-10,60.59021759033203,5200300
2019-05-13,58.1873893737793,6055200
2019-05-14,58.367610931396484,8063100
2019-05-15,57.9990119934082,5578900
2019-05-16,57.97444152832031,4476200
2019-05-17,58.064544677734375,3891200
2019-05-20,59.03924560546875,5750100
2019-05-21,58.94094467163086,7705900
2019-05-22,63.527801513671875,20777800
2019-05-23,65.03490447998047,11619600
2019-05-24,66.81229400634766,7851700
2019-05-28,66.15703582763672,6522700
2019-05-29,65.2314682006836,5772200
2019-05-30,65.84577941894531,3996900
2019-05-31,65.89492797851562,4137000
2019-06-03,67.942626953125,7071800
2019-06-04,70.31793975830078,7952700
2019-06-05,70.02310180664062,6744500
2019-06-06,70.19509887695312,4558400
2019-06-07,71.13704681396484,5214100
2019-06-10,71.71038055419922,3019500
2019-06-11,71.95612335205078,4285000
2019-06-12,72.29193878173828,3650900
2019-06-13,72.32470703125,3200300
2019-06-14,71.90695190429688,4300800
2019-06-17,71.37457275390625,4194500
2019-06-18,70.82575988769531,4389100
2019-06-19,70.57186889648438,4088200
2019-06-20,70.61283874511719,3814800
2019-06-21,71.7513427734375,7847600
2019-06-24,71.03055572509766,3059000
2019-06-25,70.19509887695312,5061300
2019-06-26,70.10498809814453,2978100
2019-06-27,70.3343505859375,2941600
2019-06-28,70.94046783447266,5284100
2019-07-01,71.21075439453125,4780700
2019-07-02,71.29264831542969,2323600
2019-07-03,71.9970703125,1532900
2019-07-05,72.60315704345703,2032000
2019-07-08,72.8243408203125,4734400
2019-07-09,71.91515350341797,3986900
2019-07-10,70.31793975830078,5638400
2019-07-11,70.82575988769531,5307700
2019-07-12,71.69401550292969,4732000
2019-07-15,71.0960922241211,3174200
2019-07-16,72.33291625976562,5276900
2019-07-17,71.96430206298828,3671100
2019-07-18,72.48851776123047,3847300
2019-07-19,72.0871810913086,3420400
2019-07-22,71.44010162353516,2850200
2019-07-23,72.52127075195312,4304000
2019-07-24,72.9717788696289,3204700
2019-07-25,72.05440521240234,3603500
2019-07-26,71.30903625488281,5315900
2019-07-29,71.44828033447266,3328800
2019-07-30,71.16159057617188,2733400
2019-07-31,70.76844787597656,4470600
2019-08-01,67.6723403930664,7100500
2019-08-02,66.77133178710938,5134500
2019-08-05,66.17342376708984,7255600
2019-08-06,67.7951889038086,5546300
2019-08-07,67.99176788330078,4762100
2019-08-08,68.63883972167969,4464100
2019-08-09,67.50033569335938,4966300
2019-08-12,67.1890640258789,5194200
2019-08-13,68.9992446899414,8412100
2019-08-14,67.07438659667969,7011500
2019-08-15,67.62318420410156,5389000
2019-08-16,68.97466278076172,4861100
2019-08-19,70.91588592529297,7353800
2019-08-20,70.59398651123047,8797200
2019-08-21,85.01324462890625,41449400
2019-08-22,87.75347137451172,17105700
2019-08-23,85.41765594482422,8989600
2019-08-26,86.47412872314453,5583100
2019-08-27,86.4163589477539,5319900
2019-08-28,87.81950378417969,6641000
2019-08-29,89.08230590820312,5196600
2019-08-30,88.34774017333984,5309000
2019-09-03,88.07535552978516,3992100
2019-09-04,88.6118392944336,3963700
2019-09-05,89.58577728271484,4144400
2019-09-06,90.6670150756836,5274400
2019-09-09,89.09881591796875,5005500
2019-09-10,89.82514953613281,3949200
2019-09-11,89.94071197509766,3704700
2019-09-12,89.91593170166016,3185700
2019-09-13,89.13182830810547,2508300
2019-09-16,88.2817153930664,4642500
2019-09-17,88.54579162597656,4325800
2019-09-18,88.2899398803711,2950900
2019-09-19,89.03279876708984,2938700
2019-09-20,88.04232788085938,4199800
2019-09-23,89.78385925292969,4945300
2019-09-24,88.68611907958984,5397700
2019-09-25,88.14965057373047,3934100
2019-09-26,87.72870635986328,5166600
2019-09-27,87.58838653564453,3188600
2019-09-30,88.24044799804688,3639000
2019-10-01,87.43981170654297,3557400
2019-10-02,86.79603576660156,5637600
2019-10-03,88.00106811523438,3512600
2019-10-04,90.04798126220703,4116400
2019-10-07,89.09881591796875,3755600
2019-10-08,89.56926727294922,4339800
2019-10-09,91.08795166015625,5832000
2019-10-10,91.26129150390625,3647000
2019-10-11,92.30126190185547,4563100
2019-10-14,91.74000549316406,2356300
2019-10-15,92.35078430175781,2706100
2019-10-16,92.59837341308594,2315700
2019-10-17,93.45677185058594,4100800
2019-10-18,93.11011505126953,3887700
2019-10-21,93.82820129394531,2886500
2019-10-22,93.4237289428711,3509100
2019-10-23,91.91333770751953,5157800
2019-10-24,90.99716186523438,3840100
2019-10-25,89.98194885253906,5659700
2019-10-28,90.55970001220703,4448200
2019-10-29,89.26388549804688,3004700
2019-10-30,89.08230590820312,3567800
2019-10-31,88.24044799804688,6467400
2019-11-01,88.99150085449219,3104000
2019-11-04,89.7756118774414,3195600
2019-11-05,90.8403549194336,3292400
2019-11-06,91.21176147460938,3234400
2019-11-07,91.27777862548828,3494300
2019-11-08,90.91462707519531,2805400
2019-11-11,91.16222381591797,3082700
2019-11-12,89.42897033691406,5429600
2019-11-13,89.61878967285156,3653900
2019-11-14,91.70699310302734,5968400
2019-11-15,93.44027709960938,5340300
2019-11-18,92.40856170654297,6898000
2019-11-19,92.03491973876953,7377500
2019-11-20,104.97048950195312,32365500
2019-11-21,105.9833755493164,10804300
2019-11-22,105.46031951904297,7537100
2019-11-25,103.94094848632812,8365300
2019-11-26,105.3523941040039,7581400
2019-11-27,104.53044128417969,3430400
2019-11-29,103.79148864746094,2660000
2019-12-02,102.93631744384766,4194400
2019-12-03,102.98612976074219,4237200
2019-12-04,103.38465881347656,3935200
2019-12-05,103.51750946044922,2614100
2019-12-06,103.8080825805664,4305300
2019-12-09,104.98707580566406,3508700
2019-12-10,104.42247772216797,3573800
2019-12-11,104.44740295410156,2816200
2019-12-12,105.87545013427734,3677400
2019-12-13,105.62638092041016,2970000
2019-12-16,104.58023834228516,4488100
2019-12-17,106.58949279785156,5617300
2019-12-18,106.34040832519531,3940200
2019-12-19,106.85517120361328,3292700
2019-12-20,107.22877502441406,6224900
2019-12-23,106.5562744140625,4051800
2019-12-24,106.73062896728516,1643400
2019-12-26,107.0129165649414,2197900
2019-12-27,107.27862548828125,2233600
2019-12-30,107.0129165649414,2546500
2019-12-31,106.4483413696289,4059800
2020-01-02,104.67157745361328,5149800
2020-01-03,103.58393859863281,5018500
2020-01-06,102.60420227050781,4226900
2020-01-07,102.78687286376953,3641600
2020-01-08,102.45475769042969,5731600
2020-01-09,102.53779602050781,5369700
2020-01-10,103.55901336669922,4678000
2020-01-13,102.84497833251953,3632800
2020-01-14,103.9990463256836,3291900
2020-01-15,97.14105987548828,26743400
2020-01-16,96.57649993896484,9361600
2020-01-17,97.07463836669922,7303800
2020-01-21,94.68350219726562,8188000
2020-01-22,94.5672607421875,5070600
2020-01-23,95.92057037353516,4641500
2020-01-24,94.91594696044922,4338900
2020-01-27,96.12815856933594,6779200
2020-01-28,95.84587097167969,3865100
2020-01-29,94.87443542480469,5250600
2020-01-30,95.20652770996094,4466400
2020-01-31,91.94361877441406,6961900
2020-02-03,93.4131851196289,5186000
2020-02-04,94.02758026123047,3626000
2020-02-05,95.92057037353516,3636700
2020-02-06,95.59676361083984,4024800
2020-02-07,95.98700714111328,2970800
2020-02-10,97.12446594238281,3862000
2020-02-11,96.88367462158203,3065100
2020-02-12,98.06267547607422,3764800
2020-02-13,98.20380401611328,2654900
2020-02-14,96.83386993408203,3289100
2020-02-18,98.3869400024414,3122500
2020-02-19,98.0195541381836,2866700
2020-02-20,98.74600219726562,2659300
2020-02-21,97.7022705078125,3856500
2020-02-24,95.00521850585938,5304900
2020-02-25,93.28515625,5095900
2020-02-26,92.40006256103516,4318300
2020-02-27,88.19171142578125,6713400
2020-02-28,86.00402069091797,9174100
2020-03-02,91.06407928466797,9691100
2020-03-03,88.37541961669922,10927400
2020-03-04,90.02867889404297,6834800
2020-03-05,88.48395538330078,5294900
2020-03-06,88.46725463867188,5370800
2020-03-09,86.86408233642578,7346600
2020-03-10,90.45453643798828,7461000
2020-03-11,88.15831756591797,6102500
2020-03-12,77.33684539794922,10208800
2020-03-13,84.35076904296875,9267200
2020-03-16,78.31377410888672,6963700
2020-03-17,86.53007507324219,10586400
2020-03-18,85.8537368774414,8845700
2020-03-19,83.91658020019531,7414200
2020-03-20,81.32809448242188,8057200
2020-03-23,80.73526000976562,7104300
2020-03-24,83.96666717529297,6498600
2020-03-25,76.01756286621094,12563200
2020-03-26,80.21755981445312,7014000
2020-03-27,79.10701751708984,4902800
2020-03-30,80.1674575805664,4485600
2020-03-31,77.62908172607422,6388400
2020-04-01,79.54955291748047,8581000
2020-04-02,78.78970336914062,5929200
2020-04-03,77.29510498046875,6815300
2020-04-06,81.41992950439453,7107800
2020-04-07,82.04618072509766,6599300
2020-04-08,87.36507415771484,7542900
2020-04-09,87.00603485107422,7069200
2020-04-13,87.40684509277344,3235500
2020-04-14,90.49627685546875,5032300
2020-04-15,88.70941925048828,4225600
2020-04-16,91.26448822021484,5950300
2020-04-17,94.7046127319336,7617500
2020-04-20,90.99727630615234,5329600
2020-04-21,89.26048278808594,4519700
2020-04-22,89.21038055419922,2954600
2020-04-23,86.72213745117188,16508000
2020-04-24,90.02867889404297,6088600
2020-04-27,91.74878692626953,4340700
2020-04-28,93.5189437866211,4904700
2020-04-29,93.6024398803711,4929800
2020-04-30,91.63187408447266,4769600
2020-05-01,90.37104797363281,4590500
2020-05-04,93.27680206298828,4578300
2020-05-05,93.31855773925781,4201100
2020-05-06,94.83824920654297,4913900
2020-05-07,94.65454864501953,3689800
2020-05-08,96.71696472167969,4266900
2020-05-11,100.34916687011719,5996300
2020-05-12,99.68952941894531,4897000
2020-05-13,99.48078918457031,4677900
2020-05-14,100.14878845214844,5635600
2020-05-15,100.98377990722656,8354200
2020-05-18,104.54082489013672,6320900
2020-05-19,103.39082336425781,7914900
2020-05-20,100.4192886352539,12897000
2020-05-21,99.62186431884766,7620700
2020-05-22,98.62293243408203,4902900
2020-05-26,96.63353729248047,7274600
2020-05-27,98.5558090209961,8260300
2020-05-28,99.4120101928711,6137300
2020-05-29,102.68572235107422,8705900
2020-06-01,100.30178833007812,6020100
2020-06-02,99.76454162597656,5144600
2020-06-03,102.18207550048828,5815800
2020-06-04,100.69629669189453,3963600
2020-06-05,102.01419067382812,4578800
2020-06-08,102.71929168701172,3578400
2020-06-09,101.33428192138672,2923500
2020-06-10,100.72987365722656,3653700
2020-06-11,99.0594482421875,5005100
2020-06-12,98.12767791748047,4953400
2020-06-15,99.1769790649414,4593800
2020-06-16,100.06675720214844,5138000
2020-06-17,99.27767944335938,3808600
2020-06-18,98.46345520019531,3261100
2020-06-19,101.19993591308594,12611200
2020-06-22,102.76964569091797,4671200
2020-06-23,101.9889907836914,4307000
2020-06-24,100.49485778808594,4181600
2020-06-25,100.57039642333984,2759500
2020-06-26,98.2284164428711,6670800
2020-06-29,99.52952575683594,3258900
2020-06-30,100.6711196899414,3633900
2020-07-01,99.85688018798828,2836400
2020-07-02,99.9911880493164,2216100
2020-07-06,100.09191131591797,3766400
2020-07-07,99.10140228271484,3908300
2020-07-08,98.7992172241211,2845100
2020-07-09,98.96710968017578,2861000
2020-07-10,99.77295684814453,2033500
2020-07-13,99.66382598876953,3469700
2020-07-14,100.79705047607422,2578200
2020-07-15,102.13170623779297,3533900
2020-07-16,102.36672973632812,3109900
2020-07-17,102.13170623779297,2715500
2020-07-20,100.57879638671875,3825900
2020-07-21,100.89775848388672,3195400
2020-07-22,103.36563110351562,3876600
2020-07-23,102.70252990722656,3267500
2020-07-24,103.84410858154297,3832900
2020-07-27,102.98790740966797,2423400
2020-07-28,103.49156188964844,2337000
2020-07-29,103.81893157958984,2095800
2020-07-30,104.57440185546875,3606300
2020-07-31,105.6656265258789,3267100
2020-08-03,107.3108901977539,3319200
2020-08-04,109.50176239013672,3924500
2020-08-05,108.59519958496094,3688800
2020-08-06,108.29298400878906,1979900
2020-08-07,110.593017578125,2303100
2020-08-10,111.59192657470703,3002900
2020-08-11,110.56784057617188,3915900
2020-08-12,112.98535919189453,4860900
2020-08-13,113.16162872314453,2324800
2020-08-14,114.60545349121094,3180900
2020-08-17,116.04082489013672,4632300
2020-08-18,115.48403930664062,5756800
2020-08-19,130.09461975097656,40211800
2020-08-20,128.4243927001953,12046000
2020-08-21,129.59690856933594,7061400
2020-08-24,129.26791381835938,4355300
2020-08-25,128.93894958496094,2984400
2020-08-26,128.8208465576172,3061600
2020-08-27,126.79625701904297,3773100
2020-08-28,127.25182342529297,2835600
2020-08-31,127.55548858642578,3025600
2020-09-01,126.9987564086914,3603500
2020-09-02,126.39981842041016,4128200
2020-09-03,123.18579864501953,4135300
2020-09-04,124.19808197021484,4742100
2020-09-08,121.47338104248047,3503200
2020-09-09,124.46800994873047,3279300
2020-09-10,123.19425201416016,2828100
2020-09-11,124.55242156982422,2356400
2020-09-14,125.21881103515625,2706900
2020-09-15,125.7502670288086,2206200
2020-09-16,124.8392333984375,2072500
2020-09-17,124.51864624023438,2391200
2020-09-18,125.53938293457031,3614800
2020-09-21,126.41667175292969,3360000
2020-09-22,129.9765167236328,4334500
2020-09-23,127.38675689697266,2801300
2020-09-24,128.22189331054688,3223100
2020-09-25,130.2042694091797,2743300
2020-09-28,131.98419189453125,3627600
2020-09-29,132.38909912109375,2784200
2020-09-30,132.79408264160156,2806000
2020-10-01,133.78944396972656,3866000
2020-10-02,134.2112274169922,1978700
2020-10-05,136.22732543945312,2268600
2020-10-06,133.62911987304688,2932600
2020-10-07,135.54403686523438,2927000
2020-10-08,136.53945922851562,2189200
2020-10-09,138.10006713867188,2582700
2020-10-12,138.82553100585938,2436300
2020-10-13,139.7281494140625,2015200
2020-10-14,138.3193817138672,2284700
2020-10-15,139.5762939453125,1859000
2020-10-16,139.12078857421875,5047900
2020-10-19,138.3868408203125,2322500
2020-10-20,139.07859802246094,2698500
2020-10-21,137.74575805664062,3033500
2020-10-22,134.63302612304688,3647400
2020-10-23,135.16445922851562,1816800
2020-10-26,133.25794982910156,2310600
2020-10-27,132.46502685546875,2406100
2020-10-28,130.9297332763672,2655700
2020-10-29,130.11993408203125,2157700
2020-10-30,128.407470703125,3694100
2020-11-02,130.238037109375,2674300
2020-11-03,132.2119903564453,2545400
2020-11-04,132.11917114257812,3156600
2020-11-05,133.8147430419922,3114900
2020-11-06,136.23577880859375,3498000
2020-11-09,130.67666625976562,5092800
2020-11-10,133.34239196777344,3577900
2020-11-11,134.7089080810547,3336500
2020-11-12,134.57394409179688,2708500
2020-11-13,137.39990234375,2765800
2020-11-16,139.34010314941406,5035600
2020-11-17,138.10340881347656,6299900
2020-11-18,141.33067321777344,13092300
2020-11-19,145.1593475341797,6834900
2020-11-20,145.95558166503906,6652900
2020-11-23,150.40257263183594,5755700
2020-11-24,150.65673828125,4688400
2020-11-25,152.3169403076172,3780700
2020-11-27,152.27459716796875,2371900
2020-11-30,152.0712890625,8010000
2020-12-01,151.66473388671875,5034900
2020-12-02,149.42849731445312,3109300
2020-12-03,148.16636657714844,4214600
2020-12-04,148.25955200195312,2935700
2020-12-07,146.4637908935547,3430800
2020-12-08,146.3028564453125,2682200
2020-12-09,147.44638061523438,2853800
2020-12-10,146.03179931640625,2643700
2020-12-11,145.44737243652344,2676500
2020-12-14,144.8374786376953,4016400
2020-12-15,145.1932373046875,3487900
2020-12-16,145.43038940429688,2193700
2020-12-17,145.04922485351562,3495300
2020-12-18,144.3546142578125,6715800
2020-12-21,145.48968505859375,4077400
2020-12-22,145.98947143554688,3103200
2020-12-23,148.15792846679688,4753000
2020-12-24,148.39511108398438,1941200
2020-12-28,149.41156005859375,2442000
2020-12-29,148.2679901123047,2359700
2020-12-30,147.28546142578125,1935200
2020-12-31,149.53016662597656,2571300
2021-01-04,150.46189880371094,3463100
2021-01-05,152.78282165527344,4843300
2021-01-06,160.0251007080078,5610100
2021-01-07,161.87168884277344,4226700
2021-01-08,163.9893341064453,3321500
2021-01-11,165.41236877441406,7219100
2021-01-12,168.64810180664062,3866700
2021-01-13,166.7168426513672,4098200
2021-01-14,167.7248077392578,3321200
2021-01-15,165.0057830810547,4289900
2021-01-19,159.38137817382812,5347800
2021-01-20,159.49996948242188,3443200
2021-01-21,162.01565551757812,4585100
2021-01-22,162.5578155517578,3257100
2021-01-25,161.06700134277344,3423900
2021-01-26,158.99172973632812,3463600
2021-01-27,151.01246643066406,6985900
2021-01-28,155.50186157226562,3965200
2021-01-29,153.46046447753906,3612300
2021-02-01,155.49339294433594,2637300
2021-02-02,157.20440673828125,2920500
2021-02-03,156.7978515625,2135400
2021-02-04,159.74557495117188,2309500
2021-02-05,159.9742889404297,2218900
2021-02-08,164.28578186035156,3076400
2021-02-09,164.5737762451172,2868600
2021-02-10,163.0067596435547,2713500
2021-02-11,161.28724670410156,1862300
2021-02-12,162.15121459960938,1821500
2021-02-16,162.01519775390625,2500300
2021-02-17,164.5739288330078,3459300
2021-02-18,162.71226501464844,2983500
2021-02-19,160.51055908203125,3120100
2021-02-22,160.6551055908203,2152600
2021-02-23,158.41940307617188,2828100
2021-02-24,159.0314483642578,3738400
2021-02-25,157.3313446044922,4355600
2021-02-26,155.9371795654297,4340400
2021-03-01,158.18988037109375,3683500
2021-03-02,147.4789581298828,22090500
2021-03-03,147.58099365234375,8285300
2021-03-04,144.3591766357422,7111700
2021-03-05,146.7308807373047,6008100
2021-03-08,150.35220336914062,4558600
2021-03-09,152.3158721923828,3752400
2021-03-10,151.80581665039062,3314800
2021-03-11,152.4348907470703,3045200
2021-03-12,153.02145385742188,2441900
2021-03-15,153.947998046875,3453100
2021-03-16,153.19146728515625,3437300
2021-03-17,151.65281677246094,2929300
2021-03-18,152.68141174316406,2859300
2021-03-19,159.4310302734375,7745200
2021-03-22,159.84747314453125,3952200
2021-03-23,160.59559631347656,2920200
2021-03-24,160.051513671875,2489700
2021-03-25,163.80882263183594,3444700
2021-03-26,170.82196044921875,6046100
2021-03-29,168.49273681640625,3231800
2021-03-30,169.71682739257812,2810800
2021-03-31,168.37374877929688,3556600
2021-04-01,170.62643432617188,2730200
2021-04-05,174.56228637695312,2833000
2021-04-06,174.63026428222656,2494900
2021-04-07,173.7971954345703,2100400
2021-04-08,172.95559692382812,3032600
2021-04-09,174.57073974609375,2900500
2021-04-12,174.3497314453125,3191300
2021-04-13,174.21371459960938,2393400
2021-04-14,174.86827087402344,2171300
2021-04-15,174.91078186035156,3370300
2021-04-16,177.282470703125,4342300
2021-04-19,177.3675079345703,2924500
2021-04-20,176.1943817138672,2089800
2021-04-21,175.7693328857422,2836900
2021-04-22,174.749267578125,2499300
2021-04-23,175.123291015625,2444600
2021-04-26,173.10012817382812,2675700
2021-04-27,173.72068786621094,2260000
2021-04-28,173.80572509765625,1598800
2021-04-29,176.2879180908203,1884900
2021-04-30,176.18589782714844,1802000
2021-05-03,179.60316467285156,2249700
2021-05-04,179.8837127685547,2203300
2021-05-05,180.56381225585938,2509000
2021-05-06,181.06529235839844,2226000
2021-05-07,182.51893615722656,2298500
2021-05-10,181.94088745117188,3092700
2021-05-11,177.8690185546875,3297100
2021-05-12,172.53057861328125,3857300
2021-05-13,177.33346557617188,3132300
2021-05-14,179.50115966796875,2650300
2021-05-17,178.53208923339844,2583700
2021-05-18,176.05035400390625,4794900
2021-05-19,186.7789764404297,13378700
2021-05-20,189.1498565673828,7086300
2021-05-21,191.96421813964844,5084800
2021-05-24,192.2371368408203,3821000
2021-05-25,192.14332580566406,4103000
2021-05-26,193.6869354248047,3186800
2021-05-27,193.90867614746094,6623100
2021-05-28,193.52490234375,2632400
2021-06-01,193.82337951660156,3426400
2021-06-02,194.77005004882812,3331400
2021-06-03,195.45228576660156,3155400
2021-06-04,197.29441833496094,3085100
2021-06-07,196.91065979003906,2221700
2021-06-08,200.5010528564453,3441700
2021-06-09,197.80609130859375,3372900
2021-06-10,197.5673065185547,2579400
2021-06-11,198.65895080566406,2510200
2021-06-14,198.76980590820312,2904200
2021-06-15,198.34339904785156,2518000
2021-06-16,197.22622680664062,2767600
2021-06-17,197.1920623779297,2826600
2021-06-18,196.60362243652344,4481400
2021-06-21,199.3668212890625,3049700
2021-06-22,202.30055236816406,2901400
2021-06-23,202.3858184814453,2246400
2021-06-24,204.5435028076172,2141900
2021-06-25,205.14901733398438,5987500
2021-06-28,205.7545166015625,2062900
2021-06-29,206.25772094726562,2089600
2021-06-30,206.1638946533203,2773200
2021-07-01,207.63929748535156,2125300
2021-07-02,210.29159545898438,2178900
2021-07-06,209.32791137695312,2305000
2021-07-07,211.1188507080078,2035800
2021-07-08,211.99728393554688,2292700
2021-07-09,211.99728393554688,2702500
2021-07-12,215.11865234375,3056900
2021-07-13,214.70077514648438,2392900
2021-07-14,216.3040771484375,2578700
2021-07-15,215.70704650878906,2646200
2021-07-16,214.18907165527344,3415900
2021-07-19,214.1634521484375,3187300
2021-07-20,217.2251739501953,2805200
2021-07-21,218.36790466308594,2262500
2021-07-22,219.1866455078125,2472200
2021-07-23,222.61508178710938,2016900
2021-07-26,222.47006225585938,2338000
2021-07-27,220.3379669189453,3036100
2021-07-28,219.53634643554688,2810500
2021-07-29,223.1522979736328,3055000
2021-07-30,222.63206481933594,2806600
2021-08-02,219.3827667236328,3174900
2021-08-03,223.61285400390625,2545000
2021-08-04,222.18858337402344,2397200
2021-08-05,222.9306182861328,2202900
2021-08-06,221.81338500976562,2441900
2021-08-09,223.79193115234375,2508800
2021-08-10,225.2076416015625,3369800
2021-08-11,224.3036651611328,2939000
2021-08-12,223.3399658203125,2266400
2021-08-13,223.0500030517578,3070400
2021-08-16,224.4230499267578,3397400
2021-08-17,217.91929626464844,6620500
2021-08-18,211.8690643310547,8908000
2021-08-19,210.01202392578125,5067600
2021-08-20,216.84957885742188,4146100
2021-08-23,216.1050567626953,2952900
2021-08-24,214.4962158203125,2466600
2021-08-25,214.92413330078125,2438100
2021-08-26,213.04998779296875,2919900
2021-08-27,213.23828125,2661100
2021-08-30,213.3922882080078,2092700
2021-08-31,211.35560607910156,3966000
2021-09-01,210.83358764648438,2862700
2021-09-02,210.3543701171875,2523300
2021-09-03,209.07069396972656,3351700
2021-09-07,207.71005249023438,2725200
2021-09-08,210.6110382080078,2843300
2021-09-09,210.03773498535156,2474600
2021-09-10,209.26756286621094,1945600
2021-09-13,208.0352783203125,2872000
2021-09-14,207.29930114746094,1905800
2021-09-15,208.92523193359375,1953000
2021-09-16,211.32992553710938,2171400
2021-09-17,211.09030151367188,3735900
2021-09-20,207.21371459960938,3329100
2021-09-21,206.50343322753906,1960300
2021-09-22,206.89706420898438,2285900
2021-09-23,207.66725158691406,2038600
2021-09-24,206.6147003173828,1901400
2021-09-27,204.16720581054688,2588400
2021-09-28,199.7686309814453,3173900
2021-09-29,201.8309783935547,2655500
2021-09-30,195.77223205566406,5425400
2021-10-01,195.4727020263672,3476400
2021-10-04,193.30760192871094,3816400
2021-10-05,194.7367401123047,2407300
2021-10-06,194.11204528808594,2789100
2021-10-07,196.67076110839844,2352000
2021-10-08,195.8834228515625,2004900
2021-10-11,195.7294464111328,1998600
2021-10-12,197.03018188476562,2167400
2021-10-13,202.60116577148438,3984700
2021-10-14,207.17091369628906,4281700
2021-10-15,210.26881408691406,3626900
2021-10-18,217.0635223388672,4365800
2021-10-19,215.8141326904297,3204800
2021-10-20,215.50601196289062,2209300
2021-10-21,217.54275512695312,1758400
2021-10-22,219.0146484375,2205700
2021-10-25,222.797119140625,2488400
2021-10-26,221.41079711914062,2439700
2021-10-27,219.53665161132812,2269700
2021-10-28,220.97434997558594,1735200
2021-10-29,222.1724090576172,2417800
2021-11-01,220.71762084960938,1718100
2021-11-02,222.7200927734375,2228000
2021-11-03,222.8484649658203,2397300
2021-11-04,222.87411499023438,3031000
2021-11-05,217.5941162109375,4060300
2021-11-08,216.78965759277344,2523100
2021-11-09,218.355712890625,2346800
2021-11-10,217.40582275390625,2093100
2021-11-11,219.0831298828125,2199400
2021-11-12,222.51470947265625,2497600
2021-11-15,226.2030029296875,4852400
2021-11-16,228.7447967529297,4355800
2021-11-17,217.9338836669922,11855900
2021-11-18,216.4312286376953,5786300
2021-11-19,215.27195739746094,3960900
2021-11-22,210.00827026367188,5568900
2021-11-23,213.966796875,4053400
2021-11-24,213.60618591308594,3052000
2021-11-26,211.72561645507812,3180900
2021-11-29,213.94964599609375,3027600
2021-11-30,209.38140869140625,7907900
2021-12-01,206.41896057128906,3851600
2021-12-02,210.80682373046875,3684000
2021-12-03,212.58433532714844,4838700
2021-12-06,208.63438415527344,3772600
2021-12-07,210.91844177246094,3565900
2021-12-08,205.74063110351562,4929400
2021-12-09,203.9888916015625,2762200
2021-12-10,204.52125549316406,2487200
2021-12-13,201.0779266357422,3783500
2021-12-14,202.03109741210938,3364800
2021-12-15,203.2074737548828,3433500
2021-12-16,193.01487731933594,7302100
2021-12-17,191.7526397705078,5832300
2021-12-20,188.2148895263672,5233200
2021-12-21,188.9705047607422,3975700
2021-12-22,186.96978759765625,4182600
2021-12-23,189.7776641845703,3345300
2021-12-27,192.4310302734375,4335600
2021-12-28,193.12652587890625,3202400
2021-12-29,195.71121215820312,3065800
2021-12-30,199.1373291015625,4007400
2021-12-31,198.7337646484375,2485100
2022-01-03,199.17164611816406,3018000
2022-01-04,201.0779266357422,3327600
2022-01-05,196.5183563232422,3885800
2022-01-06,198.656494140625,4193200
2022-01-07,198.16700744628906,3052900
2022-01-10,195.28184509277344,4858100
2022-01-11,195.3934783935547,3048900
2022-01-12,192.74874877929688,4233300
2022-01-13,193.9165496826172,3459000
2022-01-14,190.11256408691406,5282600
2022-01-18,188.9189910888672,4652500
2022-01-19,192.207763671875,4091200
2022-01-20,190.3873291015625,4307900
2022-01-21,186.54901123046875,7859300
2022-01-24,189.408447265625,5617700
2022-01-25,184.34222412109375,4929100
2022-01-26,181.79190063476562,4207500
2022-01-27,182.1954803466797,4004300
2022-01-28,186.90963745117188,2906200
2022-01-31,189.27963256835938,4151100
2022-02-01,188.24920654296875,4117400
2022-02-02,186.8581085205078,4588500
2022-02-03,183.08853149414062,6357800
2022-02-04,183.7926483154297,3754700
2022-02-07,181.43128967285156,4402800
2022-02-08,182.85670471191406,2926600
2022-02-09,186.0252227783203,2562700
2022-02-10,183.6209259033203,3038100
2022-02-11,181.6630859375,2852400
2022-02-14,179.0956573486328,4066700
2022-02-15,178.6730499267578,4739300
2022-02-16,179.2163848876953,3340600
2022-02-17,175.9305877685547,3865900
2022-02-18,176.26695251464844,3321700
2022-02-22,169.33323669433594,5621300
2022-02-23,163.7707061767578,4471300
2022-02-24,165.1936798095703,3917700
2022-02-25,171.80833435058594,4098500
2022-02-28,172.28265380859375,6192200
2022-03-01,189.23753356933594,15776100
2022-03-02,193.9548797607422,6357700
2022-03-03,193.04075622558594,4604600
2022-03-04,193.2649688720703,3996100
2022-03-07,182.00193786621094,5743400
2022-03-08,180.0788116455078,4463200
2022-03-09,186.27951049804688,3183200
2022-03-10,185.2273406982422,3155300
2022-03-11,178.49195861816406,4042600
2022-03-14,180.03567504882812,3168500
2022-03-15,185.71890258789062,2866700
2022-03-16,185.92588806152344,3029800
2022-03-17,190.2724151611328,3655400
2022-03-18,194.94664001464844,6544800
2022-03-21,192.31626892089844,3023500
2022-03-22,192.1179656982422,2464000
2022-03-23,186.900390625,2993500
2022-03-24,187.17636108398438,2240400
2022-03-25,188.5303497314453,2465700
2022-03-28,189.31515502929688,2212000
2022-03-29,192.25588989257812,3072200
2022-03-30,191.41943359375,2464900
2022-03-31,183.0195770263672,4615500
2022-04-01,181.57073974609375,3217100
2022-04-04,184.90830993652344,3167000
2022-04-05,185.23594665527344,2538500
2022-04-06,186.22775268554688,3678500
2022-04-07,196.79220581054688,7938100
2022-04-08,201.2335968017578,6631200
2022-04-11,197.7581024169922,3172200
2022-04-12,199.50875854492188,3366600
2022-04-13,201.6475372314453,2451300
2022-04-14,204.5624542236328,3909700
2022-04-18,206.45111083984375,3341800
2022-04-19,212.19473266601562,4715700
2022-04-20,215.0148468017578,3735500
2022-04-21,214.02304077148438,3967700
2022-04-22,208.42601013183594,3431300
2022-04-25,208.40882873535156,3265100
2022-04-26,203.95880126953125,2915500
2022-04-27,199.18968200683594,2995300
2022-04-28,203.86390686035156,2317800
2022-04-29,197.18887329101562,3220700
2022-05-02,198.16343688964844,3049000
2022-05-03,200.54364013671875,3027600
2022-05-04,204.76080322265625,3256300
2022-05-05,199.00857543945312,3466500
2022-05-06,194.2222137451172,3683300
2022-05-09,193.3511962890625,4672300
2022-05-10,188.9615478515625,3748000
2022-05-11,184.1148681640625,3193600
2022-05-12,187.37472534179688,3547400
2022-05-13,189.49624633789062,3146700
2022-05-16,189.08229064941406,3345600
2022-05-17,186.4237823486328,6641600
2022-05-18,139.94775390625,50936800
2022-05-19,132.86419677734375,23319000
2022-05-20,134.53550720214844,12300200
2022-05-23,133.27117919921875,7700100
2022-05-24,129.8506622314453,10936600
2022-05-25,135.4534149169922,8107700
2022-05-26,141.32461547851562,7369700
2022-05-27,144.7364959716797,6315500
2022-05-31,140.18154907226562,8942100
2022-06-01,135.54000854492188,4480900
2022-06-02,139.34156799316406,4366000
2022-06-03,139.4541015625,4187700
2022-06-06,138.26780700683594,3772300
2022-06-07,135.07237243652344,33299700
2022-06-08,135.69589233398438,6576000
2022-06-09,133.8340606689453,5744300
2022-06-10,129.60818481445312,5099600
2022-06-13,125.39965057373047,5886000
2022-06-14,123.57242584228516,5200800
2022-06-15,127.67708587646484,6353100
2022-06-16,123.73700714111328,5630300
2022-06-17,120.62818908691406,10928100
2022-06-21,125.3043441772461,6555500
2022-06-22,121.93578338623047,4639700
2022-06-23,127.13154602050781,5211100
2022-06-24,130.25765991210938,6993100
2022-06-27,129.55621337890625,3607200
2022-06-28,125.14850616455078,4131800
2022-06-29,122.87965393066406,4238900
2022-06-30,122.29950714111328,5899900
2022-07-01,123.29535675048828,3010200
2022-07-05,126.1789779663086,3715100
2022-07-06,125.39965057373047,2828500
2022-07-07,129.8593292236328,3959500
2022-07-08,128.15335083007812,2544900
2022-07-11,126.76781463623047,2050800
2022-07-12,125.18310546875,3132800
2022-07-13,125.94518280029297,2769000
2022-07-14,126.68125915527344,2976000
2022-07-15,127.01028442382812,3831500
2022-07-18,129.3397216796875,4362700
2022-07-19,132.8035888671875,3155900
2022-07-20,135.522705078125,3248100
2022-07-21,137.39317321777344,3105200
2022-07-22,136.59652709960938,2779800
2022-07-25,136.37997436523438,2328000
2022-07-26,131.46131896972656,4620000
2022-07-27,133.8773651123047,3609300
2022-07-28,138.05128479003906,3114000
2022-07-29,141.48048400878906,5523000
2022-08-01,143.35964965820312,4534700
2022-08-02,141.5670928955078,3109400
2022-08-03,145.4119415283203,4057000
2022-08-04,144.23422241210938,3157600
2022-08-05,143.86184692382812,2205400
2022-08-08,144.58929443359375,2806400
2022-08-09,142.9872283935547,2608600
2022-08-10,146.92739868164062,4539900
2022-08-11,146.86676025390625,4278800
2022-08-12,149.3607177734375,2357300
2022-08-15,150.14874267578125,3788600
2022-08-16,157.01528930664062,9057600
2022-08-17,152.7890625,13409000
2022-08-18,150.79359436035156,4241300
2022-08-19,145.55653381347656,5015800
2022-08-22,141.1298828125,4630100
2022-08-23,141.13864135742188,3795100
2022-08-24,142.14942932128906,3407100
2022-08-25,145.95736694335938,3071400
2022-08-26,139.9622039794922,3607600
2022-08-29,138.2804718017578,2531100
2022-08-30,140.1016387939453,3249700
2022-08-31,139.71823120117188,4901300
2022-09-01,143.63949584960938,4021400
2022-09-02,143.43035888671875,3563200
2022-09-06,142.5415496826172,4530300
2022-09-07,148.82424926757812,5206400
2022-09-08,149.79144287109375,2817100
2022-09-09,151.3163604736328,3379500
2022-09-12,151.49070739746094,3024600
2022-09-13,144.8594512939453,3585400
2022-09-14,144.11004638671875,3618800
2022-09-15,143.78761291503906,2909300
2022-09-16,142.98594665527344,4843500
2022-09-19,143.56976318359375,2607200
2022-09-20,139.44810485839844,3019600
2022-09-21,138.57672119140625,2809500
2022-09-22,133.2874298095703,3984700
2022-09-23,132.982421875,3796600
2022-09-26,129.58399963378906,3967800
2022-09-27,129.37486267089844,2941400
2022-09-28,135.8231201171875,4254000
2022-09-29,132.26788330078125,3170400
2022-09-30,129.30519104003906,4328300
2022-10-03,132.26788330078125,2847500
2022-10-04,136.77294921875,3028600
2022-10-05,136.293701171875,2491700
2022-10-06,135.71853637695312,2603400
2022-10-07,132.7471160888672,2771900
2022-10-10,133.40940856933594,2055800
2022-10-11,134.6293487548828,2408100
2022-10-12,134.33303833007812,2265100
2022-10-13,134.2982177734375,3393900
2022-10-14,126.9524154663086,4762800
2022-10-17,130.05459594726562,3177400
2022-10-18,137.00823974609375,5563400
2022-10-19,135.40487670898438,2611500
2022-10-20,134.54220581054688,3079800
2022-10-21,138.71617126464844,3508300
2022-10-24,141.00791931152344,2974100
2022-10-25,144.47601318359375,4177900
2022-10-26,145.32127380371094,3453500
2022-10-27,145.43455505371094,2957400
2022-10-28,145.9748077392578,3066800
2022-10-31,143.12539672851562,3792500
2022-11-01,143.4216766357422,3051000
2022-11-02,139.5962371826172,3377900
2022-11-03,139.2476806640625,3041600
2022-11-04,139.09957885742188,2653500
2022-11-07,139.3086700439453,2424100
2022-11-08,140.83360290527344,3284600
2022-11-09,133.31358337402344,4018400
2022-11-10,143.2386932373047,4962900
2022-11-11,151.02883911132812,5828300
2022-11-14,150.97653198242188,5753800
2022-11-15,156.93917846679688,8606000
2022-11-16,136.32435607910156,36731500
2022-11-17,142.0590057373047,11300500
2022-11-18,142.82180786132812,7280900
2022-11-21,138.560302734375,5964700
2022-11-22,138.42005920410156,6364100
2022-11-23,143.28656005859375,4833500
2022-11-25,143.26026916503906,1883000
2022-11-28,145.0052032470703,4624100
2022-11-29,145.8820343017578,5231700
2022-11-30,146.49586486816406,11376700
2022-12-01,144.7070770263672,4989200
2022-12-02,143.9442138671875,3442900
2022-12-05,135.85086059570312,6233200
2022-12-06,135.9561004638672,4721800
2022-12-07,134.82492065429688,3685200
2022-12-08,135.2195281982422,3107100
2022-12-09,133.52719116210938,2905900
2022-12-12,131.5542755126953,4433800
2022-12-13,132.2908172607422,4178900
2022-12-14,133.72885131835938,3749100
2022-12-15,129.42352294921875,5415500
2022-12-16,128.41513061523438,8367000
2022-12-19,126.83679962158203,4186700
2022-12-20,125.60921478271484,3175400
2022-12-21,124.77619934082031,3510200
2022-12-22,123.94320678710938,3846500
2022-12-23,125.5215072631836,2464800
2022-12-27,127.62596130371094,3112500
2022-12-28,127.84519958496094,2623200
2022-12-29,130.0986785888672,2829000
2022-12-30,130.6861572265625,2391100
2023-01-03,133.04490661621094,3685200
2023-01-04,133.91299438476562,4443300
2023-01-05,135.2633514404297,3266000
2023-01-06,140.4280242919922,4944200
2023-01-09,137.09600830078125,3853800
2023-01-10,136.76278686523438,2554900
2023-01-11,139.3933563232422,3146800
2023-01-12,140.0772705078125,3222600
2023-01-13,144.3300323486328,5161200
2023-01-17,142.1378631591797,3527900
2023-01-18,141.0242919921875,2798100
2023-01-19,139.5073699951172,2881300
2023-01-20,142.23435974121094,3122000
2023-01-23,144.35630798339844,2371400
2023-01-24,143.40931701660156,1902000
2023-01-25,143.98806762695312,2248200
2023-01-26,146.4607696533203,2079100
2023-01-27,147.75852966308594,3850300
2023-01-30,147.90757751464844,3453500
2023-01-31,150.94146728515625,3716000
2023-02-01,155.27316284179688,4022200
2023-02-02,158.72793579101562,4003800
2023-02-03,154.99253845214844,2941600
2023-02-06,152.43212890625,2642700
2023-02-07,153.23883056640625,2256700
2023-02-08,150.6345977783203,2037000
2023-02-09,150.26632690429688,1656100
2023-02-10,149.08255004882812,1841400
2023-02-13,151.97616577148438,2432600
2023-02-14,151.03204345703125,2418400
2023-02-15,155.31146240234375,2954400
2023-02-16,154.00558471679688,2318700
2023-02-17,152.8408966064453,2678100
2023-02-21,146.66441345214844,4133600
2023-02-22,146.2232208251953,2941000
2023-02-23,146.02911376953125,2718500
2023-02-24,147.31736755371094,2888800
2023-02-27,147.18502807617188,5245000
2023-02-28,148.67617797851562,10669300
2023-03-01,143.29380798339844,5835700
2023-03-02,146.4174041748047,2829200
2023-03-03,146.4702911376953,2318600
2023-03-06,145.764404296875,2220900
2023-03-07,143.66445922851562,2410800
2023-03-08,144.2732391357422,1752700
2023-03-09,141.74090576171875,1872200
2023-03-10,139.57029724121094,2754200
2023-03-13,139.3408966064453,2342500
2023-03-14,139.73794555664062,2574200
2023-03-15,140.40855407714844,2633900
2023-03-16,143.8673553466797,2510100
2023-03-17,140.6114959716797,13175000
2023-03-20,144.0350341796875,2875800
2023-03-21,143.56739807128906,2497200
2023-03-22,138.94386291503906,2909900
2023-03-23,137.75267028808594,2791700
2023-03-24,137.84091186523438,2703700
2023-03-27,140.629150390625,3078700
2023-03-28,140.9732666015625,2910600
2023-03-29,139.50856018066406,4219400
2023-03-30,141.4144287109375,2237400
2023-03-31,146.14382934570312,3094100
2023-04-03,146.52322387695312,2744400
2023-04-04,146.51443481445312,2350500
2023-04-05,145.79971313476562,2762100
2023-04-06,146.09974670410156,2552900
2023-04-10,149.11737060546875,2724400
2023-04-11,149.62911987304688,2155500
2023-04-12,144.2732391357422,3900300
2023-04-13,144.0614776611328,2464600
2023-04-14,142.0585479736328,2370100
2023-04-17,143.55856323242188,2566500
2023-04-18,143.29380798339844,2195400
2023-04-19,143.3909149169922,2183700
2023-04-20,141.4232635498047,2809900
2023-04-21,143.0997314453125,2743600
2023-04-24,144.65267944335938,2313100
2023-04-25,139.06736755371094,2723300
2023-04-26,137.1614990234375,3077400
2023-04-27,139.54383850097656,3037900
2023-04-28,139.19093322753906,3432900
2023-05-01,138.63502502441406,1964500
2023-05-02,137.39974975585938,2277400
2023-05-03,136.3850555419922,2385700
2023-05-04,134.58505249023438,2653600
2023-05-05,137.91151428222656,2187200
2023-05-08,138.0879669189453,1495200
2023-05-09,138.89971923828125,1886000
2023-05-10,139.17327880859375,2804800
2023-05-11,140.1791229248047,2832000
2023-05-12,139.40267944335938,3361600
2023-05-15,141.67916870117188,4055200
2023-05-16,139.3872528076172,5805900
2023-05-17,142.98497009277344,8387700
2023-05-18,136.96214294433594,7881600
2023-05-19,135.27430725097656,4456000
2023-05-22,134.94561767578125,3717000
2023-05-23,130.72608947753906,4374100
2023-05-24,127.11949157714844,6738300
2023-05-25,125.03189086914062,7409500
2023-05-26,123.41514587402344,8100400
2023-05-30,118.8935546875,10931900
2023-05-31,116.30853271484375,20234400
2023-06-01,116.51287078857422,13678400
2023-06-02,118.34281158447266,7594000
2023-06-05,116.01539611816406,7702900
2023-06-06,117.88087463378906,6065200
2023-06-07,117.03697967529297,5504400
2023-06-08,116.6105728149414,6162000
2023-06-09,112.80851745605469,9404100
2023-06-12,112.35549926757812,8248400
2023-06-13,114.34534454345703,6916300
2023-06-14,118.35167694091797,14968700
2023-06-15,122.44688415527344,10063100
2023-06-16,118.8669204711914,9903000
2023-06-20,117.89865112304688,5355200
2023-06-21,118.34281158447266,3845500
2023-06-22,117.6054916381836,4620600
2023-06-23,117.10803985595703,6975500
2023-06-26,119.47986602783203,4831100
2023-06-27,117.71208190917969,6047600
2023-06-28,117.67656707763672,4601900
2023-06-29,118.06742858886719,6055200
2023-06-30,117.17020416259766,7316200
2023-07-03,119.7996597290039,4134600
2023-07-05,117.74763488769531,5186900
2023-07-06,116.22860717773438,4882300
2023-07-07,115.5268325805664,4256800
2023-07-10,117.02808380126953,3831300
2023-07-11,118.49382781982422,4089200
2023-07-12,118.06742858886719,3758300
2023-07-13,117.98746490478516,3077400
2023-07-14,116.2996597290039,4124300
2023-07-17,115.49127197265625,4731500
2023-07-18,116.20195007324219,3786400
2023-07-19,117.88087463378906,3229200
2023-07-20,119.60423278808594,4174700
2023-07-21,119.10676574707031,4034200
2023-07-24,120.28824615478516,2622600
2023-07-25,118.68038177490234,3849400
2023-07-26,119.45323944091797,5180100
2023-07-27,119.47986602783203,5538800
2023-07-28,119.92402648925781,2957500
2023-07-31,121.22988891601562,6055300
2023-08-01,118.13851165771484,4060700
2023-08-02,118.62705993652344,3562700
2023-08-03,117.90750885009766,3723100
2023-08-04,117.72987365722656,3481500
2023-08-07,117.20575714111328,3036700
2023-08-08,116.35295867919922,4359100
2023-08-09,116.01539611816406,2761200
2023-08-10,116.2996597290039,4375600
2023-08-11,116.41515350341797,3804000
2023-08-14,114.96717834472656,4425100
2023-08-15,112.0374526977539,9416500
2023-08-16,115.3524169921875,23754400
2023-08-17,116.57089233398438,8659600
2023-08-18,117.55644226074219,5755800
2023-08-21,114.4923324584961,5928600
2023-08-22,111.93888854980469,8791100
2023-08-23,110.388916015625,4797500
2023-08-24,111.1863021850586,4308100
2023-08-25,109.1166763305664,7279700
2023-08-28,110.58602142333984,5116600
2023-08-29,113.03194427490234,5267400
2023-08-30,113.7397232055664,3276700
2023-08-31,113.38134765625,4234600
2023-09-01,112.45852661132812,2997100
2023-09-05,112.16287231445312,3427300
2023-09-06,110.83688354492188,3562100
2023-09-07,111.50883483886719,3267200
2023-09-08,110.81896209716797,2923200
2023-09-11,109.90509796142578,2613100
2023-09-12,109.66320037841797,2930600
2023-09-13,110.13805389404297,2541500
2023-09-14,111.78658294677734,3760900
2023-09-15,110.24556732177734,4919800
2023-09-18,106.92162322998047,5415200
2023-09-19,107.66522979736328,4056200
2023-09-20,107.88027954101562,3263500
2023-09-21,105.11182403564453,4133200
2023-09-22,100.88297271728516,6593700
2023-09-25,100.5783462524414,5353300
2023-09-26,98.08765411376953,6022200
2023-09-27,98.32058715820312,4498100
2023-09-28,98.15930938720703,4676500
2023-09-29,99.06421661376953,4738100
2023-10-02,95.58795928955078,6121300
2023-10-03,96.0090560913086,5370300
2023-10-04,95.5252456665039,5523100
2023-10-05,94.20821380615234,4749300
2023-10-06,94.08277893066406,7556900
2023-10-09,94.75474548339844,4819900
2023-10-10,98.2220230102539,6791800
2023-10-11,97.64861297607422,3977400
2023-10-12,99.2702865600586,6497300
2023-10-13,100.32748413085938,4651400
2023-10-16,99.79889678955078,3872700
2023-10-17,100.84712219238281,3387900
2023-10-18,98.74166107177734,2940800
2023-10-19,97.08419036865234,4249500
2023-10-20,97.50529479980469,4215700
2023-10-23,96.24199676513672,3189800
2023-10-24,97.37088012695312,2518100
2023-10-25,98.87606048583984,4123200
2023-10-26,99.33300018310547,3092400
2023-10-27,96.07176971435547,3448200
2023-10-30,97.3619155883789,3852700
2023-10-31,99.26132202148438,5549400
2023-11-01,98.14139556884766,3081500
2023-11-02,99.5121841430664,3817800
2023-11-03,101.10697174072266,4341100
2023-11-06,99.4942626953125,3696200
2023-11-07,99.76305389404297,2859100
2023-11-08,98.41914367675781,4514000
2023-11-09,95.67755126953125,5604600
2023-11-10,97.05730438232422,6235800
2023-11-13,96.13449096679688,4016000
2023-11-14,100.28944396972656,7656100
2023-11-15,118.09516906738281,32230800
2023-11-16,117.62442016601562,12033200
2023-11-17,117.57917785644531,5982500
2023-11-20,117.36193084716797,5810200
2023-11-21,118.4029312133789,4057900
2023-11-22,118.13136291503906,3587900
2023-11-24,119.00038146972656,1863100
2023-11-27,118.88269805908203,3736700
2023-11-28,119.19046783447266,3804900
2023-11-29,118.87364959716797,2918900
2023-11-30,121.12762451171875,5759500
2023-12-01,122.00570678710938,4594800
2023-12-04,121.037109375,7625100
2023-12-05,120.28581237792969,2997800
2023-12-06,120.7384262084961,3894200
2023-12-07,122.37684631347656,3939200
2023-12-08,122.37684631347656,2880800
2023-12-11,123.79804229736328,3571700
2023-12-12,122.80229187011719,3352100
2023-12-13,125.26451873779297,3531700
2023-12-14,127.7629165649414,4636400
2023-12-15,125.25545501708984,5680200
2023-12-18,124.66707611083984,3117000
2023-12-19,126.35076904296875,2834600
2023-12-20,123.92475128173828,3711700
2023-12-21,126.16065979003906,3980200
2023-12-22,126.91201782226562,3223100
2023-12-26,127.66333770751953,2237700
2023-12-27,128.88539123535156,2806400
2023-12-28,129.0302276611328,2146700
2023-12-29,128.9215850830078,2517400
2024-01-02,129.53713989257812,3601500
2024-01-03,125.52703857421875,4662100
2024-01-04,126.95726776123047,3903000
2024-01-05,127.40986633300781,2745300
2024-01-08,128.29701232910156,3563300
2024-01-09,130.1436309814453,3664400
2024-01-10,130.43333435058594,2777400
2024-01-11,128.5595245361328,3215300
2024-01-12,127.55471801757812,2236400
2024-01-16,127.69950866699219,3482400
2024-01-17,125.59039306640625,3566300
2024-01-18,124.37738800048828,4160700
2024-01-19,125.04724884033203,3592600
2024-01-22,127.05681610107422,2778700
2024-01-23,127.5275650024414,2806800
2024-01-24,126.00676727294922,2845900
2024-01-25,128.70433044433594,2566500
2024-01-26,129.02117919921875,3014800
2024-01-29,128.10691833496094,4879000
2024-01-30,127.20169830322266,2879500
2024-01-31,125.89816284179688,5804400
2024-02-01,130.73204040527344,3613900
2024-02-02,131.7006378173828,3775800
2024-02-05,128.8401336669922,4697400
2024-02-06,130.74105834960938,2873200
2024-02-07,132.82310485839844,3979600
2024-02-08,133.42959594726562,2946900
2024-02-09,132.64207458496094,2792400
2024-02-12,135.24000549316406,3492600
2024-02-13,132.26187133789062,3061800
2024-02-14,131.2842254638672,2986400
2024-02-15,132.4610137939453,2807600
2024-02-16,135.4301300048828,4319900
2024-02-20,136.68858337402344,3474400
2024-02-21,135.6854705810547,2306900
2024-02-22,137.09896850585938,2503800
2024-02-23,138.1385498046875,3503600
2024-02-26,136.92568969726562,3856900
2024-02-27,138.60365295410156,2851700
2024-02-28,138.10206604003906,2298300
2024-02-29,139.4517364501953,4447800
2024-03-01,141.61300659179688,4285500
2024-03-04,137.23574829101562,9096100
2024-03-05,153.73248291015625,22986800
2024-03-06,158.25564575195312,8955200
2024-03-07,156.43179321289062,3644700
2024-03-08,154.7720947265625,3362600
2024-03-11,153.2674102783203,3142400
2024-03-12,152.81146240234375,2292100
2024-03-13,151.99072265625,5546300
2024-03-14,149.83859252929688,3365900
2024-03-15,149.75650024414062,5074900
2024-03-18,152.82968139648438,3189600
2024-03-19,153.39511108398438,2290500
2024-03-20,155.44692993164062,2969700
2024-03-21,155.18247985839844,2624300
2024-03-22,153.77810668945312,2443600
2024-03-25,157.4531707763672,4262600
2024-03-26,157.43492126464844,3512900
2024-03-27,159.2861328125,4747100
2024-03-28,161.60240173339844,3716200
2024-04-01,162.15870666503906,3917400
2024-04-02,160.7178497314453,3022100
2024-04-03,160.03390502929688,3033900
2024-04-04,157.05191040039062,3614400
2024-04-05,156.6415557861328,2334000
2024-04-08,154.75384521484375,2122900
2024-04-09,156.51385498046875,1846600
2024-04-10,156.5047607421875,2148700
2024-04-11,156.24029541015625,2247900
2024-04-12,151.48915100097656,3551700
2024-04-15,150.47691345214844,5075400
2024-04-16,148.93577575683594,3450600
2024-04-17,149.98448181152344,3700200
2024-04-18,151.9086456298828,3169500
2024-04-19,153.47715759277344,3377100
2024-04-22,152.39195251464844,2155500
2024-04-23,151.8448028564453,1890300
2024-04-24,150.77783203125,2631400
2024-04-25,149.95712280273438,3141700
2024-04-26,150.230712890625,2085500
2024-04-29,149.3096466064453,2698500
2024-04-30,146.8018341064453,3534400
2024-05-01,142.652587890625,4378000
2024-05-02,144.19374084472656,3880000
2024-05-03,144.1207733154297,3802200
2024-05-06,144.40347290039062,3314500
2024-05-07,146.28208923339844,3492500
2024-05-08,145.53427124023438,2678300
2024-05-09,149.8477020263672,2538000
2024-05-10,148.7625274658203,2414100
2024-05-13,146.72889709472656,2629000
2024-05-14,145.95762634277344,2707900
2024-05-15,144.626220703125,2563700
2024-05-16,147.50938415527344,5232900
2024-05-17,147.03192138671875,4005500
2024-05-20,143.8916473388672,4429200
2024-05-21,143.0377197265625,6291000
2024-05-22,131.55099487304688,18724000
2024-05-23,132.59774780273438,6661100
2024-05-24,133.35069274902344,3550300
2024-05-28,135.06771850585938,4344300
2024-05-29,135.6553955078125,3038500
2024-05-30,137.6111297607422,4238000
2024-05-31,143.3866424560547,7501000
2024-06-03,140.51266479492188,4162500
2024-06-04,138.2355194091797,4683700
2024-06-05,135.2972869873047,5746100
2024-06-06,133.2588653564453,4682900
2024-06-07,134.0576934814453,3110800
2024-06-10,136.37156677246094,3051600
2024-06-11,134.23214721679688,3592400
2024-06-12,134.77389526367188,3064300
2024-06-13,132.8456573486328,3470600
2024-06-14,129.6136016845703,5019700
2024-06-17,133.1119384765625,5006300
2024-06-18,130.88070678710938,2969500
2024-06-20,131.65200805664062,2628700
2024-06-21,134.17706298828125,5651600
2024-06-24,137.4458770751953,3933000
2024-06-25,134.7647247314453,3336500
2024-06-26,135.13198852539062,2447000
2024-06-27,134.7187957763672,2273600
2024-06-28,135.9308319091797,12772300
2024-07-01,133.81895446777344,2638900
2024-07-02,133.49761962890625,3296400
2024-07-03,132.95584106445312,1633300
2024-07-05,133.73631286621094,3562200
2024-07-08,136.55520629882812,5183800
2024-07-09,135.52684020996094,2848400
2024-07-10,134.15870666503906,4105700
2024-07-11,139.01600646972656,4727800
2024-07-12,140.34739685058594,2675700
2024-07-15,138.9241943359375,3645900
2024-07-16,142.33070373535156,3391800
2024-07-17,143.17544555664062,3353700
2024-07-18,139.64956665039062,2927400
2024-07-19,137.4825897216797,3187000
2024-07-22,138.66705322265625,3692800
2024-07-23,137.97845458984375,1622400
2024-07-24,134.47088623046875,3029500
2024-07-25,134.32395935058594,3019700
2024-07-26,136.8123016357422,2427000
2024-07-29,134.81063842773438,2487000
2024-07-30,135.84820556640625,2379200
2024-07-31,138.10696411132812,5743700
2024-08-01,134.99427795410156,3782400
2024-08-02,127.7863540649414,6476500
2024-08-05,122.91989135742188,6887700
2024-08-06,122.90151977539062,5005500
2024-08-07,122.55260467529297,3209700
2024-08-08,123.01171112060547,3894000
2024-08-09,124.41655731201172,3778100
2024-08-12,123.97581481933594,3695600
2024-08-13,125.48167419433594,3319800
2024-08-14,124.65528106689453,4838000
2024-08-15,130.0727081298828,4640600
2024-08-16,132.25804138183594,3473900
2024-08-19,132.7997589111328,4427000
2024-08-20,132.5242919921875,6815100
2024-08-21,147.36746215820312,25572100
2024-08-22,145.11880493164062,7452400
2024-08-23,146.6734161376953,3188300
2024-08-26,147.04359436035156,3655200
2024-08-27,146.83998107910156,3252300
2024-08-28,145.15579223632812,2666500
2024-08-29,141.9724578857422,3879500
2024-08-30,142.15753173828125,3933200
2024-09-03,140.47337341308594,4071000
2024-09-04,141.10260009765625,3841000
2024-09-05,140.56588745117188,3358900
2024-09-06,139.9921417236328,4045100
2024-09-09,139.3536376953125,3735200
2024-09-10,136.9661407470703,4103200
2024-09-11,136.2998504638672,4089500
2024-09-12,137.3640594482422,3453500
2024-09-13,140.06617736816406,3592300
2024-09-16,141.4357452392578,3429200
2024-09-17,140.62139892578125,3162300
2024-09-18,142.13905334472656,3269500
2024-09-19,144.81341552734375,5098800
2024-09-20,143.20321655273438,7389800
2024-09-23,143.70294189453125,2927700
2024-09-24,144.52651977539062,3114000
2024-09-25,143.49937438964844,2319900
2024-09-26,144.34144592285156,2757900
2024-09-27,143.60113525390625,3067200
2024-09-30,144.2303924560547,2934400
2024-10-01,140.84352111816406,3994400
2024-10-02,139.17779541015625,2795000
2024-10-03,138.43751525878906,4790100
2024-10-04,141.47276306152344,3557100
2024-10-07,137.88226318359375,3301400
2024-10-08,140.02915954589844,3224100
2024-10-09,142.81454467773438,3514300
2024-10-10,144.3321990966797,3139100
2024-10-11,146.6363983154297,3594100
2024-10-14,146.1829833984375,2534300
2024-10-15,148.70001220703125,2987800
2024-10-16,147.01580810546875,3124500
2024-10-17,144.2581787109375,2879700
2024-10-18,145.1372833251953,2988700
2024-10-21,139.64974975585938,4455200
2024-10-22,138.05810546875,2815000
2024-10-23,137.00315856933594,3962000
2024-10-24,138.97422790527344,3060300
2024-10-25,139.88111877441406,4082200
2024-10-28,138.15988159179688,2523700
2024-10-29,136.89208984375,2881500
2024-10-30,137.43807983398438,2520500
2024-10-31,138.84466552734375,3229500
2024-11-01,139.58497619628906,2452800
2024-11-04,138.79840087890625,3289500
2024-11-05,139.7238006591797,2692300
2024-11-06,136.2998504638672,7506600
2024-11-07,139.64974975585938,4862000
2024-11-08,138.6040802001953,3323600
2024-11-11,141.84291076660156,3541700
2024-11-12,144.03607177734375,5082100
2024-11-13,143.4253387451172,3624500
2024-11-14,142.0187225341797,4075100
2024-11-15,140.77870178222656,3888700
2024-11-18,144.87814331054688,6503000
2024-11-19,144.36000061035156,9170500
2024-11-20,113.45231628417969,64557700
2024-11-21,113.3311538696289,19616700
2024-11-22,116.51885223388672,13730100
2024-11-25,121.6639175415039,15456500
2024-11-26,117.95425415039062,9888200
2024-11-27,121.2537841796875,6745200
2024-11-29,123.32299041748047,5023500
2024-12-02,121.84100341796875,14195600
2024-12-03,122.52141571044922,8163900
2024-12-04,121.23516082763672,6051300
2024-12-05,120.39629364013672,6858600
2024-12-06,123.39756774902344,7284100
2024-12-09,126.10060119628906,9619300
2024-12-10,125.87689208984375,5575500
2024-12-11,126.74371337890625,4811900
2024-12-12,126.10060119628906,3860200
2024-12-13,125.38288116455078,4261200
2024-12-16,123.45347595214844,5503800
2024-12-17,122.66123962402344,5793000
2024-12-18,121.82235717773438,6602400
2024-12-19,121.57069396972656,5262100
2024-12-20,122.54938507080078,7189100
2024-12-23,122.95950317382812,4097800
2024-12-24,123.40689086914062,1647700
2024-12-26,127.12586975097656,5042000
2024-12-27,126.29633331298828,3089000
2024-12-30,125.87689208984375,3945600
2024-12-31,125.998046875,2830200
2025-01-02,127.87152862548828,4358300
2025-01-03,126.56661987304688,4025200
2025-01-06,129.82887268066406,4937900
2025-01-07,129.79161071777344,4166100
2025-01-08,128.83155822753906,4663400
2025-01-10,132.00062561035156,5882800
2025-01-13,129.34420776367188,4061900
2025-01-14,127.20045471191406,4635500
2025-01-15,125.3922119140625,5132600
2025-01-16,124.19916534423828,9900600
2025-01-17,124.5346908569336,6892500
2025-01-21,128.01133728027344,4848900
2025-01-22,126.5479965209961,4012400
2025-01-23,127.92745208740234,6788900
2025-01-24,128.5239715576172,5868200
2025-01-27,132.8208770751953,5331600
2025-01-28,131.47866821289062,4141500
2025-01-29,130.5745391845703,3279200
2025-01-30,130.90078735351562,2792000
2025-01-31,128.54263305664062,4056400
2025-02-03,125.04734802246094,6330500
2025-02-04,126.38953399658203,4376200
2025-02-05,126.02603149414062,4908700
2025-02-06,125.53201293945312,4289200
2025-02-07,122.42822265625,5756700
2025-02-10,122.36298370361328,4003500
2025-02-11,123.45347595214844,4782600
2025-02-12,119.85319519042969,6429000
2025-02-13,120.86842346191406,5325900
2025-02-14,120.21040344238281,4549000
2025-02-18,122.30665588378906,4901600
2025-02-19,122.90828704833984,3893500
2025-02-20,120.4454116821289,6195900
2025-02-21,116.8169174194336,9052900
2025-02-24,118.22694396972656,8772900
2025-02-25,119.74979400634766,6404300
2025-02-26,116.60070037841797,7714200
2025-02-27,115.15306854248047,6164500
2025-02-28,116.78871154785156,8893600
2025-03-03,113.5174331665039,12120900
2025-03-04,110.11454010009766,15623300
2025-03-05,109.56932067871094,7311000
2025-03-06,107.20985412597656,8020200
2025-03-07,108.17808532714844,8050900
2025-03-10,107.0218505859375,8146200
2025-03-11,105.99723052978516,8271800
2025-03-12,100.84588623046875,10434200
2025-03-13,98.23262023925781,9700200
2025-03-14,98.42061614990234,7551800
2025-03-17,99.33245086669922,5436200
2025-03-18,98.31722259521484,4922200
2025-03-19,98.646240234375,6331900
2025-03-20,97.95060729980469,5863300
2025-03-21,97.81900787353516,31066200
2025-03-24,101.85171508789062,8526100
2025-03-25,99.0786361694336,6837700
2025-03-26,99.72725677490234,5490800
2025-03-27,100.12207794189453,5015300
2025-03-28,97.43358612060547,9704400
2025-03-31,98.10101318359375,7069200
2025-04-01,98.16681671142578,6240500
2025-04-02,99.42645263671875,5654400
2025-04-03,88.62557220458984,19020400
2025-04-04,89.97920227050781,16229700
2025-04-07,88.71955871582031,13800600
2025-04-08,83.4366226196289,13408900
2025-04-09,91.8310546875,13717800
2025-04-10,87.14972686767578,12187900
2025-04-11,87.21552276611328,10457600
2025-04-14,88.97337341308594,8164400
2025-04-15,86.55751037597656,6605600
2025-04-16,85.03466033935547,8048400
2025-04-17,87.5257339477539,5349800
2025-04-21,88.15553283691406,6856600
2025-04-22,88.45635223388672,7200100
2025-04-23,86.6233139038086,9113800
2025-04-24,89.59378814697266,7718800
2025-04-25,90.78761291503906,5274900
2025-04-28,90.59021759033203,4662400
2025-04-29,91.09783172607422,3768400
2025-04-30,90.9004135131836,8255300
2025-05-01,90.21419525146484,5443700
2025-05-02,91.53024291992188,5294900
2025-05-05,88.38115692138672,6789300
2025-05-06,88.0333480834961,5726600
2025-05-07,89.76298522949219,5725200
2025-05-08,91.11663055419922,5006300
2025-05-09,90.61841583251953,4614700
2025-05-12,95.01773834228516,9670800
2025-05-13,93.14707946777344,7774500
2025-05-14,90.57049560546875,10286400
2025-05-15,92.29138946533203,8348500
2025-05-16,93.72705841064453,6371500
2025-05-19,93.16609191894531,8468700
2025-05-20,93.28968811035156,10163500
2025-05-21,88.43125915527344,27058500
2025-05-22,90.38032531738281,11428000
2025-05-23,89.64824676513672,7373800
2025-05-27,92.21532440185547,6501800
2025-05-28,91.21701049804688,4476000
2025-05-29,90.19969177246094,7033300
2025-05-30,89.38203430175781,7874000
2025-06-02,88.72599792480469,5748800
2025-06-03,91.06489562988281,6388800
2025-06-04,89.31547546386719,4416700
2025-06-05,88.9161376953125,4759900
2025-06-06,92.5290756225586,7822800
2025-06-09,92.55760955810547,6299300
2025-06-10,95.80924224853516,9612400
2025-06-11,93.28018951416016,6803400
2025-06-12,94.402099609375,5320600
2025-06-13,90.67507934570312,7303300
2025-06-16,92.57662200927734,7427600
2025-06-17,90.34230041503906,7195500
2025-06-18,90.43738555908203,6408600
2025-06-20,90.83671569824219,9619800
2025-06-23,91.77796936035156,6887200
2025-06-24,92.7287368774414,6406100
2025-06-25,91.9395980834961,4372000
2025-06-26,92.79529571533203,5331900
2025-06-27,94.34505462646484,6389800
2025-06-30,93.79360961914062,4933600
2025-07-01,98.73760986328125,9968200
2025-07-02,100.25885009765625,6327900
2025-07-03,98.93728637695312,3535300
2025-07-07,96.59838104248047,5677100
2025-07-08,96.98818969726562,6100500
2025-07-09,97.38751983642578,4312200
2025-07-10,99.58380126953125,5109900
2025-07-11,99.1084213256836,3866100
2025-07-14,99.70741271972656,4468100
2025-07-15,97.1783447265625,5289900
2025-07-16,96.35118103027344,3861900
2025-07-17,98.5474624633789,4529500
2025-07-18,98.36681365966797,5282100
2025-07-21,96.70296478271484,4478800
2025-07-22,101.29518127441406,6473000
2025-07-23,102.1413803100586,5907500
2025-07-24,100.61064147949219,5415200
2025-07-25,100.8293228149414,3476000
2025-07-28,101.19061279296875,3864900
2025-07-29,99.05137634277344,4753500
2025-07-30,98.06257629394531,4527100
2025-07-31,95.55253601074219,6442300
2025-08-01,94.85846710205078,5021700
2025-08-04,94.87748718261719,5312700
2025-08-05,97.38751983642578,5093400
2025-08-06,100.20179748535156,6306600
2025-08-07,100.46802520751953,4191000
2025-08-08,100.21131134033203,3494900
2025-08-11,98.88973999023438,5020200
2025-08-12,101.02897644042969,6593800
2025-08-13,101.25962829589844,7364700
2025-08-14,100.19284057617188,4985800
2025-08-15,99.01070404052734,6305100
2025-08-18,100.86559295654297,6901600
2025-08-19,101.25962829589844,8815500
2025-08-20,94.8492202758789,33165700
2025-08-21,93.28265380859375,11415700
2025-08-22,95.37781524658203,13663600
2025-08-25,93.34993743896484,7651300
2025-08-26,92.36962890625,6398800
2025-08-27,94.14762115478516,6486000
2025-08-28,93.04238891601562,5145000
2025-08-29,92.24468994140625,5370900
2025-09-02,88.84246063232422,12987200
2025-09-03,88.75595092773438,8485800
2025-09-04,89.10194396972656,5901000
2025-09-05,89.5440444946289,4894600
2025-09-08,87.93903350830078,9261700
2025-09-09,87.37200164794922,7564800
2025-09-10,87.2470474243164,5747900
2025-09-11,87.95825958251953,9492500
2025-09-12,86.45896911621094,6176200
2025-09-15,85.11344909667969,9310900
2025-09-16,86.22830963134766,6736700
2025-09-17,85.46905517578125,9399000
2025-09-18,85.93997192382812,8781100
2025-09-19,84.70018768310547,13319500
2025-09-22,83.19129180908203,12449500
2025-09-23,83.66222381591797,8077800
2025-09-24,84.87318420410156,10691700
2025-09-25,83.74871826171875,8566300
2025-09-26,84.43107604980469,7575600
2025-09-29,85.3729476928711,7955600
2025-09-30,86.2090835571289,16872300
2025-10-01,85.6708755493164,10378500
2025-10-02,86.02648162841797,7557400
2025-10-03,85.56517028808594,6872000
2025-10-06,85.49788665771484,8975700
2025-10-07,85.79581451416016,6348100
2025-10-08,86.86261749267578,6848500
2025-10-09,85.63243103027344,7189200
2025-10-10,82.20137786865234,13925200
2025-10-13,83.94093322753906,10515500
2025-10-14,85.49788665771484,6352300
2025-10-15,87.37200164794922,6402500
2025-10-16,86.56468963623047,5556500
2025-10-17,87.3047103881836,6461400
2025-10-20,87.9678726196289,4886300
2025-10-21,90.7261734008789,7770100
2025-10-22,90.36096954345703,4973000
2025-10-23,90.58201599121094,4833400
2025-10-24,90.59162902832031,5459000
2025-10-27,93.96501922607422,10000000
2025-10-28,93.3307113647461,7959600
2025-10-29,90.45707702636719,6125600
2025-10-30,89.30377197265625,5631200
2025-10-31,89.11156463623047,7084800
2025-11-03,87.89098358154297,5698100
2025-11-04,86.47819519042969,5057400
2025-11-05,88.3619155883789,8215300
2025-11-06,85.68048858642578,7051500
2025-11-07,87.68915557861328,6524900
2025-11-10,87.19900512695312,6299900
2025-11-11,88.01592254638672,4762900
2025-11-12,89.446533203125,5512400
2025-11-13,88.19110107421875,6303500
2025-11-14,87.49040222167969,6096900
2025-11-17,86.10845947265625,7549400
2025-11-18,86.15711975097656,10063400
2025-11-19,83.77278900146484,18972000
2025-11-20,81.4371109008789,12051800
2025-11-21,85.27151489257812,12573900
2025-11-24,82.27406311035156,9227300
2025-11-25,84.25938415527344,6520100
2025-11-26,87.39308166503906,7927600
2025-11-28,88.19110107421875,4059000
2025-12-01,88.91126251220703,6570600
2025-12-02,88.04512786865234,5863800
2025-12-03,88.4830551147461,7308400
2025-12-04,89.13509368896484,6759400
2025-12-05,89.71902465820312,5898900
2025-12-08,90.5656967163086,7694700
2025-12-09,91.11068725585938,4650500
2025-12-10,92.0838851928711,8444700
2025-12-11,94.37090301513672,6812900
2025-12-12,94.48767852783203,5260200
2025-12-15,94.94508361816406,5730100
2025-12-16,95.05213165283203,5142500
2025-12-17,95.95720672607422,6830400
2025-12-18,96.39514923095703,9594200
2025-12-19,95.38302612304688,12620400
2025-12-22,92.6483383178711,11985200
2025-12-23,91.77246856689453,7975900
2025-12-24,93.94268798828125,3299500
2025-12-26,96.88175201416016,10644100
2025-12-29,95.4706039428711,8837000
2025-12-30,94.81856536865234,3686900
2025-12-31,95.12998962402344,4290100
2026-01-02,97.81602478027344,7064400
2026-01-05,99.36339569091797,7421200
2026-01-06,101.50443267822266,7699800
2026-01-07,100.89131927490234,4686200
2026-01-08,103.48001861572266,8568600
2026-01-09,102.69171905517578,6490400
2026-01-12,103.29510498046875,5893400
2026-01-13,105.7183609008789,7742300
2026-01-14,106.87647247314453,5886200
2026-01-15,108.15135955810547,5827200
2026-01-16,108.2973403930664,5253200
2026-01-20,106.40933227539062,9556600
2026-01-21,103.19779205322266,6547300
2026-01-22,103.64546203613281,4904300
2026-01-23,105.20257568359375,4594100
2026-01-26,101.17354583740234,6709800
2026-01-27,101.3097915649414,4578900
2026-01-28,99.01304626464844,4644400
2026-01-29,100.08355712890625,6015200
2026-01-30,102.64306640625,6181800
2026-02-02,106.59424591064453,10561600
2026-02-03,108.31681060791016,8373400
2026-02-04,111.07095336914062,9816200
2026-02-05,107.87886810302734,6081500
2026-02-06,112.45289611816406,7804400
2026-02-09,112.42369842529297,4507500
2026-02-10,110.19508361816406,4955200
2026-02-11,112.67247772216797,6612000
2026-02-12,110.7849349975586,5588400
2026-02-13,113.80303955078125,6597100
2026-02-17,114.5698471069336,6258900
2026-02-18,113.70472717285156,5608100
2026-02-19,113.70472717285156,3631500
2026-02-20,114.71731567382812,6285900
2026-02-23,111.42394256591797,7924800
2026-02-24,113.56708526611328,4977600
2026-02-25,114.47154235839844,4522100
2026-02-26,112.84943389892578,5930300
2026-02-27,111.86634063720703,6417000
2026-03-02,111.25682067871094,6301900
2026-03-03,118.7578353881836,15692200
2026-03-04,118.05000305175781,9496000
2026-03-05,118.32527160644531,7129700
2026-03-06,118.74800109863281,5979700
2026-03-09,118.10899353027344,6005500
2026-03-10,118.69884490966797,4400000
2026-03-11,116.77198028564453,4418700
2026-03-12,113.79320526123047,6215300
2026-03-13,115.35631561279297,5282600
2026-03-16,115.07122802734375,4858100
2026-03-17,114.7861328125,4347200
2026-03-18,113.10504150390625,5267500
2026-03-19,112.53484344482422,6549400
2026-03-20,111.34530639648438,19717500
2026-03-23,112.98706817626953,6381900
2026-03-24,113.96033477783203,4991300
2026-03-25,114.40272521972656,4408000
2026-03-26,115.02207946777344,3403100
2026-03-27,117.8140640258789,8112900
2026-03-30,116.77198028564453,4425200
2026-03-31,119.15106964111328,4662100
2026-04-01,118.41374206542969,4250600
2026-04-02,118.41374206542969,5348000
2026-04-06,120.14399719238281,4059500
2026-04-07,117.49946594238281,3799500
2026-04-08,121.03861999511719,3634100
2026-04-09,121.9332275390625,4093500
2026-04-10,119.82940673828125,3699800
2026-04-13,115.88719177246094,5800600
2026-04-14,117.5093002319336,5189100
2026-04-15,120.79283905029297,5232400
2026-04-16,121.81526184082031,4293000
2026-04-17,125.6788101196289,5844800
2026-04-20,127.97925567626953,5819100
2026-04-21,129.86680603027344,5745900
2026-04-22,128.3921661376953,5141400
2026-04-23,127.96942901611328,3595200
2026-04-24,127.0748062133789,3129300
2026-04-27,127.52703857421875,5824300
2026-04-28,124.99065399169922,3728100
2026-04-29,125.70831298828125,3760100
2026-04-30,127.55653381347656,5436600
2026-05-01,126.71106719970703,3729000
2026-05-04,125.60016632080078,3118200
2026-05-05,126.64225769042969,4206800
2026-05-06,127.98909759521484,4423100
2026-05-07,123.751953125,7539000
2026-05-08,123.13260650634766,3883700
2026-05-11,116.43772888183594,7589700
2026-05-12,119.74092864990234,5623800
2026-05-13,120.55467987060547,3964800
2026-05-14,122.14249420166016,4160100
2026-05-15,120.61422729492188,3661400
2026-05-18,122.4600601196289,3708100
2026-05-19,126.27080535888672,10539800
2026-05-20,121.39820861816406,20309300
2026-05-21,125.1891098022461,9959900
2026-05-22,124.64329528808594,4943000
2026-05-26,124.47459411621094,4455500
2026-05-27,127.35250854492188,6076900
2026-05-28,127.67005920410156,4676600
2026-05-29,126.10209655761719,6455200
2026-06-01,122.76769256591797,4859100
2026-06-02,122.24172973632812,3206500
2026-06-03,123.84939575195312,3336300
2026-06-04,122.90662384033203,4749600
2026-06-05,121.6363754272461,4384500
2026-06-08,123.02571105957031,2846200
2026-06-09,125.6456069946289,4092100
2026-06-10,127.00517272949219,3943100
2026-06-11,131.62966918945312,4535600
2026-06-12,134.19993591308594,4803300
2026-06-15,132.1556396484375,7287900
2026-06-16,132.38388061523438,3186000
2026-06-17,126.83646392822266,3506900
2026-06-18,129.74415588378906,7529100
2026-06-22,128.74183654785156,3942700
2026-06-23,133.08847045898438,4793100
2026-06-24,140.1244659423828,6235800
2026-06-25,138.50689697265625,4340700
2026-06-26,139.32064819335938,6802500
2026-06-29,132.89991760253906,4554400
2026-06-30,129.61514282226562,6507600
2026-07-01,129.2975616455078,4928800
2026-07-02,129.2181854248047,3272000
2026-07-06,125.13948822021484,5209900
2026-07-07,126.57844543457031,2996300
2026-07-08,131.41134643554688,6780300
2026-07-09,131.2624969482422,4459500
2026-07-10,134.11062622070312,3403200
2026-07-13,133.7434539794922,4243700
2026-07-14,132.97930908203125,2506800
2026-07-15,137.23663330078125,5224000
2026-07-16,139.1420135498047,4297200
2026-07-17,138.5366668701172,5187800
2026-07-20,138.5267333984375,3388200
2026-07-21,137.42518615722656,2413200
2026-07-22,136.8694610595703,2283200
2026-07-23,133.45565795898438,3207400
2026-07-24,135.73814392089844,2485400
2026-07-27,139.27101135253906,3039300
2026-07-28,143.10162353515625,4621700
2026-07-29,144.78866577148438,3198400
2026-07-30,143.4092559814453,2627500
2026-07-31,143.38941955566406,3312000
2026-08-03,148.21240234375,4856900
2026-08-04,146.98184204101562,3181100
2026-08-05,146.574951171875,4230300
2026-08-06,145.95968627929688,2501300
2026-08-07,148.55972290039062,2848000
2026-08-10,150.862060546875,5256500
2026-08-11,151.12998962402344,4171400
2026-08-12,154.0,3943700
