date,open,high,low,close,volume
2014-04-17,11.622601928426032,17.487478911022237,11.615458186802394,14.458601951599121,32090000.0
2014-04-21,15.437272596852287,17.266028195527205,15.115811039698967,16.151630401611328,13428800.0
2014-04-22,17.144588481080625,17.316034202387897,16.173061364476627,16.537384033203125,10470300.0
2014-04-23,16.6445370436541,16.680255752992938,14.430028840765027,15.294401168823242,7597400.0
2014-04-24,15.787309709113025,15.808739573885886,14.372881407863009,14.601475715637207,4991500.0
2014-04-25,14.430028071995618,14.522893986270216,13.629946738313294,13.72281265258789,4236000.0
2014-04-28,13.987126165899655,14.072849704454892,12.236948948774401,12.508405685424805,7807800.0
2014-04-29,12.501261533987808,13.379921303369615,12.451256705856558,13.072747230529785,3033700.0
2014-04-30,12.50126169262764,14.144284112932658,12.344103464716616,13.972838401794434,4113300.0
2014-05-01,13.937120626817574,14.758631811657228,13.737099955388098,14.444314002990723,2864300.0
2014-05-02,14.687195832285841,14.687195832285841,14.201432315381341,14.308587074279785,1145400.0
2014-05-05,13.979982609580244,14.430028808538403,13.658522401425286,14.108567237854004,1101600.0
2014-05-06,14.322872227129047,14.358590931858927,13.058460055335123,13.265623092651367,1733300.0
2014-05-07,13.429925962831643,13.494218273201326,12.508405118415103,12.536978721618652,2267500.0
2014-05-08,12.822723309170799,13.072747454103025,12.64413385563098,12.83700942993164,1457600.0
2014-05-09,12.97273727152672,12.979881012882956,12.415537708504445,12.758430480957031,993300.0
2014-05-12,13.01559757564124,14.037129365248392,13.01559757564124,13.944263458251953,2130800.0
2014-05-13,14.194290088833151,14.465745453383724,13.958552069279184,14.33001708984375,2361700.0
2014-05-14,14.394309379459086,14.430028086931957,13.929977082546735,13.965694427490234,1018700.0
2014-05-15,13.929976146534674,14.201431492441442,13.358490490662913,14.08713436126709,845100.0
2014-05-16,14.101423496002191,14.415741324834777,13.772819545995418,14.108567237854004,949700.0
2014-05-19,14.144283877266474,14.272868499110068,13.86568477162494,13.965694427490234,649000.0
2014-05-20,13.522793080539968,13.81567966322486,13.215619015155971,13.622802734375,947200.0
2014-05-21,13.579942388265117,14.46574592590332,13.572798646526572,14.46574592590332,1551400.0
2014-05-22,13.387064660357844,13.429925745734991,12.729855446947788,12.894157409667969,3836700.0
2014-05-23,12.96559297045553,13.208474715965139,12.865583320844264,12.90844440460205,1037800.0
2014-05-27,13.187044677126032,13.187044677126032,12.765574817685987,12.822723388671875,1026400.0
2014-05-28,13.065605524387633,13.465645532568244,12.794148782653707,13.122754096984863,1644900.0
2014-05-29,13.279910753452132,13.92283245942959,13.179901103919654,13.679950714111328,1936600.0
2014-05-30,13.801392741736853,13.844253829047695,13.144183498676556,13.229907035827637,970800.0
2014-06-02,13.258479670587878,13.294198376176839,12.908444530991876,13.108465194702148,439700.0
2014-06-03,13.07274674295086,13.201331360509283,12.901301040382739,13.087034225463867,380100.0
2014-06-04,12.95130622065976,13.67995149838805,12.922732617382039,13.415639877319336,898800.0
2014-06-05,13.63709010598439,13.73709975900473,13.344203525685394,13.544222831726074,817400.0
2014-06-06,13.665663871748261,13.822823456975485,13.22276280663182,13.244194030761719,547700.0
2014-06-09,13.301342165160818,13.537080172779078,13.21561863396813,13.322772026062012,587700.0
2014-06-10,13.572798131907835,14.258580962453292,13.429926027612847,13.508505821228027,2639200.0
2014-06-11,13.558510685970866,14.07284917281285,13.501362116602797,13.72281265258789,1061900.0
2014-06-12,13.829968088626257,14.715771638410168,13.429926720959122,13.529937744140625,2986200.0
2014-06-13,13.922833326640815,14.07284917281285,13.451357288721908,13.72281265258789,1269600.0
2014-06-16,13.7013826674928,14.158571218327637,13.537080702352698,13.794248580932617,962000.0
2014-06-17,14.03713043085647,15.015801211723407,13.93712077534064,14.858641624450684,3954300.0
2014-06-18,15.065806647515794,15.608718758353142,15.022945559497678,15.165816307067871,1885600.0
2014-06-19,15.16581523181907,15.201533938076247,14.322872839560267,14.372879028320312,1299100.0
2014-06-20,14.54432500190287,14.694339483391612,13.965694212513677,14.201432228088379,1124500.0
2014-06-23,14.201431339569462,14.24429378519541,13.69423799575914,13.915688514709473,1082400.0
2014-06-24,13.987126683770573,14.644335961929055,13.82996844688487,14.194291114807129,1515200.0
2014-06-25,14.079990775107683,14.644334058700952,14.079990775107683,14.530036926269531,784100.0
2014-06-26,14.53003790842325,14.808637017240502,14.380022060385924,14.622903823852539,701900.0
2014-06-27,14.62290382952331,14.830068247719625,14.62290382952331,14.744344711303711,455400.0
2014-06-30,14.85864305068318,14.944366594017476,14.487177996313223,14.630048751831055,596100.0
2014-07-01,14.73720119430509,15.48727772115424,14.594330448140544,15.265827178955078,1959200.0
2014-07-02,15.623005895179714,16.058763232507772,15.422985217984785,15.715871810913086,2293600.0
2014-07-03,15.558714008390172,15.765877070314955,14.865786042140705,15.030089378356934,961500.0
2014-07-07,14.958652441382494,14.965796182756062,14.215719688883725,14.23000717163086,1454500.0
2014-07-08,14.20857686825447,14.465746124250566,13.344204543980048,13.529937744140625,1741600.0
2014-07-09,13.558510700005106,14.137141498301272,13.558510700005106,13.965694427490234,1029000.0
2014-07-10,13.558510412661347,13.937120528673713,13.394208449356285,13.772818565368652,990200.0
2014-07-11,13.801392089233014,13.96569405159785,13.629946385565878,13.787104606628418,545100.0
2014-07-14,14.008556839132337,14.07284914988283,13.65137794053155,13.751387596130371,705700.0
2014-07-15,13.751389019124517,13.89426113836099,13.572799551343678,13.644235610961914,611200.0
2014-07-16,13.68709465434862,13.787104305336587,13.572797521068285,13.594228744506836,571300.0
2014-07-17,13.572798131907835,13.787104925820948,13.465644734951278,13.508505821228027,603800.0
2014-07-18,13.508505444847993,13.708526112782037,13.46564435976546,13.601372718811035,517300.0
2014-07-21,13.508505246904333,13.772818219853795,13.444212938957959,13.687094688415527,572800.0
2014-07-22,13.787103652044888,14.19428870290739,13.722811347304978,13.937119483947754,860100.0
2014-07-23,14.022843092967973,14.07999166278664,13.72995650233114,13.801392555236816,558600.0
2014-07-24,14.072848829407913,14.122853656068587,13.95855169346085,14.029986381530762,513500.0
2014-07-25,14.122854849760243,14.587187174107642,13.894260558544874,14.401453971862793,901600.0
2014-07-28,14.5728997989783,14.67291082402813,13.937121751476898,13.994270324707031,718000.0
2014-07-29,14.079991800939649,14.208576424925665,13.772819086731204,13.972838401794434,548600.0
2014-07-30,14.658621675593176,14.772918809074934,14.23000674377193,14.580041885375977,1328200.0
2014-07-31,14.39430961929109,14.39430961929109,13.858541261035619,13.972838401794434,834100.0
2014-08-01,13.972837727075218,14.029986294695039,13.558510271199172,13.601372718811035,846500.0
2014-08-04,13.694239418797299,14.122854381891479,13.651378331246704,14.022843360900879,636000.0
2014-08-05,13.87282743161279,14.051416867466441,13.708525477634456,13.915688514709473,318900.0
2014-08-06,13.787105277070369,13.994269697323022,13.644234531664878,13.715670585632324,338200.0
2014-08-07,13.801392190133022,13.908545585392197,13.694238794873847,13.744243621826172,324700.0
2014-08-08,13.758531452370148,13.972838248306473,13.701382882618502,13.951408386230469,287900.0
2014-08-11,14.001412320845702,14.394308542496583,13.965693615449709,14.287155151367188,553000.0
2014-08-12,14.287154799806245,14.465744234803823,14.151426447699894,14.351447105407715,541000.0
2014-08-13,14.451458571318861,14.822924969859761,14.358592652948353,14.515750885009766,1001500.0
2014-08-14,14.501464118375816,15.344406617306515,14.465746770128039,15.330119132995605,1927800.0
2014-08-15,14.465745896141192,14.715771406358156,14.144284331215177,14.251439094543457,2846200.0
2014-08-18,14.401452283575782,14.415739765734179,14.151426795920997,14.287155151367188,1246500.0
2014-08-19,14.258581126518173,14.394309490907219,14.015700726469003,14.04427433013916,769800.0
2014-08-20,14.008556949486552,14.037130553084436,13.801392532652034,13.829967498779297,720400.0
2014-08-21,13.822822587546293,14.022841883393783,13.7442427998752,13.944263458251953,678900.0
2014-08-22,14.001414067665097,14.001414067665097,13.779963516698889,13.87282943725586,427500.0
2014-08-25,13.97998286633169,13.97998286633169,13.787105920378742,13.844254493713379,274400.0
2014-08-26,13.808535105691682,13.965693318504604,13.808535105691682,13.944263458251953,270900.0
2014-08-27,13.944265518946093,13.965695382365666,13.822824630293805,13.844254493713379,294400.0
2014-08-28,13.758531704594272,13.987125987791492,13.69423939212888,13.929977416992188,396400.0
2014-08-29,13.958551812082062,14.272868257342912,13.929976846587794,14.23000717163086,778300.0
2014-09-02,14.287155151367188,14.45860084968008,14.037129663712404,14.287155151367188,795400.0
2014-09-03,14.358592048869864,14.444314221831709,14.14428389140651,14.208576202392578,630300.0
2014-09-04,14.208576549781828,15.001514162977173,14.208576549781828,14.537181854248047,1311100.0
2014-09-05,14.387165282358687,14.530037383660074,14.094278700967244,14.151427268981934,503100.0
2014-09-08,14.087134828380204,14.422883854551035,13.994268917170197,14.372879028320312,663300.0
2014-09-09,14.851499499886225,15.680154449143213,14.644335081307283,15.35154914855957,4546200.0
2014-09-10,15.430128943541844,15.501564996932148,14.722914876289556,15.35154914855957,986800.0
2014-09-11,15.08009305369256,18.2161232473198,15.08009305369256,17.387468338012695,8967300.0
2014-09-12,17.908950668127375,18.630452243477475,16.680255684998276,17.008859634399414,6205800.0
2014-09-15,16.865988430857666,16.930280743144063,14.66576641741591,15.0372314453125,5299200.0
2014-09-16,14.858640859802376,15.701583234426325,14.722913866452572,15.3944091796875,2630500.0
2014-09-17,15.265826831184667,15.358692745949575,14.894360447066278,15.058662414550781,1702200.0
2014-09-18,15.172960028156535,15.815881797670144,15.108667714952231,15.315832138061523,1447500.0
2014-09-19,15.45870324962176,15.715872508497506,14.858642553931316,15.008658409118652,2614600.0
2014-09-22,14.93007735976289,15.01580089304959,14.001412788891878,14.151427268981934,2354300.0
2014-09-23,14.07285012384701,14.751489260638646,13.92997800950695,13.994270324707031,1404900.0
2014-09-24,14.065704878467196,14.380021316372545,14.037129913641627,14.265724182128906,696100.0
2014-09-25,14.2728693428801,14.33716165760267,13.601373953045753,13.672808647155762,1362500.0
2014-09-26,13.665663749750996,14.129997397381446,13.665663749750996,14.029986381530762,638400.0
2014-09-29,13.929977068127993,14.04427420686413,13.69423904916854,13.72281265258789,647100.0
2014-09-30,13.77996189983415,13.84425284496576,13.31562826394326,13.351346969604492,951400.0
2014-10-01,13.279911874223329,13.279911874223329,12.772717117654953,12.83700942993164,1302400.0
2014-10-02,12.951306349698443,13.344203958284258,12.5726975866879,13.072747230529785,968200.0
2014-10-03,13.22990656099866,13.337059956694667,12.901301269997646,13.094178199768066,968000.0
2014-10-06,13.10132204050937,13.222762919893652,12.622702264410066,12.658419609069824,910100.0
2014-10-07,12.572696454790444,12.929875323605348,12.386963279503185,12.415536880493164,1035800.0
2014-10-08,12.372676905309445,12.965593826117205,12.22266242099237,12.951306343078613,1171000.0
2014-10-09,12.808435288571149,12.937019907730443,12.35124674269752,12.515548706054688,992600.0
2014-10-10,12.394108534287465,12.5726979905091,12.144083023071289,12.144083023071289,950000.0
2014-10-13,12.229806099995098,12.68699465465793,11.944061890801457,12.251235961914062,898300.0
2014-10-14,12.301241023399614,12.644133808438616,12.00121068807136,12.258379936218262,896200.0
2014-10-15,12.079789965295712,12.858440055432588,12.05835874135943,12.772716522216797,941100.0
2014-10-16,12.358388841727091,13.279911016486425,12.358388841727091,13.037029266357422,698000.0
2014-10-17,13.2513363814997,13.658521463927935,12.83700892023933,12.879871368408203,1137200.0
2014-10-20,12.879871743449394,13.437069960576027,12.879871743449394,13.179902076721191,558800.0
2014-10-21,13.301341916930095,13.322771777431363,13.001311607148837,13.19418716430664,500200.0
2014-10-22,13.629946646224244,13.637090387663157,13.022742249210163,13.05131721496582,419600.0
2014-10-23,13.265623781491096,13.351347314764881,13.037029509466784,13.165614128112793,403600.0
2014-10-24,13.129895645735152,13.251336525137967,12.894157628368434,13.05131721496582,573800.0
2014-10-27,13.072747535154255,13.072747535154255,12.765574817685987,12.822723388671875,316100.0
2014-10-28,12.62984552382729,13.001311889240872,12.594126818001385,12.94416332244873,612900.0
2014-10-29,12.951306203548903,13.06560470409687,12.644133496704754,12.779860496520996,252400.0
2014-10-30,12.751286035819549,13.1084649087415,12.722711071971743,12.887014389038086,404200.0
2014-10-31,13.044173611253044,13.54422325449252,12.929876472082341,13.222763061523438,1072500.0
2014-11-03,13.215620269256911,13.74424491652365,13.215620269256911,13.465645790100098,665600.0
2014-11-04,13.572798288081827,14.051418071689046,13.572798288081827,14.04427433013916,866300.0
2014-11-05,14.18714700527442,14.251439319273445,13.451357946468608,13.529937744140625,655500.0
2014-11-06,13.551367631012338,13.71567096848254,13.379921914222487,13.501362800598145,290000.0
2014-11-07,13.501361472135748,13.665663430910067,13.222762380081093,13.594228744506836,472800.0
2014-11-10,13.665664555478461,14.137141972220073,13.572798637994598,14.101423263549805,555300.0
2014-11-11,14.13714111779432,14.144283496567283,13.751387262646265,13.787104606628418,315000.0
2014-11-12,13.45135787295237,14.079992163304482,13.422784268291988,13.908546447753906,408600.0
2014-11-13,14.001413810267064,14.51575095991912,13.87282918222169,14.015701293945312,1347000.0
2014-11-14,14.50146322161179,14.630047847399366,13.265624518261275,13.522793769836426,2315900.0
2014-11-17,13.629947029964088,13.66566437563489,13.215619552547556,13.229907035827637,910800.0
2014-11-18,13.215619416140571,13.422783833975258,12.858440513001637,13.05846118927002,773800.0
2014-11-19,12.929875961432339,13.14418274828127,12.837008687942967,12.872727394104004,459800.0
2014-11-20,12.772716259542994,13.21561867407908,12.658419125958709,12.94416332244873,696900.0
2014-11-21,13.115609657093568,13.172758226649405,12.929876465404755,13.101322174072266,400800.0
2014-11-24,13.308484643518609,13.572797617691823,13.14418268357464,13.279911041259766,713300.0
2014-11-25,13.32991582062202,13.637089878376896,12.972736937191572,13.065604209899902,745900.0
2014-11-26,13.094178159135195,13.344203656669581,12.858440144323767,12.879871368408203,805100.0
2014-11-28,12.894158080507179,12.99416910162954,12.74414359261775,12.822723388671875,227300.0
2014-12-01,12.651276058950154,12.865584217737647,12.215518724888078,12.329815864562988,807600.0
2014-12-02,12.379820922429387,12.479830580867194,12.07264684290823,12.215518951416016,686900.0
2014-12-03,12.201231468059357,12.429825751648291,12.165514122197113,12.215518951416016,290300.0
2014-12-04,12.215518384751448,12.401251572183849,12.144082333811394,12.244091987609863,401100.0
2014-12-05,12.322671881649686,12.358389226149972,12.151226175495475,12.201231002807617,241200.0
2014-12-08,12.379819669991637,12.379819669991637,11.715466748941465,11.844051361083984,1017500.0
2014-12-09,11.786902884043597,11.786902884043597,11.308283136675202,11.529733657836914,944400.0
2014-12-10,11.486873262263657,11.944061813986195,11.358288641459353,11.42972469329834,705300.0
2014-12-11,11.451156444567875,11.601170934056686,11.265423246251189,11.286853790283203,841400.0
2014-12-12,11.186842685378698,11.694037415861416,11.008253241023956,11.451155662536621,1200600.0
2014-12-15,11.49401759552084,11.5011613373255,11.072546366751803,11.129694938659668,651600.0
2014-12-16,11.065401846556599,11.129694155746511,10.272464956165221,10.40819263458252,900900.0
2014-12-17,10.708223180059932,10.715366921511128,9.915286273123392,10.172454833984375,961100.0
2014-12-18,10.272464499182501,10.95824796459258,10.17959791017998,10.915386199951172,1139700.0
2014-12-19,10.865382115542337,11.272565841674805,10.865382115542337,11.272565841674805,699800.0
2014-12-22,11.265422799098326,11.265422799098326,10.693936424565553,10.901100158691406,454900.0
2014-12-23,10.901099591279559,10.901099591279559,10.536776969835952,10.558207511901855,341500.0
2014-12-24,10.529633754870748,10.822520342376773,10.50105947026686,10.53677749633789,228100.0
2014-12-26,10.608213719880025,10.729654601724878,10.529633925001182,10.579639434814453,149600.0
2014-12-29,10.551064600578181,10.608213167734808,10.286751625897962,10.358187675476074,291000.0
2014-12-30,10.286751847989615,10.358187899110037,10.143880427013446,10.243890762329102,346000.0
2014-12-31,10.23674714451579,10.351044282676227,10.043870894186224,10.172454833984375,487100.0
2015-01-02,10.208172936193625,10.458198438734872,10.172454909935635,10.379618644714355,305600.0
2015-01-05,10.351044228584833,10.515346874780375,10.172454780826234,10.32961368560791,282600.0
2015-01-06,10.4081931627478,10.422480646077098,10.143880852538107,10.386762619018555,344300.0
2015-01-07,10.522489926194488,10.572495434785365,10.143880488014666,10.208172798156738,530600.0
2015-01-08,10.25103407609414,10.40819229198007,10.072444637007235,10.22245979309082,349900.0
2015-01-09,10.265320625149709,10.322469189754461,10.079587449551948,10.09387493133545,306500.0
2015-01-12,10.093875697611455,10.101019439045524,9.722409318216084,9.80813217163086,749500.0
2015-01-13,9.858136943788539,9.929572308997411,9.350942921367643,9.443809509277344,516200.0
2015-01-14,9.386661457959804,9.486671110974665,9.236646297172843,9.300938606262207,423900.0
2015-01-15,9.29379458946787,9.31522513144082,8.929471969604492,8.929471969604492,530300.0
2015-01-16,8.886610349147821,9.122349039748798,8.793744438664131,9.10091781616211,424800.0
2015-01-20,9.072342779730139,9.35808627245687,9.000907417496906,9.265219688415527,357200.0
2015-01-21,9.300937983111178,9.643829366928276,9.136635350750353,9.365229606628418,721900.0
2015-01-22,9.38666129640483,9.522388972273832,9.286650963846592,9.379517555236816,282600.0
2015-01-23,9.415234703846817,9.643828949838316,9.415234703846817,9.465239524841309,244400.0
2015-01-26,9.422378269186943,9.57239342149273,9.300938080429525,9.322368621826172,258000.0
2015-01-27,9.2080717086792,9.379517406403128,9.115205118762578,9.2080717086792,225200.0
2015-01-28,9.229502523153037,9.372373942142394,8.83660560998381,8.936615943908691,382800.0
2015-01-29,9.000908748998336,9.150923917523798,8.808031811780726,9.043769836425781,358000.0
2015-01-30,9.008050902047938,9.043768925482876,8.793744123967578,8.88661003112793,324500.0
2015-02-02,8.872322939292722,9.065199169487114,8.6508717462766,8.915184020996094,456400.0
2015-02-03,8.89375401859703,9.20807181601961,8.808031168735775,9.0151948928833,607800.0
2015-02-04,9.086631839847136,9.358087898537216,9.029483267624459,9.172354698181152,385600.0
2015-02-05,9.243789451402938,9.429522639272877,8.836605731373565,8.865180015563965,693200.0
2015-02-06,8.929471736192758,9.100917430024149,8.736594819683972,8.922327995300293,382100.0
2015-02-09,8.850892727877374,9.172353577676098,8.779456680693375,8.879467010498047,318100.0
2015-02-10,8.88661098825371,9.10091847068053,8.836606158817844,9.008051872253418,321400.0
2015-02-11,9.00090777581795,9.622398926437745,8.886609965418367,9.322368621826172,975600.0
2015-02-12,9.422378664496623,9.643829872434912,9.365230097531516,9.62239933013916,690000.0
2015-02-13,9.679547884538271,9.822419301765567,9.408091851174083,9.500958442687988,582200.0
2015-02-17,9.508102678574769,9.643830361686485,9.508102678574769,9.608112335205078,330800.0
2015-02-18,9.61525509884572,10.143879656960369,9.522388511944829,10.136735916137695,741600.0
2015-02-19,10.143879934900184,10.158167416937005,9.843849624773357,9.98672103881836,437500.0
2015-02-20,9.936715570470504,9.958146110872722,9.650972760892293,9.829562187194824,368900.0
2015-02-23,9.765270235679655,9.843849340821583,9.358086547080694,9.365229606628418,317200.0
2015-02-24,9.415234878841627,9.615254847801827,9.35808631628157,9.508101463317871,286200.0
2015-02-25,9.472383732593942,9.572393379516155,9.40094768656554,9.479527473449707,266400.0
2015-02-26,9.44380921769129,9.608111165736892,9.422377995652171,9.472383499145508,243700.0
2015-02-27,9.493815359133345,9.636686786257137,9.343800190337186,9.529533386230469,329300.0
2015-03-02,9.515245316177284,9.643829933292542,9.429522465188665,9.586681365966797,234800.0
2015-03-03,9.500958655748244,9.893855572882563,9.493814914410516,9.758127212524414,487300.0
2015-03-04,9.779558225478853,9.986721965380804,9.75812768169995,9.893856048583984,431000.0
2015-03-05,9.858136760951185,10.50820218299779,9.858136760951185,10.451053619384766,774100.0
2015-03-06,10.515346648829194,10.57963895764314,10.201028846019824,10.443910598754883,503300.0
2015-03-09,10.522489574368622,10.522489574368622,10.143880148847838,10.393905639648438,459500.0
2015-03-10,10.393905436394038,10.993966057569475,10.251034022129563,10.629643440246582,1336200.0
2015-03-11,10.072445092098887,10.96539232787841,9.68669191349272,10.729654312133789,1881600.0
2015-03-12,10.572495591549053,10.858238439456587,10.572495591549053,10.6225004196167,1343300.0
2015-03-13,10.558208121573278,10.715367028749045,10.00100922683244,10.129593849182129,669800.0
2015-03-16,10.036726791234843,10.143880184084658,9.515245265579583,10.11530590057373,1218100.0
2015-03-17,10.0438699131242,10.093874735868864,9.665259828368661,9.679547309875488,457500.0
2015-03-18,9.629542390061307,9.772414488738734,9.536676479691497,9.62239933013916,396200.0
2015-03-19,9.593824986562328,9.736696403080176,9.57953750427822,9.658117294311523,527600.0
2015-03-20,9.57953727284193,9.958146687783392,9.57953727284193,9.650973320007324,376700.0
2015-03-23,9.572393916886044,9.965290829569241,9.429522498073426,9.951004028320312,578900.0
2015-03-24,9.92957226217169,10.143879719316937,9.829562615097968,9.850993156433105,320200.0
2015-03-25,9.808132631835456,9.951004742161755,9.536677257250794,9.579538345336914,257300.0
2015-03-26,9.586681415940637,9.615255699752463,9.315225379095956,9.429522514343262,410700.0
2015-03-27,9.343799085908598,9.458096214097816,9.215214476063418,9.236645698547363,507500.0
2015-03-30,9.236646777975805,9.308082150809955,9.036626099004902,9.165210723876953,400000.0
2015-03-31,9.10806137770792,9.322368840495152,9.058056552854602,9.2080717086792,355200.0
2015-04-01,9.243789378753897,9.37237399723246,9.21521509478807,9.272363662719727,341500.0
2015-04-02,9.308081003632493,9.550962740116907,9.293794203332325,9.522388458251953,255700.0
2015-04-06,9.429522514343262,9.493814823236036,9.300938577822375,9.429522514343262,216600.0
2015-04-07,9.450952888779831,9.779557487403203,9.393804322172693,9.658117294311523,400700.0
2015-04-08,9.81527571421499,11.1939864448832,9.81527571421499,10.92967414855957,3206200.0
2015-04-09,11.036827833036348,11.172556196043923,10.358188061792532,10.779659271240234,938300.0
2015-04-10,10.822519679187463,10.9296737508343,10.515346308835003,10.629643440246582,632200.0
2015-04-13,10.536777649235523,10.608213702414185,10.12959391740536,10.215316772460938,686700.0
2015-04-14,10.258177342319648,10.4153362426327,9.929572740536718,10.358187675476074,448900.0
2015-04-15,10.458198685424334,10.858238681408904,10.458198685424334,10.75108528137207,1170600.0
2015-04-16,10.786801745116678,10.951103692195794,10.67250393870754,10.68679141998291,467100.0
2015-04-17,10.55106445205632,10.672504644606207,10.393905553955513,10.558207511901855,606400.0
2015-04-20,10.701079518506898,10.893956451541234,10.343900618456365,10.379618644714355,650700.0
2015-04-21,10.379618644714355,10.608213604006682,10.301039531958525,10.379618644714355,313000.0
2015-04-22,10.451054274160914,11.708323433682077,10.451054274160914,11.494016647338867,1433200.0
2015-04-23,11.429723897187309,11.494016203111329,11.158267872877355,11.351144790649414,703300.0
2015-04-24,11.429724962557195,12.608415076815028,11.429724962557195,12.286954879760742,2903800.0
2015-04-27,12.294097156833715,12.729855853425173,12.179800017158806,12.329815864562988,1034400.0
2015-04-28,12.244091695799632,12.322671486213855,11.344001426741672,11.901200294494629,1023800.0
2015-04-29,11.986923970954647,12.122650967364066,11.815478268230123,12.072646141052246,520600.0
2015-04-30,11.858339673982627,12.122651295215967,11.858339673982627,11.915488243103027,541700.0
2015-05-01,11.965492211832286,11.98692343466252,11.701179247043113,11.872626304626465,557100.0
2015-05-04,11.8583399108744,12.279811127505512,11.8583399108744,12.044073104858398,277900.0
2015-05-05,11.901200160532802,12.079789600351758,11.79404676914729,11.851195335388184,622500.0
2015-05-06,11.586882841909572,11.98692418459256,11.586882841909572,11.836908340454102,586200.0
2015-05-07,11.644031667836952,12.115507709784303,11.644031667836952,11.936918258666992,428700.0
2015-05-08,11.994067175605933,12.17265661160343,11.865482563683052,11.872626304626465,282300.0
2015-05-11,11.944061057140477,12.401250942422145,11.929774937701419,12.2083740234375,516400.0
2015-05-12,12.229805857748481,12.315528028785103,12.015497705098243,12.122651100158691,392200.0
2015-05-13,12.072646577426804,12.129795147067323,11.994068145751953,11.994068145751953,204800.0
2015-05-14,12.022641325623695,12.394107696461093,11.915487931640035,12.194087028503418,1050000.0
2015-05-15,11.986923926895482,12.129794664042786,11.794047001090833,11.858339309692383,861400.0
2015-05-18,11.758328607223248,11.88691322784172,10.67250511718679,11.186842918395996,1983300.0
2015-05-19,11.129693383306321,11.215416229188515,10.78680199977755,10.815376281738281,885300.0
2015-05-20,10.815376261864634,11.186841926671555,10.758227698048184,10.943960189819336,754200.0
2015-05-21,10.972535605385701,11.108263969421387,10.858238465943874,11.108263969421387,523800.0
2015-05-22,11.165412301757558,11.658318875437056,11.165412301757558,11.594026565551758,675100.0
2015-05-26,11.61545711834536,11.665461942581693,11.072545067653667,11.193985939025879,516900.0
2015-05-27,11.322571358164543,11.63688917044184,11.258279047413975,11.394006729125977,479900.0
2015-05-28,11.143981146123936,11.486872538305159,10.95110422707352,11.436867713928223,660100.0
2015-05-29,11.429724192580835,11.565452548875937,11.229704209964773,11.32257080078125,290300.0
2015-06-01,11.372576307489743,12.501261584629392,11.372576307489743,12.058359146118164,2295900.0
2015-06-02,12.036928372724887,12.758429864490788,12.036928372724887,12.572696685791016,1964000.0
2015-06-03,12.501260905783546,13.787104339652416,12.344102687764247,13.687094688415527,2711800.0
2015-06-04,13.508505909450191,13.787105015862604,13.058461094281725,13.222763061523438,1273900.0
2015-06-05,13.208474635218602,14.430027096346851,13.165613551722835,14.11570930480957,2566300.0
2015-06-08,13.82282296462854,14.465744677802803,13.758530657058182,14.12285327911377,1208400.0
2015-06-09,14.037130419728163,14.208576127274824,13.429926020586212,13.779962539672852,940700.0
2015-06-10,13.915689080899572,14.251438105983846,13.779962085149519,13.887115478515625,739800.0
2015-06-11,13.92997662927991,14.408596393607624,13.92997662927991,14.344304084777832,1351900.0
2015-06-12,14.158570584940259,14.78720617674534,14.158570584940259,14.50146198272705,1653900.0
2015-06-15,14.301443703373074,14.32287356568448,13.872828744262819,13.972838401794434,564300.0
2015-06-16,13.9085459338596,13.9085459338596,13.072747249850817,13.4370698928833,855400.0
2015-06-17,13.644234255697437,14.458601711878527,13.637090514192241,14.33001708984375,1273100.0
2015-06-18,14.008557076192051,14.230007615563812,13.715670483385383,13.75853157043457,937900.0
2015-06-19,13.608516179283203,13.608516179283203,13.215619915982,13.529937744140625,1116800.0
2015-06-22,13.672807145379759,13.72281197077618,13.215618613150419,13.351346969604492,439600.0
2015-06-23,13.444213861663506,13.987125964622287,13.444213861663506,13.958552360534668,653300.0
2015-06-24,13.879971577707677,14.180001893200885,13.515648954428116,13.594228744506836,486000.0
2015-06-25,13.572797651597286,13.572797651597286,13.00845435838522,13.372776985168457,568100.0
2015-06-26,13.001312624477945,13.015598745086894,12.43696930327822,12.665563583374023,896400.0
2015-06-29,12.208374713269723,12.379820418989382,11.872627043218227,12.108365058898926,589700.0
2015-06-30,12.294096814509096,12.68699441341472,12.158369816505273,12.244091987609863,739000.0
2015-07-01,12.186943480040556,12.35838918563268,11.801190983090617,11.986924171447754,680900.0
2015-07-02,11.979779963943908,12.222661711381464,11.922631397636794,11.972636222839355,514600.0
2015-07-06,11.708323937403721,11.715467678926412,10.108162624614057,10.129593849182129,2541300.0
2015-07-07,9.858136921337003,9.858136921337003,8.943759207387648,9.572393417358398,1977300.0
2015-07-08,9.000908610079929,9.629542878588046,8.929472557117116,9.608112335205078,1694200.0
2015-07-09,10.408192615936986,11.286853037850637,10.379618332044288,10.92967414855957,2983800.0
2015-07-10,11.301139611561497,11.422580485975834,10.815376795168806,11.043971061706543,1900000.0
2015-07-13,11.179699256256411,11.243991567021611,10.715366960475034,10.779659271240234,901700.0
2015-07-14,10.729653671489963,11.051114520923942,10.501058729519324,10.672504425048828,827000.0
2015-07-15,10.558208049249485,10.629644101457684,9.98672167537795,10.04387092590332,1026600.0
2015-07-16,10.243891057479463,10.386762482572092,10.079588407674422,10.215316772460938,724500.0
2015-07-17,10.486772958529535,10.543921529317322,10.27246547744298,10.386762619018555,500300.0
2015-07-20,10.358187188660157,10.508202340712026,10.193885236122913,10.372474670410156,582600.0
2015-07-21,10.351044951352964,10.758229383934454,10.293896378580952,10.565352439880371,364500.0
2015-07-22,10.551064477933174,10.608213044425508,10.272464705334556,10.4296236038208,532300.0
2015-07-23,10.479627996877253,10.82966312251923,10.479627996877253,10.658217430114746,516200.0
2015-07-24,10.829663207070894,10.829663207070894,10.286751162286667,10.343899726867676,580900.0
2015-07-27,9.643829799317906,9.979578138640854,9.35808696665879,9.90814208984375,576200.0
2015-07-28,10.008152375202155,10.101018965699154,9.77241436904233,10.065300941467285,331300.0
2015-07-29,10.12244911575697,10.179597679809113,9.89385485954839,10.136735916137695,355900.0
2015-07-30,10.072443915968602,10.179597299244282,9.7938441656814,9.829562187194824,539100.0
2015-07-31,9.85813798617342,10.186742608421358,9.850994244517777,10.022439956665039,421900.0
2015-08-03,9.993864687814895,10.001008428767527,9.743839885854488,9.779557228088379,339500.0
2015-08-04,9.815275868816851,10.14388047939112,9.815275868816851,10.086731910705566,322200.0
2015-08-05,10.043870446305318,10.272464712432608,9.858137264444567,9.90814208984375,284300.0
2015-08-06,9.858136932024687,10.158167236831954,9.858136932024687,10.09387493133545,240400.0
2015-08-07,10.129594377457535,10.379619212408748,9.858138316820572,9.86528205871582,349500.0
2015-08-10,10.072444968558008,10.50105922771632,9.922429807536432,10.40819263458252,372800.0
2015-08-11,10.236746549191663,10.372474903812329,9.793844823944847,9.858137130737305,390700.0
2015-08-12,9.643828949838316,9.758126072834065,9.293793840347686,9.465239524841309,910400.0
2015-08-13,9.629541468831551,9.750982332330683,9.443808984595755,9.465239524841309,399900.0
2015-08-14,9.529533038604216,9.843850166810638,9.486671271398274,9.715266227722168,333800.0
2015-08-17,9.608112124108164,9.858137622720085,9.329513022456528,9.350943565368652,591300.0
2015-08-18,9.243789467275233,9.643830127892413,9.165210355932874,9.600968360900879,537800.0
2015-08-19,9.915285526296094,10.051013197322325,9.400947762049784,9.565250396728516,1051700.0
2015-08-20,9.522389693824845,9.536677177243496,8.943760240663607,9.008051872253418,1555000.0
2015-08-21,8.929471940485703,9.000907988515447,8.608011086881147,8.686590194702148,899900.0
2015-08-24,7.672202909951087,8.022238082201072,6.272061539686434,6.907840251922607,2328700.0
2015-08-25,7.807930576965559,8.40084746646599,7.32216707953787,7.615053653717041,1797300.0
2015-08-26,7.765069308458475,7.979376787587502,7.66505896986101,7.857935905456543,503700.0
2015-08-27,8.043668845024353,8.708021123666185,8.043668845024353,8.493714332580566,919300.0
2015-08-28,8.622297711700925,9.058056369509826,8.536574864574083,8.793744087219238,879800.0
2015-08-31,8.708021265547782,8.879467654980232,8.572293583564473,8.665160179138184,635100.0
2015-09-01,8.329411330850972,8.879467130301144,8.329411330850972,8.80803108215332,572000.0
2015-09-02,8.865179893781681,9.000908252770067,8.658016165930949,8.936615943908691,445100.0
2015-09-03,9.072342711652789,9.072342711652789,8.793743642883925,8.900897026062012,242600.0
2015-09-04,8.808030975185096,8.879467022465374,8.472282642991212,8.479426383972168,311900.0
2015-09-08,8.786600749846986,9.072343586726294,8.522288455417462,8.572293281555176,499400.0
2015-09-09,8.75088152288782,8.879466122453282,8.429420705238732,8.436564445495605,460000.0
2015-09-10,8.386560433475182,8.450852744669021,8.143678671749429,8.265119552612305,336500.0
2015-09-11,8.329411638964855,8.386560207091243,8.00795077293775,8.379416465759277,365900.0
2015-09-14,8.322267541349412,8.322267541349412,7.965088665218284,8.072242736816406,340800.0
2015-09-15,7.96508856821987,8.21511405097272,7.786499132329158,8.115103721618652,410100.0
2015-09-16,8.193683794544457,8.665159812700058,8.179396312168999,8.608011245727539,543600.0
2015-09-17,8.550862678755022,8.758026404346563,8.457996087108516,8.608011245727539,483000.0
2015-09-18,8.422277776102247,8.700877541570204,8.400847234532291,8.636585235595703,348700.0
2015-09-21,8.665158683599033,8.75088152288782,8.407990165732677,8.436564445495605,368000.0
2015-09-22,8.272263300635613,8.543719347409136,8.21511473092168,8.386560440063477,274600.0
2015-09-23,8.372273981083179,8.372273981083179,7.950802751236614,7.972233295440674,223700.0
2015-09-24,7.83650559871644,8.243689344480055,7.83650559871644,8.229402542114258,328600.0
2015-09-25,8.357986815581244,8.357986815581244,8.100818231549345,8.172253608703613,117900.0
2015-09-28,8.150821549529784,8.307980440097817,7.965088377155254,8.10081672668457,209700.0
2015-09-29,8.136535834022776,8.429422431903186,7.93651515344591,8.02938175201416,350300.0
2015-09-30,8.172253023888386,8.47942709933778,8.107961393429747,8.350842475891113,234400.0
2015-10-01,8.400848520320167,8.522289409911382,8.200827830837731,8.207971572875977,397700.0
2015-10-02,8.322268226202699,9.215215490012632,8.115104488249383,9.200928688049316,605700.0
2015-10-05,9.258076839781076,9.465240568366433,9.086631136385883,9.300938606262207,306400.0
2015-10-06,9.258076316371602,9.493814315528605,9.022338317214597,9.322368621826172,224700.0
2015-10-07,9.479528393642582,9.672404646618672,9.08663146487649,9.608112335205078,328700.0
2015-10-08,9.658116984805254,9.686691267193126,9.293794373411425,9.565250396728516,168900.0
2015-10-09,9.629542021152753,9.672403785366875,9.400947762049784,9.565250396728516,149600.0
2015-10-12,9.643829187870816,9.65811666923023,9.358086373328636,9.472383499145508,204000.0
2015-10-13,9.393804322172693,9.758126945241688,9.35808697899172,9.658117294311523,262900.0
2015-10-14,9.67954793422038,9.67954793422038,9.22235871548177,9.343799591064453,291800.0
2015-10-15,9.450953275103622,9.865281421838722,9.343799878651323,9.80813217163086,234200.0
2015-10-16,10.35818743198103,11.42972406287562,10.35818743198103,11.122550010681152,3196800.0
2015-10-19,11.043970858949416,11.429724017282101,10.936817468793253,11.279708862304688,908500.0
2015-10-20,11.286852677702097,11.62260101367652,11.251134653659772,11.365431785583496,536300.0
2015-10-21,11.358287597394279,11.394005620030537,11.072544778833457,11.222559928894043,358900.0
2015-10-22,11.272565557717073,11.836908175668782,11.243991273818176,11.694037437438965,645100.0
2015-10-23,12.022640933791832,12.036928415865162,11.615457232406916,11.89405632019043,488200.0
2015-10-26,11.901200775370862,12.186943621337335,11.901200775370862,12.158370018005371,446900.0
2015-10-27,11.929776220617093,12.15837050657608,11.801191594132808,12.144083023071289,339900.0
2015-10-28,12.029785305057885,12.322671890258789,11.858339598783893,12.322671890258789,232500.0
2015-10-29,11.9726363047966,12.158369487198458,11.444011722204838,11.536877632141113,581900.0
2015-10-30,11.565452441450532,11.701179433955637,11.251134647565888,11.515447616577148,348900.0
2015-11-02,11.529734036501255,12.036928764563129,11.351145274263583,11.979780197143555,276600.0
2015-11-03,12.02264133629233,12.501261101538104,11.915487942213582,12.31552791595459,959300.0
2015-11-04,12.429825888626622,12.629846570235896,12.315528745572584,12.508405685424805,825000.0
2015-11-05,12.472686519422648,12.794148074059056,12.422681691485733,12.615558624267578,547600.0
2015-11-06,12.658419254500163,12.76557401053669,12.501261034858215,12.722711563110352,314600.0
2015-11-09,12.679850710364288,12.76557424425713,12.301240593009043,12.72985553741455,352500.0
2015-11-10,12.651275111854138,12.651275111854138,11.929774982617516,12.572696685791016,471800.0
2015-11-11,12.651275704030082,12.658419445375525,12.372676604204507,12.515548706054688,219600.0
2015-11-12,11.979779762729162,12.85843946589138,11.872626373019255,12.829864501953125,629100.0
2015-11-13,12.715567927877855,12.715567927877855,11.629745138748902,11.815478324890137,788900.0
2015-11-16,11.722611347895276,12.286954661930649,11.665462778596828,12.12979507446289,478600.0
2015-11-17,12.322671154125599,12.379819719469648,11.672605712388561,12.2083740234375,897700.0
2015-11-18,12.429825662232574,12.694138652311786,12.208375121915005,12.622702598571777,475700.0
2015-11-19,12.85843991163959,13.029885613624598,12.244091790962981,12.872727394104004,1160400.0
2015-11-20,12.858439664811279,12.965593056178847,12.701281448307466,12.744142532348633,704000.0
2015-11-23,12.787003418575019,12.85843946589138,12.372675979175245,12.829864501953125,492100.0
2015-11-24,12.594126694410601,12.801291098579956,12.451255960096942,12.744142532348633,496900.0
2015-11-25,12.558410088512874,13.35849142523716,12.558410088512874,13.222763061523438,1363700.0
2015-11-27,12.901301455918437,12.908445197405033,12.608414867614867,12.76557445526123,230100.0
2015-11-30,12.915588641976804,13.529936770407158,12.801291505877575,13.287055015563965,770800.0
2015-12-01,13.301342884901409,13.52279342221544,13.222763090600239,13.315629005432129,777200.0
2015-12-02,13.415639277265406,13.522792669190494,13.251335956282347,13.351346969604492,598400.0
2015-12-03,13.429925901173954,13.429925901173954,13.07274700632859,13.187044143676758,341900.0
2015-12-04,13.21561947852617,13.501362329880317,13.179902133055423,13.365633964538574,393200.0
2015-12-07,13.401353243092007,13.522794130403955,13.172758952276446,13.458501815795898,285900.0
2015-12-08,13.308485118072134,13.4585009635006,13.129895669365947,13.415639877319336,284800.0
2015-12-09,13.46564529902823,13.572798700473452,13.315629446981381,13.358491897583008,317300.0
2015-12-10,13.308485337383916,13.322772820522903,13.00845500411212,13.179902076721191,252100.0
2015-12-11,13.058460489908562,13.144182659054497,12.901300908925492,13.037029266357422,202700.0
2015-12-14,13.165614251075187,13.45135709377432,12.96559357992112,13.094178199768066,474000.0
2015-12-15,13.151326445857013,13.337059629689886,13.151326445857013,13.251336097717285,310000.0
2015-12-16,13.308485858261022,13.501362800598146,13.251337285997739,13.501362800598145,529800.0
2015-12-17,13.572798985082647,14.272869342569315,13.572798985082647,14.15857219696045,1933600.0
2015-12-18,14.14428397414881,14.35859213286584,13.672807932512475,13.801392555236816,902500.0
2015-12-21,13.65137806062268,14.144283964006714,13.579942007768226,14.07284927368164,289900.0
2015-12-22,14.101423145770875,14.608617904417109,14.008557229062655,14.415740966796875,683800.0
2015-12-23,14.458601010735446,14.687195277698962,14.451457269576673,14.580041885375977,556900.0
2015-12-24,14.472889062018739,14.558611234235357,14.237151044628995,14.280012130737305,577700.0
2015-12-28,14.158571606276535,14.43002833766973,14.001413378253218,14.215720176696777,356800.0
2015-12-29,14.272868513378647,14.358592048869864,13.979981924455165,14.208576202392578,283000.0
2015-12-30,14.20857508050712,14.287154868292092,13.908544773771816,13.915688514709473,289800.0
2015-12-31,13.787105308729224,14.037130816924707,13.572798508864182,13.929977416992188,317600.0
2016-01-04,13.387064325913633,13.487073976804917,12.679850303476755,13.472787857055664,991600.0
2016-01-05,13.47278801359749,13.86568424311776,13.35849087909962,13.765674591064453,422300.0
2016-01-06,13.715670944301202,13.808536863116771,13.458501688305105,13.529937744140625,1272800.0
2016-01-07,13.087033748464014,13.151326054899881,12.144081737443662,12.17979907989502,1292700.0
2016-01-08,12.665563311482725,12.944163776581988,12.43696903629415,12.444112777709961,493800.0
2016-01-11,12.42982463517675,12.44411211725008,11.59402600929692,11.89405632019043,1014600.0
2016-01-12,12.151226531998125,12.151226531998125,11.958349595967347,12.13693904876709,530700.0
2016-01-13,12.179799638191081,12.358389083692588,11.601170216274411,11.758328437805176,440100.0
2016-01-14,11.815478695309162,12.086934060469279,11.601170537260186,11.994068145751953,546900.0
2016-01-15,11.615457811566113,11.858339568805933,11.158268581393237,11.344001770019531,725700.0
2016-01-19,11.679750668798626,11.772616586198103,11.308284274141888,11.444012641906738,552700.0
2016-01-20,11.1511244668501,11.40829369826998,10.793945584335512,11.165411949157715,758000.0
2016-01-21,11.265422951629526,11.429724920352541,11.072546016591524,11.315427780151367,419600.0
2016-01-22,11.544022224745317,11.886913650225814,11.386863314101072,11.579739570617676,341100.0
2016-01-25,11.572597066386635,11.786903864363302,11.522590875164646,11.651175498962402,193800.0
2016-01-26,11.501160897201183,11.586883070517864,11.051115399700473,11.108263969421387,481500.0
2016-01-27,11.165413070648096,11.379720557935519,11.051115925765398,11.086833953857422,298100.0
2016-01-28,11.286853710369966,11.401150852751076,10.501059834602772,10.715367317199707,430300.0
2016-01-29,10.965391804993413,11.286852658292236,10.772514884255331,10.872525215148926,530300.0
2016-02-01,10.76537085081499,11.243990587871513,10.643929981337088,11.151124000549316,425000.0
2016-02-02,11.07254490330164,11.07254490330164,10.122449169325959,10.501058578491211,1173300.0
2016-02-03,10.565350786582393,10.608212550086625,10.079587312769302,10.29389476776123,448300.0
2016-02-04,10.358187397715836,10.843950886785816,10.286751350053319,10.50820255279541,339300.0
2016-02-05,10.429623222598808,10.429623222598808,9.67954746322276,9.850993156433105,611000.0
2016-02-08,9.643830342365407,9.643830342365407,9.22235912951153,9.243789672851562,494500.0
2016-02-09,9.136635606667918,9.493814482114303,8.86517957957691,9.09377384185791,417000.0
2016-02-10,9.29379386480068,9.429521528399098,9.029481596861428,9.058055877685547,281000.0
2016-02-11,9.043768647464525,9.208071277708488,8.722307808961515,8.786600112915039,437300.0
2016-02-12,8.943759283578478,9.136635520237347,8.636585235595703,8.636585235595703,920600.0
2016-02-16,8.92947156238244,9.700977850871114,8.92947156238244,9.679547309875488,760700.0
2016-02-17,9.822419335989778,10.358187663407403,9.815275594787359,10.236746788024902,725400.0
2016-02-18,10.315325483490597,10.636787012052242,10.293894942008029,10.336756706237793,501200.0
2016-02-19,10.251034209103286,10.658217917500028,10.12244959328762,10.643930435180664,270600.0
2016-02-22,10.715367574924427,11.236848469897016,10.651075260472524,11.058259010314941,577100.0
2016-02-23,10.965392061576956,11.308283464781915,10.822519962310231,10.851094245910645,422900.0
2016-02-24,10.801089729743333,11.101120056786037,10.393906006441668,11.065402030944824,316200.0
2016-02-25,10.672505779678938,10.786803605804065,10.15102488593715,10.722511291503906,645800.0
2016-02-26,10.893955582555359,11.043970735860805,10.572494734405012,10.829663276672363,292400.0
2016-02-29,10.436767207167753,10.49391577663604,10.072445247123593,10.258177757263184,787700.0
2016-03-01,10.43676598354506,10.815376063464486,10.329612598671021,10.529632568359375,1261800.0
2016-03-02,10.643930449184381,10.908243422323142,10.336757072825097,10.393905639648438,1052300.0
2016-03-03,10.508202165013596,11.558308211818785,10.50105842425804,11.379718780517578,1872800.0
2016-03-04,11.401150503144338,11.50116084029343,10.929674464647322,11.265422821044922,814900.0
2016-03-07,11.279708818546178,11.686893198342176,11.265422017837611,11.436867713928223,535100.0
2016-03-08,11.436867713928223,11.772615365122844,11.379719148564686,11.436867713928223,560900.0
2016-03-09,11.53687800205525,12.00121029168342,11.53687800205525,11.986924171447754,859300.0
2016-03-10,11.86548338488244,12.858440281740807,11.86548338488244,12.658419609069824,2202000.0
2016-03-11,12.858439812020663,12.98702442814556,12.38696379458225,12.91558837890625,1716900.0
2016-03-14,12.858440859031836,12.922733172329348,12.57984174309556,12.629846572875977,584400.0
2016-03-15,12.494118072203415,12.572697868185825,12.179800250803183,12.45840072631836,379200.0
2016-03-16,12.372677091746446,12.694138652311786,12.279811175655013,12.622702598571777,315600.0
2016-03-17,12.544121540007469,13.037028762395265,12.544121540007469,12.929875373840332,612300.0
2016-03-18,12.965594748413723,13.508506879735382,12.91558991675098,13.465645790100098,708500.0
2016-03-21,13.487075084567914,13.537081276650127,13.258480799452606,13.494218826293945,366500.0
2016-03-22,13.365633694887565,13.644234161550324,13.279911522475457,13.537080764770508,584700.0
2016-03-23,13.444214331410429,13.572798960621023,12.715569007570021,12.972738265991211,587800.0
2016-03-24,12.965594031267928,12.965594031267928,12.751287232415658,12.865584373474121,515500.0
2016-03-28,12.92987682293853,13.215619678619005,12.879871993510623,13.15847110748291,559000.0
2016-03-29,13.079890594839007,13.215618954801945,12.722711704168685,13.165614128112793,444000.0
2016-03-30,13.215619313183938,13.372777538830146,13.05131734602708,13.101322174072266,527900.0
2016-03-31,13.015598964168367,13.287055698248393,12.794148421914226,12.822723388671875,450600.0
2016-04-01,12.72985531571454,12.979880809140816,12.665563007046945,12.844152450561523,335000.0
2016-04-04,12.858440890108659,13.208476061946975,12.787004834879948,12.965594291687012,310200.0
2016-04-05,12.865583186468838,13.065603846131529,12.77985965731932,12.858439445495605,590400.0
2016-04-06,12.929876993202834,14.715771567884733,12.879872163116449,14.515750885009766,3518200.0
2016-04-07,14.515750648541497,14.515750648541497,14.08713568509429,14.387166023254395,1183000.0
2016-04-08,14.487176838077875,15.201534646143323,14.465745613325332,14.987226486206055,1323300.0
2016-04-11,14.91579064514536,15.558713771576572,14.91579064514536,15.144386291503906,1137500.0
2016-04-12,15.201534646143323,15.408697701967021,14.880073087502115,14.987226486206055,737700.0
2016-04-13,15.315832420102243,15.851600798317984,15.315832420102243,15.630148887634277,1010600.0
2016-04-14,15.680153767966557,15.773019679569101,15.251538828773999,15.694439888000488,1507900.0
2016-04-15,15.723015770676627,15.78730808343389,15.001514209479103,15.237252235412598,2910900.0
2016-04-18,15.230107440637855,15.530137758583205,14.972938207390607,15.280112266540527,1049400.0
2016-04-19,15.437272092062392,15.708727449481465,15.237251422759842,15.680153846740723,697100.0
2016-04-20,15.565856244684873,16.630249143599876,15.551568762477594,16.558813095092773,2088200.0
2016-04-21,16.58738897756495,17.430331468279793,16.558815371751123,17.19459342956543,1625300.0
2016-04-22,17.02314724623438,17.187449222171885,16.70168567372235,16.937423706054688,744800.0
2016-04-25,16.937420753407388,17.537481342470205,16.844554850053736,17.28031349182129,942700.0
2016-04-26,17.294599863812177,17.50176425802322,17.051719490901196,17.258882522583008,1423900.0
2016-04-27,17.14458577464557,17.46604730293188,16.26592608070201,16.665966033935547,1556100.0
2016-04-28,16.744545206053004,17.53033896435233,16.651677940170142,17.28031349182129,872000.0
2016-04-29,17.230309210401032,17.708928948537984,17.18744676517378,17.48033332824707,793300.0
2016-05-02,17.473192810210648,17.50176777896598,17.144588844701367,17.416044235229492,773500.0
2016-05-03,17.15173168646339,17.166019170090994,16.108768544648566,16.215923309326172,1702900.0
2016-05-04,16.251640708715108,16.894562486224327,16.215923362059378,16.6445369720459,1700800.0
2016-05-05,16.787409421154056,17.101727255654126,16.644537306600533,16.851701736450195,989700.0
2016-05-06,16.687398418965234,16.808839297828673,15.90874831846366,16.308788299560547,979900.0
2016-05-09,16.251639036515417,16.57310057345821,15.165814914541201,15.3944091796875,2103400.0
2016-05-10,15.680153377284519,16.715971311784962,15.43012788877431,16.558813095092773,1367700.0
2016-05-11,16.53024016346,17.066008549354645,16.215923691423026,16.48737907409668,1691800.0
2016-05-12,17.57320269251509,17.644638747216135,16.058763510464768,16.301645278930664,2290000.0
2016-05-13,16.38022533672284,16.6873994230681,16.023046420047784,16.6445369720459,1055600.0
2016-05-16,16.251640137646593,17.10887005255619,16.173060342729887,16.8231258392334,1238300.0
2016-05-17,16.76597780710797,16.76597780710797,16.415942633336975,16.458805084228516,1206400.0
2016-05-18,16.36593805777833,16.687399631818977,15.808738450284359,16.680255889892578,1438100.0
2016-05-19,16.344505530548613,16.780264215654924,16.223064652528624,16.501665115356445,638800.0
2016-05-20,16.615964305017535,16.787410031194273,16.351651292247446,16.43023109436035,778000.0
2016-05-23,16.487378097728506,16.59453149605601,16.430229527785208,16.515953063964844,528300.0
2016-05-24,16.551670082862977,16.78740809954693,16.480234031210095,16.673110961914062,891100.0
2016-05-25,16.673109987070458,17.35889277277129,16.673109987070458,17.32317543029785,1594300.0
2016-05-26,17.33032241993976,17.46605079933438,16.83741509873895,16.894563674926758,771900.0
2016-05-27,17.051720200502412,18.430429522249693,17.008857754208627,18.294702529907227,2871200.0
2016-05-31,18.609018133088835,19.023345557792975,18.39471136127019,18.99477195739746,1758100.0
2016-06-01,18.873331703779474,19.716274062062293,18.41614318234985,19.180505752563477,1865900.0
2016-06-02,19.144786192201963,19.2519409393366,18.77332121640509,19.137643814086914,813800.0
2016-06-03,19.180506972742982,19.751992660885417,19.17336323132503,19.67341423034668,1055100.0
2016-06-06,19.787710348428437,20.787810932412956,19.766279125278814,20.70208740234375,1843500.0
2016-06-07,20.694944294874404,21.066410665664673,20.230612012651232,20.26633071899414,1297700.0
2016-06-08,20.394914039010708,20.687800619306056,19.994874064404996,20.452062606811523,1002900.0
2016-06-09,20.46634985368525,20.46634985368525,19.651982431270273,19.85200309753418,771400.0
2016-06-10,19.751990346550645,20.073451860046063,19.287658109024413,19.344806671142578,1439100.0
2016-06-13,19.216223469773645,19.409100391963406,18.737603716115323,19.08763885498047,1795800.0
2016-06-14,19.101925756135255,20.102026317118344,19.09478201524968,20.066308975219727,1130300.0
2016-06-15,20.073454486311505,20.64494018226219,19.744849189242824,19.894865036010742,1183800.0
2016-06-16,19.59483393865714,19.64483876478098,19.037634385000068,19.294803619384766,1452200.0
2016-06-17,19.35909556677257,19.694843223431963,19.00191668680455,19.08763885498047,1007200.0
2016-06-20,19.43053134569814,20.13774535471961,19.330520334174697,20.03059196472168,1460900.0
2016-06-21,20.073452817643926,20.50921011363414,19.73770380696986,19.873432159423828,1281900.0
2016-06-22,19.680556574752707,19.980586901134135,19.073353543113765,19.187650680541992,1738600.0
2016-06-23,19.401957636145482,19.852003810776182,19.287660497753738,19.723419189453125,788200.0
2016-06-24,18.75189039442274,19.68055489751579,18.60901830354878,19.28765869140625,1484200.0
2016-06-27,19.044778427276,19.10192699553935,18.580446139820094,18.894763946533203,1125500.0
2016-06-28,19.21622420455383,19.794853630719153,18.716174570995534,19.201936721801758,1550600.0
2016-06-29,19.57340215093249,19.737704107041914,19.294803063396568,19.594833374023438,664900.0
2016-06-30,19.64483922883766,20.33776579476246,19.64483922883766,20.294904708862305,1293800.0
2016-07-01,20.40205581777567,20.702086110501597,20.073451925162562,20.38776969909668,656100.0
2016-07-05,20.18774901755985,21.20213701872627,20.13060045534748,20.64493751525879,1702800.0
2016-07-06,20.609221921615973,20.787811363982613,20.102027196779474,20.352052688598633,795900.0
2016-07-07,20.55207348207466,22.60227953014771,20.50206865590644,22.552274703979492,2117600.0
2016-07-08,22.7022907156079,22.859448936536026,21.873635800660818,22.102230072021484,1240400.0
2016-07-11,22.395117214802358,22.859449510478072,22.073655661049514,22.788013458251953,1108000.0
2016-07-12,22.859449617470002,24.35245752961336,22.809444789436487,23.259490966796875,1704600.0
2016-07-13,23.173766433469176,23.316638540839076,22.61656821229124,22.80230140686035,828200.0
2016-07-14,22.873737558075597,23.52380306057457,22.53798851308357,23.273778915405273,942700.0
2016-07-15,23.180909735003855,23.75239539498424,22.595135230362345,22.852304458618164,733000.0
2016-07-18,22.859449177687967,23.48808479309082,22.437977974472,23.48808479309082,671400.0
2016-07-19,23.416648414807298,24.438180313109786,23.29520889370922,23.888124465942383,958600.0
2016-07-20,23.952415514441036,24.388174196669944,23.54523179745372,23.573806762695312,761900.0
2016-07-21,23.816688473392173,24.27387701618331,23.53808937544499,23.630956649780273,591000.0
2016-07-22,23.63809816619875,24.123861656457695,23.502371174089966,23.78811264038086,611500.0
2016-07-25,23.97384708941521,24.08099911696229,22.480837919238066,23.059467315673828,1546300.0
2016-07-26,23.059468028331498,23.666673770098335,22.916598653853317,23.473796844482422,596100.0
2016-07-27,23.402359274457474,23.402359274457474,22.780868779478453,23.180910110473633,736000.0
2016-07-28,23.145194382933457,23.280921387271942,22.95231744515215,23.15947914123535,415500.0
2016-07-29,23.08804532765055,23.38807703951953,22.323682651662345,23.24520492553711,947700.0
2016-08-01,23.280920686536742,24.395319829600034,22.995176478040904,24.316740036010742,1387000.0
2016-08-02,24.316739735620587,24.90251290324801,23.538089638399935,23.730966567993164,798000.0
2016-08-03,23.845263482373078,23.93098565303918,23.145193184306137,23.573806762695312,637100.0
2016-08-04,23.68810511084633,24.288165786334595,23.68810511084633,24.188156127929688,586700.0
2016-08-05,24.46675439796504,25.638300741887402,24.345314881244203,25.616870880126953,1504100.0
2016-08-08,26.224073232478098,26.64554442818789,25.659729936940494,26.552677154541016,1957400.0
2016-08-09,27.445624848367476,30.131611651548905,27.145595886075863,29.867300033569336,3384300.0
2016-08-10,29.28866745264476,30.774532865587513,28.22427321692533,30.67452049255371,2473100.0
2016-08-11,30.560223288814914,31.11742417985027,30.03874246487737,30.488788604736328,1141800.0
2016-08-12,30.48879161899272,30.645951209573326,29.92444829377944,30.510221481323242,1160100.0
2016-08-15,30.810255379033702,32.81759922903741,30.73167557813296,32.66044235229492,1343200.0
2016-08-16,32.56042863539322,32.56042863539322,30.810251544702588,30.853111267089844,1652700.0
2016-08-17,30.717383595876324,31.281726878744855,30.14589793445313,31.224576950073242,1504200.0
2016-08-18,31.53175042488983,32.82473892422145,30.867397504106798,32.32468795776367,1858100.0
2016-08-19,32.11038344620205,32.50327968863535,31.467460340359402,31.667482376098633,1233500.0
2016-08-22,32.317548536817135,32.360408261397275,31.667483038450122,32.1603889465332,1578000.0
2016-08-23,32.146101178949316,33.46766202628261,32.110383833762235,33.167633056640625,1194200.0
2016-08-24,33.57481376597903,33.98914256303409,32.30325786132876,32.467559814453125,1939700.0
2016-08-25,32.13895761883063,32.8604577753061,31.931793209276577,32.796165466308594,824300.0
2016-08-26,33.27478364281038,34.72492893093784,32.98903946704392,34.56062698364258,1813900.0
2016-08-29,35.296417186473555,37.353768320082374,34.06772095423989,34.81065368652344,3541300.0
2016-08-30,35.146401208900606,35.64645216986195,33.610530984174744,33.960567474365234,1960500.0
2016-08-31,33.56767587554525,34.274888606370205,32.2318247616601,34.124874114990234,3389600.0
2016-09-01,33.896276962393145,35.17497803341697,32.97475477880221,35.017818450927734,1856800.0
2016-09-02,35.1749754548248,36.210791972400074,34.67492450406455,35.3892822265625,2334800.0
2016-09-06,36.16793404924147,37.01801880020947,35.81075517025445,36.58226013183594,1676400.0
2016-09-07,36.78942266651212,36.810852526143805,34.51062251537444,35.146400451660156,2083200.0
2016-09-08,34.796366318923745,35.89647793861887,34.64635184125404,35.16069030761719,1576900.0
2016-09-09,34.99638981277096,35.11782933071411,33.41765700409869,34.28203201293945,2819100.0
2016-09-12,33.03190230103534,34.42489768043751,32.51756386860472,34.41061019897461,2863000.0
2016-09-13,34.06772337965272,34.689216643724556,32.5032807383238,33.09619903564453,2181000.0
2016-09-14,32.774733941790856,34.28917159069692,32.774733941790856,34.19630432128906,1755100.0
2016-09-15,34.80351199501203,35.09639857649464,34.07486673070094,34.98210144042969,1433400.0
2016-09-16,35.08925333571552,35.28213026302097,34.52491276144255,35.25355529785156,1078200.0
2016-09-19,35.696459472776574,35.75360667868103,34.15344676253464,34.839229583740234,1550200.0
2016-09-20,34.86780449271559,34.98924400822743,33.860560124121356,34.1105842590332,956700.0
2016-09-21,34.37489812130588,35.467867457575615,34.32489329105825,35.367855072021484,1467700.0
2016-09-22,35.739320353171294,36.00363470484625,34.939240369191694,35.3464241027832,1020600.0
2016-09-23,35.68931145713328,35.939338297110346,34.83208163803478,35.11068344116211,875600.0
2016-09-26,34.84637129616169,35.160690460330414,34.03200387092209,34.91066360473633,972500.0
2016-09-27,34.73922031720003,37.07517063273639,34.73922031720003,36.882293701171875,2571200.0
2016-09-28,36.87514417845388,37.35376526055176,35.84647005843428,36.817996978759766,1415300.0
2016-09-29,36.86086425761938,36.93944405774201,35.882194758498855,36.71084976196289,900300.0
2016-09-30,37.032306538600864,37.29661814786361,35.367851642976966,35.81789779663086,1777300.0
2016-10-03,36.17507413459038,36.52511061283397,35.253552031206816,36.43224334716797,1081900.0
2016-10-04,36.510824016791396,39.71114632022663,36.29651724280026,38.818199157714844,2896800.0
2016-10-05,39.02536383838669,39.125373485308906,37.632365709685224,37.91810989379883,1854200.0
2016-10-06,37.86096077457705,38.61818097108967,36.83228659493038,37.596649169921875,1651500.0
2016-10-07,37.66094562623694,37.98240446931956,36.43224928803345,37.075172424316406,1118600.0
2016-10-10,38.06098181861261,39.9540310342024,37.17517969343709,39.896881103515625,1908700.0
2016-10-11,39.275388164398585,39.639712137332346,37.146602429121344,37.53235626220703,2792500.0
2016-10-12,37.953830732538826,39.12537709024327,37.532359520919904,38.196712493896484,1746900.0
2016-10-13,37.14660187004709,38.43244523592164,36.232224849880026,37.71094512939453,2217700.0
2016-10-14,38.31814848148768,39.10394362527086,37.73952045999245,37.91810989379883,1482200.0
2016-10-17,37.83953145300702,38.30386236238648,37.50378243348847,37.796669006347656,1098200.0
2016-10-18,38.29672187118787,38.42530649244443,37.65379876490509,37.85382080078125,1450500.0
2016-10-19,37.73952009253937,38.13955867633322,37.21803655285071,37.71094512939453,1046200.0
2016-10-20,37.32519598326654,37.589507612858846,36.43939109009232,37.253761291503906,1351900.0
2016-10-21,36.903721332953275,37.146603077462096,36.18222120297449,36.617977142333984,1286300.0
2016-10-24,36.95372688093113,38.282432760721,36.81085478282473,37.03230667114258,1632000.0
2016-10-25,37.03944953645382,37.51807066264034,36.67512827030116,36.74656295776367,1198400.0
2016-10-26,36.432244243550436,36.717988425680105,35.55358456233065,36.21793746948242,1872800.0
2016-10-27,36.83942781467579,37.11802689258432,35.31784509103096,35.48929214477539,1522400.0
2016-10-28,35.35356720807603,35.91076539621203,34.31060279366486,34.917808532714844,1511600.0
2016-10-31,35.15354487466063,35.16068997832578,32.803307179611416,32.86759948730469,3102600.0
2016-11-01,33.03905012632831,33.93199742703989,32.83188569854909,33.010475158691406,2093000.0
2016-11-02,33.217638969912386,33.52481305366037,31.753205968938772,31.974655151367188,1803900.0
2016-11-03,31.681767538903102,32.610434864781105,31.438885776375724,32.06037902832031,1240700.0
2016-11-04,31.64604641297935,33.07476185126337,31.624616553423788,32.43898391723633,1151000.0
2016-11-07,33.42479976261762,34.79636533401928,33.41051228061653,34.6463508605957,1780500.0
2016-11-08,35.296418553834634,35.36071086440864,33.13191530627448,33.33907699584961,1427000.0
2016-11-09,32.21753392919217,34.88923315420169,32.21753392919217,34.22488021850586,2647200.0
2016-11-10,34.22488230389221,34.36060930572328,31.531753053975276,32.06037902832031,4285200.0
2016-11-11,31.810348361375,32.567568524686564,30.574509834266333,32.43898391723633,3053600.0
2016-11-14,32.503276489094986,32.567568793350475,29.474398535920628,29.938732147216797,3295100.0
2016-11-15,30.953123005550477,32.438985727242525,30.460214407802145,32.010372161865234,2194800.0
2016-11-16,31.796064200839176,32.71758640879229,31.481747752609795,31.80320930480957,1921000.0
2016-11-17,31.988942634920452,32.53185610970896,31.60319147921781,31.974655151367188,1527700.0
2016-11-18,31.85321536389788,32.0032298523715,30.753103664973715,31.631763458251953,1854500.0
2016-11-21,32.72473169317268,33.58195887035297,31.84607192902176,32.58185958862305,3365700.0
2016-11-22,32.524705543544904,35.66073544279417,31.288867036839527,34.974952697753906,6672400.0
2016-11-23,34.560629396095464,36.16793436559583,33.624819743943036,35.68217086791992,4571100.0
2016-11-25,36.23222835894675,36.33938039352979,34.32489162271081,35.039249420166016,1785600.0
2016-11-28,35.0606807528133,37.153746517422356,34.64635193708394,36.99658966064453,3004400.0
2016-11-29,37.246618148608825,37.49664503306146,36.51083042948544,36.953731536865234,3249500.0
2016-11-30,36.96801825106952,37.31805479198963,36.34652769276369,36.65370178222656,6357700.0
2016-12-01,36.296519592193235,36.30366197092991,32.681868263356115,32.93189239501953,4425600.0
2016-12-02,33.08190977818956,34.32489078955842,32.59614626970604,33.146202087402344,2938200.0
2016-12-05,33.56767360974198,34.48919308391601,33.06047750993363,33.974857330322266,1530600.0
2016-12-06,34.13915921850885,34.18201894159558,32.43898692622903,33.00333023071289,2043500.0
2016-12-07,32.62472094601897,34.07486920097965,32.62472094601897,33.774837493896484,2038300.0
2016-12-08,33.54624485211818,34.87495092359198,33.54624485211818,34.832088470458984,1517100.0
2016-12-09,34.73921846428223,35.18926188886965,34.21773762900417,34.610633850097656,1138300.0
2016-12-12,33.739116097944844,33.96771035921148,32.33183046291202,33.29621505737305,2101900.0
2016-12-13,33.56767346480308,34.31060348902148,32.96761281731908,33.13905715942383,1665400.0
2016-12-14,33.00333440744176,33.31050851204486,32.203254349550896,32.48185348510742,1500500.0
2016-12-15,32.1603877613963,32.24610993245643,30.931691500946837,31.167430877685547,2254000.0
2016-12-16,31.181718474010406,31.2888705069614,30.374493412164526,30.97455406188965,1613400.0
2016-12-19,30.73881374683221,30.753101229135012,29.867299126830044,30.081605911254883,1929900.0
2016-12-20,30.08160841875199,30.660236512425598,30.038745968270714,30.388782501220703,1248900.0
2016-12-21,30.388779596991704,30.545936450286028,29.92444596552644,30.49593162536621,839500.0
2016-12-22,30.310200600243185,30.310200600243185,28.960064841993063,29.067216873168945,1337600.0
2016-12-23,28.931491990522908,29.50297770705233,28.660035253274362,29.467260360717773,1076000.0
2016-12-27,29.467258275566465,30.631662214078002,29.2386640051304,30.338775634765625,1586000.0
2016-12-28,30.467360845150463,30.49593308571675,29.46725884874532,29.617273330688477,636700.0
2016-12-29,29.624416964162695,29.931591016737478,29.217233261923298,29.3886775970459,561100.0
2016-12-30,29.567267249857995,29.638704660891865,28.795762286102363,29.0029239654541,900200.0
2017-01-03,29.524409374419182,30.217334591894566,29.31724495705513,29.68156623840332,1104300.0
2017-01-04,29.767288794218906,30.90311782720909,29.717283965255593,30.860258102416992,1505800.0
2017-01-05,31.074562945944617,32.689010304570196,31.074562945944617,32.10323715209961,2526200.0
2017-01-06,32.14609774797322,32.538993953214536,31.553179525926986,31.96750831604004,1234600.0
2017-01-09,32.0603784476212,32.567571825605086,31.538897586799333,32.23896789550781,973100.0
2017-01-10,32.38184086937644,33.310505478341135,32.38184086937644,32.64615249633789,1037400.0
2017-01-11,32.76044816948831,33.053334749773505,31.703198983945228,32.41755676269531,1072700.0
2017-01-12,32.73187005319674,33.031901708417955,32.07466226804482,32.96760940551758,950700.0
2017-01-13,33.074761716312764,34.22487807544808,32.817592502461586,34.067718505859375,1837600.0
2017-01-17,34.06772096198364,34.06772096198364,32.431843744928365,33.324790954589844,1864400.0
2017-01-18,33.3176477296196,33.73197656629414,33.017618758283234,33.40336990356445,846200.0
2017-01-19,33.43908491651147,34.11058017346014,33.396222473492394,33.631961822509766,835300.0
2017-01-20,33.7748363763736,33.92485358748093,33.33907767637267,33.51052474975586,815800.0
2017-01-23,33.46051668628219,34.03914743732027,33.26049739088763,33.95342254638672,582500.0
2017-01-24,34.074866098699594,35.31070471106111,33.87484407050181,34.432044982910156,1973600.0
2017-01-25,34.610640462068055,35.06068669769029,34.51063079305403,34.71779251098633,716000.0
2017-01-26,34.78922320091927,34.810653061542766,33.274785523883835,33.881988525390625,938900.0
2017-01-27,33.90341844379855,34.532054032058845,33.58910201219769,34.36775207519531,541800.0
2017-01-30,34.332037596319694,34.332037596319694,32.8961768610327,33.853416442871094,664800.0
2017-01-31,33.696253218661504,34.64635031894096,33.38908189814534,34.44633102416992,468300.0
2017-02-01,34.6106374030182,34.64635474950076,33.75340746214249,34.26774597167969,498100.0
2017-02-02,34.046292022390396,35.303560528594346,33.68197075001441,35.08211135864258,1559900.0
2017-02-03,35.10354290944164,35.28213236480108,34.58920440598764,34.682071685791016,709500.0
2017-02-06,34.882091986498175,36.6679864508884,34.73207478044478,36.32509231567383,1552600.0
2017-02-07,36.48224819845536,38.35386464419415,36.43224337653146,38.032405853271484,2337900.0
2017-02-08,38.453878276107744,38.80391204107181,37.2251820969165,37.803810119628906,1697000.0
2017-02-09,37.86096030436046,38.93249691674802,37.53949877563249,38.503883361816406,1657600.0
2017-02-10,38.58246138712639,38.77533830917621,37.78238145959493,37.932395935058594,904600.0
2017-02-13,38.160992050653235,39.66114505321432,37.753808326043774,38.853919982910156,1477200.0
2017-02-14,38.72533563759257,39.47541078168223,38.43959415297014,39.19681167602539,1170000.0
2017-02-15,39.596854470790205,39.6397169213255,38.4395955569257,38.69676208496094,1045500.0
2017-02-16,39.08251422009572,40.21834322052257,38.66104301301761,39.47541046142578,1734900.0
2017-02-17,39.289679385427526,39.62542842673999,37.92525608304503,39.511131286621094,1447400.0
2017-02-21,40.111190495422555,41.91136970559186,40.111190495422555,41.49704360961914,2188900.0
2017-02-22,41.49704531234649,41.99709632460461,40.40407873452684,41.582767486572266,1798800.0
2017-02-23,39.7897312066265,39.7897312066265,34.64635434628931,34.92495346069336,9307600.0
2017-02-24,35.63216778657521,37.24661521371702,35.367853438832896,36.49654006958008,4169600.0
2017-02-27,36.575118617830185,37.63236779761555,36.07506763041664,36.74656295776367,2559200.0
2017-02-28,36.45367673849475,37.268044173854854,36.067925607311686,36.08935546875,1271700.0
2017-03-01,36.83942842053973,36.85371590234161,36.075065857019446,36.55368423461914,1413000.0
2017-03-02,36.27508490654815,36.66798384079368,35.86790121565596,36.07506561279297,914600.0
2017-03-03,36.075069678897286,36.717992802802144,35.63931097547941,35.93219757080078,1000400.0
2017-03-06,36.43224822459513,36.43939060365252,35.04639505746502,35.48215103149414,939500.0
2017-03-07,35.667884474217104,35.810756576433775,35.06782382495402,35.46072006225586,824600.0
2017-03-08,35.56787373464668,36.28937387748551,35.48929394457284,35.68217086791992,1177500.0
2017-03-09,35.51072093184559,35.63930553700485,33.89627371437475,34.73207092285156,2368000.0
2017-03-10,34.68207054933511,34.76779272208224,33.83198575070079,34.17487716674805,1317800.0
2017-03-13,34.33917464017072,35.79646501148612,34.17487269512904,35.60358810424805,1868800.0
2017-03-14,35.58216476065391,35.58216476065391,34.5963501848309,35.09640121459961,935500.0
2017-03-15,35.12496675251776,35.5678704879488,34.932092571835184,35.503578186035156,764900.0
2017-03-16,35.79646568780175,37.26089846480512,35.51072151055593,36.53225326538086,1836400.0
2017-03-17,36.77513790015752,37.50378315707341,36.332236843033265,36.50368118286133,1025000.0
2017-03-20,36.43224279524643,36.846571570357646,35.61073034807537,36.23222351074219,1035000.0
2017-03-21,36.29652006377457,37.01802022813354,34.0034295011803,34.1105842590332,2152400.0
2017-03-22,34.110587060253195,35.02496422880238,33.94628508309569,34.94638442993164,968700.0
2017-03-23,34.73921709538414,35.58215943290751,34.696354650658755,35.11068344116211,871000.0
2017-03-24,35.02495787974612,36.27508388047197,35.0035280203238,35.560726165771484,1220300.0
2017-03-27,34.68921594644826,36.41796052425888,34.43204670097523,36.353668212890625,1163800.0
2017-03-28,36.432248952122414,37.14660677471305,36.42510657292239,36.86800765991211,1644100.0
2017-03-29,37.325195360030285,38.37530220677147,36.71084721091799,38.296722412109375,2578000.0
2017-03-30,37.90382440539923,38.296720635423455,37.08231187666422,37.48235321044922,1465400.0
2017-03-31,37.10374138318759,37.596649985740775,36.85371725512338,37.27518844604492,688400.0
2017-04-03,37.49664111341776,37.832387417355655,36.98944501800246,37.33233642578125,698000.0
2017-04-04,37.21089669459093,37.21089669459093,35.95362820671645,35.98934555053711,1103700.0
2017-04-05,36.64655186487643,36.64655186487643,35.2606988171415,35.51786804199219,844400.0
2017-04-06,35.89647704754982,35.89647704754982,35.29641642670784,35.61787796020508,839500.0
2017-04-07,35.53929901123047,35.69645859244462,34.87494606799072,35.53929901123047,771800.0
2017-04-10,35.79646570259194,36.30365902860732,35.58215893209824,36.15364456176758,901100.0
2017-04-11,36.18936079121188,36.489392440735124,35.717884820582526,36.1322135925293,1530200.0
2017-04-12,35.95362820671645,36.410816747761714,35.71788883239449,35.98934555053711,853400.0
2017-04-13,35.746461672804394,36.375094516848115,35.746461672804394,35.832183837890625,625700.0
2017-04-17,35.96077135824995,36.42510501307302,35.72503197886198,36.04649353027344,509700.0
2017-04-18,35.953630752919004,36.039352929171095,35.55358938864452,35.996490478515625,768000.0
2017-04-19,36.35366418345159,36.35366418345159,35.71788624431219,36.11792755126953,1114500.0
2017-04-20,36.26794715832216,37.332338793184604,36.23937219126386,37.10374450683594,1783400.0
2017-04-21,36.96087455475387,38.19671324795186,36.86086217158383,37.768096923828125,1830300.0
2017-04-24,38.40387538083822,38.789629259426874,38.16099361191858,38.32529830932617,1703000.0
2017-04-25,38.453880176153056,39.103945639693784,38.40387262505733,38.72533416748047,1999700.0
2017-04-26,38.61103749519818,39.39683268886856,38.353868258180924,39.282535552978516,1142400.0
2017-04-27,39.63971430581467,41.05414237944634,39.439692274906676,39.55398941040039,2357100.0
2017-04-28,39.71829148263948,40.0040356846965,38.746767190774705,39.90402603149414,1081600.0
2017-05-01,40.089755673733485,40.23262776698735,39.439690238234,39.50398254394531,1253000.0
2017-05-02,39.468266133932545,40.01832193466135,39.068224808386525,39.53255844116211,1272000.0
2017-05-03,39.39683233193335,39.568276671685794,38.43244770185595,39.07537078857422,803400.0
2017-05-04,39.0825131456894,39.81830350565113,38.40387271565266,39.696861267089844,906200.0
2017-05-05,39.76115440408017,40.50408715823091,39.068226477126245,40.4826545715332,1528100.0
2017-05-08,40.88984269845583,42.86146907697059,40.53980616863469,42.382850646972656,3976100.0
2017-05-09,42.89718538907468,44.41162316361465,42.86146804404972,43.59725570678711,2702100.0
2017-05-10,43.65440362871153,45.154553851152066,42.86146607039975,44.654502868652344,1884000.0
2017-05-11,44.611646111748044,45.20456168143309,43.21864782686221,44.73308563232422,2110700.0
2017-05-12,44.73308061253025,45.07597199839871,44.11159014595983,44.604496002197266,1426700.0
2017-05-15,45.540308491952565,45.69032297179432,43.97586593419131,44.93310546875,2497600.0
2017-05-16,50.14791487387295,56.620000182638194,49.676441564692034,56.148521423339844,13713400.0
2017-05-17,55.54132099799005,56.93431657930735,52.8981992205765,53.43396759033203,8240400.0
2017-05-18,52.891048468907805,56.720006445271444,50.73368501164261,56.46283721923828,7327900.0
2017-05-19,57.20577299631942,58.77735795056617,55.11984956246684,55.94135665893555,5893900.0
2017-05-22,57.07718422119117,58.1201458621897,56.077082300333785,57.68438720703125,2832200.0
2017-05-23,57.56295525623975,58.07014866158564,54.51264426971288,54.991268157958984,3742300.0
2017-05-24,55.08412976007135,55.76991258616489,53.491109486353,53.82685852050781,3602200.0
2017-05-25,54.61979738193561,55.80563396005948,53.82685977851967,55.41273498535156,1921600.0
2017-05-26,55.36273015676306,56.57713625112245,54.46263779205245,55.41273498535156,2910500.0
2017-05-30,55.41273204513824,55.762765826684884,52.54101620549699,53.22679901123047,3123900.0
2017-05-31,53.762571009242876,53.82686059692663,51.833801626965716,52.526729583740234,3143000.0
2017-06-01,52.42671414693936,53.27680160229592,51.64092172229805,52.96248245239258,2042500.0
2017-06-02,52.95534102235955,54.01259294984484,52.57673226559467,53.23394012451172,1159500.0
2017-06-05,53.283946657539886,55.227000780988945,53.23394182863278,53.784000396728516,1939000.0
2017-06-06,53.6054081599916,54.91982385165115,53.19822444571474,53.91972732543945,1450500.0
2017-06-07,54.06259635520022,57.02003709265793,53.64826753977813,56.30567932128906,3465200.0
2017-06-08,57.20576902435651,57.28434881162457,53.67684005106504,55.455589294433594,5754700.0
2017-06-09,55.291292031179644,56.348538469978486,51.69807334978734,53.512542724609375,3338400.0
2017-06-12,52.30527661379978,54.03402110330114,50.79083618450032,53.39109802246094,2554000.0
2017-06-13,53.619695484368734,54.51978785116627,51.92667096243434,52.819618225097656,1843700.0
2017-06-14,53.312523555685495,53.49111301541257,50.47652751331841,51.29803466796875,1660200.0
2017-06-15,50.10504977439819,51.705209532530176,49.11923808816021,51.39089584350586,1764900.0
2017-06-16,51.51948431136784,51.79093830180405,50.50509213633304,50.790836334228516,1216700.0
2017-06-19,51.990962243933375,53.48397294983219,51.43376400588842,53.412532806396484,1762600.0
2017-06-20,53.16250718389552,53.61969574862289,52.569588890536785,52.91962814331055,1254200.0
2017-06-21,52.8624760974219,55.362728345272934,52.612451962660266,54.97697448730469,1381900.0
2017-06-22,49.590720270074755,53.14107963018309,49.047812232198226,51.61235427856445,9631600.0
2017-06-23,52.58387406411758,52.60530392445646,51.533767306576244,51.7052116394043,2444800.0
2017-06-26,52.119544757237,52.27670434623052,49.83360196310633,51.1551628112793,2835800.0
2017-06-27,51.07658001796685,51.15515980785002,49.183530857347435,49.347835540771484,2302200.0
2017-06-28,49.547855377197266,49.56928523828456,47.719101229518515,49.547855377197266,2512000.0
2017-06-29,49.0620908712327,50.18363232948847,47.4476408175893,48.16914367675781,2722600.0
2017-06-30,47.397639206699914,48.483466120876045,46.89759092393296,47.48336410522461,1383600.0
2017-07-03,47.883401635196925,49.02637300543818,47.39763812157972,48.812068939208984,1214500.0
2017-07-05,49.290683867011055,50.34793571612307,48.6406157101001,49.019229888916016,1831800.0
2017-07-06,48.576328633511665,49.54785564219128,48.212004642727486,48.78349304199219,746100.0
2017-07-07,49.31925951909158,49.86217293297864,49.12637987528831,49.59071350097656,961900.0
2017-07-10,49.64786686529426,50.405084385676986,48.833499413153504,49.11924362182617,1338400.0
2017-07-11,48.91208013366201,49.93361202019526,48.70491571470155,49.14781951904297,1499100.0
2017-07-12,49.74073265530608,52.14812045190916,49.54071333929018,51.83380126953125,2607400.0
2017-07-13,52.40528545353162,53.88400579150119,51.54091322216943,52.2266960144043,2880600.0
2017-07-14,52.34813948174034,53.57683578782664,52.34813948174034,53.083927154541016,1591500.0
2017-07-17,53.86972494633453,54.005449223847656,51.55520172308398,51.740936279296875,1683700.0
2017-07-18,51.56948928421498,53.22679909659139,50.86227116613171,53.11249923706055,1442200.0
2017-07-19,53.64826747434036,54.96982825973732,52.883904877912705,53.00534439086914,2071000.0
2017-07-20,53.26966201247955,53.41253139534115,52.205270394843154,52.541019439697266,1355600.0
2017-07-21,52.54101929040639,53.58398104266182,52.47672425321904,52.81247329711914,939700.0
2017-07-24,53.1053521627401,54.92696659306848,52.869618248910285,54.791236877441406,2022400.0
2017-07-25,54.99126412121864,55.14841825420215,53.719702698910716,54.29119110107422,1307400.0
2017-07-26,54.47692440679232,55.119847482033215,54.07688035435509,54.54121398925781,1351000.0
2017-07-27,55.2198581675105,56.41997944707973,51.2194502688682,52.94820022583008,2913800.0
2017-07-28,52.862474340102324,54.862678251936856,52.00524720652592,54.54121398925781,1119500.0
2017-07-31,55.234143902701355,55.85563713976967,54.44835142659994,54.96982955932617,1454100.0
2017-08-01,55.58418502147333,56.34140808202533,55.04127695555981,55.46989059448242,1559200.0
2017-08-02,55.71276182435555,56.077085818765106,53.226799798086205,54.39120101928711,1615900.0
2017-08-03,53.69827623917401,56.19138896517087,53.57683671730968,55.91992950439453,1362500.0
2017-08-04,56.26996612548828,57.384368091016526,55.855642709578,56.26996612548828,1812300.0
2017-08-07,57.23434622108217,62.063400799133426,57.14862132704938,61.62050247192383,5763400.0
2017-08-08,61.62050247192383,63.492116332309664,60.756130228366274,61.62050247192383,4058000.0
2017-08-09,57.84155315287359,62.43487412135249,54.312623802717354,62.31343460083008,6429800.0
2017-08-10,61.241894750632135,62.08483714729127,57.70582047688422,58.72020721435547,4278600.0
2017-08-11,57.14862451389358,59.70602676891853,56.448551465546664,59.091678619384766,4274300.0
2017-08-14,60.3989480644834,61.42761948641794,59.72030495301507,61.334754943847656,2161300.0
2017-08-15,61.43476506044371,62.27056230033097,60.4703832105648,61.04901123046875,1850400.0
2017-08-16,61.43477079865066,63.03493074458262,61.220461278608376,62.94206619262695,2101100.0
2017-08-17,62.813480063298684,64.25648038658781,61.491919255064516,63.092079162597656,2631700.0
2017-08-18,63.056366680543,64.17076866194452,61.19903731169783,64.06361389160156,2351900.0
2017-08-21,64.14218363531945,65.72805872739052,63.73499993195935,65.0494155883789,2396800.0
2017-08-22,65.00655751323607,67.76397896024646,64.46364407830148,67.44252014160156,2770400.0
2017-08-23,66.57100346446947,69.99277789507835,66.13524478133633,69.5855941772461,2528700.0
2017-08-24,70.00705950112103,71.29290563118846,68.94266797963678,70.15707397460938,2478900.0
2017-08-25,70.74999865506342,71.04288252516655,67.76398277021313,68.57120513916016,3100000.0
2017-08-28,68.22116389027217,68.35689360435309,65.92093110488511,67.92113494873047,2091600.0
2017-08-29,66.32811872924108,69.5713037018277,66.14952928438576,69.26412963867188,2145000.0
2017-08-30,69.40700754414647,70.82857806223561,68.86409408166493,69.93563079833984,1745600.0
2017-08-31,70.4928282987652,72.29300756633485,70.09278967266472,72.22157287597656,2975800.0
2017-09-01,72.2572914346722,75.60762575841343,72.06441177961034,74.80754852294922,2997000.0
2017-09-05,73.88602451833027,75.59333915606912,71.61436658713758,73.50741577148438,2653400.0
2017-09-06,73.63599712073234,74.50751443523747,72.07869703008801,73.10736846923828,1997300.0
2017-09-07,73.39311601062533,76.43628164709386,72.95021767981069,76.20768737792969,2209500.0
2017-09-08,75.72907408542736,77.0363447549943,73.97175450082143,74.87184143066406,2018400.0
2017-09-11,75.77192287532297,76.43627577058602,74.02888830062923,76.15767669677734,1961100.0
2017-09-12,76.5791451340357,77.05062384362998,75.11471508326748,76.15767669677734,1868900.0
2017-09-13,76.21483176493601,77.36494820369772,75.1004299443882,75.7933578491211,1865100.0
2017-09-14,75.40760488901407,77.15063960183376,75.1647258618794,76.4219970703125,1743100.0
2017-09-15,76.5291491497239,77.32923184774285,75.70049693580918,75.80050659179688,2066300.0
2017-09-18,76.67202514361487,76.83632438803822,74.40751219133554,74.95756530761719,1888500.0
2017-09-19,74.76468446869981,75.48618186958369,72.90734996512369,75.25044250488281,2055700.0
2017-09-20,75.3647424193869,75.56476171682246,69.67131029540121,72.00726318359375,2799400.0
2017-09-21,71.83581716726059,72.1215613714897,69.29270519486793,71.300048828125,3150000.0
2017-09-22,70.87858228663391,71.79295940504755,70.49282841790613,71.46435546875,1213400.0
2017-09-25,70.37138926231582,70.67856333806695,67.10677429450372,68.26403045654297,3277000.0
2017-09-26,69.2927136647639,70.97145357589694,68.68551056287978,69.22842407226562,2209400.0
2017-09-27,70.27851690158788,70.70713593253132,68.87123664373047,70.32852172851562,1726100.0
2017-09-28,69.96420841142408,70.36424705674453,68.33547341248477,70.07135772705078,1124400.0
2017-09-29,70.07849499858179,71.3500509363257,70.07849499858179,70.67855834960938,946000.0
2017-10-02,71.78581304616395,72.63590056332238,71.22146973604443,71.7143783569336,1108300.0
2017-10-03,72.71447756241147,74.86469596136183,72.47159308822029,74.44322204589844,1850400.0
2017-10-04,74.47894699127885,75.36474915196092,73.01451129690462,73.71458435058594,1507700.0
2017-10-05,73.70743790952882,74.43608046636523,72.2644375537825,72.50731658935547,948600.0
2017-10-06,71.87153394428685,72.49302715125697,71.21432611974747,71.72151947021484,1629600.0
2017-10-09,72.15013481663827,72.32872425925372,71.10717312577816,71.67151641845703,1175300.0
2017-10-10,71.93582346549081,73.39311393397256,70.14992908501569,71.23575592041016,1437400.0
2017-10-11,71.34291866741721,72.05013139529754,70.40710620110843,71.22147369384766,1455900.0
2017-10-12,71.928690296967,72.41445383025616,70.07850071792534,70.62141418457031,1352500.0
2017-10-13,70.91428914334864,72.00726104348114,70.70713019867381,71.25003814697266,1092900.0
2017-10-16,71.80723991581665,71.84295998400215,70.09992529880031,70.77142333984375,1287900.0
2017-10-17,70.82143348452102,71.24290743027386,70.02135076808092,70.13565063476562,837500.0
2017-10-18,70.50710768270014,71.21432577866003,69.69988538795502,70.91429138183594,949200.0
2017-10-19,69.39985349049124,69.59272767656874,67.57823912700451,69.21411895751953,1349000.0
2017-10-20,69.92133285913498,70.72141548116603,68.12829887556539,68.20687866210938,1419500.0
2017-10-23,68.34261270980691,69.47844450057723,67.29965092558503,68.62835693359375,971000.0
2017-10-24,69.19269684056873,69.26413153043843,68.25688986800533,68.4569091796875,691800.0
2017-10-25,68.4354740435402,70.64998195953797,64.3636316333665,64.54222106933594,4460000.0
2017-10-26,65.09942340443963,65.72091664343614,64.05646168563398,64.26362609863281,2614200.0
2017-10-27,64.64223431216051,65.29944761516404,63.985026459274344,64.927978515625,1971800.0
2017-10-30,64.29935048155642,66.74959808226801,63.79215707092861,64.1993408203125,1548000.0
2017-10-31,64.29934522765691,66.55671297572158,64.00645592214758,66.18524932861328,1509000.0
2017-11-01,66.94961703843758,69.19984530434908,66.87103724073049,69.00696563720703,2809300.0
2017-11-02,69.81419240381894,70.12850613969675,67.44252465068739,67.6353988647461,1688500.0
2017-11-03,68.01400607102667,69.24984747374513,67.04962412272643,68.8712387084961,1251500.0
2017-11-06,68.89266093757327,71.5072073843953,68.85694087117564,70.87142944335938,2022800.0
2017-11-07,71.21432943283818,71.73580756457046,66.89960775123501,70.92144012451172,5521800.0
2017-11-08,70.32852011890101,77.91500158134777,70.32852011890101,77.84356689453125,4969600.0
2017-11-09,76.60772325227045,78.92224627633333,75.3647422986851,78.07215881347656,3329700.0
2017-11-10,77.95072038167511,78.86509743833241,74.75754033685799,75.12186431884766,1860200.0
2017-11-13,75.00756966899051,78.5650739427715,74.7789753889564,77.56497192382812,1751600.0
2017-11-14,77.56496443012784,81.17246773370475,76.50056747738336,80.1580810546875,2544600.0
2017-11-15,78.60793116990446,81.37963740853155,76.89347139905459,79.41515350341797,2214500.0
2017-11-16,80.90816503642537,84.36565413315638,80.85101510504532,84.09420013427734,2209400.0
2017-11-17,84.41565963003329,84.75855377091538,81.57965830168799,82.6726303100586,2297400.0
2017-11-20,83.9227523706363,87.50168083813047,83.45127363113855,86.03010559082031,2528400.0
2017-11-21,86.43728690716385,87.86600239323268,85.05143114163964,85.39432525634766,1764200.0
2017-11-22,86.53730343657912,87.13022171847433,83.58700768528321,83.90132141113281,1761900.0
2017-11-24,82.86550193449213,84.37994238016474,81.9511248541303,83.92989349365234,1033000.0
2017-11-27,82.90836418138086,83.35126797759305,81.02960513718628,81.70110321044922,1830100.0
2017-11-28,81.79396080920641,84.47280232042496,81.43678194104393,82.87264251708984,1389600.0
2017-11-29,82.3297279303653,82.69405189669726,75.19329577288958,79.16512298583984,3308300.0
2017-11-30,79.4437313533769,79.67232563444931,76.07910672409983,77.5506820678711,2226900.0
2017-12-01,76.40771147524558,77.5506828927652,74.66467665720462,74.8861312866211,2189600.0
2017-12-04,76.86489801173735,77.70069532777106,70.80000182983392,72.88592529296875,2653500.0
2017-12-05,71.707232901121,73.8003014409933,70.90715566547884,71.72866821289062,1793800.0
2017-12-06,70.5785479752623,72.55017144383784,69.64273561542018,70.26422882080078,1877800.0
2017-12-07,71.27147222885162,73.05022699808978,70.92143844800681,71.9429702758789,1851900.0
2017-12-08,74.47179184676182,76.2291111730167,71.40005148982226,71.60721588134766,2731200.0
2017-12-11,72.47873594025945,74.72896392040667,72.47873594025945,74.29320526123047,1473600.0
2017-12-12,73.93602934026934,74.40750808545198,72.11441484314332,72.6430435180664,1274900.0
2017-12-13,73.22166331709246,75.35759128684622,73.08593361178443,73.95745086669922,1739200.0
2017-12-14,73.67171913582925,74.72897109487052,72.38587834523686,72.74305725097656,974100.0
2017-12-15,73.02880377279858,73.55028193958782,72.00727185210495,73.37883758544922,1207700.0
2017-12-18,74.05032866652869,77.58639742946693,72.7859123681835,77.14349365234375,1676200.0
2017-12-19,76.43627540603956,78.40790422291964,75.22900912521519,76.55057525634766,1667000.0
2017-12-20,76.72916543729967,76.78630991289727,73.85744434649109,75.38616943359375,1034500.0
2017-12-21,76.17911483187358,78.2650382854941,76.10053503840481,76.95062255859375,1237900.0
2017-12-22,76.50057532165151,76.77917988189569,75.16472970389508,76.30770111083984,640600.0
2017-12-26,76.32197822100775,76.32197822100775,73.27881817686016,75.06471252441406,820900.0
2017-12-27,74.76468240042723,75.00041630848973,72.92163815485209,74.5575180053711,774100.0
2017-12-28,74.93612962539177,75.3647431885735,73.63599872867415,74.52894592285156,589000.0
2017-12-29,75.07900952070482,75.30760381645302,73.886033210085,73.90746307373047,611300.0
2018-01-02,74.7289709591889,81.07961145570091,74.72182585505415,80.8438720703125,2486900.0
2018-01-03,81.22247437227544,83.71558685544163,80.7224261249993,82.2154312133789,2244900.0
2018-01-04,82.72976637909015,84.65139040316566,81.736809577459,83.01551055908203,1378100.0
2018-01-05,84.10134242171874,86.43728992494458,83.30125975954482,86.3372802734375,1773100.0
2018-01-08,85.97295614481393,87.3016620270784,85.48719264538266,85.7443618774414,1372200.0
2018-01-09,86.25869701127499,87.08020950140578,83.2298217229988,86.92304992675781,1757700.0
2018-01-10,85.58006087365945,86.23726869750216,83.5084223027389,85.79436492919922,1799900.0
2018-01-11,85.80151247347376,86.43729045485964,85.00857491015121,85.67292785644531,1007800.0
2018-01-12,85.8300876199457,87.18736848031334,84.47995186334957,86.7516098022461,1479700.0
2018-01-16,88.86611178963135,91.70210768964712,87.22308666256586,88.00173950195312,3029500.0
2018-01-17,89.02326663554722,93.50228742400563,88.18746390841558,92.2950210571289,1918200.0
2018-01-18,92.78792663940735,93.45228500735305,90.559128523117,92.59504699707031,1445100.0
2018-01-19,93.63088619973274,94.65241266658742,92.51647882647929,93.07367706298828,1097000.0
2018-01-22,94.25951194454322,94.46668181598176,92.98795589998932,93.67374420166016,1174500.0
2018-01-23,93.45229860165765,94.22379548276555,91.51638404380907,94.10235595703125,1224200.0
2018-01-24,94.58096819841376,94.80956792613622,89.73762864481981,91.85212707519531,1926300.0
2018-01-25,90.30196530170119,93.50942460558095,89.31614812399576,93.23797607421875,1768900.0
2018-01-26,94.44525428906564,97.28839542414129,94.29523434740932,97.22410583496094,1589500.0
2018-01-29,94.20235350869879,96.63831606529494,91.93784073710476,94.39523315429688,2371400.0
2018-01-30,91.09489798373266,92.86650760376368,89.65189772517186,91.85926055908203,1841000.0
2018-01-31,93.98805696973254,94.2309359953179,92.22359240696422,92.55934143066406,1279400.0
2018-02-01,91.25920501654072,95.28104274526643,90.00907892042372,92.93795013427734,1960900.0
2018-02-02,91.53066505344283,91.85926352528953,86.4301455339363,86.7516098022461,2799800.0
2018-02-05,84.05847775911721,90.14480903122265,82.74406207413206,83.94418334960938,2723900.0
2018-02-06,81.42249825028154,86.30870261465395,81.15103881884946,84.51566314697266,3044900.0
2018-02-07,83.71559416428958,86.5158754937508,83.29412021897365,83.9584732055664,1386400.0
2018-02-08,84.40851486298865,87.72313440688589,79.83662414550781,79.83662414550781,2030300.0
2018-02-09,82.3654542043168,83.32983611717941,77.6506884967799,82.40116882324219,2459100.0
2018-02-12,83.68701099604857,85.64434969316994,82.48688976530704,84.51566314697266,2444800.0
2018-02-13,88.85181328304819,93.55943359954307,85.90866289743138,92.62362670898438,5019700.0
2018-02-14,91.36635608284585,100.01008365125209,91.17347644088147,99.75291442871094,4045300.0
2018-02-15,100.36726558244037,101.52452166905258,95.73823033575715,96.52401733398438,3125600.0
2018-02-16,96.30257048238549,99.22429118363553,95.39533305061829,96.25257110595703,1727200.0
2018-02-20,95.23102789037837,97.5098308086247,94.5023799487539,95.65249633789062,1846100.0
2018-02-21,96.71689617233282,99.71719656821503,96.48830735847912,97.68842315673828,1853200.0
2018-02-22,97.96702428830223,98.58137240743038,95.7739515992444,96.23114013671875,1354200.0
2018-02-23,96.43829641425023,99.87435545356492,96.40257634664255,99.82435607910156,1758700.0
2018-02-26,99.98151758253587,100.42441590874769,94.509534486742,94.84528350830078,2834900.0
2018-02-27,94.95958439179248,96.13828139217202,91.48066512752895,92.24503326416016,2413000.0
2018-02-28,93.22369049211967,94.16664799587677,90.266249712517,91.80926513671875,2149600.0
2018-03-01,92.47361587734122,93.61659272790897,90.11623838580972,91.2806396484375,1620300.0
2018-03-02,89.40187407857788,93.3451264859344,87.72313444528446,93.25940704345703,1700700.0
2018-03-05,92.0521468448357,94.4238090804641,90.4877015136855,93.78089141845703,1556600.0
2018-03-06,95.431054340297,97.65270749832344,94.54525765879417,96.8669204711914,1992300.0
2018-03-07,96.23114014375496,99.295730185759,95.63822188569674,99.24571990966797,1450600.0
2018-03-08,99.29573449375695,99.58862380867984,97.50270033453704,98.27420806884766,1149200.0
2018-03-09,99.15999813223661,99.33144791735621,97.18837465441534,98.23133087158203,1006100.0
2018-03-12,98.73853594761916,98.86711511945376,92.71649402796093,93.3522720336914,2537600.0
2018-03-13,98.7385385173456,98.86711769252653,92.71649644096031,93.67374420166016,1699300.0
2018-03-14,94.41666626031001,95.40248348254798,92.95938118852033,93.930908203125,946600.0
2018-03-15,95.36676619340686,96.37401330633743,94.08807052893947,95.52392578125,1385000.0
2018-03-16,95.63822195475429,95.63822195475429,93.38798843395894,95.03101348876953,1519200.0
2018-03-19,93.63087831796624,95.49534163686518,92.58077152211894,95.40962219238281,1231000.0
2018-03-20,95.1881779969029,99.09571608200281,95.1881779969029,97.10980224609375,2101300.0
2018-03-21,96.55973935910194,97.10264734525657,95.05244401440243,95.8239517211914,1044000.0
2018-03-22,93.26654601141308,94.29522291451802,87.93743785525815,89.15898895263672,3256300.0
2018-03-23,90.10909745239188,91.3306487041108,87.38025072308652,87.70885467529297,2272000.0
2018-03-26,90.63770671238642,92.35216635236748,87.88028544186183,91.99498748779297,2019600.0
2018-03-27,92.1092898124275,92.50932840744927,83.67272109868783,84.4585189819336,2775300.0
2018-03-28,84.29421489159219,86.03010445016102,80.81529067088854,82.2154312133789,3014000.0
2018-03-29,82.87978294880098,86.61587634292246,82.62261917541628,85.39432525634766,2127300.0
2018-04-02,85.23002675699881,85.31575165442057,81.04388964329205,82.72977447509766,1633700.0
2018-04-03,83.16553637322627,83.57272011397706,80.65814434076397,82.15829467773438,1338200.0
2018-04-04,79.23656257972226,83.31554479443389,77.86499696866926,83.24411010742188,1767000.0
2018-04-05,84.5370964217386,86.15154651820761,81.82968525237585,82.95836639404297,1318800.0
2018-04-06,81.229618911864,83.5727114544621,80.45097158220912,81.15103912353516,972700.0
2018-04-09,83.08695233513541,86.29442271795509,82.45117434168505,83.67987060546875,1994500.0
2018-04-10,86.68017306314772,89.27329537201994,85.69436125860602,88.273193359375,2162300.0
2018-04-11,87.53739546861193,89.43044451243557,87.5088205058613,88.51606750488281,1217000.0
2018-04-12,89.101850823841,89.57332413794812,86.65160335096212,87.5731201171875,920800.0
2018-04-13,88.18746264057984,88.33748256517488,80.4152522312294,81.56536865234375,3415300.0
2018-04-16,81.53679512803623,84.70854535905782,81.42964037291196,83.2583999633789,1445900.0
2018-04-17,83.2369633895193,86.35870874747363,82.76549010428914,85.994384765625,1733300.0
2018-04-18,86.47301328327177,87.50882990619608,83.80845630930081,84.565673828125,1508500.0
2018-04-19,84.42280985732431,84.98000810121906,83.09410383721323,84.52281951904297,799200.0
2018-04-20,84.62996999632136,85.97296070713877,83.84417750116101,85.07286834716797,979500.0
2018-04-23,85.17288169475277,86.36585789595458,84.0656249402708,84.25849914550781,822200.0
2018-04-24,85.71578466694871,86.99448569003883,79.51515919554726,81.52964782714844,2109800.0
2018-04-25,81.07246382514246,81.24391361832808,77.2077910265499,77.7792739868164,2377100.0
2018-04-26,80.35096250686594,80.59384152698502,78.50791819491944,79.7294692993164,1399600.0
2018-04-27,81.99398521748186,83.03694692355378,78.47220113973472,79.91520690917969,1555300.0
2018-04-30,80.36525011217249,82.6083331015162,79.3937230970293,81.8082504272461,1270100.0
2018-05-01,81.44393210224172,83.22268145012133,81.08675321189784,82.5083236694336,933500.0
2018-05-02,83.22983432535901,84.97286376690873,82.66549097190733,83.10124969482422,1772200.0
2018-05-03,82.51546744136567,83.00123094239717,80.22237965638556,82.65119171142578,1421300.0
2018-05-04,82.15113884995215,83.25125040682641,80.9367328904779,82.35115814208984,1730400.0
2018-05-07,83.18696167656249,89.29472290318746,83.04409229996433,88.12317657470703,3033500.0
2018-05-08,89.17327365965376,91.55922577927367,87.865997750941,91.4306411743164,4053300.0
2018-05-09,83.837025580707,84.22277941790217,78.00786375213603,78.45076751708984,13618100.0
2018-05-10,80.54384249177626,81.7939686501852,79.29371633336733,80.53669738769531,5458800.0
2018-05-11,81.3510561714278,81.3510561714278,75.00756150346277,76.66487121582031,6091600.0
2018-05-14,77.7506939787852,78.54363150796135,76.59343792548154,77.00776672363281,3317600.0
2018-05-15,75.72192036269652,75.86478973050386,72.9359240895173,74.68610382080078,3691000.0
2018-05-16,74.2360592322188,75.27902093760389,73.57885138226942,74.17890930175781,2709200.0
2018-05-17,73.22167456211548,73.7217228424927,71.25719061044897,72.72162628173828,3616300.0
2018-05-18,72.71447998238713,74.55752438568206,72.32872612238698,72.5930404663086,1699400.0
2018-05-21,74.37178227607949,74.50751198620672,70.72855901316503,72.47158813476562,3172800.0
2018-05-22,72.47159035827778,74.35035469776513,71.7000881431327,73.33596801757812,2113300.0
2018-05-23,72.29299752629387,76.00051575724731,72.23585305201397,73.92173767089844,2730200.0
2018-05-24,74.371789191489,75.25044621212754,72.86449383401134,73.15023803710938,1811100.0
2018-05-25,73.22167028474668,74.05746755460298,73.22167028474668,73.27167510986328,1210300.0
2018-05-29,73.00021872234781,74.98613235468082,72.56446006775768,73.0145034790039,2062400.0
2018-05-30,73.28596587124713,74.3432178390543,72.30729914948122,73.05023193359375,1518200.0
2018-05-31,73.57885646377613,74.3289343650559,72.65018910506004,72.80020904541016,1892300.0
2018-06-01,72.86449220804717,74.22177305488718,72.52874318565799,73.79315948486328,1926600.0
2018-06-04,74.4860778725044,75.27901538629564,73.29310177522098,74.5575180053711,2155100.0
2018-06-05,75.05042301615283,77.1506365324629,74.97184322811967,75.85765075683594,2927800.0
2018-06-06,76.49343139014297,77.57925280349234,74.79325640790064,75.1290054321289,2020200.0
2018-06-07,75.36473826462019,76.27197015657892,73.9574527065228,75.15042877197266,1495100.0
2018-06-08,74.65039069675048,77.01491328961473,74.30749655195771,76.10768127441406,2567000.0
2018-06-11,76.55058236483293,77.54353924359398,73.52170145180843,74.17890930175781,2774400.0
2018-06-12,74.9218457737156,76.5362959637723,74.65039176570085,75.64334869384766,2123900.0
2018-06-13,76.30055559256263,77.45067209740385,75.47190337081946,76.70059967041016,1980500.0
2018-06-14,76.7220309929189,80.02950573898089,76.5648714004286,79.51516723632812,3260700.0
2018-06-15,77.95786245510311,79.31514332513736,77.95786245510311,78.35076141357422,2488900.0
2018-06-18,76.70774256251073,76.95062706111237,74.67896892181804,76.6577377319336,2581200.0
2018-06-19,73.92888577384917,74.58609907929612,71.95011710396506,72.27157592773438,3538000.0
2018-06-20,73.7217231292327,74.46465589876668,72.4501671112271,74.43608093261719,2296400.0
2018-06-21,73.4645528477849,74.02175650466414,70.23565802008237,70.47139739990234,3336700.0
2018-06-22,71.13574897704875,71.26433359533888,68.249742894406,70.12850189208984,1898400.0
2018-06-25,67.9354318844641,68.51406546130494,65.83522346704281,66.65673065185547,3470600.0
2018-06-26,67.27106867015034,67.82112719511812,64.99227113134958,65.91378784179688,3638200.0
2018-06-27,65.86378254424868,66.06380729287638,62.19198413554136,62.2491340637207,3627500.0
2018-06-28,61.50619684942409,63.32066606053678,60.956143818748686,62.813472747802734,3191700.0
2018-06-29,64.29220090406089,64.74938945225814,62.72061595089747,63.40639877319336,1968600.0
2018-07-02,61.313335488786606,63.75643802438169,61.19189596248274,63.62785339355469,1261500.0
2018-07-03,64.42792981651775,64.57794429605751,62.10626703532736,62.88491439819336,1134400.0
2018-07-05,63.363537582681936,64.00646072215821,62.02054681920087,62.91349411010742,1475900.0
2018-07-06,62.69918212564935,65.22800940851046,62.36343853551133,64.60652160644531,2420500.0
2018-07-09,66.25668632931945,66.42813067626807,63.935023466027936,64.9851303100586,1741200.0
2018-07-10,64.6136651731073,65.60662214584175,63.956457260959766,64.49222564697266,1923900.0
2018-07-11,62.9349159624821,63.94216299447509,62.57773709158252,63.3063850402832,1986300.0
2018-07-12,64.30648947005739,65.22801172493645,63.98503062654695,64.75653839111328,1594700.0
2018-07-13,65.0279898624781,65.3923138676343,63.67070894826978,64.77082061767578,900200.0
2018-07-16,64.74224615108334,65.23515478244366,63.97788351483399,64.48507690429688,890600.0
2018-07-17,63.799291822273986,64.97083814977094,63.227808866243755,64.8208236694336,877200.0
2018-07-18,64.75653279471278,65.18514636572424,63.12779795479893,63.94216537475586,1521200.0
2018-07-19,63.28494854644296,63.33495881954603,62.0776876914589,62.199127197265625,1822300.0
2018-07-20,62.72061719412415,63.84215872523222,62.09912394435693,62.93492126464844,1274600.0
2018-07-23,62.83491464986389,63.399257994760966,62.06340687835009,63.12065887451172,932000.0
2018-07-24,64.29219968495362,64.86368808442235,62.39915049309541,63.056358337402344,1535200.0
2018-07-25,63.30639344385583,64.3422101269167,62.93492431674426,64.0921859741211,1345600.0
2018-07-26,62.32057378233334,63.542124982712934,62.256284195526945,62.863487243652344,1586300.0
2018-07-27,63.21352031322869,63.36353479749287,61.16331691150074,62.18484878540039,2210800.0
2018-07-30,61.556209166991316,61.92767826811137,57.79154602943484,58.648773193359375,4235800.0
2018-07-31,59.034525982809065,59.69887893035757,57.64867015778765,59.11310577392578,2755600.0
2018-08-01,58.52733323785992,59.57029494450724,57.85583517942393,58.555908203125,1677100.0
2018-08-02,57.23434949523171,57.648672881465515,56.6557159651143,57.1414794921875,2669900.0
2018-08-03,57.46294657886022,58.59162782760882,56.92717819713326,57.71297073364258,1352800.0
2018-08-06,57.89155714325496,59.598871860371,57.59866782729,59.36313247680664,1992200.0
2018-08-07,60.47038762574645,61.734798507886524,59.1273915010835,59.627445220947266,3012600.0
2018-08-08,63.65642815737619,64.29220620494904,57.04861807520087,57.21291732788086,6652400.0
2018-08-09,57.64867167467972,58.63448891640448,57.1486233999769,57.23434829711914,2425600.0
2018-08-10,56.241392001522094,57.98442132773571,55.31986978535282,57.54152297973633,2901100.0
2018-08-13,56.68429021028196,57.2843535949701,54.25547260581563,54.89125061035156,4049100.0
2018-08-14,54.355481352928685,54.85553507349576,53.26251481171909,53.9983024597168,2942800.0
2018-08-15,51.01228856668196,52.66959829694015,50.09790608609381,51.99810028076172,3782300.0
2018-08-16,53.012489895635525,54.29119096851327,52.36956680730072,52.833900451660156,2340800.0
2018-08-17,52.619595692273926,53.862576679852545,51.69092841585067,53.50539779663086,1808100.0
2018-08-20,54.89839221231061,57.062895331262226,54.655513192416365,54.834102630615234,2709700.0
2018-08-21,55.38415692094144,56.59856839748712,55.38415692094144,55.82706069946289,2287400.0
2018-08-22,55.662755587001975,56.970031601368724,55.64847082979301,56.598567962646484,1613800.0
2018-08-23,56.92002548903096,58.17015154606279,55.67704453550068,55.76276397705078,2240700.0
2018-08-24,56.469988423929216,57.10576645416971,56.0127998505005,56.12709426879883,977200.0
2018-08-27,57.498657751162945,59.54172149358034,57.148623955468594,57.69867706298828,3352100.0
2018-08-28,58.198726705006244,58.52018551213068,56.54856204823113,57.220054626464844,1468500.0
2018-08-29,57.355788574808265,57.7915472700241,56.49141628842928,57.048614501953125,1179300.0
2018-08-30,56.441409997155745,56.691434131343044,53.52682893261345,54.60551071166992,2644500.0
2018-08-31,54.1126001208932,55.54846073924278,54.1126001208932,54.8198127746582,1981000.0
2018-09-04,54.66265841068008,54.81267835014268,53.43396752888585,54.29833984375,1337700.0
2018-09-05,53.04106290599088,53.37681192031016,50.92656462126105,51.648067474365234,2598900.0
2018-09-06,51.669496400710024,52.86247251290562,50.90513384048755,51.61949157714844,1674300.0
2018-09-07,51.43375947076104,53.834002015405936,51.11230065411569,52.14097213745117,2236300.0
2018-09-10,51.9838103560367,52.11239496727672,49.96218209336998,50.47652053833008,2382600.0
2018-09-11,48.50489832967491,50.06219863578625,47.63338089458722,49.09067153930664,2874100.0
2018-09-12,49.12638053372051,49.78359381202055,47.78338991307064,49.51927947998047,2396300.0
2018-09-13,51.34803318746849,53.25537252501094,51.112299271692464,52.39813995361328,3240300.0
2018-09-14,52.86247068819316,53.74113307200778,51.433755264187944,52.04810333251953,1854600.0
2018-09-17,50.790841571871105,52.362432097302815,50.76941170858958,51.726654052734375,1377500.0
2018-09-18,51.5623469751892,53.12679232407905,50.74083440316565,51.469482421875,1487100.0
2018-09-19,52.43386244390072,54.96982930743063,52.15526334410613,54.22690200805664,2430200.0
2018-09-20,54.741235372729754,55.99136150265082,54.55550627179745,55.298439025878906,2229900.0
2018-09-21,56.43426583013388,56.577135209150526,54.79124072085515,55.49845886230469,1726900.0
2018-09-24,53.683990415524754,54.20546856382639,52.93391253631903,54.062599182128906,1152100.0
2018-09-25,54.062596651237406,54.83410435656856,53.58397824982758,54.076881408691406,885100.0
2018-09-26,54.355482549444694,55.577039187222525,54.141178478870565,54.34834289550781,1320200.0
2018-09-27,54.64122737673795,54.862682003982215,53.94115977480045,54.43406295776367,881700.0
2018-09-28,53.81257635814407,54.51978908008158,51.61235294531885,52.24098587036133,2812200.0
2018-10-01,52.62673793415154,52.62673793415154,51.31232219530621,51.80522537231445,1260900.0
2018-10-02,50.355081028141065,50.433660824073286,48.340592200851816,48.86207580566406,2654200.0
2018-10-03,49.497854186032114,50.77655534260522,49.36212445568932,49.55500411987305,2363200.0
2018-10-04,49.04066492125768,49.09066975013115,46.4904077484757,46.81901168823242,3263100.0
2018-10-05,47.20475977030311,47.20475977030311,44.93310198707394,45.897483825683594,2924200.0
2018-10-08,44.04730339002828,46.36182394255497,43.76870427422742,45.76890563964844,2787500.0
2018-10-09,44.36876420745334,45.53316820581763,43.61154394454954,43.63297653198242,3445000.0
2018-10-10,43.12577339299708,43.12577339299708,40.31834742655556,40.361209869384766,5345600.0
2018-10-11,39.36826054246284,40.48980212026891,38.83249216866788,39.87545394897461,6008600.0
2018-10-12,41.775642720687934,42.98290638998495,41.35417152074612,42.60429763793945,3194700.0
2018-10-15,41.27559509940296,43.65440801326084,41.13272571153239,43.12578201293945,2945900.0
2018-10-16,43.668691481448256,45.17598682038405,42.9686211900345,45.104549407958984,2379900.0
2018-10-17,45.10454993563432,45.10454993563432,42.72573993775236,43.332942962646484,2374700.0
2018-10-18,42.15425481535058,43.04005973337034,41.568481606278716,41.78279113769531,2635000.0
2018-10-19,42.8328950317903,43.075776804121105,40.582669491870924,40.71125411987305,1752800.0
2018-10-22,43.061488524444925,43.93300593700266,42.089961453080655,43.48295974731445,3535800.0
2018-10-23,40.38264542512062,43.07577464900041,39.81115973206919,42.011383056640625,2350500.0
2018-10-24,42.07567591044059,42.368562502225515,39.23967454543271,39.26824951171875,2412000.0
2018-10-25,39.654000702024696,40.60409789418905,39.303966902323246,40.239776611328125,1683400.0
2018-10-26,38.85391873167217,41.9185142235122,38.51102732857281,40.81126022338867,2398800.0
2018-10-29,40.896986912761754,41.43275530026518,38.52531906875129,39.03965759277344,1860400.0
2018-10-30,38.86820749725606,39.69686243003389,37.939542909238284,39.339683532714844,2065400.0
2018-10-31,40.36121428262518,42.46857026363239,40.04689784268426,42.15425109863281,2318300.0
2018-11-01,42.8614663178066,47.561941765354206,41.87565182948063,47.326202392578125,4422300.0
2018-11-02,47.94769524317909,49.169246369718415,45.74032691092514,46.25466537475586,3867300.0
2018-11-05,45.8331950835337,46.354673180178565,43.80441627366805,45.818904876708984,1744000.0
2018-11-06,46.06179439023925,47.447644847695926,45.31171650312339,46.433258056640625,1447300.0
2018-11-07,46.85472605398847,47.390494410483875,45.50459295668823,46.4975471496582,1375600.0
2018-11-08,45.19027303415309,45.49744710483352,43.23293419662432,43.983009338378906,1691400.0
2018-11-09,42.61144328985182,42.85432504760424,39.82544681710696,40.83269119262695,2858900.0
2018-11-12,40.832689815767075,40.92555708840945,38.353867494501465,39.00393295288086,2317800.0
2018-11-13,39.775438073861395,41.0398515654673,39.23966978377712,39.61827850341797,1557600.0
2018-11-14,40.28263411864989,42.64001420904117,40.17548208843947,40.8398323059082,1884700.0
2018-11-15,41.66848881362455,43.197213960710954,41.66848881362455,42.904327392578125,1846200.0
2018-11-16,42.05424213063714,42.682877745809435,40.639814040293516,42.32569885253906,1572300.0
2018-11-19,41.43274940480984,41.78278590053141,39.775439646622125,40.57551956176758,2561800.0
2018-11-20,39.025364236909965,41.868507725134435,38.98964689479565,40.611236572265625,1693200.0
2018-11-21,41.997092724201174,43.51153038929835,41.86136300783277,42.904327392578125,2034500.0
2018-11-23,41.62562789462394,42.07567405608894,40.482653819084426,40.66838836669922,1688200.0
2018-11-26,41.81136037421094,43.0757739833951,41.27559203430539,42.32569885253906,1474900.0
2018-11-27,41.95422859808098,42.754308482026964,41.439890167300774,42.21854019165039,2184000.0
2018-11-28,44.04016113746142,46.783292577887664,41.154154861522734,44.283042907714844,6997700.0
2018-11-29,43.57582526757646,43.57582526757646,41.575623997027314,42.6685905456543,2758500.0
2018-11-30,42.661446922627,45.96892143771667,42.31141041608617,45.49030303955078,3612600.0
2018-12-03,48.87635531236167,50.67653987105367,47.31905521957695,47.65480422973633,3592100.0
2018-12-04,47.60480393312906,48.647765679759345,46.126083487206444,46.4975471496582,2667100.0
2018-12-06,44.38304819948871,45.540307002657485,44.025869321036495,44.70450973510742,2860700.0
2018-12-07,44.64736196840859,46.004642862271695,43.604400246840655,44.01872634887695,2885500.0
2018-12-10,43.71869515339024,44.64735968992905,43.0400547410916,43.73298263549805,3280800.0
2018-12-11,44.83309119637656,46.504688440580324,44.75451413291628,45.25456237792969,2959500.0
2018-12-12,46.22608912649914,47.24047581859975,46.02606982947841,46.240379333496094,2207000.0
2018-12-13,46.6332764717312,47.13333020351471,45.07597624439171,45.54030990600586,1683100.0
2018-12-14,44.61878444522007,46.91187217046541,44.42590752556506,46.118934631347656,1898500.0
2018-12-17,45.918916479618424,45.96177620168386,42.95433337586557,43.411521911621094,2191500.0
2018-12-18,43.933006533377124,43.99729884706247,42.7686025077687,43.30437088012695,1931400.0
2018-12-19,43.354374192601036,44.17588675815042,39.80401775575959,40.268348693847656,2360200.0
2018-12-20,40.4969412794935,41.139864366949716,38.811059219719084,39.561134338378906,2758500.0
2018-12-21,40.475513502999945,42.061388717035086,39.18252488276727,39.611141204833984,2817400.0
2018-12-24,39.539703734904776,41.232733708420994,38.86106599474075,40.23263168334961,1351800.0
2018-12-26,40.61123935973866,42.975764630798714,39.68257477573209,42.91147232055664,2057100.0
2018-12-27,42.06138754998368,42.832892548203226,40.93270093075631,42.04710006713867,1406400.0
2018-12-28,42.06852755374826,42.50428621821326,40.60409470804842,42.03281021118164,1531200.0
2018-12-31,42.497145613814176,43.93300355537879,41.28987921923044,41.739925384521484,1349300.0
2019-01-02,40.6183815493871,42.31140863087837,39.461122773119776,42.104244232177734,1619400.0
2019-01-03,41.42560799282631,41.56847736578442,39.62542609795624,39.98260498046875,1745700.0
2019-01-04,40.99699351523761,44.00443918523031,40.75411175536536,43.74012756347656,2288900.0
2019-01-07,43.904426759205236,44.77594408817366,43.325798724448255,44.74022674560547,2137300.0
2019-01-08,43.361516778653005,43.54010621948349,40.6898175448032,42.20425796508789,4686000.0
2019-01-09,42.56857802142685,43.632972257699,41.82564531456969,43.31865310668945,3029200.0
2019-01-10,42.961476865197604,42.961476865197604,41.43989401618897,42.568580627441406,1537100.0
2019-01-11,41.59705674953364,41.697066411252464,40.45408529409155,40.80411911010742,3259200.0
2019-01-14,40.18262449407069,40.36121393626656,38.4395925192601,38.732479095458984,4145200.0
2019-01-15,39.118229577038996,39.71114782341872,38.853917969946856,39.04679489135742,2297200.0
2019-01-16,39.32539394192452,41.42560748962399,39.14680450283761,40.88983917236328,2087800.0
2019-01-17,40.596954263042846,42.18997179789895,39.789729202311,41.59705352783203,1801200.0
2019-01-18,42.211398012361876,43.832990372549226,41.72563454212696,43.43294906616211,2925500.0
2019-01-22,41.81135939414846,41.93280163204429,37.018019412830526,37.51092529296875,9167100.0
2019-01-23,38.353865991425494,38.74676492756926,36.75370618353611,37.28947448730469,3151500.0
2019-01-24,36.53940002366221,38.982502222047486,36.53940002366221,38.839630126953125,3005600.0
2019-01-25,39.646859849828495,41.78993335522463,39.58256753566426,41.5684814453125,3485600.0
2019-01-28,41.07557308745224,41.8470808117317,40.16833836355712,41.66849136352539,1983900.0
2019-01-29,41.55419019083364,41.775642080650464,40.67553046036087,41.18986892700195,1044900.0
2019-01-30,41.66134712785336,42.311412623870396,41.175583600603396,42.07567596435547,1584800.0
2019-01-31,42.14710915310388,45.12597979708322,42.14710915310388,43.332942962646484,2609500.0
2019-02-01,43.07577440539406,44.375905371630466,42.92575992276495,43.504390716552734,958400.0
2019-02-04,43.761555939681976,44.14730979080513,43.04005578855932,44.13302230834961,839600.0
2019-02-05,44.36876390084698,44.75451777126766,43.868712890123,44.3973388671875,1252700.0
2019-02-06,44.58306918133918,45.05454520968061,43.84728153598812,44.5473518371582,1565800.0
2019-02-07,43.97586662899577,44.18302831750138,42.27569432208427,42.91147232055664,1629200.0
2019-02-08,42.48285928167942,43.89014229608576,42.29712472745563,43.59725570678711,1613700.0
2019-02-11,44.3330453793578,45.44029940762066,44.21160313816167,44.511634826660156,1950000.0
2019-02-12,45.36171920486076,47.19047338467271,45.275997033946744,46.65470504760742,3287500.0
2019-02-13,47.25476965486482,48.862074708090724,47.11189482450758,47.2690544128418,3419400.0
2019-02-14,47.07617727769653,47.07617727769653,45.59745693866808,46.81186294555664,1833300.0
2019-02-15,46.57612647898837,47.04046013999919,45.49030501873128,45.91891860961914,1599100.0
2019-02-19,45.48316293671163,47.00474864312059,45.13312911674302,46.85472869873047,2303000.0
2019-02-20,47.34048848675707,48.96922883092428,46.8404402123093,47.18333435058594,2860900.0
2019-02-21,47.5333654496266,48.03341369574339,46.44753861503424,46.82615280151367,1468400.0
2019-02-22,47.66909782620923,49.497852028463925,46.54755631152687,48.912078857421875,2907900.0
2019-02-25,50.71225877274795,53.34824080277655,50.39079994230824,52.89105224609375,5531500.0
2019-02-26,51.29089083342643,53.14107486935134,50.39794360756676,53.04106521606445,3022100.0
2019-02-27,51.96237899111797,53.255370169510385,51.583770271796425,52.24812316894531,2409800.0
2019-02-28,52.769615948998215,52.862480506764975,50.212213556994,51.61235427856445,2003200.0
2019-03-01,52.748171604296935,53.12678577525519,51.33374636605499,51.483760833740234,1727400.0
2019-03-04,52.43386197992689,52.74103604238197,50.44080312587425,51.69807434082031,2669600.0
2019-03-05,48.09771229109515,50.547959778844685,46.11179846635284,49.80502700805664,6105200.0
2019-03-06,49.01208577263982,49.56928394686174,47.8691144601183,48.06913375854492,2207600.0
2019-03-07,47.29048237924101,47.29048237924101,44.01872519685249,44.37590408325195,5754800.0
2019-03-08,42.70430715219743,44.66879104424484,42.39713308925441,43.961578369140625,2779200.0
2019-03-11,44.91881932252787,46.09750805999888,44.5902126627845,45.91891860961914,1988400.0
2019-03-12,46.22609393612395,46.26181400721578,44.59735897650138,45.18313217163086,1809200.0
2019-03-13,45.18313043460732,45.37600736584115,44.36161788213643,44.61164474487305,1974700.0
2019-03-14,44.147307536037125,44.547348849184196,42.99719114516549,43.8472785949707,1844100.0
2019-03-15,44.39734056870962,45.39743990342748,44.29018580335538,44.72594451904297,1670500.0
2019-03-18,45.22599383807208,45.4331555314966,43.74727339245183,44.88310241699219,1744100.0
2019-03-19,45.14741125492719,45.4260103470328,44.70451020401722,45.04025650024414,1218000.0
2019-03-20,44.66164759724123,44.66164759724123,43.16863976599337,43.58296585083008,2567900.0
2019-03-21,43.41866640172878,44.025872169417624,42.91147301552635,43.325801849365234,1779800.0
2019-03-22,43.090063000041376,43.70441115434521,41.85422431233988,41.932804107666016,2016800.0
2019-03-25,41.654205180742515,42.33284292506068,41.14700906096172,42.168540954589844,1432400.0
2019-03-26,42.23283008546824,42.68287623810821,41.3184530230137,41.85422134399414,1201900.0
2019-03-27,41.918515057302415,42.21140164025835,40.982705377585305,41.35417175292969,1228100.0
2019-03-28,41.46132694959197,41.91137039702961,41.03985574282272,41.66849136352539,860600.0
2019-03-29,42.625730241535706,44.468774743763305,42.41856854268981,44.283042907714844,3593100.0
2019-04-01,45.1688416803004,47.797681229197856,45.09740699299141,47.43335723876953,4483800.0
2019-04-02,47.061889296512575,47.72624225997046,46.590415988639116,47.07617950439453,1690000.0
2019-04-03,48.06198540436769,50.005039229296166,47.89768618467967,49.24782180786133,3685400.0
2019-04-04,49.012085406201564,49.79073273355754,48.63347667270795,49.104949951171875,2402900.0
2019-04-05,49.36926499176945,51.49804805424826,48.91207646358136,50.76226043701172,2215800.0
2019-04-08,50.67654079579854,51.41232841015298,49.84073808180987,51.369468688964844,1437600.0
2019-04-09,50.290790062057454,51.21945192925464,50.047905576710974,50.576534271240234,1464000.0
2019-04-10,50.51223728244498,50.940850854589186,49.44070062702582,50.412227630615234,1492600.0
2019-04-11,50.097906699712254,50.097906699712254,48.69776617338923,49.2192497253418,1303200.0
2019-04-12,50.14077430331341,51.07658125072267,49.469276246329294,50.34079360961914,911100.0
2019-04-15,50.047905578613175,50.20506516617555,48.38345605153637,49.00494384765625,1169200.0
2019-04-16,49.905032903742395,50.99799939037856,49.7693031870615,50.29078674316406,1781900.0
2019-04-17,49.86217150370498,51.7837900824484,49.86217150370498,50.82655334472656,1424700.0
2019-04-18,50.640821376226846,51.14801473387434,50.305072355643404,51.07658004760742,908100.0
2019-04-22,50.46223224849838,51.99095743458479,50.36222259708093,51.662353515625,1037300.0
2019-04-23,51.81951161936134,51.8766615471472,50.969424156427216,51.43375778198242,959100.0
2019-04-24,51.43376022931372,51.43376022931372,49.02637254542721,50.22649383544922,1458400.0
2019-04-25,49.919322036861765,50.15506142330496,49.03351987430509,49.8907470703125,1805200.0
2019-04-26,49.926464799167775,49.9978994871314,47.92626083548232,48.390594482421875,2084100.0
2019-04-29,48.31915961889072,49.033517396166005,47.96912583405868,48.39773941040039,1984500.0
2019-04-30,48.197722156759845,49.46927818242651,48.11199725779491,48.933509826660156,1756800.0
2019-05-01,49.29068379540916,49.53356280964922,48.49060116886184,48.53346633911133,567200.0
2019-05-02,48.890645036934565,48.890645036934565,47.03331056927913,47.940547943115234,982400.0
2019-05-03,48.783491897734,49.3121151120783,48.36916309049139,49.14067077636719,955100.0
2019-05-06,45.94034381500138,46.861865939566805,44.64021569108505,46.597557067871094,2401300.0
2019-05-07,46.147508601134575,46.368963205112884,44.02586798075734,44.604496002197266,2167300.0
2019-05-08,44.568783466842724,44.86167006084036,43.661548718347895,44.25446701049805,1422800.0
2019-05-09,43.07577668333875,44.27589805795422,42.54715341419793,44.14017105102539,1244800.0
2019-05-10,44.0330139026073,44.5330649024703,42.840037696918905,43.882999420166016,1165300.0
2019-05-13,41.78278758841004,42.397132987766824,41.08985967249141,41.88279724121094,2343100.0
2019-05-14,43.00433816877359,43.0400555121537,41.73992459269582,42.30426788330078,1213200.0
2019-05-15,41.854224654919854,42.43285546837306,41.0255696952541,42.13996887207031,1175300.0
2019-05-16,42.12568105372349,42.575724513327316,41.48990303693118,42.17568588256836,1263000.0
2019-05-17,40.211198931638684,40.61123753287512,37.88239110990404,37.932395935058594,5571500.0
2019-05-20,36.94658240313524,36.98229974436786,35.867900712524275,36.11792755126953,3576100.0
2019-05-21,36.87514648814329,37.86096095140378,36.4536753043989,37.58950424194336,2176800.0
2019-05-22,37.36091053682554,37.45377780922319,36.003632419365665,36.54654312133789,3153000.0
2019-05-23,32.14610257106733,32.789025712512235,30.503080095780113,32.42470169067383,10162000.0
2019-05-24,32.53185330202646,32.65329281415999,30.903115743289014,31.188859939575195,4021600.0
2019-05-28,30.93883656579555,31.324587697608912,30.181616334719916,30.68166732788086,3984800.0
2019-05-29,30.39592220056753,31.167429890857125,30.295912549987456,30.653091430664062,2272100.0
2019-05-30,30.824541941917534,30.910264119856482,29.745860075528583,30.017316818237305,1979900.0
2019-05-31,29.48869009974497,30.231622890644616,29.010071665741197,29.660137176513672,2235900.0
2019-06-03,29.445826413880166,30.424495738014453,29.05292748351743,29.367246627807617,1970200.0
2019-06-04,29.610127459075414,30.967405465457055,29.102934141823198,30.63880157470703,2604500.0
2019-06-05,30.71738185257461,30.895971281950047,28.79576057351598,29.595840454101562,2577200.0
2019-06-06,29.631562333903805,29.860156620515575,28.995784303948646,29.467260360717773,1370000.0
2019-06-07,29.824438911134294,30.5888015586365,29.745859115119497,30.288772583007812,2047400.0
2019-06-10,30.81739786835222,31.496038385295954,30.560228600873838,30.66023826599121,1999000.0
2019-06-11,31.38888281959095,32.424702242866,31.288873157009444,31.574617385864258,2866300.0
2019-06-12,31.003127153940323,31.33173106189406,29.710138657350367,30.29591178894043,2293200.0
2019-06-13,30.695951647320165,30.82453625302682,29.96016135354132,30.310197830200195,1251900.0
2019-06-14,29.895872770438174,29.96731018530726,29.181514972099784,29.58155632019043,1147700.0
2019-06-17,29.62441662102504,29.95302053041931,29.302955090070412,29.72442626953125,981900.0
2019-06-18,30.167327334302215,31.48889080152825,30.110180131562238,30.888830184936523,2798700.0
2019-06-19,31.074561901638276,31.4317407740709,29.824435848124093,30.160184860229492,2580100.0
2019-06-20,31.074561768700065,31.731769583136433,30.660232970422637,30.731670379638672,3331400.0
2019-06-21,30.531651023404883,31.010269401439828,30.145897189578843,30.86739730834961,1688100.0
2019-06-24,31.074561768700065,31.074561768700065,30.317341581361248,30.731670379638672,1550700.0
2019-06-25,30.49593221901347,30.67452166150606,29.2315186391589,29.695852279663086,2323200.0
2019-06-26,30.16732946852714,30.86739978323507,30.145899606615885,30.4459285736084,1744600.0
2019-06-27,30.817394253584624,31.396025037539708,30.653092290869672,31.360307693481445,1708700.0
2019-06-28,31.396025194613614,31.48889246967665,30.717384753876694,31.110280990600586,1207400.0
2019-07-01,32.38898175496006,32.96046743219725,31.317445088243325,31.388879776000977,3890500.0
2019-07-02,31.431745573990003,31.79606688048077,31.18886379464318,31.617477416992188,1516100.0
2019-07-03,31.57461277279407,31.667480042362754,30.67452049094668,31.59604263305664,1399800.0
2019-07-05,31.224579248523497,31.86750236811196,30.745960823431144,31.37459373474121,1477900.0
2019-07-08,30.738814895702067,30.96026679208443,29.974452276814798,30.345918655395508,1631600.0
2019-07-09,30.03874243849655,31.045986743447756,29.795860697760727,30.86739730834961,1561500.0
2019-07-10,30.974553347741637,31.310302371709525,30.081606135110977,30.238765716552734,1805900.0
2019-07-11,30.31734427329396,30.57451351918916,29.845868230839002,30.167329788208008,1162600.0
2019-07-12,30.231619814378817,30.488789040833794,29.995883173500797,30.260194778442383,1488000.0
2019-07-15,30.381634982733516,31.081705267945086,30.22447812690798,30.753101348876953,1030600.0
2019-07-16,30.803106278105414,30.92454851603086,29.445828150196913,29.695852279663086,2998900.0
2019-07-17,29.395824080604182,30.074461799489217,29.152942323563014,29.18865966796875,1896300.0
2019-07-18,29.110080819347147,29.117223198436456,28.217133554949996,28.431440353393555,2800400.0
2019-07-19,28.545733150569976,29.267235956448257,28.381431205928976,28.852907180786133,2437500.0
2019-07-22,28.93149010431996,28.960065069548182,27.86709581256731,28.360004425048828,2467700.0
2019-07-23,28.61002622690542,29.331529052304848,28.45286938107321,29.210086822509766,2118800.0
2019-07-24,29.32438745388376,29.53869425112946,29.081505690322953,29.488689422607422,1419700.0
2019-07-25,29.54583800139082,29.57441296639656,28.61002833539268,28.745758056640625,1457800.0
2019-07-26,29.024356588974058,29.03864407119938,28.26713638138355,28.62431526184082,1447800.0
2019-07-29,28.595740895677373,28.85291013099654,28.352859142882455,28.688608169555664,1568800.0
2019-07-30,28.281423772338858,28.702894958920606,28.159981536344837,28.517160415649414,1060600.0
2019-07-31,28.5528783434888,28.60288316483872,27.73136589264006,27.98138999938965,1320900.0
2019-08-01,27.952820068269002,28.088547062407574,26.324082513313076,26.645544052124023,2693900.0
2019-08-02,26.38837651784054,27.20988908928503,26.00976775059577,26.974149703979492,2408600.0
2019-08-05,25.716878171534333,25.85975026194344,24.473894527551113,24.923940658569336,4121800.0
2019-08-06,25.559719581598802,26.18835516851636,25.302550353993503,25.8168888092041,3201100.0
2019-08-07,25.5740073932369,26.266935295984737,25.095388999627417,25.781171798706055,1633800.0
2019-08-08,26.074057961807767,26.29550984606612,25.81688873494221,26.252647399902344,1419900.0
2019-08-09,25.931186018062956,26.03834077157017,25.295408050735237,25.38113021850586,1016300.0
2019-08-12,25.045383925963183,25.55971965764549,24.75963973331634,25.38113021850586,1886200.0
2019-08-13,25.409706369863247,26.866996915337857,25.159682233410663,26.052629470825195,1679300.0
2019-08-14,25.531148109987107,25.531148109987107,24.581050960000965,25.00966453552246,2086600.0
2019-08-15,25.48828743190781,25.60258457498574,24.988236409044806,25.259693145751953,1419900.0
2019-08-16,25.566865861878043,26.774129541412655,25.4597111037579,26.488388061523438,3174000.0
2019-08-19,28.33143040422904,30.645950888753376,27.609930221047037,30.22447967529297,9914400.0
2019-08-20,30.00302499445065,30.35306148507832,29.26723739636737,30.138751983642578,3033300.0
2019-08-21,30.360202993823744,30.567367385913272,29.302953898928187,29.595840454101562,2079300.0
2019-08-22,29.47439981232938,29.845866172441227,28.667177510124557,28.710037231445312,1602500.0
2019-08-23,28.302854537963867,29.317244004650913,28.095692852388463,28.302854537963867,2095800.0
2019-08-26,28.781473626776002,29.13150738882102,28.574309230838388,28.795761108398438,1448500.0
2019-08-27,28.831480202041273,29.424395737582792,28.4314388674776,28.8243350982666,1450000.0
2019-08-28,28.752898681037482,29.56726605860285,28.352857370541123,29.117219924926758,1240800.0
2019-08-29,29.61012913908722,30.56736862845292,29.51726186902065,29.72442626953125,1816500.0
2019-08-30,30.010168963493946,30.345917990151715,29.274381326410232,29.552980422973633,1252500.0
2019-09-03,29.57441176190025,31.553180319430833,29.517261834216352,31.02455711364746,4692900.0
2019-09-04,31.253155602349175,32.381842301273714,31.181720908138796,32.14610290527344,4153600.0
2019-09-05,33.02475975864013,33.36050878640742,32.49613652881361,33.03904724121094,2401700.0
2019-09-06,32.996183744345934,33.72482898193695,32.91760668029294,33.503379821777344,1582700.0
2019-09-09,33.90341881104558,36.00363238035228,33.803409160137385,35.43928909301758,4795900.0
2019-09-10,34.94637872578074,35.989343079109744,34.746359434073646,35.86790084838867,2689500.0
2019-09-11,35.86076388421739,36.04649572240649,34.8963791713349,35.5821647644043,2091000.0
2019-09-12,35.61787943010716,35.78932377167526,34.61063506695392,34.98210144042969,1846200.0
2019-09-13,35.2749881867567,36.1965076583736,34.90352181154502,35.83932876586914,1533900.0
2019-09-16,35.589304770062405,35.90362121567213,35.26070084168968,35.567874908447266,1257300.0
2019-09-17,34.996390642132965,35.610736075497776,34.74636377123143,35.5535888671875,1188200.0
2019-09-18,35.41071485990395,35.71788892264337,34.410612880046465,35.01067352294922,1456700.0
2019-09-19,35.28927485766816,36.7894250816539,35.25355478919247,35.296417236328125,2358000.0
2019-09-20,35.3892872793335,35.56073163117856,34.11772849869825,34.1677360534668,1943800.0
2019-09-23,33.95342347917397,34.260597534145056,33.289070544009405,33.981998443603516,1273800.0
2019-09-24,34.110584839668974,34.110584839668974,32.210393206817514,32.58185958862305,1469600.0
2019-09-25,32.560428945859805,33.51766575575114,32.29611460501112,33.38908386230469,1309500.0
2019-09-26,33.496237841864655,33.71768974773423,32.53899825125959,32.84617233276367,1090700.0
2019-09-27,33.01047414393751,33.1533462526712,31.167432388955213,31.82464027404785,2695500.0
2019-09-30,32.510418990091196,32.639003599087765,31.9317909746651,31.96750831604004,1321300.0
2019-10-01,32.038944977469804,32.303259315096696,31.024558249470296,31.831783294677734,977300.0
2019-10-02,31.803210056153112,31.83178502259233,30.781678168950773,31.37459373474121,1185200.0
2019-10-03,31.596044521446682,33.33907653681323,31.26029549028765,33.00333023071289,1666300.0
2019-10-04,34.09629557626309,34.30345998078937,33.217635857994146,33.981998443603516,2132300.0
2019-10-07,33.939136378662056,34.89637589734872,33.74626217923994,34.432044982910156,1822700.0
2019-10-08,33.75340354756124,34.289171857839996,33.0533332824707,33.0533332824707,2353600.0
2019-10-09,33.38193842537582,33.71768745090668,33.07476436479624,33.424800872802734,1042600.0
2019-10-10,33.631964757921295,34.47490441040166,33.381937906075116,34.08915328979492,1245400.0
2019-10-11,34.667783095513194,35.353568653242995,34.396329094075945,34.660640716552734,1492500.0
2019-10-14,34.39632498083553,35.14640003468891,34.39632498083553,34.696353912353516,836800.0
2019-10-15,34.967812721754406,35.2964166356934,34.69635601129853,35.23212432861328,970200.0
2019-10-16,35.25355694735034,37.55378997499922,35.03210776957265,36.425106048583984,2937000.0
2019-10-17,36.546546069407356,36.78228545872714,35.746466071676785,35.896480560302734,1393000.0
2019-10-18,36.10364339553558,36.43938970412041,33.93199505782095,33.96771240234375,2761600.0
2019-10-21,34.46776322575954,35.14640366848054,34.296316157838746,35.08211135864258,1275300.0
2019-10-22,34.73207422854,35.15354542444111,34.417757788823046,34.77493667602539,1073800.0
2019-10-23,34.48919515490687,34.917811487874154,33.674827664845544,34.26774597167969,1425400.0
2019-10-24,34.382040422610324,34.84637134063427,34.110583705497795,34.53205490112305,1784100.0
2019-10-25,34.44633270991219,35.760751122143986,34.44633270991219,35.15354537963867,1228700.0
2019-10-28,35.439291318013055,36.38224340729005,35.224984520460794,35.725032806396484,1096900.0
2019-10-29,35.38213591177115,35.653592600041684,34.74635799652725,35.26069641113281,1365800.0
2019-10-30,35.253555366371074,35.253555366371074,34.31060331441749,35.117828369140625,651800.0
2019-10-31,35.067824648123086,35.33928137620097,34.82494288617103,35.139259338378906,837700.0
2019-11-01,35.56787263505938,36.33223520114224,35.410713059770316,36.282230377197266,1127100.0
2019-11-04,37.64665339144814,38.0681245664732,36.86085824348931,37.53235626220703,2305400.0
2019-11-05,37.546645251802346,37.98240120105555,36.86800482746714,37.38234329223633,1134400.0
2019-11-06,37.15374403491196,37.253756405344475,36.46796127372545,36.875144958496094,971900.0
2019-11-07,37.96097571323353,39.59685584375814,37.43235243026315,39.03965759277344,2573200.0
2019-11-08,38.439590642528245,39.66114171349427,38.439590642528245,39.05393600463867,2296500.0
2019-11-11,38.22528499648076,38.33958213642778,37.18946835792406,38.296722412109375,1338300.0
2019-11-12,38.41816166818284,38.57532125643155,37.85382107640192,38.196712493896484,1547700.0
2019-11-13,37.79667129363252,38.4753117523185,37.253760561719,37.70380401611328,1411400.0
2019-11-14,32.64615019899742,32.75330222803442,30.71738370068676,31.031700134277344,13090800.0
2019-11-15,31.438884917674486,31.746058983217946,30.653092444226697,31.110280990600586,4852000.0
2019-11-18,30.945978426552564,31.00312835626964,29.61013015759017,30.181615829467773,3614500.0
2019-11-19,30.403066990757857,30.403066990757857,29.431540009324568,29.76728630065918,2578900.0
2019-11-20,29.35296188087576,29.424396570292213,28.45287225895829,29.045787811279297,3474200.0
2019-11-21,29.145794329059107,29.667275135828362,29.002922240547075,29.595840454101562,2944900.0
2019-11-22,29.724426869756915,29.795861555829962,29.124366241544095,29.788719177246094,1671500.0
2019-11-25,30.27448306007416,30.845968731146584,30.07446103140484,30.560224533081055,1547800.0
2019-11-26,30.560226072039125,31.05313470227122,30.288772067771433,30.89597511291504,1766600.0
2019-11-27,31.16028316598648,31.38173504150525,30.724524518223536,30.995981216430664,1210600.0
2019-11-29,30.51736319740677,30.838821996911115,30.367346002571786,30.581655502319336,762600.0
2019-12-02,30.681668786192297,31.396026603216292,30.553084161123273,31.15314483642578,1191300.0
2019-12-03,30.10303421295764,30.738812154679195,29.917302402758605,30.667377471923828,1054500.0
2019-12-04,30.753104313016806,31.074565884419126,30.374495531731235,30.588802337646484,1082300.0
2019-12-05,30.51736624347429,31.796064640943335,30.3030567223356,31.33173370361328,2190400.0
2019-12-06,31.63890749965574,31.78892198308993,31.26744111801483,31.55318260192871,1107800.0
2019-12-09,31.438885139468805,31.760346689986626,31.174573520180246,31.267440795898438,645400.0
2019-12-10,31.088853319605843,31.26029767404676,30.48164752455882,30.645952224731445,1613300.0
2019-12-11,30.717383738188193,30.93169052158244,30.53879429784989,30.653091430664062,1581900.0
2019-12-12,30.603088862479517,31.410313955361275,30.431641788084026,31.103139877319336,1153100.0
2019-12-13,31.374592137948444,31.49603437660499,30.867398772230203,31.095993041992188,1267500.0
2019-12-16,31.381737004564393,32.67472554724434,31.2745822492101,32.10323715209961,2193900.0
2019-12-17,32.32469110203958,33.03190653733107,31.85321505353152,32.39612579345703,1185700.0
2019-12-18,32.33183175396868,32.96761246387887,32.00322783090858,32.93189239501953,1250800.0
2019-12-19,32.931891048443745,33.1533429310467,32.45327266595616,33.0533332824707,1140200.0
2019-12-20,32.98904241474244,33.439088578017525,32.91046262313234,33.03904724121094,1516800.0
2019-12-23,32.88903646416172,33.88199345161243,32.7675942111683,33.66054153442383,1231400.0
2019-12-24,33.79626804150958,34.19630666005652,33.531953697045395,33.724830627441406,440200.0
2019-12-26,33.69625777882889,34.18916642916149,33.524813424411455,34.124874114990234,432500.0
2019-12-27,34.28917366703195,34.36060835548146,33.36050909189491,33.624820709228516,626400.0
2019-12-30,33.567673803169164,33.567673803169164,33.039047838723754,33.10334014892578,720700.0
2019-12-31,33.10334269746918,33.70340339719903,33.03905038231745,33.1104850769043,851800.0
2020-01-02,34.50348010839972,36.717990853695284,34.02486170550064,36.4751091003418,2902200.0
2020-01-03,35.446432685356434,37.28947708683084,35.43929030650069,35.81075668334961,2228700.0
2020-01-06,35.71788687440666,35.74646183792023,34.81065222078971,35.203548431396484,1766100.0
2020-01-07,35.63216483212653,35.67502455248656,34.63206290616178,34.93209457397461,1093600.0
2020-01-08,34.53205586454138,35.35356841751211,34.48205103697537,35.04639434814453,1039900.0
2020-01-09,35.30356264496819,35.36785495866034,34.053436442666616,34.26774597167969,1872700.0
2020-01-10,34.20345303957501,34.48919453132802,33.23192597248541,33.47480773925781,2046100.0
2020-01-13,34.14630408776069,37.38234694470155,34.0105770796558,36.92515563964844,4358600.0
2020-01-14,36.582262213665096,36.92515362999892,35.796469725199096,36.01077651977539,2168400.0
2020-01-15,36.239369859417835,36.48225161366726,35.38213997823993,35.982200622558594,1375600.0
2020-01-16,35.36785216512392,35.57501657344225,34.17487599146898,34.2891731262207,3554900.0
2020-01-17,34.46062018928793,34.51776739413183,33.11762681222315,33.424800872802734,3602300.0
2020-01-21,32.43184525363623,32.43184525363623,30.46021619695199,31.52461051940918,4790200.0
2020-01-22,32.424701549438154,32.43184665378913,31.36745228537973,31.403169631958008,1711600.0
2020-01-23,30.57451281628858,31.917506222278018,30.2816262318766,31.64604949951172,2269000.0
2020-01-24,31.881790480375965,31.917507826600318,30.66023652905599,31.117427825927734,1557900.0
2020-01-27,29.17437190422331,31.48889231521083,29.145796938950443,30.817394256591797,2158400.0
2020-01-28,31.274584273061688,31.424601485277392,30.681668703559218,31.045989990234375,1076000.0
2020-01-29,31.167432040703847,31.788922572933505,30.703098373772317,31.37459373474121,1089100.0
2020-01-30,30.860255956618875,31.403166658352845,30.117323227880934,31.324586868286133,1151200.0
2020-01-31,31.05313433666173,31.05313433666173,30.06731981286297,30.4459285736084,1399600.0
2020-02-03,30.717383128089768,32.27468323491389,30.645948443396698,31.51032066345215,2022200.0
2020-02-04,32.253255378345784,33.031905480133766,32.15324299847996,32.23896789550781,1901700.0
2020-02-05,32.910464612518666,32.98189930463215,31.224579718075667,31.631763458251953,1582600.0
2020-02-06,32.15324200225341,32.6604380895812,31.760345774087984,32.34611892700195,1468400.0
2020-02-07,32.267541503107275,32.38898374984548,31.517466335219055,32.360408782958984,890900.0
2020-02-10,32.23896501559485,32.324687179906405,31.86749867016681,31.96750831604004,1588400.0
2020-02-11,32.146101650378434,32.367553553879986,31.403168869333353,31.588903427124023,2030400.0
2020-02-12,32.06037787332027,33.11048195504301,32.03180290815619,32.41755676269531,2421500.0
2020-02-13,31.810352342711596,31.910361999899187,31.024559843330135,31.488893508911133,2230600.0
2020-02-14,31.6960559199152,31.6960559199152,31.003130682974508,31.117427825927734,1547500.0
2020-02-18,30.938833809433863,31.010268491353255,29.5029732673515,29.781572341918945,2785900.0
2020-02-19,30.274483609535483,31.360307766809374,29.953022062142114,30.68166732788086,2512500.0
2020-02-20,30.717382179021747,31.381735081363406,30.49593030322171,31.238862991333008,1829900.0
2020-02-21,31.074563760092907,31.110281104460583,30.210191491125098,30.917404174804688,1475800.0
2020-02-24,29.66727872014401,30.874545152617813,28.9600660204066,30.54593849182129,2244300.0
2020-02-25,30.974556434013966,31.61033447674587,30.1959062780138,30.98884391784668,3628900.0
2020-02-26,29.681563593792035,32.77473392037657,29.1958001119032,29.5672664642334,7000000.0
2020-02-27,29.14579748221291,30.217334174390288,28.367147376895,29.28866958618164,3729600.0
2020-02-28,29.16008296665745,30.103034973144535,28.874338778303194,30.10303497314453,3130800.0
2020-03-02,30.59594578216339,31.29601609687132,29.774433224821298,30.4459285736084,2150400.0
2020-03-03,30.06017835254636,31.353164261801915,29.724429305363007,30.474504470825195,2411800.0
2020-03-04,30.78167618958682,31.346019477707678,30.467359754143374,31.246009826660156,1592300.0
2020-03-05,30.588801424579746,31.68176800966402,30.574513941270688,31.045989990234375,1804000.0
2020-03-06,30.281627047884957,30.674523297309197,29.48154706586811,29.97445297241211,2009600.0
2020-03-09,28.495729173546067,29.35295898733355,28.081403110668163,28.395719528198242,2548600.0
2020-03-10,29.42439687603479,29.888730537242715,28.667179350140874,29.87444305419922,2596300.0
2020-03-11,29.11722272160083,29.817295763475247,27.974251331913763,28.417152404785156,2163700.0
2020-03-12,27.131306829369095,27.131306829369095,25.00252107617599,26.152637481689453,3107600.0
2020-03-13,27.752799227576915,28.181415539331848,25.952619983405867,27.152738571166992,2017400.0
2020-03-16,24.166724823322475,25.295408690186893,23.216627675053665,23.659528732299805,3807500.0
2020-03-17,24.002421449438142,25.866895779137874,23.573807851256987,24.381032943725586,2201000.0
2020-03-18,22.902311480148416,23.088043304509156,21.07355457655194,21.666471481323242,4098500.0
2020-03-19,21.437877180364506,24.402461700260275,21.273575217672178,23.816688537597656,2980700.0
2020-03-20,24.33102667190518,26.016908723152063,23.45236694019855,23.852405548095703,2073100.0
2020-03-23,23.745255252477314,25.052528652468865,22.973747495058955,24.34531593322754,1757400.0
2020-03-24,25.302551735264,25.874040150055013,24.77392849415865,25.31683921813965,1541000.0
2020-03-25,25.002522490456162,25.93118706651851,24.809645561379888,24.973947525024414,1997200.0
2020-03-26,24.99537932302276,25.895468905255512,24.83107463950336,25.53829002380371,932500.0
2020-03-27,24.788213511160205,25.031095245767457,23.609522179230627,23.95241355895996,1343700.0
2020-03-30,24.002420070192432,24.288164269266076,22.94517089371377,23.473796844482422,1574000.0
2020-03-31,23.609523265335046,24.26673381717697,23.173764598635458,23.652385711669922,1270100.0
2020-04-01,23.080901283550475,23.923843697685925,22.688003679700728,22.85944938659668,1501300.0
2020-04-02,22.973747799580845,23.45236896470694,22.79515834133626,23.095190048217773,1137900.0
2020-04-03,23.080901283550475,23.559519697054156,22.387973352000472,22.85944938659668,745300.0
2020-04-06,23.54523345500807,24.28102387395504,23.402361343800774,24.202444076538086,1086700.0
2020-04-07,24.645343247798326,27.02415594757049,24.63820086907115,26.174068450927734,2842300.0
2020-04-08,26.052630030752496,26.416951312421844,25.373989570720262,25.388277053833008,1471200.0
2020-04-09,25.659729913235115,26.209785725775912,24.8882249349715,25.445423126220703,1224900.0
2020-04-13,25.359698504691888,25.359698504691888,24.216727267743213,24.566761016845703,1230400.0
2020-04-14,25.13110682114359,25.395418435704237,24.83107513767425,25.173969268798828,2108600.0
2020-04-15,24.45246636653375,25.031097146613234,24.145292304584487,24.931087493896484,643800.0
2020-04-16,25.02395106524766,25.745453917476254,25.02395106524766,25.581151962280273,990800.0
2020-04-17,25.959761333273804,27.081302808227456,25.788314270356288,26.20978546142578,1562300.0
2020-04-20,25.838320375012945,26.459813624427262,25.759743305888826,25.902612686157227,928000.0
2020-04-21,25.12396274883036,25.616871379397185,24.509617324234622,25.331127166748047,1164900.0
2020-04-22,25.702593826443763,26.188357358076775,25.3025524694934,25.67401885986328,820300.0
2020-04-23,25.759741669684814,26.302652365372975,25.574007127039348,25.681161880493164,1164400.0
2020-04-24,25.69544915485621,26.116920336610125,25.359700140137065,26.06691551208496,740000.0
2020-04-27,26.681261595281264,27.145595235383645,26.345515296725598,26.55982208251953,942900.0
2020-04-28,26.995578834591896,27.01700869412698,25.809745130951757,26.181211471557617,1043000.0
2020-04-29,26.666977285474466,27.245605344322836,26.29551091217029,26.331228256225586,970800.0
2020-04-30,26.388375674657148,27.317042977941295,26.00976691951,26.809846878051758,1412900.0
2020-05-01,25.759743204322273,25.83117789417482,24.73821133409016,24.988235473632812,1905600.0
2020-05-04,24.931087312990094,25.874039353275258,24.502471015095885,24.716777801513672,1265800.0
2020-05-05,25.195399083291456,25.824034689107147,24.902512504171412,25.00966453552246,858200.0
2020-05-06,25.752595122014142,26.159778802212095,25.073954746664747,25.69544792175293,974900.0
2020-05-07,25.909757514499518,26.388375928434932,25.78831527249314,26.345516204833984,815800.0
2020-05-08,26.431236765776656,26.502671450795873,25.816888664400587,26.06691551208496,1155000.0
2020-05-11,25.83117525935929,26.352656072255595,25.295406964938074,25.981189727783203,852500.0
2020-05-12,26.352656987675005,26.495529082828675,25.752596368076436,25.766883850097656,896400.0
2020-05-13,25.94547270864249,26.009765013773634,24.731064014531114,25.023950576782227,1549300.0
2020-05-14,24.923940619463853,24.923940619463853,23.33092321778915,24.681058883666992,2200100.0
2020-05-15,24.07385832013372,25.145395016355767,23.93812859457467,25.045385360717773,1285100.0
2020-05-18,25.86689535431153,26.30979915355797,25.37398945199259,26.14549446105957,1716600.0
2020-05-19,26.62411244743453,26.73840957318584,25.123959606257863,25.63829803466797,2930800.0
2020-05-20,25.69545135142356,26.25264957236932,24.038141446764406,24.516759872436523,3692100.0
2020-05-21,24.116716141591898,24.288163198489336,23.3166362345404,23.638097763061523,4318300.0
2020-05-22,22.895165213355682,23.073754649848407,21.21642560034748,21.345008850097656,6492200.0
2020-05-26,21.966502516951632,22.22367176291559,21.0806990017228,21.295005798339844,4820000.0
2020-05-27,21.552175079691725,22.29510649004281,21.20213991796014,22.023651123046875,2742200.0
2020-05-28,21.99507479098328,21.99507479098328,21.366439236134084,21.423587799072266,1710100.0
2020-05-29,21.516456900774063,22.07365509631783,20.666370762343515,21.980789184570312,2280300.0
2020-06-01,21.816486044225886,22.14508995077168,21.61646538641806,21.973644256591797,1676100.0
2020-06-02,22.059368042783785,22.795157059899456,21.95221464636658,22.616567611694336,1607300.0
2020-06-03,22.888025347528405,23.70953521054371,22.880880243251536,23.559520721435547,1798500.0
2020-06-04,23.48093926867036,24.638200824607708,23.40235947751995,23.95956039428711,1778100.0
2020-06-05,24.345315478275044,25.245405120050556,24.345315478275044,24.573909759521484,1414100.0
2020-06-08,24.759639646932186,25.295407962481836,24.309593498854078,24.652484893798828,1804100.0
2020-06-09,24.28816385819652,24.41674847309754,23.5809484762409,23.645240783691406,1697700.0
2020-06-10,22.859447359677,23.716677180676584,22.859447359677,23.430932998657227,1911700.0
2020-06-11,22.859449245879638,23.15947820920363,22.580850144204874,22.688003540039062,2212900.0
2020-06-12,23.18805295522747,23.330925056673227,22.559418706430687,23.19519805908203,1338700.0
2020-06-15,22.788013522023554,24.281022793886514,22.666572641658117,23.8809814453125,1824100.0
2020-06-16,24.559620038520688,25.23826044134883,24.40246046258657,24.6096248626709,2721100.0
2020-06-17,24.6953472988193,25.17396841027475,24.38817324707917,24.70963478088379,1823700.0
2020-06-18,24.759641914111633,25.745456468008,24.702494705583963,25.1025333404541,2684300.0
2020-06-19,25.666876616458136,25.974050696175475,24.852509140020096,24.91680145263672,3070900.0
2020-06-22,25.116819732193726,25.116819732193726,23.802401292480322,24.21673011779785,1969100.0
2020-06-23,24.338168258578456,24.481040353203216,23.923842181731054,24.416748046875,1450300.0
2020-06-24,24.131004004451498,24.288163582000834,23.302349120656167,23.545230865478516,1285900.0
2020-06-25,23.459509881041,24.238159979431966,23.180910779562726,24.21673011779785,1054500.0
2020-06-26,23.93098617205898,24.395319829600034,23.709534274221767,24.316740036010742,1166800.0
2020-06-29,24.39531866383949,24.46675335002049,23.430934050044396,23.809545516967773,1268900.0
2020-06-30,23.702391464500227,24.288164628717542,23.588094328190962,24.00242042541504,848600.0
2020-07-01,23.93812769365355,24.131004618721562,23.252344887895248,23.60952377319336,808100.0
2020-07-02,23.923844240529586,24.423892527160753,23.923844240529586,24.088146209716797,1180800.0
2020-07-06,25.97405003743202,28.745759063746593,25.724023172460086,28.417152404785156,7753000.0
2020-07-07,27.63850243584372,28.567169760422242,27.4313407438775,28.14569854736328,3257100.0
2020-07-08,28.560024389552247,28.574311872495542,27.0813039681553,27.2598934173584,3343900.0
2020-07-09,27.231317986050897,27.724226601464547,26.82413426683187,27.24560546875,1648800.0
2020-07-10,27.245603349264094,27.28132069070399,26.37408604782657,26.709835052490234,1335000.0
2020-07-13,26.631255464675068,27.70279206620513,26.309796664262848,26.324081420898438,1774200.0
2020-07-14,26.202644850553032,26.538393895344413,25.509716898556793,25.916900634765625,1597700.0
2020-07-15,26.402664321009713,26.474101737903833,25.524004531153153,25.64544677734375,1239500.0
2020-07-16,25.316840109748426,25.70973909001905,24.66677460383542,25.64544677734375,1937600.0
2020-07-17,25.57400960795155,25.888328795209986,25.20254321168357,25.259693145751953,878300.0
2020-07-20,25.15968348619112,25.61687205850284,25.07395858508854,25.259693145751953,970300.0
2020-07-21,25.63115695116712,26.495529178637522,25.545432058729798,25.874038696289062,1449600.0
2020-07-22,25.688306947940916,25.70973953591027,23.82383257307992,24.202444076538086,3347200.0
2020-07-23,24.34531383850107,24.34531383850107,23.552376286622415,23.809545516967773,1542300.0
2020-07-24,23.67381737215522,24.238160695706146,23.302350984187225,24.088146209716797,1088100.0
2020-07-27,23.902409835976943,24.166724167454163,23.216627044970338,23.652385711669922,1382600.0
2020-07-28,23.78811374125885,24.95251769606571,23.680961708337893,24.35245704650879,1837900.0
2020-07-29,24.466754840008115,24.881083675253976,24.23101545614917,24.602481842041016,744200.0
2020-07-30,24.245303677556166,24.745354701678252,24.245303677556166,24.395320892333984,582300.0
2020-07-31,24.62391341015332,24.859650059197218,24.288164383422536,24.68820571899414,776500.0
2020-08-03,24.895366668701172,25.252545546157766,24.695347369344223,24.895366668701172,847200.0
2020-08-04,24.98823369191783,25.509714520823188,24.945371246027243,25.33827018737793,750200.0
2020-08-05,25.352560023538643,25.888328384158104,25.22397539898527,25.67401885986328,628200.0
2020-08-06,25.724019838346194,25.731164941451198,24.609623559103916,25.352556228637695,931500.0
2020-08-07,24.666772105983547,25.238260483030142,24.323880714790715,24.552474975585938,1173600.0
2020-08-10,24.502472869698895,25.63830192124906,24.502472869698895,25.259693145751953,1254800.0
2020-08-11,25.22397465080571,25.516861236921226,24.895367994994707,25.073957443237305,593300.0
2020-08-12,25.35970137713557,25.81688992369989,25.009664863326748,25.516860961914062,844800.0
2020-08-13,25.402564835284757,25.702593808999804,24.331028114773076,24.381032943725586,1143900.0
2020-08-14,24.509616904160364,24.509616904160364,23.238058177229792,23.345212936401367,1938100.0
2020-08-17,23.58809382834269,24.438178591312784,23.45236683343243,24.0452823638916,1035500.0
2020-08-18,24.109573635252353,24.538187187633437,23.938126579264814,24.209583282470703,1120400.0
2020-08-19,24.088145301556924,24.145292507135043,23.502372137823148,23.759538650512695,989000.0
2020-08-20,23.76668423507715,24.34531503171407,23.759539131073694,24.016708374023438,702500.0
2020-08-21,24.11671858138124,24.352457967831686,23.91669926564786,24.138151168823242,803600.0
2020-08-24,24.438177836861488,24.99537873178621,24.29530574264852,24.852506637573242,1114200.0
2020-08-25,24.85965109063534,25.74545596863253,24.773928916977148,25.63115882873535,1490700.0
2020-08-26,25.352557406007005,25.93118543169778,25.25969013673794,25.859750747680664,1247300.0
2020-08-27,25.65258648288911,26.109775003126206,25.59543928038874,25.90975570678711,1412900.0
2020-08-28,25.81689154324553,27.645648569283118,25.81689154324553,27.495634078979492,1517300.0
2020-08-31,26.87413831859878,27.88138265683401,26.616969087550025,26.645544052124023,2216800.0
2020-09-01,27.095589914135534,27.495631238679778,26.374087054248466,27.467056274414062,1415200.0
2020-09-02,27.374187760378774,27.767083963491064,26.609825213851344,27.09558868408203,839700.0
2020-09-03,26.781272584850374,26.781272584850374,25.4882841082747,25.83831787109375,1471100.0
2020-09-04,25.631156683895682,25.988335556817635,24.82393166807568,25.774028778076172,750400.0
2020-09-08,24.988235785935608,25.273979999034506,24.43103756795741,24.466754913330078,1319200.0
2020-09-09,24.866796475028917,24.866796475028917,23.945274241374758,24.381032943725586,1190000.0
2020-09-10,24.388173188823476,24.65248479373878,23.5023711034095,23.602380752563477,986600.0
2020-09-11,23.888122623889615,24.20244178378121,23.345211922803795,23.752395629882812,712500.0
2020-09-14,24.066711960146183,25.238260975924828,23.966702309727438,25.109676361083984,1337700.0
2020-09-15,25.359701183525488,25.359701183525488,24.49532892396025,24.738210678100586,658700.0
2020-09-16,24.916800032984725,25.552578018714783,24.78107031127247,25.173969268798828,683200.0
2020-09-17,24.959657658306508,25.652585516019187,24.859648013906416,25.63829803466797,1627000.0
2020-09-18,25.659730240162308,26.48838788394417,25.459710933074923,26.274078369140625,1250100.0
2020-09-21,25.445422867832065,25.945473849160294,24.9596593688342,25.88832664489746,790200.0
2020-09-22,25.831177469398536,26.124064053071642,25.21682933655771,25.702592849731445,685600.0
2020-09-23,25.488284230798854,26.116919801305674,25.07395543601571,25.26683235168457,1056900.0
2020-09-24,25.00966552716718,25.02395301025889,24.459612415959576,24.659631729125977,951600.0
2020-09-25,24.42389373450953,24.60248319572283,23.22377233715145,23.24520492553711,1746500.0
2020-09-28,24.52390408223846,26.716982265539492,24.43103680711462,24.973947525024414,2530900.0
2020-09-29,24.973948231992317,25.073957888775848,23.595237449056484,24.03814125061035,1465000.0
2020-09-30,24.17386508317067,26.538390090920338,24.131002639429486,26.024051666259766,4190600.0
2020-10-01,25.981192004668088,26.974148894671384,25.659730454832093,26.431238174438477,1427700.0
2020-10-02,25.90261221301462,27.895671097022998,25.71688038702306,27.53849220275879,1969300.0
2020-10-05,27.73136889674793,29.96730951883638,27.545637072336458,28.788618087768555,3626300.0
2020-10-06,28.824335539374065,29.652990461105325,28.64574609309527,29.138654708862305,1379400.0
2020-10-07,29.081504660417245,29.767287477340382,29.081504660417245,29.652990341186523,1152200.0
2020-10-08,29.810149950866926,30.324488426529825,29.417253715317177,29.574413299560547,591300.0
2020-10-09,29.39582330024038,29.860154215305837,29.381535817845634,29.452970504760742,527800.0
2020-10-12,29.917303642240213,29.99588343156178,29.13865357768978,29.19580078125,1021700.0
2020-10-13,29.095793289267508,29.14579811798854,28.19570364723013,28.488590240478516,914000.0
2020-10-14,28.752899720570237,28.752899720570237,27.117019802951063,27.709938049316406,1845600.0
2020-10-15,27.145596087006155,27.72422687935558,26.745554742597555,27.02415657043457,907600.0
2020-10-16,27.302753893885754,27.574207875022818,26.931287539370334,27.395618438720703,885500.0
2020-10-19,27.731367787242263,28.22427365639172,27.302754224943484,27.359901428222656,799600.0
2020-10-20,27.459913929928117,27.92424760819612,27.374191753576387,27.63136100769043,409100.0
2020-10-21,27.731368664086116,28.43858406180512,27.709938802811152,28.06711769104004,929100.0
2020-10-22,28.188557751715813,28.602886578125222,27.87424130499946,28.510019302368164,1289700.0
2020-10-23,28.752899742126466,28.752899742126466,28.05997184526641,28.574310302734375,446200.0
2020-10-26,28.381435524592014,28.695751980638647,28.195703692623276,28.431440353393555,369500.0
2020-10-27,28.252848625220647,30.11732279913916,28.159981354185785,29.76728630065918,1357600.0
2020-10-28,28.981496244070406,29.853013647608364,28.717184616380244,29.645849227905273,1131000.0
2020-10-29,29.645846090769197,30.431638511585458,29.588696163770955,29.895870208740234,1348900.0
2020-10-30,29.66727875530317,29.760146032924773,28.99578339994863,29.68156623840332,1472700.0
2020-11-02,30.00302535467241,30.181614791307368,29.438682080891905,29.72442626953125,1263100.0
2020-11-03,29.53154782481463,29.68156228982143,28.53859104444809,28.952917098999023,897200.0
2020-11-04,29.988737276452493,31.27458064964535,29.681563233543397,30.581655502319336,1712800.0
2020-11-05,31.338875748256545,31.71034212919252,30.13161205400868,31.367450714111328,1521300.0
2020-11-06,30.674522838167206,31.774634500135427,30.674522838167206,31.55318260192871,1376900.0
2020-11-09,31.788922168963317,33.55338681080997,31.774634685925275,32.57471466064453,1629900.0
2020-11-10,31.703200271855675,33.453377445904295,31.360308851133055,33.16048812866211,1867200.0
2020-11-11,32.96046457631981,33.710539633019124,32.410408808058065,33.06761932373047,1024000.0
2020-11-12,32.73901682070655,33.260497648494535,32.153240961691175,32.188961029052734,974900.0
2020-11-13,32.66043999975763,33.467662364363264,32.50328040927638,33.13191604614258,588400.0
2020-11-16,33.40336833174153,34.403470305919704,33.217636509424324,33.91056442260742,908200.0
2020-11-17,33.79626535351192,33.79626535351192,32.0103710197299,33.36764907836914,1260700.0
2020-11-18,33.146201703884934,33.20334890860248,31.20314769243291,31.831783294677734,1154500.0
2020-11-19,31.91035800604553,32.817592636362896,31.91035800604553,32.43898391723633,1081400.0
2020-11-20,32.14610256903988,32.58900366364128,32.0032304570546,32.181819915771484,472400.0
2020-11-23,32.381838335515795,32.54614029212496,31.517463381099116,31.796062469482422,548600.0
2020-11-24,31.803207262701527,32.14609865467773,31.446028388760663,31.753202438354492,546200.0
2020-11-25,31.21029268727207,31.374594661562956,30.653094450541335,31.160287857055664,1259000.0
2020-11-27,31.231723888721348,31.231723888721348,30.653093089687182,30.79596519470215,646600.0
2020-11-30,30.395922615789548,31.131712973074432,30.0316013515484,30.181615829467773,2052300.0
2020-12-01,30.71024458219154,30.71024458219154,29.774434835598186,29.860157012939453,845600.0
2020-12-02,29.71728398349141,30.253052344191797,29.152943381265022,30.074462890625,806400.0
2020-12-03,30.20304648208133,30.89597441023723,30.103036827514234,30.481645584106445,525400.0
2020-12-04,30.717382176507346,31.04598607600944,29.795860057198094,29.938732147216797,645400.0
2020-12-07,30.181617367925345,30.538796271687776,29.388679765563346,29.488689422607422,577400.0
2020-12-08,29.645845845044857,29.645845845044857,28.945775595470092,29.117219924926758,1004900.0
2020-12-09,29.64584726931408,29.71013957721373,29.124366427487395,29.160083770751953,589600.0
2020-12-10,29.14579564659134,29.45296969700753,28.2171311168706,29.15294075012207,1060700.0
2020-12-11,28.91005863653887,29.552978968097978,28.281423061741467,28.32428550720215,976700.0
2020-12-14,29.238664461474713,30.92454927604724,29.117222220564642,29.810150146484375,1683600.0
2020-12-15,30.495933592215472,30.538796041364854,29.660136271743163,30.117324829101562,1238300.0
2020-12-16,30.360204284973413,32.096093830330695,30.217332190385356,31.753202438354492,1661300.0
2020-12-17,32.038944892039105,32.99618441276863,31.960367826394336,32.5890007019043,2462400.0
2020-12-18,32.546139016292685,33.27478422468638,32.45327174878585,33.024757385253906,1956900.0
2020-12-21,32.081808842953976,33.017618546465954,31.96751170340783,32.68186950683594,1219000.0
2020-12-22,32.710440598064025,33.42479831686835,32.367549220044964,32.81759262084961,833400.0
2020-12-23,32.88903357201589,33.031905676184905,32.0175161891378,32.47470474243164,866200.0
2020-12-24,32.15324075935419,32.18896082649097,31.36744833339853,31.6531925201416,689700.0
2020-12-28,31.181719549853252,31.746060149673763,26.645545813559817,27.381336212158203,6453800.0
2020-12-29,28.13855211173647,28.89577232861974,27.59564140580449,28.28856658935547,3475600.0
2020-12-30,28.017114028753298,29.431542157899592,28.017114028753298,29.30295753479004,2294600.0
2020-12-31,29.074362155590066,29.32438628826199,27.674221562509956,29.281526565551758,1893900.0
2021-01-04,29.28866957037746,29.81015043328201,28.995782983676033,29.045787811279297,1421900.0
2021-01-05,29.01007295749832,29.417256717263825,28.531451777123717,29.352964401245117,940300.0
2021-01-06,29.152944484561335,30.360208255340737,29.131511896282216,29.531553268432617,1194800.0
2021-01-07,29.803005121785702,30.1387513990765,29.624415690758816,29.995882034301758,897700.0
2021-01-08,30.27448607656429,31.196005620773807,29.910162051477283,30.98884391784668,1305200.0
2021-01-11,30.103035317052367,30.42449685135876,29.631559308422514,29.76728630065918,783700.0
2021-01-12,30.003024549281236,30.153039018013608,29.088647530274233,29.7458553314209,877300.0
2021-01-13,29.624418126354588,30.024456740706906,29.3172440617291,29.574413299560547,1480000.0
2021-01-14,29.86730153337202,29.995886159399284,28.252851328833625,28.9886417388916,1913500.0
2021-01-15,28.98863996039859,29.881587183549478,28.92434765132938,29.360103607177734,1020700.0
2021-01-19,29.817293872852186,30.06017561839265,29.260092971283736,29.688709259033203,1105300.0
2021-01-20,30.438786790182306,30.824540662484456,30.067320401120103,30.510221481323242,1033700.0
2021-01-21,30.717382938139625,30.76024538372554,29.924445407680608,30.67452049255371,643800.0
2021-01-22,30.8745468209186,31.160288322846696,30.267341019835946,30.688812255859375,1095700.0
2021-01-25,30.924547528781634,31.531750523848363,30.231619642012966,31.51032066345215,2147700.0
2021-01-26,31.881787240897534,33.57481435044619,31.174571867255985,33.531951904296875,2865700.0
2021-01-27,33.21049423538621,38.982503653670655,32.28897204949635,35.98934555053711,6356300.0
2021-01-28,34.93209729342988,35.39642822551558,32.29611528373647,33.58195877075195,3904100.0
2021-01-29,33.510526966977906,33.93199821166196,32.23897085338081,32.56043243408203,1948300.0
2021-02-01,33.039050960454496,34.15345020089862,32.696159515331445,33.66054153442383,1096600.0
2021-02-02,33.88199036556269,34.874947262572604,33.43194419261664,34.80351257324219,1111200.0
2021-02-03,36.446534276454855,36.5751188949084,34.574917655160164,35.117828369140625,1650800.0
2021-02-04,35.73217395754132,36.43224420546281,35.12496825241519,35.97505569458008,1291300.0
2021-02-05,36.08935399463642,37.253757894593356,35.86075973176934,36.48225021362305,1554100.0
2021-02-08,36.46796369100604,37.69665993003657,36.32509159169062,37.618080139160156,1297800.0
2021-02-09,37.860960251492386,40.00403347327497,37.59664865048892,39.26110076904297,2190900.0
2021-02-10,40.22548733093936,41.21844420315917,39.353969972561146,40.91127014160156,1277400.0
2021-02-11,41.18987132920284,42.30427049689761,40.46837113813874,41.932804107666016,1068200.0
2021-02-12,40.89698333467237,44.84023864870808,40.86840836915807,44.161598205566406,1707600.0
2021-02-16,44.71879739858335,45.39743785676086,43.34008662014716,43.56868362426758,2388600.0
2021-02-17,43.10434945256974,43.19007162493991,40.17548358355071,42.039955139160156,1749500.0
2021-02-18,41.875653244590964,42.1685398319912,41.0827156549063,41.90422821044922,1675000.0
2021-02-19,42.375702859765866,42.81860391583606,41.918514321234234,42.647159576416016,2050800.0
2021-02-22,41.57562189409938,43.19006922168766,40.86840651748603,41.647056579589844,1260000.0
2021-02-23,40.14691152439577,42.33284479097932,38.72533821061941,42.22569274902344,1558800.0
2021-02-24,41.318457294971886,42.661450788099415,41.0970053850494,41.811363220214844,889000.0
2021-02-25,41.28987710193347,42.525715673355776,40.85411844162243,40.961273193359375,2829900.0
2021-02-26,40.2469175762922,40.36121471249337,38.48245298144406,39.41111755371094,2101900.0
2021-03-01,40.26835148094583,40.77554762850675,39.85402534251262,40.35407638549805,742700.0
2021-03-02,40.08261551754365,40.90412533044579,39.87545110709319,40.38978958129883,514500.0
2021-03-03,40.56838035114023,41.211300739831216,38.68961856323486,39.539703369140625,1664500.0
2021-03-04,39.21824429557762,39.21824429557762,36.546544925535876,36.982303619384766,2314000.0
2021-03-05,36.85371674073628,38.81820056971997,35.76075024608411,38.561031341552734,1649300.0
2021-03-08,37.92525569703273,38.13242011297053,36.3250930265963,36.982303619384766,1706100.0
2021-03-09,37.3609090858738,38.03240710243576,36.803710923244516,37.803810119628906,1764200.0
2021-03-10,38.35386685542748,38.47530909071453,36.85371666110482,37.21089553833008,863900.0
2021-03-11,37.82524108886719,37.92525073172734,37.43948727349941,37.82524108886719,1289100.0
2021-03-12,36.93944118426148,37.41091722326265,36.446535283278955,37.22518539428711,979300.0
2021-03-15,35.632165530944036,36.80371181144231,35.33927896081947,36.34652328491211,1102100.0
2021-03-16,36.5751210363053,36.73227790412632,35.33213722683311,35.896480560302734,1275100.0
2021-03-17,34.91781103294715,36.12507476870549,34.1891657289489,36.03220748901367,1876600.0
2021-03-18,36.28937450425241,39.64685659909763,35.59644931402879,37.71809005737305,5130800.0
2021-03-19,37.332334984969314,38.51102636782841,36.29651842282725,37.346622467041016,2081000.0
2021-03-22,37.15374673819442,37.746665000421636,36.69655819747201,37.4752082824707,984400.0
2021-03-23,37.18946630239445,38.43244728998417,36.925151966765846,37.518070220947266,1984300.0
2021-03-24,37.803809998486706,37.96811467545916,35.77503664873594,36.45367431640625,2928700.0
2021-03-25,35.44643381134815,36.99659167792267,35.074967422699224,36.56083297729492,1859600.0
2021-03-26,36.51082623930123,37.61808024320561,33.83198458869774,35.15354537963867,6199400.0
2021-03-29,34.98210364853719,34.98210364853719,33.38194091756518,34.782081604003906,3153200.0
2021-03-30,34.37489515405536,36.539401051748754,34.28203060593092,36.2679443359375,1616600.0
2021-03-31,36.589406978225824,36.782283909072696,35.65359728968553,36.04649353027344,917900.0
2021-04-01,36.553687755308346,36.71084734520744,34.953527790196574,35.725032806396484,1425900.0
2021-04-05,36.13935989347002,36.13935989347002,34.389182802264465,35.396427154541016,1179000.0
2021-04-06,35.57501818093618,36.61083754427373,35.36071138422536,36.46082305908203,740500.0
2021-04-07,36.33223524352538,36.33223524352538,35.24641114720211,35.303558349609375,912800.0
2021-04-08,35.36785140604341,35.98934461765962,34.89637539467925,35.96076965332031,877700.0
2021-04-09,35.82504205861969,35.960769049363975,34.689213133265035,35.274986267089844,912300.0
2021-04-12,35.18211591911568,35.31784289798569,34.73206981540813,35.08924865722656,560700.0
2021-04-13,35.08210938044614,36.210793203330375,35.046392038118775,35.51786804199219,920900.0
2021-04-14,35.78218256272208,36.41081819416083,35.28927665827574,35.732177734375,1070100.0
2021-04-15,36.00363022088139,36.00363022088139,34.83208126963771,34.90351867675781,640600.0
2021-04-16,34.996390302005345,35.417861518800265,34.4463344614385,35.3464241027832,1236100.0
2021-04-19,35.4392899152745,36.06792552492978,34.56063017254769,35.117828369140625,995300.0
2021-04-20,35.12497135050947,35.20355114369681,33.54624128303956,34.074867248535156,1158800.0
2021-04-21,33.810552630041464,35.410712417368316,33.48194600357496,35.35356521606445,1074100.0
2021-04-22,35.56787524266297,36.232228209561896,35.3392809664245,35.53215789794922,1780700.0
2021-04-23,35.83218671740862,37.060882990971,35.682172235187736,36.910865783691406,1210200.0
2021-04-26,37.0108743688008,37.06802156923851,35.53215410981832,36.15364456176758,1289900.0
2021-04-27,36.353669093448985,37.582365418222146,36.08221235831237,37.489498138427734,1023800.0
2021-04-28,37.575216522114175,38.032407770702676,37.09659813812456,37.11088562011719,771600.0
2021-04-29,37.46806581336412,37.67523022196012,35.9321955083367,36.50368118286133,1233600.0
2021-04-30,36.07506627657856,36.14650096136025,35.31784608262336,36.003631591796875,983900.0
2021-05-03,35.789322266602696,35.82504233423101,34.75350570678711,34.75350570678711,534000.0
2021-05-04,34.860660205243526,35.2535564514744,33.56767432719174,34.65349578857422,1934500.0
2021-05-05,34.81780348133696,34.86066320912807,33.93199853118122,34.00343322753906,921500.0
2021-05-06,34.05343384219961,34.496337624949646,33.024759626738074,34.39632797241211,1656000.0
2021-05-07,34.18916287546967,34.8463707075231,33.974856092193924,34.22488021850586,765300.0
2021-05-10,35.139258119622625,35.73931876215904,31.438884611491186,34.767791748046875,4975900.0
2021-05-11,34.00342976382829,34.86780476204015,33.37479686974893,34.210594177246094,1825400.0
2021-05-12,34.103447012034565,35.32499835509295,34.03200958769661,34.71779251098633,1364100.0
2021-05-13,34.832086841821244,35.08925609847679,33.33193647807575,33.63911056518555,1365400.0
2021-05-14,33.781976953442566,35.07496267191238,33.55338270293768,34.93923568725586,941600.0
2021-05-17,34.78922712551534,35.267845567157245,34.02486445971843,34.853519439697266,1107900.0
2021-05-18,34.99638738807213,36.075066392056364,34.80351046847391,34.88923263549805,1404000.0
2021-05-19,34.01771738093822,35.45357807264412,33.43194420797184,35.04639434814453,1366700.0
2021-05-20,35.196403399795415,35.72502655965405,34.839224557976976,35.08924865722656,1516100.0
2021-05-21,35.11068513523117,35.410714087609705,34.12487065945003,34.332035064697266,1164500.0
2021-05-24,34.48919245366571,34.66063951843642,33.66053754490098,34.53205490112305,1044500.0
2021-05-25,35.12496738261439,36.33223365964315,34.653491401809454,36.189361572265625,2677400.0
2021-05-26,36.182222674665745,36.7251333888547,35.93934092027784,36.22508239746094,2070800.0
2021-05-27,36.375095191902915,36.532254768359685,35.73931723268568,36.382240295410156,1227400.0
2021-05-28,36.40366955295279,36.710843597272145,35.97505600160689,36.31794738769531,1002500.0
2021-06-01,36.67512973476224,37.33948270991451,36.22508355561355,37.218040466308594,1013900.0
2021-06-02,37.168034177181546,37.45377837732763,35.88219072664147,36.12507247924805,1075100.0
2021-06-03,35.71788742032172,35.817897069089256,34.05343255850663,34.160587310791016,1374500.0
2021-06-04,34.17487419002434,34.80350976055116,34.03914720124201,34.09629440307617,1210100.0
2021-06-07,34.09629932318631,34.28917626669353,33.43194631501441,33.874847412109375,574800.0
2021-06-08,33.939133540046726,34.55348160551518,33.61052964807099,34.46061706542969,1509200.0
2021-06-09,34.69635969079698,35.789326302007844,34.59635003030172,35.367855072021484,991700.0
2021-06-10,35.167833896716274,35.86076182940969,35.167833896716274,35.53215789794922,556000.0
2021-06-11,35.61788167834565,35.73932120086688,34.6677844607244,34.782081604003906,872100.0
2021-06-14,34.78208227724278,35.53216018990803,34.610637921534476,35.1964111328125,535100.0
2021-06-15,35.017820207388205,35.11782986487642,34.282032534388804,34.482051849365234,888500.0
2021-06-16,34.71778660871351,34.86780381178965,33.953424011128725,34.1820182800293,357300.0
2021-06-17,34.217739962944954,34.646353556089565,33.98200057917428,34.382041931152344,1291400.0
2021-06-18,34.23202402188297,34.4177585734955,33.86056036877533,33.96771240234375,1129700.0
2021-06-21,34.04629367352147,35.21784006511044,33.77483693825659,35.1678352355957,1145500.0
2021-06-22,34.746361996392444,35.567874533728045,34.71778703116751,35.117828369140625,720800.0
2021-06-23,35.48929748820355,36.38224478264293,35.482152383815055,36.31081008911133,844600.0
2021-06-24,36.43224548179581,37.00373114042011,36.0750666045233,36.58940505981445,917000.0
2021-06-25,36.789423465915,37.44663127611297,36.482249420913355,37.425201416015625,833900.0
2021-06-28,37.61808284114687,37.710950121131056,36.367956651196984,37.3537712097168,921800.0
2021-06-29,37.05373596033222,37.48235224803768,36.50368016239829,37.21089553833008,541300.0
2021-06-30,37.22518298653109,37.69665899503679,36.99658872331975,37.58950424194336,1219500.0
2021-07-01,37.74666544497188,38.525315539140905,37.3537692084775,37.789527893066406,763200.0
2021-07-02,37.739526526786875,38.87535289232837,37.482357264755244,38.796775817871094,1177000.0
2021-07-06,42.81146332811923,44.83309449246068,41.07557364978451,41.24702072143555,20178500.0
2021-07-07,41.289877554517915,46.2189444123332,41.289877554517915,42.51857376098633,6624700.0
2021-07-08,41.41846563965969,43.31865731181177,40.768400139319745,42.66144943237305,1644600.0
2021-07-09,43.275795380205814,43.59011182063993,42.475712709004796,42.882896423339844,1031800.0
2021-07-12,43.0043402801335,43.13292490266182,42.361417167491894,43.08292007446289,860500.0
2021-07-13,43.2686477654087,45.3331411823309,42.9114688981195,44.36161422729492,1752900.0
2021-07-14,44.483057968692,44.697364751326106,43.93300216739402,44.21160125732422,741700.0
2021-07-15,44.32589903956616,45.676034787518944,44.211601905481764,44.76165771484375,825100.0
2021-07-16,45.0045430898807,45.168845063043044,42.81146477953725,43.068634033203125,1062700.0
2021-07-19,42.604299692423155,43.40437968299228,41.89708698091168,43.14006805419922,603300.0
2021-07-20,43.41152530808762,43.47581762127456,42.64001754984435,43.340087890625,544300.0
2021-07-21,43.24007509281933,44.2901818903017,42.89718368906274,44.13302230834961,727300.0
2021-07-22,43.94729148409576,44.14731079289597,43.2257885915372,44.02587127685547,517400.0
2021-07-23,42.575723323877604,43.29008111605715,41.95423280769784,42.289981842041016,1345700.0
2021-07-26,40.08975756556511,41.797072211617554,39.32539496440405,40.425506591796875,1280000.0
2021-07-27,39.168241081810095,39.72543931654942,36.610838745327726,37.075172424316406,1902800.0
2021-07-28,38.84677617164752,40.08261478279664,37.818099242092735,39.73257827758789,1527800.0
2021-07-29,40.08975836756072,40.98270560407572,38.75391006475073,39.86116409301758,980200.0
2021-07-30,38.389591722398315,40.418368107663746,38.28957933522319,40.2897834777832,703800.0
2021-08-02,40.618380645227255,41.34702585111929,40.13975955285081,41.07556915283203,579400.0
2021-08-03,40.24691460962491,40.73982046221105,40.03260783567695,40.41836166381836,359200.0
2021-08-04,40.704103841809676,41.60419612341825,40.368354830806325,40.611236572265625,307600.0
2021-08-05,40.43264642036421,40.60409347455766,39.23252521618548,40.41836166381836,385800.0
2021-08-06,40.31120871304181,40.918411720498106,39.56113360822562,39.76829528808594,300000.0
2021-08-09,40.361213565502496,40.361213565502496,39.01107783091365,40.01117706298828,458200.0
2021-08-10,40.44693932349671,40.54694898307387,38.818204353105614,39.66828918457031,449000.0
2021-08-11,39.86116356289226,39.86116356289226,39.046796130030486,39.6611442565918,442700.0
2021-08-12,39.42540474925558,39.596851814838125,38.79677186725643,39.0682258605957,1540900.0
2021-08-13,38.73248054689212,38.9396422365578,36.9608735409282,37.610939025878906,1512900.0
2021-08-16,36.95372732073377,36.95372732073377,35.39642715546298,36.260799407958984,695800.0
2021-08-17,34.5892056003352,34.74636519849697,32.217537769274095,33.1104850769043,2594400.0
2021-08-18,34.482048779782126,34.78207772553827,31.853212052429768,34.29631423950195,2900100.0
2021-08-19,33.64625429563189,34.43204958086306,32.946183916100914,34.00343322753906,2351800.0
2021-08-20,34.403470306716315,36.189364742748225,34.32489051552153,35.63930892944336,1996800.0
2021-08-23,36.24651685401938,36.6965603169405,34.960670602648165,36.525115966796875,1667000.0
2021-08-24,37.3323359670193,38.89678123179235,37.3323359670193,38.72533416748047,1746900.0
2021-08-25,38.18242367818397,38.72533438900308,37.67523031115872,38.33958053588867,811900.0
2021-08-26,38.575322393343285,39.13252062256164,38.39673293781855,38.9467887878418,536400.0
2021-08-27,35.374997315527686,36.01077529873848,33.04618944493553,34.77493667602539,3716300.0
2021-08-30,33.9319944765112,35.45357730763224,33.43908859039984,35.01067352294922,1534500.0
2021-08-31,35.317847756266524,36.117930434040204,34.72493221431749,36.08935546875,1630200.0
2021-09-01,36.61797627371932,38.15384649301314,36.56082907198619,37.675228118896484,1415900.0
2021-09-02,37.91811210969462,38.27529099818055,37.03944964596761,37.96097183227539,1069900.0
2021-09-03,37.89667923787839,38.49673987501698,37.596650281838414,38.482452392578125,531400.0
2021-09-07,38.66104270126467,39.368258110002955,37.953830017585084,38.64675521850586,709900.0
2021-09-08,38.64675287325477,39.075369154832714,37.45377674840533,38.25385665893555,733100.0
2021-09-09,37.296618836779615,38.41816032727034,37.1608918403395,38.33958053588867,511500.0
2021-09-10,38.968215692174944,39.482554157058495,38.132418411797794,38.2467155456543,505800.0
2021-09-13,37.90382395003018,37.90382395003018,36.996589262475815,37.168033599853516,422700.0
2021-09-14,36.86085841015672,37.2180372812825,36.43224485482921,36.90372085571289,508100.0
2021-09-15,36.69655441597325,37.36805240038924,35.96076685438556,37.232322692871094,888200.0
2021-09-16,37.225185969717906,37.539502425557835,36.77513978574124,36.803714752197266,489700.0
2021-09-17,36.8894315686253,36.9465814932368,36.025059396814214,36.33223342895508,1301400.0
2021-09-20,35.61787857369103,35.8107554971115,34.5463419269497,35.0606803894043,803200.0
2021-09-21,35.139260938793385,35.59645224245316,34.83923195598363,34.853519439697266,451400.0
2021-09-22,35.00353035683276,36.0179170713904,34.853515880746116,35.575016021728516,670500.0
2021-09-23,35.446431484745744,35.632166029408516,34.582059244366576,34.81779861450195,585700.0
2021-09-24,34.16059024769169,34.23202493865039,33.04619108334793,33.51052474975586,1195300.0
2021-09-27,33.46051781769865,33.917706351235935,32.64615040170304,33.59624481201172,1460400.0
2021-09-28,33.43908859943414,33.90341952051876,33.01047229721143,33.28192901611328,1061700.0
2021-09-29,33.36050938973389,33.82484031891856,33.06762280438215,33.10334014892578,435900.0
2021-09-30,33.18906386641885,34.417760196361584,33.117629174004946,33.92485427856445,906100.0
2021-10-01,33.8748493201979,33.95342912291137,32.57471819819057,32.960472106933594,447300.0
2021-10-04,32.61043368996488,32.960467475519565,32.160387526335896,32.41755676269531,486000.0
2021-10-05,32.46041488647461,32.70329662828832,32.074663775995155,32.46041488647461,771600.0
2021-10-06,32.07466551017253,32.54614153741291,31.87464347812056,32.16753005981445,451200.0
2021-10-07,33.33907686919273,34.49633845512825,33.067622870074864,34.074867248535156,1086400.0
2021-10-08,34.01771478013844,35.03924656527272,33.931992614444646,34.689212799072266,879800.0
2021-10-11,35.06782234902807,35.26784164867784,34.28917228603045,34.36775207519531,493000.0
2021-10-12,34.65349554082151,34.90352240485998,34.424901263737546,34.79636764526367,273600.0
2021-10-13,35.04639453884003,35.28213119506836,34.80351277860127,35.28213119506836,441700.0
2021-10-14,34.610636399010396,35.017820132229204,34.4749066712316,34.61777877807617,398500.0
2021-10-15,34.453477049894914,34.88923575254149,33.86770386028901,34.232025146484375,369900.0
2021-10-18,34.296313341730524,35.12496819767877,34.21773628065502,35.11068344116211,384500.0
2021-10-19,35.110687432009804,35.63216830601292,34.67492873214258,35.10354232788086,843400.0
2021-10-20,35.45357609245202,36.36795314551241,34.8392279880301,36.34652328491211,814800.0
2021-10-21,35.967909199009156,36.43224279524643,35.60358797008238,36.23222351074219,464100.0
2021-10-22,36.36795369394507,37.18232110974005,35.46071900571739,35.925052642822266,1705800.0
2021-10-25,36.167931901640344,36.36795118997746,35.36784929817503,35.80360794067383,775800.0
2021-10-26,35.546441584557044,35.546441584557044,34.03200386885168,34.04629135131836,1161200.0
2021-10-27,33.996289398134316,34.56063274049504,32.917610268801546,33.2890739440918,1244100.0
2021-10-28,33.07476490018655,33.203349519490075,32.51756669991042,32.76044845581055,885100.0
2021-10-29,32.36755242791343,32.68901125318762,31.824638981782606,32.131813049316406,522400.0
2021-11-01,32.031806254488,33.23192766616835,31.888934138800533,33.07476806640625,596600.0
2021-11-02,32.57471413459264,32.68901127199245,31.231723451409504,31.267440795898438,1327900.0
2021-11-03,31.788918884106856,32.20324767421991,31.653191896858683,31.96750831604004,820700.0
2021-11-04,32.14609984218914,32.91046244265427,31.07456318078283,31.095993041992188,483000.0
2021-11-05,31.10313841542057,31.631761646931142,30.853111557222938,30.874544143676758,1473000.0
2021-11-08,32.110382954304015,32.110382954304015,31.288870412207434,31.41031265258789,1296800.0
2021-11-09,31.45317132196353,31.874642509649714,30.76738852591575,31.031700134277344,800200.0
2021-11-10,31.217436778645684,32.75330443199286,31.174574329111522,31.488893508911133,1007500.0
2021-11-11,34.36060776411133,35.21783763604534,32.646150745301945,32.93903732299805,3045700.0
2021-11-12,33.07476518326739,33.2104949076154,32.324690047616215,33.10334014892578,1094900.0
2021-11-15,33.25335396644835,33.25335396644835,30.960266156836504,31.446029663085938,1443600.0
2021-11-16,31.760346371139683,31.788921336467446,30.93169145204535,31.546039581298828,839300.0
2021-11-17,31.374594139103312,31.431744072718306,29.895873670050587,30.960268020629883,1287400.0
2021-11-18,29.99588772885983,30.467363807275675,29.43154436566328,29.83158302307129,1498700.0
2021-11-19,29.860153757079576,30.395922075897005,29.438682570607522,29.981595993041992,544300.0
2021-11-22,29.610131655649408,30.50307891471568,29.095793162408423,30.274484634399414,2059200.0
2021-11-23,29.86730192862117,31.460319566530345,29.695854849963027,31.403169631958008,2099000.0
2021-11-24,31.303158624469134,31.303158624469134,30.010170023528364,30.738815307617188,2107600.0
2021-11-26,30.067320355995747,30.653093542660432,29.710141450709536,30.567371368408203,857200.0
2021-11-29,29.995883761631703,30.431639709381457,28.14569704064676,28.295711517333984,4993000.0
2021-11-30,28.474298807226617,29.138651696712273,28.217129595160117,28.438581466674805,2973200.0
2021-12-01,28.460012748365948,28.731469455231693,25.702591409044746,25.71687889099121,6404800.0
2021-12-02,26.681264180977593,26.738414116092343,23.930987592464216,24.54533576965332,3660600.0
2021-12-03,23.952415195751502,24.009565125474296,21.70218848903051,22.988033294677734,3073000.0
2021-12-06,22.995175917515446,23.6309566296681,22.609423425496068,22.84516143798828,1657800.0
2021-12-07,23.91670036315918,24.509618683518347,23.645243618593604,23.91670036315918,1893200.0
2021-12-08,23.223769766616222,23.88812270680015,22.016506123462147,23.31663703918457,2135100.0
2021-12-09,23.316637649070703,23.78811367781814,22.452265383876856,22.516557693481445,1493800.0
2021-12-10,22.452264468053574,22.766582261907352,21.880777446271313,22.60942268371582,1470500.0
2021-12-13,22.237956032561282,22.345110784480333,20.744949597009025,21.345008850097656,3055400.0
2021-12-14,20.702087856541432,21.166420134736274,20.33062148897383,20.594934463500977,2009900.0
2021-12-15,20.344908525025758,20.7163748844435,19.880576257018227,20.70208740234375,1257300.0
2021-12-16,21.616466455714942,22.2022396137715,20.673514409816164,20.887821197509766,1380200.0
2021-12-17,20.394914991492712,21.180708857349025,19.501967726321762,21.08784294128418,1684300.0
2021-12-20,20.81638388413207,21.316434841775855,20.423487676361415,21.19499397277832,1529100.0
2021-12-21,21.430732835443987,22.516556959446845,21.423589094328655,22.402259826660156,1108100.0
2021-12-22,21.630753792856577,22.137947156169638,21.116415325801842,21.580747604370117,1653300.0
2021-12-23,21.25214385986328,21.345009771334652,20.537786083061153,21.25214385986328,1073200.0
2021-12-27,21.252143420313168,21.77362425958609,21.252143420313168,21.480737686157227,648600.0
2021-12-28,21.20928237453637,21.266430941100957,20.487780870077707,21.102128982543945,990400.0
2021-12-29,21.030692852042275,21.06641019505796,20.102026945812256,20.373483657836914,3607400.0
2021-12-30,20.38062646084075,22.595134326584056,20.309190415568235,22.445119857788086,1362100.0
2021-12-31,22.095086717313116,22.716577233132703,21.85934870053166,22.13080406188965,1628500.0
2022-01-03,22.49512816760356,23.18091240097955,22.202241562863332,22.723722457885742,1633500.0
2022-01-04,22.666569995370455,22.666569995370455,21.909351198129183,22.23795509338379,687000.0
2022-01-05,22.01650652361994,23.345212428137497,21.77362476983653,22.84516143798828,4511600.0
2022-01-06,23.002323192065347,24.58819575754885,22.57370821185038,23.91670036315918,2046400.0
2022-01-07,24.095288240061215,25.14539507690629,23.83097661737309,23.8809814453125,2246400.0
2022-01-10,24.1310069939671,24.1310069939671,22.623712876164145,23.68096351623535,1117100.0
2022-01-11,23.673814824468398,24.54533213033693,23.366640781418294,24.53818702697754,1341000.0
2022-01-12,25.195399685072804,26.08120182232321,24.795358339988244,25.073957443237305,7711400.0
2022-01-13,24.459610919750748,24.895366864627995,23.52380127242855,23.645240783691406,1633300.0
2022-01-14,23.673816689819127,24.58105140879365,23.59523689702515,24.459611892700195,2227300.0
2022-01-18,24.102432360097882,24.55962089691263,23.638098719549923,23.909555435180664,711700.0
2022-01-19,23.98099089778689,24.495329380868235,23.788113966631386,23.966703414916992,5506400.0
2022-01-20,25.15968252979992,26.03119719074331,24.58105173211771,24.74535369873047,3371300.0
2022-01-21,24.609625903765433,24.802502830100874,23.445221967025685,23.90241050720215,1633400.0
2022-01-24,23.273778262612844,23.773826538925878,22.38797339803498,23.58809471130371,2659100.0
2022-01-25,23.13804786415292,24.116717251529284,22.938028559449073,23.95956039428711,1116000.0
2022-01-26,24.131003474244242,24.309592908423216,22.84516009316733,22.966602325439453,2061300.0
2022-01-27,23.22377109972548,23.473797967137333,22.037938611985386,22.145092010498047,3346300.0
2022-01-28,22.080799102783203,22.752295804546304,21.70933272627346,22.080799102783203,2245300.0
2022-01-31,23.209485902255615,24.83107569491898,22.78801333269665,24.752498626708984,3081800.0
2022-02-01,24.431035498453937,25.116818281729493,24.202441237362084,24.79535675048828,452000.0
2022-02-02,24.745353455359854,24.745353455359854,23.602382079269287,23.78097152709961,629600.0
2022-02-03,23.38092877514168,23.595235554622626,22.7737244165733,22.873735427856445,660800.0
2022-02-04,23.045180414994793,23.509514054587786,22.752295201413357,23.423791885375977,406700.0
2022-02-07,23.088043831359673,23.530944903448606,21.816487821946893,22.166522979736328,1250400.0
2022-02-08,22.17366580748994,23.17376504922236,21.902209092208032,23.123760223388672,2512200.0
2022-02-09,23.295208824117882,23.473798278181885,22.96660488265423,23.216629028320312,669800.0
2022-02-10,22.50226941242658,22.94517046006746,22.266531406416615,22.537986755371094,1036300.0
2022-02-11,22.716577116121073,22.716577116121073,22.12366020651092,22.323680877685547,879300.0
2022-02-14,22.087941989492425,22.752294924170524,21.759336711439804,22.03793716430664,3971100.0
2022-02-15,22.23081632918614,22.938030419293675,22.23081632918614,22.930885314941406,516300.0
2022-02-16,22.69514602168036,23.302349018546217,22.566561408805008,23.11661720275879,411600.0
2022-02-17,22.645142199992716,23.18805291446171,22.46655275476416,22.709434509277344,628600.0
2022-02-18,22.30225020747465,22.359398777439804,21.144991325047926,21.537887573242188,996800.0
2022-02-22,21.409300430616664,21.73790569114115,20.71637393102063,20.852102279663086,732400.0
2022-02-23,21.130702766319523,21.316435949884344,20.31633534513703,20.352052688598633,542600.0
2022-02-24,19.387669971697083,20.08774164095382,19.18050692125012,20.05202293395996,1865900.0
2022-02-25,20.123457304812455,20.723517906901815,19.794852040559118,20.20918083190918,1017500.0
2022-02-28,19.873432461559357,20.159175290125596,19.330520406018866,19.594833374023438,693500.0
2022-03-01,19.694843976513365,20.323479592310935,19.03049101636497,19.201936721801758,1032400.0
2022-03-02,19.337664858254122,19.787711022010964,18.909049918376432,19.587690353393555,1804200.0
2022-03-03,21.13070275940432,21.495025385216554,19.301947251676623,19.487680435180664,2507300.0
2022-03-04,19.187649738380724,19.57340221762724,18.251840098159843,18.4161434173584,1074100.0
2022-03-07,18.00181767532316,18.13754468060195,16.90170597445668,16.908849716186523,1620200.0
2022-03-08,17.25174059895873,18.173262815051064,17.00885883793576,17.937524795532227,1026600.0
2022-03-09,17.844656551613717,18.92333693476164,17.844656551613717,18.709030151367188,692400.0
2022-03-10,17.87323358873555,17.894663452042508,17.30889023780832,17.47319221496582,732300.0
2022-03-11,17.430330936225758,17.908950741130635,15.294401168823242,15.294401168823242,1263300.0
2022-03-14,13.858541050735816,15.16581577054043,13.30134283862428,14.33001708984375,1550800.0
2022-03-15,13.865684950667902,15.651579471490964,13.865684950667902,15.108667373657227,1580400.0
2022-03-16,17.844657660426268,18.559015466168198,16.880274350168794,18.230411529541016,2838200.0
2022-03-17,17.201735141904837,17.58034525260207,16.47308988548193,17.266027450561523,1232000.0
2022-03-18,17.37318093758917,19.880576901098216,17.37318093758917,19.22336769104004,2675700.0
2022-03-21,18.694743848785386,19.4305328799193,18.351852428705836,18.59473419189453,1177800.0
2022-03-22,19.28051568511705,19.859145086394424,18.78760845160632,19.40195655822754,1421000.0
2022-03-23,18.987628390594317,20.287759239936282,17.444615804284155,19.28765869140625,3038400.0
2022-03-24,18.273270624885544,19.430530743577705,18.25898314332076,19.044776916503906,944000.0
2022-03-25,18.423287644836332,19.280516156089064,17.894661693068826,18.130399703979492,724800.0
2022-03-28,18.39471343080809,18.909050558557002,18.094683098988877,18.487579345703125,674700.0
2022-03-29,18.859043806508495,19.409099585820098,17.951809162064045,18.10896873474121,897200.0
2022-03-30,17.830367488998192,18.273269861294185,17.52319482336664,17.630348205566406,632600.0
2022-03-31,18.8090401577149,19.216223871383704,17.066006805534176,17.508909225463867,1811700.0
2022-04-01,18.70188549582727,19.073351840575604,17.923235465021012,18.30184555053711,1087100.0
2022-04-04,19.087638482567293,19.53054088459919,18.594732618849456,19.180505752563477,755100.0
2022-04-05,19.080496161707295,19.651983218557643,18.694743658672976,18.923337936401367,820400.0
2022-04-06,18.573301315307617,18.86618788089282,18.180405101726276,18.573301315307617,700900.0
2022-04-07,18.430429321949575,18.71617351068557,17.501764796145405,17.758934020996094,580900.0
2022-04-08,17.90894888497077,18.15183063318379,17.53034014292582,17.787508010864258,387800.0
2022-04-11,17.394612056328242,18.130399690976294,16.99457208469721,17.14458656311035,783900.0
2022-04-12,17.501765689920635,17.63749405024864,16.758832941314,16.880273818969727,510500.0
2022-04-13,16.923137065544825,17.008859240564846,16.558814415386223,16.737403869628906,630900.0
2022-04-14,16.71597228375798,16.71597228375798,16.123055362972874,16.287357330322266,554300.0
2022-04-18,16.001614678124636,16.394512291305073,15.730159309725087,16.0801944732666,677600.0
2022-04-19,15.858742645233768,16.280213828070842,15.730158031821876,16.144485473632812,403900.0
2022-04-20,16.165916631439938,16.215922822635715,15.458702563452377,15.715871810913086,470100.0
2022-04-21,15.565856125089228,15.565856125089228,14.69433879255136,14.844354629516602,1005200.0
2022-04-22,15.101523471762695,15.572999511252755,14.872929193528648,14.96579647064209,1172000.0
2022-04-25,14.551469155179241,15.244395738748008,14.208576371658877,15.108667373657227,668900.0
2022-04-26,15.015801522087651,15.058662609261857,14.494320646791715,14.730058670043945,1434900.0
2022-04-27,14.915790280065188,15.194390748876135,14.672909881338548,14.96579647064209,593900.0
2022-04-28,15.187247997653065,15.272970176315678,14.744345532798016,15.18010425567627,648800.0
2022-04-29,16.287357343498858,17.001715145626516,16.094481772446716,16.53023910522461,1555500.0
2022-05-02,16.365936868288674,16.687398418965234,16.01590171451273,16.308788299560547,3008700.0
2022-05-03,16.565958399198625,16.82312629054703,15.96589771516997,16.108768463134766,539400.0
2022-05-04,15.830167108620083,16.223063313143243,15.380122340483933,16.20163345336914,738800.0
2022-05-05,15.894460658213744,16.015901535721493,15.50870680170818,15.651578903198242,843400.0
2022-05-06,15.465847258476606,15.558714542464369,14.74434566281176,14.8657865524292,511300.0
2022-05-09,14.594329443246547,14.608616925638058,14.137140906952709,14.294299125671387,903600.0
2022-05-10,14.46574569322276,14.722914941556127,13.99426964629785,14.458601951599121,1022400.0
2022-05-11,14.730058303727319,14.915790131039781,14.09427894089548,14.280012130737305,768000.0
2022-05-12,14.151426823509643,14.694338883823537,14.015699830328142,14.530036926269531,1121800.0
2022-05-13,14.980081552946029,15.572998431972229,14.644333900374807,15.130097389221191,656900.0
2022-05-16,15.001513952313406,15.63729196475919,14.901504295307387,15.137242317199707,787500.0
2022-05-17,15.930177844426632,16.351649040862547,15.194390207874928,15.358692169189453,1134900.0
2022-05-18,15.237251292885386,15.858743156918978,15.165815242848407,15.358692169189453,703100.0
2022-05-19,15.372981585928335,15.91589372697742,15.172960893164094,15.330119132995605,566200.0
2022-05-20,15.630148498466072,16.065907204574533,15.3586931264419,15.480134010314941,1280000.0
2022-05-23,15.751588378606133,15.951609045924535,15.308687321548039,15.387267112731934,1199200.0
2022-05-24,14.980083335423053,15.201535245678368,14.530038498105382,14.687196731567383,984900.0
2022-05-25,14.80863639996791,15.022944550726825,14.558610905347175,14.708626747131348,1239000.0
2022-05-26,14.915790340468126,15.673010593346556,14.915790340468126,15.66586685180664,1369900.0
2022-05-27,15.794451605977057,16.037333370238976,15.608718411980922,15.715871810913086,1213000.0
2022-05-31,16.608819072896786,16.987429202488453,15.644435757448512,15.715871810913086,2657900.0
2022-06-01,16.073049501812502,16.523094288350364,15.572998527855507,15.70872688293457,2359100.0
2022-06-02,15.551570291098047,15.858744376101338,14.930078379285641,15.001514434814453,2051200.0
2022-06-03,14.93007717009399,16.40879754090182,14.73005786584826,16.03733253479004,2120000.0
2022-06-06,17.05172082143132,17.63035024217505,16.61596213928158,16.694541931152344,1262100.0
2022-06-07,16.437371774944953,16.98028382131224,16.38736695110692,16.665966033935547,1082200.0
2022-06-08,17.001714057776354,17.987528524651896,17.001714057776354,17.61606216430664,1808600.0
2022-06-09,16.851702116382675,17.266029622893814,16.658825166145725,17.00171661376953,869100.0
2022-06-10,17.058864178357027,17.251741117174173,15.644436018756776,15.937322616577148,5650500.0
2022-06-13,15.48727797737506,15.930179069100719,14.872929807368477,15.001514434814453,2033200.0
2022-06-14,15.215820889542208,15.80159544140654,15.144386198182845,15.430129051208496,1902200.0
2022-06-15,15.530138379764619,15.937322107006601,15.472989810371523,15.587286949157715,1546800.0
2022-06-16,15.194391375983416,15.265827431512228,14.901504774591775,15.001514434814453,838700.0
2022-06-17,15.39441083067006,15.601575257257172,14.644335647400355,15.415842056274414,3626900.0
2022-06-21,15.558713724528326,16.408798544631175,15.522995016207153,16.130199432373047,1264400.0
2022-06-22,15.908749599991705,16.58024499600711,15.808738574764087,16.365938186645508,745800.0
2022-06-23,16.58738755062677,16.930280328601537,16.244496135181365,16.601675033569336,562000.0
2022-06-24,16.87313191190012,17.051721362708623,16.5659578385048,17.016002655029297,512300.0
2022-06-27,17.066005848236916,17.180302976801734,16.48023272370991,16.6159610748291,1207900.0
2022-06-28,16.715972072618822,17.201735589541673,16.558813848773518,17.037433624267578,1416400.0
2022-06-29,16.930280594870407,17.34460806901556,16.59453155308647,16.701684951782227,2356900.0
2022-06-30,16.8588451382621,16.8588451382621,16.294501795945113,16.523096084594727,2698800.0
2022-07-01,16.430229610773345,17.308889389038086,16.358793557351063,17.308889389038086,626300.0
2022-07-05,16.99457326056369,17.180305095489164,16.744547750046358,17.151731491088867,916300.0
2022-07-06,16.901703517907972,17.12315402922913,16.251638102798374,16.408796310424805,861200.0
2022-07-07,16.480235076546688,16.86598896242288,16.301645617351287,16.630250930786133,522800.0
2022-07-08,16.42308663138083,16.54452751907602,16.108768799252786,16.315933227539062,759600.0
2022-07-11,15.844457640537271,15.880174988723248,14.594331378615182,14.658623695373535,1080800.0
2022-07-12,14.730058320029583,14.95865259623271,14.215719836043187,14.522893905639648,807400.0
2022-07-13,14.287154718114227,14.80149179745581,14.15857010764652,14.665764808654785,679200.0
2022-07-14,14.565753687202236,14.787205564652695,13.665662783372753,13.937119483947754,869800.0
2022-07-15,13.858540891209936,13.922833201487254,13.258480236974531,13.794248580932617,828200.0
2022-07-18,14.208575362025295,14.608616687284666,14.115709453054297,14.287155151367188,547300.0
2022-07-19,14.451458113616585,14.758632188737854,14.294299886532642,14.622903823852539,567100.0
2022-07-20,14.637190663878293,14.687195490183838,14.180002123336953,14.344304084777832,362100.0
2022-07-21,14.43002799966709,14.701483362172437,14.401453033861598,14.64433479309082,1840500.0
2022-07-22,14.465744826781577,14.694339094928496,14.165714509206417,14.294299125671387,545700.0
2022-07-25,14.222863064018208,14.365735162751887,14.015700019636617,14.172858238220215,284600.0
2022-07-26,14.272867748992601,14.272867748992601,13.701382084755085,13.851396560668945,356600.0
2022-07-27,14.037130371907947,14.337160699724837,13.87282840638496,14.280012130737305,468500.0
2022-07-28,14.280012478532273,14.444314448056897,13.729956637049602,13.972838401794434,588900.0
2022-07-29,13.515649828760205,13.765675334933666,13.229906977074561,13.72995662689209,883400.0
2022-08-01,13.322772814576375,13.422783833975258,12.66556357829956,13.05846118927002,1006300.0
2022-08-02,12.844153035601927,13.301342958343808,12.672707325522241,13.179902076721191,809100.0
2022-08-03,13.101321730240592,13.687094888976105,12.929876027381125,13.601372718811035,704900.0
2022-08-04,13.879972098436355,14.20857602831308,13.41563980674868,13.551366806030273,568500.0
2022-08-05,13.27276747530115,13.679951191203202,13.14418285711538,13.544222831726074,802600.0
2022-08-08,13.465644293300032,13.965693916872938,13.451356810833266,13.737099647521973,512200.0
2022-08-09,13.479931953762922,13.508505556544433,13.158470406662554,13.408495903015137,528400.0
2022-08-10,13.437070385516142,13.722813244685417,13.251337186423758,13.665664672851562,403200.0
2022-08-11,13.901402810716819,14.680052959624454,13.851397980287246,13.987126350402832,1451400.0
2022-08-12,13.615659846705492,14.037131075049196,13.544223791260395,13.908546447753906,375000.0
2022-08-15,13.651378070411338,13.901402211787136,13.372777600332137,13.801392555236816,648600.0
2022-08-16,13.4870748398878,13.787105174290899,13.315629129161657,13.75853157043457,547700.0
2022-08-17,13.615659435763419,13.615659435763419,13.058461217673523,13.151327133178711,847700.0
2022-08-18,13.05846047738487,13.05846047738487,12.736998937072629,12.91558837890625,746900.0
2022-08-19,12.915588721989225,13.022742117429901,12.744143016778272,13.001312255859375,655600.0
2022-08-22,12.908444921827291,13.272767554689656,12.665563166585715,13.258480072021484,484700.0
2022-08-23,13.272767646771193,13.365633559699905,12.958449838537472,13.094178199768066,432300.0
2022-08-24,12.92987661038442,13.672808022940611,12.865584298597037,13.515649795532227,522500.0
2022-08-25,13.922832300097763,14.522892915484151,13.722811640792544,14.43002700805664,1252300.0
2022-08-26,15.980183552277273,16.023044635997767,14.580041646291406,14.72291374206543,1179100.0
2022-08-29,14.722914299689794,14.980082174282167,14.294299358663391,14.301443099975586,549300.0
2022-08-30,14.365735410588432,14.45145758128406,13.858540677610167,14.029986381530762,567900.0
2022-08-31,14.730058799918027,15.208678592259718,14.55861172465077,14.78006362915039,1982700.0
2022-09-01,14.022842618564106,14.151427236938328,13.2156189268683,14.058561325073242,1061700.0
2022-09-02,13.622802580087638,13.987125209612504,13.394208309608349,13.601372718811035,712200.0
2022-09-06,13.265624633624057,13.265624633624057,12.829865923005404,12.965594291687012,1247900.0
2022-09-07,12.951306456475264,13.258480531847583,12.922732852677278,13.151327133178711,647000.0
2022-09-08,12.908444530991876,13.1513262788796,12.858439705696632,13.108465194702148,637700.0
2022-09-09,13.394208410340823,13.472788202357544,13.22990644751435,13.287055015563965,400200.0
2022-09-12,13.315628507373091,13.522792916407603,13.17275776970418,13.479931831359863,536300.0
2022-09-13,12.958449697209792,13.287054984626966,12.844152561376688,12.92273235321045,1879400.0
2022-09-14,12.851296782447646,12.901301610925245,12.594127535957842,12.787004470825195,699100.0
2022-09-15,12.651275156803928,12.951305467688135,12.572696730461617,12.937019348144531,799100.0
2022-09-16,12.815578244377837,12.972736456756452,12.708424855822907,12.929875373840332,1062700.0
2022-09-19,12.858440890108659,13.037030346915722,12.844153406557032,12.965594291687012,500300.0
2022-09-20,12.908445607753306,13.772819279697886,12.879872003427964,13.522793769836426,1615400.0
2022-09-21,13.33705987396599,13.70852624843536,13.279911305780649,13.379920959472656,790500.0
2022-09-22,13.3799210739003,13.544223038522123,13.158470540604393,13.187044143676758,652600.0
2022-09-23,12.958449791901318,13.008454618877535,12.272666971891464,12.486973762512207,814100.0
2022-09-26,12.508405166733565,12.679850874205211,12.029785389093377,12.0369291305542,863000.0
2022-09-27,12.115507179932758,12.408395120483213,11.544021506362089,11.586882591247559,937800.0
2022-09-28,11.429724687526287,12.629845997721244,11.429724687526287,12.536978721618652,911900.0
2022-09-29,12.144081921760698,12.165513145074351,11.879768951009485,11.972636222839355,585000.0
2022-09-30,11.858340042675954,12.222662693094346,11.836908817640964,12.215518951416016,1102400.0
2022-10-03,12.165513116589251,12.301240109670037,11.686893363939358,11.729754447937012,654700.0
2022-10-04,11.886913802499997,12.686995168066462,11.886913802499997,12.601271629333496,769300.0
2022-10-05,12.52269231457629,12.787003928907517,12.301240422804439,12.465543746948242,357500.0
2022-10-06,12.322671760158165,12.486973723286566,11.972636609894876,12.00121021270752,246600.0
2022-10-07,11.7869040937814,11.865483890416023,11.372576610440563,11.415437698364258,410800.0
2022-10-10,11.322570068979836,11.365431150423607,10.515345768299653,10.529632568359375,545600.0
2022-10-11,10.336758016640225,10.37247604448227,9.843850731202377,10.029583930969238,782300.0
2022-10-12,10.02958235266794,10.115305197240277,9.7795568783835,9.843849182128906,540700.0
2022-10-13,9.408091861232082,10.065301062444904,9.21521493682054,9.993865013122559,860600.0
2022-10-14,10.201028956493488,10.201028956493488,9.743840411113629,9.758127212524414,535900.0
2022-10-17,9.958147679920698,10.129594073946041,9.800989450522462,9.893856048583984,544800.0
2022-10-18,10.129593691899336,10.17959851925237,9.686691943339767,9.715266227722168,623800.0
2022-10-19,9.458096458316737,9.586681071482118,8.858035838564469,9.09377384185791,779600.0
2022-10-20,9.286651363648769,9.658117745201768,8.772313558907957,9.036625862121582,1546200.0
2022-10-21,8.893754527019842,8.893754527019842,8.522288823052433,8.750883102416992,598700.0
2022-10-24,7.872223313336205,7.9079406584620635,7.157865510584013,7.6507720947265625,1894400.0
2022-10-25,7.8222172510187615,8.172252386123752,7.8222172510187615,8.072242736816406,1161000.0
2022-10-26,8.03652447616897,9.000907685815093,8.03652447616897,8.715164184570312,3365800.0
2022-10-27,8.486570715005262,8.629442138234706,8.215114670236973,8.42227840423584,2044800.0
2022-10-28,8.065099077741856,8.122247644002366,7.6293410896893,7.772212505340576,1002500.0
2022-10-31,7.772212612965217,8.35084202468154,7.772212612965217,8.086529731750488,2106500.0
2022-11-01,8.679445837892143,8.979476128308303,8.615154216744049,8.900897026062012,3047100.0
2022-11-02,9.100917452440932,9.172353499012281,8.772312864489056,8.793744087219238,1127500.0
2022-11-03,8.529430660542449,9.143778720157906,8.529430660542449,9.058055877685547,613200.0
2022-11-04,9.915286330434663,9.915286330434663,9.179497988325418,9.400948524475098,1526300.0
2022-11-07,9.608111522716037,9.850993264733207,9.400947804159856,9.40809154510498,884500.0
2022-11-08,9.258077392190279,9.543820248231917,9.015195623922532,9.372374534606934,547200.0
2022-11-09,9.09377452146383,9.215215402692426,8.715165075950107,8.750883102416992,833100.0
2022-11-10,9.193784300185929,9.37237374039451,9.079487167454783,9.293794631958008,946000.0
2022-11-11,9.608111377611431,10.065300572225295,9.436665685105464,10.00815200805664,905600.0
2022-11-14,10.072443915968602,10.35104298499121,9.808130965528012,9.829562187194824,823700.0
2022-11-15,10.4796286079941,11.229704407584972,10.408192558027478,10.965392112731934,1462500.0
2022-11-16,10.865382285470169,10.908244053700873,10.386762499673324,10.579639434814453,1060600.0
2022-11-17,9.80098839890078,11.451155080641097,9.308081176020778,11.358287811279297,1866100.0
2022-11-18,11.072545576692836,11.12969414452298,10.05815747581077,10.286751747131348,934400.0
2022-11-21,10.001008741784737,10.201028725866328,9.686691623942236,9.872424125671387,658000.0
2022-11-22,9.872424052074212,9.872424052074212,9.443809803666046,9.786701202392578,704700.0
2022-11-23,9.815275558790931,9.958146975992069,9.758126991910478,9.872424125671387,514600.0
2022-11-25,9.608111760855598,9.658117267446237,9.365230012818541,9.41523551940918,404300.0
2022-11-28,9.386660961488165,9.858136961520353,9.293794373411425,9.565250396728516,2867600.0
2022-11-29,10.00100802212214,10.67964771594179,9.83670607448,10.529632568359375,961000.0
2022-11-30,11.072545630236046,11.779759671502442,10.943961011364095,11.386862754821777,3718900.0
2022-12-01,11.072545755280492,11.458299616252742,10.793945971666538,10.82252025604248,916000.0
2022-12-02,10.822519767722701,11.901200146456919,10.822519767722701,11.729754447937012,1813000.0
2022-12-05,11.886913269462939,12.079790201065991,11.522590630611406,11.794047355651855,1589400.0
2022-12-06,11.87976904547716,11.894056527799876,11.222560527719242,11.658318519592285,667000.0
2022-12-07,11.043972207806032,11.279710239953191,10.851095264450326,11.058259010314941,930000.0
2022-12-08,11.608314878019721,12.915589668243225,11.608314878019721,12.636990547180176,1548700.0
2022-12-09,12.86558316615223,13.1084649087415,12.458399469025888,12.887014389038086,4453700.0
2022-12-12,12.522692378839654,12.894157389063572,12.229805797926717,12.651275634765625,1206000.0
2022-12-13,13.201332092285156,13.629947053729095,13.008455155255973,13.201332092285156,2420800.0
2022-12-14,12.858440291559539,13.279911499007449,12.601271049718951,13.172758102416992,1706200.0
2022-12-15,13.358491551464,13.608515694181575,12.772717004517345,13.151327133178711,1242400.0
2022-12-16,13.122753233204609,13.27991145686999,12.55126618231991,12.565553665161133,1045900.0
2022-12-19,12.529835686483455,12.69413764325453,12.294096319121534,12.408394813537598,705600.0
2022-12-20,12.15122630575207,12.694138395658234,12.15122630575207,12.644133567810059,2258300.0
2022-12-21,12.658418737536055,13.379920222728453,12.444111959273835,13.265623092651367,1445300.0
2022-12-22,13.258480203821577,13.544223047378848,13.072747014877011,13.30848503112793,876000.0
2022-12-23,13.308484835293928,13.508505504105397,12.729855415288801,12.801291465759277,1008300.0
2022-12-27,12.879871917606438,14.065705783589062,12.879871917606438,13.929977416992188,1473200.0
2022-12-28,13.958551312309185,14.044273480664089,13.029885404935738,13.108465194702148,1754300.0
2022-12-29,13.237049649811123,13.744243000281871,13.022741506454905,13.708525657653809,1100700.0
2022-12-30,13.222762960869588,13.672807772612238,13.222762960869588,13.65852165222168,580000.0
2023-01-03,14.008557002891571,14.808636982093782,13.972838295096322,14.408596992492676,1340500.0
2023-01-04,14.25143873721081,14.522894103263578,13.965694525539204,14.315731048583984,6515900.0
2023-01-05,13.879972700079934,14.322873786723092,13.615659706415276,14.251439094543457,2945000.0
2023-01-06,14.001412757187957,14.201432063521784,13.522792990200202,14.058561325073242,2935300.0
2023-01-09,14.951507716001917,15.344403927984885,14.322872141794058,14.351447105407715,4276600.0
2023-01-10,14.465745381327606,14.972938762905736,14.430028036508913,14.858641624450684,2610400.0
2023-01-11,14.858642292163614,14.944365831121804,14.380022492426498,14.544325828552246,1706100.0
2023-01-12,14.344304185319427,14.587185939816743,14.044273862853878,14.301443099975586,1325900.0
2023-01-13,14.294300095128447,14.880073287615117,14.251439007576336,14.78006362915039,2021700.0
2023-01-17,14.558611166242953,14.92293380278551,14.372879339797906,14.808636665344238,1572700.0
2023-01-18,15.030089149689909,15.072950237275807,14.265725139653176,14.387166023254395,1244500.0
2023-01-19,14.472889560858757,15.172959895717845,14.408597248215635,15.144386291503906,1664400.0
2023-01-20,15.608718873797443,15.980185272780325,15.351549618727844,15.730159759521484,1326200.0
2023-01-23,15.744445945598276,16.06590612541339,15.687296015822092,15.915891647338867,1291600.0
2023-01-24,15.74444586786036,16.04447482252802,15.723014644300108,15.930177688598633,855100.0
2023-01-25,15.715871190798985,15.930177980207237,15.60157405477734,15.680153846740723,613500.0
2023-01-26,16.13734227361888,18.101826158200353,16.12305479108761,17.873231887817383,3551200.0
2023-01-27,17.494620066585043,17.951808562680913,17.087436391933508,17.36603546142578,1713100.0
2023-01-30,16.794550132593166,16.794550132593166,16.023043850785665,16.408796310424805,1587500.0
2023-01-31,16.287357665625258,16.751691336215185,16.223065353159864,16.25164031982422,866200.0
2023-02-01,16.908847512213026,18.066107633546473,16.901703771414326,17.98752784729004,2373100.0
2023-02-02,17.98038472187765,18.26612755095902,17.858943849201903,18.173261642456055,1004500.0
2023-02-03,17.7732229132226,18.030392178194447,17.19459342956543,17.19459342956543,917800.0
2023-02-06,16.78740929372964,17.04457855296216,16.54452751834992,16.680255889892578,1729100.0
2023-02-07,17.037435197193357,17.301746841813504,16.54452789333565,16.951711654663086,636100.0
2023-02-08,16.90884883503248,17.0231459716949,16.40165409887982,16.501665115356445,673500.0
2023-02-09,17.20173461696147,17.280314405705926,16.637392701288345,16.765975952148438,690300.0
2023-02-10,16.15163019105459,16.40165432943737,16.03018931132751,16.11591148376465,589200.0
2023-02-13,16.65168007200996,16.89456183498898,16.430229533715927,16.637393951416016,821400.0
2023-02-14,16.123055829715245,16.6945429050165,16.05161977498641,16.544527053833008,991200.0
2023-02-15,16.401653337927314,16.601673999071288,15.894459987835168,16.144485473632812,721500.0
2023-02-16,15.944465261365105,16.130198445685654,15.615861340087507,16.03733253479004,675000.0
2023-02-17,15.615862475970294,15.744447102355284,15.144386420911616,15.194391250610352,1003400.0
2023-02-21,14.715770541142254,15.058661948550041,14.437170080410258,15.044374465942383,1140100.0
2023-02-22,15.14438717117227,15.451559906329058,14.872930421460428,14.915791511535645,950500.0
2023-02-23,15.215820499926084,15.372980086963015,14.722914602026705,14.887216567993164,880400.0
2023-02-24,14.365735689134098,14.76577567270543,14.358591947682724,14.64433479309082,753400.0
2023-02-27,14.987226578990777,15.194390998626401,14.665766380888824,14.701483726501465,933800.0
2023-02-28,15.315831751231707,15.372980321244425,14.772919654846191,14.772919654846191,2089600.0
2023-03-01,15.244395468040263,15.344405123420994,13.287055271479876,13.65852165222168,2625400.0
2023-03-02,13.57279746966932,14.380021140720972,13.401351770398065,13.851396560668945,1461700.0
2023-03-03,13.815680525496324,14.001413724588708,13.594229979956316,13.665664672851562,1554500.0
2023-03-06,13.379920804333908,13.644233780707257,12.95130586664894,13.087034225463867,1923300.0
2023-03-07,12.894157626400565,12.958449936811617,12.57269743687466,12.658419609069824,1176600.0
2023-03-08,12.3441034829771,12.558410281584552,12.258379946016483,12.501261711120605,909600.0
2023-03-09,12.27266628071596,12.422680753196053,11.829763879172756,11.844051361083984,1010100.0
2023-03-10,11.794046536923952,12.172656632395897,11.70832300798585,11.844051361083984,788600.0
2023-03-13,11.722611203267348,11.98692418459256,11.686893858844995,11.836908340454102,483300.0
2023-03-14,11.744042174962809,11.9440614794749,11.63688878147,11.858339309692383,510300.0
2023-03-15,11.544020984307377,11.601169549080018,11.272564961005022,11.50830364227295,638100.0
2023-03-16,11.329713707995706,11.772615432739258,11.20827283558453,11.772615432739258,638900.0
2023-03-17,12.12979505165031,12.144082534580393,11.572596842670709,11.765472412109375,1206000.0
2023-03-20,11.394006444791389,11.894056754101529,11.208273258650156,11.815478324890137,520100.0
2023-03-21,12.201231229217722,12.379820680091827,12.044073002959085,12.086934089660645,1229200.0
2023-03-22,12.122651128433466,12.851296396590946,11.994067871578627,12.486973762512207,1445100.0
2023-03-23,13.144183302656488,13.601373223095157,13.072747249850817,13.4370698928833,1350200.0
2023-03-24,13.222762507243822,13.64423370121682,13.065604288104304,13.372776985168457,923900.0
2023-03-27,13.087034357798466,13.308484888872073,12.944163618811668,13.137039184570312,984200.0
2023-03-28,13.722812885283776,13.894259958824556,13.537081053585151,13.72995662689209,4464200.0
2023-03-29,13.908546552568108,14.122854720518417,13.729957093874235,13.987126350402832,1044600.0
2023-03-30,14.28715608240507,14.537181586353036,14.165715201203453,14.315731048583984,2103300.0
2023-03-31,15.358692703592595,15.415841273104789,14.14428389829678,14.33001708984375,4273000.0
2023-04-03,13.994269453097061,14.05141802276779,13.294199133998301,13.587085723876953,1375300.0
2023-04-04,13.422784134092472,13.765675561765434,13.329916854183494,13.494218826293945,1629800.0
2023-04-05,13.351347316298444,13.351347316298444,12.586984708180852,12.894157409667969,1194900.0
2023-04-06,12.894157751067752,13.108465908686421,12.787004353523105,12.979881286621094,663800.0
2023-04-10,12.82986482199683,12.82986482199683,12.508404644848218,12.672706604003906,954300.0
2023-04-11,12.715567667318869,12.944163296559541,12.665562841791921,12.701281547546387,504900.0
2023-04-12,12.701282145120125,12.715568265564743,12.272667193606054,12.372676849365234,721400.0
2023-04-13,12.622702032069633,12.922732354288902,12.56555346414831,12.651275634765625,1383800.0
2023-04-14,12.744142489441684,12.794147314409575,12.365532387853065,12.379819869995117,469400.0
2023-04-17,12.75843037001405,12.844152540484776,12.57269718395503,12.679850578308105,586200.0
2023-04-18,12.679850305784635,12.722711390098802,12.301240200509813,12.30838394165039,367200.0
2023-04-19,12.144082202146333,12.30124042248708,12.144082202146333,12.194087028503418,726300.0
2023-04-20,12.144082762184631,12.315528472970769,11.972637051398491,12.044073104858398,670100.0
2023-04-21,11.965493923544944,12.036929980669015,11.836909293227508,11.95835018157959,588300.0
2023-04-24,11.836908197607626,11.86548316282415,11.60117018468864,11.665462493896484,737900.0
2023-04-25,11.522590176456113,11.594026225626383,11.322570873814529,11.408293724060059,855300.0
2023-04-26,11.94406098900205,11.972635952775697,11.751185433646995,11.872626304626465,707400.0
2023-04-27,12.065503457624029,12.44411360258257,11.408294872893034,12.27266788482666,873500.0
2023-04-28,12.929876911385099,12.929876911385099,12.479830718396585,12.508405685424805,1282600.0
2023-05-01,12.372676450852843,12.636989427240879,12.065502389452726,12.222661972045898,652700.0
2023-05-02,11.994067632178783,11.994067632178783,11.322570945758434,11.494016647338867,718000.0
2023-05-03,11.551165711725487,11.651175367986427,11.365432519719901,11.601170539855957,450400.0
2023-05-04,11.65831793543059,11.972635718134336,11.644030453823776,11.715466499328613,409500.0
2023-05-05,11.815477999473693,11.92263139092303,11.601169854045722,11.701179504394531,333700.0
2023-05-08,11.836908164862797,11.836908164862797,11.501160499673434,11.572596549987793,332000.0
2023-05-09,11.165412670142935,11.229704982149459,11.008253760934178,11.158268928527832,429600.0
2023-05-10,11.072545772366004,11.351145556409852,10.879668841582259,11.065402030944824,642800.0
2023-05-11,10.993967132040941,11.572597267944026,10.993967132040941,11.444012641906738,622600.0
2023-05-12,11.365431785583496,11.479728917507222,11.258278394721167,11.365431785583496,665200.0
2023-05-15,11.60831396550334,12.25837943856918,11.501160570635331,12.151226043701172,841600.0
2023-05-16,11.91548818896246,12.436969050132822,11.91548818896246,12.294096946716309,1088400.0
2023-05-17,12.08693327852524,12.42982467418556,12.072645796407073,12.408394813537598,718000.0
2023-05-18,12.622702411797652,12.622702411797652,11.908344610026488,11.994068145751953,810900.0
2023-05-19,12.27266693333903,12.322671760158165,11.679750027786216,12.00121021270752,1251100.0
2023-05-22,12.2012303028834,12.308383692766755,12.06550194901554,12.17979907989502,403500.0
2023-05-23,11.90120050681547,12.122651037126197,11.60831392599277,11.665462493896484,1375200.0
2023-05-24,11.46544193672682,11.701179951943637,11.293996912609208,11.472585678100586,1217400.0
2023-05-25,10.90824383836228,11.465442045508983,10.84395152791776,10.93681812286377,1818600.0
2023-05-26,11.072546298580399,11.179699699931744,10.793946501296306,10.922531127929688,1371700.0
2023-05-30,10.85109421192862,10.886812236633444,9.7581270160548,10.11530590057373,2906100.0
2023-05-31,10.129593173840009,10.129593173840009,9.429522220377978,9.979578018188477,2205800.0
2023-06-01,9.78670152494407,10.265321295722762,9.743840439322957,10.12244987487793,1267200.0
2023-06-02,10.422479259289709,10.515345844779457,10.222459288146577,10.365330696105957,1224800.0
2023-06-05,10.422480271542089,10.458198297317093,10.13673674660673,10.208172798156738,516300.0
2023-06-06,10.051013901849213,10.543921159171164,10.051013901849213,10.32961368560791,964400.0
2023-06-07,10.272465185971097,10.622500342430541,10.272465185971097,10.415336608886719,1083900.0
2023-06-08,10.465342096896988,10.815377956706467,10.429624749863024,10.565352439880371,1528300.0
2023-06-09,10.643930436092056,10.69393594294946,10.215316185444221,10.272464752197266,1415300.0
2023-06-12,10.215316548044756,10.708223124102028,10.165311039412368,10.32961368560791,675400.0
2023-06-13,10.472484543923338,10.643930241040708,10.372474894570527,10.629643440246582,1003000.0
2023-06-14,10.551064192865558,11.001108971517263,10.551064192865558,10.829663276672363,3201400.0
2023-06-15,11.11540739674432,11.301139902454691,10.88681244305786,10.893956184387207,1582400.0
2023-06-16,11.122550456808998,11.186842766243796,10.536777293095824,10.893956184387207,1688700.0
2023-06-20,10.608213092819893,10.815376817615844,10.158167618691175,10.272464752197266,2326400.0
2023-06-21,10.208172962137668,10.379618671094129,10.108162624614057,10.129593849182129,814200.0
2023-06-22,10.093874833730897,10.186741420631787,9.936715941955189,10.136735916137695,809700.0
2023-06-23,10.250717827091309,10.296310664855078,9.809990202293696,10.144335746765137,1188000.0
2023-06-26,10.159533265489271,10.273515001928997,10.02275547163104,10.045552253723145,523400.0
2023-06-27,10.220323082135279,10.395094785525107,10.12913812915199,10.258316993713379,2022600.0
2023-06-28,10.159532881812204,10.212723922004479,9.80999020767675,10.068347930908203,879500.0
2023-06-29,9.878378684199813,10.022754669189453,9.77959481039699,10.022754669189453,1041800.0
2023-06-30,10.022754571343429,10.174730206278614,9.954366405230838,9.96196460723877,524500.0
2023-07-03,10.265916735871164,10.49387949876184,10.12154000534849,10.205126762390137,690400.0
2023-07-05,10.053150798029078,10.053150798029078,9.779595925690565,9.954367637634277,705800.0
2023-07-06,9.825188264068634,9.946768201109855,9.703608327027414,9.77199649810791,599700.0
2023-07-07,9.870780218334449,10.26591573199556,9.8555830887871,10.136736869812012,1008000.0
2023-07-10,9.99995964570069,10.182329558617596,9.96956466021454,10.159533500671387,1196500.0
2023-07-11,10.258317475986374,10.410292404769965,9.977163676568322,10.22032356262207,803600.0
2023-07-12,10.5470701519906,10.851020008087426,10.478681253200408,10.714242935180664,1162000.0
2023-07-13,10.98019880959816,11.10177875127843,10.851019940394474,10.987797737121582,1806100.0
2023-07-14,10.77503290640003,10.965001747628952,10.562267282458631,10.714242935180664,672700.0
2023-07-17,10.524273065249385,10.653451922632264,10.395094207866505,10.57746410369873,557200.0
2023-07-18,10.410291232831206,10.516674033340486,10.136736391816182,10.17473030090332,1533600.0
2023-07-19,10.379896732314206,10.83582221317611,10.33430461903216,10.478680610656738,1206700.0
2023-07-20,10.387495909243109,10.387495909243109,10.212724204995729,10.250718116760254,456900.0
2023-07-21,10.395094785525107,10.486279738508394,10.205125952308192,10.258316993713379,507600.0
2023-07-24,10.258317237993664,10.965001546284336,10.212724398079528,10.85861873626709,1469800.0
2023-07-25,11.154970880290975,11.382932915982488,10.752236404598872,10.820625305175781,971300.0
2023-07-26,10.835822385877817,11.23095718087204,10.790229547195535,11.018192291259766,980800.0
2023-07-27,11.132172961404702,11.132172961404702,10.699044268165345,10.84342098236084,1152500.0
2023-07-28,11.25375435233694,11.762870174660309,11.25375435233694,11.671685218811035,3180500.0
2023-07-31,11.671685006974647,12.173203342053705,11.603296834834119,11.968036651611328,1658800.0
2023-08-01,11.709679435625102,11.937642193504141,11.398130647215655,11.51211166381836,1814800.0
2023-08-02,11.170166969371824,11.200561952940816,10.653452248698937,10.904211044311523,1290100.0
2023-08-03,11.208161875608498,11.40572964869344,11.132174047599326,11.238556861877441,881000.0
2023-08-04,11.299345928412162,11.322141985117629,10.949803252009511,10.965001106262207,780300.0
2023-08-07,10.995395317236285,11.01059244574721,10.562265922235289,10.592660903930664,1476700.0
2023-08-08,10.395094913675843,10.493878795127277,10.113941124009576,10.463483810424805,848000.0
2023-08-09,10.645854006568072,10.66865006454307,10.379897339723163,10.569866180419922,540800.0
2023-08-10,10.759834862770633,11.18536537852549,10.759834862770633,10.782630920410156,700100.0
2023-08-11,10.455884559890176,10.539470584069937,10.265915730203249,10.402692794799805,773400.0
2023-08-14,10.27351441457408,10.455884312842914,10.083545589375655,10.364699363708496,574300.0
2023-08-15,10.258316468672968,10.357100343850645,10.030353735545525,10.227921485900879,537400.0
2023-08-16,10.015156467107344,10.098742487398868,9.802390865990398,10.022754669189453,507300.0
2023-08-17,10.235521089782422,10.258317147200927,9.992360486848499,10.045552253723145,935900.0
2023-08-18,9.65801578323479,9.749200738800294,9.468046944638255,9.612422943115234,1253800.0
2023-08-21,9.58962612293499,9.840384911971059,9.536435084252656,9.809989929199219,663900.0
2023-08-22,9.999958992004395,10.053150031959662,9.80999016396579,9.999958992004395,3865800.0
2023-08-23,9.961965692800094,10.13673740215112,9.946768562454654,10.091144561767578,782600.0
2023-08-24,10.509075549675028,10.813025385840275,9.961965119904011,10.41029167175293,1659000.0
2023-08-25,10.144336075166422,10.151934277811716,9.34646682352295,9.490842819213867,2443300.0
2023-08-28,9.589626708005692,10.28871207908332,9.589626708005692,10.243119239807129,1450400.0
2023-08-29,10.402692848127922,10.402692848127922,10.030354113954452,10.129137992858887,1172000.0
2023-08-30,9.885978310974819,10.13673711427899,9.885978310974819,9.984762191772461,701900.0
2023-08-31,9.977163718257026,10.015157631780085,9.794793802954699,9.80239200592041,1671900.0
2023-09-01,9.977163297716817,10.509075890598487,9.923972255830728,10.319107055664062,924000.0
2023-09-05,10.136736734298829,10.250717740737699,9.870780086376714,9.931570053100586,663900.0
2023-09-06,9.87837966421615,10.182329517861048,9.87837966421615,10.091144561767578,944900.0
2023-09-07,9.74160146863062,9.787194307146246,9.437651627438393,9.513639450073242,710200.0
2023-09-08,9.483243704144849,9.559231526482135,9.308472727312102,9.3692626953125,515800.0
2023-09-11,9.574429432175604,9.58962656192043,9.33126883419614,9.361663818359375,785500.0
2023-09-12,9.376861283828333,9.452848378747706,9.148898549723107,9.194491386413574,777700.0
2023-09-13,9.179293486151378,9.262879507541564,9.088108537905663,9.126102447509766,561700.0
2023-09-14,9.202090171068559,9.262880140721103,9.118504143964712,9.141300201416016,397000.0
2023-09-15,9.209689920246737,9.37686271404527,9.057714982554282,9.088109970092773,874000.0
2023-09-18,9.042517126448203,9.186893860761284,8.875345057323337,9.088109970092773,949300.0
2023-09-19,9.103305141440627,9.224885790090033,9.072910160446654,9.095706939697266,678200.0
2023-09-20,9.034917403133909,9.13370127718411,9.01212062280987,9.065312385559082,626700.0
2023-09-21,8.822152225736344,8.981726072310709,8.776560112242857,8.958930015563965,680700.0
2023-09-22,9.300874228256838,9.422454169853877,9.17169535914158,9.338868141174316,586500.0
2023-09-25,9.027318485971488,9.407256129027493,9.00452243029672,9.331268310546875,1138600.0
2023-09-26,9.21728711326815,9.30847205871927,9.164096076256712,9.209688186645508,1347400.0
2023-09-27,9.285676626816844,9.36166372412324,9.103305998999623,9.300873756408691,1181900.0
2023-09-28,9.232484111833474,9.589625686659783,9.126102039308607,9.498440742492676,1491100.0
2023-09-29,9.63521905338071,9.703607946452586,9.361663481093208,9.528836250305176,1670800.0
2023-10-02,9.460446932735776,9.635218621041046,9.43765087762588,9.55923080444336,1180800.0
2023-10-03,9.308473064324279,9.39205909218265,9.156498138821052,9.278078079223633,1237300.0
2023-10-04,9.194493098233897,9.323671980788118,9.065314215679676,9.2628812789917,1147400.0
2023-10-05,9.194493055974203,9.194493055974203,8.86014745866222,8.936135292053223,1617800.0
2023-10-06,8.951330352771306,9.445249706182542,8.898139316509143,9.422452926635742,1689000.0
2023-10-09,9.293275178826292,9.809990648508872,9.293275178826292,9.696009635925293,1195700.0
2023-10-10,9.749200148170384,10.144335656356253,9.749200148170384,10.00755786895752,897200.0
2023-10-11,10.098742387190608,10.288711206155574,10.007557441048249,10.037952423095703,621200.0
2023-10-12,9.999958850199302,10.045551687138405,9.49844126723696,9.528836250305176,840300.0
2023-10-13,9.49844141149397,9.49844141149397,9.262879745632548,9.316071510314941,482100.0
2023-10-16,9.217287725950746,9.490842580487579,9.148898831148141,9.376861572265625,602200.0
2023-10-17,9.22488613591935,9.513638828523835,9.22488613591935,9.346466064453125,524200.0
2023-10-18,9.202090120353567,9.25528188701159,9.065313051725957,9.14889907836914,562100.0
2023-10-19,9.088109756098458,9.171695788692722,8.890541979413488,8.898140907287598,699900.0
2023-10-20,8.81455417163868,8.951331239094989,8.74616527557373,8.74616527557373,623400.0
2023-10-23,8.708171464274288,8.875344242729424,8.525801555781557,8.73096752166748,511800.0
2023-10-24,8.73856754513974,9.430054078416049,8.73856754513974,9.2628812789917,753400.0
2023-10-25,9.12610192069124,9.232483991833396,8.966528089304498,9.095706939697266,566600.0
2023-10-26,9.095708898145812,9.156498873222795,8.867746129270298,9.088109970092773,670400.0
2023-10-27,9.232485105012325,9.300874001662928,9.103306239044207,9.14889907836914,487100.0
2023-10-30,9.29327463846341,9.331268548673293,9.004522660084849,9.179293632507324,759300.0
2023-10-31,8.966529465301097,9.01972050903483,8.639782825968458,8.989325523376465,1254700.0
2023-11-01,8.958930648874999,8.958930648874999,8.63218400548829,8.784159660339355,917200.0
2023-11-02,8.852548202406219,9.065313838148695,8.814555011792033,8.951332092285156,666700.0
2023-11-03,9.15649799763572,9.399657874691563,9.148899070309325,9.224886894226074,655800.0
2023-11-06,9.407256556103052,9.612422515837283,9.3464665884282,9.376861572265625,839800.0
2023-11-07,9.278077936163642,9.338867905427602,9.110905158350949,9.224886894226074,455800.0
2023-11-08,9.148898977776316,9.40725670687189,9.12610292070129,9.16409683227539,584000.0
2023-11-09,9.141300535899614,9.194492304797096,8.609387919640177,8.639782905578613,992600.0
2023-11-10,8.586592204599988,8.609388263796669,8.396623353722438,8.548598289489746,792300.0
2023-11-13,8.632184143438245,8.806955859440524,8.411820309990945,8.427018165588379,895100.0
2023-11-14,8.578993196475222,8.905739848826835,8.525802150622132,8.822153091430664,1137400.0
2023-11-15,9.019720343531345,9.528836887472357,8.966529300773619,9.278078079223633,996400.0
2023-11-16,8.700573180435558,9.194492624976927,8.670178193438678,8.890542030334473,890000.0
2023-11-17,8.867745971255227,9.034918762074893,8.715771036270825,8.890542030334473,814300.0
2023-11-20,8.981727033771124,9.475646480646667,8.951332046630602,9.293275833129883,827800.0
2023-11-21,9.16409669401981,9.270478775214032,8.981726066150209,9.034917831420898,726600.0
2023-11-22,9.148898503402807,9.179293486151378,8.996923589659946,9.126102447509766,369400.0
2023-11-24,9.050114958417788,9.338867667398679,9.050114958417788,9.300873756408691,326500.0
2023-11-27,9.171695670966573,9.20209065739922,9.065313580789127,9.103306770324707,582100.0
2023-11-28,9.065312827828944,9.065312827828944,8.844949013327145,8.882942199707031,908200.0
2023-11-29,8.7993562809276,8.875344103948171,8.586591391013027,8.601788520812988,897300.0
2023-11-30,7.986290248643139,8.009086306651904,7.310000913878419,7.682339668273926,13197800.0
2023-12-01,7.560759447519488,7.7127343697697786,7.385988468100051,7.537963390350342,6022700.0
2023-12-04,7.446778693527651,7.47717367902476,7.28720483849943,7.310000896453857,4255400.0
2023-12-05,7.218816003658175,7.256809917033206,6.907267218395444,7.074440002441406,4857700.0
2023-12-06,7.142827879264294,7.287204599138464,7.097235764852993,7.234013557434082,4471600.0
2023-12-07,7.234013695128272,7.423982533029663,7.211216912815109,7.325198650360107,3730900.0
2023-12-08,7.264409261989917,7.454378115105333,7.226415346432101,7.272007465362549,4142900.0
2023-12-11,7.294804249501437,7.416384199547517,7.150427515316469,7.272007465362549,1728400.0
2023-12-12,7.294804190961851,7.439180199314562,7.294804190961851,7.317600250244141,1664800.0
2023-12-13,7.3175995793768855,7.4695745017820645,7.249210683126157,7.461975574493408,2175800.0
2023-12-14,7.461975288296555,7.651944115185357,7.454377085972912,7.583555221557617,2171400.0
2023-12-15,7.689938457844774,7.735531297717794,7.575957445172631,7.5911545753479,2477900.0
2023-12-18,7.591155007966065,7.68233996823511,7.553161093352218,7.560760021209717,1347400.0
2023-12-19,7.560759394698796,7.902703148541474,7.553160467470971,7.773524284362793,3245700.0
2023-12-20,7.6747413739414,7.857111285185799,7.621549606323242,7.621549606323242,4056800.0
2023-12-21,7.758327744270295,7.993889433522176,7.705136698979784,7.978691577911377,2599200.0
2023-12-22,7.743129286302351,8.092671966748865,7.743129286302351,7.92549991607666,2392400.0
2023-12-26,7.9255005898431685,8.024284478005654,7.887506675215497,7.933098793029785,1702000.0
2023-12-27,7.963493824005127,8.123067686588273,7.887506719001603,7.963493824005127,1418900.0
2023-12-28,8.130665964982835,8.366227638425613,8.100270980474761,8.252245903015137,1682500.0
2023-12-29,8.259845819298459,8.381425771888065,8.214253699414195,8.320635795593262,2311600.0
2024-01-02,8.161060621685465,8.259844498537255,7.940696811684878,8.001486778259277,1567100.0
2024-01-03,7.91030267067044,8.10787044541063,7.826716638898964,8.016685485839844,2454300.0
2024-01-04,7.971092560654293,8.001487546861156,7.872308674313584,7.917901515960693,1190700.0
2024-01-05,7.849512451243313,7.92550027750402,7.621549697134808,7.682339668273926,1125200.0
2024-01-08,7.507568830262067,7.65194483339223,7.340396044000588,7.545562744140625,1159300.0
2024-01-09,7.484772606567441,7.499969736979187,7.2416119979169595,7.310000896453857,1944000.0
2024-01-10,7.310001234202613,7.416384050694574,7.256810188293457,7.256810188293457,997000.0
2024-01-11,7.0896370517181895,7.104834906763436,6.671705458730878,6.937662124633789,3484900.0
2024-01-12,6.998452105689399,7.196019873524491,6.854076105916748,6.8616743087768555,1419800.0
2024-01-16,6.778088407207888,6.831279451595553,6.504533532919516,6.542526721954346,2020500.0
2024-01-17,6.3449591642524235,6.352557366643483,6.170187465133773,6.2841691970825195,3841700.0
2024-01-18,6.3753543521803016,6.3753543521803016,6.200582647459867,6.2537736892700195,2598300.0
2024-01-19,6.079002522421623,6.238576367622134,5.957422587920962,6.170187473297119,2295500.0
2024-01-22,6.00301573426095,6.398150927885536,5.965021819314868,6.360157012939453,3415500.0
2024-01-23,6.709699066586127,7.059241745323649,6.474138121484465,6.572921276092529,2846800.0
2024-01-24,6.907267219772002,6.93766220554336,6.580520579224692,6.5881195068359375,1780200.0
2024-01-25,6.618514743442096,6.686903645187924,6.420946966103848,6.4741387367248535,2349900.0
2024-01-26,6.352557612937217,6.420946509823244,6.192983761761022,6.322162628173828,1244000.0
2024-01-29,6.299366376831717,6.314564231082317,6.192983571098251,6.2765703201293945,944600.0
2024-01-30,6.1929838611238015,6.25377383162592,6.1473917455840175,6.1549906730651855,799700.0
2024-01-31,6.079002847600732,6.3221627296092056,5.965021471740857,6.1549906730651855,1749600.0
2024-02-01,6.2233791887656,6.534928710571445,6.208182057640777,6.4741387367248535,1675500.0
2024-02-02,6.382952735679422,6.481736619464226,6.375354532829525,6.4133477210998535,2301200.0
2024-02-05,6.481736427733671,6.504533209629874,6.276570463383,6.329761505126953,3934200.0
2024-02-06,6.626113303830246,6.9604581414423805,6.626113303830246,6.8692731857299805,3078700.0
2024-02-07,6.6337115159830615,6.808483224850003,6.519730502350335,6.793285369873047,1298700.0
2024-02-08,6.7476932542894,6.899668180690907,6.580520472910937,6.793285369873047,1967100.0
2024-02-09,6.8008844420761445,6.8008844420761445,6.603316671213376,6.694502353668213,1402700.0
2024-02-12,6.762890595336436,7.028847268331964,6.740094536834247,7.0212483406066895,1182200.0
2024-02-13,6.899668280866903,6.937662194187315,6.641310539896451,6.664107322692871,1627600.0
2024-02-14,6.816082358922961,7.059242248535156,6.793285575766593,7.059242248535156,3522700.0
2024-02-15,7.097235776405923,7.203617859987857,7.028846880004054,7.120031833648682,1654700.0
2024-02-16,7.21881605540417,7.401185971303236,7.044045067169305,7.066841125488281,1543900.0
2024-02-20,6.968057189926045,7.074440002441406,6.793285478270352,7.074440002441406,1755100.0
2024-02-21,7.287204902798506,7.287204902798506,6.983254320471883,7.074440002441406,1920600.0
2024-02-22,7.12763100590876,7.135229933475362,6.876872193599833,7.006051063537598,1833100.0
2024-02-23,7.013649317153966,7.0440450276402,6.8768722433340335,6.998452186584473,1410400.0
2024-02-26,6.922464504311082,7.074440161222191,6.8844713147569445,7.0136494636535645,1187100.0
2024-02-27,7.112433584989117,7.378390268667885,6.968057575777622,7.347995281219482,3477100.0
2024-02-28,7.127630964657692,7.150427022551949,6.937662124633789,6.937662124633789,1594300.0
2024-02-29,6.968057160897414,7.1504270747294685,6.88447113155946,6.930063247680664,10622900.0
2024-03-01,7.021248584293199,7.120032474129355,6.922464694457042,6.945261478424072,1202000.0
2024-03-04,6.91486570187106,6.922463904319143,6.299366373814541,6.314564228057861,3090000.0
2024-03-05,6.230977673883659,6.474138276664375,6.1397927195934905,6.322162628173828,2584100.0
2024-03-06,6.550125582731637,6.8008843961032825,6.512131669411225,6.664107322692871,2180100.0
2024-03-07,6.565323289446951,6.861674212361877,6.534928304412763,6.838878154754639,1815100.0
2024-03-08,6.838878104336836,7.051642998007597,6.831279176965909,6.846477031707764,1656300.0
2024-03-11,7.074440058908491,7.378389918987572,7.0288472175598145,7.0288472175598145,1823400.0
2024-03-12,7.310000841098234,7.515167535155284,7.287204783316433,7.355593681335449,2140600.0
2024-03-13,7.401185465473231,7.56835823929219,7.332796570516677,7.370790481567383,2312300.0
2024-03-14,7.819117760618666,7.819117760618666,7.0212484534792825,7.226415157318115,4930800.0
2024-03-15,7.135230164722114,7.54556284586013,7.112433381283483,7.530364990234375,2209900.0
2024-03-18,7.401185565826189,7.522765503098092,7.150426764034492,7.165624618530273,2285600.0
2024-03-19,7.218816003658175,7.218816003658175,6.884471160239875,7.074440002441406,2856000.0
2024-03-20,7.1352296342122985,7.203617805422552,6.990852915196722,7.165624618530273,2416800.0
2024-03-21,7.0668409989563825,7.0668409989563825,6.899668216705322,6.899668216705322,1834400.0
2024-03-22,6.785687334884306,6.785687334884306,6.52732959127514,6.542526721954346,3750100.0
2024-03-25,6.603316436848429,6.800884200699121,6.565323249293266,6.77048921585083,1964700.0
2024-03-26,6.793285400398398,6.990853167944926,6.762890414981518,6.937662124633789,3163900.0
2024-03-27,6.914865954301365,7.3555935980165446,6.785687087211715,7.218815803527832,3216300.0
2024-03-28,7.112433062700764,7.272006916255282,6.876872108442043,6.907267093658447,2632500.0
2024-04-01,7.07443976509692,7.332796773097389,7.06684083774213,7.150426864624023,1637300.0
2024-04-02,7.135229830707676,7.264408698784896,7.112433048336208,7.17322301864624,1191800.0
2024-04-03,7.104835267374352,7.20361843148781,7.044045293455154,7.180822372436523,1112600.0
2024-04-04,7.180822018457046,7.249210916913317,6.854076105916748,6.8616743087768555,2030500.0
2024-04-05,6.945260830673587,6.945260830673587,6.648909188804384,6.67170524597168,1763500.0
2024-04-08,6.724897012260157,6.846476950050519,6.65650811608468,6.67170524597168,2299200.0
2024-04-09,6.770489248383254,6.975655940600252,6.732495335971928,6.914865970611572,4288500.0
2024-04-10,6.998452064020289,7.036445976789069,6.686903283728798,6.793285369873047,4613700.0
2024-04-11,6.943875703674176,7.035902682693559,6.692892090701873,6.8602142333984375,2133700.0
2024-04-12,6.776553723965464,6.793285539710094,6.358247559308154,6.383346080780029,3292700.0
2024-04-15,6.408444405283994,6.692892462601344,6.341515544486377,6.425176620483398,3362300.0
2024-04-16,6.3833462826243705,6.53393621943495,6.349881852222019,6.441908836364746,2387900.0
2024-04-17,6.525570113454021,6.667793738888298,6.467007162561696,6.500471591949463,1094900.0
2024-04-18,6.56740034910762,6.784919136762438,6.525570012483885,6.743089199066162,2378400.0
2024-04-19,6.8100179646071135,6.8100179646071135,6.559034352552864,6.609230995178223,2583000.0
2024-04-22,6.692892356223874,6.793285645824639,6.559034636756188,6.768187522888184,1663400.0
2024-04-23,6.784919340785283,6.876947121336174,6.6677938362184115,6.801651954650879,1318600.0
2024-04-24,6.968974122454279,7.136296272277832,6.918777876434685,7.136296272277832,1224700.0
2024-04-25,6.960607887956122,7.169760776876486,6.918777948456012,7.052635669708252,1727600.0
2024-04-26,7.2952528045784675,7.512771197188829,7.2952528045784675,7.362181663513184,2236700.0
2024-04-29,7.328717238574463,7.487673079178905,7.236689459091163,7.429110527038574,1087900.0
2024-04-30,7.270153795131487,7.353815266703695,7.161394999084512,7.2115912437438965,1079400.0
2024-05-01,7.194859425431306,7.353815263932695,7.169760505256148,7.178126811981201,847400.0
2024-05-02,7.5295041068049535,7.813952167385491,7.378913769355266,7.772121429443359,2425700.0
2024-05-03,7.8725143426496205,8.182060511945645,7.705192196794328,8.090033531188965,4852100.0
2024-05-06,8.290820400891343,8.575268457882784,8.140230065341767,8.332651138305664,3170100.0
2024-05-07,8.140230455750258,8.21552562713623,7.9980072182884125,8.21552562713623,1231900.0
2024-05-08,7.98964035157069,8.031471088063142,7.8306837124703605,7.897612571716309,1627300.0
2024-05-09,8.098400115966797,8.324284821162424,7.989640517963363,8.098400115966797,883600.0
2024-05-10,8.282454207391803,8.307553128897482,7.998006944355481,8.073301315307617,1547700.0
2024-05-13,8.315918923238584,8.57526886936836,8.173695685773215,8.182061195373535,2414700.0
2024-05-14,8.248989654942468,8.332651129684553,7.989640519380919,8.131864547729492,1409000.0
2024-05-15,8.207160118569826,8.207160118569826,7.872515001018354,8.048203468322754,1262800.0
2024-05-16,8.115131944744642,8.474875169630982,7.972907916201435,8.399580001831055,1697200.0
2024-05-17,8.24062455032845,8.374482278203615,7.964542787122177,8.08166790008545,3639200.0
2024-05-20,8.023104776809063,8.09839994288334,7.780487462711357,7.830683708190918,1720900.0
2024-05-21,7.613165499114106,7.730290606640351,7.529504024148254,7.588066577911377,1581300.0
2024-05-22,7.604799185142712,7.69682616923764,7.34544925126798,7.4207444190979,1919800.0
2024-05-23,7.638263612665648,7.813952071584649,7.295253001884495,7.35381555557251,2317100.0
2024-05-24,7.462575232281853,7.51277147944128,7.311984895093643,7.33708381652832,1595400.0
2024-05-28,7.445842621109838,7.638263696248118,7.378913759632601,7.437477111816406,1752200.0
2024-05-29,7.236689644767579,7.328717426612096,7.1948597052254755,7.2199578285217285,1896000.0
2024-05-30,7.203225301726951,7.579701145008555,7.178127178126498,7.537870407104492,1903500.0
2024-05-31,7.445842620079976,7.5044059722556815,7.311984897144016,7.404012680053711,2156000.0
2024-06-03,7.4207444061738315,7.47094145059134,7.069367488816134,7.119564533233643,1892100.0
2024-06-04,7.127930641174316,7.194859499958166,7.069367291347249,7.127930641174316,4560500.0
2024-06-05,7.136296264948413,7.236689554739435,6.9773404222430315,7.002438545227051,3424400.0
2024-06-06,6.960607810163134,7.102831836867857,6.860214520345967,7.035902976989746,2979200.0
2024-06-07,6.910411265249291,6.977340122232173,6.751454631523764,6.759820938110352,1769600.0
2024-06-10,6.826750090406912,7.161395187652413,6.751454923580301,7.035902976989746,2085100.0
2024-06-11,7.027536465928203,7.111197937273388,6.902045056765347,6.977340221405029,2484300.0
2024-06-12,7.044269356762535,7.1111982173325625,6.902045328587487,6.918777942657471,1158000.0
2024-06-13,6.935509412981478,7.111197862679521,6.935509412981478,7.027536392211914,1305100.0
2024-06-14,6.9438757752501425,6.985706510819194,6.743089201944601,6.776553630828857,2215200.0
2024-06-17,6.843482411561835,6.885312348805097,6.659427655842825,6.793285369873047,1233400.0
2024-06-18,6.784919344512221,7.420744310365151,6.74308940553514,6.8685808181762695,2118400.0
2024-06-20,6.918777942657471,7.061001172977566,6.709625053912395,6.918777942657471,2312700.0
2024-06-21,6.902045168649568,6.994072150337119,6.7849192664386475,6.851848125457764,1223800.0
2024-06-24,6.8351161146536805,6.935509400318561,6.826749808051212,6.893678665161133,898700.0
2024-06-25,6.876947039096081,6.902045161739389,6.701258584883064,6.751454830169678,866900.0
2024-06-26,6.759821214054878,6.759821214054878,6.684526047411764,6.734723091125488,1140600.0
2024-06-27,6.667793941746553,6.726356894420573,6.458641052246094,6.458641052246094,1342300.0
2024-06-28,6.533936218743265,6.533936218743265,6.400078497148031,6.425176620483398,1331800.0
2024-07-01,6.467007161377296,6.609231185712991,6.450274946686477,6.483739376068115,1579600.0
2024-07-02,6.500471609099272,6.801651873311227,6.433542750147163,6.751454830169678,1594300.0
2024-07-03,6.818383507733128,7.044268999078489,6.768187263781878,6.960607528686523,1024800.0
2024-07-05,6.860214312726344,6.902045048347921,6.6677936469365156,6.876946926116943,877800.0
2024-07-08,6.868580732263335,6.935509591215443,6.684525971217569,6.751454830169678,1569500.0
2024-07-09,6.734723177162418,7.052635663797527,6.701258746877404,6.918777942657471,1862000.0
2024-07-10,6.943876067383396,7.052635665296546,6.88531271598096,6.952242374420166,768000.0
2024-07-11,7.03590306130128,7.311984811070524,6.9857068147186645,7.186493396759033,1750400.0
2024-07-12,7.26178827797198,7.3454489515938,7.086099826154757,7.1111979484558105,1167500.0
2024-07-15,7.035902672628467,7.052635285801642,6.743089122792086,6.759820938110352,1133400.0
2024-07-16,6.759820950941291,6.910411278366069,6.701258400433839,6.893678665161133,1017600.0
2024-07-17,6.8518479051882,6.885312333621962,6.575766570073395,6.642695426940918,2164500.0
2024-07-18,6.659427637803582,6.793285351471207,6.567400260193363,6.609230995178223,1734400.0
2024-07-19,6.592498964890561,6.609231179565818,6.400078296661377,6.400078296661377,1882000.0
2024-07-22,6.567400461277744,6.709624884795484,6.475373080849779,6.651061534881592,1670500.0
2024-07-23,6.517203806643346,6.559034542841788,6.475373070444905,6.500471591949463,1161400.0
2024-07-24,6.441908836364746,6.651061725843179,6.425176621163571,6.441908836364746,1139800.0
2024-07-25,6.450275142746244,6.533936218743265,6.408444405283994,6.425176620483398,1135700.0
2024-07-26,6.45027494430542,6.508837895165402,6.416810514936135,6.45027494430542,651400.0
2024-07-29,6.475373065664165,6.542302323317751,6.425176421619574,6.433542728424072,1075800.0
2024-07-30,6.425176619799674,6.458641050194922,6.341515543811556,6.408444404602051,1379400.0
2024-07-31,6.559034742391197,6.60923138800001,6.425176621840218,6.458641052246094,998600.0
2024-08-01,6.458641048111364,6.500471785555667,6.2829529880567305,6.358247756958008,1746000.0
2024-08-02,6.316417133569953,6.358247470200226,6.216023448016888,6.24948787689209,1604000.0
2024-08-05,6.023602782520749,6.324783041325024,5.998504660328077,6.24948787689209,4053900.0
2024-08-06,6.232755761309366,6.642695619923644,6.232755761309366,6.550668239593506,2319300.0
2024-08-07,6.617597083668891,6.617597083668891,6.333149434351612,6.349881649017334,1827100.0
2024-08-08,6.349881470624824,6.625963204316781,6.349881470624824,6.55903434753418,1287600.0
2024-08-09,6.550668040972628,6.5841324693639285,6.483739184190027,6.55903434753418,885100.0
2024-08-12,6.517203830362183,6.876947045981133,6.441908664501943,6.851848125457764,2188300.0
2024-08-13,6.843482404938192,6.860214220248321,6.600864700102056,6.726356506347656,863400.0
2024-08-14,6.76818722617856,6.793285348014742,6.542302135015649,6.575766563415527,776400.0
2024-08-15,6.617596904489504,6.709624681050412,6.584132476064149,6.62596321105957,812000.0
2024-08-16,6.659427931871091,6.943875984902925,6.659427931871091,6.8685808181762695,1755200.0
2024-08-19,6.902045331507456,7.019171236482033,6.893679024468925,6.985706806182861,1653100.0
2024-08-20,6.876946812626058,6.876946812626058,6.500471395027249,6.525569915771484,1903600.0
2024-08-21,6.508837905785591,6.692892267616973,6.475373077434237,6.600864887237549,1785200.0
2024-08-22,6.751454812357716,6.818383671133249,6.366613874398395,6.500471591949463,1868400.0
2024-08-23,6.550668236031114,6.625963401617322,6.4251764263632545,6.500471591949463,1603700.0
2024-08-26,6.458641051565921,6.508838096096926,6.341515545157693,6.441908836364746,1784400.0
2024-08-27,6.433542924087641,6.508838091908214,6.34151554107666,6.34151554107666,1320500.0
2024-08-28,6.3164174092262915,6.358247747682092,6.123996735332673,6.140728950500488,1459900.0
2024-08-29,6.2578544609678675,6.341515536864334,6.207657815429987,6.241122245788574,830000.0
2024-08-30,6.374979967938115,6.374979967938115,6.232755939434427,6.257854461669922,966800.0
2024-09-03,6.174193102688777,6.241121960344896,6.123996459446689,6.149094581604004,801300.0
2024-09-04,6.149094857183819,6.224390024885134,6.098898211692101,6.107264518737793,743300.0
2024-09-05,6.123996462353528,6.341515249839159,6.115630155678812,6.182559013366699,1704800.0
2024-09-06,6.14909457716582,6.216023434773631,6.0821657195580086,6.098897933959961,2738200.0
2024-09-09,6.040334972104846,6.040334972104846,5.881379135065406,5.96504020690918,1338800.0
2024-09-10,5.965040406848792,6.040335174568232,5.931575976989603,5.9734063148498535,719300.0
2024-09-11,5.973406122098647,6.082165715095269,5.973406122098647,6.048701286315918,918300.0
2024-09-12,6.073800086975098,6.140728947614909,5.990138612247856,6.073800086975098,776800.0
2024-09-13,6.090532302856445,6.157461163504185,6.023603043281229,6.090532302856445,934700.0
2024-09-16,6.031969071926242,6.082165715095269,5.990138336488323,6.048701286315918,797600.0
2024-09-17,6.1407286796588965,6.36661377392531,6.123996465229069,6.2160234451293945,1597500.0
2024-09-18,6.224389834743506,6.3415153373129165,6.1992913133006144,6.282952785491943,579000.0
2024-09-19,6.458640656724792,6.559034340721877,6.391711800011703,6.492105484008789,1682100.0
2024-09-20,6.492105675612381,6.525570104956571,6.341515344636059,6.383346080780029,831600.0
2024-09-23,6.416810320742838,6.609230983256693,6.391711800011703,6.492105484008789,790100.0
2024-09-24,6.860214342269629,7.303618226916046,6.793285484128846,7.245055675506592,5112300.0
2024-09-25,6.9689739174784515,7.102831633400187,6.885312446099906,7.010804653167725,2188000.0
2024-09-26,7.562968340336528,7.713558673858643,7.311984717084653,7.713558673858643,6743500.0
2024-09-27,7.596432616772119,8.491606697168073,7.596432616772119,8.290820121765137,7131900.0
2024-09-30,8.750956921104242,9.119065655252998,8.3410174495203,8.43304443359375,6072900.0
2024-10-01,8.491607157170023,9.052136975592415,8.366115740208878,9.035405158996582,4230100.0
2024-10-02,9.654497539664808,9.671230154128398,8.909912950989417,9.370049476623535,6521000.0
2024-10-03,8.792787830894829,9.010307031537634,8.642197492318276,8.868083000183105,2620000.0
2024-10-04,9.119066111439105,9.746524810791016,8.8764487796039,9.746524810791016,5649000.0
2024-10-07,10.181562810263825,10.373983087250727,9.64613112141577,9.796721458435059,7339100.0
2024-10-08,8.81788537844925,9.160895973586486,8.449776661141096,8.583634376525879,4694200.0
2024-10-09,8.232258121610064,8.491607266084191,8.123498519849791,8.374482154846191,3465400.0
2024-10-10,8.399580007307996,8.70912618791124,8.391213700245894,8.533437728881836,2296900.0
2024-10-11,8.282453832191267,8.583634493775994,8.248989402887958,8.525071144104004,1329700.0
2024-10-14,8.332651538567259,8.357749663079465,8.023105343400054,8.115132331848145,1850000.0
2024-10-15,7.872514801680531,8.014738833414066,7.7135589533133295,7.8223185539245605,2497500.0
2024-10-16,7.9561761976757595,7.989640628458472,7.76375512228394,7.772121429443359,1498700.0
2024-10-17,7.554602137807095,7.5964328752363715,7.337083739313772,7.35381555557251,1460000.0
2024-10-18,7.805585855196786,7.981274316156568,7.596432963475854,7.604799270629883,1810500.0
2024-10-21,7.496039669200429,7.546236714256298,7.429110807695913,7.537870407104492,629700.0
2024-10-22,7.562968265019533,7.822318192629848,7.562968265019533,7.730290412902832,1240900.0
2024-10-23,7.747023222145035,7.872514636761042,7.621531009674072,7.621531009674072,1335300.0
2024-10-24,7.62153080630014,7.663361542674244,7.4625749655044675,7.5629682540893555,817300.0
2024-10-25,7.78048781427301,7.981274400973675,7.713558952039455,7.75538969039917,1405600.0
2024-10-28,7.8055854792647565,8.198793120161861,7.8055854792647565,8.023104667663574,1082100.0
2024-10-29,8.031471079209123,8.073301017800523,7.755389335660209,7.763754844665527,882400.0
2024-10-30,7.654995242524316,7.797219267607712,7.604798997115432,7.663361549377441,1005200.0
2024-10-31,7.604799269623911,7.613165576776833,7.387280070777724,7.5713348388671875,1367100.0
2024-11-01,7.579700863262298,7.6298971085973495,7.479306776882325,7.496039390563965,771300.0
2024-11-04,7.5462364291741695,7.654995226619089,7.412377913367089,7.429110527038574,945700.0
2024-11-05,7.588066661210959,7.8055858602260715,7.521137799645534,7.772121429443359,1125200.0
2024-11-06,7.429110611576758,7.654995313727686,7.337083628901186,7.546236515045166,2042800.0
2024-11-07,7.864148493137467,8.090034001566945,7.638263782562962,7.75538969039917,1681700.0
2024-11-08,7.496039289663493,7.504405596391698,7.102831649841997,7.2115912437438965,2360300.0
2024-11-11,7.253421979530001,7.303618224189385,7.044269098454406,7.2115912437438965,1369400.0
2024-11-12,7.08610009408254,7.094465603262579,6.843482775052451,6.918777942657471,2441900.0
2024-11-13,6.960607720827561,6.960607720827561,6.818383695948206,6.851848125457764,1300500.0
2024-11-14,6.776553560977611,6.89367866193775,6.776553560977611,6.8602142333984375,1328800.0
2024-11-15,6.876947208246817,7.035903052704142,6.8685809012082855,6.985706806182861,1141100.0
2024-11-18,6.985706811926892,7.27852037782167,6.918777951273517,7.119564533233643,2026000.0
2024-11-19,7.295253085660474,7.797219547011332,7.295253085660474,7.5713348388671875,2988500.0
2024-11-20,7.638263505254902,7.88924712844623,7.588066461474659,7.680094242095947,1927800.0
2024-11-21,7.646630005483484,7.654995514779199,7.395646375947862,7.504405975341797,1861300.0
2024-11-22,7.270153890795206,7.571334554134274,7.245055768135262,7.4625749588012695,1643200.0
2024-11-25,7.462575243341278,7.81395216539786,7.462575243341278,7.705192565917969,1361700.0
2024-11-26,7.663361544928329,7.780487447239285,7.5797008700104485,7.596432685852051,662900.0
2024-11-27,7.780487544607114,8.006372247352623,7.696826070787328,7.9143452644348145,2149000.0
2024-11-29,7.90597904039563,8.090033806016462,7.90597904039563,8.031471252441406,571900.0
2024-12-02,7.998006827833526,8.23225784015565,7.998006827833526,8.165328979492188,1251200.0
2024-12-03,8.240624549098122,8.3995804014624,8.207160117134327,8.282454490661621,1031600.0
2024-12-04,8.26572238896168,8.290820512606478,7.922711773681247,8.006372451782227,1632400.0
2024-12-05,8.05656937570858,8.1820607898994,7.9729079010113955,8.031471252441406,738200.0
2024-12-06,8.19879381008101,8.274088981466983,8.131864946150145,8.21552562713623,821100.0
2024-12-09,8.70912647355972,9.194361129107458,8.700760166223212,8.842984199523926,4111400.0
2024-12-10,8.575268349234225,8.684027945991497,8.424678015592628,8.625465393066406,1598200.0
2024-12-11,8.458142567688085,8.734224318115103,8.458142567688085,8.700759887695312,1868900.0
2024-12-12,8.533437348549151,8.776054657552095,8.525071041859931,8.750956535339355,1207700.0
2024-12-13,8.508339610926976,8.692394377134788,8.332651151786553,8.667295455932617,2644000.0
2024-12-16,8.483241195920634,8.709125893989432,8.374481601348647,8.391213417053223,1657800.0
2024-12-17,8.41631224631975,8.859716128734457,8.40794593963053,8.750956535339355,2594200.0
2024-12-18,8.750957208413302,8.792787947221866,8.332651416037628,8.374482154846191,1122700.0
2024-12-19,8.491607264901885,8.56690243517582,8.232258120463866,8.24062442779541,1261000.0
2024-12-20,8.282454086725773,8.332651131150849,8.098400118828723,8.165328979492188,1343900.0
2024-12-23,8.190427502224933,8.315918922625416,7.998007217896863,8.282454490661621,854600.0
2024-12-24,8.349382673460596,8.41631232978317,8.28245381499295,8.290820121765137,377100.0
2024-12-26,8.223891535967999,8.366115564391043,8.198793412674211,8.232257843017578,423000.0
2024-12-27,8.1653293783179,8.232258242250424,8.0565697749638,8.182061195373535,649600.0
2024-12-30,8.090033724833162,8.090033724833162,7.93107708407463,7.981274127960205,895400.0
2024-12-31,7.9394436671069775,8.090034006145183,7.839050373699831,7.989640712738037,712800.0
2025-01-02,7.905978869870111,7.99800664962304,7.705192292353617,7.763754844665527,980000.0
2025-01-03,7.797219351570751,7.897612641324523,7.588066465119992,7.747023105621338,1389700.0
2025-01-06,7.897612760113252,8.006372358446104,7.604799193390918,7.621531009674072,1008600.0
2025-01-07,7.638263433181453,7.79721927425161,7.5797008808695425,7.763754844665527,902600.0
2025-01-08,7.646629731316162,7.6800941608640585,7.529503828971058,7.629897117614746,936000.0
2025-01-10,7.4960393860146475,7.621530797131053,7.286886502250685,7.429110527038574,1123100.0
2025-01-13,7.320350861365483,7.512771129608154,7.320350861365483,7.512771129608154,496900.0
2025-01-14,7.763755123258671,7.864148415619412,7.663361830897929,7.805585861206055,955900.0
2025-01-15,7.8139522479488,7.931077357968392,7.763755202329707,7.889247417449951,822900.0
2025-01-16,7.864148416598318,7.905979154550908,7.788854045709613,7.83905029296875,618400.0
2025-01-17,7.855782915730751,8.282454209311618,7.788854054076696,8.140230178833008,860500.0
2025-01-21,8.240624264333631,8.240624264333631,7.855782911121143,7.972908020019531,971800.0
2025-01-22,7.889247224169165,8.131864543365054,7.855782793861283,8.031471252441406,564100.0
2025-01-23,8.014738548749078,8.014738548749078,7.788853846160171,7.8139519691467285,484100.0
2025-01-24,7.8892469636516225,8.207159440005928,7.839049920919921,8.19042682647705,1047400.0
2025-01-27,8.090033541386779,8.357748975092713,8.048202805406493,8.223891258239746,879000.0
2025-01-28,8.22389127073283,8.407946030612726,8.039836510852934,8.391213417053223,629800.0
2025-01-29,8.483241880094235,8.625465915400673,8.28245449046133,8.315918922424316,827300.0
2025-01-30,8.399580281219642,8.759323518071836,8.399580281219642,8.642197608947754,965600.0
2025-01-31,8.57526886915588,8.583635176610986,8.15696307066047,8.21552562713623,1230200.0
2025-02-03,8.048202703187133,8.466508461967264,7.998006458932271,8.416312217712402,864600.0
2025-02-04,8.466508866731072,8.784421354345207,8.433044436343001,8.49997329711914,1261800.0
2025-02-05,8.374481493916853,8.625465109105171,8.307552636247292,8.550169944763184,788500.0
2025-02-06,8.650563267912801,9.17762862268453,8.650563267912801,8.985207557678223,1732000.0
2025-02-07,9.135798451409785,9.328218730448897,8.868083003057988,9.001940727233887,1719000.0
2025-02-10,9.169262606516705,9.395147309802084,8.993574149359212,9.127431869506836,2204800.0
2025-02-11,8.801154257173483,8.859716812809909,8.550170622102398,8.67566204071045,1793900.0
2025-02-12,8.74259062786191,8.951743517513416,8.633831029500534,8.767688751220703,1268500.0
2025-02-13,8.700760317106749,9.110700607299805,8.575268896302852,9.110700607299805,1601100.0
2025-02-14,9.704694166499445,9.763256718885437,8.993574039576966,9.286388397216797,2789100.0
2025-02-18,9.37841549013842,9.37841549013842,8.642197231751997,9.060503005981445,2466100.0
2025-02-19,8.935011296137375,8.935011296137375,8.56690178024101,8.78442096710205,1514900.0
2025-02-20,8.976842079960369,9.328219015590346,8.918279523307039,9.244558334350586,3642400.0
2025-02-21,9.671229749925152,9.846918205175205,9.32821834845224,9.487174987792969,4105800.0
2025-02-24,9.269656174094408,9.286388788541188,8.834618570592722,8.935011863708496,1752500.0
2025-02-25,9.202727436725596,9.269656299709746,8.817886075639235,8.876448631286621,1888500.0
2025-02-26,9.06050272791663,9.370048895603924,8.976841256496312,9.052136421203613,1168700.0
2025-02-27,8.96011010839381,9.06050340286387,8.700760165954922,8.80951976776123,1144600.0
2025-02-28,8.592001358366737,8.625465789842591,8.366115847513482,8.374482154846191,2034200.0
2025-03-03,8.45814295814149,8.742591028768176,8.240624549299017,8.248990058898926,1197700.0
2025-03-04,8.324284835404242,8.499973294348068,8.173695297634502,8.43304443359375,1159200.0
2025-03-05,8.625465408947871,8.99357413892684,8.583634671986525,8.926645278930664,1573300.0
2025-03-06,9.144164199336945,9.185994137192182,8.926645011928061,9.052136421203613,1881000.0
2025-03-07,9.177629192566542,9.395147595493341,9.027038853893782,9.135798454284668,1414100.0
2025-03-10,9.127432267230157,9.1441648819052,8.826252383774237,8.976841926574707,1474500.0
2025-03-11,9.202727595413288,9.512273791516407,8.96011026344841,9.177629470825195,2388000.0
2025-03-12,8.834618572014014,9.068869589321837,8.826252264789277,9.001940727233887,1062600.0
2025-03-13,8.725858410263134,8.884814248031555,8.43304405907588,8.71749210357666,3278000.0
2025-03-14,8.960109985320527,9.001940723572224,8.684028229856294,8.83461856842041,1958900.0
2025-03-17,8.868082466025667,9.219459369636246,8.859716159307577,9.119065284729004,2624100.0
2025-03-18,9.202727596345275,9.294754585080929,8.901547707692682,9.07723617553711,1753900.0
2025-03-19,9.085600841780034,9.11069976189582,8.834618023461545,8.951743125915527,1327900.0
2025-03-20,8.684028346632646,8.684028346632646,8.466509143082767,8.508339881896973,2327900.0
2025-03-21,8.441410742033208,8.592001077682546,8.324284836766504,8.466508865356445,3533700.0
2025-03-24,8.658929659172177,8.658929659172177,8.315918261494579,8.525071144104004,2599200.0
2025-03-25,8.399579716238794,8.525071126401897,8.23225757006968,8.290820121765137,1836700.0
2025-03-26,8.290820398078369,8.357749258776593,8.106765632230774,8.265722274780273,1353700.0
2025-03-27,8.232258121610064,8.56690243636861,8.215525506944646,8.374482154846191,1093700.0
2025-03-28,8.324285021437705,8.324285021437705,7.839050371197253,7.855782985687256,2140400.0
2025-03-31,7.847416679705461,7.939443665850369,7.705192647937437,7.9227118492126465,1344200.0
2025-04-01,7.95617620162058,7.97290801809275,7.797219556932659,7.905979156494141,1364600.0
2025-04-02,7.9812740447012125,8.039836597077683,7.8055855897168644,7.897612571716309,1072300.0
2025-04-03,7.730290688538837,7.780487733621151,7.638263703385386,7.671728134155273,1544300.0
2025-04-04,7.3956460811835765,7.470941246828761,6.952242191984633,7.194859504699707,2687700.0
2025-04-07,6.943875990486935,7.445842439310061,6.659427937226359,6.9689741134643555,4706900.0
2025-04-08,7.169760583817781,7.270153872053691,6.416810523120987,6.5674004554748535,5062100.0
2025-04-09,6.642136162451897,7.174627795993835,6.6327939851464786,7.165286064147949,4327600.0
2025-04-10,7.081208213271703,7.146602117689662,6.707529586736777,6.857001304626465,3403100.0
2025-04-11,7.0998921394348145,7.16528604401036,6.91305304844687,7.0998921394348145,2333000.0
2025-04-14,7.2306795209754755,7.4455446988717755,7.109234334263287,7.127918243408203,1823500.0
2025-04-15,7.146602157414816,7.296073430675827,7.071866520784311,7.202653884887695,1248400.0
2025-04-16,7.09055040377666,7.09055040377666,6.959762594696371,7.043840408325195,2194600.0
2025-04-17,7.211995610587896,7.3521251518803865,7.062524337454322,7.10923433303833,1754000.0
2025-04-21,7.090550427542732,7.183969973299254,6.9504208861781835,7.165286064147949,982400.0
2025-04-22,7.2493639026961665,7.417519085629395,7.23067954802183,7.305415630340576,986100.0
2025-04-23,7.398835204918835,7.641726471106556,7.398835204918835,7.520280838012695,1198600.0
2025-04-24,7.510938653221518,7.688435568540893,7.408176929515932,7.660409927368164,816800.0
2025-04-25,7.566990805865749,7.660409906493298,7.510938632753966,7.576332092285156,588700.0
2025-04-28,7.520280860380371,7.67909431252016,7.520280860380371,7.641726493835449,457100.0
2025-04-29,7.613699943330093,7.651067761924976,7.538964306140328,7.5950164794921875,587800.0
2025-04-30,7.585674316228627,7.688435594825998,7.445544773507307,7.566990852355957,922900.0
2025-05-01,7.6230421348930415,7.6230421348930415,7.520280856295671,7.566990852355957,405400.0
2025-05-02,7.800539970397949,7.8939590719426755,7.753829974166049,7.800539970397949,816900.0
2025-05-05,7.7351456249893555,7.95935342888341,7.725804338471372,7.9126434326171875,746800.0
2025-05-06,7.903301246814224,8.15553380091431,7.903301246814224,8.052772521972656,1366700.0
2025-05-07,8.034089031524605,8.146192487523484,7.809881228607776,7.85659122467041,950400.0
2025-05-08,7.921984706876617,8.024746876687107,7.847249069333937,7.978036880493164,1173200.0
2025-05-09,8.04343034061324,8.211585970543807,7.959353416567032,7.978036880493164,828400.0
2025-05-12,8.192902536373856,8.314347279632484,8.146192540010263,8.248953819274902,854300.0
2025-05-13,8.062114719292047,8.230270349719724,8.006062545509797,8.136850357055664,1025600.0
2025-05-14,8.258296007526898,8.258296007526898,8.108824731703274,8.14619255065918,919200.0
2025-05-15,8.02474685623607,8.043430320114588,7.875275581531638,7.893959045410156,677700.0
2025-05-16,7.940669059753418,8.02474687469786,7.893959063571054,7.940669059753418,653500.0
2025-05-19,7.93132689657223,7.93132689657223,7.791197798692638,7.9126434326171875,1194200.0
2025-05-20,7.996721229334965,8.071456866821539,7.82856559953064,7.865933418273926,757500.0
2025-05-21,8.211585982367696,8.314347261407077,7.987379069416821,8.20224380493164,3908300.0
2025-05-22,8.454477324457798,8.968285506006332,8.40776732778628,8.790787696838379,4673000.0
2025-05-23,8.60394859951213,8.874865511054939,8.60394859951213,8.753419876098633,1891800.0
2025-05-27,8.697368604207021,8.790787706736156,8.54789643650605,8.65065860748291,1680300.0
2025-05-28,8.631974218585109,8.669342037634085,8.575922935471187,8.594606399536133,1092200.0
2025-05-29,8.716052050496497,8.725394228006005,8.547896419001683,8.603948593139648,1330100.0
2025-05-30,8.519870770858908,8.519870770858908,8.323689497905091,8.454477310180664,1194400.0
2025-06-02,8.463819508457377,8.594606430134883,8.445135153406827,8.575922966003418,724200.0
2025-06-03,8.594606430134883,8.678684246024185,8.538555146821404,8.575922966003418,732000.0
2025-06-04,8.631974275643936,8.893549901634907,8.622632098090168,8.846839904785156,968600.0
2025-06-05,8.940258960416683,8.996311134524595,8.800129861525527,8.856181144714355,882400.0
2025-06-06,8.92157551875427,9.014994621276855,8.856181166977468,9.014994621276855,1323500.0
2025-06-09,9.117756828925517,9.267228106298216,9.06170465445121,9.145782470703125,1745500.0
2025-06-10,9.155124644022653,9.17380810822603,9.005653366719276,9.033679008483887,653500.0
2025-06-11,9.164466792086571,9.369989352257662,9.071046798613105,9.089730262756348,1397500.0
2025-06-12,9.108414616274999,9.108414616274999,8.97762680361813,9.052362442016602,885900.0
2025-06-13,8.902891191151065,9.014994649075298,8.865523371842988,8.921575546264648,1064200.0
2025-06-16,9.043021174365203,9.28591155420993,9.014994641717703,9.13644027709961,1110000.0
2025-06-17,9.155124609861883,9.155124609861883,8.968285513929821,8.97762680053711,671300.0
2025-06-18,8.912233351155871,8.921575528694264,8.809472070990811,8.874865531921387,697900.0
2025-06-20,8.893549898707406,8.940259004622693,8.744077730653586,8.772104263305664,1619900.0
2025-06-23,8.78144549820628,8.81881331726983,8.660000754439048,8.669342041015625,1259400.0
2025-06-24,8.856181233601095,9.192492499785855,8.818813414127131,9.164466857910156,1108900.0
2025-06-25,9.192492433760979,9.192492433760979,9.0430211569387,9.089730262756348,605700.0
2025-06-26,9.136440271153669,9.145782448696757,8.940258997344277,8.986968994140625,943600.0
2025-06-27,9.005653366719276,9.099072469574342,8.921575550506356,9.033679008483887,557800.0
2025-06-30,8.977626797404364,9.014994616577736,8.809472056583727,8.902891159057617,593500.0
2025-07-01,8.92157556092576,8.949601202723102,8.790787747673015,8.893549919128418,591800.0
2025-07-02,8.874865531921387,8.893549886998173,8.800129893452418,8.874865531921387,408900.0
2025-07-03,8.856181194286195,8.940259010459142,8.800129910783623,8.921575546264648,383900.0
2025-07-07,8.856181197104933,9.13644028746426,8.856181197104933,8.99631118774414,675400.0
2025-07-08,9.12709903717041,9.45406723479247,9.108414681976475,9.12709903717041,1431400.0
2025-07-09,9.099072456359863,9.164466808274435,9.005653353640469,9.099072456359863,880800.0
2025-07-10,9.183150304792687,9.267228121179615,9.09907248840576,9.117756843566895,716700.0
2025-07-11,9.11775679534984,9.164466792086571,9.071046798613105,9.089730262756348,395500.0
2025-07-14,9.12709899046953,9.24854373493235,9.06170463854445,9.13644027709961,423600.0
2025-07-15,9.285911619997364,9.734326345424272,9.285911619997364,9.687616348266602,2800400.0
2025-07-16,9.64090636124749,9.64090636124749,9.332621626969397,9.510119438171387,791200.0
2025-07-17,9.472751601436386,9.547487240464282,9.407357249097656,9.463409423828125,512000.0
2025-07-18,9.500777231108415,9.668932864164203,9.472751589238815,9.566170692443848,772300.0
2025-07-21,9.566170720914707,9.65959071531687,9.463409439807606,9.47275161743164,663900.0
2025-07-22,9.463409410377412,9.594197223949884,9.398015949050722,9.528802871704102,748100.0
2025-07-23,9.696958532910779,9.977217625140854,9.696958532910779,9.911823272705078,1213000.0
2025-07-24,9.846429786499275,9.939849780648089,9.603538514447633,9.64090633392334,771300.0
2025-07-25,9.528802855679857,9.5474872108384,9.323279403531334,9.519460678100586,673400.0
2025-07-28,9.519460724877469,9.678274180829105,9.444725085714241,9.510119438171387,697900.0
2025-07-29,9.500777245784064,9.650248523878277,9.500777245784064,9.538145065307617,548700.0
2025-07-30,9.444725043361428,9.519460682189521,9.164466843215624,9.192492485046387,878300.0
2025-07-31,9.117756839507283,9.155124658893826,8.856181212882396,9.005653381347656,1031600.0
2025-08-01,8.874865531921387,8.940258992851962,8.762762074217934,8.874865531921387,528200.0
2025-08-04,9.04302116848006,9.145782448696757,8.968285529973539,8.986968994140625,400200.0
2025-08-05,9.071046846583146,9.155124662970074,9.005653385357354,9.117756843566895,1111800.0
2025-08-06,9.099072472399245,9.145782469300823,8.96828555017773,9.108414649963379,378600.0
2025-08-07,9.155124661622509,9.229860300417869,9.071046845247956,9.080389022827148,382900.0
2025-08-08,9.06170468865037,9.295253783156406,9.014994691565345,9.239202499389648,902800.0
2025-08-11,9.332621533052093,9.351305888114421,9.061704621081942,9.089730262756348,615200.0
2025-08-12,9.145782526816154,9.463409438641452,9.145782526816154,9.435383796691895,664100.0
2025-08-13,9.72498414919343,9.781036323859158,9.482092877173757,9.603538513183594,1902200.0
2025-08-14,9.846429876926138,10.752600621182918,9.622222958012841,10.687206268310547,5532100.0
2025-08-15,10.799310668328026,11.014175410544505,10.481683752947921,10.789968490600586,2782500.0
2025-08-18,10.948781940059991,11.18233103755578,10.846019766973617,11.154304504394531,2625500.0
2025-08-19,11.144963185802153,11.163646650270588,10.462999359781818,10.472341537475586,2510200.0
2025-08-20,10.481683698285542,10.53773498251966,10.341553705862047,10.425631523132324,1149300.0
2025-08-21,10.481683701102382,10.640497158006895,10.39760588380951,10.537734985351562,641500.0
2025-08-22,10.73391626673559,10.892729723709254,10.6965484469135,10.724574089050293,1062600.0
2025-08-25,10.771284135145708,10.986149768281292,10.752600670609933,10.789968490600586,1804200.0
2025-08-26,10.761942796056013,10.817994080310145,10.547077163964243,10.575102806091309,716300.0
2025-08-27,10.229450262085859,10.43497371673584,10.173398977766201,10.43497371673584,923800.0
2025-08-28,10.43497371673584,10.56576153168021,10.37892154149708,10.43497371673584,1403500.0
2025-08-29,10.556419375797539,10.836678470732165,10.500367200442971,10.705890655517578,959800.0
2025-09-02,10.575102852198087,10.64049720533849,10.416289394587132,10.528393745422363,532600.0
2025-09-03,10.472340704402265,11.051542311553945,10.462998527451667,11.032858848571777,1041700.0
2025-09-04,10.827336294646376,10.948781932166929,10.649838481762837,10.78062629699707,733000.0
2025-09-05,10.892729775828684,10.93943977355957,10.78062631582602,10.93943977355957,721300.0
2025-09-08,11.098253243852952,11.210356703982484,10.752600685723785,10.761942863464355,883000.0
2025-09-09,10.930096756161431,11.471930550009297,10.930096756161431,11.462589263916016,3599900.0
2025-09-10,11.490614879989117,11.509298343055617,11.182330166580059,11.378511428833008,1603400.0
2025-09-11,11.378512330537376,11.490615790577262,11.1262788772583,11.1262788772583,949400.0
2025-09-12,11.257065791599583,11.462589230679441,11.107594523512061,11.443904876708984,1499200.0
2025-09-15,11.677454012434561,12.069816538525886,11.649428372262049,11.864293098449707,2855600.0
2025-09-16,11.864293104464652,11.9390287389086,11.527982749466888,11.761531829833984,2222800.0
2025-09-17,11.94837094665524,12.041790935409814,11.7428475059466,11.920345306396484,1837900.0
2025-09-18,11.78955740511332,11.87363521612963,11.45324705196711,11.584033966064453,1543400.0
2025-09-19,11.546666176461365,12.041790866750892,11.546666176461365,11.705479621887207,2288200.0
2025-09-22,11.518640497799797,11.658769588744512,11.443904863840078,11.471930503845215,1037500.0
2025-09-23,11.406537053908272,11.453247047891715,11.154303620949092,11.229040145874023,911100.0
2025-09-24,11.47193058752439,11.752189662377132,11.462589301400563,11.696138381958008,1105800.0
2025-09-25,11.677454000609766,11.752189634940146,11.490614914783817,11.574692726135254,1229300.0
2025-09-26,11.499957055124993,11.537324872170995,11.219697981820456,11.518640518188477,1074900.0
2025-09-29,11.79889962320667,12.03244870310169,11.57469272032802,11.677453994750977,1158400.0
2025-09-30,11.85495086216199,11.88297739311345,11.546666149048209,11.584033966064453,787500.0
2025-10-01,11.584034009978541,11.742847455629391,11.546666192820638,11.714821815490723,518300.0
2025-10-02,12.013764394508534,12.107184383187498,11.75218967349409,11.985738754272461,981000.0
2025-10-03,11.836267434518248,11.901660891762525,11.612060531750124,11.7802152633667,677900.0
2025-10-06,11.686796188354492,11.836267457152404,11.56535055972643,11.686796188354492,950100.0
2025-10-07,11.668111817734607,11.80824180022304,11.640086177604534,11.677453994750977,940400.0
2025-10-08,11.836267467806845,11.87363528503996,11.658769667760271,11.79889965057373,875300.0
2025-10-09,11.836267412322341,11.929687400426726,11.425220533765891,11.556008338928223,1519700.0
2025-10-10,11.285092325028627,11.527983600359025,10.425631574566523,10.640497207641602,2691400.0
2025-10-13,10.995491915337825,11.060885377409283,10.789968460502969,10.846019744873047,1083900.0
2025-10-14,10.519051567699577,10.64049720533849,10.229450294726922,10.528393745422363,1293200.0
2025-10-15,10.874046289836839,10.948781929691187,10.612470659427519,10.668522834777832,973100.0
2025-10-16,10.621812816899467,10.621812816899467,10.341553722520139,10.472341537475586,852800.0
2025-10-17,10.313528095195748,10.472341552541877,10.210766813173764,10.444315910339355,845700.0
2025-10-20,10.462999362402723,10.631154997256262,10.406948078064278,10.584444999694824,832700.0
2025-10-21,10.603129321164742,10.677864960656304,10.47234150659496,10.4910249710083,569600.0
2025-10-22,10.388263705204325,10.677864976863004,10.388263705204325,10.500367164611816,1055100.0
2025-10-23,10.556419374189451,10.733916296100185,10.53773501876774,10.631155014038086,660100.0
2025-10-24,10.771284082818969,10.799310615865133,10.547077163964243,10.575102806091309,527200.0
2025-10-27,10.799310683507533,10.846019790372175,10.640497225594252,10.761942863464355,727600.0
2025-10-28,10.743258439743126,10.761942795105588,10.500367165545741,10.537734985351562,662800.0
2025-10-29,10.53773498251966,10.649838441906995,10.31352806374499,10.425631523132324,1167500.0
2025-10-30,10.285502384824506,10.322870204486575,10.192082390209784,10.220108032226562,828100.0
2025-10-31,10.210766775398232,10.322870234712688,10.11734678050997,10.164056777954102,630900.0
2025-11-03,10.145372436667884,10.145372436667884,9.977217692922729,10.098663330078125,930000.0
2025-11-04,10.023926779763002,10.033268957430188,9.85577203634915,9.939849853515625,1240100.0
2025-11-05,9.921165497189284,9.98655895901485,9.855772035363719,9.902482032775879,774900.0
2025-11-06,10.005243298229498,10.136031112589036,9.855772019486652,9.893139839172363,2253400.0
2025-11-07,9.724984154254674,9.781036328949575,9.622222873386297,9.753009796142578,917200.0
2025-11-10,9.995901141604277,10.117346778568068,9.949191144169111,10.08932113647461,974000.0
2025-11-11,10.12668893813832,10.192082399879208,9.967875481694081,10.005243301391602,1110300.0
2025-11-12,10.13603107983925,10.13603107983925,9.8090619904564,9.874455451965332,3423200.0
2025-11-13,9.874455443518167,9.939849795890252,9.603538529174084,9.61288070678711,801300.0
2025-11-14,9.547487254223347,9.650248535305023,9.379331620708701,9.398015975952148,1006500.0
2025-11-17,9.491435028061451,9.65024848309516,9.248543756725297,9.29525375366211,1295800.0
2025-11-18,8.977626828094618,9.388673731325978,8.968285541458654,9.285911560058594,1275600.0
2025-11-19,9.248543782254629,9.276570315045534,9.089730326782538,9.12709903717041,1145600.0
2025-11-20,9.229860261667442,9.239202439207412,8.874865533420337,8.912233352661133,1157800.0
2025-11-21,8.865523390458804,9.099072484354467,8.83749774864867,9.005653381347656,1032500.0
2025-11-24,9.211175951929226,9.304595945950616,9.155124668251664,9.267228126525879,966700.0
2025-11-25,9.351305945593959,9.463409403899732,9.267228129134855,9.341963768005371,721100.0
2025-11-26,9.351305909103829,9.37933155084114,9.173808099289658,9.211175918579102,1021000.0
2025-11-28,9.192492457265349,9.341963734469811,9.192492457265349,9.285911560058594,364500.0
2025-12-01,9.341963776888074,9.715641971595959,9.304595957417286,9.603538513183594,1393500.0
2025-12-02,9.56617069746111,9.743668508206223,9.46340941660595,9.715641975402832,1128900.0
2025-12-03,9.650248527526855,9.818404160905967,9.575512888451494,9.650248527526855,747300.0
2025-12-04,9.706300684917581,9.706300684917581,9.603538513183594,9.603538513183594,498800.0
2025-12-05,9.743668540241709,9.79037764656275,9.687616365369728,9.734326362609863,1106200.0
2025-12-08,9.753009789773007,9.79971978683507,9.500777231108415,9.566170692443848,1401900.0
2025-12-09,9.351305929546967,9.388673748918102,9.257885935659587,9.332621574401855,902700.0
2025-12-10,9.351305937582044,9.61288067340474,9.33262158242088,9.556828498840332,834900.0
2025-12-11,9.491435052243267,9.566170691164938,9.360648129589885,9.528802871704102,1750800.0
2025-12-12,9.538145050574247,9.706300683630035,9.510119408704647,9.566170692443848,1049300.0
2025-12-15,9.60353850933176,9.60353850933176,9.482092873370632,9.491435050964355,588200.0
2025-12-16,9.360648159844928,9.538145080127824,9.295253807387782,9.510119438171387,1002100.0
2025-12-17,9.519460674027368,9.54748720675319,9.351305932267882,9.407357215881348,1024700.0
2025-12-18,9.472751601436386,9.575512882369969,9.435383781922436,9.463409423828125,603900.0
2025-12-19,9.50077726054621,9.594197254959793,9.313938162638136,9.510119438171387,2304400.0
2025-12-22,9.463409406521649,9.55682850967613,9.398015945221603,9.416699409484863,467800.0
2025-12-23,9.398015945221603,9.463409406521649,9.351305948184816,9.416699409484863,393400.0
2025-12-24,9.360648125775992,9.472751584112824,9.351305948184816,9.416699409484863,211300.0
2025-12-26,9.416699442606523,9.500777259384652,9.388673800653514,9.47275161743164,239100.0
2025-12-29,9.369989399182716,9.519460676753548,9.341963757367957,9.48209285736084,601200.0
2025-12-30,9.528802854331499,9.612880670694864,9.48209285736084,9.48209285736084,682900.0
2025-12-31,9.528802903658512,9.58485507849728,9.519460726032202,9.547487258911133,587500.0
2026-01-02,9.818404182842997,9.967875461327681,9.799719827572865,9.846429824829102,1129900.0
2026-01-05,9.827746412734452,10.07063679610402,9.762352059860364,10.061295509338379,948500.0
2026-01-06,10.108004550543372,10.182740189699697,9.930507630276875,9.98655891418457,619000.0
2026-01-07,9.921165451494248,10.014585445888294,9.874455454297225,9.949191093444824,712600.0
2026-01-08,9.921165484342405,10.079978940786644,9.883797664644884,10.005243301391602,703200.0
2026-01-09,9.967875460190996,10.023926744156814,9.771694184472445,9.809062004089355,707600.0
2026-01-12,10.023926823499776,10.537735015488584,10.023926823499776,10.481683731079102,5904100.0
2026-01-13,10.38826368340284,10.453657145190197,10.238792404506542,10.266818046569824,749600.0
2026-01-14,10.304185915838977,10.48168372857111,10.182740278422019,10.369580268859863,2628400.0
2026-01-15,10.29484461146661,10.38826371560685,10.098663334577274,10.285502433776855,502400.0
2026-01-16,10.210766756247192,10.229450220638343,9.96787548272855,10.042611122131348,531700.0
2026-01-20,9.874455499777124,9.98655895901485,9.827746393284063,9.902482032775879,494700.0
2026-01-21,10.05195331959372,10.285502415917446,10.033268964246654,10.201424598693848,740100.0
2026-01-22,10.238792433530342,10.369580248394897,10.154714616183066,10.173398971557617,755900.0
2026-01-23,10.201424610933095,10.201424610933095,10.042611153968897,10.061295509338379,479800.0
2026-01-26,10.014585514550339,10.182740258325792,9.958533339345786,10.173398971557617,628300.0
2026-01-27,10.266818058614254,10.37892151791799,10.070636782102937,10.126688957214355,797500.0
2026-01-28,10.266818044523585,10.266818044523585,10.079978945940452,10.192082405090332,862700.0
2026-01-29,10.332212395127312,10.341553681865257,9.967875484774563,10.11734676361084,603000.0
2026-01-30,9.949191107183525,10.051953279342696,9.7903776510458,9.883797645568848,627500.0
2026-02-02,9.771694199304942,9.893139835974017,9.640906384987687,9.781036376953125,623000.0
2026-02-03,9.753009806077012,9.930507617025752,9.482092891767069,9.575512886047363,1240600.0
2026-02-04,9.56617072208426,9.612880719291052,9.435383799008157,9.510119438171387,834900.0
2026-02-05,9.510119399590273,9.510119399590273,9.061704675510956,9.304595947265625,1203700.0
2026-02-06,9.41669939748587,9.55682849749858,9.35130593626915,9.519460678100586,607200.0
2026-02-09,9.519460724877469,9.622222896916231,9.435383799008157,9.510119438171387,1361700.0
2026-02-10,9.491435056020512,9.687616330997747,9.435383772266498,9.64090633392334,5756700.0
2026-02-11,9.631565074541408,9.687616358454282,9.444725085714241,9.510119438171387,574500.0
2026-02-12,9.528802863845739,9.528802863845739,9.201834666562846,9.304595947265625,816300.0
2026-02-13,9.155124686508033,9.454067242502061,9.155124686508033,9.351305961608887,530800.0
2026-02-17,9.341963750598921,9.444725031124637,9.155124653770761,9.29525375366211,509700.0
2026-02-18,9.332621558354832,9.379331555218206,9.239202455547172,9.32327938079834,364500.0
2026-02-19,9.267228145005793,9.398015958712726,9.24854378979662,9.351305961608887,380400.0
2026-02-20,9.248543764735343,9.584855030236396,9.220518122916618,9.519460678100586,785400.0
2026-02-23,9.56617074032542,9.855772010824477,9.51946074302956,9.594197273254395,842300.0
2026-02-24,9.463409460077706,9.734326375321352,9.45406728243366,9.63156509399414,683100.0
2026-02-25,9.668932847969149,9.893139764388602,9.528802857017673,9.556828498840332,857500.0
2026-02-26,9.482092890562742,9.538145065307617,9.369989431992082,9.538145065307617,788200.0
2026-02-27,9.463409417575692,9.491435059462864,9.267228142527307,9.276570320129395,921900.0
2026-03-02,9.117756862092147,9.26722814000856,9.09907250689305,9.201834678649902,974900.0
2026-03-03,9.080389003943848,9.09907246814429,8.874865552224463,8.99631118774414,1188700.0
2026-03-04,9.014994637335745,9.127098986033081,8.986968995620956,9.024336814880371,670100.0
2026-03-05,8.96828554456268,9.043021183190778,8.89354990593458,8.958943367004395,480000.0
2026-03-06,8.940258994361958,9.127098981485023,8.902891175121162,8.912233352661133,601100.0
2026-03-09,8.912233387421754,9.03367902315779,8.622632118986733,9.005653381347656,1352300.0
2026-03-10,9.229860288358715,9.323279391271315,9.071046833396299,9.183150291442871,1101100.0
2026-03-11,9.192492467611865,9.21117593182391,9.043021190239168,9.145782470703125,748000.0
2026-03-12,9.220518090228351,9.239202445320656,9.033678993900748,9.061704635620117,499500.0
2026-03-13,9.071046830625933,9.21117593041158,9.071046830625933,9.108414649963379,429100.0
2026-03-16,9.183150254673473,9.257885893071945,9.043021155406107,9.052362442016602,556300.0
2026-03-17,9.071046827809731,9.201834640909729,8.98696901159681,9.033679008483887,696500.0
2026-03-18,8.501187272442198,8.706709831149297,7.99672127130091,8.071456909179688,3606600.0
2026-03-19,7.903301254330474,8.239611623756787,7.809881261808072,8.20224380493164,1344100.0
2026-03-20,8.174218157739055,8.267638150195133,8.08079816528298,8.090140342712402,1902700.0
2026-03-23,8.043430382094424,8.220928190362978,7.940669102673053,8.183560371398926,2829400.0
2026-03-24,8.183560353387694,8.248953813701089,8.11816600215522,8.136850357055664,1002200.0
2026-03-25,8.220928172269502,8.286321632582897,8.136850357055664,8.136850357055664,751100.0
2026-03-26,7.9406690476254065,8.146192495962463,7.912643406326422,8.006062507629395,1464800.0
2026-03-27,7.968694705027496,8.164875976354976,7.940669063671878,8.01540470123291,1806700.0
2026-03-30,8.052772554250453,8.118166014664615,7.940669097432287,8.071456909179688,932800.0
2026-03-31,8.080798185110117,8.2302703515904,8.07145689857685,8.17421817779541,1002200.0
2026-04-01,8.192902565002441,8.314347308685436,8.155533855045727,8.192902565002441,1586500.0
2026-04-02,8.052772556038367,8.202243831829108,8.052772556038367,8.108824729919434,917800.0
2026-04-06,8.118165989845293,8.248953801192842,8.118165989845293,8.20224380493164,506900.0
2026-04-07,8.164875965994778,8.267638135700112,8.024746868475416,8.118165969848633,2037500.0
2026-04-08,8.407767305200984,8.519870762360041,8.239611674002859,8.267638206481934,1701700.0
2026-04-09,8.31434728147137,8.361057277845292,8.18356036072728,8.286321640014648,810900.0
2026-04-10,8.34237384287827,8.37974166192363,8.230270385742188,8.230270385742188,721800.0
2026-04-13,8.220928165483016,8.342373799478407,8.174218169189546,8.314347267150879,1927300.0
2026-04-14,8.379741645282229,8.566580740137987,8.361057290337113,8.547896385192871,1754900.0
2026-04-15,8.538555114735132,8.622632039389403,8.44513512167161,8.557238578796387,1094800.0
2026-04-16,8.631974268448484,8.725394262070113,8.538555165745942,8.660000801086426,1169800.0
2026-04-17,8.75,8.930000305175781,8.75,8.84000015258789,1496200.0
2026-04-20,8.619999885559082,8.84000015258789,8.619999885559082,8.779999732971191,1098400.0
2026-04-21,8.75,8.8100004196167,8.619999885559082,8.630000114440918,1200100.0
2026-04-22,8.630000114440918,8.649999618530273,8.520000457763672,8.5600004196167,679800.0
2026-04-23,8.539999961853027,8.569999694824219,8.289999961853027,8.329999923706055,995500.0
2026-04-24,8.390000343322754,8.460000038146973,8.34000015258789,8.40999984741211,901300.0
2026-04-27,8.399999618530273,8.5,8.319999694824219,8.329999923706055,1415000.0
2026-04-28,8.25,8.260000228881836,8.100000381469727,8.140000343322754,663000.0
2026-04-29,8.149999618530273,8.239999771118164,8.119999885559082,8.149999618530273,624000.0
2026-04-30,8.149999618530273,8.40999984741211,8.149999618530273,8.40999984741211,715800.0
2026-05-01,8.420000076293945,8.479999542236328,8.300000190734863,8.359999656677246,516400.0
2026-05-04,8.319999694824219,8.399999618530273,8.319999694824219,8.350000381469727,423400.0
2026-05-05,8.40999984741211,8.449999809265137,8.34000015258789,8.380000114440918,416400.0
2026-05-06,8.510000228881836,8.619999885559082,8.430000305175781,8.470000267028809,2360000.0
2026-05-07,8.470000267028809,8.5600004196167,8.40999984741211,8.460000038146973,779000.0
2026-05-08,8.550000190734863,8.619999885559082,8.430000305175781,8.489999771118164,583100.0
2026-05-11,8.4399995803833,8.5,8.369999885559082,8.390000343322754,761100.0
2026-05-12,8.359999656677246,8.390000343322754,8.25,8.369999885559082,621600.0
2026-05-13,8.399999618530273,8.770000457763672,8.350000381469727,8.710000038146973,1116300.0
2026-05-14,8.5600004196167,8.579999923706055,8.319999694824219,8.34000015258789,4648000.0
2026-05-15,8.3100004196167,8.3100004196167,8.109999656677246,8.119999885559082,890700.0
2026-05-18,8.15999984741211,8.279999732971191,8.050000190734863,8.260000228881836,1379300.0
2026-05-19,8.279999732971191,8.3100004196167,8.199999809265137,8.25,823400.0
2026-05-20,8.25,8.270000457763672,8.1899995803833,8.260000228881836,944700.0
2026-05-21,8.170000076293945,8.180000305175781,8.050000190734863,8.079999923706055,1811600.0
2026-05-22,7.880000114440918,8.069999694824219,7.789999961853027,8.010000228881836,1721800.0
2026-05-26,8.020000457763672,8.149999618530273,8.020000457763672,8.069999694824219,1445900.0
2026-05-27,7.949999809265137,8.09000015258789,7.909999847412109,8.079999923706055,1465000.0
2026-05-28,7.809999942779541,7.909999847412109,7.71999979019165,7.840000152587891,2558700.0
2026-05-29,7.71999979019165,7.880000114440918,7.690000057220459,7.860000133514404,2333000.0
2026-06-01,7.809999942779541,8.0600004196167,7.809999942779541,7.989999771118164,1232500.0
2026-06-02,8.079999923706055,8.119999885559082,8.010000228881836,8.029999732971191,1114900.0
2026-06-03,7.909999847412109,8.029999732971191,7.880000114440918,7.909999847412109,1314500.0
2026-06-04,7.880000114440918,7.989999771118164,7.840000152587891,7.849999904632568,1041700.0
2026-06-05,7.909999847412109,7.940000057220459,7.679999828338623,7.699999809265137,2068500.0
2026-06-08,7.699999809265137,7.739999771118164,7.619999885559082,7.639999866485596,1079000.0
2026-06-09,7.71999979019165,7.739999771118164,7.590000152587891,7.650000095367432,1318100.0
2026-06-10,7.630000114440918,7.760000228881836,7.630000114440918,7.659999847412109,826900.0
2026-06-11,7.650000095367432,7.679999828338623,7.46999979019165,7.630000114440918,2293200.0
2026-06-12,7.699999809265137,7.739999771118164,7.630000114440918,7.639999866485596,1080600.0
2026-06-15,7.699999809265137,7.78000020980835,7.639999866485596,7.670000076293945,895400.0
2026-06-16,7.599999904632568,7.599999904632568,7.440000057220459,7.5,1579400.0
2026-06-17,7.5,7.559999942779541,7.420000076293945,7.420000076293945,2200700.0
2026-06-18,7.420000076293945,7.440000057220459,7.309999942779541,7.329999923706055,2850900.0
2026-06-22,7.300000190734863,7.429999828338623,7.300000190734863,7.360000133514404,2016000.0
2026-06-23,7.21999979019165,7.360000133514404,7.210000038146973,7.320000171661377,738700.0
2026-06-24,7.28000020980835,7.360000133514404,7.269999980926514,7.289999961853027,905000.0
2026-06-25,7.25,7.28000020980835,7.190000057220459,7.210000038146973,932500.0
2026-06-26,7.099999904632568,7.230000019073486,7.090000152587891,7.199999809265137,2071400.0
2026-06-29,7.25,7.320000171661377,7.21999979019165,7.260000228881836,1059900.0
2026-06-30,7.260000228881836,7.309999942779541,7.150000095367432,7.260000228881836,1709600.0
2026-07-01,7.25,7.489999771118164,7.25,7.440000057220459,1515200.0
2026-07-02,7.449999809265137,7.46999979019165,7.300000190734863,7.360000133514404,1153000.0
2026-07-06,7.489999771118164,7.579999923706055,7.449999809265137,7.570000171661377,835300.0
2026-07-07,7.590000152587891,7.639999866485596,7.46999979019165,7.46999979019165,710600.0
2026-07-08,7.630000114440918,7.679999828338623,7.570000171661377,7.659999847412109,815800.0
2026-07-09,7.630000114440918,7.760000228881836,7.610000133514404,7.71999979019165,731800.0
2026-07-10,7.769999980926514,7.800000190734863,7.679999828338623,7.71999979019165,484200.0
2026-07-13,7.769999980926514,7.800000190734863,7.630000114440918,7.670000076293945,483800.0
2026-07-14,7.699999809265137,7.730000019073486,7.650000095367432,7.659999847412109,546500.0
2026-07-15,7.75,7.889999866485596,7.699999809265137,7.739999771118164,1187000.0
2026-07-16,7.789999961853027,7.909999847412109,7.710000038146973,7.849999904632568,1118900.0
2026-07-17,7.670000076293945,7.769999980926514,7.670000076293945,7.75,736800.0
2026-07-20,7.900000095367432,8.039999961853027,7.840000152587891,8.0,1016600.0
2026-07-21,7.989999771118164,8.0600004196167,7.960000038146973,8.0,982100.0
2026-07-22,7.960000038146973,7.96999979019165,7.840000152587891,7.849999904632568,596700.0
2026-07-23,7.849999904632568,7.909999847412109,7.730000019073486,7.800000190734863,560000.0
2026-07-24,7.809999942779541,7.849999904632568,7.730000019073486,7.730000019073486,569600.0
2026-07-27,7.849999904632568,7.929999828338623,7.800000190734863,7.809999942779541,667500.0
2026-07-28,7.820000171661377,7.980000019073486,7.809999942779541,7.949999809265137,601400.0
2026-07-29,7.869999885559082,8.15999984741211,7.829999923706055,8.010000228881836,1228100.0
2026-07-30,8.0600004196167,8.119999885559082,7.989999771118164,8.119999885559082,854500.0
2026-07-31,8.0600004196167,8.149999618530273,8.010000228881836,8.149999618530273,515200.0
2026-08-03,8.149999618530273,8.289999961853027,8.130000114440918,8.170000076293945,772400.0
2026-08-04,8.079999923706055,8.15999984741211,8.020000457763672,8.079999923706055,744000.0
2026-08-05,8.0,8.029999732971191,7.909999847412109,7.949999809265137,873800.0
2026-08-06,7.929999828338623,7.929999828338623,7.860000133514404,7.880000114440918,680600.0
2026-08-07,7.949999809265137,7.96999979019165,7.840000152587891,7.940000057220459,471500.0
2026-08-10,7.929999828338623,8.010000228881836,7.869999885559082,7.980000019073486,540800.0
2026-08-12,7.789999961853027,7.860000133514404,7.699999809265137,7.760000228881836,742300.0
2026-08-13,7.730000019073486,7.769999980926514,7.599999904632568,7.639999866485596,1078100.0
2026-08-14,7.659999847412109,7.690000057220459,7.610000133514404,7.670000076293945,506300.0
